o Mesh
usemtl material_5
v -0.1111292615532875 0.017791343852877617 -0.056927844882011414
v -0.1110137403011322 0.03472816199064255 -0.049363330006599426
v -0.11112099885940552 0.02000672183930874 -0.042462676763534546
v 0.11112099885940552 0.02000672183930874 -0.042462676763534546
v 0.1110137403011322 0.03472816199064255 -0.049363330006599426
v 0.1111292615532875 0.017791343852877617 -0.056927844882011414
v -0.10834316164255142 0.040111515671014786 -0.024358542636036873
v -0.10783258080482483 0.041813191026449203 -0.03929060697555542
v -0.11104609817266464 0.047622933983802795 -0.03803063556551933
v 0.11104609817266464 0.047622933983802795 -0.03803063556551933
v 0.10783258080482483 0.041813191026449203 -0.03929060697555542
v 0.10834316164255142 0.040111515671014786 -0.024358542636036873
v -0.04240531474351883 0.073253333568573 -0.10046523809432983
v -0.05850259214639664 0.07036531716585159 -0.09654415398836136
v -0.04071195051074028 0.06956276297569275 -0.10679134726524353
v 0.04071195051074028 0.06956276297569275 -0.10679134726524353
v 0.05850259214639664 0.07036531716585159 -0.09654415398836136
v 0.04240531474351883 0.073253333568573 -0.10046523809432983
v -0.10461461544036865 0.05475323647260666 -0.050996098667383194
v -0.1110137403011322 0.03472816199064255 -0.049363330006599426
v -0.10608498752117157 0.0428023636341095 -0.0564635768532753
v 0.10608498752117157 0.0428023636341095 -0.0564635768532753
v 0.1110137403011322 0.03472816199064255 -0.049363330006599426
v 0.10461461544036865 0.05475323647260666 -0.050996098667383194
v -0.11103638261556625 0.047561727464199066 -0.03802265226840973
v -0.1110137403011322 0.03472816199064255 -0.049363330006599426
v -0.10461461544036865 0.05475323647260666 -0.050996098667383194
v 0.10461461544036865 0.05475323647260666 -0.050996098667383194
v 0.1110137403011322 0.03472816199064255 -0.049363330006599426
v 0.11103638261556625 0.047561727464199066 -0.03802265226840973
v -0.11103638261556625 0.047561727464199066 -0.03802265226840973
v -0.11112099885940552 0.02000672183930874 -0.042462676763534546
v -0.1110137403011322 0.03472816199064255 -0.049363330006599426
v 0.1110137403011322 0.03472816199064255 -0.049363330006599426
v 0.11112099885940552 0.02000672183930874 -0.042462676763534546
v 0.11103638261556625 0.047561727464199066 -0.03802265226840973
v 0.11102699488401413 0.01871878281235695 -0.032759156078100204
v 0.11112099885940552 0.02000672183930874 -0.042462676763534546
v 0.1111292615532875 0.017791343852877617 -0.056927844882011414
v 0.11102699488401413 0.01871878281235695 -0.032759156078100204
v 0.1111292615532875 0.017791343852877617 -0.056927844882011414
v 0.11111000180244446 -0.0007521050283685327 -0.02905915677547455
v -0.1111292615532875 0.017791343852877617 -0.056927844882011414
v -0.11112099885940552 0.02000672183930874 -0.042462676763534546
v -0.11102699488401413 0.01871878281235695 -0.032759156078100204
v -0.1111292615532875 0.017791343852877617 -0.056927844882011414
v -0.11102699488401413 0.01871878281235695 -0.032759156078100204
v -0.11111000180244446 -0.0007521050283685327 -0.02905915677547455
v 0.09363853931427002 0.053444281220436096 -0.07153687626123428
v 0.10608498752117157 0.0428023636341095 -0.0564635768532753
v 0.10461461544036865 0.05475323647260666 -0.050996098667383194
v 0.09363853931427002 0.053444281220436096 -0.07153687626123428
v 0.10461461544036865 0.05475323647260666 -0.050996098667383194
v 0.09092896431684494 0.0641290545463562 -0.06790392845869064
v -0.10461461544036865 0.05475323647260666 -0.050996098667383194
v -0.10608498752117157 0.0428023636341095 -0.0564635768532753
v -0.09363853931427002 0.053444281220436096 -0.07153687626123428
v -0.10461461544036865 0.05475323647260666 -0.050996098667383194
v -0.09363853931427002 0.053444281220436096 -0.07153687626123428
v -0.09092896431684494 0.0641290545463562 -0.06790392845869064
v 0.07713226228952408 0.061320263892412186 -0.08669896423816681
v 0.09363853931427002 0.053444281220436096 -0.07153687626123428
v 0.09092896431684494 0.0641290545463562 -0.06790392845869064
v 0.07713226228952408 0.061320263892412186 -0.08669896423816681
v 0.09092896431684494 0.0641290545463562 -0.06790392845869064
v 0.07287053763866425 0.07250823080539703 -0.08307847380638123
v -0.09092896431684494 0.0641290545463562 -0.06790392845869064
v -0.09363853931427002 0.053444281220436096 -0.07153687626123428
v -0.07713226228952408 0.061320263892412186 -0.08669896423816681
v -0.09092896431684494 0.0641290545463562 -0.06790392845869064
v -0.07713226228952408 0.061320263892412186 -0.08669896423816681
v -0.07287053763866425 0.07250823080539703 -0.08307847380638123
v 0.058479662984609604 0.07039891183376312 -0.0965249091386795
v 0.07713226228952408 0.061320263892412186 -0.08669896423816681
v 0.07287053763866425 0.07250823080539703 -0.08307847380638123
v 0.058479662984609604 0.07039891183376312 -0.0965249091386795
v 0.07287053763866425 0.07250823080539703 -0.08307847380638123
v 0.05548880249261856 0.07797176390886307 -0.09285332262516022
v -0.07287053763866425 0.07250823080539703 -0.08307847380638123
v -0.07713226228952408 0.061320263892412186 -0.08669896423816681
v -0.058479662984609604 0.07039891183376312 -0.0965249091386795
v -0.07287053763866425 0.07250823080539703 -0.08307847380638123
v -0.058479662984609604 0.07039891183376312 -0.0965249091386795
v -0.05548880249261856 0.07797176390886307 -0.09285332262516022
v 0.04239886254072189 0.07329273968935013 -0.10043086111545563
v 0.058479662984609604 0.07039891183376312 -0.0965249091386795
v 0.05548880249261856 0.07797176390886307 -0.09285332262516022
v 0.04239886254072189 0.07329273968935013 -0.10043086111545563
v 0.05548880249261856 0.07797176390886307 -0.09285332262516022
v 0.042255885899066925 0.08040570467710495 -0.09722094237804413
v -0.05548880249261856 0.07797176390886307 -0.09285332262516022
v -0.058479662984609604 0.07039891183376312 -0.0965249091386795
v -0.04239886254072189 0.07329273968935013 -0.10043086111545563
v -0.05548880249261856 0.07797176390886307 -0.09285332262516022
v -0.04239886254072189 0.07329273968935013 -0.10043086111545563
v -0.042255885899066925 0.08040570467710495 -0.09722094237804413
v 0.02021302469074726 0.0740317702293396 -0.10140526294708252
v 0.04239886254072189 0.07329273968935013 -0.10043086111545563
v 0.042255885899066925 0.08040570467710495 -0.09722094237804413
v 0.02021302469074726 0.0740317702293396 -0.10140526294708252
v 0.042255885899066925 0.08040570467710495 -0.09722094237804413
v 0.013687738217413425 0.0805119201540947 -0.09744085371494293
v -0.042255885899066925 0.08040570467710495 -0.09722094237804413
v -0.04239886254072189 0.07329273968935013 -0.10043086111545563
v -0.02021302469074726 0.0740317702293396 -0.10140526294708252
v -0.042255885899066925 0.08040570467710495 -0.09722094237804413
v -0.02021302469074726 0.0740317702293396 -0.10140526294708252
v -0.013687738217413425 0.0805119201540947 -0.09744085371494293
v 0 0.073769211769104 -0.10409657657146454
v 0.02021302469074726 0.0740317702293396 -0.10140526294708252
v 0.013687738217413425 0.0805119201540947 -0.09744085371494293
v 0 0.073769211769104 -0.10409657657146454
v 0.013687738217413425 0.0805119201540947 -0.09744085371494293
v 0 0.08013173192739487 -0.09682215750217438
v -0.013687738217413425 0.0805119201540947 -0.09744085371494293
v -0.02021302469074726 0.0740317702293396 -0.10140526294708252
v 0 0.073769211769104 -0.10409657657146454
v -0.013687738217413425 0.0805119201540947 -0.09744085371494293
v 0 0.073769211769104 -0.10409657657146454
v 0 0.08013173192739487 -0.09682215750217438
v 0.04071195051074028 0.06956276297569275 -0.10679134726524353
v 0.04240531474351883 0.073253333568573 -0.10046523809432983
v 0.020209887996315956 0.07398671656847 -0.10146522521972656
v 0.04071195051074028 0.06956276297569275 -0.10679134726524353
v 0.020209887996315956 0.07398671656847 -0.10146522521972656
v 0.019742794334888458 0.07263906300067902 -0.1108703762292862
v -0.020209887996315956 0.07398671656847 -0.10146522521972656
v -0.04240531474351883 0.073253333568573 -0.10046523809432983
v -0.04071195051074028 0.06956276297569275 -0.10679134726524353
v -0.020209887996315956 0.07398671656847 -0.10146522521972656
v -0.04071195051074028 0.06956276297569275 -0.10679134726524353
v -0.019742794334888458 0.07263906300067902 -0.1108703762292862
v 0.019742794334888458 0.07263906300067902 -0.1108703762292862
v 0.020209887996315956 0.07398671656847 -0.10146522521972656
v 0 0.07373664528131485 -0.1041596382856369
v 0.019742794334888458 0.07263906300067902 -0.1108703762292862
v 0 0.07373664528131485 -0.1041596382856369
v 0 0.07302333414554596 -0.11283881217241287
v 0 0.07373664528131485 -0.1041596382856369
v -0.020209887996315956 0.07398671656847 -0.10146522521972656
v -0.019742794334888458 0.07263906300067902 -0.1108703762292862
v 0 0.07373664528131485 -0.1041596382856369
v -0.019742794334888458 0.07263906300067902 -0.1108703762292862
v 0 0.07302333414554596 -0.11283881217241287
v 0.10793871432542801 0.019956430420279503 -0.042361896485090256
v 0.10793477296829224 0.041817791759967804 -0.0393928624689579
v 0.11122377216815948 0.020021790638566017 -0.042561862617731094
v 0.10793477296829224 0.041817791759967804 -0.0393928624689579
v 0.11114402115345001 0.04759179428219795 -0.03813723474740982
v 0.11122377216815948 0.020021790638566017 -0.042561862617731094
v -0.11114402115345001 0.04759179428219795 -0.03813723474740982
v -0.10793477296829224 0.041817791759967804 -0.0393928624689579
v -0.11122377216815948 0.020021790638566017 -0.042561862617731094
v -0.10793477296829224 0.041817791759967804 -0.0393928624689579
v -0.10793871432542801 0.019956430420279503 -0.042361896485090256
v -0.11122377216815948 0.020021790638566017 -0.042561862617731094
v 0.10790202021598816 0.028247861191630363 -0.03165730461478233
v 0.10794804990291595 0.02746501751244068 -0.025468874722719193
v 0.10834316164255142 0.040111515671014786 -0.024358542636036873
v 0.10790202021598816 0.028247861191630363 -0.03165730461478233
v 0.10834316164255142 0.040111515671014786 -0.024358542636036873
v 0.10783258080482483 0.041813191026449203 -0.03929060697555542
v -0.10834316164255142 0.040111515671014786 -0.024358542636036873
v -0.10794804990291595 0.02746501751244068 -0.025468874722719193
v -0.10790202021598816 0.028247861191630363 -0.03165730461478233
v -0.10834316164255142 0.040111515671014786 -0.024358542636036873
v -0.10790202021598816 0.028247861191630363 -0.03165730461478233
v -0.10783258080482483 0.041813191026449203 -0.03929060697555542
v 0.1078450083732605 0.01994287222623825 -0.04226236417889595
v 0.10790199786424637 0.01882791519165039 -0.03298739716410637
v 0.10790202021598816 0.028247861191630363 -0.03165730461478233
v 0.1078450083732605 0.01994287222623825 -0.04226236417889595
v 0.10790202021598816 0.028247861191630363 -0.03165730461478233
v 0.10783258080482483 0.041813191026449203 -0.03929060697555542
v -0.10790202021598816 0.028247861191630363 -0.03165730461478233
v -0.10790199786424637 0.01882791519165039 -0.03298739716410637
v -0.1078450083732605 0.01994287222623825 -0.04226236417889595
v -0.10790202021598816 0.028247861191630363 -0.03165730461478233
v -0.1078450083732605 0.01994287222623825 -0.04226236417889595
v -0.10783258080482483 0.041813191026449203 -0.03929060697555542
v 0.10800135880708694 0.018728796392679214 -0.03300056606531143
v 0.10794620960950851 0.019843723624944687 -0.042274948209524155
v 0.1112203598022461 0.019907794892787933 -0.042475566267967224
v 0.10800135880708694 0.018728796392679214 -0.03300056606531143
v 0.1112203598022461 0.019907794892787933 -0.042475566267967224
v 0.11112450808286667 0.018619904294610023 -0.03277217969298363
v -0.1112203598022461 0.019907794892787933 -0.042475566267967224
v -0.10794620960950851 0.019843723624944687 -0.042274948209524155
v -0.10800135880708694 0.018728796392679214 -0.03300056606531143
v -0.1112203598022461 0.019907794892787933 -0.042475566267967224
v -0.10800135880708694 0.018728796392679214 -0.03300056606531143
v -0.11112450808286667 0.018619904294610023 -0.03277217969298363
v 0.10800254344940186 0.02823302522301674 -0.031559981405735016
v 0.10799843817949295 0.018815383315086365 -0.03288886323571205
v 0.11112844198942184 0.028169382363557816 -0.03158586099743843
v 0.10799843817949295 0.018815383315086365 -0.03288886323571205
v 0.111119344830513 0.0187077596783638 -0.03265992924571037
v 0.11112844198942184 0.028169382363557816 -0.03158586099743843
v -0.111119344830513 0.0187077596783638 -0.03265992924571037
v -0.10799843817949295 0.018815383315086365 -0.03288886323571205
v -0.11112844198942184 0.028169382363557816 -0.03158586099743843
v -0.10799843817949295 0.018815383315086365 -0.03288886323571205
v -0.10800254344940186 0.02823302522301674 -0.031559981405735016
v -0.11112844198942184 0.028169382363557816 -0.03158586099743843
v 0.11113131046295166 0.02808270789682865 -0.031696856021881104
v 0.1111367717385292 0.027386624366044998 -0.025480136275291443
v 0.10804730653762817 0.027362708002328873 -0.025481857359409332
v 0.11113131046295166 0.02808270789682865 -0.031696856021881104
v 0.10804730653762817 0.027362708002328873 -0.025481857359409332
v 0.10799984633922577 0.02814781665802002 -0.031671565026044846
v -0.10804730653762817 0.027362708002328873 -0.025481857359409332
v -0.1111367717385292 0.027386624366044998 -0.025480136275291443
v -0.11113131046295166 0.02808270789682865 -0.031696856021881104
v -0.10804730653762817 0.027362708002328873 -0.025481857359409332
v -0.11113131046295166 0.02808270789682865 -0.031696856021881104
v -0.10799984633922577 0.02814781665802002 -0.031671565026044846
v 0.11102699488401413 0.01871878281235695 -0.032759156078100204
v 0.11111000180244446 -0.0007521050283685327 -0.02905915677547455
v 0.11103599518537521 0.027485767379403114 -0.025468595325946808
v 0.11102699488401413 0.01871878281235695 -0.032759156078100204
v 0.11103599518537521 0.027485767379403114 -0.025468595325946808
v 0.11103200167417526 0.028182044625282288 -0.03168492764234543
v -0.11103599518537521 0.027485767379403114 -0.025468595325946808
v -0.11111000180244446 -0.0007521050283685327 -0.02905915677547455
v -0.11102699488401413 0.01871878281235695 -0.032759156078100204
v -0.11103599518537521 0.027485767379403114 -0.025468595325946808
v -0.11102699488401413 0.01871878281235695 -0.032759156078100204
v -0.11103200167417526 0.028182044625282288 -0.03168492764234543
v 0.10608498752117157 0.0428023636341095 -0.0564635768532753
v 0.10597341507673264 0.028765611350536346 -0.06390329450368881
v 0.1110137403011322 0.03472816199064255 -0.049363330006599426
v 0.10597341507673264 0.028765611350536346 -0.06390329450368881
v 0.1111292615532875 0.017791343852877617 -0.056927844882011414
v 0.1110137403011322 0.03472816199064255 -0.049363330006599426
v -0.1111292615532875 0.017791343852877617 -0.056927844882011414
v -0.10597341507673264 0.028765611350536346 -0.06390329450368881
v -0.1110137403011322 0.03472816199064255 -0.049363330006599426
v -0.10597341507673264 0.028765611350536346 -0.06390329450368881
v -0.10608498752117157 0.0428023636341095 -0.0564635768532753
v -0.1110137403011322 0.03472816199064255 -0.049363330006599426
v 0.09363853931427002 0.053444281220436096 -0.07153687626123428
v 0.0949670821428299 0.03908662870526314 -0.07721284031867981
v 0.10608498752117157 0.0428023636341095 -0.0564635768532753
v 0.0949670821428299 0.03908662870526314 -0.07721284031867981
v 0.10597341507673264 0.028765611350536346 -0.06390329450368881
v 0.10608498752117157 0.0428023636341095 -0.0564635768532753
v -0.10597341507673264 0.028765611350536346 -0.06390329450368881
v -0.0949670821428299 0.03908662870526314 -0.07721284031867981
v -0.10608498752117157 0.0428023636341095 -0.0564635768532753
v -0.0949670821428299 0.03908662870526314 -0.07721284031867981
v -0.09363853931427002 0.053444281220436096 -0.07153687626123428
v -0.10608498752117157 0.0428023636341095 -0.0564635768532753
v 0.07713226228952408 0.061320263892412186 -0.08669896423816681
v 0.07894989103078842 0.04822215065360069 -0.09185416251420975
v 0.09363853931427002 0.053444281220436096 -0.07153687626123428
v 0.07894989103078842 0.04822215065360069 -0.09185416251420975
v 0.0949670821428299 0.03908662870526314 -0.07721284031867981
v 0.09363853931427002 0.053444281220436096 -0.07153687626123428
v -0.0949670821428299 0.03908662870526314 -0.07721284031867981
v -0.07894989103078842 0.04822215065360069 -0.09185416251420975
v -0.09363853931427002 0.053444281220436096 -0.07153687626123428
v -0.07894989103078842 0.04822215065360069 -0.09185416251420975
v -0.07713226228952408 0.061320263892412186 -0.08669896423816681
v -0.09363853931427002 0.053444281220436096 -0.07153687626123428
v 0.058479662984609604 0.07039891183376312 -0.0965249091386795
v 0.059164464473724365 0.05732341110706329 -0.10369398444890976
v 0.07713226228952408 0.061320263892412186 -0.08669896423816681
v 0.059164464473724365 0.05732341110706329 -0.10369398444890976
v 0.07894989103078842 0.04822215065360069 -0.09185416251420975
v 0.07713226228952408 0.061320263892412186 -0.08669896423816681
v -0.07894989103078842 0.04822215065360069 -0.09185416251420975
v -0.059164464473724365 0.05732341110706329 -0.10369398444890976
v -0.07713226228952408 0.061320263892412186 -0.08669896423816681
v -0.059164464473724365 0.05732341110706329 -0.10369398444890976
v -0.058479662984609604 0.07039891183376312 -0.0965249091386795
v -0.07713226228952408 0.061320263892412186 -0.08669896423816681
v 0.04068956896662712 0.06960558891296387 -0.10675039142370224
v 0.03952181711792946 0.06357696652412415 -0.11118397861719131
v 0.059164464473724365 0.05732341110706329 -0.10369398444890976
v 0.04068956896662712 0.06960558891296387 -0.10675039142370224
v 0.059164464473724365 0.05732341110706329 -0.10369398444890976
v 0.058479662984609604 0.07039891183376312 -0.0965249091386795
v -0.059164464473724365 0.05732341110706329 -0.10369398444890976
v -0.03952181711792946 0.06357696652412415 -0.11118397861719131
v -0.04068956896662712 0.06960558891296387 -0.10675039142370224
v -0.059164464473724365 0.05732341110706329 -0.10369398444890976
v -0.04068956896662712 0.06960558891296387 -0.10675039142370224
v -0.058479662984609604 0.07039891183376312 -0.0965249091386795
v 0.019729694351553917 0.07267002016305923 -0.11081252247095108
v 0.02019055001437664 0.06871679425239563 -0.11495570838451385
v 0.03952181711792946 0.06357696652412415 -0.11118397861719131
v 0.019729694351553917 0.07267002016305923 -0.11081252247095108
v 0.03952181711792946 0.06357696652412415 -0.11118397861719131
v 0.04068956896662712 0.06960558891296387 -0.10675039142370224
v -0.03952181711792946 0.06357696652412415 -0.11118397861719131
v -0.02019055001437664 0.06871679425239563 -0.11495570838451385
v -0.019729694351553917 0.07267002016305923 -0.11081252247095108
v -0.03952181711792946 0.06357696652412415 -0.11118397861719131
v -0.019729694351553917 0.07267002016305923 -0.11081252247095108
v -0.04068956896662712 0.06960558891296387 -0.10675039142370224
v 0 0.07303944230079651 -0.11279205977916718
v 0 0.07133902609348297 -0.11538798362016678
v 0.019729694351553917 0.07267002016305923 -0.11081252247095108
v 0 0.07133902609348297 -0.11538798362016678
v 0.02019055001437664 0.06871679425239563 -0.11495570838451385
v 0.019729694351553917 0.07267002016305923 -0.11081252247095108
v -0.02019055001437664 0.06871679425239563 -0.11495570838451385
v 0 0.07133902609348297 -0.11538798362016678
v -0.019729694351553917 0.07267002016305923 -0.11081252247095108
v 0 0.07133902609348297 -0.11538798362016678
v 0 0.07303944230079651 -0.11279205977916718
v -0.019729694351553917 0.07267002016305923 -0.11081252247095108
v 0 0.07133902609348297 -0.11538798362016678
v 0 0.05920470878481865 -0.12195134162902832
v 0.02019055001437664 0.06871679425239563 -0.11495570838451385
v 0 0.05920470878481865 -0.12195134162902832
v 0.021437475457787514 0.053129807114601135 -0.12194351106882095
v 0.02019055001437664 0.06871679425239563 -0.11495570838451385
v -0.021437475457787514 0.053129807114601135 -0.12194351106882095
v 0 0.05920470878481865 -0.12195134162902832
v -0.02019055001437664 0.06871679425239563 -0.11495570838451385
v 0 0.05920470878481865 -0.12195134162902832
v 0 0.07133902609348297 -0.11538798362016678
v -0.02019055001437664 0.06871679425239563 -0.11495570838451385
v 0.02019055001437664 0.06871679425239563 -0.11495570838451385
v 0.021437475457787514 0.053129807114601135 -0.12194351106882095
v 0.03952181711792946 0.06357696652412415 -0.11118397861719131
v 0.021437475457787514 0.053129807114601135 -0.12194351106882095
v 0.042408641427755356 0.04559071734547615 -0.11798801273107529
v 0.03952181711792946 0.06357696652412415 -0.11118397861719131
v -0.042408641427755356 0.04559071734547615 -0.11798801273107529
v -0.021437475457787514 0.053129807114601135 -0.12194351106882095
v -0.03952181711792946 0.06357696652412415 -0.11118397861719131
v -0.021437475457787514 0.053129807114601135 -0.12194351106882095
v -0.02019055001437664 0.06871679425239563 -0.11495570838451385
v -0.03952181711792946 0.06357696652412415 -0.11118397861719131
v 0.03952181711792946 0.06357696652412415 -0.11118397861719131
v 0.042408641427755356 0.04559071734547615 -0.11798801273107529
v 0.059164464473724365 0.05732341110706329 -0.10369398444890976
v 0.042408641427755356 0.04559071734547615 -0.11798801273107529
v 0.06042039766907692 0.0373741015791893 -0.11096417903900146
v 0.059164464473724365 0.05732341110706329 -0.10369398444890976
v -0.06042039766907692 0.0373741015791893 -0.11096417903900146
v -0.042408641427755356 0.04559071734547615 -0.11798801273107529
v -0.059164464473724365 0.05732341110706329 -0.10369398444890976
v -0.042408641427755356 0.04559071734547615 -0.11798801273107529
v -0.03952181711792946 0.06357696652412415 -0.11118397861719131
v -0.059164464473724365 0.05732341110706329 -0.10369398444890976
v 0.059164464473724365 0.05732341110706329 -0.10369398444890976
v 0.06042039766907692 0.0373741015791893 -0.11096417903900146
v 0.07894989103078842 0.04822215065360069 -0.09185416251420975
v 0.06042039766907692 0.0373741015791893 -0.11096417903900146
v 0.08055992424488068 0.025377502664923668 -0.09872163832187653
v 0.07894989103078842 0.04822215065360069 -0.09185416251420975
v -0.08055992424488068 0.025377502664923668 -0.09872163832187653
v -0.06042039766907692 0.0373741015791893 -0.11096417903900146
v -0.07894989103078842 0.04822215065360069 -0.09185416251420975
v -0.06042039766907692 0.0373741015791893 -0.11096417903900146
v -0.059164464473724365 0.05732341110706329 -0.10369398444890976
v -0.07894989103078842 0.04822215065360069 -0.09185416251420975
v 0.07894989103078842 0.04822215065360069 -0.09185416251420975
v 0.08055992424488068 0.025377502664923668 -0.09872163832187653
v 0.0949670821428299 0.03908662870526314 -0.07721284031867981
v 0.08055992424488068 0.025377502664923668 -0.09872163832187653
v 0.09652959555387497 0.011777672916650772 -0.08386112004518509
v 0.0949670821428299 0.03908662870526314 -0.07721284031867981
v -0.09652959555387497 0.011777672916650772 -0.08386112004518509
v -0.08055992424488068 0.025377502664923668 -0.09872163832187653
v -0.0949670821428299 0.03908662870526314 -0.07721284031867981
v -0.08055992424488068 0.025377502664923668 -0.09872163832187653
v -0.07894989103078842 0.04822215065360069 -0.09185416251420975
v -0.0949670821428299 0.03908662870526314 -0.07721284031867981
v 0.0949670821428299 0.03908662870526314 -0.07721284031867981
v 0.09652959555387497 0.011777672916650772 -0.08386112004518509
v 0.10597341507673264 0.028765611350536346 -0.06390329450368881
v 0.09652959555387497 0.011777672916650772 -0.08386112004518509
v 0.10626986622810364 0.00020891899475827813 -0.07104644179344177
v 0.10597341507673264 0.028765611350536346 -0.06390329450368881
v -0.10626986622810364 0.00020891899475827813 -0.07104644179344177
v -0.09652959555387497 0.011777672916650772 -0.08386112004518509
v -0.10597341507673264 0.028765611350536346 -0.06390329450368881
v -0.09652959555387497 0.011777672916650772 -0.08386112004518509
v -0.0949670821428299 0.03908662870526314 -0.07721284031867981
v -0.10597341507673264 0.028765611350536346 -0.06390329450368881
v 0.10597341507673264 0.028765611350536346 -0.06390329450368881
v 0.10626986622810364 0.00020891899475827813 -0.07104644179344177
v 0.1111292615532875 0.017791343852877617 -0.056927844882011414
v 0.10626986622810364 0.00020891899475827813 -0.07104644179344177
v 0.11116021126508713 -0.007315309718251228 -0.062034621834754944
v 0.1111292615532875 0.017791343852877617 -0.056927844882011414
v -0.11116021126508713 -0.007315309718251228 -0.062034621834754944
v -0.10626986622810364 0.00020891899475827813 -0.07104644179344177
v -0.1111292615532875 0.017791343852877617 -0.056927844882011414
v -0.10626986622810364 0.00020891899475827813 -0.07104644179344177
v -0.10597341507673264 0.028765611350536346 -0.06390329450368881
v -0.1111292615532875 0.017791343852877617 -0.056927844882011414
v 0.1111292615532875 0.017791343852877617 -0.056927844882011414
v 0.11116021126508713 -0.007315309718251228 -0.062034621834754944
v 0.11111000180244446 -0.0007521050283685327 -0.02905915677547455
v 0.11116021126508713 -0.007315309718251228 -0.062034621834754944
v 0.11107299476861954 -0.02628583274781704 -0.032160185277462006
v 0.11111000180244446 -0.0007521050283685327 -0.02905915677547455
v -0.11107299476861954 -0.02628583274781704 -0.032160185277462006
v -0.11116021126508713 -0.007315309718251228 -0.062034621834754944
v -0.11111000180244446 -0.0007521050283685327 -0.02905915677547455
v -0.11116021126508713 -0.007315309718251228 -0.062034621834754944
v -0.1111292615532875 0.017791343852877617 -0.056927844882011414
v -0.11111000180244446 -0.0007521050283685327 -0.02905915677547455
v 0 0.05919525772333145 -0.12195666879415512
v 0 0.04166797548532486 -0.13312560319900513
v 0.021439768373966217 0.053118977695703506 -0.12194865942001343
v 0 0.04166797548532486 -0.13312560319900513
v 0.02441597357392311 0.03947502374649048 -0.12918570637702942
v 0.021439768373966217 0.053118977695703506 -0.12194865942001343
v -0.02441597357392311 0.03947502374649048 -0.12918570637702942
v 0 0.04166797548532486 -0.13312560319900513
v -0.021439768373966217 0.053118977695703506 -0.12194865942001343
v 0 0.04166797548532486 -0.13312560319900513
v 0 0.05919525772333145 -0.12195666879415512
v -0.021439768373966217 0.053118977695703506 -0.12194865942001343
v 0.021439768373966217 0.053118977695703506 -0.12194865942001343
v 0.02441597357392311 0.03947502374649048 -0.12918570637702942
v 0.04241099953651428 0.04557657241821289 -0.11799446493387222
v 0.02441597357392311 0.03947502374649048 -0.12918570637702942
v 0.044856175780296326 0.03503374382853508 -0.12374140322208405
v 0.04241099953651428 0.04557657241821289 -0.11799446493387222
v -0.044856175780296326 0.03503374382853508 -0.12374140322208405
v -0.02441597357392311 0.03947502374649048 -0.12918570637702942
v -0.04241099953651428 0.04557657241821289 -0.11799446493387222
v -0.02441597357392311 0.03947502374649048 -0.12918570637702942
v -0.021439768373966217 0.053118977695703506 -0.12194865942001343
v -0.04241099953651428 0.04557657241821289 -0.11799446493387222
v 0.04241099953651428 0.04557657241821289 -0.11799446493387222
v 0.044856175780296326 0.03503374382853508 -0.12374140322208405
v 0.06042053923010826 0.037357717752456665 -0.11097266525030136
v 0.044856175780296326 0.03503374382853508 -0.12374140322208405
v 0.06219382584095001 0.02691119723021984 -0.11632047593593597
v 0.06042053923010826 0.037357717752456665 -0.11097266525030136
v -0.06219382584095001 0.02691119723021984 -0.11632047593593597
v -0.044856175780296326 0.03503374382853508 -0.12374140322208405
v -0.06042053923010826 0.037357717752456665 -0.11097266525030136
v -0.044856175780296326 0.03503374382853508 -0.12374140322208405
v -0.04241099953651428 0.04557657241821289 -0.11799446493387222
v -0.06042053923010826 0.037357717752456665 -0.11097266525030136
v 0.06042053923010826 0.037357717752456665 -0.11097266525030136
v 0.06219382584095001 0.02691119723021984 -0.11632047593593597
v 0.08056098967790604 0.02536107785999775 -0.09872862696647644
v 0.06219382584095001 0.02691119723021984 -0.11632047593593597
v 0.08223075419664383 0.01654887944459915 -0.1023639515042305
v 0.08056098967790604 0.02536107785999775 -0.09872862696647644
v -0.08223075419664383 0.01654887944459915 -0.1023639515042305
v -0.06219382584095001 0.02691119723021984 -0.11632047593593597
v -0.08056098967790604 0.02536107785999775 -0.09872862696647644
v -0.06219382584095001 0.02691119723021984 -0.11632047593593597
v -0.06042053923010826 0.037357717752456665 -0.11097266525030136
v -0.08056098967790604 0.02536107785999775 -0.09872862696647644
v 0.08056098967790604 0.02536107785999775 -0.09872862696647644
v 0.08223075419664383 0.01654887944459915 -0.1023639515042305
v 0.09652900695800781 0.01176394522190094 -0.08386825025081635
v 0.08223075419664383 0.01654887944459915 -0.1023639515042305
v 0.09770774841308594 0.0033969953656196594 -0.08667128533124924
v 0.09652900695800781 0.01176394522190094 -0.08386825025081635
v -0.09770774841308594 0.003396995598450303 -0.08667128533124924
v -0.08223075419664383 0.01654887944459915 -0.1023639515042305
v -0.09652900695800781 0.01176394522190094 -0.08386825025081635
v -0.08223075419664383 0.01654887944459915 -0.1023639515042305
v -0.08056098967790604 0.02536107785999775 -0.09872862696647644
v -0.09652900695800781 0.01176394522190094 -0.08386825025081635
v 0.10626857727766037 0.00019990588771179318 -0.07105232775211334
v 0.09652900695800781 0.01176394522190094 -0.08386825025081635
v 0.09770774841308594 0.0033969953656196594 -0.08667128533124924
v 0.10626857727766037 0.00019990588771179318 -0.07105232775211334
v 0.09770774841308594 0.0033969953656196594 -0.08667128533124924
v 0.10769607126712799 -0.007971265353262424 -0.07139682024717331
v -0.09770774841308594 0.003396995598450303 -0.08667128533124924
v -0.09652900695800781 0.01176394522190094 -0.08386825025081635
v -0.10626857727766037 0.00019990588771179318 -0.07105232775211334
v -0.09770774841308594 0.003396995598450303 -0.08667128533124924
v -0.10626857727766037 0.00019990588771179318 -0.07105232775211334
v -0.10769607126712799 -0.007971265353262424 -0.07139682024717331
v 0.10626857727766037 0.00019990588771179318 -0.07105232775211334
v 0.10769607126712799 -0.007971265353262424 -0.07139682024717331
v 0.1111612617969513 -0.0073179323226213455 -0.062025655061006546
v 0.10769607126712799 -0.007971265353262424 -0.07139682024717331
v 0.11084912717342377 -0.01241751667112112 -0.06528406590223312
v 0.1111612617969513 -0.0073179323226213455 -0.062025655061006546
v -0.11084912717342377 -0.01241751667112112 -0.06528406590223312
v -0.10769607126712799 -0.007971265353262424 -0.07139682024717331
v -0.1111612617969513 -0.0073179323226213455 -0.062025655061006546
v -0.10769607126712799 -0.007971265353262424 -0.07139682024717331
v -0.10626857727766037 0.00019990588771179318 -0.07105232775211334
v -0.1111612617969513 -0.0073179323226213455 -0.062025655061006546
v 0.1111612617969513 -0.0073179323226213455 -0.062025655061006546
v 0.11084912717342377 -0.01241751667112112 -0.06528406590223312
v 0.11107301712036133 -0.026284566149115562 -0.03215872123837471
v 0.11084912717342377 -0.01241751667112112 -0.06528406590223312
v 0.11117701232433319 -0.032091785222291946 -0.03287607058882713
v 0.11107301712036133 -0.026284566149115562 -0.03215872123837471
v -0.11117701232433319 -0.032091785222291946 -0.03287607058882713
v -0.11084912717342377 -0.01241751667112112 -0.06528406590223312
v -0.11107301712036133 -0.026284566149115562 -0.03215872123837471
v -0.11084912717342377 -0.01241751667112112 -0.06528406590223312
v -0.1111612617969513 -0.0073179323226213455 -0.062025655061006546
v -0.11107301712036133 -0.026284566149115562 -0.03215872123837471
v 0 0.04171277582645416 -0.13311126828193665
v 0 0.013450056314468384 -0.1347941756248474
v 0.024495279416441917 0.019703034311532974 -0.13095740973949432
v 0 0.04171277582645416 -0.13311126828193665
v 0.024495279416441917 0.019703034311532974 -0.13095740973949432
v 0.02442134916782379 0.0395161509513855 -0.12917077541351318
v -0.024495279416441917 0.019703034311532974 -0.13095740973949432
v 0 0.013450056314468384 -0.1347941756248474
v 0 0.04171277582645416 -0.13311126828193665
v -0.024495279416441917 0.019703034311532974 -0.13095740973949432
v 0 0.04171277582645416 -0.13311126828193665
v -0.02442134916782379 0.0395161509513855 -0.12917077541351318
v 0.02442134916782379 0.0395161509513855 -0.12917077541351318
v 0.024495279416441917 0.019703034311532974 -0.13095740973949432
v 0.04486847668886185 0.03507694974541664 -0.12372162938117981
v 0.024495279416441917 0.019703034311532974 -0.13095740973949432
v 0.045288484543561935 0.01720268465578556 -0.12441836297512054
v 0.04486847668886185 0.03507694974541664 -0.12372162938117981
v -0.045288484543561935 0.01720268465578556 -0.12441836297512054
v -0.024495279416441917 0.019703034311532974 -0.13095740973949432
v -0.04486847668886185 0.03507694974541664 -0.12372162938117981
v -0.024495279416441917 0.019703034311532974 -0.13095740973949432
v -0.02442134916782379 0.0395161509513855 -0.12917077541351318
v -0.04486847668886185 0.03507694974541664 -0.12372162938117981
v 0.04486847668886185 0.03507694974541664 -0.12372162938117981
v 0.045288484543561935 0.01720268465578556 -0.12441836297512054
v 0.06220720708370209 0.026953065767884254 -0.11629916727542877
v 0.045288484543561935 0.01720268465578556 -0.12441836297512054
v 0.060735758394002914 0.012462697923183441 -0.11700937151908875
v 0.06220720708370209 0.026953065767884254 -0.11629916727542877
v -0.060735758394002914 0.012462697923183441 -0.11700937151908875
v -0.045288484543561935 0.01720268465578556 -0.12441836297512054
v -0.06220720708370209 0.026953065767884254 -0.11629916727542877
v -0.045288484543561935 0.01720268465578556 -0.12441836297512054
v -0.04486847668886185 0.03507694974541664 -0.12372162938117981
v -0.06220720708370209 0.026953065767884254 -0.11629916727542877
v 0.06220720708370209 0.026953065767884254 -0.11629916727542877
v 0.060735758394002914 0.012462697923183441 -0.11700937151908875
v 0.08224432915449142 0.016586551442742348 -0.10234154760837555
v 0.060735758394002914 0.012462697923183441 -0.11700937151908875
v 0.08187620341777802 0.0031952792778611183 -0.10211502015590668
v 0.08224432915449142 0.016586551442742348 -0.10234154760837555
v -0.08187620341777802 0.0031952792778611183 -0.10211502015590668
v -0.060735758394002914 0.012462697923183441 -0.11700937151908875
v -0.08224432915449142 0.016586551442742348 -0.10234154760837555
v -0.060735758394002914 0.012462697923183441 -0.11700937151908875
v -0.06220720708370209 0.026953065767884254 -0.11629916727542877
v -0.08224432915449142 0.016586551442742348 -0.10234154760837555
v 0.08224432915449142 0.016586551442742348 -0.10234154760837555
v 0.08187620341777802 0.0031952792778611183 -0.10211502015590668
v 0.0977196916937828 0.003430336946621537 -0.08665043115615845
v 0.08187620341777802 0.0031952792778611183 -0.10211502015590668
v 0.09628890454769135 -0.006977464538067579 -0.08637436479330063
v 0.0977196916937828 0.003430336946621537 -0.08665043115615845
v -0.09628890454769135 -0.006977464538067579 -0.08637436479330063
v -0.08187620341777802 0.0031952792778611183 -0.10211502015590668
v -0.0977196916937828 0.003430336946621537 -0.08665043115615845
v -0.08187620341777802 0.0031952792778611183 -0.10211502015590668
v -0.08224432915449142 0.016586551442742348 -0.10234154760837555
v -0.0977196916937828 0.003430336946621537 -0.08665043115615845
v 0.0977196916937828 0.003430336946621537 -0.08665043115615845
v 0.09628890454769135 -0.006977464538067579 -0.08637436479330063
v 0.10770714282989502 -0.007939120754599571 -0.07137733697891235
v 0.09628890454769135 -0.006977464538067579 -0.08637436479330063
v 0.1075567677617073 -0.017600813880562782 -0.06880383938550949
v 0.10770714282989502 -0.007939120754599571 -0.07137733697891235
v -0.1075567677617073 -0.017600813880562782 -0.06880383938550949
v -0.09628890454769135 -0.006977464538067579 -0.08637436479330063
v -0.10770714282989502 -0.007939120754599571 -0.07137733697891235
v -0.09628890454769135 -0.006977464538067579 -0.08637436479330063
v -0.0977196916937828 0.003430336946621537 -0.08665043115615845
v -0.10770714282989502 -0.007939120754599571 -0.07137733697891235
v 0.10770714282989502 -0.007939120754599571 -0.07137733697891235
v 0.1075567677617073 -0.017600813880562782 -0.06880383938550949
v 0.11085069924592972 -0.012412022799253464 -0.06527134776115417
v 0.1075567677617073 -0.017600813880562782 -0.06880383938550949
v 0.11096837371587753 -0.02362752892076969 -0.061146799474954605
v 0.11085069924592972 -0.012412022799253464 -0.06527134776115417
v -0.11096837371587753 -0.02362752892076969 -0.061146799474954605
v -0.1075567677617073 -0.017600813880562782 -0.06880383938550949
v -0.11085069924592972 -0.012412022799253464 -0.06527134776115417
v -0.1075567677617073 -0.017600813880562782 -0.06880383938550949
v -0.10770714282989502 -0.007939120754599571 -0.07137733697891235
v -0.11085069924592972 -0.012412022799253464 -0.06527134776115417
v 0.11096837371587753 -0.02362752892076969 -0.061146799474954605
v 0.11112001538276672 -0.037215013056993484 -0.03348696604371071
v 0.1111770048737526 -0.032090235501527786 -0.03287533298134804
v 0.11096837371587753 -0.02362752892076969 -0.061146799474954605
v 0.1111770048737526 -0.032090235501527786 -0.03287533298134804
v 0.11085069924592972 -0.012412022799253464 -0.06527134776115417
v -0.1111770048737526 -0.032090235501527786 -0.03287533298134804
v -0.11112001538276672 -0.037215013056993484 -0.03348696604371071
v -0.11096837371587753 -0.02362752892076969 -0.061146799474954605
v -0.1111770048737526 -0.032090235501527786 -0.03287533298134804
v -0.11096837371587753 -0.02362752892076969 -0.061146799474954605
v -0.11085069924592972 -0.012412022799253464 -0.06527134776115417
v 0 0.013445423915982246 -0.13479456305503845
v 0 -0.017870787531137466 -0.13787446916103363
v 0.024703094735741615 -0.01803482137620449 -0.13519681990146637
v 0 0.013445423915982246 -0.13479456305503845
v 0.024703094735741615 -0.01803482137620449 -0.13519681990146637
v 0.024494674056768417 0.01969897747039795 -0.13095791637897491
v -0.024703094735741615 -0.01803482137620449 -0.13519681990146637
v 0 -0.017870787531137466 -0.13787446916103363
v 0 0.013445423915982246 -0.13479456305503845
v -0.024703094735741615 -0.01803482137620449 -0.13519681990146637
v 0 0.013445423915982246 -0.13479456305503845
v -0.024494674056768417 0.01969897747039795 -0.13095791637897491
v 0.024494674056768417 0.01969897747039795 -0.13095791637897491
v 0.024703094735741615 -0.01803482137620449 -0.13519681990146637
v 0.04529108852148056 0.017195088788866997 -0.12441793084144592
v 0.024703094735741615 -0.01803482137620449 -0.13519681990146637
v 0.04490227624773979 -0.01845175214111805 -0.12882186472415924
v 0.04529108852148056 0.017195088788866997 -0.12441793084144592
v -0.04490227624773979 -0.01845175214111805 -0.12882186472415924
v -0.024703094735741615 -0.01803482137620449 -0.13519681990146637
v -0.04529108852148056 0.017195088788866997 -0.12441793084144592
v -0.024703094735741615 -0.01803482137620449 -0.13519681990146637
v -0.024494674056768417 0.01969897747039795 -0.13095791637897491
v -0.04529108852148056 0.017195088788866997 -0.12441793084144592
v 0.04529108852148056 0.017195088788866997 -0.12441793084144592
v 0.04490227624773979 -0.01845175214111805 -0.12882186472415924
v 0.06073705106973648 0.012451421469449997 -0.11700909584760666
v 0.04490227624773979 -0.01845175214111805 -0.12882186472415924
v 0.05967426672577858 -0.019468529149889946 -0.1212310940027237
v 0.06073705106973648 0.012451421469449997 -0.11700909584760666
v -0.05967426672577858 -0.019468529149889946 -0.1212310940027237
v -0.04490227624773979 -0.01845175214111805 -0.12882186472415924
v -0.06073705106973648 0.012451421469449997 -0.11700909584760666
v -0.04490227624773979 -0.01845175214111805 -0.12882186472415924
v -0.04529108852148056 0.017195088788866997 -0.12441793084144592
v -0.06073705106973648 0.012451421469449997 -0.11700909584760666
v 0.06073705106973648 0.012451421469449997 -0.11700909584760666
v 0.05967426672577858 -0.019468529149889946 -0.1212310940027237
v 0.08187644928693771 0.0031827965285629034 -0.1021149680018425
v 0.05967426672577858 -0.019468529149889946 -0.1212310940027237
v 0.08100097626447678 -0.021743465214967728 -0.1050478145480156
v 0.08187644928693771 0.0031827965285629034 -0.1021149680018425
v -0.08100097626447678 -0.021743465214967728 -0.1050478145480156
v -0.05967426672577858 -0.019468529149889946 -0.1212310940027237
v -0.08187644928693771 0.0031827965285629034 -0.1021149680018425
v -0.05967426672577858 -0.019468529149889946 -0.1212310940027237
v -0.06073705106973648 0.012451421469449997 -0.11700909584760666
v -0.08187644928693771 0.0031827965285629034 -0.1021149680018425
v 0.08187644928693771 0.0031827965285629034 -0.1021149680018425
v 0.08100097626447678 -0.021743465214967728 -0.1050478145480156
v 0.09628552943468094 -0.006994793191552162 -0.08637712895870209
v 0.08100097626447678 -0.021743465214967728 -0.1050478145480156
v 0.0961979329586029 -0.025972353294491768 -0.08743488043546677
v 0.09628552943468094 -0.006994793191552162 -0.08637712895870209
v -0.0961979329586029 -0.025972353294491768 -0.08743488043546677
v -0.08100097626447678 -0.021743465214967728 -0.1050478145480156
v -0.09628552943468094 -0.006994793191552162 -0.08637712895870209
v -0.08100097626447678 -0.021743465214967728 -0.1050478145480156
v -0.08187644928693771 0.0031827965285629034 -0.1021149680018425
v -0.09628552943468094 -0.006994793191552162 -0.08637712895870209
v 0.09628552943468094 -0.006994793191552162 -0.08637712895870209
v 0.0961979329586029 -0.025972353294491768 -0.08743488043546677
v 0.10755084455013275 -0.017617790028452873 -0.06881024688482285
v 0.0961979329586029 -0.025972353294491768 -0.08743488043546677
v 0.10738784074783325 -0.03220682218670845 -0.06827691197395325
v 0.10755084455013275 -0.017617790028452873 -0.06881024688482285
v -0.10738784074783325 -0.03220682218670845 -0.06827691197395325
v -0.0961979329586029 -0.025972353294491768 -0.08743488043546677
v -0.10755084455013275 -0.017617790028452873 -0.06881024688482285
v -0.0961979329586029 -0.025972353294491768 -0.08743488043546677
v -0.09628552943468094 -0.006994793191552162 -0.08637712895870209
v -0.10755084455013275 -0.017617790028452873 -0.06881024688482285
v 0.10755084455013275 -0.017617790028452873 -0.06881024688482285
v 0.10738784074783325 -0.03220682218670845 -0.06827691197395325
v 0.11096969246864319 -0.023627834394574165 -0.061136841773986816
v 0.10738784074783325 -0.03220682218670845 -0.06827691197395325
v 0.11085721850395203 -0.03573191538453102 -0.0599173940718174
v 0.11096969246864319 -0.023627834394574165 -0.061136841773986816
v -0.11085721850395203 -0.03573191538453102 -0.0599173940718174
v -0.10738784074783325 -0.03220682218670845 -0.06827691197395325
v -0.11096969246864319 -0.023627834394574165 -0.061136841773986816
v -0.10738784074783325 -0.03220682218670845 -0.06827691197395325
v -0.10755084455013275 -0.017617790028452873 -0.06881024688482285
v -0.11096969246864319 -0.023627834394574165 -0.061136841773986816
v 0.11096969246864319 -0.023627834394574165 -0.061136841773986816
v 0.11085721850395203 -0.03573191538453102 -0.0599173940718174
v 0.11112000793218613 -0.03721556067466736 -0.0334869809448719
v 0.11085721850395203 -0.03573191538453102 -0.0599173940718174
v 0.11112000793218613 -0.04946713149547577 -0.03511401265859604
v 0.11112000793218613 -0.03721556067466736 -0.0334869809448719
v -0.11112000793218613 -0.04946713149547577 -0.03511401265859604
v -0.11085721850395203 -0.03573191538453102 -0.0599173940718174
v -0.11112000793218613 -0.03721556067466736 -0.0334869809448719
v -0.11085721850395203 -0.03573191538453102 -0.0599173940718174
v -0.11096969246864319 -0.023627834394574165 -0.061136841773986816
v -0.11112000793218613 -0.03721556067466736 -0.0334869809448719
v 0.10742922872304916 -0.03213752433657646 -0.06827341020107269
v 0.10199134051799774 -0.03825979679822922 -0.06448336690664291
v 0.1109035536646843 -0.035661716014146805 -0.05987858772277832
v 0.10199134051799774 -0.03825979679822922 -0.06448336690664291
v 0.10817411541938782 -0.045811284333467484 -0.04698789492249489
v 0.1109035536646843 -0.035661716014146805 -0.05987858772277832
v -0.10817411541938782 -0.045811284333467484 -0.04698789492249489
v -0.10199134051799774 -0.03825979679822922 -0.06448336690664291
v -0.1109035536646843 -0.035661716014146805 -0.05987858772277832
v -0.10199134051799774 -0.03825979679822922 -0.06448336690664291
v -0.10742922872304916 -0.03213752433657646 -0.06827341020107269
v -0.1109035536646843 -0.035661716014146805 -0.05987858772277832
v 0 -0.01778821274638176 -0.13790541887283325
v 0 -0.023184480145573616 -0.1320522129535675
v 0.02154877781867981 -0.02350982092320919 -0.12975561618804932
v 0 -0.01778821274638176 -0.13790541887283325
v 0.02154877781867981 -0.02350982092320919 -0.12975561618804932
v 0.02470959909260273 -0.01795108988881111 -0.13522709906101227
v -0.02154877781867981 -0.02350982092320919 -0.12975561618804932
v 0 -0.023184480145573616 -0.1320522129535675
v 0 -0.01778821274638176 -0.13790541887283325
v -0.02154877781867981 -0.02350982092320919 -0.12975561618804932
v 0 -0.01778821274638176 -0.13790541887283325
v -0.02470959909260273 -0.01795108988881111 -0.13522709906101227
v 0.02470959909260273 -0.01795108988881111 -0.13522709906101227
v 0.02154877781867981 -0.02350982092320919 -0.12975561618804932
v 0.04156237468123436 -0.02385866455733776 -0.1238132193684578
v 0.02470959909260273 -0.01795108988881111 -0.13522709906101227
v 0.04156237468123436 -0.02385866455733776 -0.1238132193684578
v 0.04491805657744408 -0.018368398770689964 -0.12884853780269623
v -0.04156237468123436 -0.02385866455733776 -0.1238132193684578
v -0.02154877781867981 -0.02350982092320919 -0.12975561618804932
v -0.02470959909260273 -0.01795108988881111 -0.13522709906101227
v -0.04156237468123436 -0.02385866455733776 -0.1238132193684578
v -0.02470959909260273 -0.01795108988881111 -0.13522709906101227
v -0.04491805657744408 -0.018368398770689964 -0.12884853780269623
v 0.04491805657744408 -0.018368398770689964 -0.12884853780269623
v 0.04156237468123436 -0.02385866455733776 -0.1238132193684578
v 0.05574619770050049 -0.02497217059135437 -0.11669078469276428
v 0.04491805657744408 -0.018368398770689964 -0.12884853780269623
v 0.05574619770050049 -0.02497217059135437 -0.11669078469276428
v 0.05969651788473129 -0.019387852400541306 -0.12125295400619507
v -0.05574619770050049 -0.02497217059135437 -0.11669078469276428
v -0.04156237468123436 -0.02385866455733776 -0.1238132193684578
v -0.04491805657744408 -0.018368398770689964 -0.12884853780269623
v -0.05574619770050049 -0.02497217059135437 -0.11669078469276428
v -0.04491805657744408 -0.018368398770689964 -0.12884853780269623
v -0.05969651788473129 -0.019387852400541306 -0.12125295400619507
v 0.05969651788473129 -0.019387852400541306 -0.12125295400619507
v 0.05574619770050049 -0.02497217059135437 -0.11669078469276428
v 0.07638241350650787 -0.027454834431409836 -0.10100521147251129
v 0.05969651788473129 -0.019387852400541306 -0.12125295400619507
v 0.07638241350650787 -0.027454834431409836 -0.10100521147251129
v 0.08103113621473312 -0.021666089072823524 -0.1050620749592781
v -0.07638241350650787 -0.027454834431409836 -0.10100521147251129
v -0.05574619770050049 -0.02497217059135437 -0.11669078469276428
v -0.05969651788473129 -0.019387852400541306 -0.12125295400619507
v -0.07638241350650787 -0.027454834431409836 -0.10100521147251129
v -0.05969651788473129 -0.019387852400541306 -0.12125295400619507
v -0.08103113621473312 -0.021666089072823524 -0.1050620749592781
v 0.08103113621473312 -0.021666089072823524 -0.1050620749592781
v 0.07638241350650787 -0.027454834431409836 -0.10100521147251129
v 0.09623581171035767 -0.025898877531290054 -0.08743865042924881
v 0.07638241350650787 -0.027454834431409836 -0.10100521147251129
v 0.09139254689216614 -0.031978774815797806 -0.08327487111091614
v 0.09623581171035767 -0.025898877531290054 -0.08743865042924881
v -0.09139254689216614 -0.031978774815797806 -0.08327487111091614
v -0.07638241350650787 -0.027454834431409836 -0.10100521147251129
v -0.09623581171035767 -0.025898877531290054 -0.08743865042924881
v -0.07638241350650787 -0.027454834431409836 -0.10100521147251129
v -0.08103113621473312 -0.021666089072823524 -0.1050620749592781
v -0.09623581171035767 -0.025898877531290054 -0.08743865042924881
v 0.09623581171035767 -0.025898877531290054 -0.08743865042924881
v 0.09139254689216614 -0.031978774815797806 -0.08327487111091614
v 0.10742922872304916 -0.03213752433657646 -0.06827341020107269
v 0.09139254689216614 -0.031978774815797806 -0.08327487111091614
v 0.10199134051799774 -0.03825979679822922 -0.06448336690664291
v 0.10742922872304916 -0.03213752433657646 -0.06827341020107269
v -0.10199134051799774 -0.03825979679822922 -0.06448336690664291
v -0.09139254689216614 -0.031978774815797806 -0.08327487111091614
v -0.10742922872304916 -0.03213752433657646 -0.06827341020107269
v -0.09139254689216614 -0.031978774815797806 -0.08327487111091614
v -0.09623581171035767 -0.025898877531290054 -0.08743865042924881
v -0.10742922872304916 -0.03213752433657646 -0.06827341020107269
v 0.10817411541938782 -0.045811284333467484 -0.04698789492249489
v 0.11050194501876831 -0.0530453622341156 -0.03545409440994263
v 0.11114149540662766 -0.04941592738032341 -0.0350799523293972
v 0.10817411541938782 -0.045811284333467484 -0.04698789492249489
v 0.11114149540662766 -0.04941592738032341 -0.0350799523293972
v 0.1109035536646843 -0.035661716014146805 -0.05987858772277832
v -0.11114149540662766 -0.04941592738032341 -0.0350799523293972
v -0.11050194501876831 -0.0530453622341156 -0.03545409440994263
v -0.10817411541938782 -0.045811284333467484 -0.04698789492249489
v -0.11114149540662766 -0.04941592738032341 -0.0350799523293972
v -0.10817411541938782 -0.045811284333467484 -0.04698789492249489
v -0.1109035536646843 -0.035661716014146805 -0.05987858772277832
v 0 -0.06973858922719955 -0.13029201328754425
v 0 -0.07068329304456711 -0.1176663413643837
v 0.014745406806468964 -0.07055016607046127 -0.11643324792385101
v 0 -0.06973858922719955 -0.13029201328754425
v 0.014745406806468964 -0.07055016607046127 -0.11643324792385101
v 0.017579929903149605 -0.06996333599090576 -0.12893420457839966
v -0.014745406806468964 -0.07055016607046127 -0.11643324792385101
v 0 -0.07068329304456711 -0.1176663413643837
v 0 -0.06973858922719955 -0.13029201328754425
v -0.014745406806468964 -0.07055016607046127 -0.11643324792385101
v 0 -0.06973858922719955 -0.13029201328754425
v -0.017579929903149605 -0.06996333599090576 -0.12893420457839966
v 0.017579929903149605 -0.06996333599090576 -0.12893420457839966
v 0.014745406806468964 -0.07055016607046127 -0.11643324792385101
v 0.033959731459617615 -0.07056622952222824 -0.1117016077041626
v 0.017579929903149605 -0.06996333599090576 -0.12893420457839966
v 0.033959731459617615 -0.07056622952222824 -0.1117016077041626
v 0.03970631957054138 -0.069635771214962 -0.12314507365226746
v -0.033959731459617615 -0.07056622952222824 -0.1117016077041626
v -0.014745406806468964 -0.07055016607046127 -0.11643324792385101
v -0.017579929903149605 -0.06996333599090576 -0.12893420457839966
v -0.033959731459617615 -0.07056622952222824 -0.1117016077041626
v -0.017579929903149605 -0.06996333599090576 -0.12893420457839966
v -0.03970631957054138 -0.069635771214962 -0.12314507365226746
v 0.03970631957054138 -0.069635771214962 -0.12314507365226746
v 0.033959731459617615 -0.07056622952222824 -0.1117016077041626
v 0.05132467299699783 -0.07083164900541306 -0.10285595059394836
v 0.03970631957054138 -0.069635771214962 -0.12314507365226746
v 0.05132467299699783 -0.07083164900541306 -0.10285595059394836
v 0.058309704065322876 -0.06950884312391281 -0.11359377950429916
v -0.05132467299699783 -0.07083164900541306 -0.10285595059394836
v -0.033959731459617615 -0.07056622952222824 -0.1117016077041626
v -0.03970631957054138 -0.069635771214962 -0.12314507365226746
v -0.05132467299699783 -0.07083164900541306 -0.10285595059394836
v -0.03970631957054138 -0.069635771214962 -0.12314507365226746
v -0.058309704065322876 -0.06950884312391281 -0.11359377950429916
v 0.058309704065322876 -0.06950884312391281 -0.11359377950429916
v 0.05132467299699783 -0.07083164900541306 -0.10285595059394836
v 0.07438589632511139 -0.06956104934215546 -0.10069295018911362
v 0.05132467299699783 -0.07083164900541306 -0.10285595059394836
v 0.06668208539485931 -0.07170148938894272 -0.08977926522493362
v 0.07438589632511139 -0.06956104934215546 -0.10069295018911362
v -0.06668208539485931 -0.07170148938894272 -0.08977926522493362
v -0.05132467299699783 -0.07083164900541306 -0.10285595059394836
v -0.07438589632511139 -0.06956104934215546 -0.10069295018911362
v -0.05132467299699783 -0.07083164900541306 -0.10285595059394836
v -0.058309704065322876 -0.06950884312391281 -0.11359377950429916
v -0.07438589632511139 -0.06956104934215546 -0.10069295018911362
v 0.07438589632511139 -0.06956104934215546 -0.10069295018911362
v 0.06668208539485931 -0.07170148938894272 -0.08977926522493362
v 0.08762691169977188 -0.0712011307477951 -0.08412803709506989
v 0.06668208539485931 -0.07170148938894272 -0.08977926522493362
v 0.07809441536664963 -0.07353617995977402 -0.07484828680753708
v 0.08762691169977188 -0.0712011307477951 -0.08412803709506989
v -0.07809441536664963 -0.07353617995977402 -0.07484828680753708
v -0.06668208539485931 -0.07170148938894272 -0.08977926522493362
v -0.08762691169977188 -0.0712011307477951 -0.08412803709506989
v -0.06668208539485931 -0.07170148938894272 -0.08977926522493362
v -0.07438589632511139 -0.06956104934215546 -0.10069295018911362
v -0.08762691169977188 -0.0712011307477951 -0.08412803709506989
v 0.08762691169977188 -0.0712011307477951 -0.08412803709506989
v 0.07809441536664963 -0.07353617995977402 -0.07484828680753708
v 0.09767866879701614 -0.07433503121137619 -0.06525257229804993
v 0.07809441536664963 -0.07353617995977402 -0.07484828680753708
v 0.08678779751062393 -0.07694502174854279 -0.057125698775053024
v 0.09767866879701614 -0.07433503121137619 -0.06525257229804993
v -0.08678779751062393 -0.07694502174854279 -0.057125698775053024
v -0.07809441536664963 -0.07353617995977402 -0.07484828680753708
v -0.09767866879701614 -0.07433503121137619 -0.06525257229804993
v -0.07809441536664963 -0.07353617995977402 -0.07484828680753708
v -0.08762691169977188 -0.0712011307477951 -0.08412803709506989
v -0.09767866879701614 -0.07433503121137619 -0.06525257229804993
v 0.09767866879701614 -0.07433503121137619 -0.06525257229804993
v 0.08678779751062393 -0.07694502174854279 -0.057125698775053024
v 0.10307437181472778 -0.0774347335100174 -0.05027705058455467
v 0.08678779751062393 -0.07694502174854279 -0.057125698775053024
v 0.09042958915233612 -0.07970430701971054 -0.045817937701940536
v 0.10307437181472778 -0.0774347335100174 -0.05027705058455467
v -0.09042958915233612 -0.07970430701971054 -0.045817937701940536
v -0.08678779751062393 -0.07694502174854279 -0.057125698775053024
v -0.10307437181472778 -0.0774347335100174 -0.05027705058455467
v -0.08678779751062393 -0.07694502174854279 -0.057125698775053024
v -0.09767866879701614 -0.07433503121137619 -0.06525257229804993
v -0.10307437181472778 -0.0774347335100174 -0.05027705058455467
v 0.09042958915233612 -0.07970430701971054 -0.045817937701940536
v 0.09208303689956665 -0.0818520337343216 -0.03899792954325676
v 0.10307437181472778 -0.0774347335100174 -0.05027705058455467
v 0.09208303689956665 -0.0818520337343216 -0.03899792954325676
v 0.10547095537185669 -0.08171060681343079 -0.03897527605295181
v 0.10307437181472778 -0.0774347335100174 -0.05027705058455467
v -0.10547095537185669 -0.08171060681343079 -0.03897527605295181
v -0.09208303689956665 -0.0818520337343216 -0.03899792954325676
v -0.10307437181472778 -0.0774347335100174 -0.05027705058455467
v -0.09208303689956665 -0.0818520337343216 -0.03899792954325676
v -0.09042958915233612 -0.07970430701971054 -0.045817937701940536
v -0.10307437181472778 -0.0774347335100174 -0.05027705058455467
v 0.09201977401971817 -0.0819513127207756 -0.03895726054906845
v 0.09209881722927094 -0.08670973777770996 -0.0392804779112339
v 0.10542162507772446 -0.08180293440818787 -0.038924623280763626
v 0.09209881722927094 -0.08670973777770996 -0.0392804779112339
v 0.10791804641485214 -0.08667098730802536 -0.03952372819185257
v 0.10542162507772446 -0.08180293440818787 -0.038924623280763626
v -0.10791804641485214 -0.08667098730802536 -0.03952372819185257
v -0.09209881722927094 -0.08670973777770996 -0.0392804779112339
v -0.10542162507772446 -0.08180293440818787 -0.038924623280763626
v -0.09209881722927094 -0.08670973777770996 -0.0392804779112339
v -0.09201977401971817 -0.0819513127207756 -0.03895726054906845
v -0.10542162507772446 -0.08180293440818787 -0.038924623280763626
v 0.10821438580751419 -0.0681205466389656 -0.03733371943235397
v 0.10542162507772446 -0.08180293440818787 -0.038924623280763626
v 0.11060279607772827 -0.07148510962724686 -0.03763674199581146
v 0.10542162507772446 -0.08180293440818787 -0.038924623280763626
v 0.10791804641485214 -0.08667098730802536 -0.03952372819185257
v 0.11060279607772827 -0.07148510962724686 -0.03763674199581146
v -0.10791804641485214 -0.08667098730802536 -0.03952372819185257
v -0.10542162507772446 -0.08180293440818787 -0.038924623280763626
v -0.11060279607772827 -0.07148510962724686 -0.03763674199581146
v -0.10542162507772446 -0.08180293440818787 -0.038924623280763626
v -0.10821438580751419 -0.0681205466389656 -0.03733371943235397
v -0.11060279607772827 -0.07148510962724686 -0.03763674199581146
v 0.11050533503293991 -0.05304914712905884 -0.0354432612657547
v 0.10821438580751419 -0.0681205466389656 -0.03733371943235397
v 0.1130785122513771 -0.05564204230904579 -0.03560362383723259
v 0.10821438580751419 -0.0681205466389656 -0.03733371943235397
v 0.11060279607772827 -0.07148510962724686 -0.03763674199581146
v 0.1130785122513771 -0.05564204230904579 -0.03560362383723259
v -0.11060279607772827 -0.07148510962724686 -0.03763674199581146
v -0.10821438580751419 -0.0681205466389656 -0.03733371943235397
v -0.1130785122513771 -0.05564204230904579 -0.03560362383723259
v -0.10821438580751419 -0.0681205466389656 -0.03733371943235397
v -0.11050533503293991 -0.05304914712905884 -0.0354432612657547
v -0.1130785122513771 -0.05564204230904579 -0.03560362383723259
v 0.11122332513332367 -0.049477655440568924 -0.03501562401652336
v 0.11050533503293991 -0.05304914712905884 -0.0354432612657547
v 0.1130785122513771 -0.05564204230904579 -0.03560362383723259
v 0.11122332513332367 -0.049477655440568924 -0.03501562401652336
v 0.1130785122513771 -0.05564204230904579 -0.03560362383723259
v 0.11960291117429733 -0.055289916694164276 -0.035697415471076965
v -0.1130785122513771 -0.05564204230904579 -0.03560362383723259
v -0.11050533503293991 -0.05304914712905884 -0.0354432612657547
v -0.11122332513332367 -0.049477655440568924 -0.03501562401652336
v -0.1130785122513771 -0.05564204230904579 -0.03560362383723259
v -0.11122332513332367 -0.049477655440568924 -0.03501562401652336
v -0.11960291117429733 -0.055289916694164276 -0.035697415471076965
v 0.11122611165046692 -0.03722824901342392 -0.03338894248008728
v 0.11122332513332367 -0.049477655440568924 -0.03501562401652336
v 0.12126540392637253 -0.04061802849173546 -0.03441670536994934
v 0.11122332513332367 -0.049477655440568924 -0.03501562401652336
v 0.11960291117429733 -0.055289916694164276 -0.035697415471076965
v 0.12126540392637253 -0.04061802849173546 -0.03441670536994934
v -0.11960291117429733 -0.055289916694164276 -0.035697415471076965
v -0.11122332513332367 -0.049477655440568924 -0.03501562401652336
v -0.12126540392637253 -0.04061802849173546 -0.03441670536994934
v -0.11122332513332367 -0.049477655440568924 -0.03501562401652336
v -0.11122611165046692 -0.03722824901342392 -0.03338894248008728
v -0.12126540392637253 -0.04061802849173546 -0.03441670536994934
v 0.11128325015306473 -0.03210268169641495 -0.032777003943920135
v 0.11122611165046692 -0.03722824901342392 -0.03338894248008728
v 0.12338447570800781 -0.03269530087709427 -0.033654969185590744
v 0.11122611165046692 -0.03722824901342392 -0.03338894248008728
v 0.12126540392637253 -0.04061802849173546 -0.03441670536994934
v 0.12338447570800781 -0.03269530087709427 -0.033654969185590744
v -0.12126540392637253 -0.04061802849173546 -0.03441670536994934
v -0.11122611165046692 -0.03722824901342392 -0.03338894248008728
v -0.12338447570800781 -0.03269530087709427 -0.033654969185590744
v -0.11122611165046692 -0.03722824901342392 -0.03338894248008728
v -0.11128325015306473 -0.03210268169641495 -0.032777003943920135
v -0.12338447570800781 -0.03269530087709427 -0.033654969185590744
v 0.11117860674858093 -0.02629806101322174 -0.0320608876645565
v 0.11128325015306473 -0.03210268169641495 -0.032777003943920135
v 0.12267238646745682 -0.02569781430065632 -0.032638922333717346
v 0.11128325015306473 -0.03210268169641495 -0.032777003943920135
v 0.12338447570800781 -0.03269530087709427 -0.033654969185590744
v 0.12267238646745682 -0.02569781430065632 -0.032638922333717346
v -0.12338447570800781 -0.03269530087709427 -0.033654969185590744
v -0.11128325015306473 -0.03210268169641495 -0.032777003943920135
v -0.12267238646745682 -0.02569781430065632 -0.032638922333717346
v -0.11128325015306473 -0.03210268169641495 -0.032777003943920135
v -0.11117860674858093 -0.02629806101322174 -0.0320608876645565
v -0.12267238646745682 -0.02569781430065632 -0.032638922333717346
v 0.11121348291635513 -0.0007647175225429237 -0.02895987406373024
v 0.11117860674858093 -0.02629806101322174 -0.0320608876645565
v 0.12267238646745682 -0.02569781430065632 -0.032638922333717346
v 0.11121348291635513 -0.0007647175225429237 -0.02895987406373024
v 0.12267238646745682 -0.02569781430065632 -0.032638922333717346
v 0.12376778572797775 0.008150273002684116 -0.028130853548645973
v -0.12267238646745682 -0.02569781430065632 -0.032638922333717346
v -0.11117860674858093 -0.02629806101322174 -0.0320608876645565
v -0.11121348291635513 -0.0007647175225429237 -0.02895987406373024
v -0.12267238646745682 -0.02569781430065632 -0.032638922333717346
v -0.11121348291635513 -0.0007647175225429237 -0.02895987406373024
v -0.12376778572797775 0.008150273002684116 -0.028130853548645973
v 0.11113794147968292 0.027474351227283478 -0.02536970004439354
v 0.11121348291635513 -0.0007647175225429237 -0.02895987406373024
v 0.12376778572797775 0.008150273002684116 -0.028130853548645973
v 0.11113794147968292 0.027474351227283478 -0.02536970004439354
v 0.12376778572797775 0.008150273002684116 -0.028130853548645973
v 0.1205967590212822 0.03983880952000618 -0.024144642055034637
v -0.12376778572797775 0.008150273002684116 -0.028130853548645973
v -0.11121348291635513 -0.0007647175225429237 -0.02895987406373024
v -0.11113794147968292 0.027474351227283478 -0.02536970004439354
v -0.12376778572797775 0.008150273002684116 -0.028130853548645973
v -0.11113794147968292 0.027474351227283478 -0.02536970004439354
v -0.1205967590212822 0.03983880952000618 -0.024144642055034637
v 0.10804805159568787 0.027453269809484482 -0.025370381772518158
v 0.11113794147968292 0.027474351227283478 -0.02536970004439354
v 0.10844109207391739 0.04008806496858597 -0.024263404309749603
v 0.11113794147968292 0.027474351227283478 -0.02536970004439354
v 0.1205967590212822 0.03983880952000618 -0.024144642055034637
v 0.10844109207391739 0.04008806496858597 -0.024263404309749603
v -0.1205967590212822 0.03983880952000618 -0.024144642055034637
v -0.11113794147968292 0.027474351227283478 -0.02536970004439354
v -0.10844109207391739 0.04008806496858597 -0.024263404309749603
v -0.11113794147968292 0.027474351227283478 -0.02536970004439354
v -0.10804805159568787 0.027453269809484482 -0.025370381772518158
v -0.10844109207391739 0.04008806496858597 -0.024263404309749603
v 0.11113353073596954 0.04766396805644035 -0.037991445511579514
v 0.10844235867261887 0.040184348821640015 -0.02431432157754898
v 0.11528275907039642 0.04779241234064102 -0.038017429411411285
v 0.10844235867261887 0.040184348821640015 -0.02431432157754898
v 0.12059628963470459 0.03993714600801468 -0.02419496886432171
v 0.11528275907039642 0.04779241234064102 -0.038017429411411285
v -0.12059628963470459 0.03993714600801468 -0.02419496886432171
v -0.10844235867261887 0.040184348821640015 -0.02431432157754898
v -0.11528275907039642 0.04779241234064102 -0.038017429411411285
v -0.10844235867261887 0.040184348821640015 -0.02431432157754898
v -0.11113353073596954 0.04766396805644035 -0.037991445511579514
v -0.11528275907039642 0.04779241234064102 -0.038017429411411285
v 0.10470562428236008 0.05487264692783356 -0.05098995193839073
v 0.11113353073596954 0.04766396805644035 -0.037991445511579514
v 0.1070762425661087 0.05565408244729042 -0.052732765674591064
v 0.11113353073596954 0.04766396805644035 -0.037991445511579514
v 0.11528275907039642 0.04779241234064102 -0.038017429411411285
v 0.1070762425661087 0.05565408244729042 -0.052732765674591064
v -0.11528275907039642 0.04779241234064102 -0.038017429411411285
v -0.11113353073596954 0.04766396805644035 -0.037991445511579514
v -0.1070762425661087 0.05565408244729042 -0.052732765674591064
v -0.11113353073596954 0.04766396805644035 -0.037991445511579514
v -0.10470562428236008 0.05487264692783356 -0.05098995193839073
v -0.1070762425661087 0.05565408244729042 -0.052732765674591064
v 0.09101081639528275 0.064259372651577 -0.0679159089922905
v 0.10470562428236008 0.05487264692783356 -0.05098995193839073
v 0.1070762425661087 0.05565408244729042 -0.052732765674591064
v 0.09101081639528275 0.064259372651577 -0.0679159089922905
v 0.1070762425661087 0.05565408244729042 -0.052732765674591064
v 0.09292413294315338 0.06502456218004227 -0.07009893655776978
v -0.1070762425661087 0.05565408244729042 -0.052732765674591064
v -0.10470562428236008 0.05487264692783356 -0.05098995193839073
v -0.09101081639528275 0.064259372651577 -0.0679159089922905
v -0.1070762425661087 0.05565408244729042 -0.052732765674591064
v -0.09101081639528275 0.064259372651577 -0.0679159089922905
v -0.09292413294315338 0.06502456218004227 -0.07009893655776978
v 0.07293466478586197 0.0726432278752327 -0.0830949991941452
v 0.09101081639528275 0.064259372651577 -0.0679159089922905
v 0.09292413294315338 0.06502456218004227 -0.07009893655776978
v 0.07293466478586197 0.0726432278752327 -0.0830949991941452
v 0.09292413294315338 0.06502456218004227 -0.07009893655776978
v 0.0749347135424614 0.07385189086198807 -0.08512649685144424
v -0.09292413294315338 0.06502456218004227 -0.07009893655776978
v -0.09101081639528275 0.064259372651577 -0.0679159089922905
v -0.07293466478586197 0.0726432278752327 -0.0830949991941452
v -0.09292413294315338 0.06502456218004227 -0.07009893655776978
v -0.07293466478586197 0.0726432278752327 -0.0830949991941452
v -0.0749347135424614 0.07385189086198807 -0.08512649685144424
v 0.055529966950416565 0.07810860872268677 -0.09288178384304047
v 0.07293466478586197 0.0726432278752327 -0.0830949991941452
v 0.0749347135424614 0.07385189086198807 -0.08512649685144424
v 0.055529966950416565 0.07810860872268677 -0.09288178384304047
v 0.0749347135424614 0.07385189086198807 -0.08512649685144424
v 0.05658760294318199 0.07940813899040222 -0.0953407734632492
v -0.0749347135424614 0.07385189086198807 -0.08512649685144424
v -0.07293466478586197 0.0726432278752327 -0.0830949991941452
v -0.055529966950416565 0.07810860872268677 -0.09288178384304047
v -0.0749347135424614 0.07385189086198807 -0.08512649685144424
v -0.055529966950416565 0.07810860872268677 -0.09288178384304047
v -0.05658760294318199 0.07940813899040222 -0.0953407734632492
v 0.055529966950416565 0.07810860872268677 -0.09288178384304047
v 0.05658760294318199 0.07940813899040222 -0.0953407734632492
v 0.042266253381967545 0.08053988218307495 -0.09726128727197647
v 0.05658760294318199 0.07940813899040222 -0.0953407734632492
v 0.037008050829172134 0.08380386978387833 -0.10323426872491837
v 0.042266253381967545 0.08053988218307495 -0.09726128727197647
v -0.037008050829172134 0.08380386978387833 -0.10323426872491837
v -0.05658760294318199 0.07940813899040222 -0.0953407734632492
v -0.042266253381967545 0.08053988218307495 -0.09726128727197647
v -0.05658760294318199 0.07940813899040222 -0.0953407734632492
v -0.055529966950416565 0.07810860872268677 -0.09288178384304047
v -0.042266253381967545 0.08053988218307495 -0.09726128727197647
v 0.01368993055075407 0.080660879611969 -0.09747228026390076
v 0.042266253381967545 0.08053988218307495 -0.09726128727197647
v 0.037008050829172134 0.08380386978387833 -0.10323426872491837
v 0.01368993055075407 0.080660879611969 -0.09747228026390076
v 0.037008050829172134 0.08380386978387833 -0.10323426872491837
v 0.013534191995859146 0.0864567682147026 -0.10817208141088486
v -0.037008050829172134 0.08380386978387833 -0.10323426872491837
v -0.042266253381967545 0.08053988218307495 -0.09726128727197647
v -0.01368993055075407 0.080660879611969 -0.09747228026390076
v -0.037008050829172134 0.08380386978387833 -0.10323426872491837
v -0.01368993055075407 0.080660879611969 -0.09747228026390076
v -0.013534191995859146 0.0864567682147026 -0.10817208141088486
v 0 0.0802946388721466 -0.09683984518051147
v 0.01368993055075407 0.080660879611969 -0.09747228026390076
v 0.013534191995859146 0.0864567682147026 -0.10817208141088486
v 0 0.0802946388721466 -0.09683984518051147
v 0.013534191995859146 0.0864567682147026 -0.10817208141088486
v 0 0.08702638745307922 -0.10894038528203964
v -0.013534191995859146 0.0864567682147026 -0.10817208141088486
v -0.01368993055075407 0.080660879611969 -0.09747228026390076
v 0 0.0802946388721466 -0.09683984518051147
v -0.013534191995859146 0.0864567682147026 -0.10817208141088486
v 0 0.0802946388721466 -0.09683984518051147
v 0 0.08702638745307922 -0.10894038528203964
v 0.03703794255852699 0.08376675844192505 -0.1033627837896347
v 0.05663307011127472 0.07936783134937286 -0.09546276926994324
v 0.0386817529797554 0.06821231544017792 -0.11230704188346863
v 0.05663307011127472 0.07936783134937286 -0.09546276926994324
v 0.05944148823618889 0.06043047830462456 -0.10581941157579422
v 0.0386817529797554 0.06821231544017792 -0.11230704188346863
v -0.05944148823618889 0.06043047830462456 -0.10581941157579422
v -0.05663307011127472 0.07936783134937286 -0.09546276926994324
v -0.0386817529797554 0.06821231544017792 -0.11230704188346863
v -0.05663307011127472 0.07936783134937286 -0.09546276926994324
v -0.03703794255852699 0.08376675844192505 -0.1033627837896347
v -0.0386817529797554 0.06821231544017792 -0.11230704188346863
v 0.05663307011127472 0.07936783134937286 -0.09546276926994324
v 0.07499613612890244 0.07380694895982742 -0.0852430984377861
v 0.05944148823618889 0.06043047830462456 -0.10581941157579422
v 0.07499613612890244 0.07380694895982742 -0.0852430984377861
v 0.07897764444351196 0.05180167034268379 -0.09477299451828003
v 0.05944148823618889 0.06043047830462456 -0.10581941157579422
v -0.07897764444351196 0.05180167034268379 -0.09477299451828003
v -0.07499613612890244 0.07380694895982742 -0.0852430984377861
v -0.05944148823618889 0.06043047830462456 -0.10581941157579422
v -0.07499613612890244 0.07380694895982742 -0.0852430984377861
v -0.05663307011127472 0.07936783134937286 -0.09546276926994324
v -0.05944148823618889 0.06043047830462456 -0.10581941157579422
v 0.0386817529797554 0.06821231544017792 -0.11230704188346863
v 0.05944148823618889 0.06043047830462456 -0.10581941157579422
v 0.0395752415060997 0.048342250287532806 -0.1207544356584549
v 0.05944148823618889 0.06043047830462456 -0.10581941157579422
v 0.06114564836025238 0.03886615112423897 -0.11332982033491135
v 0.0395752415060997 0.048342250287532806 -0.1207544356584549
v -0.06114564836025238 0.03886615112423897 -0.11332982033491135
v -0.05944148823618889 0.06043047830462456 -0.10581941157579422
v -0.0395752415060997 0.048342250287532806 -0.1207544356584549
v -0.05944148823618889 0.06043047830462456 -0.10581941157579422
v -0.0386817529797554 0.06821231544017792 -0.11230704188346863
v -0.0395752415060997 0.048342250287532806 -0.1207544356584549
v 0.05944148823618889 0.06043047830462456 -0.10581941157579422
v 0.07897764444351196 0.05180167034268379 -0.09477299451828003
v 0.06114564836025238 0.03886615112423897 -0.11332982033491135
v 0.07897764444351196 0.05180167034268379 -0.09477299451828003
v 0.08078937232494354 0.026783838868141174 -0.10223830491304398
v 0.06114564836025238 0.03886615112423897 -0.11332982033491135
v -0.08078937232494354 0.026783838868141174 -0.10223830491304398
v -0.07897764444351196 0.05180167034268379 -0.09477299451828003
v -0.06114564836025238 0.03886615112423897 -0.11332982033491135
v -0.07897764444351196 0.05180167034268379 -0.09477299451828003
v -0.05944148823618889 0.06043047830462456 -0.10581941157579422
v -0.06114564836025238 0.03886615112423897 -0.11332982033491135
v 0.039574529975652695 0.04836015775799751 -0.12074471265077591
v 0.06114434823393822 0.03888716921210289 -0.11331912875175476
v 0.03961854800581932 0.03637641295790672 -0.12930463254451752
v 0.06114434823393822 0.03888716921210289 -0.11331912875175476
v 0.06256468594074249 0.02861901931464672 -0.12006518989801407
v 0.03961854800581932 0.03637641295790672 -0.12930463254451752
v -0.06256468594074249 0.02861901931464672 -0.12006518989801407
v -0.06114434823393822 0.03888716921210289 -0.11331912875175476
v -0.03961854800581932 0.03637641295790672 -0.12930463254451752
v -0.06114434823393822 0.03888716921210289 -0.11331912875175476
v -0.039574529975652695 0.04836015775799751 -0.12074471265077591
v -0.03961854800581932 0.03637641295790672 -0.12930463254451752
v 0.06114434823393822 0.03888716921210289 -0.11331912875175476
v 0.08078935742378235 0.026804165914654732 -0.10222767293453217
v 0.06256468594074249 0.02861901931464672 -0.12006518989801407
v 0.08078935742378235 0.026804165914654732 -0.10222767293453217
v 0.083475761115551 0.01670721545815468 -0.10602424293756485
v 0.06256468594074249 0.02861901931464672 -0.12006518989801407
v -0.083475761115551 0.01670721545815468 -0.10602424293756485
v -0.08078935742378235 0.026804165914654732 -0.10222767293453217
v -0.06256468594074249 0.02861901931464672 -0.12006518989801407
v -0.08078935742378235 0.026804165914654732 -0.10222767293453217
v -0.06114434823393822 0.03888716921210289 -0.11331912875175476
v -0.06256468594074249 0.02861901931464672 -0.12006518989801407
v 0.039605237543582916 0.03632405400276184 -0.1293269246816635
v 0.06254906952381134 0.02856811322271824 -0.12009020149707794
v 0.03876907750964165 0.016916243359446526 -0.12963436543941498
v 0.06254906952381134 0.02856811322271824 -0.12009020149707794
v 0.06025971472263336 0.013283818028867245 -0.12050017714500427
v 0.03876907750964165 0.016916243359446526 -0.12963436543941498
v -0.06025971472263336 0.013283818028867245 -0.12050017714500427
v -0.06254906952381134 0.02856811322271824 -0.12009020149707794
v -0.03876907750964165 0.016916243359446526 -0.12963436543941498
v -0.06254906952381134 0.02856811322271824 -0.12009020149707794
v -0.039605237543582916 0.03632405400276184 -0.1293269246816635
v -0.03876907750964165 0.016916243359446526 -0.12963436543941498
v 0.06254906952381134 0.02856811322271824 -0.12009020149707794
v 0.08346009999513626 0.016659950837492943 -0.10605108737945557
v 0.06025971472263336 0.013283818028867245 -0.12050017714500427
v 0.08346009999513626 0.016659950837492943 -0.10605108737945557
v 0.08140430599451065 0.004058146383613348 -0.10638490319252014
v 0.06025971472263336 0.013283818028867245 -0.12050017714500427
v -0.08140430599451065 0.004058146383613348 -0.10638490319252014
v -0.08346009999513626 0.016659950837492943 -0.10605108737945557
v -0.06025971472263336 0.013283818028867245 -0.12050017714500427
v -0.08346009999513626 0.016659950837492943 -0.10605108737945557
v -0.06254906952381134 0.02856811322271824 -0.12009020149707794
v -0.06025971472263336 0.013283818028867245 -0.12050017714500427
v 0.03876664116978645 0.016927972435951233 -0.1296345591545105
v 0.060258422046899796 0.013298447243869305 -0.12050052732229233
v 0.04000326246023178 -0.0253289882093668 -0.13400425016880035
v 0.060258422046899796 0.013298447243869305 -0.12050052732229233
v 0.062290556728839874 -0.026110785081982613 -0.12336905300617218
v 0.04000326246023178 -0.0253289882093668 -0.13400425016880035
v -0.062290556728839874 -0.026110785081982613 -0.12336905300617218
v -0.060258422046899796 0.013298447243869305 -0.12050052732229233
v -0.04000326246023178 -0.0253289882093668 -0.13400425016880035
v -0.060258422046899796 0.013298447243869305 -0.12050052732229233
v -0.03876664116978645 0.016927972435951233 -0.1296345591545105
v -0.04000326246023178 -0.0253289882093668 -0.13400425016880035
v 0.060258422046899796 0.013298447243869305 -0.12050052732229233
v 0.08140487223863602 0.004074051044881344 -0.10638461261987686
v 0.062290556728839874 -0.026110785081982613 -0.12336905300617218
v 0.08140487223863602 0.004074051044881344 -0.10638461261987686
v 0.08093658834695816 -0.028217863291502 -0.10938262939453125
v 0.062290556728839874 -0.026110785081982613 -0.12336905300617218
v -0.08093658834695816 -0.028217863291502 -0.10938262939453125
v -0.08140487223863602 0.004074051044881344 -0.10638461261987686
v -0.062290556728839874 -0.026110785081982613 -0.12336905300617218
v -0.08140487223863602 0.004074051044881344 -0.10638461261987686
v -0.060258422046899796 0.013298447243869305 -0.12050052732229233
v -0.062290556728839874 -0.026110785081982613 -0.12336905300617218
v 0.03996852785348892 -0.025438085198402405 -0.13392525911331177
v 0.06224249303340912 -0.026216518133878708 -0.12330645322799683
v 0.0391576923429966 -0.026403220370411873 -0.127643421292305
v 0.06224249303340912 -0.026216518133878708 -0.12330645322799683
v 0.058439429849386215 -0.027765901759266853 -0.1182868480682373
v 0.0391576923429966 -0.026403220370411873 -0.127643421292305
v -0.058439429849386215 -0.027765901759266853 -0.1182868480682373
v -0.06224249303340912 -0.026216518133878708 -0.12330645322799683
v -0.0391576923429966 -0.026403220370411873 -0.127643421292305
v -0.06224249303340912 -0.026216518133878708 -0.12330645322799683
v -0.03996852785348892 -0.025438085198402405 -0.13392525911331177
v -0.0391576923429966 -0.026403220370411873 -0.127643421292305
v 0.06224249303340912 -0.026216518133878708 -0.12330645322799683
v 0.08087259531021118 -0.028320053592324257 -0.10933443903923035
v 0.058439429849386215 -0.027765901759266853 -0.1182868480682373
v 0.08087259531021118 -0.028320053592324257 -0.10933443903923035
v 0.076961949467659 -0.029716840013861656 -0.10424243658781052
v 0.058439429849386215 -0.027765901759266853 -0.1182868480682373
v -0.076961949467659 -0.029716840013861656 -0.10424243658781052
v -0.08087259531021118 -0.028320053592324257 -0.10933443903923035
v -0.058439429849386215 -0.027765901759266853 -0.1182868480682373
v -0.08087259531021118 -0.028320053592324257 -0.10933443903923035
v -0.06224249303340912 -0.026216518133878708 -0.12330645322799683
v -0.058439429849386215 -0.027765901759266853 -0.1182868480682373
v 0.11537543684244156 0.04772384092211723 -0.03809916600584984
v 0.12069083005189896 0.039864424616098404 -0.024268660694360733
v 0.11918438971042633 0.016878299415111542 -0.04356536641716957
v 0.12069083005189896 0.039864424616098404 -0.024268660694360733
v 0.12386183440685272 0.008168347179889679 -0.028254372999072075
v 0.11918438971042633 0.016878299415111542 -0.04356536641716957
v -0.12386183440685272 0.008168347179889679 -0.028254372999072075
v -0.12069083005189896 0.039864424616098404 -0.024268660694360733
v -0.11918438971042633 0.016878299415111542 -0.04356536641716957
v -0.12069083005189896 0.039864424616098404 -0.024268660694360733
v -0.11537543684244156 0.04772384092211723 -0.03809916600584984
v -0.11918438971042633 0.016878299415111542 -0.04356536641716957
v 0.10715729743242264 0.05559154227375984 -0.05282294750213623
v 0.11537543684244156 0.04772384092211723 -0.03809916600584984
v 0.11080653965473175 0.027959641069173813 -0.060734398663043976
v 0.11537543684244156 0.04772384092211723 -0.03809916600584984
v 0.11918438971042633 0.016878299415111542 -0.04356536641716957
v 0.11080653965473175 0.027959641069173813 -0.060734398663043976
v -0.11918438971042633 0.016878299415111542 -0.04356536641716957
v -0.11537543684244156 0.04772384092211723 -0.03809916600584984
v -0.11080653965473175 0.027959641069173813 -0.060734398663043976
v -0.11537543684244156 0.04772384092211723 -0.03809916600584984
v -0.10715729743242264 0.05559154227375984 -0.05282294750213623
v -0.11080653965473175 0.027959641069173813 -0.060734398663043976
v 0.09299282729625702 0.06496971845626831 -0.07019953429698944
v 0.10715729743242264 0.05559154227375984 -0.05282294750213623
v 0.09764978289604187 0.03936171159148216 -0.07903040945529938
v 0.10715729743242264 0.05559154227375984 -0.05282294750213623
v 0.11080653965473175 0.027959641069173813 -0.060734398663043976
v 0.09764978289604187 0.03936171159148216 -0.07903040945529938
v -0.11080653965473175 0.027959641069173813 -0.060734398663043976
v -0.10715729743242264 0.05559154227375984 -0.05282294750213623
v -0.09764978289604187 0.03936171159148216 -0.07903040945529938
v -0.10715729743242264 0.05559154227375984 -0.05282294750213623
v -0.09299282729625702 0.06496971845626831 -0.07019953429698944
v -0.09764978289604187 0.03936171159148216 -0.07903040945529938
v 0.07499613612890244 0.07380694895982742 -0.0852430984377861
v 0.09299282729625702 0.06496971845626831 -0.07019953429698944
v 0.07897764444351196 0.05180167034268379 -0.09477299451828003
v 0.09299282729625702 0.06496971845626831 -0.07019953429698944
v 0.09764978289604187 0.03936171159148216 -0.07903040945529938
v 0.07897764444351196 0.05180167034268379 -0.09477299451828003
v -0.09764978289604187 0.03936171159148216 -0.07903040945529938
v -0.09299282729625702 0.06496971845626831 -0.07019953429698944
v -0.07897764444351196 0.05180167034268379 -0.09477299451828003
v -0.09299282729625702 0.06496971845626831 -0.07019953429698944
v -0.07499613612890244 0.07380694895982742 -0.0852430984377861
v -0.07897764444351196 0.05180167034268379 -0.09477299451828003
v 0.013549511320888996 0.08642259985208511 -0.10830298811197281
v 0.03703794255852699 0.08376675844192505 -0.1033627837896347
v 0.01505760196596384 0.07252915948629379 -0.11687763780355453
v 0.03703794255852699 0.08376675844192505 -0.1033627837896347
v 0.0386817529797554 0.06821231544017792 -0.11230704188346863
v 0.01505760196596384 0.07252915948629379 -0.11687763780355453
v -0.0386817529797554 0.06821231544017792 -0.11230704188346863
v -0.03703794255852699 0.08376675844192505 -0.1033627837896347
v -0.01505760196596384 0.07252915948629379 -0.11687763780355453
v -0.03703794255852699 0.08376675844192505 -0.1033627837896347
v -0.013549511320888996 0.08642259985208511 -0.10830298811197281
v -0.01505760196596384 0.07252915948629379 -0.11687763780355453
v 0 0.08699427545070648 -0.10907233506441116
v 0.013549511320888996 0.08642259985208511 -0.10830298811197281
v 0 0.07554500550031662 -0.11666601151227951
v 0.013549511320888996 0.08642259985208511 -0.10830298811197281
v 0.01505760196596384 0.07252915948629379 -0.11687763780355453
v 0 0.07554500550031662 -0.11666601151227951
v -0.01505760196596384 0.07252915948629379 -0.11687763780355453
v -0.013549511320888996 0.08642259985208511 -0.10830298811197281
v 0 0.07554500550031662 -0.11666601151227951
v -0.013549511320888996 0.08642259985208511 -0.10830298811197281
v 0 0.08699427545070648 -0.10907233506441116
v 0 0.07554500550031662 -0.11666601151227951
v 0.11918438971042633 0.016878299415111542 -0.04356536641716957
v 0.12386183440685272 0.008168347179889679 -0.028254372999072075
v 0.11957358568906784 -0.01581435650587082 -0.046263277530670166
v 0.12386183440685272 0.008168347179889679 -0.028254372999072075
v 0.12276530265808105 -0.025685083121061325 -0.03276105970144272
v 0.11957358568906784 -0.01581435650587082 -0.046263277530670166
v -0.12276530265808105 -0.025685083121061325 -0.03276105970144272
v -0.12386183440685272 0.008168347179889679 -0.028254372999072075
v -0.11957358568906784 -0.01581435650587082 -0.046263277530670166
v -0.12386183440685272 0.008168347179889679 -0.028254372999072075
v -0.11918438971042633 0.016878299415111542 -0.04356536641716957
v -0.11957358568906784 -0.01581435650587082 -0.046263277530670166
v 0.11080653965473175 0.027959641069173813 -0.060734398663043976
v 0.11918438971042633 0.016878299415111542 -0.04356536641716957
v 0.11166775971651077 -0.0014579707058146596 -0.06575920432806015
v 0.11918438971042633 0.016878299415111542 -0.04356536641716957
v 0.11957358568906784 -0.01581435650587082 -0.046263277530670166
v 0.11166775971651077 -0.0014579707058146596 -0.06575920432806015
v -0.11957358568906784 -0.01581435650587082 -0.046263277530670166
v -0.11918438971042633 0.016878299415111542 -0.04356536641716957
v -0.11166775971651077 -0.0014579707058146596 -0.06575920432806015
v -0.11918438971042633 0.016878299415111542 -0.04356536641716957
v -0.11080653965473175 0.027959641069173813 -0.060734398663043976
v -0.11166775971651077 -0.0014579707058146596 -0.06575920432806015
v 0.09764978289604187 0.03936171159148216 -0.07903040945529938
v 0.11080653965473175 0.027959641069173813 -0.060734398663043976
v 0.0992371216416359 0.012613646686077118 -0.08446715027093887
v 0.11080653965473175 0.027959641069173813 -0.060734398663043976
v 0.11166775971651077 -0.0014579707058146596 -0.06575920432806015
v 0.0992371216416359 0.012613646686077118 -0.08446715027093887
v -0.11166775971651077 -0.0014579707058146596 -0.06575920432806015
v -0.11080653965473175 0.027959641069173813 -0.060734398663043976
v -0.0992371216416359 0.012613646686077118 -0.08446715027093887
v -0.11080653965473175 0.027959641069173813 -0.060734398663043976
v -0.09764978289604187 0.03936171159148216 -0.07903040945529938
v -0.0992371216416359 0.012613646686077118 -0.08446715027093887
v 0.07897764444351196 0.05180167034268379 -0.09477299451828003
v 0.09764978289604187 0.03936171159148216 -0.07903040945529938
v 0.08078937232494354 0.026783838868141174 -0.10223830491304398
v 0.09764978289604187 0.03936171159148216 -0.07903040945529938
v 0.0992371216416359 0.012613646686077118 -0.08446715027093887
v 0.08078937232494354 0.026783838868141174 -0.10223830491304398
v -0.0992371216416359 0.012613646686077118 -0.08446715027093887
v -0.09764978289604187 0.03936171159148216 -0.07903040945529938
v -0.08078937232494354 0.026783838868141174 -0.10223830491304398
v -0.09764978289604187 0.03936171159148216 -0.07903040945529938
v -0.07897764444351196 0.05180167034268379 -0.09477299451828003
v -0.08078937232494354 0.026783838868141174 -0.10223830491304398
v 0.01505760196596384 0.07252915948629379 -0.11687763780355453
v 0.0386817529797554 0.06821231544017792 -0.11230704188346863
v 0.016610555350780487 0.056001465767621994 -0.12467315793037415
v 0.0386817529797554 0.06821231544017792 -0.11230704188346863
v 0.0395752415060997 0.048342250287532806 -0.1207544356584549
v 0.016610555350780487 0.056001465767621994 -0.12467315793037415
v -0.0395752415060997 0.048342250287532806 -0.1207544356584549
v -0.0386817529797554 0.06821231544017792 -0.11230704188346863
v -0.016610555350780487 0.056001465767621994 -0.12467315793037415
v -0.0386817529797554 0.06821231544017792 -0.11230704188346863
v -0.01505760196596384 0.07252915948629379 -0.11687763780355453
v -0.016610555350780487 0.056001465767621994 -0.12467315793037415
v 0 0.07554500550031662 -0.11666601151227951
v 0.01505760196596384 0.07252915948629379 -0.11687763780355453
v 0 0.06064539775252342 -0.12428560107946396
v 0.01505760196596384 0.07252915948629379 -0.11687763780355453
v 0.016610555350780487 0.056001465767621994 -0.12467315793037415
v 0 0.06064539775252342 -0.12428560107946396
v -0.016610555350780487 0.056001465767621994 -0.12467315793037415
v -0.01505760196596384 0.07252915948629379 -0.11687763780355453
v 0 0.06064539775252342 -0.12428560107946396
v -0.01505760196596384 0.07252915948629379 -0.11687763780355453
v 0 0.07554500550031662 -0.11666601151227951
v 0 0.06064539775252342 -0.12428560107946396
v 0.11957400292158127 -0.015796858817338943 -0.04625343158841133
v 0.12276630848646164 -0.025670958682894707 -0.03274974599480629
v 0.12053726613521576 -0.02304275892674923 -0.0482625737786293
v 0.12276630848646164 -0.025670958682894707 -0.03274974599480629
v 0.1234765574336052 -0.032671235501766205 -0.033766165375709534
v 0.12053726613521576 -0.02304275892674923 -0.0482625737786293
v -0.1234765574336052 -0.032671235501766205 -0.033766165375709534
v -0.12276630848646164 -0.025670958682894707 -0.03274974599480629
v -0.12053726613521576 -0.02304275892674923 -0.0482625737786293
v -0.12276630848646164 -0.025670958682894707 -0.03274974599480629
v -0.11957400292158127 -0.015796858817338943 -0.04625343158841133
v -0.12053726613521576 -0.02304275892674923 -0.0482625737786293
v 0.11166790872812271 -0.0014377706684172153 -0.06574862450361252
v 0.11957400292158127 -0.015796858817338943 -0.04625343158841133
v 0.11303231120109558 -0.009380368515849113 -0.06842009723186493
v 0.11957400292158127 -0.015796858817338943 -0.04625343158841133
v 0.12053726613521576 -0.02304275892674923 -0.0482625737786293
v 0.11303231120109558 -0.009380368515849113 -0.06842009723186493
v -0.12053726613521576 -0.02304275892674923 -0.0482625737786293
v -0.11957400292158127 -0.015796858817338943 -0.04625343158841133
v -0.11303231120109558 -0.009380368515849113 -0.06842009723186493
v -0.11957400292158127 -0.015796858817338943 -0.04625343158841133
v -0.11166790872812271 -0.0014377706684172153 -0.06574862450361252
v -0.11303231120109558 -0.009380368515849113 -0.06842009723186493
v 0.09923607110977173 0.012636715546250343 -0.08445677906274796
v 0.11166790872812271 -0.0014377706684172153 -0.06574862450361252
v 0.10050130635499954 0.0050646839663386345 -0.0885908454656601
v 0.11166790872812271 -0.0014377706684172153 -0.06574862450361252
v 0.11303231120109558 -0.009380368515849113 -0.06842009723186493
v 0.10050130635499954 0.0050646839663386345 -0.0885908454656601
v -0.11303231120109558 -0.009380368515849113 -0.06842009723186493
v -0.11166790872812271 -0.0014377706684172153 -0.06574862450361252
v -0.10050130635499954 0.0050646839663386345 -0.0885908454656601
v -0.11166790872812271 -0.0014377706684172153 -0.06574862450361252
v -0.09923607110977173 0.012636715546250343 -0.08445677906274796
v -0.10050130635499954 0.0050646839663386345 -0.0885908454656601
v 0.08078935742378235 0.026804165914654732 -0.10222767293453217
v 0.09923607110977173 0.012636715546250343 -0.08445677906274796
v 0.083475761115551 0.01670721545815468 -0.10602424293756485
v 0.09923607110977173 0.012636715546250343 -0.08445677906274796
v 0.10050130635499954 0.0050646839663386345 -0.0885908454656601
v 0.083475761115551 0.01670721545815468 -0.10602424293756485
v -0.10050130635499954 0.0050646839663386345 -0.0885908454656601
v -0.09923607110977173 0.012636715546250343 -0.08445677906274796
v -0.083475761115551 0.01670721545815468 -0.10602424293756485
v -0.09923607110977173 0.012636715546250343 -0.08445677906274796
v -0.08078935742378235 0.026804165914654732 -0.10222767293453217
v -0.083475761115551 0.01670721545815468 -0.10602424293756485
v 0.01660790666937828 0.05601651594042778 -0.12466505914926529
v 0.039574529975652695 0.04836015775799751 -0.12074471265077591
v 0.01560907531529665 0.042070403695106506 -0.13502734899520874
v 0.039574529975652695 0.04836015775799751 -0.12074471265077591
v 0.03961854800581932 0.03637641295790672 -0.12930463254451752
v 0.01560907531529665 0.042070403695106506 -0.13502734899520874
v -0.03961854800581932 0.03637641295790672 -0.12930463254451752
v -0.039574529975652695 0.04836015775799751 -0.12074471265077591
v -0.01560907531529665 0.042070403695106506 -0.13502734899520874
v -0.039574529975652695 0.04836015775799751 -0.12074471265077591
v -0.01660790666937828 0.05601651594042778 -0.12466505914926529
v -0.01560907531529665 0.042070403695106506 -0.13502734899520874
v 0 0.06065700575709343 -0.12427884340286255
v 0.01660790666937828 0.05601651594042778 -0.12466505914926529
v 0 0.04299340024590492 -0.13621988892555237
v 0.01660790666937828 0.05601651594042778 -0.12466505914926529
v 0.01560907531529665 0.042070403695106506 -0.13502734899520874
v 0 0.04299340024590492 -0.13621988892555237
v -0.01560907531529665 0.042070403695106506 -0.13502734899520874
v -0.01660790666937828 0.05601651594042778 -0.12466505914926529
v 0 0.04299340024590492 -0.13621988892555237
v -0.01660790666937828 0.05601651594042778 -0.12466505914926529
v 0 0.06065700575709343 -0.12427884340286255
v 0 0.04299340024590492 -0.13621988892555237
v 0.12052864581346512 -0.023078735917806625 -0.048287857323884964
v 0.12347012758255005 -0.03270420432090759 -0.03378660976886749
v 0.11852606385946274 -0.032633956521749496 -0.04779907315969467
v 0.12347012758255005 -0.03270420432090759 -0.03378660976886749
v 0.12135306745767593 -0.04062846675515175 -0.03454859182238579
v 0.11852606385946274 -0.032633956521749496 -0.04779907315969467
v -0.12135306745767593 -0.04062846675515175 -0.03454859182238579
v -0.12347012758255005 -0.03270420432090759 -0.03378660976886749
v -0.11852606385946274 -0.032633956521749496 -0.04779907315969467
v -0.12347012758255005 -0.03270420432090759 -0.03378660976886749
v -0.12052864581346512 -0.023078735917806625 -0.048287857323884964
v -0.11852606385946274 -0.032633956521749496 -0.04779907315969467
v 0.11302062124013901 -0.009420562535524368 -0.06844834983348846
v 0.12052864581346512 -0.023078735917806625 -0.048287857323884964
v 0.11154714226722717 -0.01994209550321102 -0.06707955151796341
v 0.12052864581346512 -0.023078735917806625 -0.048287857323884964
v 0.11852606385946274 -0.032633956521749496 -0.04779907315969467
v 0.11154714226722717 -0.01994209550321102 -0.06707955151796341
v -0.11852606385946274 -0.032633956521749496 -0.04779907315969467
v -0.12052864581346512 -0.023078735917806625 -0.048287857323884964
v -0.11154714226722717 -0.01994209550321102 -0.06707955151796341
v -0.12052864581346512 -0.023078735917806625 -0.048287857323884964
v -0.11302062124013901 -0.009420562535524368 -0.06844834983348846
v -0.11154714226722717 -0.01994209550321102 -0.06707955151796341
v 0.1004880964756012 0.005019753705710173 -0.08861938118934631
v 0.11302062124013901 -0.009420562535524368 -0.06844834983348846
v 0.09809049218893051 -0.007287211716175079 -0.08901903033256531
v 0.11302062124013901 -0.009420562535524368 -0.06844834983348846
v 0.11154714226722717 -0.01994209550321102 -0.06707955151796341
v 0.09809049218893051 -0.007287211716175079 -0.08901903033256531
v -0.11154714226722717 -0.01994209550321102 -0.06707955151796341
v -0.11302062124013901 -0.009420562535524368 -0.06844834983348846
v -0.09809049218893051 -0.007287211716175079 -0.08901903033256531
v -0.11302062124013901 -0.009420562535524368 -0.06844834983348846
v -0.1004880964756012 0.005019753705710173 -0.08861938118934631
v -0.09809049218893051 -0.007287211716175079 -0.08901903033256531
v 0.08346009999513626 0.016659950837492943 -0.10605108737945557
v 0.1004880964756012 0.005019753705710173 -0.08861938118934631
v 0.08140430599451065 0.004058146383613348 -0.10638490319252014
v 0.1004880964756012 0.005019753705710173 -0.08861938118934631
v 0.09809049218893051 -0.007287211716175079 -0.08901903033256531
v 0.08140430599451065 0.004058146383613348 -0.10638490319252014
v -0.09809049218893051 -0.007287211716175079 -0.08901903033256531
v -0.1004880964756012 0.005019753705710173 -0.08861938118934631
v -0.08140430599451065 0.004058146383613348 -0.10638490319252014
v -0.1004880964756012 0.005019753705710173 -0.08861938118934631
v -0.08346009999513626 0.016659950837492943 -0.10605108737945557
v -0.08140430599451065 0.004058146383613348 -0.10638490319252014
v 0.015600709244608879 0.042017243802547455 -0.13504736125469208
v 0.039605237543582916 0.03632405400276184 -0.1293269246816635
v 0.012657929211854935 0.017127804458141327 -0.1363983303308487
v 0.039605237543582916 0.03632405400276184 -0.1293269246816635
v 0.03876907750964165 0.016916243359446526 -0.12963436543941498
v 0.012657929211854935 0.017127804458141327 -0.1363983303308487
v -0.03876907750964165 0.016916243359446526 -0.12963436543941498
v -0.039605237543582916 0.03632405400276184 -0.1293269246816635
v -0.012657929211854935 0.017127804458141327 -0.1363983303308487
v -0.039605237543582916 0.03632405400276184 -0.1293269246816635
v -0.015600709244608879 0.042017243802547455 -0.13504736125469208
v -0.012657929211854935 0.017127804458141327 -0.1363983303308487
v 0 0.0429406613111496 -0.13623790442943573
v 0.015600709244608879 0.042017243802547455 -0.13504736125469208
v 0.012657929211854935 0.017127804458141327 -0.1363983303308487
v 0 0.0429406613111496 -0.13623790442943573
v 0.012657929211854935 0.017127804458141327 -0.1363983303308487
v 0 0.012846839614212513 -0.13769587874412537
v -0.012657929211854935 0.017127804458141327 -0.1363983303308487
v -0.015600709244608879 0.042017243802547455 -0.13504736125469208
v 0 0.0429406613111496 -0.13623790442943573
v -0.012657929211854935 0.017127804458141327 -0.1363983303308487
v 0 0.0429406613111496 -0.13623790442943573
v 0 0.012846839614212513 -0.13769587874412537
v 0.11852999776601791 -0.03261828050017357 -0.04779471084475517
v 0.12135753780603409 -0.040615130215883255 -0.034540802240371704
v 0.11678525060415268 -0.04758298397064209 -0.05005263909697533
v 0.12135753780603409 -0.040615130215883255 -0.034540802240371704
v 0.11969754844903946 -0.05528977885842323 -0.03582151234149933
v 0.11678525060415268 -0.04758298397064209 -0.05005263909697533
v -0.11969754844903946 -0.05528977885842323 -0.03582151234149933
v -0.12135753780603409 -0.040615130215883255 -0.034540802240371704
v -0.11678525060415268 -0.04758298397064209 -0.05005263909697533
v -0.12135753780603409 -0.040615130215883255 -0.034540802240371704
v -0.11852999776601791 -0.03261828050017357 -0.04779471084475517
v -0.11678525060415268 -0.04758298397064209 -0.05005263909697533
v 0.1115509420633316 -0.01992400363087654 -0.06707660108804703
v 0.11852999776601791 -0.03261828050017357 -0.04779471084475517
v 0.10964158177375793 -0.038994256407022476 -0.06986522674560547
v 0.11852999776601791 -0.03261828050017357 -0.04779471084475517
v 0.11678525060415268 -0.04758298397064209 -0.05005263909697533
v 0.10964158177375793 -0.038994256407022476 -0.06986522674560547
v -0.11678525060415268 -0.04758298397064209 -0.05005263909697533
v -0.11852999776601791 -0.03261828050017357 -0.04779471084475517
v -0.10964158177375793 -0.038994256407022476 -0.06986522674560547
v -0.11852999776601791 -0.03261828050017357 -0.04779471084475517
v -0.1115509420633316 -0.01992400363087654 -0.06707660108804703
v -0.10964158177375793 -0.038994256407022476 -0.06986522674560547
v 0.09809315949678421 -0.007269708439707756 -0.08901729434728622
v 0.1115509420633316 -0.01992400363087654 -0.06707660108804703
v 0.09670236706733704 -0.032076843082904816 -0.09180069714784622
v 0.1115509420633316 -0.01992400363087654 -0.06707660108804703
v 0.10964158177375793 -0.038994256407022476 -0.06986522674560547
v 0.09670236706733704 -0.032076843082904816 -0.09180069714784622
v -0.10964158177375793 -0.038994256407022476 -0.06986522674560547
v -0.1115509420633316 -0.01992400363087654 -0.06707660108804703
v -0.09670236706733704 -0.032076843082904816 -0.09180069714784622
v -0.1115509420633316 -0.01992400363087654 -0.06707660108804703
v -0.09809315949678421 -0.007269708439707756 -0.08901729434728622
v -0.09670236706733704 -0.032076843082904816 -0.09180069714784622
v 0.08140487223863602 0.004074051044881344 -0.10638461261987686
v 0.09809315949678421 -0.007269708439707756 -0.08901729434728622
v 0.08093658834695816 -0.028217863291502 -0.10938262939453125
v 0.09809315949678421 -0.007269708439707756 -0.08901729434728622
v 0.09670236706733704 -0.032076843082904816 -0.09180069714784622
v 0.08093658834695816 -0.028217863291502 -0.10938262939453125
v -0.09670236706733704 -0.032076843082904816 -0.09180069714784622
v -0.09809315949678421 -0.007269708439707756 -0.08901729434728622
v -0.08093658834695816 -0.028217863291502 -0.10938262939453125
v -0.09809315949678421 -0.007269708439707756 -0.08901729434728622
v -0.08140487223863602 0.004074051044881344 -0.10638461261987686
v -0.08093658834695816 -0.028217863291502 -0.10938262939453125
v 0.012659193016588688 0.01713547296822071 -0.136397585272789
v 0.03876664116978645 0.016927972435951233 -0.1296345591545105
v 0.02053353190422058 -0.02519684098660946 -0.13939273357391357
v 0.03876664116978645 0.016927972435951233 -0.1296345591545105
v 0.04000326246023178 -0.0253289882093668 -0.13400425016880035
v 0.02053353190422058 -0.02519684098660946 -0.13939273357391357
v -0.04000326246023178 -0.0253289882093668 -0.13400425016880035
v -0.03876664116978645 0.016927972435951233 -0.1296345591545105
v -0.02053353190422058 -0.02519684098660946 -0.13939273357391357
v -0.03876664116978645 0.016927972435951233 -0.1296345591545105
v -0.012659193016588688 0.01713547296822071 -0.136397585272789
v -0.02053353190422058 -0.02519684098660946 -0.13939273357391357
v 0 0.01285065058618784 -0.13769562542438507
v 0.012659193016588688 0.01713547296822071 -0.136397585272789
v 0.02053353190422058 -0.02519684098660946 -0.13939273357391357
v 0 0.01285065058618784 -0.13769562542438507
v 0.02053353190422058 -0.02519684098660946 -0.13939273357391357
v 0 -0.025032181292772293 -0.1410496085882187
v -0.02053353190422058 -0.02519684098660946 -0.13939273357391357
v -0.012659193016588688 0.01713547296822071 -0.136397585272789
v 0 0.01285065058618784 -0.13769562542438507
v -0.02053353190422058 -0.02519684098660946 -0.13939273357391357
v 0 0.01285065058618784 -0.13769562542438507
v 0 -0.025032181292772293 -0.1410496085882187
v 0 -0.02514042891561985 -0.1409606784582138
v 0.020515764132142067 -0.025306478142738342 -0.13930517435073853
v 0 -0.02582046389579773 -0.13462834060192108
v 0.020515764132142067 -0.025306478142738342 -0.13930517435073853
v 0.019937345758080482 -0.02594631537795067 -0.1329505890607834
v 0 -0.02582046389579773 -0.13462834060192108
v -0.019937345758080482 -0.02594631537795067 -0.1329505890607834
v -0.020515764132142067 -0.025306478142738342 -0.13930517435073853
v 0 -0.02582046389579773 -0.13462834060192108
v -0.020515764132142067 -0.025306478142738342 -0.13930517435073853
v 0 -0.02514042891561985 -0.1409606784582138
v 0 -0.02582046389579773 -0.13462834060192108
v 0.020515764132142067 -0.025306478142738342 -0.13930517435073853
v 0.03996852785348892 -0.025438085198402405 -0.13392525911331177
v 0.019937345758080482 -0.02594631537795067 -0.1329505890607834
v 0.03996852785348892 -0.025438085198402405 -0.13392525911331177
v 0.0391576923429966 -0.026403220370411873 -0.127643421292305
v 0.019937345758080482 -0.02594631537795067 -0.1329505890607834
v -0.0391576923429966 -0.026403220370411873 -0.127643421292305
v -0.03996852785348892 -0.025438085198402405 -0.13392525911331177
v -0.019937345758080482 -0.02594631537795067 -0.1329505890607834
v -0.03996852785348892 -0.025438085198402405 -0.13392525911331177
v -0.020515764132142067 -0.025306478142738342 -0.13930517435073853
v -0.019937345758080482 -0.02594631537795067 -0.1329505890607834
v 0.08087259531021118 -0.028320053592324257 -0.10933443903923035
v 0.09662341326475143 -0.03217403218150139 -0.0917716845870018
v 0.076961949467659 -0.029716840013861656 -0.10424243658781052
v 0.09662341326475143 -0.03217403218150139 -0.0917716845870018
v 0.09162615239620209 -0.0336429700255394 -0.0875900387763977
v 0.076961949467659 -0.029716840013861656 -0.10424243658781052
v -0.09162615239620209 -0.0336429700255394 -0.0875900387763977
v -0.09662341326475143 -0.03217403218150139 -0.0917716845870018
v -0.076961949467659 -0.029716840013861656 -0.10424243658781052
v -0.09662341326475143 -0.03217403218150139 -0.0917716845870018
v -0.08087259531021118 -0.028320053592324257 -0.10933443903923035
v -0.076961949467659 -0.029716840013861656 -0.10424243658781052
v 0.09662341326475143 -0.03217403218150139 -0.0917716845870018
v 0.10955402255058289 -0.03908462077379227 -0.06985801458358765
v 0.09162615239620209 -0.0336429700255394 -0.0875900387763977
v 0.10955402255058289 -0.03908462077379227 -0.06985801458358765
v 0.10364674776792526 -0.04052920639514923 -0.06682153046131134
v 0.09162615239620209 -0.0336429700255394 -0.0875900387763977
v -0.10364674776792526 -0.04052920639514923 -0.06682153046131134
v -0.10955402255058289 -0.03908462077379227 -0.06985801458358765
v -0.09162615239620209 -0.0336429700255394 -0.0875900387763977
v -0.10955402255058289 -0.03908462077379227 -0.06985801458358765
v -0.09662341326475143 -0.03217403218150139 -0.0917716845870018
v -0.09162615239620209 -0.0336429700255394 -0.0875900387763977
v 0.10955402255058289 -0.03908462077379227 -0.06985801458358765
v 0.11669302731752396 -0.04766567423939705 -0.050067149102687836
v 0.10364674776792526 -0.04052920639514923 -0.06682153046131134
v 0.11669302731752396 -0.04766567423939705 -0.050067149102687836
v 0.11002443730831146 -0.04844237118959427 -0.049027733504772186
v 0.10364674776792526 -0.04052920639514923 -0.06682153046131134
v -0.11002443730831146 -0.04844237118959427 -0.049027733504772186
v -0.11669302731752396 -0.04766567423939705 -0.050067149102687836
v -0.10364674776792526 -0.04052920639514923 -0.06682153046131134
v -0.11669302731752396 -0.04766567423939705 -0.050067149102687836
v -0.10955402255058289 -0.03908462077379227 -0.06985801458358765
v -0.10364674776792526 -0.04052920639514923 -0.06682153046131134
v 0.11669302731752396 -0.04766567423939705 -0.050067149102687836
v 0.11960499733686447 -0.055368516594171524 -0.03584521636366844
v 0.11308331787586212 -0.05571846663951874 -0.03575136139988899
v 0.11669302731752396 -0.04766567423939705 -0.050067149102687836
v 0.11308331787586212 -0.05571846663951874 -0.03575136139988899
v 0.11002443730831146 -0.04844237118959427 -0.049027733504772186
v -0.11308331787586212 -0.05571846663951874 -0.03575136139988899
v -0.11960499733686447 -0.055368516594171524 -0.03584521636366844
v -0.11669302731752396 -0.04766567423939705 -0.050067149102687836
v -0.11308331787586212 -0.05571846663951874 -0.03575136139988899
v -0.11669302731752396 -0.04766567423939705 -0.050067149102687836
v -0.11002443730831146 -0.04844237118959427 -0.049027733504772186
v 0 -0.023257793858647346 -0.1320199966430664
v 0 -0.04536878317594528 -0.1318230926990509
v 0.0197805967181921 -0.04595475643873215 -0.13000476360321045
v 0 -0.023257793858647346 -0.1320199966430664
v 0.0197805967181921 -0.04595475643873215 -0.13000476360321045
v 0.02153707668185234 -0.023582983762025833 -0.12972542643547058
v -0.0197805967181921 -0.04595475643873215 -0.13000476360321045
v 0 -0.04536878317594528 -0.1318230926990509
v 0 -0.023257793858647346 -0.1320199966430664
v -0.0197805967181921 -0.04595475643873215 -0.13000476360321045
v 0 -0.023257793858647346 -0.1320199966430664
v -0.02153707668185234 -0.023582983762025833 -0.12972542643547058
v 0.02153707668185234 -0.023582983762025833 -0.12972542643547058
v 0.0197805967181921 -0.04595475643873215 -0.13000476360321045
v 0.040158286690711975 -0.04590502753853798 -0.1243012398481369
v 0.02153707668185234 -0.023582983762025833 -0.12972542643547058
v 0.040158286690711975 -0.04590502753853798 -0.1243012398481369
v 0.041547320783138275 -0.023931942880153656 -0.12378458678722382
v -0.040158286690711975 -0.04590502753853798 -0.1243012398481369
v -0.0197805967181921 -0.04595475643873215 -0.13000476360321045
v -0.02153707668185234 -0.023582983762025833 -0.12972542643547058
v -0.040158286690711975 -0.04590502753853798 -0.1243012398481369
v -0.02153707668185234 -0.023582983762025833 -0.12972542643547058
v -0.041547320783138275 -0.023931942880153656 -0.12378458678722382
v 0.041547320783138275 -0.023931942880153656 -0.12378458678722382
v 0.040158286690711975 -0.04590502753853798 -0.1243012398481369
v 0.05572541803121567 -0.0250450000166893 -0.11666632443666458
v 0.040158286690711975 -0.04590502753853798 -0.1243012398481369
v 0.055309899151325226 -0.04682318493723869 -0.11700195074081421
v 0.05572541803121567 -0.0250450000166893 -0.11666632443666458
v -0.055309899151325226 -0.04682318493723869 -0.11700195074081421
v -0.040158286690711975 -0.04590502753853798 -0.1243012398481369
v -0.05572541803121567 -0.0250450000166893 -0.11666632443666458
v -0.040158286690711975 -0.04590502753853798 -0.1243012398481369
v -0.041547320783138275 -0.023931942880153656 -0.12378458678722382
v -0.05572541803121567 -0.0250450000166893 -0.11666632443666458
v 0.05572541803121567 -0.0250450000166893 -0.11666632443666458
v 0.055309899151325226 -0.04682318493723869 -0.11700195074081421
v 0.07635597884654999 -0.027525797486305237 -0.10098689794540405
v 0.055309899151325226 -0.04682318493723869 -0.11700195074081421
v 0.07512201368808746 -0.05010632053017616 -0.10157570242881775
v 0.07635597884654999 -0.027525797486305237 -0.10098689794540405
v -0.07512201368808746 -0.05010632053017616 -0.10157570242881775
v -0.055309899151325226 -0.04682318493723869 -0.11700195074081421
v -0.07635597884654999 -0.027525797486305237 -0.10098689794540405
v -0.055309899151325226 -0.04682318493723869 -0.11700195074081421
v -0.05572541803121567 -0.0250450000166893 -0.11666632443666458
v -0.07635597884654999 -0.027525797486305237 -0.10098689794540405
v 0.07635597884654999 -0.027525797486305237 -0.10098689794540405
v 0.07512201368808746 -0.05010632053017616 -0.10157570242881775
v 0.09135840088129044 -0.03204730898141861 -0.08326658606529236
v 0.07512201368808746 -0.05010632053017616 -0.10157570242881775
v 0.08955318480730057 -0.052071429789066315 -0.08428587019443512
v 0.09135840088129044 -0.03204730898141861 -0.08326658606529236
v -0.08955318480730057 -0.052071429789066315 -0.08428587019443512
v -0.07512201368808746 -0.05010632053017616 -0.10157570242881775
v -0.09135840088129044 -0.03204730898141861 -0.08326658606529236
v -0.07512201368808746 -0.05010632053017616 -0.10157570242881775
v -0.07635597884654999 -0.027525797486305237 -0.10098689794540405
v -0.09135840088129044 -0.03204730898141861 -0.08326658606529236
v 0.09135840088129044 -0.03204730898141861 -0.08326658606529236
v 0.08955318480730057 -0.052071429789066315 -0.08428587019443512
v 0.10194951295852661 -0.03832579031586647 -0.06448698788881302
v 0.08955318480730057 -0.052071429789066315 -0.08428587019443512
v 0.09957531839609146 -0.05636316165328026 -0.0659048780798912
v 0.10194951295852661 -0.03832579031586647 -0.06448698788881302
v -0.09957531839609146 -0.05636316165328026 -0.0659048780798912
v -0.08955318480730057 -0.052071429789066315 -0.08428587019443512
v -0.10194951295852661 -0.03832579031586647 -0.06448698788881302
v -0.08955318480730057 -0.052071429789066315 -0.08428587019443512
v -0.09135840088129044 -0.03204730898141861 -0.08326658606529236
v -0.10194951295852661 -0.03832579031586647 -0.06448698788881302
v 0.10194951295852661 -0.03832579031586647 -0.06448698788881302
v 0.09957531839609146 -0.05636316165328026 -0.0659048780798912
v 0.10814360529184341 -0.0458652637898922 -0.04699690267443657
v 0.09957531839609146 -0.05636316165328026 -0.0659048780798912
v 0.10523222386837006 -0.06362248212099075 -0.0490572415292263
v 0.10814360529184341 -0.0458652637898922 -0.04699690267443657
v -0.10523222386837006 -0.06362248212099075 -0.0490572415292263
v -0.09957531839609146 -0.05636316165328026 -0.0659048780798912
v -0.10814360529184341 -0.0458652637898922 -0.04699690267443657
v -0.09957531839609146 -0.05636316165328026 -0.0659048780798912
v -0.10194951295852661 -0.03832579031586647 -0.06448698788881302
v -0.10814360529184341 -0.0458652637898922 -0.04699690267443657
v 0.10523222386837006 -0.06362248212099075 -0.0490572415292263
v 0.10821438580751419 -0.0681205466389656 -0.03733371943235397
v 0.11050533503293991 -0.05304914712905884 -0.0354432612657547
v 0.10523222386837006 -0.06362248212099075 -0.0490572415292263
v 0.11050533503293991 -0.05304914712905884 -0.0354432612657547
v 0.10814360529184341 -0.0458652637898922 -0.04699690267443657
v -0.11050533503293991 -0.05304914712905884 -0.0354432612657547
v -0.10821438580751419 -0.0681205466389656 -0.03733371943235397
v -0.10523222386837006 -0.06362248212099075 -0.0490572415292263
v -0.11050533503293991 -0.05304914712905884 -0.0354432612657547
v -0.10523222386837006 -0.06362248212099075 -0.0490572415292263
v -0.10814360529184341 -0.0458652637898922 -0.04699690267443657
v 0 -0.04536878317594528 -0.1318230926990509
v 0 -0.06973858922719955 -0.13029201328754425
v 0.017579929903149605 -0.06996333599090576 -0.12893420457839966
v 0 -0.04536878317594528 -0.1318230926990509
v 0.017579929903149605 -0.06996333599090576 -0.12893420457839966
v 0.0197805967181921 -0.04595475643873215 -0.13000476360321045
v -0.017579929903149605 -0.06996333599090576 -0.12893420457839966
v 0 -0.06973858922719955 -0.13029201328754425
v 0 -0.04536878317594528 -0.1318230926990509
v -0.017579929903149605 -0.06996333599090576 -0.12893420457839966
v 0 -0.04536878317594528 -0.1318230926990509
v -0.0197805967181921 -0.04595475643873215 -0.13000476360321045
v 0.0197805967181921 -0.04595475643873215 -0.13000476360321045
v 0.017579929903149605 -0.06996333599090576 -0.12893420457839966
v 0.03970631957054138 -0.069635771214962 -0.12314507365226746
v 0.0197805967181921 -0.04595475643873215 -0.13000476360321045
v 0.03970631957054138 -0.069635771214962 -0.12314507365226746
v 0.040158286690711975 -0.04590502753853798 -0.1243012398481369
v -0.03970631957054138 -0.069635771214962 -0.12314507365226746
v -0.017579929903149605 -0.06996333599090576 -0.12893420457839966
v -0.0197805967181921 -0.04595475643873215 -0.13000476360321045
v -0.03970631957054138 -0.069635771214962 -0.12314507365226746
v -0.0197805967181921 -0.04595475643873215 -0.13000476360321045
v -0.040158286690711975 -0.04590502753853798 -0.1243012398481369
v 0.040158286690711975 -0.04590502753853798 -0.1243012398481369
v 0.03970631957054138 -0.069635771214962 -0.12314507365226746
v 0.055309899151325226 -0.04682318493723869 -0.11700195074081421
v 0.03970631957054138 -0.069635771214962 -0.12314507365226746
v 0.058309704065322876 -0.06950884312391281 -0.11359377950429916
v 0.055309899151325226 -0.04682318493723869 -0.11700195074081421
v -0.058309704065322876 -0.06950884312391281 -0.11359377950429916
v -0.03970631957054138 -0.069635771214962 -0.12314507365226746
v -0.055309899151325226 -0.04682318493723869 -0.11700195074081421
v -0.03970631957054138 -0.069635771214962 -0.12314507365226746
v -0.040158286690711975 -0.04590502753853798 -0.1243012398481369
v -0.055309899151325226 -0.04682318493723869 -0.11700195074081421
v 0.055309899151325226 -0.04682318493723869 -0.11700195074081421
v 0.058309704065322876 -0.06950884312391281 -0.11359377950429916
v 0.07512201368808746 -0.05010632053017616 -0.10157570242881775
v 0.058309704065322876 -0.06950884312391281 -0.11359377950429916
v 0.07438589632511139 -0.06956104934215546 -0.10069295018911362
v 0.07512201368808746 -0.05010632053017616 -0.10157570242881775
v -0.07438589632511139 -0.06956104934215546 -0.10069295018911362
v -0.058309704065322876 -0.06950884312391281 -0.11359377950429916
v -0.07512201368808746 -0.05010632053017616 -0.10157570242881775
v -0.058309704065322876 -0.06950884312391281 -0.11359377950429916
v -0.055309899151325226 -0.04682318493723869 -0.11700195074081421
v -0.07512201368808746 -0.05010632053017616 -0.10157570242881775
v 0.07512201368808746 -0.05010632053017616 -0.10157570242881775
v 0.07438589632511139 -0.06956104934215546 -0.10069295018911362
v 0.08955318480730057 -0.052071429789066315 -0.08428587019443512
v 0.07438589632511139 -0.06956104934215546 -0.10069295018911362
v 0.08762691169977188 -0.0712011307477951 -0.08412803709506989
v 0.08955318480730057 -0.052071429789066315 -0.08428587019443512
v -0.08762691169977188 -0.0712011307477951 -0.08412803709506989
v -0.07438589632511139 -0.06956104934215546 -0.10069295018911362
v -0.08955318480730057 -0.052071429789066315 -0.08428587019443512
v -0.07438589632511139 -0.06956104934215546 -0.10069295018911362
v -0.07512201368808746 -0.05010632053017616 -0.10157570242881775
v -0.08955318480730057 -0.052071429789066315 -0.08428587019443512
v 0.08955318480730057 -0.052071429789066315 -0.08428587019443512
v 0.08762691169977188 -0.0712011307477951 -0.08412803709506989
v 0.09957531839609146 -0.05636316165328026 -0.0659048780798912
v 0.08762691169977188 -0.0712011307477951 -0.08412803709506989
v 0.09767866879701614 -0.07433503121137619 -0.06525257229804993
v 0.09957531839609146 -0.05636316165328026 -0.0659048780798912
v -0.09767866879701614 -0.07433503121137619 -0.06525257229804993
v -0.08762691169977188 -0.0712011307477951 -0.08412803709506989
v -0.09957531839609146 -0.05636316165328026 -0.0659048780798912
v -0.08762691169977188 -0.0712011307477951 -0.08412803709506989
v -0.08955318480730057 -0.052071429789066315 -0.08428587019443512
v -0.09957531839609146 -0.05636316165328026 -0.0659048780798912
v 0.09957531839609146 -0.05636316165328026 -0.0659048780798912
v 0.09767866879701614 -0.07433503121137619 -0.06525257229804993
v 0.10523222386837006 -0.06362248212099075 -0.0490572415292263
v 0.09767866879701614 -0.07433503121137619 -0.06525257229804993
v 0.10307437181472778 -0.0774347335100174 -0.05027705058455467
v 0.10523222386837006 -0.06362248212099075 -0.0490572415292263
v -0.10307437181472778 -0.0774347335100174 -0.05027705058455467
v -0.09767866879701614 -0.07433503121137619 -0.06525257229804993
v -0.10523222386837006 -0.06362248212099075 -0.0490572415292263
v -0.09767866879701614 -0.07433503121137619 -0.06525257229804993
v -0.09957531839609146 -0.05636316165328026 -0.0659048780798912
v -0.10523222386837006 -0.06362248212099075 -0.0490572415292263
v 0.10523222386837006 -0.06362248212099075 -0.0490572415292263
v 0.10307437181472778 -0.0774347335100174 -0.05027705058455467
v 0.10821438580751419 -0.0681205466389656 -0.03733371943235397
v 0.10307437181472778 -0.0774347335100174 -0.05027705058455467
v 0.10542162507772446 -0.08180293440818787 -0.038924623280763626
v 0.10821438580751419 -0.0681205466389656 -0.03733371943235397
v -0.10542162507772446 -0.08180293440818787 -0.038924623280763626
v -0.10307437181472778 -0.0774347335100174 -0.05027705058455467
v -0.10821438580751419 -0.0681205466389656 -0.03733371943235397
v -0.10307437181472778 -0.0774347335100174 -0.05027705058455467
v -0.10523222386837006 -0.06362248212099075 -0.0490572415292263
v -0.10821438580751419 -0.0681205466389656 -0.03733371943235397
v 0 -0.070781409740448 -0.11757401376962662
v 0 -0.07539825141429901 -0.11754972487688065
v 0.014732570387423038 -0.07065777480602264 -0.11634021252393723
v 0 -0.07539825141429901 -0.11754972487688065
v 0.015176049433648586 -0.07545019686222076 -0.11689478904008865
v 0.014732570387423038 -0.07065777480602264 -0.11634021252393723
v -0.015176049433648586 -0.07545019686222076 -0.11689478904008865
v 0 -0.07539825141429901 -0.11754972487688065
v -0.014732570387423038 -0.07065777480602264 -0.11634021252393723
v 0 -0.07539825141429901 -0.11754972487688065
v 0 -0.070781409740448 -0.11757401376962662
v -0.014732570387423038 -0.07065777480602264 -0.11634021252393723
v 0.014732570387423038 -0.07065777480602264 -0.11634021252393723
v 0.015176049433648586 -0.07545019686222076 -0.11689478904008865
v 0.03393089026212692 -0.07067763060331345 -0.1116136759519577
v 0.015176049433648586 -0.07545019686222076 -0.11689478904008865
v 0.03431317210197449 -0.07544703036546707 -0.11211728304624557
v 0.03393089026212692 -0.07067763060331345 -0.1116136759519577
v -0.03431317210197449 -0.07544703036546707 -0.11211728304624557
v -0.015176049433648586 -0.07545019686222076 -0.11689478904008865
v -0.03393089026212692 -0.07067763060331345 -0.1116136759519577
v -0.015176049433648586 -0.07545019686222076 -0.11689478904008865
v -0.014732570387423038 -0.07065777480602264 -0.11634021252393723
v -0.03393089026212692 -0.07067763060331345 -0.1116136759519577
v 0.03393089026212692 -0.07067763060331345 -0.1116136759519577
v 0.03431317210197449 -0.07544703036546707 -0.11211728304624557
v 0.05127757415175438 -0.07094094902276993 -0.10278142988681793
v 0.03431317210197449 -0.07544703036546707 -0.11211728304624557
v 0.05150076001882553 -0.07567545771598816 -0.10323862731456757
v 0.05127757415175438 -0.07094094902276993 -0.10278142988681793
v -0.05150076001882553 -0.07567545771598816 -0.10323862731456757
v -0.03431317210197449 -0.07544703036546707 -0.11211728304624557
v -0.05127757415175438 -0.07094094902276993 -0.10278142988681793
v -0.03431317210197449 -0.07544703036546707 -0.11211728304624557
v -0.03393089026212692 -0.07067763060331345 -0.1116136759519577
v -0.05127757415175438 -0.07094094902276993 -0.10278142988681793
v 0.05127757415175438 -0.07094094902276993 -0.10278142988681793
v 0.05150076001882553 -0.07567545771598816 -0.10323862731456757
v 0.06661682575941086 -0.0718076154589653 -0.08972620218992233
v 0.05150076001882553 -0.07567545771598816 -0.10323862731456757
v 0.0666351318359375 -0.07661712169647217 -0.09010204672813416
v 0.06661682575941086 -0.0718076154589653 -0.08972620218992233
v -0.0666351318359375 -0.07661712169647217 -0.09010204672813416
v -0.05150076001882553 -0.07567545771598816 -0.10323862731456757
v -0.06661682575941086 -0.0718076154589653 -0.08972620218992233
v -0.05150076001882553 -0.07567545771598816 -0.10323862731456757
v -0.05127757415175438 -0.07094094902276993 -0.10278142988681793
v -0.06661682575941086 -0.0718076154589653 -0.08972620218992233
v 0.06661682575941086 -0.0718076154589653 -0.08972620218992233
v 0.0666351318359375 -0.07661712169647217 -0.09010204672813416
v 0.07803575694561005 -0.07837125658988953 -0.07599267363548279
v 0.06661682575941086 -0.0718076154589653 -0.08972620218992233
v 0.07803575694561005 -0.07837125658988953 -0.07599267363548279
v 0.07801367342472076 -0.07364276796579361 -0.07482007145881653
v -0.07803575694561005 -0.07837125658988953 -0.07599267363548279
v -0.0666351318359375 -0.07661712169647217 -0.09010204672813416
v -0.06661682575941086 -0.0718076154589653 -0.08972620218992233
v -0.07803575694561005 -0.07837125658988953 -0.07599267363548279
v -0.06661682575941086 -0.0718076154589653 -0.08972620218992233
v -0.07801367342472076 -0.07364276796579361 -0.07482007145881653
v 0.07801367342472076 -0.07364276796579361 -0.07482007145881653
v 0.07803575694561005 -0.07837125658988953 -0.07599267363548279
v 0.08649439364671707 -0.08176964521408081 -0.058098722249269485
v 0.07801367342472076 -0.07364276796579361 -0.07482007145881653
v 0.08649439364671707 -0.08176964521408081 -0.058098722249269485
v 0.08670280128717422 -0.07704458385705948 -0.05711036175489426
v -0.08649439364671707 -0.08176964521408081 -0.058098722249269485
v -0.07803575694561005 -0.07837125658988953 -0.07599267363548279
v -0.07801367342472076 -0.07364276796579361 -0.07482007145881653
v -0.08649439364671707 -0.08176964521408081 -0.058098722249269485
v -0.07801367342472076 -0.07364276796579361 -0.07482007145881653
v -0.08670280128717422 -0.07704458385705948 -0.05711036175489426
v 0.08670280128717422 -0.07704458385705948 -0.05711036175489426
v 0.08649439364671707 -0.08176964521408081 -0.058098722249269485
v 0.09034129232168198 -0.07980164885520935 -0.045817065984010696
v 0.08649439364671707 -0.08176964521408081 -0.058098722249269485
v 0.09015664458274841 -0.08456433564424515 -0.04705766960978508
v 0.09034129232168198 -0.07980164885520935 -0.045817065984010696
v -0.09015664458274841 -0.08456433564424515 -0.04705766960978508
v -0.08649439364671707 -0.08176964521408081 -0.058098722249269485
v -0.09034129232168198 -0.07980164885520935 -0.045817065984010696
v -0.08649439364671707 -0.08176964521408081 -0.058098722249269485
v -0.08670280128717422 -0.07704458385705948 -0.05711036175489426
v -0.09034129232168198 -0.07980164885520935 -0.045817065984010696
v 0.09034129232168198 -0.07980164885520935 -0.045817065984010696
v 0.09015664458274841 -0.08456433564424515 -0.04705766960978508
v 0.09201977401971817 -0.0819513127207756 -0.03895726054906845
v 0.09015664458274841 -0.08456433564424515 -0.04705766960978508
v 0.0920867770910263 -0.08679630607366562 -0.03940447419881821
v 0.09201977401971817 -0.0819513127207756 -0.03895726054906845
v -0.0920867770910263 -0.08679630607366562 -0.03940447419881821
v -0.09015664458274841 -0.08456433564424515 -0.04705766960978508
v -0.09201977401971817 -0.0819513127207756 -0.03895726054906845
v -0.09015664458274841 -0.08456433564424515 -0.04705766960978508
v -0.09034129232168198 -0.07980164885520935 -0.045817065984010696
v -0.09201977401971817 -0.0819513127207756 -0.03895726054906845
v 0 -0.07539825141429901 -0.11754972487688065
v 0 -0.07602039724588394 -0.13316717743873596
v 0.015176049433648586 -0.07545019686222076 -0.11689478904008865
v 0 -0.07602039724588394 -0.13316717743873596
v 0.019644519314169884 -0.07562486827373505 -0.13152675330638885
v 0.015176049433648586 -0.07545019686222076 -0.11689478904008865
v -0.019644519314169884 -0.07562486827373505 -0.13152675330638885
v 0 -0.07602039724588394 -0.13316717743873596
v -0.015176049433648586 -0.07545019686222076 -0.11689478904008865
v 0 -0.07602039724588394 -0.13316717743873596
v 0 -0.07539825141429901 -0.11754972487688065
v -0.015176049433648586 -0.07545019686222076 -0.11689478904008865
v 0.015176049433648586 -0.07545019686222076 -0.11689478904008865
v 0.019644519314169884 -0.07562486827373505 -0.13152675330638885
v 0.03431317210197449 -0.07544703036546707 -0.11211728304624557
v 0.019644519314169884 -0.07562486827373505 -0.13152675330638885
v 0.04144984111189842 -0.07546892762184143 -0.12573084235191345
v 0.03431317210197449 -0.07544703036546707 -0.11211728304624557
v -0.04144984111189842 -0.07546892762184143 -0.12573084235191345
v -0.019644519314169884 -0.07562486827373505 -0.13152675330638885
v -0.03431317210197449 -0.07544703036546707 -0.11211728304624557
v -0.019644519314169884 -0.07562486827373505 -0.13152675330638885
v -0.015176049433648586 -0.07545019686222076 -0.11689478904008865
v -0.03431317210197449 -0.07544703036546707 -0.11211728304624557
v 0.05150076001882553 -0.07567545771598816 -0.10323862731456757
v 0.03431317210197449 -0.07544703036546707 -0.11211728304624557
v 0.04144984111189842 -0.07546892762184143 -0.12573084235191345
v 0.05150076001882553 -0.07567545771598816 -0.10323862731456757
v 0.04144984111189842 -0.07546892762184143 -0.12573084235191345
v 0.05970689654350281 -0.07487820088863373 -0.11606676131486893
v -0.04144984111189842 -0.07546892762184143 -0.12573084235191345
v -0.03431317210197449 -0.07544703036546707 -0.11211728304624557
v -0.05150076001882553 -0.07567545771598816 -0.10323862731456757
v -0.04144984111189842 -0.07546892762184143 -0.12573084235191345
v -0.05150076001882553 -0.07567545771598816 -0.10323862731456757
v -0.05970689654350281 -0.07487820088863373 -0.11606676131486893
v 0.05150076001882553 -0.07567545771598816 -0.10323862731456757
v 0.05970689654350281 -0.07487820088863373 -0.11606676131486893
v 0.07563754916191101 -0.07521206885576248 -0.10312456637620926
v 0.05150076001882553 -0.07567545771598816 -0.10323862731456757
v 0.07563754916191101 -0.07521206885576248 -0.10312456637620926
v 0.0666351318359375 -0.07661712169647217 -0.09010204672813416
v -0.07563754916191101 -0.07521206885576248 -0.10312456637620926
v -0.05970689654350281 -0.07487820088863373 -0.11606676131486893
v -0.05150076001882553 -0.07567545771598816 -0.10323862731456757
v -0.07563754916191101 -0.07521206885576248 -0.10312456637620926
v -0.05150076001882553 -0.07567545771598816 -0.10323862731456757
v -0.0666351318359375 -0.07661712169647217 -0.09010204672813416
v 0.07803575694561005 -0.07837125658988953 -0.07599267363548279
v 0.08899731934070587 -0.0767941102385521 -0.08671066910028458
v 0.09912474453449249 -0.07953793555498123 -0.0684688538312912
v 0.07803575694561005 -0.07837125658988953 -0.07599267363548279
v 0.09912474453449249 -0.07953793555498123 -0.0684688538312912
v 0.08649439364671707 -0.08176964521408081 -0.058098722249269485
v -0.09912474453449249 -0.07953793555498123 -0.0684688538312912
v -0.08899731934070587 -0.0767941102385521 -0.08671066910028458
v -0.07803575694561005 -0.07837125658988953 -0.07599267363548279
v -0.09912474453449249 -0.07953793555498123 -0.0684688538312912
v -0.07803575694561005 -0.07837125658988953 -0.07599267363548279
v -0.08649439364671707 -0.08176964521408081 -0.058098722249269485
v 0.0666351318359375 -0.07661712169647217 -0.09010204672813416
v 0.07563754916191101 -0.07521206885576248 -0.10312456637620926
v 0.08899731934070587 -0.0767941102385521 -0.08671066910028458
v 0.0666351318359375 -0.07661712169647217 -0.09010204672813416
v 0.08899731934070587 -0.0767941102385521 -0.08671066910028458
v 0.07803575694561005 -0.07837125658988953 -0.07599267363548279
v -0.08899731934070587 -0.0767941102385521 -0.08671066910028458
v -0.07563754916191101 -0.07521206885576248 -0.10312456637620926
v -0.0666351318359375 -0.07661712169647217 -0.09010204672813416
v -0.08899731934070587 -0.0767941102385521 -0.08671066910028458
v -0.0666351318359375 -0.07661712169647217 -0.09010204672813416
v -0.07803575694561005 -0.07837125658988953 -0.07599267363548279
v 0.08649439364671707 -0.08176964521408081 -0.058098722249269485
v 0.09912474453449249 -0.07953793555498123 -0.0684688538312912
v 0.10456569492816925 -0.08299066871404648 -0.05307406932115555
v 0.08649439364671707 -0.08176964521408081 -0.058098722249269485
v 0.10456569492816925 -0.08299066871404648 -0.05307406932115555
v 0.09015664458274841 -0.08456433564424515 -0.04705766960978508
v -0.10456569492816925 -0.08299066871404648 -0.05307406932115555
v -0.09912474453449249 -0.07953793555498123 -0.0684688538312912
v -0.08649439364671707 -0.08176964521408081 -0.058098722249269485
v -0.10456569492816925 -0.08299066871404648 -0.05307406932115555
v -0.08649439364671707 -0.08176964521408081 -0.058098722249269485
v -0.09015664458274841 -0.08456433564424515 -0.04705766960978508
v 0.09015664458274841 -0.08456433564424515 -0.04705766960978508
v 0.10456569492816925 -0.08299066871404648 -0.05307406932115555
v 0.0920867770910263 -0.08679630607366562 -0.03940447419881821
v 0.10456569492816925 -0.08299066871404648 -0.05307406932115555
v 0.10797829926013947 -0.08672969043254852 -0.03965829312801361
v 0.0920867770910263 -0.08679630607366562 -0.03940447419881821
v -0.10797829926013947 -0.08672969043254852 -0.03965829312801361
v -0.10456569492816925 -0.08299066871404648 -0.05307406932115555
v -0.0920867770910263 -0.08679630607366562 -0.03940447419881821
v -0.10456569492816925 -0.08299066871404648 -0.05307406932115555
v -0.09015664458274841 -0.08456433564424515 -0.04705766960978508
v -0.0920867770910263 -0.08679630607366562 -0.03940447419881821
v 0.039950016885995865 -0.05153435468673706 -0.1272316426038742
v 0.05931059643626213 -0.051989518105983734 -0.11765238642692566
v 0.04144984111189842 -0.07546892762184143 -0.12573084235191345
v 0.05931059643626213 -0.051989518105983734 -0.11765238642692566
v 0.05970689654350281 -0.07487820088863373 -0.11606676131486893
v 0.04144984111189842 -0.07546892762184143 -0.12573084235191345
v -0.05970689654350281 -0.07487820088863373 -0.11606676131486893
v -0.05931059643626213 -0.051989518105983734 -0.11765238642692566
v -0.04144984111189842 -0.07546892762184143 -0.12573084235191345
v -0.05931059643626213 -0.051989518105983734 -0.11765238642692566
v -0.039950016885995865 -0.05153435468673706 -0.1272316426038742
v -0.04144984111189842 -0.07546892762184143 -0.12573084235191345
v 0.05931059643626213 -0.051989518105983734 -0.11765238642692566
v 0.07664109021425247 -0.05332600325345993 -0.10403118282556534
v 0.05970689654350281 -0.07487820088863373 -0.11606676131486893
v 0.07664109021425247 -0.05332600325345993 -0.10403118282556534
v 0.07563754916191101 -0.07521206885576248 -0.10312456637620926
v 0.05970689654350281 -0.07487820088863373 -0.11606676131486893
v -0.07563754916191101 -0.07521206885576248 -0.10312456637620926
v -0.07664109021425247 -0.05332600325345993 -0.10403118282556534
v -0.05970689654350281 -0.07487820088863373 -0.11606676131486893
v -0.07664109021425247 -0.05332600325345993 -0.10403118282556534
v -0.05931059643626213 -0.051989518105983734 -0.11765238642692566
v -0.05970689654350281 -0.07487820088863373 -0.11606676131486893
v 0.03918624296784401 -0.026306096464395523 -0.12771965563297272
v 0.058482877910137177 -0.02766956202685833 -0.11834967136383057
v 0.039950016885995865 -0.05153435468673706 -0.1272316426038742
v 0.058482877910137177 -0.02766956202685833 -0.11834967136383057
v 0.05931059643626213 -0.051989518105983734 -0.11765238642692566
v 0.039950016885995865 -0.05153435468673706 -0.1272316426038742
v -0.05931059643626213 -0.051989518105983734 -0.11765238642692566
v -0.058482877910137177 -0.02766956202685833 -0.11834967136383057
v -0.039950016885995865 -0.05153435468673706 -0.1272316426038742
v -0.058482877910137177 -0.02766956202685833 -0.11834967136383057
v -0.03918624296784401 -0.026306096464395523 -0.12771965563297272
v -0.039950016885995865 -0.05153435468673706 -0.1272316426038742
v 0.058482877910137177 -0.02766956202685833 -0.11834967136383057
v 0.07702279090881348 -0.029621321707963943 -0.10429329425096512
v 0.05931059643626213 -0.051989518105983734 -0.11765238642692566
v 0.07702279090881348 -0.029621321707963943 -0.10429329425096512
v 0.07664109021425247 -0.05332600325345993 -0.10403118282556534
v 0.05931059643626213 -0.051989518105983734 -0.11765238642692566
v -0.07664109021425247 -0.05332600325345993 -0.10403118282556534
v -0.07702279090881348 -0.029621321707963943 -0.10429329425096512
v -0.05931059643626213 -0.051989518105983734 -0.11765238642692566
v -0.07702279090881348 -0.029621321707963943 -0.10429329425096512
v -0.058482877910137177 -0.02766956202685833 -0.11834967136383057
v -0.05931059643626213 -0.051989518105983734 -0.11765238642692566
v 0 -0.025722019374370575 -0.13471800088882446
v 0.01995355822145939 -0.025848599150776863 -0.13303743302822113
v 0.019286535680294037 -0.051323771476745605 -0.13274258375167847
v 0 -0.025722019374370575 -0.13471800088882446
v 0.019286535680294037 -0.051323771476745605 -0.13274258375167847
v 0 -0.05121605470776558 -0.1345529556274414
v -0.019286535680294037 -0.051323771476745605 -0.13274258375167847
v -0.01995355822145939 -0.025848599150776863 -0.13303743302822113
v 0 -0.025722019374370575 -0.13471800088882446
v -0.019286535680294037 -0.051323771476745605 -0.13274258375167847
v 0 -0.025722019374370575 -0.13471800088882446
v 0 -0.05121605470776558 -0.1345529556274414
v 0 -0.05121605470776558 -0.1345529556274414
v 0.019286535680294037 -0.051323771476745605 -0.13274258375167847
v 0 -0.07602039724588394 -0.13316717743873596
v 0.019286535680294037 -0.051323771476745605 -0.13274258375167847
v 0.019644519314169884 -0.07562486827373505 -0.13152675330638885
v 0 -0.07602039724588394 -0.13316717743873596
v -0.019644519314169884 -0.07562486827373505 -0.13152675330638885
v -0.019286535680294037 -0.051323771476745605 -0.13274258375167847
v 0 -0.07602039724588394 -0.13316717743873596
v -0.019286535680294037 -0.051323771476745605 -0.13274258375167847
v 0 -0.05121605470776558 -0.1345529556274414
v 0 -0.07602039724588394 -0.13316717743873596
v 0.019286535680294037 -0.051323771476745605 -0.13274258375167847
v 0.01995355822145939 -0.025848599150776863 -0.13303743302822113
v 0.03918624296784401 -0.026306096464395523 -0.12771965563297272
v 0.019286535680294037 -0.051323771476745605 -0.13274258375167847
v 0.03918624296784401 -0.026306096464395523 -0.12771965563297272
v 0.039950016885995865 -0.05153435468673706 -0.1272316426038742
v -0.03918624296784401 -0.026306096464395523 -0.12771965563297272
v -0.01995355822145939 -0.025848599150776863 -0.13303743302822113
v -0.019286535680294037 -0.051323771476745605 -0.13274258375167847
v -0.03918624296784401 -0.026306096464395523 -0.12771965563297272
v -0.019286535680294037 -0.051323771476745605 -0.13274258375167847
v -0.039950016885995865 -0.05153435468673706 -0.1272316426038742
v 0.019644519314169884 -0.07562486827373505 -0.13152675330638885
v 0.019286535680294037 -0.051323771476745605 -0.13274258375167847
v 0.039950016885995865 -0.05153435468673706 -0.1272316426038742
v 0.019644519314169884 -0.07562486827373505 -0.13152675330638885
v 0.039950016885995865 -0.05153435468673706 -0.1272316426038742
v 0.04144984111189842 -0.07546892762184143 -0.12573084235191345
v -0.039950016885995865 -0.05153435468673706 -0.1272316426038742
v -0.019286535680294037 -0.051323771476745605 -0.13274258375167847
v -0.019644519314169884 -0.07562486827373505 -0.13152675330638885
v -0.039950016885995865 -0.05153435468673706 -0.1272316426038742
v -0.019644519314169884 -0.07562486827373505 -0.13152675330638885
v -0.04144984111189842 -0.07546892762184143 -0.12573084235191345
v 0.07664109021425247 -0.05332600325345993 -0.10403118282556534
v 0.07702279090881348 -0.029621321707963943 -0.10429329425096512
v 0.09170133620500565 -0.03355167806148529 -0.08761976659297943
v 0.07664109021425247 -0.05332600325345993 -0.10403118282556534
v 0.09170133620500565 -0.03355167806148529 -0.08761976659297943
v 0.09037356823682785 -0.05592227727174759 -0.087723508477211
v -0.09170133620500565 -0.03355167806148529 -0.08761976659297943
v -0.07702279090881348 -0.029621321707963943 -0.10429329425096512
v -0.07664109021425247 -0.05332600325345993 -0.10403118282556534
v -0.09170133620500565 -0.03355167806148529 -0.08761976659297943
v -0.07664109021425247 -0.05332600325345993 -0.10403118282556534
v -0.09037356823682785 -0.05592227727174759 -0.087723508477211
v 0.07563754916191101 -0.07521206885576248 -0.10312456637620926
v 0.07664109021425247 -0.05332600325345993 -0.10403118282556534
v 0.09037356823682785 -0.05592227727174759 -0.087723508477211
v 0.07563754916191101 -0.07521206885576248 -0.10312456637620926
v 0.09037356823682785 -0.05592227727174759 -0.087723508477211
v 0.08899731934070587 -0.0767941102385521 -0.08671066910028458
v -0.09037356823682785 -0.05592227727174759 -0.087723508477211
v -0.07664109021425247 -0.05332600325345993 -0.10403118282556534
v -0.07563754916191101 -0.07521206885576248 -0.10312456637620926
v -0.09037356823682785 -0.05592227727174759 -0.087723508477211
v -0.07563754916191101 -0.07521206885576248 -0.10312456637620926
v -0.08899731934070587 -0.0767941102385521 -0.08671066910028458
v 0.08899731934070587 -0.0767941102385521 -0.08671066910028458
v 0.09037356823682785 -0.05592227727174759 -0.087723508477211
v 0.10152838379144669 -0.06016971170902252 -0.06801598519086838
v 0.08899731934070587 -0.0767941102385521 -0.08671066910028458
v 0.10152838379144669 -0.06016971170902252 -0.06801598519086838
v 0.09912474453449249 -0.07953793555498123 -0.0684688538312912
v -0.10152838379144669 -0.06016971170902252 -0.06801598519086838
v -0.09037356823682785 -0.05592227727174759 -0.087723508477211
v -0.08899731934070587 -0.0767941102385521 -0.08671066910028458
v -0.10152838379144669 -0.06016971170902252 -0.06801598519086838
v -0.08899731934070587 -0.0767941102385521 -0.08671066910028458
v -0.09912474453449249 -0.07953793555498123 -0.0684688538312912
v 0.09037356823682785 -0.05592227727174759 -0.087723508477211
v 0.09170133620500565 -0.03355167806148529 -0.08761976659297943
v 0.10373105108737946 -0.04044336453080177 -0.06682997196912766
v 0.09037356823682785 -0.05592227727174759 -0.087723508477211
v 0.10373105108737946 -0.04044336453080177 -0.06682997196912766
v 0.10152838379144669 -0.06016971170902252 -0.06801598519086838
v -0.10373105108737946 -0.04044336453080177 -0.06682997196912766
v -0.09170133620500565 -0.03355167806148529 -0.08761976659297943
v -0.09037356823682785 -0.05592227727174759 -0.087723508477211
v -0.10373105108737946 -0.04044336453080177 -0.06682997196912766
v -0.09037356823682785 -0.05592227727174759 -0.087723508477211
v -0.10152838379144669 -0.06016971170902252 -0.06801598519086838
v 0.10152838379144669 -0.06016971170902252 -0.06801598519086838
v 0.10373105108737946 -0.04044336453080177 -0.06682997196912766
v 0.11011448502540588 -0.04836276173591614 -0.04901714622974396
v 0.10152838379144669 -0.06016971170902252 -0.06801598519086838
v 0.11011448502540588 -0.04836276173591614 -0.04901714622974396
v 0.10723792016506195 -0.06606407463550568 -0.05145350843667984
v -0.11011448502540588 -0.04836276173591614 -0.04901714622974396
v -0.10373105108737946 -0.04044336453080177 -0.06682997196912766
v -0.10152838379144669 -0.06016971170902252 -0.06801598519086838
v -0.11011448502540588 -0.04836276173591614 -0.04901714622974396
v -0.10152838379144669 -0.06016971170902252 -0.06801598519086838
v -0.10723792016506195 -0.06606407463550568 -0.05145350843667984
v 0.09912474453449249 -0.07953793555498123 -0.0684688538312912
v 0.10152838379144669 -0.06016971170902252 -0.06801598519086838
v 0.10723792016506195 -0.06606407463550568 -0.05145350843667984
v 0.09912474453449249 -0.07953793555498123 -0.0684688538312912
v 0.10723792016506195 -0.06606407463550568 -0.05145350843667984
v 0.10456569492816925 -0.08299066871404648 -0.05307406932115555
v -0.10723792016506195 -0.06606407463550568 -0.05145350843667984
v -0.10152838379144669 -0.06016971170902252 -0.06801598519086838
v -0.09912474453449249 -0.07953793555498123 -0.0684688538312912
v -0.10723792016506195 -0.06606407463550568 -0.05145350843667984
v -0.09912474453449249 -0.07953793555498123 -0.0684688538312912
v -0.10456569492816925 -0.08299066871404648 -0.05307406932115555
v 0.11069909483194351 -0.07148519903421402 -0.037764426320791245
v 0.10797829926013947 -0.08672969043254852 -0.03965829312801361
v 0.10456569492816925 -0.08299066871404648 -0.05307406932115555
v 0.11069909483194351 -0.07148519903421402 -0.037764426320791245
v 0.10456569492816925 -0.08299066871404648 -0.05307406932115555
v 0.10723792016506195 -0.06606407463550568 -0.05145350843667984
v -0.10456569492816925 -0.08299066871404648 -0.05307406932115555
v -0.10797829926013947 -0.08672969043254852 -0.03965829312801361
v -0.11069909483194351 -0.07148519903421402 -0.037764426320791245
v -0.10456569492816925 -0.08299066871404648 -0.05307406932115555
v -0.11069909483194351 -0.07148519903421402 -0.037764426320791245
v -0.10723792016506195 -0.06606407463550568 -0.05145350843667984
v 0.10723792016506195 -0.06606407463550568 -0.05145350843667984
v 0.11011448502540588 -0.04836276173591614 -0.04901714622974396
v 0.11317520588636398 -0.05564241111278534 -0.03573139011859894
v 0.10723792016506195 -0.06606407463550568 -0.05145350843667984
v 0.11317520588636398 -0.05564241111278534 -0.03573139011859894
v 0.11069909483194351 -0.07148519903421402 -0.037764426320791245
v -0.11317520588636398 -0.05564241111278534 -0.03573139011859894
v -0.11011448502540588 -0.04836276173591614 -0.04901714622974396
v -0.10723792016506195 -0.06606407463550568 -0.05145350843667984
v -0.11317520588636398 -0.05564241111278534 -0.03573139011859894
v -0.10723792016506195 -0.06606407463550568 -0.05145350843667984
v -0.11069909483194351 -0.07148519903421402 -0.037764426320791245
vt 0.09367299824953079 0.3545199930667877
vt 0.08457999676465988 0.3923510015010834
vt 0.06453400105237961 0.36427900195121765
vt 0.9354659914970398 0.36427900195121765
vt 0.9154199957847595 0.3923510015010834
vt 0.9063270092010498 0.3545199930667877
vt 0.47491198778152466 0.9425280094146729
vt 0.4738749861717224 0.9089270234107971
vt 0.4888570010662079 0.9100289940834045
vt 0.5111430287361145 0.9100289940834045
vt 0.5261250138282776 0.9089270234107971
vt 0.5250880122184753 0.9425280094146729
vt 0.05601700022816658 0.9825609922409058
vt 0.0176170002669096 0.983273983001709
vt 0.06132199987769127 0.9662889838218689
vt 0.9386780261993408 0.9662889838218689
vt 0.9823830127716064 0.983273983001709
vt 0.9439830183982849 0.9825609922409058
vt 0.09915100038051605 0.4348529875278473
vt 0.08457999676465988 0.3923510015010834
vt 0.10479400306940079 0.40711700916290283
vt 0.8952059745788574 0.40711700916290283
vt 0.9154199957847595 0.3923510015010834
vt 0.9008489847183228 0.4348529875278473
vt 0.06609799712896347 0.42369601130485535
vt 0.08457999676465988 0.3923510015010834
vt 0.09915100038051605 0.4348529875278473
vt 0.9008489847183228 0.4348529875278473
vt 0.9154199957847595 0.3923510015010834
vt 0.9339020252227783 0.42369601130485535
vt 0.06609799712896347 0.42369601130485535
vt 0.06453400105237961 0.36427900195121765
vt 0.08457999676465988 0.3923510015010834
vt 0.9154199957847595 0.3923510015010834
vt 0.9354659914970398 0.36427900195121765
vt 0.9339020252227783 0.42369601130485535
vt 0.9589089751243591 0.3647859990596771
vt 0.9354659914970398 0.36427900195121765
vt 0.9063270092010498 0.3545199930667877
vt 0.9589089751243591 0.3647859990596771
vt 0.9063270092010498 0.3545199930667877
vt 0.9731680154800415 0.3232089877128601
vt 0.09367299824953079 0.3545199930667877
vt 0.06453400105237961 0.36427900195121765
vt 0.04109099879860878 0.3647859990596771
vt 0.09367299824953079 0.3545199930667877
vt 0.04109099879860878 0.3647859990596771
vt 0.02683199942111969 0.3232089877128601
vt 0.8517469763755798 0.42557498812675476
vt 0.8952059745788574 0.40711700916290283
vt 0.9008489847183228 0.4348529875278473
vt 0.8517469763755798 0.42557498812675476
vt 0.9008489847183228 0.4348529875278473
vt 0.8521410226821899 0.45046699047088623
vt 0.09915100038051605 0.4348529875278473
vt 0.10479400306940079 0.40711700916290283
vt 0.14825299382209778 0.42557498812675476
vt 0.09915100038051605 0.4348529875278473
vt 0.14825299382209778 0.42557498812675476
vt 0.14785900712013245 0.45046699047088623
vt 0.8030790090560913 0.4392150044441223
vt 0.8517469763755798 0.42557498812675476
vt 0.8521410226821899 0.45046699047088623
vt 0.8030790090560913 0.4392150044441223
vt 0.8521410226821899 0.45046699047088623
vt 0.8003360033035278 0.4659070074558258
vt 0.14785900712013245 0.45046699047088623
vt 0.14825299382209778 0.42557498812675476
vt 0.19692100584506989 0.4392150044441223
vt 0.14785900712013245 0.45046699047088623
vt 0.19692100584506989 0.4392150044441223
vt 0.19966499507427216 0.4659070074558258
vt 0.7579309940338135 0.4591279923915863
vt 0.8030790090560913 0.4392150044441223
vt 0.8003360033035278 0.4659070074558258
vt 0.7579309940338135 0.4591279923915863
vt 0.8003360033035278 0.4659070074558258
vt 0.7572910189628601 0.47847500443458557
vt 0.19966499507427216 0.4659070074558258
vt 0.19692100584506989 0.4392150044441223
vt 0.24206900596618652 0.4591279923915863
vt 0.19966499507427216 0.4659070074558258
vt 0.24206900596618652 0.4591279923915863
vt 0.2427089959383011 0.47847500443458557
vt 0.7236499786376953 0.4715380072593689
vt 0.7579309940338135 0.4591279923915863
vt 0.7572910189628601 0.47847500443458557
vt 0.7236499786376953 0.4715380072593689
vt 0.7572910189628601 0.47847500443458557
vt 0.7280470132827759 0.4878680109977722
vt 0.2427089959383011 0.47847500443458557
vt 0.24206900596618652 0.4591279923915863
vt 0.2763499915599823 0.4715380072593689
vt 0.2427089959383011 0.47847500443458557
vt 0.2763499915599823 0.4715380072593689
vt 0.2719529867172241 0.4878680109977722
vt 0.6775659918785095 0.4855610132217407
vt 0.7236499786376953 0.4715380072593689
vt 0.7280470132827759 0.4878680109977722
vt 0.6775659918785095 0.4855610132217407
vt 0.7280470132827759 0.4878680109977722
vt 0.6686649918556213 0.5053719878196716
vt 0.2719529867172241 0.4878680109977722
vt 0.2763499915599823 0.4715380072593689
vt 0.3224340081214905 0.4855610132217407
vt 0.2719529867172241 0.4878680109977722
vt 0.3224340081214905 0.4855610132217407
vt 0.33133500814437866 0.5053719878196716
vt 0.6342899799346924 0.4944849908351898
vt 0.6775659918785095 0.4855610132217407
vt 0.6686649918556213 0.5053719878196716
vt 0.6342899799346924 0.4944849908351898
vt 0.6686649918556213 0.5053719878196716
vt 0.6404139995574951 0.5145329833030701
vt 0.33133500814437866 0.5053719878196716
vt 0.3224340081214905 0.4855610132217407
vt 0.36570999026298523 0.4944849908351898
vt 0.33133500814437866 0.5053719878196716
vt 0.36570999026298523 0.4944849908351898
vt 0.3595860004425049 0.5145329833030701
vt 0.9386780261993408 0.9662889838218689
vt 0.9439830183982849 0.9825609922409058
vt 0.8933529853820801 0.9859600067138672
vt 0.9386780261993408 0.9662889838218689
vt 0.8933529853820801 0.9859600067138672
vt 0.8894410133361816 0.9646379947662354
vt 0.10664699971675873 0.9859600067138672
vt 0.05601700022816658 0.9825609922409058
vt 0.06132199987769127 0.9662889838218689
vt 0.10664699971675873 0.9859600067138672
vt 0.06132199987769127 0.9662889838218689
vt 0.11055900156497955 0.9646379947662354
vt 0.8894410133361816 0.9646379947662354
vt 0.8933529853820801 0.9859600067138672
vt 0.8468070030212402 0.9859600067138672
vt 0.8894410133361816 0.9646379947662354
vt 0.8468070030212402 0.9859600067138672
vt 0.844169020652771 0.9662709832191467
vt 0.15319299697875977 0.9859600067138672
vt 0.10664699971675873 0.9859600067138672
vt 0.11055900156497955 0.9646379947662354
vt 0.15319299697875977 0.9859600067138672
vt 0.11055900156497955 0.9646379947662354
vt 0.1558309942483902 0.9662709832191467
vt 0.6259959936141968 0.9621340036392212
vt 0.6761810183525085 0.9644200205802917
vt 0.6257339715957642 0.9696040153503418
vt 0.6761810183525085 0.9644200205802917
vt 0.6892589926719666 0.972366988658905
vt 0.6257339715957642 0.9696040153503418
vt 0.31074100732803345 0.972366988658905
vt 0.32381901144981384 0.9644200205802917
vt 0.37426599860191345 0.9696040153503418
vt 0.32381901144981384 0.9644200205802917
vt 0.3740040063858032 0.9621340036392212
vt 0.37426599860191345 0.9696040153503418
vt 0.5536609888076782 0.930180013179779
vt 0.5534120202064514 0.9441249966621399
vt 0.5250880122184753 0.9425280094146729
vt 0.5536609888076782 0.930180013179779
vt 0.5250880122184753 0.9425280094146729
vt 0.5261250138282776 0.9089270234107971
vt 0.47491198778152466 0.9425280094146729
vt 0.44658800959587097 0.9441249966621399
vt 0.44633999466896057 0.930180013179779
vt 0.47491198778152466 0.9425280094146729
vt 0.44633999466896057 0.930180013179779
vt 0.4738749861717224 0.9089270234107971
vt 0.5754410028457642 0.9093899726867676
vt 0.5749250054359436 0.9302690029144287
vt 0.5536609888076782 0.930180013179779
vt 0.5754410028457642 0.9093899726867676
vt 0.5536609888076782 0.930180013179779
vt 0.5261250138282776 0.9089270234107971
vt 0.44633999466896057 0.930180013179779
vt 0.4250749945640564 0.9302690029144287
vt 0.42455899715423584 0.9093899726867676
vt 0.44633999466896057 0.930180013179779
vt 0.42455899715423584 0.9093899726867676
vt 0.4738749861717224 0.9089270234107971
vt 0.6967350244522095 0.9658409953117371
vt 0.6960939764976501 0.9872480034828186
vt 0.6885719895362854 0.9874500036239624
vt 0.6967350244522095 0.9658409953117371
vt 0.6885719895362854 0.9874500036239624
vt 0.6895939707756042 0.9650310277938843
vt 0.3114280104637146 0.9874500036239624
vt 0.30390599370002747 0.9872480034828186
vt 0.3032650053501129 0.9658409953117371
vt 0.3114280104637146 0.9874500036239624
vt 0.3032650053501129 0.9658409953117371
vt 0.31040599942207336 0.9650310277938843
vt 0.6471620202064514 0.9777179956436157
vt 0.6255149841308594 0.9767420291900635
vt 0.6473299860954285 0.9705880284309387
vt 0.6255149841308594 0.9767420291900635
vt 0.625656008720398 0.9696009755134583
vt 0.6473299860954285 0.9705880284309387
vt 0.37434399127960205 0.9696009755134583
vt 0.37448498606681824 0.9767420291900635
vt 0.35267001390457153 0.9705880284309387
vt 0.37448498606681824 0.9767420291900635
vt 0.35283800959587097 0.9777179956436157
vt 0.35267001390457153 0.9705880284309387
vt 0.6468340158462524 0.984919011592865
vt 0.6475620269775391 0.9705979824066162
vt 0.6546319723129272 0.9709569811820984
vt 0.6468340158462524 0.984919011592865
vt 0.6546319723129272 0.9709569811820984
vt 0.6540039777755737 0.9852449893951416
vt 0.34536799788475037 0.9709569811820984
vt 0.3524380028247833 0.9705979824066162
vt 0.35316601395606995 0.984919011592865
vt 0.34536799788475037 0.9709569811820984
vt 0.35316601395606995 0.984919011592865
vt 0.3459959924221039 0.9852449893951416
vt 0.9589089751243591 0.3647859990596771
vt 0.9731680154800415 0.3232089877128601
vt 0.9721490144729614 0.3863289952278137
vt 0.9589089751243591 0.3647859990596771
vt 0.9721490144729614 0.3863289952278137
vt 0.9582849740982056 0.38589900732040405
vt 0.027851000428199768 0.3863289952278137
vt 0.02683199942111969 0.3232089877128601
vt 0.04109099879860878 0.3647859990596771
vt 0.027851000428199768 0.3863289952278137
vt 0.04109099879860878 0.3647859990596771
vt 0.041714999824762344 0.38589900732040405
vt 0.8952059745788574 0.40711700916290283
vt 0.8852840065956116 0.3751850128173828
vt 0.9154199957847595 0.3923510015010834
vt 0.8852840065956116 0.3751850128173828
vt 0.9063270092010498 0.3545199930667877
vt 0.9154199957847595 0.3923510015010834
vt 0.09367299824953079 0.3545199930667877
vt 0.11471600085496902 0.3751850128173828
vt 0.08457999676465988 0.3923510015010834
vt 0.11471600085496902 0.3751850128173828
vt 0.10479400306940079 0.40711700916290283
vt 0.08457999676465988 0.3923510015010834
vt 0.8517469763755798 0.42557498812675476
vt 0.846934974193573 0.3931429982185364
vt 0.8952059745788574 0.40711700916290283
vt 0.846934974193573 0.3931429982185364
vt 0.8852840065956116 0.3751850128173828
vt 0.8952059745788574 0.40711700916290283
vt 0.11471600085496902 0.3751850128173828
vt 0.15306499600410461 0.3931429982185364
vt 0.10479400306940079 0.40711700916290283
vt 0.15306499600410461 0.3931429982185364
vt 0.14825299382209778 0.42557498812675476
vt 0.10479400306940079 0.40711700916290283
vt 0.8030790090560913 0.4392150044441223
vt 0.8000670075416565 0.40927401185035706
vt 0.8517469763755798 0.42557498812675476
vt 0.8000670075416565 0.40927401185035706
vt 0.846934974193573 0.3931429982185364
vt 0.8517469763755798 0.42557498812675476
vt 0.15306499600410461 0.3931429982185364
vt 0.1999330073595047 0.40927401185035706
vt 0.14825299382209778 0.42557498812675476
vt 0.1999330073595047 0.40927401185035706
vt 0.19692100584506989 0.4392150044441223
vt 0.14825299382209778 0.42557498812675476
vt 0.7579309940338135 0.4591279923915863
vt 0.7510190010070801 0.4278619885444641
vt 0.8030790090560913 0.4392150044441223
vt 0.7510190010070801 0.4278619885444641
vt 0.8000670075416565 0.40927401185035706
vt 0.8030790090560913 0.4392150044441223
vt 0.1999330073595047 0.40927401185035706
vt 0.24898099899291992 0.4278619885444641
vt 0.19692100584506989 0.4392150044441223
vt 0.24898099899291992 0.4278619885444641
vt 0.24206900596618652 0.4591279923915863
vt 0.19692100584506989 0.4392150044441223
vt 0.7133489847183228 0.45774298906326294
vt 0.7066479921340942 0.4428659975528717
vt 0.7510190010070801 0.4278619885444641
vt 0.7133489847183228 0.45774298906326294
vt 0.7510190010070801 0.4278619885444641
vt 0.7579309940338135 0.4591279923915863
vt 0.24898099899291992 0.4278619885444641
vt 0.29335200786590576 0.4428659975528717
vt 0.28665098547935486 0.45774298906326294
vt 0.24898099899291992 0.4278619885444641
vt 0.28665098547935486 0.45774298906326294
vt 0.24206900596618652 0.4591279923915863
vt 0.6682509779930115 0.4697529971599579
vt 0.6657019853591919 0.4575670063495636
vt 0.7066479921340942 0.4428659975528717
vt 0.6682509779930115 0.4697529971599579
vt 0.7066479921340942 0.4428659975528717
vt 0.7133489847183228 0.45774298906326294
vt 0.29335200786590576 0.4428659975528717
vt 0.3342980146408081 0.4575670063495636
vt 0.33174899220466614 0.4697529971599579
vt 0.29335200786590576 0.4428659975528717
vt 0.33174899220466614 0.4697529971599579
vt 0.28665098547935486 0.45774298906326294
vt 0.6260290145874023 0.47847598791122437
vt 0.6241729855537415 0.4719190001487732
vt 0.6682509779930115 0.4697529971599579
vt 0.6241729855537415 0.4719190001487732
vt 0.6657019853591919 0.4575670063495636
vt 0.6682509779930115 0.4697529971599579
vt 0.3342980146408081 0.4575670063495636
vt 0.37582701444625854 0.4719190001487732
vt 0.33174899220466614 0.4697529971599579
vt 0.37582701444625854 0.4719190001487732
vt 0.37397098541259766 0.47847598791122437
vt 0.33174899220466614 0.4697529971599579
vt 0.6241729855537415 0.4719190001487732
vt 0.6175490021705627 0.44227901101112366
vt 0.6657019853591919 0.4575670063495636
vt 0.6175490021705627 0.44227901101112366
vt 0.6611210107803345 0.421299010515213
vt 0.6657019853591919 0.4575670063495636
vt 0.33887800574302673 0.421299010515213
vt 0.38245099782943726 0.44227901101112366
vt 0.3342980146408081 0.4575670063495636
vt 0.38245099782943726 0.44227901101112366
vt 0.37582701444625854 0.4719190001487732
vt 0.3342980146408081 0.4575670063495636
vt 0.6657019853591919 0.4575670063495636
vt 0.6611210107803345 0.421299010515213
vt 0.7066479921340942 0.4428659975528717
vt 0.6611210107803345 0.421299010515213
vt 0.7050949931144714 0.4014660120010376
vt 0.7066479921340942 0.4428659975528717
vt 0.29490500688552856 0.4014660120010376
vt 0.33887800574302673 0.421299010515213
vt 0.29335200786590576 0.4428659975528717
vt 0.33887800574302673 0.421299010515213
vt 0.3342980146408081 0.4575670063495636
vt 0.29335200786590576 0.4428659975528717
vt 0.7066479921340942 0.4428659975528717
vt 0.7050949931144714 0.4014660120010376
vt 0.7510190010070801 0.4278619885444641
vt 0.7050949931144714 0.4014660120010376
vt 0.74549800157547 0.3832490146160126
vt 0.7510190010070801 0.4278619885444641
vt 0.25450199842453003 0.3832490146160126
vt 0.29490500688552856 0.4014660120010376
vt 0.24898099899291992 0.4278619885444641
vt 0.29490500688552856 0.4014660120010376
vt 0.29335200786590576 0.4428659975528717
vt 0.24898099899291992 0.4278619885444641
vt 0.7510190010070801 0.4278619885444641
vt 0.74549800157547 0.3832490146160126
vt 0.8000670075416565 0.40927401185035706
vt 0.74549800157547 0.3832490146160126
vt 0.7955309748649597 0.3592120110988617
vt 0.8000670075416565 0.40927401185035706
vt 0.2044689953327179 0.3592120110988617
vt 0.25450199842453003 0.3832490146160126
vt 0.1999330073595047 0.40927401185035706
vt 0.25450199842453003 0.3832490146160126
vt 0.24898099899291992 0.4278619885444641
vt 0.1999330073595047 0.40927401185035706
vt 0.8000670075416565 0.40927401185035706
vt 0.7955309748649597 0.3592120110988617
vt 0.846934974193573 0.3931429982185364
vt 0.7955309748649597 0.3592120110988617
vt 0.8433189988136292 0.33397799730300903
vt 0.846934974193573 0.3931429982185364
vt 0.15668100118637085 0.33397799730300903
vt 0.2044689953327179 0.3592120110988617
vt 0.15306499600410461 0.3931429982185364
vt 0.2044689953327179 0.3592120110988617
vt 0.1999330073595047 0.40927401185035706
vt 0.15306499600410461 0.3931429982185364
vt 0.846934974193573 0.3931429982185364
vt 0.8433189988136292 0.33397799730300903
vt 0.8852840065956116 0.3751850128173828
vt 0.8433189988136292 0.33397799730300903
vt 0.8797129988670349 0.3130429983139038
vt 0.8852840065956116 0.3751850128173828
vt 0.12028700113296509 0.3130429983139038
vt 0.15668100118637085 0.33397799730300903
vt 0.11471600085496902 0.3751850128173828
vt 0.15668100118637085 0.33397799730300903
vt 0.15306499600410461 0.3931429982185364
vt 0.11471600085496902 0.3751850128173828
vt 0.8852840065956116 0.3751850128173828
vt 0.8797129988670349 0.3130429983139038
vt 0.9063270092010498 0.3545199930667877
vt 0.8797129988670349 0.3130429983139038
vt 0.9035019874572754 0.29961198568344116
vt 0.9063270092010498 0.3545199930667877
vt 0.09649799764156342 0.29961198568344116
vt 0.12028700113296509 0.3130429983139038
vt 0.09367299824953079 0.3545199930667877
vt 0.12028700113296509 0.3130429983139038
vt 0.11471600085496902 0.3751850128173828
vt 0.09367299824953079 0.3545199930667877
vt 0.9063270092010498 0.3545199930667877
vt 0.9035019874572754 0.29961198568344116
vt 0.9731680154800415 0.3232089877128601
vt 0.9035019874572754 0.29961198568344116
vt 0.9731680154800415 0.2662140130996704
vt 0.9731680154800415 0.3232089877128601
vt 0.02683199942111969 0.2662140130996704
vt 0.09649799764156342 0.29961198568344116
vt 0.02683199942111969 0.3232089877128601
vt 0.09649799764156342 0.29961198568344116
vt 0.09367299824953079 0.3545199930667877
vt 0.02683199942111969 0.3232089877128601
vt 0.6175490021705627 0.44227901101112366
vt 0.6080859899520874 0.39772000908851624
vt 0.6611210107803345 0.421299010515213
vt 0.6080859899520874 0.39772000908851624
vt 0.6606519818305969 0.38793501257896423
vt 0.6611210107803345 0.421299010515213
vt 0.3393479883670807 0.38793501257896423
vt 0.3919140100479126 0.39772000908851624
vt 0.33887800574302673 0.421299010515213
vt 0.3919140100479126 0.39772000908851624
vt 0.38245099782943726 0.44227901101112366
vt 0.33887800574302673 0.421299010515213
vt 0.6611210107803345 0.421299010515213
vt 0.6606519818305969 0.38793501257896423
vt 0.7050949931144714 0.4014660120010376
vt 0.6606519818305969 0.38793501257896423
vt 0.7039769887924194 0.37585100531578064
vt 0.7050949931144714 0.4014660120010376
vt 0.29602301120758057 0.37585100531578064
vt 0.3393479883670807 0.38793501257896423
vt 0.29490500688552856 0.4014660120010376
vt 0.3393479883670807 0.38793501257896423
vt 0.33887800574302673 0.421299010515213
vt 0.29490500688552856 0.4014660120010376
vt 0.7050949931144714 0.4014660120010376
vt 0.7039769887924194 0.37585100531578064
vt 0.74549800157547 0.3832490146160126
vt 0.7039769887924194 0.37585100531578064
vt 0.7425780296325684 0.35868600010871887
vt 0.74549800157547 0.3832490146160126
vt 0.25742200016975403 0.35868600010871887
vt 0.29602301120758057 0.37585100531578064
vt 0.25450199842453003 0.3832490146160126
vt 0.29602301120758057 0.37585100531578064
vt 0.29490500688552856 0.4014660120010376
vt 0.25450199842453003 0.3832490146160126
vt 0.74549800157547 0.3832490146160126
vt 0.7425780296325684 0.35868600010871887
vt 0.7955309748649597 0.3592120110988617
vt 0.7425780296325684 0.35868600010871887
vt 0.7937179803848267 0.339028000831604
vt 0.7955309748649597 0.3592120110988617
vt 0.20628200471401215 0.339028000831604
vt 0.25742200016975403 0.35868600010871887
vt 0.2044689953327179 0.3592120110988617
vt 0.25742200016975403 0.35868600010871887
vt 0.25450199842453003 0.3832490146160126
vt 0.2044689953327179 0.3592120110988617
vt 0.7955309748649597 0.3592120110988617
vt 0.7937179803848267 0.339028000831604
vt 0.8433189988136292 0.33397799730300903
vt 0.7937179803848267 0.339028000831604
vt 0.841605007648468 0.3152819871902466
vt 0.8433189988136292 0.33397799730300903
vt 0.15839500725269318 0.3152819871902466
vt 0.20628200471401215 0.339028000831604
vt 0.15668100118637085 0.33397799730300903
vt 0.20628200471401215 0.339028000831604
vt 0.2044689953327179 0.3592120110988617
vt 0.15668100118637085 0.33397799730300903
vt 0.8797129988670349 0.3130429983139038
vt 0.8433189988136292 0.33397799730300903
vt 0.841605007648468 0.3152819871902466
vt 0.8797129988670349 0.3130429983139038
vt 0.841605007648468 0.3152819871902466
vt 0.8824319839477539 0.2955609858036041
vt 0.15839500725269318 0.3152819871902466
vt 0.15668100118637085 0.33397799730300903
vt 0.12028700113296509 0.3130429983139038
vt 0.15839500725269318 0.3152819871902466
vt 0.12028700113296509 0.3130429983139038
vt 0.1175680011510849 0.2955609858036041
vt 0.8797129988670349 0.3130429983139038
vt 0.8824319839477539 0.2955609858036041
vt 0.9035019874572754 0.29961198568344116
vt 0.8824319839477539 0.2955609858036041
vt 0.8980249762535095 0.2877820134162903
vt 0.9035019874572754 0.29961198568344116
vt 0.10197500139474869 0.2877820134162903
vt 0.1175680011510849 0.2955609858036041
vt 0.09649799764156342 0.29961198568344116
vt 0.1175680011510849 0.2955609858036041
vt 0.12028700113296509 0.3130429983139038
vt 0.09649799764156342 0.29961198568344116
vt 0.9035019874572754 0.29961198568344116
vt 0.8980249762535095 0.2877820134162903
vt 0.9731680154800415 0.2662140130996704
vt 0.8980249762535095 0.2877820134162903
vt 0.9730759859085083 0.25326699018478394
vt 0.9731680154800415 0.2662140130996704
vt 0.026923999190330505 0.25326699018478394
vt 0.10197500139474869 0.2877820134162903
vt 0.02683199942111969 0.2662140130996704
vt 0.10197500139474869 0.2877820134162903
vt 0.09649799764156342 0.29961198568344116
vt 0.02683199942111969 0.2662140130996704
vt 0.6080859899520874 0.39772000908851624
vt 0.602446973323822 0.33597901463508606
vt 0.6569809913635254 0.3456369936466217
vt 0.6080859899520874 0.39772000908851624
vt 0.6569809913635254 0.3456369936466217
vt 0.6606519818305969 0.38793501257896423
vt 0.3430190086364746 0.3456369936466217
vt 0.3975529968738556 0.33597901463508606
vt 0.3919140100479126 0.39772000908851624
vt 0.3430190086364746 0.3456369936466217
vt 0.3919140100479126 0.39772000908851624
vt 0.3393479883670807 0.38793501257896423
vt 0.6606519818305969 0.38793501257896423
vt 0.6569809913635254 0.3456369936466217
vt 0.7039769887924194 0.37585100531578064
vt 0.6569809913635254 0.3456369936466217
vt 0.7033060193061829 0.33843299746513367
vt 0.7039769887924194 0.37585100531578064
vt 0.2966940104961395 0.33843299746513367
vt 0.3430190086364746 0.3456369936466217
vt 0.29602301120758057 0.37585100531578064
vt 0.3430190086364746 0.3456369936466217
vt 0.3393479883670807 0.38793501257896423
vt 0.29602301120758057 0.37585100531578064
vt 0.7039769887924194 0.37585100531578064
vt 0.7033060193061829 0.33843299746513367
vt 0.7425780296325684 0.35868600010871887
vt 0.7033060193061829 0.33843299746513367
vt 0.7396770119667053 0.32833999395370483
vt 0.7425780296325684 0.35868600010871887
vt 0.2603229880332947 0.32833999395370483
vt 0.2966940104961395 0.33843299746513367
vt 0.25742200016975403 0.35868600010871887
vt 0.2966940104961395 0.33843299746513367
vt 0.29602301120758057 0.37585100531578064
vt 0.25742200016975403 0.35868600010871887
vt 0.7425780296325684 0.35868600010871887
vt 0.7396770119667053 0.32833999395370483
vt 0.7937179803848267 0.339028000831604
vt 0.7396770119667053 0.32833999395370483
vt 0.7951239943504333 0.31091898679733276
vt 0.7937179803848267 0.339028000831604
vt 0.20487600564956665 0.31091898679733276
vt 0.2603229880332947 0.32833999395370483
vt 0.20628200471401215 0.339028000831604
vt 0.2603229880332947 0.32833999395370483
vt 0.25742200016975403 0.35868600010871887
vt 0.20628200471401215 0.339028000831604
vt 0.7937179803848267 0.339028000831604
vt 0.7951239943504333 0.31091898679733276
vt 0.841605007648468 0.3152819871902466
vt 0.7951239943504333 0.31091898679733276
vt 0.8422359824180603 0.2930130064487457
vt 0.841605007648468 0.3152819871902466
vt 0.1577640026807785 0.2930130064487457
vt 0.20487600564956665 0.31091898679733276
vt 0.15839500725269318 0.3152819871902466
vt 0.20487600564956665 0.31091898679733276
vt 0.20628200471401215 0.339028000831604
vt 0.15839500725269318 0.3152819871902466
vt 0.841605007648468 0.3152819871902466
vt 0.8422359824180603 0.2930130064487457
vt 0.8824319839477539 0.2955609858036041
vt 0.8422359824180603 0.2930130064487457
vt 0.889316976070404 0.2752760052680969
vt 0.8824319839477539 0.2955609858036041
vt 0.11068300157785416 0.2752760052680969
vt 0.1577640026807785 0.2930130064487457
vt 0.1175680011510849 0.2955609858036041
vt 0.1577640026807785 0.2930130064487457
vt 0.15839500725269318 0.3152819871902466
vt 0.1175680011510849 0.2955609858036041
vt 0.8824319839477539 0.2955609858036041
vt 0.889316976070404 0.2752760052680969
vt 0.8980249762535095 0.2877820134162903
vt 0.889316976070404 0.2752760052680969
vt 0.9092220067977905 0.2646459937095642
vt 0.8980249762535095 0.2877820134162903
vt 0.09077800065279007 0.2646459937095642
vt 0.11068300157785416 0.2752760052680969
vt 0.10197500139474869 0.2877820134162903
vt 0.11068300157785416 0.2752760052680969
vt 0.1175680011510849 0.2955609858036041
vt 0.10197500139474869 0.2877820134162903
vt 0.9092220067977905 0.2646459937095642
vt 0.9730259776115417 0.2419549971818924
vt 0.9730759859085083 0.25326699018478394
vt 0.9092220067977905 0.2646459937095642
vt 0.9730759859085083 0.25326699018478394
vt 0.8980249762535095 0.2877820134162903
vt 0.026923999190330505 0.25326699018478394
vt 0.02697400003671646 0.2419549971818924
vt 0.09077800065279007 0.2646459937095642
vt 0.026923999190330505 0.25326699018478394
vt 0.09077800065279007 0.2646459937095642
vt 0.10197500139474869 0.2877820134162903
vt 0.602446973323822 0.33597901463508606
vt 0.5973939895629883 0.2672779858112335
vt 0.6517050266265869 0.26350298523902893
vt 0.602446973323822 0.33597901463508606
vt 0.6517050266265869 0.26350298523902893
vt 0.6569809913635254 0.3456369936466217
vt 0.3482950031757355 0.26350298523902893
vt 0.4026060104370117 0.2672779858112335
vt 0.3975529968738556 0.33597901463508606
vt 0.3482950031757355 0.26350298523902893
vt 0.3975529968738556 0.33597901463508606
vt 0.3430190086364746 0.3456369936466217
vt 0.6569809913635254 0.3456369936466217
vt 0.6517050266265869 0.26350298523902893
vt 0.7033060193061829 0.33843299746513367
vt 0.6517050266265869 0.26350298523902893
vt 0.6979600191116333 0.26131099462509155
vt 0.7033060193061829 0.33843299746513367
vt 0.3020400106906891 0.26131099462509155
vt 0.3482950031757355 0.26350298523902893
vt 0.2966940104961395 0.33843299746513367
vt 0.3482950031757355 0.26350298523902893
vt 0.3430190086364746 0.3456369936466217
vt 0.2966940104961395 0.33843299746513367
vt 0.7033060193061829 0.33843299746513367
vt 0.6979600191116333 0.26131099462509155
vt 0.7396770119667053 0.32833999395370483
vt 0.6979600191116333 0.26131099462509155
vt 0.7341679930686951 0.25930100679397583
vt 0.7396770119667053 0.32833999395370483
vt 0.26583200693130493 0.25930100679397583
vt 0.3020400106906891 0.26131099462509155
vt 0.2603229880332947 0.32833999395370483
vt 0.3020400106906891 0.26131099462509155
vt 0.2966940104961395 0.33843299746513367
vt 0.2603229880332947 0.32833999395370483
vt 0.7396770119667053 0.32833999395370483
vt 0.7341679930686951 0.25930100679397583
vt 0.7951239943504333 0.31091898679733276
vt 0.7341679930686951 0.25930100679397583
vt 0.7927889823913574 0.25690698623657227
vt 0.7951239943504333 0.31091898679733276
vt 0.20721100270748138 0.25690698623657227
vt 0.26583200693130493 0.25930100679397583
vt 0.20487600564956665 0.31091898679733276
vt 0.26583200693130493 0.25930100679397583
vt 0.2603229880332947 0.32833999395370483
vt 0.20487600564956665 0.31091898679733276
vt 0.7951239943504333 0.31091898679733276
vt 0.7927889823913574 0.25690698623657227
vt 0.8422359824180603 0.2930130064487457
vt 0.7927889823913574 0.25690698623657227
vt 0.8442310094833374 0.2519240081310272
vt 0.8422359824180603 0.2930130064487457
vt 0.1557690054178238 0.2519240081310272
vt 0.20721100270748138 0.25690698623657227
vt 0.1577640026807785 0.2930130064487457
vt 0.20721100270748138 0.25690698623657227
vt 0.20487600564956665 0.31091898679733276
vt 0.1577640026807785 0.2930130064487457
vt 0.8422359824180603 0.2930130064487457
vt 0.8442310094833374 0.2519240081310272
vt 0.889316976070404 0.2752760052680969
vt 0.8442310094833374 0.2519240081310272
vt 0.89410001039505 0.24379299581050873
vt 0.889316976070404 0.2752760052680969
vt 0.10589999705553055 0.24379299581050873
vt 0.1557690054178238 0.2519240081310272
vt 0.11068300157785416 0.2752760052680969
vt 0.1557690054178238 0.2519240081310272
vt 0.1577640026807785 0.2930130064487457
vt 0.11068300157785416 0.2752760052680969
vt 0.889316976070404 0.2752760052680969
vt 0.89410001039505 0.24379299581050873
vt 0.9092220067977905 0.2646459937095642
vt 0.89410001039505 0.24379299581050873
vt 0.9148749709129333 0.23855499923229218
vt 0.9092220067977905 0.2646459937095642
vt 0.08512499928474426 0.23855499923229218
vt 0.10589999705553055 0.24379299581050873
vt 0.09077800065279007 0.2646459937095642
vt 0.10589999705553055 0.24379299581050873
vt 0.11068300157785416 0.2752760052680969
vt 0.09077800065279007 0.2646459937095642
vt 0.9092220067977905 0.2646459937095642
vt 0.9148749709129333 0.23855499923229218
vt 0.9730259776115417 0.2419549971818924
vt 0.9148749709129333 0.23855499923229218
vt 0.9725469946861267 0.21477100253105164
vt 0.9730259776115417 0.2419549971818924
vt 0.027452999725937843 0.21477100253105164
vt 0.08512499928474426 0.23855499923229218
vt 0.02697400003671646 0.2419549971818924
vt 0.08512499928474426 0.23855499923229218
vt 0.09077800065279007 0.2646459937095642
vt 0.02697400003671646 0.2419549971818924
vt 0.5467029809951782 0.45705100893974304
vt 0.5662599802017212 0.4532099962234497
vt 0.5588030219078064 0.47486400604248047
vt 0.5662599802017212 0.4532099962234497
vt 0.5928720235824585 0.4885759949684143
vt 0.5588030219078064 0.47486400604248047
vt 0.4071280062198639 0.4885759949684143
vt 0.4337399899959564 0.4532099962234497
vt 0.441197007894516 0.47486400604248047
vt 0.4337399899959564 0.4532099962234497
vt 0.4532969892024994 0.45705100893974304
vt 0.441197007894516 0.47486400604248047
vt 0.5504469871520996 0.16900700330734253
vt 0.5658299922943115 0.17753000557422638
vt 0.546396017074585 0.22130100429058075
vt 0.5504469871520996 0.16900700330734253
vt 0.546396017074585 0.22130100429058075
vt 0.5279350280761719 0.21910899877548218
vt 0.4536040127277374 0.22130100429058075
vt 0.4341700077056885 0.17753000557422638
vt 0.4495530128479004 0.16900700330734253
vt 0.4536040127277374 0.22130100429058075
vt 0.4495530128479004 0.16900700330734253
vt 0.4720650017261505 0.21910899877548218
vt 0.5279350280761719 0.21910899877548218
vt 0.546396017074585 0.22130100429058075
vt 0.5334939956665039 0.2656010091304779
vt 0.5279350280761719 0.21910899877548218
vt 0.5334939956665039 0.2656010091304779
vt 0.5154950022697449 0.2642599940299988
vt 0.4665060043334961 0.2656010091304779
vt 0.4536040127277374 0.22130100429058075
vt 0.4720650017261505 0.21910899877548218
vt 0.4665060043334961 0.2656010091304779
vt 0.4720650017261505 0.21910899877548218
vt 0.4845049977302551 0.2642599940299988
vt 0.5154950022697449 0.2642599940299988
vt 0.5334939956665039 0.2656010091304779
vt 0.5293490290641785 0.3005230128765106
vt 0.5154950022697449 0.2642599940299988
vt 0.5293490290641785 0.3005230128765106
vt 0.5111870169639587 0.30079999566078186
vt 0.4706510007381439 0.3005230128765106
vt 0.4665060043334961 0.2656010091304779
vt 0.4845049977302551 0.2642599940299988
vt 0.4706510007381439 0.3005230128765106
vt 0.4845049977302551 0.2642599940299988
vt 0.48881301283836365 0.30079999566078186
vt 0.5111870169639587 0.30079999566078186
vt 0.5293490290641785 0.3005230128765106
vt 0.5312449932098389 0.358022004365921
vt 0.5111870169639587 0.30079999566078186
vt 0.5312449932098389 0.358022004365921
vt 0.5126810073852539 0.3601579964160919
vt 0.46875500679016113 0.358022004365921
vt 0.4706510007381439 0.3005230128765106
vt 0.48881301283836365 0.30079999566078186
vt 0.46875500679016113 0.358022004365921
vt 0.48881301283836365 0.30079999566078186
vt 0.4873189926147461 0.3601579964160919
vt 0.5126810073852539 0.3601579964160919
vt 0.5312449932098389 0.358022004365921
vt 0.5251700282096863 0.4109039902687073
vt 0.5312449932098389 0.358022004365921
vt 0.5445079803466797 0.4085969924926758
vt 0.5251700282096863 0.4109039902687073
vt 0.4554919898509979 0.4085969924926758
vt 0.46875500679016113 0.358022004365921
vt 0.4748300015926361 0.4109039902687073
vt 0.46875500679016113 0.358022004365921
vt 0.4873189926147461 0.3601579964160919
vt 0.4748300015926361 0.4109039902687073
vt 0.5251700282096863 0.4109039902687073
vt 0.5445079803466797 0.4085969924926758
vt 0.5467029809951782 0.45705100893974304
vt 0.5445079803466797 0.4085969924926758
vt 0.5662599802017212 0.4532099962234497
vt 0.5467029809951782 0.45705100893974304
vt 0.4337399899959564 0.4532099962234497
vt 0.4554919898509979 0.4085969924926758
vt 0.4532969892024994 0.45705100893974304
vt 0.4554919898509979 0.4085969924926758
vt 0.4748300015926361 0.4109039902687073
vt 0.4532969892024994 0.45705100893974304
vt 0.5928720235824585 0.4885759949684143
vt 0.6169170141220093 0.5073149800300598
vt 0.6098160147666931 0.5111950039863586
vt 0.5928720235824585 0.4885759949684143
vt 0.6098160147666931 0.5111950039863586
vt 0.5588030219078064 0.47486400604248047
vt 0.3901839852333069 0.5111950039863586
vt 0.3830829858779907 0.5073149800300598
vt 0.4071280062198639 0.4885759949684143
vt 0.3901839852333069 0.5111950039863586
vt 0.4071280062198639 0.4885759949684143
vt 0.441197007894516 0.47486400604248047
vt 0.6116489768028259 0.14991499483585358
vt 0.6307550072669983 0.12804000079631805
vt 0.6579329967498779 0.1480800062417984
vt 0.6116489768028259 0.14991499483585358
vt 0.6579329967498779 0.1480800062417984
vt 0.6439160108566284 0.174002006649971
vt 0.34206700325012207 0.1480800062417984
vt 0.3692449927330017 0.12804000079631805
vt 0.3883509933948517 0.14991499483585358
vt 0.34206700325012207 0.1480800062417984
vt 0.3883509933948517 0.14991499483585358
vt 0.3560839891433716 0.174002006649971
vt 0.6439160108566284 0.174002006649971
vt 0.6579329967498779 0.1480800062417984
vt 0.6980540156364441 0.16880899667739868
vt 0.6439160108566284 0.174002006649971
vt 0.6980540156364441 0.16880899667739868
vt 0.69063800573349 0.19735999405384064
vt 0.3019460141658783 0.16880899667739868
vt 0.34206700325012207 0.1480800062417984
vt 0.3560839891433716 0.174002006649971
vt 0.3019460141658783 0.16880899667739868
vt 0.3560839891433716 0.174002006649971
vt 0.30936199426651 0.19735999405384064
vt 0.69063800573349 0.19735999405384064
vt 0.6980540156364441 0.16880899667739868
vt 0.7411829829216003 0.1796790063381195
vt 0.69063800573349 0.19735999405384064
vt 0.7411829829216003 0.1796790063381195
vt 0.7369800209999084 0.208965003490448
vt 0.25881698727607727 0.1796790063381195
vt 0.3019460141658783 0.16880899667739868
vt 0.30936199426651 0.19735999405384064
vt 0.25881698727607727 0.1796790063381195
vt 0.30936199426651 0.19735999405384064
vt 0.26302000880241394 0.208965003490448
vt 0.7369800209999084 0.208965003490448
vt 0.7411829829216003 0.1796790063381195
vt 0.7840080261230469 0.21098999679088593
vt 0.7411829829216003 0.1796790063381195
vt 0.7872459888458252 0.18012399971485138
vt 0.7840080261230469 0.21098999679088593
vt 0.2127539962530136 0.18012399971485138
vt 0.25881698727607727 0.1796790063381195
vt 0.2159920036792755 0.21098999679088593
vt 0.25881698727607727 0.1796790063381195
vt 0.26302000880241394 0.208965003490448
vt 0.2159920036792755 0.21098999679088593
vt 0.7840080261230469 0.21098999679088593
vt 0.7872459888458252 0.18012399971485138
vt 0.8317490220069885 0.20208700001239777
vt 0.7872459888458252 0.18012399971485138
vt 0.8293889760971069 0.1711989939212799
vt 0.8317490220069885 0.20208700001239777
vt 0.17061099410057068 0.1711989939212799
vt 0.2127539962530136 0.18012399971485138
vt 0.16825099289417267 0.20208700001239777
vt 0.2127539962530136 0.18012399971485138
vt 0.2159920036792755 0.21098999679088593
vt 0.16825099289417267 0.20208700001239777
vt 0.8317490220069885 0.20208700001239777
vt 0.8293889760971069 0.1711989939212799
vt 0.8776299953460693 0.18394599854946136
vt 0.8293889760971069 0.1711989939212799
vt 0.871258020401001 0.1528709977865219
vt 0.8776299953460693 0.18394599854946136
vt 0.12874199450016022 0.1528709977865219
vt 0.17061099410057068 0.1711989939212799
vt 0.12236999720335007 0.18394599854946136
vt 0.17061099410057068 0.1711989939212799
vt 0.16825099289417267 0.20208700001239777
vt 0.12236999720335007 0.18394599854946136
vt 0.8776299953460693 0.18394599854946136
vt 0.871258020401001 0.1528709977865219
vt 0.9096819758415222 0.16543899476528168
vt 0.871258020401001 0.1528709977865219
vt 0.894806981086731 0.1380629986524582
vt 0.9096819758415222 0.16543899476528168
vt 0.10519299656152725 0.1380629986524582
vt 0.12874199450016022 0.1528709977865219
vt 0.09031800180673599 0.16543899476528168
vt 0.12874199450016022 0.1528709977865219
vt 0.12236999720335007 0.18394599854946136
vt 0.09031800180673599 0.16543899476528168
vt 0.894806981086731 0.1380629986524582
vt 0.9082030057907104 0.12804000079631805
vt 0.9096819758415222 0.16543899476528168
vt 0.9082030057907104 0.12804000079631805
vt 0.9315289855003357 0.1477610021829605
vt 0.9096819758415222 0.16543899476528168
vt 0.06847099959850311 0.1477610021829605
vt 0.09179700165987015 0.12804000079631805
vt 0.09031800180673599 0.16543899476528168
vt 0.09179700165987015 0.12804000079631805
vt 0.10519299656152725 0.1380629986524582
vt 0.09031800180673599 0.16543899476528168
vt 0.5329949855804443 0.9923869967460632
vt 0.5221549868583679 0.9918860197067261
vt 0.5346559882164001 0.9619609713554382
vt 0.5221549868583679 0.9918860197067261
vt 0.5237709879875183 0.9559069871902466
vt 0.5346559882164001 0.9619609713554382
vt 0.4762290120124817 0.9559069871902466
vt 0.4778450131416321 0.9918860197067261
vt 0.46534401178359985 0.9619609713554382
vt 0.4778450131416321 0.9918860197067261
vt 0.46700501441955566 0.9923869967460632
vt 0.46534401178359985 0.9619609713554382
vt 0.5662569999694824 0.9569060206413269
vt 0.5346559882164001 0.9619609713554382
vt 0.5588430166244507 0.9513329863548279
vt 0.5346559882164001 0.9619609713554382
vt 0.5237709879875183 0.9559069871902466
vt 0.5588430166244507 0.9513329863548279
vt 0.4762290120124817 0.9559069871902466
vt 0.46534401178359985 0.9619609713554382
vt 0.4411570131778717 0.9513329863548279
vt 0.46534401178359985 0.9619609713554382
vt 0.4337430000305176 0.9569060206413269
vt 0.4411570131778717 0.9513329863548279
vt 0.6010379791259766 0.9531940221786499
vt 0.5662569999694824 0.9569060206413269
vt 0.5954170227050781 0.9472879767417908
vt 0.5662569999694824 0.9569060206413269
vt 0.5588430166244507 0.9513329863548279
vt 0.5954170227050781 0.9472879767417908
vt 0.4411570131778717 0.9513329863548279
vt 0.4337430000305176 0.9569060206413269
vt 0.40458300709724426 0.9472879767417908
vt 0.4337430000305176 0.9569060206413269
vt 0.39896199107170105 0.9531940221786499
vt 0.40458300709724426 0.9472879767417908
vt 0.6093149781227112 0.9521380066871643
vt 0.6010379791259766 0.9531940221786499
vt 0.5954170227050781 0.9472879767417908
vt 0.6093149781227112 0.9521380066871643
vt 0.5954170227050781 0.9472879767417908
vt 0.5968400239944458 0.9324859976768494
vt 0.40458300709724426 0.9472879767417908
vt 0.39896199107170105 0.9531940221786499
vt 0.39068499207496643 0.9521380066871643
vt 0.40458300709724426 0.9472879767417908
vt 0.39068499207496643 0.9521380066871643
vt 0.4031600058078766 0.9324859976768494
vt 0.6374279856681824 0.9534130096435547
vt 0.6093149781227112 0.9521380066871643
vt 0.6305099725723267 0.9301760196685791
vt 0.6093149781227112 0.9521380066871643
vt 0.5968400239944458 0.9324859976768494
vt 0.6305099725723267 0.9301760196685791
vt 0.4031600058078766 0.9324859976768494
vt 0.39068499207496643 0.9521380066871643
vt 0.36948999762535095 0.9301760196685791
vt 0.39068499207496643 0.9521380066871643
vt 0.3625720143318176 0.9534130096435547
vt 0.36948999762535095 0.9301760196685791
vt 0.6491760015487671 0.95380699634552
vt 0.6374279856681824 0.9534130096435547
vt 0.6488289833068848 0.9261490106582642
vt 0.6374279856681824 0.9534130096435547
vt 0.6305099725723267 0.9301760196685791
vt 0.6488289833068848 0.9261490106582642
vt 0.36948999762535095 0.9301760196685791
vt 0.3625720143318176 0.9534130096435547
vt 0.35117098689079285 0.9261490106582642
vt 0.3625720143318176 0.9534130096435547
vt 0.3508239984512329 0.95380699634552
vt 0.35117098689079285 0.9261490106582642
vt 0.6624690294265747 0.9546390175819397
vt 0.6491760015487671 0.95380699634552
vt 0.6648399829864502 0.9285039901733398
vt 0.6491760015487671 0.95380699634552
vt 0.6488289833068848 0.9261490106582642
vt 0.6648399829864502 0.9285039901733398
vt 0.35117098689079285 0.9261490106582642
vt 0.3508239984512329 0.95380699634552
vt 0.3351599872112274 0.9285039901733398
vt 0.3508239984512329 0.95380699634552
vt 0.3375310003757477 0.9546390175819397
vt 0.3351599872112274 0.9285039901733398
vt 0.720982015132904 0.9571710228919983
vt 0.6624690294265747 0.9546390175819397
vt 0.6648399829864502 0.9285039901733398
vt 0.720982015132904 0.9571710228919983
vt 0.6648399829864502 0.9285039901733398
vt 0.7426220178604126 0.9295219779014587
vt 0.3351599872112274 0.9285039901733398
vt 0.3375310003757477 0.9546390175819397
vt 0.27901801466941833 0.9571710228919983
vt 0.3351599872112274 0.9285039901733398
vt 0.27901801466941833 0.9571710228919983
vt 0.2573780119419098 0.9295219779014587
vt 0.7857229709625244 0.9602559804916382
vt 0.720982015132904 0.9571710228919983
vt 0.7426220178604126 0.9295219779014587
vt 0.7857229709625244 0.9602559804916382
vt 0.7426220178604126 0.9295219779014587
vt 0.8149440288543701 0.939998984336853
vt 0.2573780119419098 0.9295219779014587
vt 0.27901801466941833 0.9571710228919983
vt 0.2142769992351532 0.9602559804916382
vt 0.2573780119419098 0.9295219779014587
vt 0.2142769992351532 0.9602559804916382
vt 0.18505600094795227 0.939998984336853
vt 0.7853540182113647 0.967278003692627
vt 0.7857229709625244 0.9602559804916382
vt 0.8142459988594055 0.9676690101623535
vt 0.7857229709625244 0.9602559804916382
vt 0.8149440288543701 0.939998984336853
vt 0.8142459988594055 0.9676690101623535
vt 0.18505600094795227 0.939998984336853
vt 0.2142769992351532 0.9602559804916382
vt 0.18575400114059448 0.9676690101623535
vt 0.2142769992351532 0.9602559804916382
vt 0.21464599668979645 0.967278003692627
vt 0.18575400114059448 0.9676690101623535
vt 0.9029710292816162 0.2025350034236908
vt 0.9189580082893372 0.1718119978904724
vt 0.9100890159606934 0.20818699896335602
vt 0.9189580082893372 0.1718119978904724
vt 0.9404259920120239 0.18754099309444427
vt 0.9100890159606934 0.20818699896335602
vt 0.05957400053739548 0.18754099309444427
vt 0.08104199916124344 0.1718119978904724
vt 0.08991099894046783 0.20818699896335602
vt 0.08104199916124344 0.1718119978904724
vt 0.09702900052070618 0.2025350034236908
vt 0.08991099894046783 0.20818699896335602
vt 0.8720470070838928 0.21988099813461304
vt 0.9029710292816162 0.2025350034236908
vt 0.8736569881439209 0.22634999454021454
vt 0.9029710292816162 0.2025350034236908
vt 0.9100890159606934 0.20818699896335602
vt 0.8736569881439209 0.22634999454021454
vt 0.08991099894046783 0.20818699896335602
vt 0.09702900052070618 0.2025350034236908
vt 0.1263429969549179 0.22634999454021454
vt 0.09702900052070618 0.2025350034236908
vt 0.12795299291610718 0.21988099813461304
vt 0.1263429969549179 0.22634999454021454
vt 0.8234519958496094 0.23519499599933624
vt 0.8720470070838928 0.21988099813461304
vt 0.8736569881439209 0.22634999454021454
vt 0.8234519958496094 0.23519499599933624
vt 0.8736569881439209 0.22634999454021454
vt 0.8238369822502136 0.24205799400806427
vt 0.1263429969549179 0.22634999454021454
vt 0.12795299291610718 0.21988099813461304
vt 0.17654800415039062 0.23519499599933624
vt 0.1263429969549179 0.22634999454021454
vt 0.17654800415039062 0.23519499599933624
vt 0.17616300284862518 0.24205799400806427
vt 0.7712550163269043 0.2416130006313324
vt 0.8234519958496094 0.23519499599933624
vt 0.8238369822502136 0.24205799400806427
vt 0.7712550163269043 0.2416130006313324
vt 0.8238369822502136 0.24205799400806427
vt 0.7716310024261475 0.2484789937734604
vt 0.17616300284862518 0.24205799400806427
vt 0.17654800415039062 0.23519499599933624
vt 0.2287449985742569 0.2416130006313324
vt 0.17616300284862518 0.24205799400806427
vt 0.2287449985742569 0.2416130006313324
vt 0.22836899757385254 0.2484789937734604
vt 0.7254679799079895 0.23815199732780457
vt 0.7712550163269043 0.2416130006313324
vt 0.7716310024261475 0.2484789937734604
vt 0.7254679799079895 0.23815199732780457
vt 0.7716310024261475 0.2484789937734604
vt 0.7236160039901733 0.244486004114151
vt 0.22836899757385254 0.2484789937734604
vt 0.2287449985742569 0.2416130006313324
vt 0.2745319902896881 0.23815199732780457
vt 0.22836899757385254 0.2484789937734604
vt 0.2745319902896881 0.23815199732780457
vt 0.27638399600982666 0.244486004114151
vt 0.7254679799079895 0.23815199732780457
vt 0.7236160039901733 0.244486004114151
vt 0.6952959895133972 0.22925500571727753
vt 0.7236160039901733 0.244486004114151
vt 0.6768820285797119 0.23425999283790588
vt 0.6952959895133972 0.22925500571727753
vt 0.3231180012226105 0.23425999283790588
vt 0.27638399600982666 0.244486004114151
vt 0.3047040104866028 0.22925500571727753
vt 0.27638399600982666 0.244486004114151
vt 0.2745319902896881 0.23815199732780457
vt 0.3047040104866028 0.22925500571727753
vt 0.6444140076637268 0.19143199920654297
vt 0.6952959895133972 0.22925500571727753
vt 0.6768820285797119 0.23425999283790588
vt 0.6444140076637268 0.19143199920654297
vt 0.6768820285797119 0.23425999283790588
vt 0.6278489828109741 0.21275199949741364
vt 0.3231180012226105 0.23425999283790588
vt 0.3047040104866028 0.22925500571727753
vt 0.3555859923362732 0.19143199920654297
vt 0.3231180012226105 0.23425999283790588
vt 0.3555859923362732 0.19143199920654297
vt 0.3721509873867035 0.21275199949741364
vt 0.6211739778518677 0.1718129962682724
vt 0.6444140076637268 0.19143199920654297
vt 0.6278489828109741 0.21275199949741364
vt 0.6211739778518677 0.1718129962682724
vt 0.6278489828109741 0.21275199949741364
vt 0.6026350259780884 0.19630999863147736
vt 0.3721509873867035 0.21275199949741364
vt 0.3555859923362732 0.19143199920654297
vt 0.3788270056247711 0.1718129962682724
vt 0.3721509873867035 0.21275199949741364
vt 0.3788270056247711 0.1718129962682724
vt 0.397365003824234 0.19630999863147736
vt 0.909542977809906 0.9332640171051025
vt 0.8660879731178284 0.9293659925460815
vt 0.909600019454956 0.8972390294075012
vt 0.8660879731178284 0.9293659925460815
vt 0.8654929995536804 0.8859559893608093
vt 0.909600019454956 0.8972390294075012
vt 0.13450700044631958 0.8859559893608093
vt 0.13391199707984924 0.9293659925460815
vt 0.09040000289678574 0.8972390294075012
vt 0.13391199707984924 0.9293659925460815
vt 0.0904569998383522 0.9332640171051025
vt 0.09040000289678574 0.8972390294075012
vt 0.8660879731178284 0.9293659925460815
vt 0.8222939968109131 0.9246649742126465
vt 0.8654929995536804 0.8859559893608093
vt 0.8222939968109131 0.9246649742126465
vt 0.8192930221557617 0.8762080073356628
vt 0.8654929995536804 0.8859559893608093
vt 0.18070699274539948 0.8762080073356628
vt 0.17770600318908691 0.9246649742126465
vt 0.13450700044631958 0.8859559893608093
vt 0.17770600318908691 0.9246649742126465
vt 0.13391199707984924 0.9293659925460815
vt 0.13450700044631958 0.8859559893608093
vt 0.909600019454956 0.8972390294075012
vt 0.8654929995536804 0.8859559893608093
vt 0.9098280072212219 0.8546810150146484
vt 0.8654929995536804 0.8859559893608093
vt 0.8634340167045593 0.8412100076675415
vt 0.9098280072212219 0.8546810150146484
vt 0.13656599819660187 0.8412100076675415
vt 0.13450700044631958 0.8859559893608093
vt 0.09017200022935867 0.8546810150146484
vt 0.13450700044631958 0.8859559893608093
vt 0.09040000289678574 0.8972390294075012
vt 0.09017200022935867 0.8546810150146484
vt 0.8654929995536804 0.8859559893608093
vt 0.8192930221557617 0.8762080073356628
vt 0.8634340167045593 0.8412100076675415
vt 0.8192930221557617 0.8762080073356628
vt 0.8162099719047546 0.82505202293396
vt 0.8634340167045593 0.8412100076675415
vt 0.18378999829292297 0.82505202293396
vt 0.18070699274539948 0.8762080073356628
vt 0.13656599819660187 0.8412100076675415
vt 0.18070699274539948 0.8762080073356628
vt 0.13450700044631958 0.8859559893608093
vt 0.13656599819660187 0.8412100076675415
vt 0.9098280072212219 0.8546810150146484
vt 0.8634340167045593 0.8412100076675415
vt 0.9131410121917725 0.8262879848480225
vt 0.8634340167045593 0.8412100076675415
vt 0.8647379875183105 0.8174099922180176
vt 0.9131410121917725 0.8262879848480225
vt 0.13526199758052826 0.8174099922180176
vt 0.13656599819660187 0.8412100076675415
vt 0.08685900270938873 0.8262879848480225
vt 0.13656599819660187 0.8412100076675415
vt 0.09017200022935867 0.8546810150146484
vt 0.08685900270938873 0.8262879848480225
vt 0.8634340167045593 0.8412100076675415
vt 0.8162099719047546 0.82505202293396
vt 0.8647379875183105 0.8174099922180176
vt 0.8162099719047546 0.82505202293396
vt 0.8135169744491577 0.8036329746246338
vt 0.8647379875183105 0.8174099922180176
vt 0.1864829957485199 0.8036329746246338
vt 0.18378999829292297 0.82505202293396
vt 0.13526199758052826 0.8174099922180176
vt 0.18378999829292297 0.82505202293396
vt 0.13656599819660187 0.8412100076675415
vt 0.13526199758052826 0.8174099922180176
vt 0.9131410121917725 0.8262879848480225
vt 0.8647379875183105 0.8174099922180176
vt 0.910772979259491 0.788569986820221
vt 0.8647379875183105 0.8174099922180176
vt 0.8643850088119507 0.7876260280609131
vt 0.910772979259491 0.788569986820221
vt 0.1356150060892105 0.7876260280609131
vt 0.13526199758052826 0.8174099922180176
vt 0.08922699838876724 0.788569986820221
vt 0.13526199758052826 0.8174099922180176
vt 0.08685900270938873 0.8262879848480225
vt 0.08922699838876724 0.788569986820221
vt 0.8647379875183105 0.8174099922180176
vt 0.8135169744491577 0.8036329746246338
vt 0.8643850088119507 0.7876260280609131
vt 0.8135169744491577 0.8036329746246338
vt 0.812129020690918 0.7787650227546692
vt 0.8643850088119507 0.7876260280609131
vt 0.18787099421024323 0.7787650227546692
vt 0.1864829957485199 0.8036329746246338
vt 0.1356150060892105 0.7876260280609131
vt 0.1864829957485199 0.8036329746246338
vt 0.13526199758052826 0.8174099922180176
vt 0.1356150060892105 0.7876260280609131
vt 0.910772979259491 0.788569986820221
vt 0.8643850088119507 0.7876260280609131
vt 0.9008960127830505 0.7040560245513916
vt 0.8643850088119507 0.7876260280609131
vt 0.8511419892311096 0.7098159790039062
vt 0.9008960127830505 0.7040560245513916
vt 0.1488579958677292 0.7098159790039062
vt 0.1356150060892105 0.7876260280609131
vt 0.09910400211811066 0.7040560245513916
vt 0.1356150060892105 0.7876260280609131
vt 0.08922699838876724 0.788569986820221
vt 0.09910400211811066 0.7040560245513916
vt 0.8643850088119507 0.7876260280609131
vt 0.812129020690918 0.7787650227546692
vt 0.8511419892311096 0.7098159790039062
vt 0.812129020690918 0.7787650227546692
vt 0.8039360046386719 0.7144209742546082
vt 0.8511419892311096 0.7098159790039062
vt 0.19606399536132812 0.7144209742546082
vt 0.18787099421024323 0.7787650227546692
vt 0.1488579958677292 0.7098159790039062
vt 0.18787099421024323 0.7787650227546692
vt 0.1356150060892105 0.7876260280609131
vt 0.1488579958677292 0.7098159790039062
vt 0.9028559923171997 0.682233989238739
vt 0.8501440286636353 0.6995400190353394
vt 0.894307017326355 0.6706330180168152
vt 0.8501440286636353 0.6995400190353394
vt 0.8482620120048523 0.6850829720497131
vt 0.894307017326355 0.6706330180168152
vt 0.1517380028963089 0.6850829720497131
vt 0.14985600113868713 0.6995400190353394
vt 0.10569299757480621 0.6706330180168152
vt 0.14985600113868713 0.6995400190353394
vt 0.0971440002322197 0.682233989238739
vt 0.10569299757480621 0.6706330180168152
vt 0.8501440286636353 0.6995400190353394
vt 0.7979310154914856 0.7054430246353149
vt 0.8482620120048523 0.6850829720497131
vt 0.7979310154914856 0.7054430246353149
vt 0.7961500287055969 0.6907839775085449
vt 0.8482620120048523 0.6850829720497131
vt 0.20385000109672546 0.6907839775085449
vt 0.2020689994096756 0.7054430246353149
vt 0.1517380028963089 0.6850829720497131
vt 0.2020689994096756 0.7054430246353149
vt 0.14985600113868713 0.6995400190353394
vt 0.1517380028963089 0.6850829720497131
vt 0.6860830187797546 0.9027950167655945
vt 0.6528229713439941 0.8958079814910889
vt 0.6762049794197083 0.8400470018386841
vt 0.6528229713439941 0.8958079814910889
vt 0.6404320001602173 0.8320479989051819
vt 0.6762049794197083 0.8400470018386841
vt 0.3595679998397827 0.8320479989051819
vt 0.34717699885368347 0.8958079814910889
vt 0.32379499077796936 0.8400470018386841
vt 0.34717699885368347 0.8958079814910889
vt 0.31391701102256775 0.9027950167655945
vt 0.32379499077796936 0.8400470018386841
vt 0.7232869863510132 0.9092130064964294
vt 0.6860830187797546 0.9027950167655945
vt 0.7186880111694336 0.8512570261955261
vt 0.6860830187797546 0.9027950167655945
vt 0.6762049794197083 0.8400470018386841
vt 0.7186880111694336 0.8512570261955261
vt 0.32379499077796936 0.8400470018386841
vt 0.31391701102256775 0.9027950167655945
vt 0.2813119888305664 0.8512570261955261
vt 0.31391701102256775 0.9027950167655945
vt 0.2767130136489868 0.9092130064964294
vt 0.2813119888305664 0.8512570261955261
vt 0.7720350027084351 0.9168429970741272
vt 0.7232869863510132 0.9092130064964294
vt 0.7673270106315613 0.8620989918708801
vt 0.7232869863510132 0.9092130064964294
vt 0.7186880111694336 0.8512570261955261
vt 0.7673270106315613 0.8620989918708801
vt 0.2813119888305664 0.8512570261955261
vt 0.2767130136489868 0.9092130064964294
vt 0.23267300426959991 0.8620989918708801
vt 0.2767130136489868 0.9092130064964294
vt 0.22796499729156494 0.9168429970741272
vt 0.23267300426959991 0.8620989918708801
vt 0.8222939968109131 0.9246649742126465
vt 0.7720350027084351 0.9168429970741272
vt 0.8192930221557617 0.8762080073356628
vt 0.7720350027084351 0.9168429970741272
vt 0.7673270106315613 0.8620989918708801
vt 0.8192930221557617 0.8762080073356628
vt 0.23267300426959991 0.8620989918708801
vt 0.22796499729156494 0.9168429970741272
vt 0.18070699274539948 0.8762080073356628
vt 0.22796499729156494 0.9168429970741272
vt 0.17770600318908691 0.9246649742126465
vt 0.18070699274539948 0.8762080073356628
vt 0.9580910205841064 0.9367070198059082
vt 0.909542977809906 0.9332640171051025
vt 0.9577190279960632 0.9038419723510742
vt 0.909542977809906 0.9332640171051025
vt 0.909600019454956 0.8972390294075012
vt 0.9577190279960632 0.9038419723510742
vt 0.09040000289678574 0.8972390294075012
vt 0.0904569998383522 0.9332640171051025
vt 0.042281001806259155 0.9038419723510742
vt 0.0904569998383522 0.9332640171051025
vt 0.041909001767635345 0.9367070198059082
vt 0.042281001806259155 0.9038419723510742
vt 0.9853519797325134 0.9389839768409729
vt 0.9580910205841064 0.9367070198059082
vt 0.9875569939613342 0.9113839864730835
vt 0.9580910205841064 0.9367070198059082
vt 0.9577190279960632 0.9038419723510742
vt 0.9875569939613342 0.9113839864730835
vt 0.042281001806259155 0.9038419723510742
vt 0.041909001767635345 0.9367070198059082
vt 0.012443000450730324 0.9113839864730835
vt 0.041909001767635345 0.9367070198059082
vt 0.01464799977838993 0.9389839768409729
vt 0.012443000450730324 0.9113839864730835
vt 0.6762049794197083 0.8400470018386841
vt 0.6404320001602173 0.8320479989051819
vt 0.6636070013046265 0.7754390239715576
vt 0.6404320001602173 0.8320479989051819
vt 0.6313629746437073 0.7633479833602905
vt 0.6636070013046265 0.7754390239715576
vt 0.36863699555397034 0.7633479833602905
vt 0.3595679998397827 0.8320479989051819
vt 0.33639299869537354 0.7754390239715576
vt 0.3595679998397827 0.8320479989051819
vt 0.32379499077796936 0.8400470018386841
vt 0.33639299869537354 0.7754390239715576
vt 0.7186880111694336 0.8512570261955261
vt 0.6762049794197083 0.8400470018386841
vt 0.7115820050239563 0.7924540042877197
vt 0.6762049794197083 0.8400470018386841
vt 0.6636070013046265 0.7754390239715576
vt 0.7115820050239563 0.7924540042877197
vt 0.33639299869537354 0.7754390239715576
vt 0.32379499077796936 0.8400470018386841
vt 0.2884179949760437 0.7924540042877197
vt 0.32379499077796936 0.8400470018386841
vt 0.2813119888305664 0.8512570261955261
vt 0.2884179949760437 0.7924540042877197
vt 0.7673270106315613 0.8620989918708801
vt 0.7186880111694336 0.8512570261955261
vt 0.7613509893417358 0.8086569905281067
vt 0.7186880111694336 0.8512570261955261
vt 0.7115820050239563 0.7924540042877197
vt 0.7613509893417358 0.8086569905281067
vt 0.2884179949760437 0.7924540042877197
vt 0.2813119888305664 0.8512570261955261
vt 0.23864899575710297 0.8086569905281067
vt 0.2813119888305664 0.8512570261955261
vt 0.23267300426959991 0.8620989918708801
vt 0.23864899575710297 0.8086569905281067
vt 0.8192930221557617 0.8762080073356628
vt 0.7673270106315613 0.8620989918708801
vt 0.8162099719047546 0.82505202293396
vt 0.7673270106315613 0.8620989918708801
vt 0.7613509893417358 0.8086569905281067
vt 0.8162099719047546 0.82505202293396
vt 0.23864899575710297 0.8086569905281067
vt 0.23267300426959991 0.8620989918708801
vt 0.18378999829292297 0.82505202293396
vt 0.23267300426959991 0.8620989918708801
vt 0.18070699274539948 0.8762080073356628
vt 0.18378999829292297 0.82505202293396
vt 0.9577190279960632 0.9038419723510742
vt 0.909600019454956 0.8972390294075012
vt 0.9566680192947388 0.8672720193862915
vt 0.909600019454956 0.8972390294075012
vt 0.9098280072212219 0.8546810150146484
vt 0.9566680192947388 0.8672720193862915
vt 0.09017200022935867 0.8546810150146484
vt 0.09040000289678574 0.8972390294075012
vt 0.04333199933171272 0.8672720193862915
vt 0.09040000289678574 0.8972390294075012
vt 0.042281001806259155 0.9038419723510742
vt 0.04333199933171272 0.8672720193862915
vt 0.9875569939613342 0.9113839864730835
vt 0.9577190279960632 0.9038419723510742
vt 0.9896079897880554 0.8776540160179138
vt 0.9577190279960632 0.9038419723510742
vt 0.9566680192947388 0.8672720193862915
vt 0.9896079897880554 0.8776540160179138
vt 0.04333199933171272 0.8672720193862915
vt 0.042281001806259155 0.9038419723510742
vt 0.01039199996739626 0.8776540160179138
vt 0.042281001806259155 0.9038419723510742
vt 0.012443000450730324 0.9113839864730835
vt 0.01039199996739626 0.8776540160179138
vt 0.6636070013046265 0.7754390239715576
vt 0.6313629746437073 0.7633479833602905
vt 0.6632030010223389 0.760200023651123
vt 0.6313629746437073 0.7633479833602905
vt 0.6294630169868469 0.7489500045776367
vt 0.6632030010223389 0.760200023651123
vt 0.37053701281547546 0.7489500045776367
vt 0.36863699555397034 0.7633479833602905
vt 0.33679699897766113 0.760200023651123
vt 0.36863699555397034 0.7633479833602905
vt 0.33639299869537354 0.7754390239715576
vt 0.33679699897766113 0.760200023651123
vt 0.7115820050239563 0.7924540042877197
vt 0.6636070013046265 0.7754390239715576
vt 0.7112870216369629 0.775613009929657
vt 0.6636070013046265 0.7754390239715576
vt 0.6632030010223389 0.760200023651123
vt 0.7112870216369629 0.775613009929657
vt 0.33679699897766113 0.760200023651123
vt 0.33639299869537354 0.7754390239715576
vt 0.2887130081653595 0.775613009929657
vt 0.33639299869537354 0.7754390239715576
vt 0.2884179949760437 0.7924540042877197
vt 0.2887130081653595 0.775613009929657
vt 0.7613509893417358 0.8086569905281067
vt 0.7115820050239563 0.7924540042877197
vt 0.7629849910736084 0.7916650176048279
vt 0.7115820050239563 0.7924540042877197
vt 0.7112870216369629 0.775613009929657
vt 0.7629849910736084 0.7916650176048279
vt 0.2887130081653595 0.775613009929657
vt 0.2884179949760437 0.7924540042877197
vt 0.2370149940252304 0.7916650176048279
vt 0.2884179949760437 0.7924540042877197
vt 0.23864899575710297 0.8086569905281067
vt 0.2370149940252304 0.7916650176048279
vt 0.8162099719047546 0.82505202293396
vt 0.7613509893417358 0.8086569905281067
vt 0.8135169744491577 0.8036329746246338
vt 0.7613509893417358 0.8086569905281067
vt 0.7629849910736084 0.7916650176048279
vt 0.8135169744491577 0.8036329746246338
vt 0.2370149940252304 0.7916650176048279
vt 0.23864899575710297 0.8086569905281067
vt 0.1864829957485199 0.8036329746246338
vt 0.23864899575710297 0.8086569905281067
vt 0.18378999829292297 0.82505202293396
vt 0.1864829957485199 0.8036329746246338
vt 0.9566680192947388 0.8672720193862915
vt 0.9098280072212219 0.8546810150146484
vt 0.961080014705658 0.8335250020027161
vt 0.9098280072212219 0.8546810150146484
vt 0.9131410121917725 0.8262879848480225
vt 0.961080014705658 0.8335250020027161
vt 0.08685900270938873 0.8262879848480225
vt 0.09017200022935867 0.8546810150146484
vt 0.038920000195503235 0.8335250020027161
vt 0.09017200022935867 0.8546810150146484
vt 0.04333199933171272 0.8672720193862915
vt 0.038920000195503235 0.8335250020027161
vt 0.9896079897880554 0.8776540160179138
vt 0.9566680192947388 0.8672720193862915
vt 0.992169976234436 0.8347309827804565
vt 0.9566680192947388 0.8672720193862915
vt 0.961080014705658 0.8335250020027161
vt 0.992169976234436 0.8347309827804565
vt 0.038920000195503235 0.8335250020027161
vt 0.04333199933171272 0.8672720193862915
vt 0.007829999551177025 0.8347309827804565
vt 0.04333199933171272 0.8672720193862915
vt 0.01039199996739626 0.8776540160179138
vt 0.007829999551177025 0.8347309827804565
vt 0.6632030010223389 0.760200023651123
vt 0.6294630169868469 0.7489500045776367
vt 0.6586419939994812 0.741113007068634
vt 0.6294630169868469 0.7489500045776367
vt 0.6279119849205017 0.7322689890861511
vt 0.6586419939994812 0.741113007068634
vt 0.3720879852771759 0.7322689890861511
vt 0.37053701281547546 0.7489500045776367
vt 0.3413580060005188 0.741113007068634
vt 0.37053701281547546 0.7489500045776367
vt 0.33679699897766113 0.760200023651123
vt 0.3413580060005188 0.741113007068634
vt 0.7112870216369629 0.775613009929657
vt 0.6632030010223389 0.760200023651123
vt 0.7050729990005493 0.7552729845046997
vt 0.6632030010223389 0.760200023651123
vt 0.6586419939994812 0.741113007068634
vt 0.7050729990005493 0.7552729845046997
vt 0.3413580060005188 0.741113007068634
vt 0.33679699897766113 0.760200023651123
vt 0.2949270009994507 0.7552729845046997
vt 0.33679699897766113 0.760200023651123
vt 0.2887130081653595 0.775613009929657
vt 0.2949270009994507 0.7552729845046997
vt 0.7629849910736084 0.7916650176048279
vt 0.7112870216369629 0.775613009929657
vt 0.760903000831604 0.7671380043029785
vt 0.7112870216369629 0.775613009929657
vt 0.7050729990005493 0.7552729845046997
vt 0.760903000831604 0.7671380043029785
vt 0.2949270009994507 0.7552729845046997
vt 0.2887130081653595 0.775613009929657
vt 0.239096999168396 0.7671380043029785
vt 0.2887130081653595 0.775613009929657
vt 0.2370149940252304 0.7916650176048279
vt 0.239096999168396 0.7671380043029785
vt 0.8135169744491577 0.8036329746246338
vt 0.7629849910736084 0.7916650176048279
vt 0.812129020690918 0.7787650227546692
vt 0.7629849910736084 0.7916650176048279
vt 0.760903000831604 0.7671380043029785
vt 0.812129020690918 0.7787650227546692
vt 0.239096999168396 0.7671380043029785
vt 0.2370149940252304 0.7916650176048279
vt 0.18787099421024323 0.7787650227546692
vt 0.2370149940252304 0.7916650176048279
vt 0.1864829957485199 0.8036329746246338
vt 0.18787099421024323 0.7787650227546692
vt 0.961080014705658 0.8335250020027161
vt 0.9131410121917725 0.8262879848480225
vt 0.9641240239143372 0.7840020060539246
vt 0.9131410121917725 0.8262879848480225
vt 0.910772979259491 0.788569986820221
vt 0.9641240239143372 0.7840020060539246
vt 0.08922699838876724 0.788569986820221
vt 0.08685900270938873 0.8262879848480225
vt 0.03587599843740463 0.7840020060539246
vt 0.08685900270938873 0.8262879848480225
vt 0.038920000195503235 0.8335250020027161
vt 0.03587599843740463 0.7840020060539246
vt 0.992169976234436 0.8347309827804565
vt 0.961080014705658 0.8335250020027161
vt 0.9641240239143372 0.7840020060539246
vt 0.992169976234436 0.8347309827804565
vt 0.9641240239143372 0.7840020060539246
vt 0.9891459941864014 0.773622989654541
vt 0.03587599843740463 0.7840020060539246
vt 0.038920000195503235 0.8335250020027161
vt 0.007829999551177025 0.8347309827804565
vt 0.03587599843740463 0.7840020060539246
vt 0.007829999551177025 0.8347309827804565
vt 0.010854000225663185 0.773622989654541
vt 0.6586419939994812 0.741113007068634
vt 0.6279119849205017 0.7322689890861511
vt 0.656220018863678 0.7102749943733215
vt 0.6279119849205017 0.7322689890861511
vt 0.623691976070404 0.7023839950561523
vt 0.656220018863678 0.7102749943733215
vt 0.37630799412727356 0.7023839950561523
vt 0.3720879852771759 0.7322689890861511
vt 0.3437800109386444 0.7102749943733215
vt 0.3720879852771759 0.7322689890861511
vt 0.3413580060005188 0.741113007068634
vt 0.3437800109386444 0.7102749943733215
vt 0.7050729990005493 0.7552729845046997
vt 0.6586419939994812 0.741113007068634
vt 0.7020130157470703 0.7163410186767578
vt 0.6586419939994812 0.741113007068634
vt 0.656220018863678 0.7102749943733215
vt 0.7020130157470703 0.7163410186767578
vt 0.3437800109386444 0.7102749943733215
vt 0.3413580060005188 0.741113007068634
vt 0.2979870140552521 0.7163410186767578
vt 0.3413580060005188 0.741113007068634
vt 0.2949270009994507 0.7552729845046997
vt 0.2979870140552521 0.7163410186767578
vt 0.760903000831604 0.7671380043029785
vt 0.7050729990005493 0.7552729845046997
vt 0.7555019855499268 0.7173020243644714
vt 0.7050729990005493 0.7552729845046997
vt 0.7020130157470703 0.7163410186767578
vt 0.7555019855499268 0.7173020243644714
vt 0.2979870140552521 0.7163410186767578
vt 0.2949270009994507 0.7552729845046997
vt 0.24449799954891205 0.7173020243644714
vt 0.2949270009994507 0.7552729845046997
vt 0.239096999168396 0.7671380043029785
vt 0.24449799954891205 0.7173020243644714
vt 0.812129020690918 0.7787650227546692
vt 0.760903000831604 0.7671380043029785
vt 0.8039360046386719 0.7144209742546082
vt 0.760903000831604 0.7671380043029785
vt 0.7555019855499268 0.7173020243644714
vt 0.8039360046386719 0.7144209742546082
vt 0.24449799954891205 0.7173020243644714
vt 0.239096999168396 0.7671380043029785
vt 0.19606399536132812 0.7144209742546082
vt 0.239096999168396 0.7671380043029785
vt 0.18787099421024323 0.7787650227546692
vt 0.19606399536132812 0.7144209742546082
vt 0.9641240239143372 0.7840020060539246
vt 0.910772979259491 0.788569986820221
vt 0.9415789842605591 0.6997349858283997
vt 0.910772979259491 0.788569986820221
vt 0.9008960127830505 0.7040560245513916
vt 0.9415789842605591 0.6997349858283997
vt 0.09910400211811066 0.7040560245513916
vt 0.08922699838876724 0.788569986820221
vt 0.058421000838279724 0.6997349858283997
vt 0.08922699838876724 0.788569986820221
vt 0.03587599843740463 0.7840020060539246
vt 0.058421000838279724 0.6997349858283997
vt 0.9891459941864014 0.773622989654541
vt 0.9641240239143372 0.7840020060539246
vt 0.9415789842605591 0.6997349858283997
vt 0.9891459941864014 0.773622989654541
vt 0.9415789842605591 0.6997349858283997
vt 0.9832689762115479 0.6965950131416321
vt 0.058421000838279724 0.6997349858283997
vt 0.03587599843740463 0.7840020060539246
vt 0.010854000225663185 0.773622989654541
vt 0.058421000838279724 0.6997349858283997
vt 0.010854000225663185 0.773622989654541
vt 0.01673099957406521 0.6965950131416321
vt 0.9786930084228516 0.6315860152244568
vt 0.9427909851074219 0.6607400178909302
vt 0.9688029885292053 0.6212419867515564
vt 0.9427909851074219 0.6607400178909302
vt 0.9338110089302063 0.6494669914245605
vt 0.9688029885292053 0.6212419867515564
vt 0.0661889985203743 0.6494669914245605
vt 0.05720899999141693 0.6607400178909302
vt 0.031197000294923782 0.6212419867515564
vt 0.05720899999141693 0.6607400178909302
vt 0.021307000890374184 0.6315860152244568
vt 0.031197000294923782 0.6212419867515564
vt 0.9427909851074219 0.6607400178909302
vt 0.9028559923171997 0.682233989238739
vt 0.9338110089302063 0.6494669914245605
vt 0.9028559923171997 0.682233989238739
vt 0.894307017326355 0.6706330180168152
vt 0.9338110089302063 0.6494669914245605
vt 0.10569299757480621 0.6706330180168152
vt 0.0971440002322197 0.682233989238739
vt 0.0661889985203743 0.6494669914245605
vt 0.0971440002322197 0.682233989238739
vt 0.05720899999141693 0.6607400178909302
vt 0.0661889985203743 0.6494669914245605
vt 0.7979310154914856 0.7054430246353149
vt 0.7444319725036621 0.7004879713058472
vt 0.7961500287055969 0.6907839775085449
vt 0.7444319725036621 0.7004879713058472
vt 0.7457720041275024 0.6855310201644897
vt 0.7961500287055969 0.6907839775085449
vt 0.25422799587249756 0.6855310201644897
vt 0.2555679976940155 0.7004879713058472
vt 0.20385000109672546 0.6907839775085449
vt 0.2555679976940155 0.7004879713058472
vt 0.2020689994096756 0.7054430246353149
vt 0.20385000109672546 0.6907839775085449
vt 0.7444319725036621 0.7004879713058472
vt 0.6878569722175598 0.6828420162200928
vt 0.7457720041275024 0.6855310201644897
vt 0.6878569722175598 0.6828420162200928
vt 0.6923840045928955 0.6682469844818115
vt 0.7457720041275024 0.6855310201644897
vt 0.3076159954071045 0.6682469844818115
vt 0.3121429979801178 0.6828420162200928
vt 0.25422799587249756 0.6855310201644897
vt 0.3121429979801178 0.6828420162200928
vt 0.2555679976940155 0.7004879713058472
vt 0.25422799587249756 0.6855310201644897
vt 0.6878569722175598 0.6828420162200928
vt 0.6430040001869202 0.6584039926528931
vt 0.6923840045928955 0.6682469844818115
vt 0.6430040001869202 0.6584039926528931
vt 0.6520090103149414 0.6460769772529602
vt 0.6923840045928955 0.6682469844818115
vt 0.3479909896850586 0.6460769772529602
vt 0.35699599981307983 0.6584039926528931
vt 0.3076159954071045 0.6682469844818115
vt 0.35699599981307983 0.6584039926528931
vt 0.3121429979801178 0.6828420162200928
vt 0.3076159954071045 0.6682469844818115
vt 0.6430040001869202 0.6584039926528931
vt 0.6134430170059204 0.6362559795379639
vt 0.6237940192222595 0.6258509755134583
vt 0.6430040001869202 0.6584039926528931
vt 0.6237940192222595 0.6258509755134583
vt 0.6520090103149414 0.6460769772529602
vt 0.37620601058006287 0.6258509755134583
vt 0.386557012796402 0.6362559795379639
vt 0.35699599981307983 0.6584039926528931
vt 0.37620601058006287 0.6258509755134583
vt 0.35699599981307983 0.6584039926528931
vt 0.3479909896850586 0.6460769772529602
vt 0.5180360078811646 0.5325610041618347
vt 0.5642169713973999 0.5388280153274536
vt 0.5597720146179199 0.5803930163383484
vt 0.5180360078811646 0.5325610041618347
vt 0.5597720146179199 0.5803930163383484
vt 0.5126510262489319 0.5779410004615784
vt 0.4402279853820801 0.5803930163383484
vt 0.4357829988002777 0.5388280153274536
vt 0.48196399211883545 0.5325610041618347
vt 0.4402279853820801 0.5803930163383484
vt 0.48196399211883545 0.5325610041618347
vt 0.4873490035533905 0.5779410004615784
vt 0.5126510262489319 0.5779410004615784
vt 0.5597720146179199 0.5803930163383484
vt 0.5538910031318665 0.6243950128555298
vt 0.5126510262489319 0.5779410004615784
vt 0.5538910031318665 0.6243950128555298
vt 0.5077469944953918 0.6216570138931274
vt 0.44610899686813354 0.6243950128555298
vt 0.4402279853820801 0.5803930163383484
vt 0.4873490035533905 0.5779410004615784
vt 0.44610899686813354 0.6243950128555298
vt 0.4873490035533905 0.5779410004615784
vt 0.49225300550460815 0.6216570138931274
vt 0.5077469944953918 0.6216570138931274
vt 0.5538910031318665 0.6243950128555298
vt 0.5059139728546143 0.6551269888877869
vt 0.5538910031318665 0.6243950128555298
vt 0.5514429807662964 0.6596480011940002
vt 0.5059139728546143 0.6551269888877869
vt 0.4485569894313812 0.6596480011940002
vt 0.44610899686813354 0.6243950128555298
vt 0.49408599734306335 0.6551269888877869
vt 0.44610899686813354 0.6243950128555298
vt 0.49225300550460815 0.6216570138931274
vt 0.49408599734306335 0.6551269888877869
vt 0.5059139728546143 0.6551269888877869
vt 0.5514429807662964 0.6596480011940002
vt 0.5045469999313354 0.709971010684967
vt 0.5514429807662964 0.6596480011940002
vt 0.5520349740982056 0.7127709984779358
vt 0.5045469999313354 0.709971010684967
vt 0.44796499609947205 0.7127709984779358
vt 0.4485569894313812 0.6596480011940002
vt 0.49545300006866455 0.709971010684967
vt 0.4485569894313812 0.6596480011940002
vt 0.49408599734306335 0.6551269888877869
vt 0.49545300006866455 0.709971010684967
vt 0.5045469999313354 0.709971010684967
vt 0.5520349740982056 0.7127709984779358
vt 0.5085610151290894 0.7596909999847412
vt 0.5520349740982056 0.7127709984779358
vt 0.5509200096130371 0.7602570056915283
vt 0.5085610151290894 0.7596909999847412
vt 0.4490799903869629 0.7602570056915283
vt 0.44796499609947205 0.7127709984779358
vt 0.49143901467323303 0.7596909999847412
vt 0.44796499609947205 0.7127709984779358
vt 0.49545300006866455 0.709971010684967
vt 0.49143901467323303 0.7596909999847412
vt 0.5085610151290894 0.7596909999847412
vt 0.5509200096130371 0.7602570056915283
vt 0.5171949863433838 0.8062599897384644
vt 0.5509200096130371 0.7602570056915283
vt 0.55560702085495 0.8049610257148743
vt 0.5171949863433838 0.8062599897384644
vt 0.44439300894737244 0.8049610257148743
vt 0.4490799903869629 0.7602570056915283
vt 0.4828050136566162 0.8062599897384644
vt 0.4490799903869629 0.7602570056915283
vt 0.49143901467323303 0.7596909999847412
vt 0.4828050136566162 0.8062599897384644
vt 0.5171949863433838 0.8062599897384644
vt 0.55560702085495 0.8049610257148743
vt 0.529757022857666 0.8465870022773743
vt 0.55560702085495 0.8049610257148743
vt 0.5677970051765442 0.8435080051422119
vt 0.529757022857666 0.8465870022773743
vt 0.4322029948234558 0.8435080051422119
vt 0.44439300894737244 0.8049610257148743
vt 0.47024300694465637 0.8465870022773743
vt 0.44439300894737244 0.8049610257148743
vt 0.4828050136566162 0.8062599897384644
vt 0.47024300694465637 0.8465870022773743
vt 0.5677970051765442 0.8435080051422119
vt 0.5754119753837585 0.869575023651123
vt 0.5431619882583618 0.8724039793014526
vt 0.5677970051765442 0.8435080051422119
vt 0.5431619882583618 0.8724039793014526
vt 0.529757022857666 0.8465870022773743
vt 0.4568380117416382 0.8724039793014526
vt 0.42458799481391907 0.869575023651123
vt 0.4322029948234558 0.8435080051422119
vt 0.4568380117416382 0.8724039793014526
vt 0.4322029948234558 0.8435080051422119
vt 0.47024300694465637 0.8465870022773743
vt 0.5642169713973999 0.5388280153274536
vt 0.6152060031890869 0.5461940169334412
vt 0.6105030179023743 0.5830240249633789
vt 0.5642169713973999 0.5388280153274536
vt 0.6105030179023743 0.5830240249633789
vt 0.5597720146179199 0.5803930163383484
vt 0.3894970118999481 0.5830240249633789
vt 0.3847939968109131 0.5461940169334412
vt 0.4357829988002777 0.5388280153274536
vt 0.3894970118999481 0.5830240249633789
vt 0.4357829988002777 0.5388280153274536
vt 0.4402279853820801 0.5803930163383484
vt 0.5597720146179199 0.5803930163383484
vt 0.6105030179023743 0.5830240249633789
vt 0.6035280227661133 0.6307290196418762
vt 0.5597720146179199 0.5803930163383484
vt 0.6035280227661133 0.6307290196418762
vt 0.5538910031318665 0.6243950128555298
vt 0.3964720070362091 0.6307290196418762
vt 0.3894970118999481 0.5830240249633789
vt 0.4402279853820801 0.5803930163383484
vt 0.3964720070362091 0.6307290196418762
vt 0.4402279853820801 0.5803930163383484
vt 0.44610899686813354 0.6243950128555298
vt 0.5538910031318665 0.6243950128555298
vt 0.6035280227661133 0.6307290196418762
vt 0.5514429807662964 0.6596480011940002
vt 0.6035280227661133 0.6307290196418762
vt 0.5978090167045593 0.6744809746742249
vt 0.5514429807662964 0.6596480011940002
vt 0.40219101309776306 0.6744809746742249
vt 0.3964720070362091 0.6307290196418762
vt 0.4485569894313812 0.6596480011940002
vt 0.3964720070362091 0.6307290196418762
vt 0.44610899686813354 0.6243950128555298
vt 0.4485569894313812 0.6596480011940002
vt 0.5514429807662964 0.6596480011940002
vt 0.5978090167045593 0.6744809746742249
vt 0.5520349740982056 0.7127709984779358
vt 0.5978090167045593 0.6744809746742249
vt 0.5928300023078918 0.7176560163497925
vt 0.5520349740982056 0.7127709984779358
vt 0.40716999769210815 0.7176560163497925
vt 0.40219101309776306 0.6744809746742249
vt 0.44796499609947205 0.7127709984779358
vt 0.40219101309776306 0.6744809746742249
vt 0.4485569894313812 0.6596480011940002
vt 0.44796499609947205 0.7127709984779358
vt 0.5520349740982056 0.7127709984779358
vt 0.5928300023078918 0.7176560163497925
vt 0.5509200096130371 0.7602570056915283
vt 0.5928300023078918 0.7176560163497925
vt 0.5914030075073242 0.7624599933624268
vt 0.5509200096130371 0.7602570056915283
vt 0.4085969924926758 0.7624599933624268
vt 0.40716999769210815 0.7176560163497925
vt 0.4490799903869629 0.7602570056915283
vt 0.40716999769210815 0.7176560163497925
vt 0.44796499609947205 0.7127709984779358
vt 0.4490799903869629 0.7602570056915283
vt 0.5509200096130371 0.7602570056915283
vt 0.5914030075073242 0.7624599933624268
vt 0.55560702085495 0.8049610257148743
vt 0.5914030075073242 0.7624599933624268
vt 0.5936650037765503 0.8079439997673035
vt 0.55560702085495 0.8049610257148743
vt 0.4063360095024109 0.8079439997673035
vt 0.4085969924926758 0.7624599933624268
vt 0.44439300894737244 0.8049610257148743
vt 0.4085969924926758 0.7624599933624268
vt 0.4490799903869629 0.7602570056915283
vt 0.44439300894737244 0.8049610257148743
vt 0.55560702085495 0.8049610257148743
vt 0.5936650037765503 0.8079439997673035
vt 0.5677970051765442 0.8435080051422119
vt 0.5936650037765503 0.8079439997673035
vt 0.5974500179290771 0.8419060111045837
vt 0.5677970051765442 0.8435080051422119
vt 0.40255001187324524 0.8419060111045837
vt 0.4063360095024109 0.8079439997673035
vt 0.4322029948234558 0.8435080051422119
vt 0.4063360095024109 0.8079439997673035
vt 0.44439300894737244 0.8049610257148743
vt 0.4322029948234558 0.8435080051422119
vt 0.5677970051765442 0.8435080051422119
vt 0.5974500179290771 0.8419060111045837
vt 0.5754119753837585 0.869575023651123
vt 0.5974500179290771 0.8419060111045837
vt 0.6048970222473145 0.8667629957199097
vt 0.5754119753837585 0.869575023651123
vt 0.39510300755500793 0.8667629957199097
vt 0.40255001187324524 0.8419060111045837
vt 0.42458799481391907 0.869575023651123
vt 0.40255001187324524 0.8419060111045837
vt 0.4322029948234558 0.8435080051422119
vt 0.42458799481391907 0.869575023651123
vt 0.9152889847755432 0.02819499932229519
vt 0.9154450297355652 0.03765000030398369
vt 0.8844079971313477 0.0284659992903471
vt 0.9154450297355652 0.03765000030398369
vt 0.8837400078773499 0.0383559986948967
vt 0.8844079971313477 0.0284659992903471
vt 0.11625999957323074 0.0383559986948967
vt 0.0845550000667572 0.03765000030398369
vt 0.11559200286865234 0.0284659992903471
vt 0.0845550000667572 0.03765000030398369
vt 0.0847110003232956 0.02819499932229519
vt 0.11559200286865234 0.0284659992903471
vt 0.8844079971313477 0.0284659992903471
vt 0.8837400078773499 0.0383559986948967
vt 0.8431079983711243 0.028378000482916832
vt 0.8837400078773499 0.0383559986948967
vt 0.8425610065460205 0.03820899873971939
vt 0.8431079983711243 0.028378000482916832
vt 0.1574389934539795 0.03820899873971939
vt 0.11625999957323074 0.0383559986948967
vt 0.15689200162887573 0.028378000482916832
vt 0.11625999957323074 0.0383559986948967
vt 0.11559200286865234 0.0284659992903471
vt 0.15689200162887573 0.028378000482916832
vt 0.8431079983711243 0.028378000482916832
vt 0.8425610065460205 0.03820899873971939
vt 0.8024359941482544 0.027752000838518143
vt 0.8425610065460205 0.03820899873971939
vt 0.8021810054779053 0.037484001368284225
vt 0.8024359941482544 0.027752000838518143
vt 0.19781899452209473 0.037484001368284225
vt 0.1574389934539795 0.03820899873971939
vt 0.1975640058517456 0.027752000838518143
vt 0.1574389934539795 0.03820899873971939
vt 0.15689200162887573 0.028378000482916832
vt 0.1975640058517456 0.027752000838518143
vt 0.8024359941482544 0.027752000838518143
vt 0.8021810054779053 0.037484001368284225
vt 0.760308027267456 0.02744700014591217
vt 0.8021810054779053 0.037484001368284225
vt 0.7602959871292114 0.03731599822640419
vt 0.760308027267456 0.02744700014591217
vt 0.23970399796962738 0.03731599822640419
vt 0.19781899452209473 0.037484001368284225
vt 0.23969200253486633 0.02744700014591217
vt 0.19781899452209473 0.037484001368284225
vt 0.1975640058517456 0.027752000838518143
vt 0.23969200253486633 0.02744700014591217
vt 0.760308027267456 0.02744700014591217
vt 0.7602959871292114 0.03731599822640419
vt 0.7222769856452942 0.038782998919487
vt 0.760308027267456 0.02744700014591217
vt 0.7222769856452942 0.038782998919487
vt 0.7209389805793762 0.028908999636769295
vt 0.2777230143547058 0.038782998919487
vt 0.23970399796962738 0.03731599822640419
vt 0.23969200253486633 0.02744700014591217
vt 0.2777230143547058 0.038782998919487
vt 0.23969200253486633 0.02744700014591217
vt 0.2790609896183014 0.028908999636769295
vt 0.7209389805793762 0.028908999636769295
vt 0.7222769856452942 0.038782998919487
vt 0.6804990172386169 0.042360998690128326
vt 0.7209389805793762 0.028908999636769295
vt 0.6804990172386169 0.042360998690128326
vt 0.6793010234832764 0.03254900127649307
vt 0.31950101256370544 0.042360998690128326
vt 0.2777230143547058 0.038782998919487
vt 0.2790609896183014 0.028908999636769295
vt 0.31950101256370544 0.042360998690128326
vt 0.2790609896183014 0.028908999636769295
vt 0.320699006319046 0.03254900127649307
vt 0.6793010234832764 0.03254900127649307
vt 0.6804990172386169 0.042360998690128326
vt 0.6541140079498291 0.0361270010471344
vt 0.6804990172386169 0.042360998690128326
vt 0.6557919979095459 0.04606800153851509
vt 0.6541140079498291 0.0361270010471344
vt 0.3442080020904541 0.04606800153851509
vt 0.31950101256370544 0.042360998690128326
vt 0.3458859920501709 0.0361270010471344
vt 0.31950101256370544 0.042360998690128326
vt 0.320699006319046 0.03254900127649307
vt 0.3458859920501709 0.0361270010471344
vt 0.6541140079498291 0.0361270010471344
vt 0.6557919979095459 0.04606800153851509
vt 0.6391459703445435 0.039294999092817307
vt 0.6557919979095459 0.04606800153851509
vt 0.6389690041542053 0.04924200102686882
vt 0.6391459703445435 0.039294999092817307
vt 0.3610309958457947 0.04924200102686882
vt 0.3442080020904541 0.04606800153851509
vt 0.36085399985313416 0.039294999092817307
vt 0.3442080020904541 0.04606800153851509
vt 0.3458859920501709 0.0361270010471344
vt 0.36085399985313416 0.039294999092817307
vt 0.9074029922485352 0.06705699861049652
vt 0.9306560158729553 0.09369099885225296
vt 0.8802940249443054 0.08867999911308289
vt 0.9306560158729553 0.09369099885225296
vt 0.8944370150566101 0.12031900137662888
vt 0.8802940249443054 0.08867999911308289
vt 0.10556299984455109 0.12031900137662888
vt 0.06934399902820587 0.09369099885225296
vt 0.11970599740743637 0.08867999911308289
vt 0.06934399902820587 0.09369099885225296
vt 0.09259700030088425 0.06705699861049652
vt 0.11970599740743637 0.08867999911308289
vt 0.8802940249443054 0.08867999911308289
vt 0.8944370150566101 0.12031900137662888
vt 0.8402040004730225 0.10918299853801727
vt 0.8944370150566101 0.12031900137662888
vt 0.8482829928398132 0.1430550068616867
vt 0.8402040004730225 0.10918299853801727
vt 0.15171700716018677 0.1430550068616867
vt 0.10556299984455109 0.12031900137662888
vt 0.15979599952697754 0.10918299853801727
vt 0.10556299984455109 0.12031900137662888
vt 0.11970599740743637 0.08867999911308289
vt 0.15979599952697754 0.10918299853801727
vt 0.797311007976532 0.1196879968047142
vt 0.8402040004730225 0.10918299853801727
vt 0.8482829928398132 0.1430550068616867
vt 0.797311007976532 0.1196879968047142
vt 0.8482829928398132 0.1430550068616867
vt 0.8024219870567322 0.15385499596595764
vt 0.15171700716018677 0.1430550068616867
vt 0.15979599952697754 0.10918299853801727
vt 0.2026890069246292 0.1196879968047142
vt 0.15171700716018677 0.1430550068616867
vt 0.2026890069246292 0.1196879968047142
vt 0.19757799804210663 0.15385499596595764
vt 0.797311007976532 0.1196879968047142
vt 0.8024219870567322 0.15385499596595764
vt 0.7556380033493042 0.1554809957742691
vt 0.797311007976532 0.1196879968047142
vt 0.7556380033493042 0.1554809957742691
vt 0.7515100240707397 0.11966300010681152
vt 0.2443619966506958 0.1554809957742691
vt 0.19757799804210663 0.15385499596595764
vt 0.2026890069246292 0.1196879968047142
vt 0.2443619966506958 0.1554809957742691
vt 0.2026890069246292 0.1196879968047142
vt 0.24849000573158264 0.11966300010681152
vt 0.7105709910392761 0.11224400252103806
vt 0.70796799659729 0.14708800613880157
vt 0.6629289984703064 0.1304830014705658
vt 0.7105709910392761 0.11224400252103806
vt 0.6629289984703064 0.1304830014705658
vt 0.6687150001525879 0.09352300316095352
vt 0.3370710015296936 0.1304830014705658
vt 0.29203200340270996 0.14708800613880157
vt 0.2894290089607239 0.11224400252103806
vt 0.3370710015296936 0.1304830014705658
vt 0.2894290089607239 0.11224400252103806
vt 0.3312849998474121 0.09352300316095352
vt 0.7515100240707397 0.11966300010681152
vt 0.7556380033493042 0.1554809957742691
vt 0.70796799659729 0.14708800613880157
vt 0.7515100240707397 0.11966300010681152
vt 0.70796799659729 0.14708800613880157
vt 0.7105709910392761 0.11224400252103806
vt 0.29203200340270996 0.14708800613880157
vt 0.2443619966506958 0.1554809957742691
vt 0.24849000573158264 0.11966300010681152
vt 0.29203200340270996 0.14708800613880157
vt 0.24849000573158264 0.11966300010681152
vt 0.2894290089607239 0.11224400252103806
vt 0.6687150001525879 0.09352300316095352
vt 0.6629289984703064 0.1304830014705658
vt 0.6299520134925842 0.11144900321960449
vt 0.6687150001525879 0.09352300316095352
vt 0.6299520134925842 0.11144900321960449
vt 0.645346999168396 0.07936999946832657
vt 0.37004798650741577 0.11144900321960449
vt 0.3370710015296936 0.1304830014705658
vt 0.3312849998474121 0.09352300316095352
vt 0.37004798650741577 0.11144900321960449
vt 0.3312849998474121 0.09352300316095352
vt 0.354653000831604 0.07936999946832657
vt 0.645346999168396 0.07936999946832657
vt 0.6299520134925842 0.11144900321960449
vt 0.6301270127296448 0.06846699863672256
vt 0.6299520134925842 0.11144900321960449
vt 0.6032360196113586 0.09256000071763992
vt 0.6301270127296448 0.06846699863672256
vt 0.39676401019096375 0.09256000071763992
vt 0.37004798650741577 0.11144900321960449
vt 0.3698729872703552 0.06846699863672256
vt 0.37004798650741577 0.11144900321960449
vt 0.354653000831604 0.07936999946832657
vt 0.3698729872703552 0.06846699863672256
vt 0.8798589706420898 0.5692819952964783
vt 0.835207998752594 0.5762540102005005
vt 0.8669779896736145 0.5206559896469116
vt 0.835207998752594 0.5762540102005005
vt 0.8244889974594116 0.5294340252876282
vt 0.8669779896736145 0.5206559896469116
vt 0.17551100254058838 0.5294340252876282
vt 0.164792001247406 0.5762540102005005
vt 0.1330219954252243 0.5206559896469116
vt 0.164792001247406 0.5762540102005005
vt 0.12014099955558777 0.5692819952964783
vt 0.1330219954252243 0.5206559896469116
vt 0.835207998752594 0.5762540102005005
vt 0.7893099784851074 0.5813140273094177
vt 0.8244889974594116 0.5294340252876282
vt 0.7893099784851074 0.5813140273094177
vt 0.7819070219993591 0.5360599756240845
vt 0.8244889974594116 0.5294340252876282
vt 0.21809299290180206 0.5360599756240845
vt 0.21069000661373138 0.5813140273094177
vt 0.17551100254058838 0.5294340252876282
vt 0.21069000661373138 0.5813140273094177
vt 0.164792001247406 0.5762540102005005
vt 0.17551100254058838 0.5294340252876282
vt 0.8910409808158875 0.6210299730300903
vt 0.8462139964103699 0.6260870099067688
vt 0.8798589706420898 0.5692819952964783
vt 0.8462139964103699 0.6260870099067688
vt 0.835207998752594 0.5762540102005005
vt 0.8798589706420898 0.5692819952964783
vt 0.164792001247406 0.5762540102005005
vt 0.15378600358963013 0.6260870099067688
vt 0.12014099955558777 0.5692819952964783
vt 0.15378600358963013 0.6260870099067688
vt 0.10895899683237076 0.6210299730300903
vt 0.12014099955558777 0.5692819952964783
vt 0.8462139964103699 0.6260870099067688
vt 0.7973889708518982 0.6303690075874329
vt 0.835207998752594 0.5762540102005005
vt 0.7973889708518982 0.6303690075874329
vt 0.7893099784851074 0.5813140273094177
vt 0.835207998752594 0.5762540102005005
vt 0.21069000661373138 0.5813140273094177
vt 0.20261099934577942 0.6303690075874329
vt 0.164792001247406 0.5762540102005005
vt 0.20261099934577942 0.6303690075874329
vt 0.15378600358963013 0.6260870099067688
vt 0.164792001247406 0.5762540102005005
vt 0.9737939834594727 0.6070759892463684
vt 0.9324179887771606 0.6144970059394836
vt 0.9239940047264099 0.5616989731788635
vt 0.9737939834594727 0.6070759892463684
vt 0.9239940047264099 0.5616989731788635
vt 0.9639580249786377 0.5544390082359314
vt 0.07600600272417068 0.5616989731788635
vt 0.06758199632167816 0.6144970059394836
vt 0.026205999776721 0.6070759892463684
vt 0.07600600272417068 0.5616989731788635
vt 0.026205999776721 0.6070759892463684
vt 0.036042001098394394 0.5544390082359314
vt 0.9639580249786377 0.5544390082359314
vt 0.9239940047264099 0.5616989731788635
vt 0.954043984413147 0.5032820105552673
vt 0.9239940047264099 0.5616989731788635
vt 0.9135259985923767 0.5118079781532288
vt 0.954043984413147 0.5032820105552673
vt 0.08647400140762329 0.5118079781532288
vt 0.07600600272417068 0.5616989731788635
vt 0.045956000685691833 0.5032820105552673
vt 0.07600600272417068 0.5616989731788635
vt 0.036042001098394394 0.5544390082359314
vt 0.045956000685691833 0.5032820105552673
vt 0.9239940047264099 0.5616989731788635
vt 0.9324179887771606 0.6144970059394836
vt 0.8910409808158875 0.6210299730300903
vt 0.9239940047264099 0.5616989731788635
vt 0.8910409808158875 0.6210299730300903
vt 0.8798589706420898 0.5692819952964783
vt 0.10895899683237076 0.6210299730300903
vt 0.06758199632167816 0.6144970059394836
vt 0.07600600272417068 0.5616989731788635
vt 0.10895899683237076 0.6210299730300903
vt 0.07600600272417068 0.5616989731788635
vt 0.12014099955558777 0.5692819952964783
vt 0.9135259985923767 0.5118079781532288
vt 0.9239940047264099 0.5616989731788635
vt 0.8798589706420898 0.5692819952964783
vt 0.9135259985923767 0.5118079781532288
vt 0.8798589706420898 0.5692819952964783
vt 0.8669779896736145 0.5206559896469116
vt 0.12014099955558777 0.5692819952964783
vt 0.07600600272417068 0.5616989731788635
vt 0.08647400140762329 0.5118079781532288
vt 0.12014099955558777 0.5692819952964783
vt 0.08647400140762329 0.5118079781532288
vt 0.1330219954252243 0.5206559896469116
vt 0.7893099784851074 0.5813140273094177
vt 0.7973889708518982 0.6303690075874329
vt 0.7500259876251221 0.6298350095748901
vt 0.7893099784851074 0.5813140273094177
vt 0.7500259876251221 0.6298350095748901
vt 0.7444199919700623 0.5831519961357117
vt 0.24997399747371674 0.6298350095748901
vt 0.20261099934577942 0.6303690075874329
vt 0.21069000661373138 0.5813140273094177
vt 0.24997399747371674 0.6298350095748901
vt 0.21069000661373138 0.5813140273094177
vt 0.25558000802993774 0.5831519961357117
vt 0.7819070219993591 0.5360599756240845
vt 0.7893099784851074 0.5813140273094177
vt 0.7444199919700623 0.5831519961357117
vt 0.7819070219993591 0.5360599756240845
vt 0.7444199919700623 0.5831519961357117
vt 0.7375199794769287 0.5398910045623779
vt 0.25558000802993774 0.5831519961357117
vt 0.21069000661373138 0.5813140273094177
vt 0.21809299290180206 0.5360599756240845
vt 0.25558000802993774 0.5831519961357117
vt 0.21809299290180206 0.5360599756240845
vt 0.2624799907207489 0.5398910045623779
vt 0.7375199794769287 0.5398910045623779
vt 0.7444199919700623 0.5831519961357117
vt 0.6961920261383057 0.5814669728279114
vt 0.7375199794769287 0.5398910045623779
vt 0.6961920261383057 0.5814669728279114
vt 0.6933460235595703 0.540723979473114
vt 0.3038080036640167 0.5814669728279114
vt 0.25558000802993774 0.5831519961357117
vt 0.2624799907207489 0.5398910045623779
vt 0.3038080036640167 0.5814669728279114
vt 0.2624799907207489 0.5398910045623779
vt 0.3066540062427521 0.540723979473114
vt 0.7444199919700623 0.5831519961357117
vt 0.7500259876251221 0.6298350095748901
vt 0.6979789733886719 0.6231719851493835
vt 0.7444199919700623 0.5831519961357117
vt 0.6979789733886719 0.6231719851493835
vt 0.6961920261383057 0.5814669728279114
vt 0.30202099680900574 0.6231719851493835
vt 0.24997399747371674 0.6298350095748901
vt 0.25558000802993774 0.5831519961357117
vt 0.30202099680900574 0.6231719851493835
vt 0.25558000802993774 0.5831519961357117
vt 0.3038080036640167 0.5814669728279114
vt 0.6961920261383057 0.5814669728279114
vt 0.6979789733886719 0.6231719851493835
vt 0.6563439965248108 0.6121270060539246
vt 0.6961920261383057 0.5814669728279114
vt 0.6563439965248108 0.6121270060539246
vt 0.6581299901008606 0.5741540193557739
vt 0.3436560034751892 0.6121270060539246
vt 0.30202099680900574 0.6231719851493835
vt 0.3038080036640167 0.5814669728279114
vt 0.3436560034751892 0.6121270060539246
vt 0.3038080036640167 0.5814669728279114
vt 0.3418700098991394 0.5741540193557739
vt 0.6933460235595703 0.540723979473114
vt 0.6961920261383057 0.5814669728279114
vt 0.6581299901008606 0.5741540193557739
vt 0.6933460235595703 0.540723979473114
vt 0.6581299901008606 0.5741540193557739
vt 0.6583939790725708 0.5381460189819336
vt 0.3418700098991394 0.5741540193557739
vt 0.3038080036640167 0.5814669728279114
vt 0.3066540062427521 0.540723979473114
vt 0.3418700098991394 0.5741540193557739
vt 0.3066540062427521 0.540723979473114
vt 0.3416059911251068 0.5381460189819336
vt 0.6272910237312317 0.5665709972381592
vt 0.6285679936408997 0.5339589715003967
vt 0.6583939790725708 0.5381460189819336
vt 0.6272910237312317 0.5665709972381592
vt 0.6583939790725708 0.5381460189819336
vt 0.6581299901008606 0.5741540193557739
vt 0.3416059911251068 0.5381460189819336
vt 0.37143200635910034 0.5339589715003967
vt 0.3727090060710907 0.5665709972381592
vt 0.3416059911251068 0.5381460189819336
vt 0.3727090060710907 0.5665709972381592
vt 0.3418700098991394 0.5741540193557739
vt 0.6581299901008606 0.5741540193557739
vt 0.6563439965248108 0.6121270060539246
vt 0.6260340213775635 0.6005079746246338
vt 0.6581299901008606 0.5741540193557739
vt 0.6260340213775635 0.6005079746246338
vt 0.6272910237312317 0.5665709972381592
vt 0.3739660084247589 0.6005079746246338
vt 0.3436560034751892 0.6121270060539246
vt 0.3418700098991394 0.5741540193557739
vt 0.3739660084247589 0.6005079746246338
vt 0.3418700098991394 0.5741540193557739
vt 0.3727090060710907 0.5665709972381592
vn 0.9873548928751724 -0.046569001791035965 0.15153099876805212
vn 0.9625985862123337 -0.14838590097406146 0.2266838905042271
vn 0.9999908841624452 -0.0027739999452052965 0.00324600004852023
vn -0.9999908841624452 -0.0027739999452052965 0.00324600004852023
vn -0.9625985862123337 -0.14838590097406146 0.2266838905042271
vn -0.9873549428501119 -0.04656799550845753 0.1515309823890038
vn 0.9884011885190437 0.14517599549499538 0.044576012228314116
vn 0.9942124967042326 0.10192800195361783 0.033943980539697514
vn 0.8790425749765699 0.46934777987003684 0.08364695397698965
vn -0.8790425749765699 0.46934777987003684 0.08364695397698965
vn -0.9942124967042326 0.10192800195361783 0.033943980539697514
vn -0.9884011885190437 0.14517599549499538 0.044576012228314116
vn 0.14684700972182896 -0.8366911414875838 0.5276209714292649
vn 0.27407107441503925 -0.7968301375988806 0.5384670630439109
vn 0.16050099890138736 -0.9123800744891185 0.37656610180270833
vn -0.16050099890138736 -0.9123800744891185 0.37656610180270833
vn -0.27407107441503925 -0.7968301375988806 0.5384670630439109
vn -0.14684700972182896 -0.8366911414875838 0.5276209714292649
vn 0.8637961552834134 -0.3076361051215016 0.3990190834324412
vn 0.9625985862123337 -0.14838590097406146 0.2266838905042271
vn 0.8501418461028474 -0.2663720023579608 0.45420787957129627
vn -0.8501418461028474 -0.2663720023579608 0.45420787957129627
vn -0.9625985862123337 -0.14838590097406146 0.2266838905042271
vn -0.8637961552834134 -0.3076361051215016 0.3990190834324412
vn 0.97616954485564 -0.1427118953962983 0.16348190911758098
vn 0.9625985862123337 -0.14838590097406146 0.2266838905042271
vn 0.8637961552834134 -0.3076361051215016 0.3990190834324412
vn -0.8637961552834134 -0.3076361051215016 0.3990190834324412
vn -0.9625985862123337 -0.14838590097406146 0.2266838905042271
vn -0.97616954485564 -0.1427118953962983 0.16348190911758098
vn 0.97616954485564 -0.1427118953962983 0.16348190911758098
vn 0.9999908841624452 -0.0027739999452052965 0.00324600004852023
vn 0.9625985862123337 -0.14838590097406146 0.2266838905042271
vn -0.9625985862123337 -0.14838590097406146 0.2266838905042271
vn -0.9999908841624452 -0.0027739999452052965 0.00324600004852023
vn -0.97616954485564 -0.1427118953962983 0.16348190911758098
vn -0.9999964119705573 -0.0021820007567005142 -0.0015540008716216944
vn -0.9999908841624452 -0.0027739999452052965 0.00324600004852023
vn -0.9873549428501119 -0.04656799550845753 0.1515309823890038
vn -0.9999964119705573 -0.0021820007567005142 -0.0015540008716216944
vn -0.9873549428501119 -0.04656799550845753 0.1515309823890038
vn -0.9999982194350472 -0.0010499999705139563 -0.0015680008919467029
vn 0.9873548928751724 -0.046569001791035965 0.15153099876805212
vn 0.9999908841624452 -0.0027739999452052965 0.00324600004852023
vn 0.9999964119705573 -0.0021820007567005142 -0.0015540008716216944
vn 0.9873548928751724 -0.046569001791035965 0.15153099876805212
vn 0.9999964119705573 -0.0021820007567005142 -0.0015540008716216944
vn 0.9999982194350472 -0.0010499999705139563 -0.0015680008919467029
vn -0.7746432856123601 -0.327181093939082 0.5411841755119167
vn -0.8501418461028474 -0.2663720023579608 0.45420787957129627
vn -0.8637961552834134 -0.3076361051215016 0.3990190834324412
vn -0.7746432856123601 -0.327181093939082 0.5411841755119167
vn -0.8637961552834134 -0.3076361051215016 0.3990190834324412
vn -0.7403452463643422 -0.39941612248841335 0.5406992484570716
vn 0.8637961552834134 -0.3076361051215016 0.3990190834324412
vn 0.8501418461028474 -0.2663720023579608 0.45420787957129627
vn 0.7746432856123601 -0.327181093939082 0.5411841755119167
vn 0.8637961552834134 -0.3076361051215016 0.3990190834324412
vn 0.7746432856123601 -0.327181093939082 0.5411841755119167
vn 0.7403452463643422 -0.39941612248841335 0.5406992484570716
vn -0.6474118824185562 -0.3973929283186956 0.6503358478705857
vn -0.7746432856123601 -0.327181093939082 0.5411841755119167
vn -0.7403452463643422 -0.39941612248841335 0.5406992484570716
vn -0.6474118824185562 -0.3973929283186956 0.6503358478705857
vn -0.7403452463643422 -0.39941612248841335 0.5406992484570716
vn -0.6146248537835955 -0.46767288133013674 0.6352309542047376
vn 0.7403452463643422 -0.39941612248841335 0.5406992484570716
vn 0.7746432856123601 -0.327181093939082 0.5411841755119167
vn 0.6474118824185562 -0.3973929283186956 0.6503358478705857
vn 0.7403452463643422 -0.39941612248841335 0.5406992484570716
vn 0.6474118824185562 -0.3973929283186956 0.6503358478705857
vn 0.6146248537835955 -0.46767288133013674 0.6352309542047376
vn -0.5033599866614629 -0.4609011234791617 0.7308891011663936
vn -0.6474118824185562 -0.3973929283186956 0.6503358478705857
vn -0.6146248537835955 -0.46767288133013674 0.6352309542047376
vn -0.5033599866614629 -0.4609011234791617 0.7308891011663936
vn -0.6146248537835955 -0.46767288133013674 0.6352309542047376
vn -0.41199492944051314 -0.49232491296201725 0.7667309555458477
vn 0.6146248537835955 -0.46767288133013674 0.6352309542047376
vn 0.6474118824185562 -0.3973929283186956 0.6503358478705857
vn 0.5033599866614629 -0.4609011234791617 0.7308891011663936
vn 0.6146248537835955 -0.46767288133013674 0.6352309542047376
vn 0.5033599866614629 -0.4609011234791617 0.7308891011663936
vn 0.41199492944051314 -0.49232491296201725 0.7667309555458477
vn -0.21136499561940328 -0.4426038781825536 0.8714508853885988
vn -0.5033599866614629 -0.4609011234791617 0.7308891011663936
vn -0.41199492944051314 -0.49232491296201725 0.7667309555458477
vn -0.21136499561940328 -0.4426038781825536 0.8714508853885988
vn -0.41199492944051314 -0.49232491296201725 0.7667309555458477
vn -0.10113199998426026 -0.46295202685589054 0.8805951052607587
vn 0.41199492944051314 -0.49232491296201725 0.7667309555458477
vn 0.5033599866614629 -0.4609011234791617 0.7308891011663936
vn 0.21136499561940328 -0.4426038781825536 0.8714508853885988
vn 0.41199492944051314 -0.49232491296201725 0.7667309555458477
vn 0.21136499561940328 -0.4426038781825536 0.8714508853885988
vn 0.10113199998426026 -0.46295202685589054 0.8805951052607587
vn -0.049755993565270905 -0.5122818878346264 0.8573748354721661
vn -0.21136499561940328 -0.4426038781825536 0.8714508853885988
vn -0.10113199998426026 -0.46295202685589054 0.8805951052607587
vn -0.049755993565270905 -0.5122818878346264 0.8573748354721661
vn -0.10113199998426026 -0.46295202685589054 0.8805951052607587
vn -0.022623008261857324 -0.6107862630831181 0.7914722612487086
vn 0.10113199998426026 -0.46295202685589054 0.8805951052607587
vn 0.21136499561940328 -0.4426038781825536 0.8714508853885988
vn 0.049755993565270905 -0.5122818878346264 0.8573748354721661
vn 0.10113199998426026 -0.46295202685589054 0.8805951052607587
vn 0.049755993565270905 -0.5122818878346264 0.8573748354721661
vn 0.022623008261857324 -0.6107862630831181 0.7914722612487086
vn 0 -0.6679042613008735 0.744247202034468
vn -0.049755993565270905 -0.5122818878346264 0.8573748354721661
vn -0.022623008261857324 -0.6107862630831181 0.7914722612487086
vn 0 -0.6679042613008735 0.744247202034468
vn -0.022623008261857324 -0.6107862630831181 0.7914722612487086
vn 0 -0.7526653147197664 0.6584033140999482
vn 0.022623008261857324 -0.6107862630831181 0.7914722612487086
vn 0.049755993565270905 -0.5122818878346264 0.8573748354721661
vn 0 -0.6679042613008735 0.744247202034468
vn 0.022623008261857324 -0.6107862630831181 0.7914722612487086
vn 0 -0.6679042613008735 0.744247202034468
vn 0 -0.7526653147197664 0.6584033140999482
vn -0.16050099890138736 -0.9123800744891185 0.37656610180270833
vn -0.14684700972182896 -0.8366911414875838 0.5276209714292649
vn -0.08111397385461568 -0.9628196010099904 0.25767991609063273
vn -0.16050099890138736 -0.9123800744891185 0.37656610180270833
vn -0.08111397385461568 -0.9628196010099904 0.25767991609063273
vn -0.07207402469006484 -0.9893802838563686 0.12622198255956696
vn 0.08111397385461568 -0.9628196010099904 0.25767991609063273
vn 0.14684700972182896 -0.8366911414875838 0.5276209714292649
vn 0.16050099890138736 -0.9123800744891185 0.37656610180270833
vn 0.08111397385461568 -0.9628196010099904 0.25767991609063273
vn 0.16050099890138736 -0.9123800744891185 0.37656610180270833
vn 0.07207402469006484 -0.9893802838563686 0.12622198255956696
vn -0.07207402469006484 -0.9893802838563686 0.12622198255956696
vn -0.08111397385461568 -0.9628196010099904 0.25767991609063273
vn 0 -0.9935270259417144 0.11359598902871582
vn -0.07207402469006484 -0.9893802838563686 0.12622198255956696
vn 0 -0.9935270259417144 0.11359598902871582
vn 0 -0.9966402224885315 0.08190401039027559
vn 0 -0.9935270259417144 0.11359598902871582
vn 0.08111397385461568 -0.9628196010099904 0.25767991609063273
vn 0.07207402469006484 -0.9893802838563686 0.12622198255956696
vn 0 -0.9935270259417144 0.11359598902871582
vn 0.07207402469006484 -0.9893802838563686 0.12622198255956696
vn 0 -0.9966402224885315 0.08190401039027559
vn -0.06289998520880986 0.13429092039334636 -0.9889436488297195
vn 0.02773199000976384 0.14791889258318514 -0.9886106098697619
vn 0.02773199000976384 0.14791889258318514 -0.9886106098697619
vn 0.02773199000976384 0.14791889258318514 -0.9886106098697619
vn 0.10018498317477031 0.15794297843047442 -0.982352780171554
vn 0.02773199000976384 0.14791889258318514 -0.9886106098697619
vn -0.10018498317477031 0.15794297843047442 -0.982352780171554
vn -0.02773199000976384 0.14791889258318514 -0.9886106098697619
vn -0.02773199000976384 0.14791889258318514 -0.9886106098697619
vn -0.02773199000976384 0.14791889258318514 -0.9886106098697619
vn 0.06289998520880986 0.13429092039334636 -0.9889436488297195
vn -0.02773199000976384 0.14791889258318514 -0.9886106098697619
vn -0.9998191916721934 0.008597001197426379 0.01696100039423994
vn -0.9994811080649864 0.030179000316442172 0.011257999870641595
vn -0.9884011885190437 0.14517599549499538 0.044576012228314116
vn -0.9998191916721934 0.008597001197426379 0.01696100039423994
vn -0.9884011885190437 0.14517599549499538 0.044576012228314116
vn -0.9942124967042326 0.10192800195361783 0.033943980539697514
vn 0.9884011885190437 0.14517599549499538 0.044576012228314116
vn 0.9994811080649864 0.030179000316442172 0.011257999870641595
vn 0.9998191916721934 0.008597001197426379 0.01696100039423994
vn 0.9884011885190437 0.14517599549499538 0.044576012228314116
vn 0.9998191916721934 0.008597001197426379 0.01696100039423994
vn 0.9942124967042326 0.10192800195361783 0.033943980539697514
vn -0.9999787669723547 -0.0012929999324272769 0.006386998952864992
vn -0.9999813831275775 -0.000852999842238748 0.006042002112416725
vn -0.9998191916721934 0.008597001197426379 0.01696100039423994
vn -0.9999787669723547 -0.0012929999324272769 0.006386998952864992
vn -0.9998191916721934 0.008597001197426379 0.01696100039423994
vn -0.9942124967042326 0.10192800195361783 0.033943980539697514
vn 0.9998191916721934 0.008597001197426379 0.01696100039423994
vn 0.9999813831275775 -0.000852999842238748 0.006042002112416725
vn 0.9999787669723547 -0.0012929999324272769 0.006386998952864992
vn 0.9998191916721934 0.008597001197426379 0.01696100039423994
vn 0.9999787669723547 -0.0012929999324272769 0.006386998952864992
vn 0.9942124967042326 0.10192800195361783 0.033943980539697514
vn -0.006431998072050349 -0.9920537840640555 -0.1256499857739313
vn 0.012051998879956349 -0.9927659830399288 -0.11945899816155006
vn -0.006431998072050349 -0.9920537840640555 -0.1256499857739313
vn -0.006431998072050349 -0.9920537840640555 -0.1256499857739313
vn -0.006431998072050349 -0.9920537840640555 -0.1256499857739313
vn -0.024911011261899176 -0.9909641990942423 -0.13179301055601
vn 0.006431998072050349 -0.9920537840640555 -0.1256499857739313
vn -0.012051998879956349 -0.9927659830399288 -0.11945899816155006
vn 0.006431998072050349 -0.9920537840640555 -0.1256499857739313
vn 0.006431998072050349 -0.9920537840640555 -0.1256499857739313
vn 0.006431998072050349 -0.9920537840640555 -0.1256499857739313
vn 0.024911011261899176 -0.9909641990942423 -0.13179301055601
vn 0.005470998590571683 -0.1397569925959002 0.9901707182072048
vn -0.035595010741540006 -0.12618300239125543 0.9913681682996676
vn -0.035595010741540006 -0.12618300239125543 0.9913681682996676
vn -0.035595010741540006 -0.12618300239125543 0.9913681682996676
vn -0.07648897868591809 -0.1124089949304866 0.990713709402622
vn -0.035595010741540006 -0.12618300239125543 0.9913681682996676
vn 0.07648897868591809 -0.1124089949304866 0.990713709402622
vn 0.035595010741540006 -0.12618300239125543 0.9913681682996676
vn 0.035595010741540006 -0.12618300239125543 0.9913681682996676
vn 0.035595010741540006 -0.12618300239125543 0.9913681682996676
vn -0.005470998590571683 -0.1397569925959002 0.9901707182072048
vn 0.035595010741540006 -0.12618300239125543 0.9913681682996676
vn -0.006942997760577531 -0.9929216609942795 -0.11856799699100137
vn 0.007777998299401252 -0.9937498069904641 -0.11135898638578595
vn -0.006942997760577531 -0.9929216609942795 -0.11856799699100137
vn -0.006942997760577531 -0.9929216609942795 -0.11856799699100137
vn -0.006942997760577531 -0.9929216609942795 -0.11856799699100137
vn -0.021498987280502955 -0.9918397586275969 -0.12566497822171047
vn 0.006942997760577531 -0.9929216609942795 -0.11856799699100137
vn -0.007777998299401252 -0.9937498069904641 -0.11135898638578595
vn 0.006942997760577531 -0.9929216609942795 -0.11856799699100137
vn 0.006942997760577531 -0.9929216609942795 -0.11856799699100137
vn 0.006942997760577531 -0.9929216609942795 -0.11856799699100137
vn 0.021498987280502955 -0.9918397586275969 -0.12566497822171047
vn -0.9999964119705573 -0.0021820007567005142 -0.0015540008716216944
vn -0.9999982194350472 -0.0010499999705139563 -0.0015680008919467029
vn -0.9999891431691644 -0.002329000717056446 0.004036000428652955
vn -0.9999964119705573 -0.0021820007567005142 -0.0015540008716216944
vn -0.9999891431691644 -0.002329000717056446 0.004036000428652955
vn -0.9999996586253947 0.00045000002868782456 0.0006930000494179394
vn 0.9999891431691644 -0.002329000717056446 0.004036000428652955
vn 0.9999982194350472 -0.0010499999705139563 -0.0015680008919467029
vn 0.9999964119705573 -0.0021820007567005142 -0.0015540008716216944
vn 0.9999891431691644 -0.002329000717056446 0.004036000428652955
vn 0.9999964119705573 -0.0021820007567005142 -0.0015540008716216944
vn 0.9999996586253947 0.00045000002868782456 0.0006930000494179394
vn -0.8501418461028474 -0.2663720023579608 0.45420787957129627
vn -0.8558755567738987 -0.17387989266468168 0.48707577874894115
vn -0.9625985862123337 -0.14838590097406146 0.2266838905042271
vn -0.8558755567738987 -0.17387989266468168 0.48707577874894115
vn -0.9873549428501119 -0.04656799550845753 0.1515309823890038
vn -0.9625985862123337 -0.14838590097406146 0.2266838905042271
vn 0.9873548928751724 -0.046569001791035965 0.15153099876805212
vn 0.8558755567738987 -0.17387989266468168 0.48707577874894115
vn 0.9625985862123337 -0.14838590097406146 0.2266838905042271
vn 0.8558755567738987 -0.17387989266468168 0.48707577874894115
vn 0.8501418461028474 -0.2663720023579608 0.45420787957129627
vn 0.9625985862123337 -0.14838590097406146 0.2266838905042271
vn -0.7746432856123601 -0.327181093939082 0.5411841755119167
vn -0.7791578702955902 -0.23373099961382635 0.5816208670396564
vn -0.8501418461028474 -0.2663720023579608 0.45420787957129627
vn -0.7791578702955902 -0.23373099961382635 0.5816208670396564
vn -0.8558755567738987 -0.17387989266468168 0.48707577874894115
vn -0.8501418461028474 -0.2663720023579608 0.45420787957129627
vn 0.8558755567738987 -0.17387989266468168 0.48707577874894115
vn 0.7791578702955902 -0.23373099961382635 0.5816208670396564
vn 0.8501418461028474 -0.2663720023579608 0.45420787957129627
vn 0.7791578702955902 -0.23373099961382635 0.5816208670396564
vn 0.7746432856123601 -0.327181093939082 0.5411841755119167
vn 0.8501418461028474 -0.2663720023579608 0.45420787957129627
vn -0.6474118824185562 -0.3973929283186956 0.6503358478705857
vn -0.6611229807825675 -0.2985059930739561 0.6883389981543281
vn -0.7746432856123601 -0.327181093939082 0.5411841755119167
vn -0.6611229807825675 -0.2985059930739561 0.6883389981543281
vn -0.7791578702955902 -0.23373099961382635 0.5816208670396564
vn -0.7746432856123601 -0.327181093939082 0.5411841755119167
vn 0.7791578702955902 -0.23373099961382635 0.5816208670396564
vn 0.6611229807825675 -0.2985059930739561 0.6883389981543281
vn 0.7746432856123601 -0.327181093939082 0.5411841755119167
vn 0.6611229807825675 -0.2985059930739561 0.6883389981543281
vn 0.6474118824185562 -0.3973929283186956 0.6503358478705857
vn 0.7746432856123601 -0.327181093939082 0.5411841755119167
vn -0.5033599866614629 -0.4609011234791617 0.7308891011663936
vn -0.5153719133720149 -0.3758878967207551 0.7701299111228671
vn -0.6474118824185562 -0.3973929283186956 0.6503358478705857
vn -0.5153719133720149 -0.3758878967207551 0.7701299111228671
vn -0.6611229807825675 -0.2985059930739561 0.6883389981543281
vn -0.6474118824185562 -0.3973929283186956 0.6503358478705857
vn 0.6611229807825675 -0.2985059930739561 0.6883389981543281
vn 0.5153719133720149 -0.3758878967207551 0.7701299111228671
vn 0.6474118824185562 -0.3973929283186956 0.6503358478705857
vn 0.5153719133720149 -0.3758878967207551 0.7701299111228671
vn 0.5033599866614629 -0.4609011234791617 0.7308891011663936
vn 0.6474118824185562 -0.3973929283186956 0.6503358478705857
vn -0.3842928290791107 -0.4841528087213866 0.7860757465572678
vn -0.34183906886089754 -0.4403300503143518 0.8302141276745868
vn -0.5153719133720149 -0.3758878967207551 0.7701299111228671
vn -0.3842928290791107 -0.4841528087213866 0.7860757465572678
vn -0.5153719133720149 -0.3758878967207551 0.7701299111228671
vn -0.5033599866614629 -0.4609011234791617 0.7308891011663936
vn 0.5153719133720149 -0.3758878967207551 0.7701299111228671
vn 0.34183906886089754 -0.4403300503143518 0.8302141276745868
vn 0.3842928290791107 -0.4841528087213866 0.7860757465572678
vn 0.5153719133720149 -0.3758878967207551 0.7701299111228671
vn 0.3842928290791107 -0.4841528087213866 0.7860757465572678
vn 0.5033599866614629 -0.4609011234791617 0.7308891011663936
vn -0.20307398049955705 -0.6797978351452431 0.7047239614032619
vn -0.1745008964700313 -0.49202078282907624 0.8529155798761203
vn -0.34183906886089754 -0.4403300503143518 0.8302141276745868
vn -0.20307398049955705 -0.6797978351452431 0.7047239614032619
vn -0.34183906886089754 -0.4403300503143518 0.8302141276745868
vn -0.3842928290791107 -0.4841528087213866 0.7860757465572678
vn 0.34183906886089754 -0.4403300503143518 0.8302141276745868
vn 0.1745008964700313 -0.49202078282907624 0.8529155798761203
vn 0.20307398049955705 -0.6797978351452431 0.7047239614032619
vn 0.34183906886089754 -0.4403300503143518 0.8302141276745868
vn 0.20307398049955705 -0.6797978351452431 0.7047239614032619
vn 0.3842928290791107 -0.4841528087213866 0.7860757465572678
vn 0 -0.8355549518276815 0.549406882443459
vn 0 -0.5997748805066564 0.8001687901394469
vn -0.20307398049955705 -0.6797978351452431 0.7047239614032619
vn 0 -0.5997748805066564 0.8001687901394469
vn -0.1745008964700313 -0.49202078282907624 0.8529155798761203
vn -0.20307398049955705 -0.6797978351452431 0.7047239614032619
vn 0.1745008964700313 -0.49202078282907624 0.8529155798761203
vn 0 -0.5997748805066564 0.8001687901394469
vn 0.20307398049955705 -0.6797978351452431 0.7047239614032619
vn 0 -0.5997748805066564 0.8001687901394469
vn 0 -0.8355549518276815 0.549406882443459
vn 0.20307398049955705 -0.6797978351452431 0.7047239614032619
vn 0 -0.5997748805066564 0.8001687901394469
vn 0 -0.44289800897448667 0.8965720013732502
vn -0.1745008964700313 -0.49202078282907624 0.8529155798761203
vn 0 -0.44289800897448667 0.8965720013732502
vn -0.23525206146966168 -0.4019321697159389 0.8849333299869049
vn -0.1745008964700313 -0.49202078282907624 0.8529155798761203
vn 0.23525206146966168 -0.4019321697159389 0.8849333299869049
vn 0 -0.44289800897448667 0.8965720013732502
vn 0.1745008964700313 -0.49202078282907624 0.8529155798761203
vn 0 -0.44289800897448667 0.8965720013732502
vn 0 -0.5997748805066564 0.8001687901394469
vn 0.1745008964700313 -0.49202078282907624 0.8529155798761203
vn -0.1745008964700313 -0.49202078282907624 0.8529155798761203
vn -0.23525206146966168 -0.4019321697159389 0.8849333299869049
vn -0.34183906886089754 -0.4403300503143518 0.8302141276745868
vn -0.23525206146966168 -0.4019321697159389 0.8849333299869049
vn -0.40358978468818163 -0.3628408905150332 0.8399177185091435
vn -0.34183906886089754 -0.4403300503143518 0.8302141276745868
vn 0.40358978468818163 -0.3628408905150332 0.8399177185091435
vn 0.23525206146966168 -0.4019321697159389 0.8849333299869049
vn 0.34183906886089754 -0.4403300503143518 0.8302141276745868
vn 0.23525206146966168 -0.4019321697159389 0.8849333299869049
vn 0.1745008964700313 -0.49202078282907624 0.8529155798761203
vn 0.34183906886089754 -0.4403300503143518 0.8302141276745868
vn -0.34183906886089754 -0.4403300503143518 0.8302141276745868
vn -0.40358978468818163 -0.3628408905150332 0.8399177185091435
vn -0.5153719133720149 -0.3758878967207551 0.7701299111228671
vn -0.40358978468818163 -0.3628408905150332 0.8399177185091435
vn -0.566038030231042 -0.29897598368431777 0.7682540657309639
vn -0.5153719133720149 -0.3758878967207551 0.7701299111228671
vn 0.566038030231042 -0.29897598368431777 0.7682540657309639
vn 0.40358978468818163 -0.3628408905150332 0.8399177185091435
vn 0.5153719133720149 -0.3758878967207551 0.7701299111228671
vn 0.40358978468818163 -0.3628408905150332 0.8399177185091435
vn 0.34183906886089754 -0.4403300503143518 0.8302141276745868
vn 0.5153719133720149 -0.3758878967207551 0.7701299111228671
vn -0.5153719133720149 -0.3758878967207551 0.7701299111228671
vn -0.566038030231042 -0.29897598368431777 0.7682540657309639
vn -0.6611229807825675 -0.2985059930739561 0.6883389981543281
vn -0.566038030231042 -0.29897598368431777 0.7682540657309639
vn -0.7007628295099303 -0.23497291619712807 0.6735868061586822
vn -0.6611229807825675 -0.2985059930739561 0.6883389981543281
vn 0.7007628295099303 -0.23497291619712807 0.6735868061586822
vn 0.566038030231042 -0.29897598368431777 0.7682540657309639
vn 0.6611229807825675 -0.2985059930739561 0.6883389981543281
vn 0.566038030231042 -0.29897598368431777 0.7682540657309639
vn 0.5153719133720149 -0.3758878967207551 0.7701299111228671
vn 0.6611229807825675 -0.2985059930739561 0.6883389981543281
vn -0.6611229807825675 -0.2985059930739561 0.6883389981543281
vn -0.7007628295099303 -0.23497291619712807 0.6735868061586822
vn -0.7791578702955902 -0.23373099961382635 0.5816208670396564
vn -0.7007628295099303 -0.23497291619712807 0.6735868061586822
vn -0.8040398802887161 -0.17326800196646386 0.5687689077295421
vn -0.7791578702955902 -0.23373099961382635 0.5816208670396564
vn 0.8040398802887161 -0.17326800196646386 0.5687689077295421
vn 0.7007628295099303 -0.23497291619712807 0.6735868061586822
vn 0.7791578702955902 -0.23373099961382635 0.5816208670396564
vn 0.7007628295099303 -0.23497291619712807 0.6735868061586822
vn 0.6611229807825675 -0.2985059930739561 0.6883389981543281
vn 0.7791578702955902 -0.23373099961382635 0.5816208670396564
vn -0.7791578702955902 -0.23373099961382635 0.5816208670396564
vn -0.8040398802887161 -0.17326800196646386 0.5687689077295421
vn -0.8558755567738987 -0.17387989266468168 0.48707577874894115
vn -0.8040398802887161 -0.17326800196646386 0.5687689077295421
vn -0.8713269085543008 -0.12080999258371058 0.47559895302778915
vn -0.8558755567738987 -0.17387989266468168 0.48707577874894115
vn 0.8713269085543008 -0.12080999258371058 0.47559895302778915
vn 0.8040398802887161 -0.17326800196646386 0.5687689077295421
vn 0.8558755567738987 -0.17387989266468168 0.48707577874894115
vn 0.8040398802887161 -0.17326800196646386 0.5687689077295421
vn 0.7791578702955902 -0.23373099961382635 0.5816208670396564
vn 0.8558755567738987 -0.17387989266468168 0.48707577874894115
vn -0.8558755567738987 -0.17387989266468168 0.48707577874894115
vn -0.8713269085543008 -0.12080999258371058 0.47559895302778915
vn -0.9873549428501119 -0.04656799550845753 0.1515309823890038
vn -0.8713269085543008 -0.12080999258371058 0.47559895302778915
vn -0.9978778983084002 -0.013097999649961447 0.06378199175927199
vn -0.9873549428501119 -0.04656799550845753 0.1515309823890038
vn 0.9978778983084002 -0.013097999649961447 0.06378199175927199
vn 0.8713269085543008 -0.12080999258371058 0.47559895302778915
vn 0.9873548928751724 -0.046569001791035965 0.15153099876805212
vn 0.8713269085543008 -0.12080999258371058 0.47559895302778915
vn 0.8558755567738987 -0.17387989266468168 0.48707577874894115
vn 0.9873548928751724 -0.046569001791035965 0.15153099876805212
vn -0.9873549428501119 -0.04656799550845753 0.1515309823890038
vn -0.9978778983084002 -0.013097999649961447 0.06378199175927199
vn -0.9999982194350472 -0.0010499999705139563 -0.0015680008919467029
vn -0.9978778983084002 -0.013097999649961447 0.06378199175927199
vn -0.9999968894566483 0.0016740000388073119 -0.0018489999724169651
vn -0.9999982194350472 -0.0010499999705139563 -0.0015680008919467029
vn 0.9999968894566483 0.0016740000388073119 -0.0018489999724169651
vn 0.9978778983084002 -0.013097999649961447 0.06378199175927199
vn 0.9999982194350472 -0.0010499999705139563 -0.0015680008919467029
vn 0.9978778983084002 -0.013097999649961447 0.06378199175927199
vn 0.9873548928751724 -0.046569001791035965 0.15153099876805212
vn 0.9999982194350472 -0.0010499999705139563 -0.0015680008919467029
vn 0 -0.5374039457466536 0.8433249664844078
vn 0 -0.5202481113101455 0.8540151653678208
vn -0.2123219808728289 -0.5102241017291593 0.8334211075158288
vn 0 -0.5202481113101455 0.8540151653678208
vn -0.2702640963929964 -0.49973620331356444 0.8229344112981429
vn -0.2123219808728289 -0.5102241017291593 0.8334211075158288
vn 0.2702640963929964 -0.49973620331356444 0.8229344112981429
vn 0 -0.5202481113101455 0.8540151653678208
vn 0.2123219808728289 -0.5102241017291593 0.8334211075158288
vn 0 -0.5202481113101455 0.8540151653678208
vn 0 -0.5374039457466536 0.8433249664844078
vn 0.2123219808728289 -0.5102241017291593 0.8334211075158288
vn -0.2123219808728289 -0.5102241017291593 0.8334211075158288
vn -0.2702640963929964 -0.49973620331356444 0.8229344112981429
vn -0.3800300678513926 -0.5043040541547359 0.7754060668397965
vn -0.2702640963929964 -0.49973620331356444 0.8229344112981429
vn -0.4482307964991219 -0.4925737905446674 0.7459626089411056
vn -0.3800300678513926 -0.5043040541547359 0.7754060668397965
vn 0.4482307964991219 -0.4925737905446674 0.7459626089411056
vn 0.2702640963929964 -0.49973620331356444 0.8229344112981429
vn 0.3800300678513926 -0.5043040541547359 0.7754060668397965
vn 0.2702640963929964 -0.49973620331356444 0.8229344112981429
vn 0.2123219808728289 -0.5102241017291593 0.8334211075158288
vn 0.3800300678513926 -0.5043040541547359 0.7754060668397965
vn -0.3800300678513926 -0.5043040541547359 0.7754060668397965
vn -0.4482307964991219 -0.4925737905446674 0.7459626089411056
vn -0.5646048655156688 -0.4628378941087117 0.6833757601883802
vn -0.4482307964991219 -0.4925737905446674 0.7459626089411056
vn -0.6117346316696217 -0.42802769155060466 0.6652616294976681
vn -0.5646048655156688 -0.4628378941087117 0.6833757601883802
vn 0.6117346316696217 -0.42802769155060466 0.6652616294976681
vn 0.4482307964991219 -0.4925737905446674 0.7459626089411056
vn 0.5646048655156688 -0.4628378941087117 0.6833757601883802
vn 0.4482307964991219 -0.4925737905446674 0.7459626089411056
vn 0.3800300678513926 -0.5043040541547359 0.7754060668397965
vn 0.5646048655156688 -0.4628378941087117 0.6833757601883802
vn -0.5646048655156688 -0.4628378941087117 0.6833757601883802
vn -0.6117346316696217 -0.42802769155060466 0.6652616294976681
vn -0.6900449445023601 -0.3992129593121533 0.6037110133863451
vn -0.6117346316696217 -0.42802769155060466 0.6652616294976681
vn -0.7424316541061182 -0.35119483512571975 0.5704887612935697
vn -0.6900449445023601 -0.3992129593121533 0.6037110133863451
vn 0.7424319029473879 -0.35119400559094127 0.5704889481163594
vn 0.6117346316696217 -0.42802769155060466 0.6652616294976681
vn 0.6900452001479433 -0.3992122242204353 0.603711207271952
vn 0.6117346316696217 -0.42802769155060466 0.6652616294976681
vn 0.5646048655156688 -0.4628378941087117 0.6833757601883802
vn 0.6900452001479433 -0.3992122242204353 0.603711207271952
vn -0.6900449445023601 -0.3992129593121533 0.6037110133863451
vn -0.7424316541061182 -0.35119483512571975 0.5704887612935697
vn -0.8099758081105941 -0.3105478902773341 0.49749291263282003
vn -0.7424316541061182 -0.35119483512571975 0.5704887612935697
vn -0.8425022232624814 -0.2500450572223945 0.47714512798144104
vn -0.8099758081105941 -0.3105478902773341 0.49749291263282003
vn 0.8425024915661101 -0.2500449170803203 0.47714472767410143
vn 0.7424319029473879 -0.35119400559094127 0.5704889481163594
vn 0.8099758081105941 -0.3105478902773341 0.49749291263282003
vn 0.7424319029473879 -0.35119400559094127 0.5704889481163594
vn 0.6900452001479433 -0.3992122242204353 0.603711207271952
vn 0.8099758081105941 -0.3105478902773341 0.49749291263282003
vn -0.8842430506243689 -0.21094099689325627 0.416675081150996
vn -0.8099758081105941 -0.3105478902773341 0.49749291263282003
vn -0.8425022232624814 -0.2500450572223945 0.47714512798144104
vn -0.8842430506243689 -0.21094099689325627 0.416675081150996
vn -0.8425022232624814 -0.2500450572223945 0.47714512798144104
vn -0.8992950359817038 -0.17265997903031563 0.4018170851269484
vn 0.8425024915661101 -0.2500449170803203 0.47714472767410143
vn 0.8099758081105941 -0.3105478902773341 0.49749291263282003
vn 0.8842430506243689 -0.21094099689325627 0.416675081150996
vn 0.8425024915661101 -0.2500449170803203 0.47714472767410143
vn 0.8842430506243689 -0.21094099689325627 0.416675081150996
vn 0.8992950359817038 -0.17265997903031563 0.4018170851269484
vn -0.8842430506243689 -0.21094099689325627 0.416675081150996
vn -0.8992950359817038 -0.17265997903031563 0.4018170851269484
vn -0.987375860767259 -0.03932699582314105 0.15343499266347566
vn -0.8992950359817038 -0.17265997903031563 0.4018170851269484
vn -0.9987676771781048 -0.005168999096221813 0.049359988579785234
vn -0.987375860767259 -0.03932699582314105 0.15343499266347566
vn 0.9987676771781048 -0.005168999096221813 0.049359988579785234
vn 0.8992950359817038 -0.17265997903031563 0.4018170851269484
vn 0.987375860767259 -0.03932699582314105 0.15343499266347566
vn 0.8992950359817038 -0.17265997903031563 0.4018170851269484
vn 0.8842430506243689 -0.21094099689325627 0.416675081150996
vn 0.987375860767259 -0.03932699582314105 0.15343499266347566
vn -0.987375860767259 -0.03932699582314105 0.15343499266347566
vn -0.9987676771781048 -0.005168999096221813 0.049359988579785234
vn -0.9998157739403436 0.014336999676361937 0.01276199907349464
vn -0.9987676771781048 -0.005168999096221813 0.049359988579785234
vn -0.9998408214470925 -0.01782799930062277 -0.000702999957572883
vn -0.9998157739403436 0.014336999676361937 0.01276199907349464
vn 0.9998408214470925 -0.01782799930062277 -0.000702999957572883
vn 0.9987676771781048 -0.005168999096221813 0.049359988579785234
vn 0.9998157739403436 0.014336999676361937 0.01276199907349464
vn 0.9987676771781048 -0.005168999096221813 0.049359988579785234
vn 0.987375860767259 -0.03932699582314105 0.15343499266347566
vn 0.9998157739403436 0.014336999676361937 0.01276199907349464
vn 0 -0.07221501388028322 0.9973890874529711
vn 0 -0.059439990243118586 0.9982318806569433
vn -0.2072090914295722 -0.06966102736221347 0.9758133703202534
vn 0 -0.07221501388028322 0.9973890874529711
vn -0.2072090914295722 -0.06966102736221347 0.9758133703202534
vn -0.21651498809993527 -0.08847698502535567 0.9722618387291091
vn 0.2072090914295722 -0.06966102736221347 0.9758133703202534
vn 0 -0.059439990243118586 0.9982318806569433
vn 0 -0.07221501388028322 0.9973890874529711
vn 0.2072090914295722 -0.06966102736221347 0.9758133703202534
vn 0 -0.07221501388028322 0.9973890874529711
vn 0.21651498809993527 -0.08847698502535567 0.9722618387291091
vn -0.21651498809993527 -0.08847698502535567 0.9722618387291091
vn -0.2072090914295722 -0.06966102736221347 0.9758133703202534
vn -0.32521992436254304 -0.06050399228000966 0.9437008359198387
vn -0.2072090914295722 -0.06966102736221347 0.9758133703202534
vn -0.3751461986816736 -0.03315601768673058 0.9263724996489519
vn -0.32521992436254304 -0.06050399228000966 0.9437008359198387
vn 0.3751459222572061 -0.033155989793340536 0.9263726125888083
vn 0.2072090914295722 -0.06966102736221347 0.9758133703202534
vn 0.32521992436254304 -0.06050399228000966 0.9437008359198387
vn 0.2072090914295722 -0.06966102736221347 0.9758133703202534
vn 0.21651498809993527 -0.08847698502535567 0.9722618387291091
vn 0.32521992436254304 -0.06050399228000966 0.9437008359198387
vn -0.32521992436254304 -0.06050399228000966 0.9437008359198387
vn -0.3751461986816736 -0.03315601768673058 0.9263724996489519
vn -0.4779359141822049 -0.009353999125922191 0.8783449007281662
vn -0.3751461986816736 -0.03315601768673058 0.9263724996489519
vn -0.5324066856952914 0.01697798998105079 0.8463184205032751
vn -0.4779359141822049 -0.009353999125922191 0.8783449007281662
vn 0.5324066856952914 0.01697798998105079 0.8463184205032751
vn 0.3751459222572061 -0.033155989793340536 0.9263726125888083
vn 0.4779359141822049 -0.009353999125922191 0.8783449007281662
vn 0.3751459222572061 -0.033155989793340536 0.9263726125888083
vn 0.32521992436254304 -0.06050399228000966 0.9437008359198387
vn 0.4779359141822049 -0.009353999125922191 0.8783449007281662
vn -0.4779359141822049 -0.009353999125922191 0.8783449007281662
vn -0.5324066856952914 0.01697798998105079 0.8463184205032751
vn -0.6067231729081868 0.02552600880812217 0.7945032500440451
vn -0.5324066856952914 0.01697798998105079 0.8463184205032751
vn -0.6479689865550213 0.05279199980982238 0.7598349802548828
vn -0.6067231729081868 0.02552600880812217 0.7945032500440451
vn 0.6479689865550213 0.05279199980982238 0.7598349802548828
vn 0.5324066856952914 0.01697798998105079 0.8463184205032751
vn 0.6067231729081868 0.02552600880812217 0.7945032500440451
vn 0.5324066856952914 0.01697798998105079 0.8463184205032751
vn 0.4779359141822049 -0.009353999125922191 0.8783449007281662
vn 0.6067231729081868 0.02552600880812217 0.7945032500440451
vn -0.6067231729081868 0.02552600880812217 0.7945032500440451
vn -0.6479689865550213 0.05279199980982238 0.7598349802548828
vn -0.7231018064690193 0.08336997912687338 0.6856917850329153
vn -0.6479689865550213 0.05279199980982238 0.7598349802548828
vn -0.7509660723589127 0.13535299902175577 0.6463199856275875
vn -0.7231018064690193 0.08336997912687338 0.6856917850329153
vn 0.7509660723589127 0.13535299902175577 0.6463199856275875
vn 0.6479689865550213 0.05279199980982238 0.7598349802548828
vn 0.7231018064690193 0.08336997912687338 0.6856917850329153
vn 0.6479689865550213 0.05279199980982238 0.7598349802548828
vn 0.6067231729081868 0.02552600880812217 0.7945032500440451
vn 0.7231018064690193 0.08336997912687338 0.6856917850329153
vn -0.7231018064690193 0.08336997912687338 0.6856917850329153
vn -0.7509660723589127 0.13535299902175577 0.6463199856275875
vn -0.7885739435566695 0.14878598286316141 0.5966689759380202
vn -0.7509660723589127 0.13535299902175577 0.6463199856275875
vn -0.8023303205805598 0.1718730789214377 0.5715992489665829
vn -0.7885739435566695 0.14878598286316141 0.5966689759380202
vn 0.8023303205805598 0.1718730789214377 0.5715992489665829
vn 0.7509660723589127 0.13535299902175577 0.6463199856275875
vn 0.7885739435566695 0.14878598286316141 0.5966689759380202
vn 0.7509660723589127 0.13535299902175577 0.6463199856275875
vn 0.7231018064690193 0.08336997912687338 0.6856917850329153
vn 0.7885739435566695 0.14878598286316141 0.5966689759380202
vn -0.7885739435566695 0.14878598286316141 0.5966689759380202
vn -0.8023303205805598 0.1718730789214377 0.5715992489665829
vn -0.9830358356455368 0.04976598410232996 0.1765329789671266
vn -0.8023303205805598 0.1718730789214377 0.5715992489665829
vn -0.9963250284400818 0.024711000109756777 0.08201100034413568
vn -0.9830358356455368 0.04976598410232996 0.1765329789671266
vn 0.9963250284400818 0.024711000109756777 0.08201100034413568
vn 0.8023303205805598 0.1718730789214377 0.5715992489665829
vn 0.9830358356455368 0.04976598410232996 0.1765329789671266
vn 0.8023303205805598 0.1718730789214377 0.5715992489665829
vn 0.7885739435566695 0.14878598286316141 0.5966689759380202
vn 0.9830358356455368 0.04976598410232996 0.1765329789671266
vn -0.9963250284400818 0.024711000109756777 0.08201100034413568
vn -0.9998976381216722 0.009882994722834874 0.010345998937250564
vn -0.9999748777350874 -0.002353999928974062 0.006685999030143523
vn -0.9963250284400818 0.024711000109756777 0.08201100034413568
vn -0.9999748777350874 -0.002353999928974062 0.006685999030143523
vn -0.9830358356455368 0.04976598410232996 0.1765329789671266
vn 0.9999748777350874 -0.002353999928974062 0.006685999030143523
vn 0.9998976381216722 0.009882994722834874 0.010345998937250564
vn 0.9963250284400818 0.024711000109756777 0.08201100034413568
vn 0.9999748777350874 -0.002353999928974062 0.006685999030143523
vn 0.9963250284400818 0.024711000109756777 0.08201100034413568
vn 0.9830358356455368 0.04976598410232996 0.1765329789671266
vn 0 -0.10575699343788832 0.9943920043619511
vn 0 -0.09787695616875851 0.9951985236379417
vn -0.20904497949507556 -0.10821499006680237 0.9719000527177397
vn 0 -0.10575699343788832 0.9943920043619511
vn -0.20904497949507556 -0.10821499006680237 0.9719000527177397
vn -0.21325598590105044 -0.11023098940774505 0.9707579582221105
vn 0.20904497949507556 -0.10821499006680237 0.9719000527177397
vn 0 -0.09787695616875851 0.9951985236379417
vn 0 -0.10575699343788832 0.9943920043619511
vn 0.20904497949507556 -0.10821499006680237 0.9719000527177397
vn 0 -0.10575699343788832 0.9943920043619511
vn 0.21325598590105044 -0.11023098940774505 0.9707579582221105
vn -0.21325598590105044 -0.11023098940774505 0.9707579582221105
vn -0.20904497949507556 -0.10821499006680237 0.9719000527177397
vn -0.3490830170595171 -0.10911100691512705 0.9307179139624379
vn -0.20904497949507556 -0.10821499006680237 0.9719000527177397
vn -0.3972382071652906 -0.10752610448049355 0.9113945049337062
vn -0.3490830170595171 -0.10911100691512705 0.9307179139624379
vn 0.3972382071652906 -0.10752610448049355 0.9113945049337062
vn 0.20904497949507556 -0.10821499006680237 0.9719000527177397
vn 0.3490830170595171 -0.10911100691512705 0.9307179139624379
vn 0.20904497949507556 -0.10821499006680237 0.9719000527177397
vn 0.21325598590105044 -0.11023098940774505 0.9707579582221105
vn 0.3490830170595171 -0.10911100691512705 0.9307179139624379
vn -0.3490830170595171 -0.10911100691512705 0.9307179139624379
vn -0.3972382071652906 -0.10752610448049355 0.9113945049337062
vn -0.5195096751563164 -0.0957879502358147 0.8490785393640565
vn -0.3972382071652906 -0.10752610448049355 0.9113945049337062
vn -0.5673400211286872 -0.08529900086021268 0.8190539548027043
vn -0.5195096751563164 -0.0957879502358147 0.8490785393640565
vn 0.5673400211286872 -0.08529900086021268 0.8190539548027043
vn 0.3972382071652906 -0.10752610448049355 0.9113945049337062
vn 0.5195096751563164 -0.0957879502358147 0.8490785393640565
vn 0.3972382071652906 -0.10752610448049355 0.9113945049337062
vn 0.3490830170595171 -0.10911100691512705 0.9307179139624379
vn 0.5195096751563164 -0.0957879502358147 0.8490785393640565
vn -0.5195096751563164 -0.0957879502358147 0.8490785393640565
vn -0.5673400211286872 -0.08529900086021268 0.8190539548027043
vn -0.6455349431499525 -0.07203499345339505 0.7603259806757606
vn -0.5673400211286872 -0.08529900086021268 0.8190539548027043
vn -0.700202040400437 -0.054650011824258424 0.7118500395635818
vn -0.6455349431499525 -0.07203499345339505 0.7603259806757606
vn 0.700202040400437 -0.054650011824258424 0.7118500395635818
vn 0.5673400211286872 -0.08529900086021268 0.8190539548027043
vn 0.6455349431499525 -0.07203499345339505 0.7603259806757606
vn 0.5673400211286872 -0.08529900086021268 0.8190539548027043
vn 0.5195096751563164 -0.0957879502358147 0.8490785393640565
vn 0.6455349431499525 -0.07203499345339505 0.7603259806757606
vn -0.6455349431499525 -0.07203499345339505 0.7603259806757606
vn -0.700202040400437 -0.054650011824258424 0.7118500395635818
vn -0.7847105034514835 -0.0379339780708644 0.6187006053663099
vn -0.700202040400437 -0.054650011824258424 0.7118500395635818
vn -0.820709666785973 -0.013549999681254872 0.5711847690132285
vn -0.7847105034514835 -0.0379339780708644 0.6187006053663099
vn 0.820709666785973 -0.013549999681254872 0.5711847690132285
vn 0.700202040400437 -0.054650011824258424 0.7118500395635818
vn 0.7847105034514835 -0.0379339780708644 0.6187006053663099
vn 0.700202040400437 -0.054650011824258424 0.7118500395635818
vn 0.6455349431499525 -0.07203499345339505 0.7603259806757606
vn 0.7847105034514835 -0.0379339780708644 0.6187006053663099
vn -0.7847105034514835 -0.0379339780708644 0.6187006053663099
vn -0.820709666785973 -0.013549999681254872 0.5711847690132285
vn -0.861610888282893 0.0021039999527667184 0.5075650208363089
vn -0.820709666785973 -0.013549999681254872 0.5711847690132285
vn -0.8816143407565133 0.03178200918791517 0.4708992015967302
vn -0.861610888282893 0.0021039999527667184 0.5075650208363089
vn 0.8816143407565133 0.03178200918791517 0.4708992015967302
vn 0.820709666785973 -0.013549999681254872 0.5711847690132285
vn 0.861610888282893 0.0021039999527667184 0.5075650208363089
vn 0.820709666785973 -0.013549999681254872 0.5711847690132285
vn 0.7847105034514835 -0.0379339780708644 0.6187006053663099
vn 0.861610888282893 0.0021039999527667184 0.5075650208363089
vn -0.861610888282893 0.0021039999527667184 0.5075650208363089
vn -0.8816143407565133 0.03178200918791517 0.4708992015967302
vn -0.9831379291378811 0.021662001085394587 0.18157799976719474
vn -0.8816143407565133 0.03178200918791517 0.4708992015967302
vn -0.9977585336798155 0.010823990499868347 0.06603597276305924
vn -0.9831379291378811 0.021662001085394587 0.18157799976719474
vn 0.9977585336798155 0.010823990499868347 0.06603597276305924
vn 0.8816143407565133 0.03178200918791517 0.4708992015967302
vn 0.9831379291378811 0.021662001085394587 0.18157799976719474
vn 0.8816143407565133 0.03178200918791517 0.4708992015967302
vn 0.861610888282893 0.0021039999527667184 0.5075650208363089
vn 0.9831379291378811 0.021662001085394587 0.18157799976719474
vn -0.9831379291378811 0.021662001085394587 0.18157799976719474
vn -0.9977585336798155 0.010823990499868347 0.06603597276305924
vn -0.9999383944544082 0.004392001424919046 0.01019399918695249
vn -0.9977585336798155 0.010823990499868347 0.06603597276305924
vn -0.9999503815656131 -0.0013110007499065996 0.00987500297816155
vn -0.9999383944544082 0.004392001424919046 0.01019399918695249
vn 0.9999503815656131 -0.0013110007499065996 0.00987500297816155
vn 0.9977585336798155 0.010823990499868347 0.06603597276305924
vn 0.9999383944544082 0.004392001424919046 0.01019399918695249
vn 0.9977585336798155 0.010823990499868347 0.06603597276305924
vn 0.9831379291378811 0.021662001085394587 0.18157799976719474
vn 0.9999383944544082 0.004392001424919046 0.01019399918695249
vn -0.4677578806149172 0.7247578500573426 0.5058938860105935
vn -0.46666494140451575 0.7320229431293421 0.4963529421653264
vn -0.5344539403800237 0.7128448049127218 0.4541049104790758
vn -0.46666494140451575 0.7320229431293421 0.4963529421653264
vn -0.6288121271391628 0.647142104920614 0.43104803073629533
vn -0.5344539403800237 0.7128448049127218 0.4541049104790758
vn 0.6288121271391628 0.647142104920614 0.43104803073629533
vn 0.46666494140451575 0.7320229431293421 0.4963529421653264
vn 0.5344539403800237 0.7128448049127218 0.4541049104790758
vn 0.46666494140451575 0.7320229431293421 0.4963529421653264
vn 0.4677578806149172 0.7247578500573426 0.5058938860105935
vn 0.5344539403800237 0.7128448049127218 0.4541049104790758
vn 0 0.7278598787974903 0.6857258904525209
vn 0 0.7352097173901982 0.6778397092639417
vn -0.10222599800208053 0.7318047984797392 0.6738038158503606
vn 0 0.7278598787974903 0.6857258904525209
vn -0.10222599800208053 0.7318047984797392 0.6738038158503606
vn -0.1440020069108536 0.7290986849917745 0.6690878339567321
vn 0.10222599800208053 0.7318047984797392 0.6738038158503606
vn 0 0.7352097173901982 0.6778397092639417
vn 0 0.7278598787974903 0.6857258904525209
vn 0.10222599800208053 0.7318047984797392 0.6738038158503606
vn 0 0.7278598787974903 0.6857258904525209
vn 0.1440020069108536 0.7290986849917745 0.6690878339567321
vn -0.1440020069108536 0.7290986849917745 0.6690878339567321
vn -0.10222599800208053 0.7318047984797392 0.6738038158503606
vn -0.20626407122215132 0.7333631848625247 0.6477913028214857
vn -0.1440020069108536 0.7290986849917745 0.6690878339567321
vn -0.20626407122215132 0.7333631848625247 0.6477913028214857
vn -0.23942308243810828 0.7260051404820852 0.64466512515369
vn 0.20626407122215132 0.7333631848625247 0.6477913028214857
vn 0.10222599800208053 0.7318047984797392 0.6738038158503606
vn 0.1440020069108536 0.7290986849917745 0.6690878339567321
vn 0.20626407122215132 0.7333631848625247 0.6477913028214857
vn 0.1440020069108536 0.7290986849917745 0.6690878339567321
vn 0.23942308243810828 0.7260051404820852 0.64466512515369
vn -0.23942308243810828 0.7260051404820852 0.64466512515369
vn -0.20626407122215132 0.7333631848625247 0.6477913028214857
vn -0.3080028918670052 0.7282978360375749 0.6121408993234706
vn -0.23942308243810828 0.7260051404820852 0.64466512515369
vn -0.3080028918670052 0.7282978360375749 0.6121408993234706
vn -0.34481996696686373 0.7214810335642681 0.6004700730161384
vn 0.3080028918670052 0.7282978360375749 0.6121408993234706
vn 0.20626407122215132 0.7333631848625247 0.6477913028214857
vn 0.23942308243810828 0.7260051404820852 0.64466512515369
vn 0.3080028918670052 0.7282978360375749 0.6121408993234706
vn 0.23942308243810828 0.7260051404820852 0.64466512515369
vn 0.34481996696686373 0.7214810335642681 0.6004700730161384
vn -0.34481996696686373 0.7214810335642681 0.6004700730161384
vn -0.3080028918670052 0.7282978360375749 0.6121408993234706
vn -0.3958179967786479 0.7216659815443814 0.5679140115437572
vn -0.34481996696686373 0.7214810335642681 0.6004700730161384
vn -0.3958179967786479 0.7216659815443814 0.5679140115437572
vn -0.3986077668168354 0.7191106787987376 0.5692026702949613
vn 0.3958179967786479 0.7216659815443814 0.5679140115437572
vn 0.3080028918670052 0.7282978360375749 0.6121408993234706
vn 0.34481996696686373 0.7214810335642681 0.6004700730161384
vn 0.3958179967786479 0.7216659815443814 0.5679140115437572
vn 0.34481996696686373 0.7214810335642681 0.6004700730161384
vn 0.3986077668168354 0.7191106787987376 0.5692026702949613
vn -0.3986077668168354 0.7191106787987376 0.5692026702949613
vn -0.3958179967786479 0.7216659815443814 0.5679140115437572
vn -0.4418771676410599 0.721219379018972 0.5334671274268012
vn -0.3958179967786479 0.7216659815443814 0.5679140115437572
vn -0.4545648970213572 0.7222408021545635 0.5212858890274084
vn -0.4418771676410599 0.721219379018972 0.5334671274268012
vn 0.4545648970213572 0.7222408021545635 0.5212858890274084
vn 0.3958179967786479 0.7216659815443814 0.5679140115437572
vn 0.4418771676410599 0.721219379018972 0.5334671274268012
vn 0.3958179967786479 0.7216659815443814 0.5679140115437572
vn 0.3986077668168354 0.7191106787987376 0.5692026702949613
vn 0.4418771676410599 0.721219379018972 0.5334671274268012
vn -0.4418771676410599 0.721219379018972 0.5334671274268012
vn -0.4545648970213572 0.7222408021545635 0.5212858890274084
vn -0.4677578806149172 0.7247578500573426 0.5058938860105935
vn -0.4545648970213572 0.7222408021545635 0.5212858890274084
vn -0.46666494140451575 0.7320229431293421 0.4963529421653264
vn -0.4677578806149172 0.7247578500573426 0.5058938860105935
vn 0.46666494140451575 0.7320229431293421 0.4963529421653264
vn 0.4545648970213572 0.7222408021545635 0.5212858890274084
vn 0.4677578806149172 0.7247578500573426 0.5058938860105935
vn 0.4545648970213572 0.7222408021545635 0.5212858890274084
vn 0.4418771676410599 0.721219379018972 0.5334671274268012
vn 0.4677578806149172 0.7247578500573426 0.5058938860105935
vn -0.6288121271391628 0.647142104920614 0.43104803073629533
vn -0.9505403740649235 0.13636598138415332 0.2790650755534489
vn -0.7850720135939753 0.5107219717393524 0.3504639796814634
vn -0.6288121271391628 0.647142104920614 0.43104803073629533
vn -0.7850720135939753 0.5107219717393524 0.3504639796814634
vn -0.5344539403800237 0.7128448049127218 0.4541049104790758
vn 0.7850720135939753 0.5107219717393524 0.3504639796814634
vn 0.9505403740649235 0.13636598138415332 0.2790650755534489
vn 0.6288121271391628 0.647142104920614 0.43104803073629533
vn 0.7850720135939753 0.5107219717393524 0.3504639796814634
vn 0.6288121271391628 0.647142104920614 0.43104803073629533
vn 0.5344539403800237 0.7128448049127218 0.4541049104790758
vn 0 0.6940911402042093 0.7198871363554294
vn 0 0.9970608293244635 0.07661398453815749
vn -0.005936999186891851 0.9983269315456582 0.05751599596012868
vn 0 0.6940911402042093 0.7198871363554294
vn -0.005936999186891851 0.9983269315456582 0.05751599596012868
vn -0.13070809684503795 0.4966502130113251 0.8580524222534154
vn 0.005936999186891851 0.9983269315456582 0.05751599596012868
vn 0 0.9970608293244635 0.07661398453815749
vn 0 0.6940911402042093 0.7198871363554294
vn 0.005936999186891851 0.9983269315456582 0.05751599596012868
vn 0 0.6940911402042093 0.7198871363554294
vn 0.13070809684503795 0.4966502130113251 0.8580524222534154
vn -0.13070809684503795 0.4966502130113251 0.8580524222534154
vn -0.005936999186891851 0.9983269315456582 0.05751599596012868
vn -0.022686999210250247 0.9976962173157053 0.06393401301941816
vn -0.13070809684503795 0.4966502130113251 0.8580524222534154
vn -0.022686999210250247 0.9976962173157053 0.06393401301941816
vn -0.31680786926059507 0.4223148864962855 0.8492837633077598
vn 0.022686999210250247 0.9976962173157053 0.06393401301941816
vn 0.005936999186891851 0.9983269315456582 0.05751599596012868
vn 0.13070809684503795 0.4966502130113251 0.8580524222534154
vn 0.022686999210250247 0.9976962173157053 0.06393401301941816
vn 0.13070809684503795 0.4966502130113251 0.8580524222534154
vn 0.31680786926059507 0.4223148864962855 0.8492837633077598
vn -0.31680786926059507 0.4223148864962855 0.8492837633077598
vn -0.022686999210250247 0.9976962173157053 0.06393401301941816
vn -0.05326802984826149 0.9935114898131295 0.10048600203700452
vn -0.31680786926059507 0.4223148864962855 0.8492837633077598
vn -0.05326802984826149 0.9935114898131295 0.10048600203700452
vn -0.5229630336795814 0.3815360567938831 0.762194137192634
vn 0.05326802984826149 0.9935114898131295 0.10048600203700452
vn 0.022686999210250247 0.9976962173157053 0.06393401301941816
vn 0.31680786926059507 0.4223148864962855 0.8492837633077598
vn 0.05326802984826149 0.9935114898131295 0.10048600203700452
vn 0.31680786926059507 0.4223148864962855 0.8492837633077598
vn 0.5229630336795814 0.3815360567938831 0.762194137192634
vn -0.5229630336795814 0.3815360567938831 0.762194137192634
vn -0.05326802984826149 0.9935114898131295 0.10048600203700452
vn -0.5910181054403942 0.5494840971069413 0.5905631431677875
vn -0.05326802984826149 0.9935114898131295 0.10048600203700452
vn -0.06911400537789904 0.9851161598424066 0.1573829910694724
vn -0.5910181054403942 0.5494840971069413 0.5905631431677875
vn 0.06911400537789904 0.9851161598424066 0.1573829910694724
vn 0.05326802984826149 0.9935114898131295 0.10048600203700452
vn 0.5910181054403942 0.5494840971069413 0.5905631431677875
vn 0.05326802984826149 0.9935114898131295 0.10048600203700452
vn 0.5229630336795814 0.3815360567938831 0.762194137192634
vn 0.5910181054403942 0.5494840971069413 0.5905631431677875
vn -0.5910181054403942 0.5494840971069413 0.5905631431677875
vn -0.06911400537789904 0.9851161598424066 0.1573829910694724
vn -0.6608849594025724 0.5687339755762014 0.4896659427209011
vn -0.06911400537789904 0.9851161598424066 0.1573829910694724
vn -0.06586003484024121 0.9781612425896936 0.19713710788745092
vn -0.6608849594025724 0.5687339755762014 0.4896659427209011
vn 0.06586003484024121 0.9781612425896936 0.19713710788745092
vn 0.06911400537789904 0.9851161598424066 0.1573829910694724
vn 0.6608849594025724 0.5687339755762014 0.4896659427209011
vn 0.06911400537789904 0.9851161598424066 0.1573829910694724
vn 0.5910181054403942 0.5494840971069413 0.5905631431677875
vn 0.6608849594025724 0.5687339755762014 0.4896659427209011
vn -0.6608849594025724 0.5687339755762014 0.4896659427209011
vn -0.06586003484024121 0.9781612425896936 0.19713710788745092
vn -0.6633018979664859 0.6297590258420308 0.4042699117230395
vn -0.06586003484024121 0.9781612425896936 0.19713710788745092
vn -0.07206501153595132 0.9698031065597179 0.23299907428881272
vn -0.6633018979664859 0.6297590258420308 0.4042699117230395
vn 0.07206501153595132 0.9698031065597179 0.23299907428881272
vn 0.06586003484024121 0.9781612425896936 0.19713710788745092
vn 0.6633018979664859 0.6297590258420308 0.4042699117230395
vn 0.06586003484024121 0.9781612425896936 0.19713710788745092
vn 0.6608849594025724 0.5687339755762014 0.4896659427209011
vn 0.6633018979664859 0.6297590258420308 0.4042699117230395
vn -0.6633018979664859 0.6297590258420308 0.4042699117230395
vn -0.07206501153595132 0.9698031065597179 0.23299907428881272
vn -0.5962799798961825 0.7126839770639474 0.3695020086702143
vn -0.07206501153595132 0.9698031065597179 0.23299907428881272
vn -0.0740980052323182 0.9569530402013665 0.2806249533985766
vn -0.5962799798961825 0.7126839770639474 0.3695020086702143
vn 0.0740980052323182 0.9569530402013665 0.2806249533985766
vn 0.07206501153595132 0.9698031065597179 0.23299907428881272
vn 0.5962799798961825 0.7126839770639474 0.3695020086702143
vn 0.07206501153595132 0.9698031065597179 0.23299907428881272
vn 0.6633018979664859 0.6297590258420308 0.4042699117230395
vn 0.5962799798961825 0.7126839770639474 0.3695020086702143
vn -0.0740980052323182 0.9569530402013665 0.2806249533985766
vn -0.029637993096417712 0.9396946656702047 0.34072793351320496
vn -0.5962799798961825 0.7126839770639474 0.3695020086702143
vn -0.029637993096417712 0.9396946656702047 0.34072793351320496
vn -0.01044900001638869 0.9339477103980565 0.3572569000605666
vn -0.5962799798961825 0.7126839770639474 0.3695020086702143
vn 0.01044900001638869 0.9339477103980565 0.3572569000605666
vn 0.029637993096417712 0.9396946656702047 0.34072793351320496
vn 0.5962799798961825 0.7126839770639474 0.3695020086702143
vn 0.029637993096417712 0.9396946656702047 0.34072793351320496
vn 0.0740980052323182 0.9569530402013665 0.2806249533985766
vn 0.5962799798961825 0.7126839770639474 0.3695020086702143
vn -0.6622620271875809 -0.0530910011417266 0.7473890238310736
vn 0.008200998456640362 -0.09739797608212095 0.9952117251516991
vn -0.5037618338151414 0.010654999067353222 0.8637768726853484
vn 0.008200998456640362 -0.09739797608212095 0.9952117251516991
vn 0.010427998599226199 -0.1198829810321748 0.9927332611049424
vn -0.5037618338151414 0.010654999067353222 0.8637768726853484
vn -0.010427998599226199 -0.1198829810321748 0.9927332611049424
vn -0.008200998456640362 -0.09739797608212095 0.9952117251516991
vn 0.5037618338151414 0.010654999067353222 0.8637768726853484
vn -0.008200998456640362 -0.09739797608212095 0.9952117251516991
vn 0.6622620271875809 -0.0530910011417266 0.7473890238310736
vn 0.5037618338151414 0.010654999067353222 0.8637768726853484
vn -0.8760794189406785 0.09454705337632881 0.47280620385779265
vn -0.5037618338151414 0.010654999067353222 0.8637768726853484
vn -0.012035001146696693 -0.12107300836216095 0.9925706450392008
vn -0.5037618338151414 0.010654999067353222 0.8637768726853484
vn 0.010427998599226199 -0.1198829810321748 0.9927332611049424
vn -0.012035001146696693 -0.12107300836216095 0.9925706450392008
vn -0.010427998599226199 -0.1198829810321748 0.9927332611049424
vn 0.5037618338151414 0.010654999067353222 0.8637768726853484
vn 0.012035001146696693 -0.12107300836216095 0.9925706450392008
vn 0.5037618338151414 0.010654999067353222 0.8637768726853484
vn 0.8760794189406785 0.09454705337632881 0.47280620385779265
vn 0.012035001146696693 -0.12107300836216095 0.9925706450392008
vn -0.9166300676267936 0.09853001451164552 0.387403091576248
vn -0.8760794189406785 0.09454705337632881 0.47280620385779265
vn -0.014870999907341911 -0.11041699794280592 0.9937740889795096
vn -0.8760794189406785 0.09454705337632881 0.47280620385779265
vn -0.012035001146696693 -0.12107300836216095 0.9925706450392008
vn -0.014870999907341911 -0.11041699794280592 0.9937740889795096
vn 0.012035001146696693 -0.12107300836216095 0.9925706450392008
vn 0.8760794189406785 0.09454705337632881 0.47280620385779265
vn 0.014870999907341911 -0.11041699794280592 0.9937740889795096
vn 0.8760794189406785 0.09454705337632881 0.47280620385779265
vn 0.9166300676267936 0.09853001451164552 0.387403091576248
vn 0.014870999907341911 -0.11041699794280592 0.9937740889795096
vn 0.03321199944051897 -0.1065539966826875 0.9937520862288084
vn -0.9166300676267936 0.09853001451164552 0.387403091576248
vn -0.014870999907341911 -0.11041699794280592 0.9937740889795096
vn 0.03321199944051897 -0.1065539966826875 0.9937520862288084
vn -0.014870999907341911 -0.11041699794280592 0.9937740889795096
vn 0.019176001164486336 -0.0891819691040138 0.9958307373073348
vn 0.014870999907341911 -0.11041699794280592 0.9937740889795096
vn 0.9166300676267936 0.09853001451164552 0.387403091576248
vn -0.03321199944051897 -0.1065539966826875 0.9937520862288084
vn 0.014870999907341911 -0.11041699794280592 0.9937740889795096
vn -0.03321199944051897 -0.1065539966826875 0.9937520862288084
vn -0.019176001164486336 -0.0891819691040138 0.9958307373073348
vn 0.06108402541013818 -0.12249609243768533 0.9905874263169262
vn 0.03321199944051897 -0.1065539966826875 0.9937520862288084
vn 0.044026988314118796 -0.11028199348405056 0.9929247233366547
vn 0.03321199944051897 -0.1065539966826875 0.9937520862288084
vn 0.019176001164486336 -0.0891819691040138 0.9958307373073348
vn 0.044026988314118796 -0.11028199348405056 0.9929247233366547
vn -0.019176001164486336 -0.0891819691040138 0.9958307373073348
vn -0.03321199944051897 -0.1065539966826875 0.9937520862288084
vn -0.044026988314118796 -0.11028199348405056 0.9929247233366547
vn -0.03321199944051897 -0.1065539966826875 0.9937520862288084
vn -0.06108402541013818 -0.12249609243768533 0.9905874263169262
vn -0.044026988314118796 -0.11028199348405056 0.9929247233366547
vn 0.06252299307695289 -0.1268160057017236 0.9899538252032565
vn 0.06108402541013818 -0.12249609243768533 0.9905874263169262
vn 0.06473396815587469 -0.1230209935280261 0.9902905374273612
vn 0.06108402541013818 -0.12249609243768533 0.9905874263169262
vn 0.044026988314118796 -0.11028199348405056 0.9929247233366547
vn 0.06473396815587469 -0.1230209935280261 0.9902905374273612
vn -0.044026988314118796 -0.11028199348405056 0.9929247233366547
vn -0.06108402541013818 -0.12249609243768533 0.9905874263169262
vn -0.06473396815587469 -0.1230209935280261 0.9902905374273612
vn -0.06108402541013818 -0.12249609243768533 0.9905874263169262
vn -0.06252299307695289 -0.1268160057017236 0.9899538252032565
vn -0.06473396815587469 -0.1230209935280261 0.9902905374273612
vn 0.05608398083464872 -0.12060800170421657 0.9911146740002664
vn 0.06252299307695289 -0.1268160057017236 0.9899538252032565
vn 0.04386800125168636 -0.12815199705111088 0.9907838634727527
vn 0.06252299307695289 -0.1268160057017236 0.9899538252032565
vn 0.06473396815587469 -0.1230209935280261 0.9902905374273612
vn 0.04386800125168636 -0.12815199705111088 0.9907838634727527
vn -0.06473396815587469 -0.1230209935280261 0.9902905374273612
vn -0.06252299307695289 -0.1268160057017236 0.9899538252032565
vn -0.04386800125168636 -0.12815199705111088 0.9907838634727527
vn -0.06252299307695289 -0.1268160057017236 0.9899538252032565
vn -0.05608398083464872 -0.12060800170421657 0.9911146740002664
vn -0.04386800125168636 -0.12815199705111088 0.9907838634727527
vn 0.03479698774983893 -0.12717499212028807 0.9912697367632799
vn 0.05608398083464872 -0.12060800170421657 0.9911146740002664
vn 0.04386800125168636 -0.12815199705111088 0.9907838634727527
vn 0.03479698774983893 -0.12717499212028807 0.9912697367632799
vn 0.04386800125168636 -0.12815199705111088 0.9907838634727527
vn 0.027886999463057418 -0.12727799871088397 0.9914749751280159
vn -0.04386800125168636 -0.12815199705111088 0.9907838634727527
vn -0.05608398083464872 -0.12060800170421657 0.9911146740002664
vn -0.03479698774983893 -0.12717499212028807 0.9912697367632799
vn -0.04386800125168636 -0.12815199705111088 0.9907838634727527
vn -0.03479698774983893 -0.12717499212028807 0.9912697367632799
vn -0.027886999463057418 -0.12727799871088397 0.9914749751280159
vn 0.019409997566526463 -0.11649199681898671 0.9930019469626395
vn 0.03479698774983893 -0.12717499212028807 0.9912697367632799
vn 0.027886999463057418 -0.12727799871088397 0.9914749751280159
vn 0.019409997566526463 -0.11649199681898671 0.9930019469626395
vn 0.027886999463057418 -0.12727799871088397 0.9914749751280159
vn 0.01756899853806309 -0.11190099587163733 0.993564037902593
vn -0.027886999463057418 -0.12727799871088397 0.9914749751280159
vn -0.03479698774983893 -0.12717499212028807 0.9912697367632799
vn -0.019409997566526463 -0.11649199681898671 0.9930019469626395
vn -0.027886999463057418 -0.12727799871088397 0.9914749751280159
vn -0.019409997566526463 -0.11649199681898671 0.9930019469626395
vn -0.01756899853806309 -0.11190099587163733 0.993564037902593
vn 0.0004879999433769491 -0.08730702299021292 0.9961813316824613
vn 0.019409997566526463 -0.11649199681898671 0.9930019469626395
vn -0.009102000084617614 -0.08933600196341496 0.995959955192804
vn 0.019409997566526463 -0.11649199681898671 0.9930019469626395
vn 0.01756899853806309 -0.11190099587163733 0.993564037902593
vn -0.009102000084617614 -0.08933600196341496 0.995959955192804
vn -0.01756899853806309 -0.11190099587163733 0.993564037902593
vn -0.019409997566526463 -0.11649199681898671 0.9930019469626395
vn 0.009102000084617614 -0.08933600196341496 0.995959955192804
vn -0.019409997566526463 -0.11649199681898671 0.9930019469626395
vn -0.0004879999433769491 -0.08730702299021292 0.9961813316824613
vn 0.009102000084617614 -0.08933600196341496 0.995959955192804
vn -0.004685000500070335 0.8796799748137457 0.47554305029303273
vn 0.003565999875101886 0.873518994328772 0.4867770025296402
vn -0.0023730011436633456 0.8741305136355533 0.48568530345977745
vn 0.003565999875101886 0.873518994328772 0.4867770025296402
vn 0.012915990253018468 0.8714575725442549 0.4903008020093979
vn -0.0023730011436633456 0.8741305136355533 0.48568530345977745
vn -0.012915990253018468 0.8714575725442549 0.4903008020093979
vn -0.003565999875101886 0.873518994328772 0.4867770025296402
vn 0.0023730011436633456 0.8741305136355533 0.48568530345977745
vn -0.003565999875101886 0.873518994328772 0.4867770025296402
vn 0.004685000500070335 0.8796799748137457 0.47554305029303273
vn 0.0023730011436633456 0.8741305136355533 0.48568530345977745
vn 0.04626302048766893 0.8864552975089777 0.46049618723028296
vn -0.004685000500070335 0.8796799748137457 0.47554305029303273
vn 0.04242999116036444 0.890845896785211 0.45231989126179784
vn -0.004685000500070335 0.8796799748137457 0.47554305029303273
vn -0.0023730011436633456 0.8741305136355533 0.48568530345977745
vn 0.04242999116036444 0.890845896785211 0.45231989126179784
vn 0.0023730011436633456 0.8741305136355533 0.48568530345977745
vn 0.004685000500070335 0.8796799748137457 0.47554305029303273
vn -0.04243000942549657 0.890846306431584 0.4523190827472976
vn 0.004685000500070335 0.8796799748137457 0.47554305029303273
vn -0.04626302048766893 0.8864552975089777 0.46049618723028296
vn -0.04243000942549657 0.890846306431584 0.4523190827472976
vn 0.0781419592281728 0.9037355977990518 0.42089880432091153
vn 0.04626302048766893 0.8864552975089777 0.46049618723028296
vn 0.04242999116036444 0.890845896785211 0.45231989126179784
vn 0.0781419592281728 0.9037355977990518 0.42089880432091153
vn 0.04242999116036444 0.890845896785211 0.45231989126179784
vn 0.06130397595553982 0.8955986358415514 0.4406187762803521
vn -0.04243000942549657 0.890846306431584 0.4523190827472976
vn -0.04626302048766893 0.8864552975089777 0.46049618723028296
vn -0.0781419592281728 0.9037355977990518 0.42089880432091153
vn -0.04243000942549657 0.890846306431584 0.4523190827472976
vn -0.0781419592281728 0.9037355977990518 0.42089880432091153
vn -0.06130397595553982 0.8955986358415514 0.4406187762803521
vn 0.026638998472875326 0.8822739374080928 0.4699819817086427
vn 0.0781419592281728 0.9037355977990518 0.42089880432091153
vn 0.06130397595553982 0.8955986358415514 0.4406187762803521
vn 0.026638998472875326 0.8822739374080928 0.4699819817086427
vn 0.06130397595553982 0.8955986358415514 0.4406187762803521
vn -0.0027969986853647742 0.8688886079255778 0.49499976142974605
vn -0.06130397595553982 0.8955986358415514 0.4406187762803521
vn -0.0781419592281728 0.9037355977990518 0.42089880432091153
vn -0.026638998472875326 0.8822739374080928 0.4699819817086427
vn -0.06130397595553982 0.8955986358415514 0.4406187762803521
vn -0.026638998472875326 0.8822739374080928 0.4699819817086427
vn 0.0027969986853647742 0.8688886079255778 0.49499976142974605
vn -0.0003409999875465229 0.8760813144491038 0.4821632650795154
vn 0.026638998472875326 0.8822739374080928 0.4699819817086427
vn -0.0027969986853647742 0.8688886079255778 0.49499976142974605
vn -0.0003409999875465229 0.8760813144491038 0.4821632650795154
vn -0.0027969986853647742 0.8688886079255778 0.49499976142974605
vn 0.006039999824639619 0.8814369939177482 0.4722630031617569
vn 0.0027969986853647742 0.8688886079255778 0.49499976142974605
vn -0.026638998472875326 0.8822739374080928 0.4699819817086427
vn 0.0003409999875465229 0.8760813144491038 0.4821632650795154
vn 0.0027969986853647742 0.8688886079255778 0.49499976142974605
vn 0.0003409999875465229 0.8760813144491038 0.4821632650795154
vn -0.006039999824639619 0.8814369939177482 0.4722630031617569
vn -0.0003409999875465229 0.8760813144491038 0.4821632650795154
vn 0.006039999824639619 0.8814369939177482 0.4722630031617569
vn 0.002515998958311355 0.8788297373755665 0.4771288740514818
vn 0.006039999824639619 0.8814369939177482 0.4722630031617569
vn 0.0005289999966298072 0.8787521468955252 0.4772780997338017
vn 0.002515998958311355 0.8788297373755665 0.4771288740514818
vn -0.0005289999966298072 0.8787521468955252 0.4772780997338017
vn -0.006039999824639619 0.8814369939177482 0.4722630031617569
vn -0.002515998958311355 0.8788297373755665 0.4771288740514818
vn -0.006039999824639619 0.8814369939177482 0.4722630031617569
vn 0.0003409999875465229 0.8760813144491038 0.4821632650795154
vn -0.002515998958311355 0.8788297373755665 0.4771288740514818
vn -0.0006950000048609812 0.8787717345629407 0.4772418207871494
vn 0.002515998958311355 0.8788297373755665 0.4771288740514818
vn 0.0005289999966298072 0.8787521468955252 0.4772780997338017
vn -0.0006950000048609812 0.8787717345629407 0.4772418207871494
vn 0.0005289999966298072 0.8787521468955252 0.4772780997338017
vn 0.0019169999942692825 0.8776998883359025 0.4792068771691054
vn -0.0005289999966298072 0.8787521468955252 0.4772780997338017
vn -0.002515998958311355 0.8788297373755665 0.4771288740514818
vn 0.0006950000048609812 0.8787717345629407 0.4772418207871494
vn -0.0005289999966298072 0.8787521468955252 0.4772780997338017
vn 0.0006950000048609812 0.8787717345629407 0.4772418207871494
vn -0.0019169990986793353 0.877699427858955 0.479207720566477
vn 0 0.876427974100474 0.4815329752095269
vn -0.0006950000048609812 0.8787717345629407 0.4772418207871494
vn 0.0019169999942692825 0.8776998883359025 0.4792068771691054
vn 0 0.876427974100474 0.4815329752095269
vn 0.0019169999942692825 0.8776998883359025 0.4792068771691054
vn 0 0.8738727080222003 0.4861548006283043
vn -0.0019169990986793353 0.877699427858955 0.479207720566477
vn 0.0006950000048609812 0.8787717345629407 0.4772418207871494
vn 0 0.876427974100474 0.4815329752095269
vn -0.0019169990986793353 0.877699427858955 0.479207720566477
vn 0 0.876427974100474 0.4815329752095269
vn 0 0.8738727080222003 0.4861548006283043
vn 0.2994480070583606 0.5076060785250933 -0.8078780601756387
vn 0.4607040842882565 0.47829398105582516 -0.7476540740248053
vn 0.3375279040935758 0.44314781246135837 -0.8304787355910508
vn 0.4607040842882565 0.47829398105582516 -0.7476540740248053
vn 0.49487790401845605 0.39478391358256365 -0.7741069187720354
vn 0.3375279040935758 0.44314781246135837 -0.8304787355910508
vn -0.49487790401845605 0.39478391358256365 -0.7741069187720354
vn -0.4607040842882565 0.47829398105582516 -0.7476540740248053
vn -0.3375279040935758 0.44314781246135837 -0.8304787355910508
vn -0.4607040842882565 0.47829398105582516 -0.7476540740248053
vn -0.2994480070583606 0.5076060785250933 -0.8078780601756387
vn -0.3375279040935758 0.44314781246135837 -0.8304787355910508
vn 0.4607040842882565 0.47829398105582516 -0.7476540740248053
vn 0.6113589943710763 0.41947298841667285 -0.6710309918255432
vn 0.49487790401845605 0.39478391358256365 -0.7741069187720354
vn 0.6113589943710763 0.41947298841667285 -0.6710309918255432
vn 0.6564421477614597 0.32671605664053305 -0.6799561198897925
vn 0.49487790401845605 0.39478391358256365 -0.7741069187720354
vn -0.6564421477614597 0.32671605664053305 -0.6799561198897925
vn -0.6113589943710763 0.41947298841667285 -0.6710309918255432
vn -0.49487790401845605 0.39478391358256365 -0.7741069187720354
vn -0.6113589943710763 0.41947298841667285 -0.6710309918255432
vn -0.4607040842882565 0.47829398105582516 -0.7476540740248053
vn -0.49487790401845605 0.39478391358256365 -0.7741069187720354
vn 0.3375279040935758 0.44314781246135837 -0.8304787355910508
vn 0.49487790401845605 0.39478391358256365 -0.7741069187720354
vn 0.3724290977718358 0.36250209332637856 -0.8543352968635031
vn 0.49487790401845605 0.39478391358256365 -0.7741069187720354
vn 0.5364779771234709 0.3015260067347646 -0.7882090124605878
vn 0.3724290977718358 0.36250209332637856 -0.8543352968635031
vn -0.5364779771234709 0.3015260067347646 -0.7882090124605878
vn -0.49487790401845605 0.39478391358256365 -0.7741069187720354
vn -0.3724290977718358 0.36250209332637856 -0.8543352968635031
vn -0.49487790401845605 0.39478391358256365 -0.7741069187720354
vn -0.3375279040935758 0.44314781246135837 -0.8304787355910508
vn -0.3724290977718358 0.36250209332637856 -0.8543352968635031
vn 0.49487790401845605 0.39478391358256365 -0.7741069187720354
vn 0.6564421477614597 0.32671605664053305 -0.6799561198897925
vn 0.5364779771234709 0.3015260067347646 -0.7882090124605878
vn 0.6564421477614597 0.32671605664053305 -0.6799561198897925
vn 0.6937337446695017 0.2284038788531873 -0.6830557514812751
vn 0.5364779771234709 0.3015260067347646 -0.7882090124605878
vn -0.6937337446695017 0.2284038788531873 -0.6830557514812751
vn -0.6564421477614597 0.32671605664053305 -0.6799561198897925
vn -0.5364779771234709 0.3015260067347646 -0.7882090124605878
vn -0.6564421477614597 0.32671605664053305 -0.6799561198897925
vn -0.49487790401845605 0.39478391358256365 -0.7741069187720354
vn -0.5364779771234709 0.3015260067347646 -0.7882090124605878
vn 0.3652839817846036 0.5415808945724029 -0.757137865441784
vn 0.5234742691736648 0.5117083124499155 -0.6812703519769204
vn 0.41548472283506277 0.5341237141184115 -0.7362637456149966
vn 0.5234742691736648 0.5117083124499155 -0.6812703519769204
vn 0.5868767438782766 0.4801848182720371 -0.6519188813003366
vn 0.41548472283506277 0.5341237141184115 -0.7362637456149966
vn -0.5868761611236892 0.4801851867753676 -0.651919134483892
vn -0.5234742691736648 0.5117083124499155 -0.6812703519769204
vn -0.41548472283506277 0.5341237141184115 -0.7362637456149966
vn -0.5234742691736648 0.5117083124499155 -0.6812703519769204
vn -0.3652839817846036 0.5415808945724029 -0.757137865441784
vn -0.41548472283506277 0.5341237141184115 -0.7362637456149966
vn 0.5234742691736648 0.5117083124499155 -0.6812703519769204
vn 0.6935808281320804 0.43165890743889274 -0.5767288985964537
vn 0.5868767438782766 0.4801848182720371 -0.6519188813003366
vn 0.6935808281320804 0.43165890743889274 -0.5767288985964537
vn 0.7375760731627342 0.402170959250998 -0.5424389881202981
vn 0.5868767438782766 0.4801848182720371 -0.6519188813003366
vn -0.7375760731627342 0.402170959250998 -0.5424389881202981
vn -0.6935808281320804 0.43165890743889274 -0.5767288985964537
vn -0.5868761611236892 0.4801851867753676 -0.651919134483892
vn -0.6935808281320804 0.43165890743889274 -0.5767288985964537
vn -0.5234742691736648 0.5117083124499155 -0.6812703519769204
vn -0.5868761611236892 0.4801851867753676 -0.651919134483892
vn 0.2823920860897174 0.010540999527803189 -0.9592411568749813
vn 0.4307421086174976 -0.028870010335314337 -0.9020131697303486
vn 0.33076607792625834 -0.007569003295687766 -0.9436824210942949
vn 0.4307421086174976 -0.028870010335314337 -0.9020131697303486
vn 0.4871459730486061 -0.05181699753972856 -0.8717819679876928
vn 0.33076607792625834 -0.007569003295687766 -0.9436824210942949
vn -0.48714517871913665 -0.051817028996441576 -0.8717824099835246
vn -0.4307421086174976 -0.028870010335314337 -0.9020131697303486
vn -0.33076607792625834 -0.007569003295687766 -0.9436824210942949
vn -0.4307421086174976 -0.028870010335314337 -0.9020131697303486
vn -0.2823920860897174 0.010540999527803189 -0.9592411568749813
vn -0.33076607792625834 -0.007569003295687766 -0.9436824210942949
vn 0.4307421086174976 -0.028870010335314337 -0.9020131697303486
vn 0.5810049105827106 -0.07047799144237468 -0.810842861842555
vn 0.4871459730486061 -0.05181699753972856 -0.8717819679876928
vn 0.5810049105827106 -0.07047799144237468 -0.810842861842555
vn 0.6330672545565653 -0.08853502631785744 -0.7690171651680535
vn 0.4871459730486061 -0.05181699753972856 -0.8717819679876928
vn -0.6330672545565653 -0.08853502631785744 -0.7690171651680535
vn -0.5810049105827106 -0.07047799144237468 -0.810842861842555
vn -0.48714517871913665 -0.051817028996441576 -0.8717824099835246
vn -0.5810049105827106 -0.07047799144237468 -0.810842861842555
vn -0.4307421086174976 -0.028870010335314337 -0.9020131697303486
vn -0.48714517871913665 -0.051817028996441576 -0.8717824099835246
vn 0.3064059574064221 0.10973398240343532 -0.9455547802066978
vn 0.47423391721889996 0.09446898685992346 -0.8753158300184439
vn 0.372658095963176 0.10012499780088073 -0.9225513147399844
vn 0.47423391721889996 0.09446898685992346 -0.8753158300184439
vn 0.5355740601560697 0.08214001075299597 -0.8404840538174656
vn 0.372658095963176 0.10012499780088073 -0.9225513147399844
vn -0.5355740601560697 0.08214001075299597 -0.8404840538174656
vn -0.47423391721889996 0.09446898685992346 -0.8753158300184439
vn -0.372658095963176 0.10012499780088073 -0.9225513147399844
vn -0.47423391721889996 0.09446898685992346 -0.8753158300184439
vn -0.3064059574064221 0.10973398240343532 -0.9455547802066978
vn -0.372658095963176 0.10012499780088073 -0.9225513147399844
vn 0.47423391721889996 0.09446898685992346 -0.8753158300184439
vn 0.6387469666087633 0.07051199561525479 -0.766179072490536
vn 0.5355740601560697 0.08214001075299597 -0.8404840538174656
vn 0.6387469666087633 0.07051199561525479 -0.766179072490536
vn 0.6958773574220577 0.051365027900810316 -0.7163213924880666
vn 0.5355740601560697 0.08214001075299597 -0.8404840538174656
vn -0.6958773574220577 0.051365027900810316 -0.7163213924880666
vn -0.6387469666087633 0.07051199561525479 -0.766179072490536
vn -0.5355740601560697 0.08214001075299597 -0.8404840538174656
vn -0.6387469666087633 0.07051199561525479 -0.766179072490536
vn -0.47423391721889996 0.09446898685992346 -0.8753158300184439
vn -0.5355740601560697 0.08214001075299597 -0.8404840538174656
vn 0.025294997966133246 -0.9908460106580222 -0.13260598116591768
vn 0.05493797238404299 -0.9751825709563079 -0.21447790677217946
vn 0.03692301659705921 -0.9822103776159248 -0.1841180733902998
vn 0.05493797238404299 -0.9751825709563079 -0.21447790677217946
vn 0.06428698606050194 -0.9690138336303349 -0.23849396985311533
vn 0.03692301659705921 -0.9822103776159248 -0.1841180733902998
vn -0.06428698606050194 -0.9690138336303349 -0.23849396985311533
vn -0.05493797238404299 -0.9751825709563079 -0.21447790677217946
vn -0.03692301659705921 -0.9822103776159248 -0.1841180733902998
vn -0.05493797238404299 -0.9751825709563079 -0.21447790677217946
vn -0.025294997966133246 -0.9908460106580222 -0.13260598116591768
vn -0.03692301659705921 -0.9822103776159248 -0.1841180733902998
vn 0.05493797238404299 -0.9751825709563079 -0.21447790677217946
vn 0.05599098056609482 -0.9705296417177315 -0.23438691226793992
vn 0.06428698606050194 -0.9690138336303349 -0.23849396985311533
vn 0.05599098056609482 -0.9705296417177315 -0.23438691226793992
vn 0.04948798691071021 -0.9684068207231631 -0.24441597478147928
vn 0.06428698606050194 -0.9690138336303349 -0.23849396985311533
vn -0.04948798691071021 -0.9684068207231631 -0.24441597478147928
vn -0.05599098056609482 -0.9705296417177315 -0.23438691226793992
vn -0.06428698606050194 -0.9690138336303349 -0.23849396985311533
vn -0.05599098056609482 -0.9705296417177315 -0.23438691226793992
vn -0.05493797238404299 -0.9751825709563079 -0.21447790677217946
vn -0.06428698606050194 -0.9690138336303349 -0.23849396985311533
vn 0.924379957165306 0.1884429927043355 -0.33167896118340234
vn 0.9583237411791524 0.1442260033342082 -0.24660589420091658
vn 0.943927367452453 0.10298798449217152 -0.3136791354625329
vn 0.9583237411791524 0.1442260033342082 -0.24660589420091658
vn 0.9683689567343153 0.05346699855020603 -0.2437269859890899
vn 0.943927367452453 0.10298798449217152 -0.3136791354625329
vn -0.9683689567343153 0.05346699855020603 -0.2437269859890899
vn -0.9583237411791524 0.1442260033342082 -0.24660589420091658
vn -0.943927367452453 0.10298798449217152 -0.3136791354625329
vn -0.9583237411791524 0.1442260033342082 -0.24660589420091658
vn -0.924379957165306 0.1884429927043355 -0.33167896118340234
vn -0.943927367452453 0.10298798449217152 -0.3136791354625329
vn 0.8529378249625652 0.265415015135752 -0.449501875956727
vn 0.924379957165306 0.1884429927043355 -0.33167896118340234
vn 0.8854141150690242 0.16640607853562464 -0.4339940804468794
vn 0.924379957165306 0.1884429927043355 -0.33167896118340234
vn 0.943927367452453 0.10298798449217152 -0.3136791354625329
vn 0.8854141150690242 0.16640607853562464 -0.4339940804468794
vn -0.943927367452453 0.10298798449217152 -0.3136791354625329
vn -0.924379957165306 0.1884429927043355 -0.33167896118340234
vn -0.8854141150690242 0.16640607853562464 -0.4339940804468794
vn -0.924379957165306 0.1884429927043355 -0.33167896118340234
vn -0.8529378249625652 0.265415015135752 -0.449501875956727
vn -0.8854141150690242 0.16640607853562464 -0.4339940804468794
vn 0.7482459573299627 0.34718597065953716 -0.5653228184998043
vn 0.8529378249625652 0.265415015135752 -0.449501875956727
vn 0.7878615894101774 0.24708490192638408 -0.5641127255895744
vn 0.8529378249625652 0.265415015135752 -0.449501875956727
vn 0.8854141150690242 0.16640607853562464 -0.4339940804468794
vn 0.7878615894101774 0.24708490192638408 -0.5641127255895744
vn -0.8854141150690242 0.16640607853562464 -0.4339940804468794
vn -0.8529378249625652 0.265415015135752 -0.449501875956727
vn -0.7878615894101774 0.24708490192638408 -0.5641127255895744
vn -0.8529378249625652 0.265415015135752 -0.449501875956727
vn -0.7482459573299627 0.34718597065953716 -0.5653228184998043
vn -0.7878615894101774 0.24708490192638408 -0.5641127255895744
vn 0.6113589943710763 0.41947298841667285 -0.6710309918255432
vn 0.7482459573299627 0.34718597065953716 -0.5653228184998043
vn 0.6564421477614597 0.32671605664053305 -0.6799561198897925
vn 0.7482459573299627 0.34718597065953716 -0.5653228184998043
vn 0.7878615894101774 0.24708490192638408 -0.5641127255895744
vn 0.6564421477614597 0.32671605664053305 -0.6799561198897925
vn -0.7878615894101774 0.24708490192638408 -0.5641127255895744
vn -0.7482459573299627 0.34718597065953716 -0.5653228184998043
vn -0.6564421477614597 0.32671605664053305 -0.6799561198897925
vn -0.7482459573299627 0.34718597065953716 -0.5653228184998043
vn -0.6113589943710763 0.41947298841667285 -0.6710309918255432
vn -0.6564421477614597 0.32671605664053305 -0.6799561198897925
vn 0.1551159913656009 0.5359709246773025 -0.8298639630223885
vn 0.2994480070583606 0.5076060785250933 -0.8078780601756387
vn 0.18602499333988248 0.4816330067025967 -0.85640197845843
vn 0.2994480070583606 0.5076060785250933 -0.8078780601756387
vn 0.3375279040935758 0.44314781246135837 -0.8304787355910508
vn 0.18602499333988248 0.4816330067025967 -0.85640197845843
vn -0.3375279040935758 0.44314781246135837 -0.8304787355910508
vn -0.2994480070583606 0.5076060785250933 -0.8078780601756387
vn -0.18602499333988248 0.4816330067025967 -0.85640197845843
vn -0.2994480070583606 0.5076060785250933 -0.8078780601756387
vn -0.1551159913656009 0.5359709246773025 -0.8298639630223885
vn -0.18602499333988248 0.4816330067025967 -0.85640197845843
vn 0 0.5527597693743949 -0.8333406490512543
vn 0.1551159913656009 0.5359709246773025 -0.8298639630223885
vn 0 0.5100980937347539 -0.8601162332895305
vn 0.1551159913656009 0.5359709246773025 -0.8298639630223885
vn 0.18602499333988248 0.4816330067025967 -0.85640197845843
vn 0 0.5100980937347539 -0.8601162332895305
vn -0.18602499333988248 0.4816330067025967 -0.85640197845843
vn -0.1551159913656009 0.5359709246773025 -0.8298639630223885
vn 0 0.5100980937347539 -0.8601162332895305
vn -0.1551159913656009 0.5359709246773025 -0.8298639630223885
vn 0 0.5527597693743949 -0.8333406490512543
vn 0 0.5100980937347539 -0.8601162332895305
vn 0.943927367452453 0.10298798449217152 -0.3136791354625329
vn 0.9683689567343153 0.05346699855020603 -0.2437269859890899
vn 0.9558164968839438 0.026435989597342956 -0.2927728859346692
vn 0.9683689567343153 0.05346699855020603 -0.2437269859890899
vn 0.9730501518912289 -0.0008290000045130381 -0.2305920958390575
vn 0.9558164968839438 0.026435989597342956 -0.2927728859346692
vn -0.9730501518912289 -0.0008290000045130381 -0.2305920958390575
vn -0.9683689567343153 0.05346699855020603 -0.2437269859890899
vn -0.9558164968839438 0.026435989597342956 -0.2927728859346692
vn -0.9683689567343153 0.05346699855020603 -0.2437269859890899
vn -0.943927367452453 0.10298798449217152 -0.3136791354625329
vn -0.9558164968839438 0.026435989597342956 -0.2927728859346692
vn 0.8854141150690242 0.16640607853562464 -0.4339940804468794
vn 0.943927367452453 0.10298798449217152 -0.3136791354625329
vn 0.9076419874054724 0.08029299802215777 -0.4119940013729059
vn 0.943927367452453 0.10298798449217152 -0.3136791354625329
vn 0.9558164968839438 0.026435989597342956 -0.2927728859346692
vn 0.9076419874054724 0.08029299802215777 -0.4119940013729059
vn -0.9558164968839438 0.026435989597342956 -0.2927728859346692
vn -0.943927367452453 0.10298798449217152 -0.3136791354625329
vn -0.9076419874054724 0.08029299802215777 -0.4119940013729059
vn -0.943927367452453 0.10298798449217152 -0.3136791354625329
vn -0.8854141150690242 0.16640607853562464 -0.4339940804468794
vn -0.9076419874054724 0.08029299802215777 -0.4119940013729059
vn 0.7878615894101774 0.24708490192638408 -0.5641127255895744
vn 0.8854141150690242 0.16640607853562464 -0.4339940804468794
vn 0.8212139742010341 0.1464729929302624 -0.5515009255830805
vn 0.8854141150690242 0.16640607853562464 -0.4339940804468794
vn 0.9076419874054724 0.08029299802215777 -0.4119940013729059
vn 0.8212139742010341 0.1464729929302624 -0.5515009255830805
vn -0.9076419874054724 0.08029299802215777 -0.4119940013729059
vn -0.8854141150690242 0.16640607853562464 -0.4339940804468794
vn -0.8212139742010341 0.1464729929302624 -0.5515009255830805
vn -0.8854141150690242 0.16640607853562464 -0.4339940804468794
vn -0.7878615894101774 0.24708490192638408 -0.5641127255895744
vn -0.8212139742010341 0.1464729929302624 -0.5515009255830805
vn 0.6564421477614597 0.32671605664053305 -0.6799561198897925
vn 0.7878615894101774 0.24708490192638408 -0.5641127255895744
vn 0.6937337446695017 0.2284038788531873 -0.6830557514812751
vn 0.7878615894101774 0.24708490192638408 -0.5641127255895744
vn 0.8212139742010341 0.1464729929302624 -0.5515009255830805
vn 0.6937337446695017 0.2284038788531873 -0.6830557514812751
vn -0.8212139742010341 0.1464729929302624 -0.5515009255830805
vn -0.7878615894101774 0.24708490192638408 -0.5641127255895744
vn -0.6937337446695017 0.2284038788531873 -0.6830557514812751
vn -0.7878615894101774 0.24708490192638408 -0.5641127255895744
vn -0.6564421477614597 0.32671605664053305 -0.6799561198897925
vn -0.6937337446695017 0.2284038788531873 -0.6830557514812751
vn 0.18602499333988248 0.4816330067025967 -0.85640197845843
vn 0.3375279040935758 0.44314781246135837 -0.8304787355910508
vn 0.22555608578358766 0.4146571669179403 -0.8815803344503405
vn 0.3375279040935758 0.44314781246135837 -0.8304787355910508
vn 0.3724290977718358 0.36250209332637856 -0.8543352968635031
vn 0.22555608578358766 0.4146571669179403 -0.8815803344503405
vn -0.3724290977718358 0.36250209332637856 -0.8543352968635031
vn -0.3375279040935758 0.44314781246135837 -0.8304787355910508
vn -0.22555608578358766 0.4146571669179403 -0.8815803344503405
vn -0.3375279040935758 0.44314781246135837 -0.8304787355910508
vn -0.18602499333988248 0.4816330067025967 -0.85640197845843
vn -0.22555608578358766 0.4146571669179403 -0.8815803344503405
vn 0 0.5100980937347539 -0.8601162332895305
vn 0.18602499333988248 0.4816330067025967 -0.85640197845843
vn 0 0.44397786145187673 -0.8960377550865912
vn 0.18602499333988248 0.4816330067025967 -0.85640197845843
vn 0.22555608578358766 0.4146571669179403 -0.8815803344503405
vn 0 0.44397786145187673 -0.8960377550865912
vn -0.22555608578358766 0.4146571669179403 -0.8815803344503405
vn -0.18602499333988248 0.4816330067025967 -0.85640197845843
vn 0 0.44397786145187673 -0.8960377550865912
vn -0.18602499333988248 0.4816330067025967 -0.85640197845843
vn 0 0.5100980937347539 -0.8601162332895305
vn 0 0.44397786145187673 -0.8960377550865912
vn 0.9600386745982191 0.20140788224305223 -0.1943208898859394
vn 0.9831014239963031 0.14040090092856103 -0.11746989893112966
vn 0.9727059235179362 0.16239698612690368 -0.1657419839691113
vn 0.9831014239963031 0.14040090092856103 -0.11746989893112966
vn 0.9855718121013136 0.11765798305915053 -0.12167498598227064
vn 0.9727059235179362 0.16239698612690368 -0.1657419839691113
vn -0.9855718121013136 0.11765798305915053 -0.12167498598227064
vn -0.9831014239963031 0.14040090092856103 -0.11746989893112966
vn -0.9727059235179362 0.16239698612690368 -0.1657419839691113
vn -0.9831014239963031 0.14040090092856103 -0.11746989893112966
vn -0.9600386745982191 0.20140788224305223 -0.1943208898859394
vn -0.9727059235179362 0.16239698612690368 -0.1657419839691113
vn 0.9091441247744962 0.2822929984740159 -0.3062149953881489
vn 0.9600386745982191 0.20140788224305223 -0.1943208898859394
vn 0.9331218372538784 0.23631396312947253 -0.27099695140349545
vn 0.9600386745982191 0.20140788224305223 -0.1943208898859394
vn 0.9727059235179362 0.16239698612690368 -0.1657419839691113
vn 0.9331218372538784 0.23631396312947253 -0.27099695140349545
vn -0.9727059235179362 0.16239698612690368 -0.1657419839691113
vn -0.9600386745982191 0.20140788224305223 -0.1943208898859394
vn -0.9331218372538784 0.23631396312947253 -0.27099695140349545
vn -0.9600386745982191 0.20140788224305223 -0.1943208898859394
vn -0.9091441247744962 0.2822929984740159 -0.3062149953881489
vn -0.9331218372538784 0.23631396312947253 -0.27099695140349545
vn 0.8106985877802086 0.377154835938183 -0.4477968618688806
vn 0.9091441247744962 0.2822929984740159 -0.3062149953881489
vn 0.853103858823943 0.33684098037871263 -0.3984368958783884
vn 0.9091441247744962 0.2822929984740159 -0.3062149953881489
vn 0.9331218372538784 0.23631396312947253 -0.27099695140349545
vn 0.853103858823943 0.33684098037871263 -0.3984368958783884
vn -0.9331218372538784 0.23631396312947253 -0.27099695140349545
vn -0.9091441247744962 0.2822929984740159 -0.3062149953881489
vn -0.853103858823943 0.33684098037871263 -0.3984368958783884
vn -0.9091441247744962 0.2822929984740159 -0.3062149953881489
vn -0.8106985877802086 0.377154835938183 -0.4477968618688806
vn -0.853103858823943 0.33684098037871263 -0.3984368958783884
vn 0.6935808281320804 0.43165890743889274 -0.5767288985964537
vn 0.8106985877802086 0.377154835938183 -0.4477968618688806
vn 0.7375760731627342 0.402170959250998 -0.5424389881202981
vn 0.8106985877802086 0.377154835938183 -0.4477968618688806
vn 0.853103858823943 0.33684098037871263 -0.3984368958783884
vn 0.7375760731627342 0.402170959250998 -0.5424389881202981
vn -0.853103858823943 0.33684098037871263 -0.3984368958783884
vn -0.8106985877802086 0.377154835938183 -0.4477968618688806
vn -0.7375760731627342 0.402170959250998 -0.5424389881202981
vn -0.8106985877802086 0.377154835938183 -0.4477968618688806
vn -0.6935808281320804 0.43165890743889274 -0.5767288985964537
vn -0.7375760731627342 0.402170959250998 -0.5424389881202981
vn 0.19906891492812956 0.56517492618694 -0.8005928240491066
vn 0.3652839817846036 0.5415808945724029 -0.757137865441784
vn 0.26074901299066217 0.5640370266162914 -0.7834999584111338
vn 0.3652839817846036 0.5415808945724029 -0.757137865441784
vn 0.41548472283506277 0.5341237141184115 -0.7362637456149966
vn 0.26074901299066217 0.5640370266162914 -0.7834999584111338
vn -0.41548472283506277 0.5341237141184115 -0.7362637456149966
vn -0.3652839817846036 0.5415808945724029 -0.757137865441784
vn -0.26074901299066217 0.5640370266162914 -0.7834999584111338
vn -0.3652839817846036 0.5415808945724029 -0.757137865441784
vn -0.19906891492812956 0.56517492618694 -0.8005928240491066
vn -0.26074901299066217 0.5640370266162914 -0.7834999584111338
vn 0 0.5600528664097606 -0.828456870830468
vn 0.19906891492812956 0.56517492618694 -0.8005928240491066
vn 0 0.5740030535553092 -0.8188531580870777
vn 0.19906891492812956 0.56517492618694 -0.8005928240491066
vn 0.26074901299066217 0.5640370266162914 -0.7834999584111338
vn 0 0.5740030535553092 -0.8188531580870777
vn -0.26074901299066217 0.5640370266162914 -0.7834999584111338
vn -0.19906891492812956 0.56517492618694 -0.8005928240491066
vn 0 0.5740030535553092 -0.8188531580870777
vn -0.19906891492812956 0.56517492618694 -0.8005928240491066
vn 0 0.5600528664097606 -0.828456870830468
vn 0 0.5740030535553092 -0.8188531580870777
vn 0.8864735995427223 -0.19736090379202917 -0.41858479543356875
vn 0.9212420736604562 -0.2120579814558524 -0.32610497423169127
vn 0.9006339259092981 -0.20953100797567414 -0.38072994129422344
vn 0.9212420736604562 -0.2120579814558524 -0.32610497423169127
vn 0.9207047714586518 -0.2146479015787517 -0.325927909454085
vn 0.9006339259092981 -0.20953100797567414 -0.38072994129422344
vn -0.9207047714586518 -0.2146479015787517 -0.325927909454085
vn -0.9212420736604562 -0.2120579814558524 -0.32610497423169127
vn -0.9006339259092981 -0.20953100797567414 -0.38072994129422344
vn -0.9212420736604562 -0.2120579814558524 -0.32610497423169127
vn -0.8864735995427223 -0.19736090379202917 -0.41858479543356875
vn -0.9006339259092981 -0.20953100797567414 -0.38072994129422344
vn 0.8162039067234308 -0.1656239956223081 -0.5535159209304739
vn 0.8864735995427223 -0.19736090379202917 -0.41858479543356875
vn 0.8414119880842202 -0.19095100014807406 -0.5055329681144549
vn 0.8864735995427223 -0.19736090379202917 -0.41858479543356875
vn 0.9006339259092981 -0.20953100797567414 -0.38072994129422344
vn 0.8414119880842202 -0.19095100014807406 -0.5055329681144549
vn -0.9006339259092981 -0.20953100797567414 -0.38072994129422344
vn -0.8864735995427223 -0.19736090379202917 -0.41858479543356875
vn -0.8414119880842202 -0.19095100014807406 -0.5055329681144549
vn -0.8864735995427223 -0.19736090379202917 -0.41858479543356875
vn -0.8162039067234308 -0.1656239956223081 -0.5535159209304739
vn -0.8414119880842202 -0.19095100014807406 -0.5055329681144549
vn 0.7209626111175942 -0.11246001398074879 -0.6837877292156903
vn 0.8162039067234308 -0.1656239956223081 -0.5535159209304739
vn 0.7548841417306148 -0.1421139870063283 -0.6402761492206299
vn 0.8162039067234308 -0.1656239956223081 -0.5535159209304739
vn 0.8414119880842202 -0.19095100014807406 -0.5055329681144549
vn 0.7548841417306148 -0.1421139870063283 -0.6402761492206299
vn -0.8414119880842202 -0.19095100014807406 -0.5055329681144549
vn -0.8162039067234308 -0.1656239956223081 -0.5535159209304739
vn -0.7548841417306148 -0.1421139870063283 -0.6402761492206299
vn -0.8162039067234308 -0.1656239956223081 -0.5535159209304739
vn -0.7209626111175942 -0.11246001398074879 -0.6837877292156903
vn -0.7548841417306148 -0.1421139870063283 -0.6402761492206299
vn 0.5810049105827106 -0.07047799144237468 -0.810842861842555
vn 0.7209626111175942 -0.11246001398074879 -0.6837877292156903
vn 0.6330672545565653 -0.08853502631785744 -0.7690171651680535
vn 0.7209626111175942 -0.11246001398074879 -0.6837877292156903
vn 0.7548841417306148 -0.1421139870063283 -0.6402761492206299
vn 0.6330672545565653 -0.08853502631785744 -0.7690171651680535
vn -0.7548841417306148 -0.1421139870063283 -0.6402761492206299
vn -0.7209626111175942 -0.11246001398074879 -0.6837877292156903
vn -0.6330672545565653 -0.08853502631785744 -0.7690171651680535
vn -0.7209626111175942 -0.11246001398074879 -0.6837877292156903
vn -0.5810049105827106 -0.07047799144237468 -0.810842861842555
vn -0.6330672545565653 -0.08853502631785744 -0.7690171651680535
vn 0.1770898951244412 0.03245298851676583 -0.9836594799935315
vn 0.2823920860897174 0.010540999527803189 -0.9592411568749813
vn 0.17929010417570962 0.028045008466378453 -0.9833964287329825
vn 0.2823920860897174 0.010540999527803189 -0.9592411568749813
vn 0.33076607792625834 -0.007569003295687766 -0.9436824210942949
vn 0.17929010417570962 0.028045008466378453 -0.9833964287329825
vn -0.33076607792625834 -0.007569003295687766 -0.9436824210942949
vn -0.2823920860897174 0.010540999527803189 -0.9592411568749813
vn -0.17929010417570962 0.028045008466378453 -0.9833964287329825
vn -0.2823920860897174 0.010540999527803189 -0.9592411568749813
vn -0.1770898951244412 0.03245298851676583 -0.9836594799935315
vn -0.17929010417570962 0.028045008466378453 -0.9833964287329825
vn 0 0.04662198812541105 -0.9989126038964738
vn 0.1770898951244412 0.03245298851676583 -0.9836594799935315
vn 0.17929010417570962 0.028045008466378453 -0.9833964287329825
vn 0 0.04662198812541105 -0.9989126038964738
vn 0.17929010417570962 0.028045008466378453 -0.9833964287329825
vn 0 0.048391021669938215 -0.9988284682675698
vn -0.17929010417570962 0.028045008466378453 -0.9833964287329825
vn -0.1770898951244412 0.03245298851676583 -0.9836594799935315
vn 0 0.04662198812541105 -0.9989126038964738
vn -0.17929010417570962 0.028045008466378453 -0.9833964287329825
vn 0 0.04662198812541105 -0.9989126038964738
vn 0 0.048391021669938215 -0.9988284682675698
vn 0.939982545177796 -0.052804973634998253 -0.3371119243225905
vn 0.9653399975147753 -0.08128499809954765 -0.2480149960831608
vn 0.9525141013862948 -0.06984800767585686 -0.2963750031361834
vn 0.9653399975147753 -0.08128499809954765 -0.2480149960831608
vn 0.9655051608198995 -0.08781801709804953 -0.2451280895840107
vn 0.9525141013862948 -0.06984800767585686 -0.2963750031361834
vn -0.9655051608198995 -0.08781801709804953 -0.2451280895840107
vn -0.9653399975147753 -0.08128499809954765 -0.2480149960831608
vn -0.9525141013862948 -0.06984800767585686 -0.2963750031361834
vn -0.9653399975147753 -0.08128499809954765 -0.2480149960831608
vn -0.939982545177796 -0.052804973634998253 -0.3371119243225905
vn -0.9525141013862948 -0.06984800767585686 -0.2963750031361834
vn 0.87939244639011 -0.010039990782709188 -0.47599172662673533
vn 0.939982545177796 -0.052804973634998253 -0.3371119243225905
vn 0.905877046227679 -0.032576996563014056 -0.4222860599318298
vn 0.939982545177796 -0.052804973634998253 -0.3371119243225905
vn 0.9525141013862948 -0.06984800767585686 -0.2963750031361834
vn 0.905877046227679 -0.032576996563014056 -0.4222860599318298
vn -0.9525141013862948 -0.06984800767585686 -0.2963750031361834
vn -0.939982545177796 -0.052804973634998253 -0.3371119243225905
vn -0.905877046227679 -0.032576996563014056 -0.4222860599318298
vn -0.939982545177796 -0.052804973634998253 -0.3371119243225905
vn -0.8793928527584575 -0.010039999040576541 -0.4759909756882023
vn -0.905877046227679 -0.032576996563014056 -0.4222860599318298
vn 0.7815967673714139 0.03291799448141803 -0.6229148407879501
vn 0.87939244639011 -0.010039990782709188 -0.47599172662673533
vn 0.8236250520831387 0.011598999017991798 -0.5670160816086502
vn 0.87939244639011 -0.010039990782709188 -0.47599172662673533
vn 0.905877046227679 -0.032576996563014056 -0.4222860599318298
vn 0.8236250520831387 0.011598999017991798 -0.5670160816086502
vn -0.905877046227679 -0.032576996563014056 -0.4222860599318298
vn -0.8793928527584575 -0.010039999040576541 -0.4759909756882023
vn -0.8236250520831387 0.011598999017991798 -0.5670160816086502
vn -0.8793928527584575 -0.010039999040576541 -0.4759909756882023
vn -0.7815967673714139 0.03291799448141803 -0.6229148407879501
vn -0.8236250520831387 0.011598999017991798 -0.5670160816086502
vn 0.6387469666087633 0.07051199561525479 -0.766179072490536
vn 0.7815967673714139 0.03291799448141803 -0.6229148407879501
vn 0.6958773574220577 0.051365027900810316 -0.7163213924880666
vn 0.7815967673714139 0.03291799448141803 -0.6229148407879501
vn 0.8236250520831387 0.011598999017991798 -0.5670160816086502
vn 0.6958773574220577 0.051365027900810316 -0.7163213924880666
vn -0.8236250520831387 0.011598999017991798 -0.5670160816086502
vn -0.7815967673714139 0.03291799448141803 -0.6229148407879501
vn -0.6958773574220577 0.051365027900810316 -0.7163213924880666
vn -0.7815967673714139 0.03291799448141803 -0.6229148407879501
vn -0.6387469666087633 0.07051199561525479 -0.766179072490536
vn -0.6958773574220577 0.051365027900810316 -0.7163213924880666
vn 0.19192298895549412 0.10473999189380519 -0.9758048475020377
vn 0.3064059574064221 0.10973398240343532 -0.9455547802066978
vn 0.185310896395919 0.10158000677294506 -0.9774156607610445
vn 0.3064059574064221 0.10973398240343532 -0.9455547802066978
vn 0.372658095963176 0.10012499780088073 -0.9225513147399844
vn 0.185310896395919 0.10158000677294506 -0.9774156607610445
vn -0.372658095963176 0.10012499780088073 -0.9225513147399844
vn -0.3064059574064221 0.10973398240343532 -0.9455547802066978
vn -0.185310896395919 0.10158000677294506 -0.9774156607610445
vn -0.3064059574064221 0.10973398240343532 -0.9455547802066978
vn -0.19192298895549412 0.10473999189380519 -0.9758048475020377
vn -0.185310896395919 0.10158000677294506 -0.9774156607610445
vn 0 0.08650404009958636 -0.9962514998967124
vn 0.19192298895549412 0.10473999189380519 -0.9758048475020377
vn 0.185310896395919 0.10158000677294506 -0.9774156607610445
vn 0 0.08650404009958636 -0.9962514998967124
vn 0.185310896395919 0.10158000677294506 -0.9774156607610445
vn 0 0.0881910467635936 -0.996103578585451
vn -0.185310896395919 0.10158000677294506 -0.9774156607610445
vn -0.19192298895549412 0.10473999189380519 -0.9758048475020377
vn 0 0.08650404009958636 -0.9962514998967124
vn -0.185310896395919 0.10158000677294506 -0.9774156607610445
vn 0 0.08650404009958636 -0.9962514998967124
vn 0 0.0881910467635936 -0.996103578585451
vn 0 -0.9942763330703768 -0.10683900737148906
vn 0.0076459956305030535 -0.9947795022982318 -0.10176089896468515
vn 0 -0.9946348637419725 -0.10344799577076336
vn 0.0076459956305030535 -0.9947795022982318 -0.10176089896468515
vn 0.013453000571150134 -0.9931710617887003 -0.11588899344259647
vn 0 -0.9946348637419725 -0.10344799577076336
vn -0.013453000571150134 -0.9931710617887003 -0.11588899344259647
vn -0.0076459956305030535 -0.9947795022982318 -0.10176089896468515
vn 0 -0.9946348637419725 -0.10344799577076336
vn -0.0076459956305030535 -0.9947795022982318 -0.10176089896468515
vn 0 -0.9942763330703768 -0.10683900737148906
vn 0 -0.9946348637419725 -0.10344799577076336
vn 0.0076459956305030535 -0.9947795022982318 -0.10176089896468515
vn 0.025294997966133246 -0.9908460106580222 -0.13260598116591768
vn 0.013453000571150134 -0.9931710617887003 -0.11588899344259647
vn 0.025294997966133246 -0.9908460106580222 -0.13260598116591768
vn 0.03692301659705921 -0.9822103776159248 -0.1841180733902998
vn 0.013453000571150134 -0.9931710617887003 -0.11588899344259647
vn -0.03692301659705921 -0.9822103776159248 -0.1841180733902998
vn -0.025294997966133246 -0.9908460106580222 -0.13260598116591768
vn -0.013453000571150134 -0.9931710617887003 -0.11588899344259647
vn -0.025294997966133246 -0.9908460106580222 -0.13260598116591768
vn -0.0076459956305030535 -0.9947795022982318 -0.10176089896468515
vn -0.013453000571150134 -0.9931710617887003 -0.11588899344259647
vn 0.05599098056609482 -0.9705296417177315 -0.23438691226793992
vn 0.03412000528955294 -0.960301119935983 -0.2768710607642801
vn 0.04948798691071021 -0.9684068207231631 -0.24441597478147928
vn 0.03412000528955294 -0.960301119935983 -0.2768710607642801
vn 0.04150602553556807 -0.9496984389232398 -0.31040316517555405
vn 0.04948798691071021 -0.9684068207231631 -0.24441597478147928
vn -0.04150602553556807 -0.9496984389232398 -0.31040316517555405
vn -0.03412000528955294 -0.960301119935983 -0.2768710607642801
vn -0.04948798691071021 -0.9684068207231631 -0.24441597478147928
vn -0.03412000528955294 -0.960301119935983 -0.2768710607642801
vn -0.05599098056609482 -0.9705296417177315 -0.23438691226793992
vn -0.04948798691071021 -0.9684068207231631 -0.24441597478147928
vn 0.03412000528955294 -0.960301119935983 -0.2768710607642801
vn 0.030233997954212 -0.9361928733171312 -0.3501839649640158
vn 0.04150602553556807 -0.9496984389232398 -0.31040316517555405
vn 0.030233997954212 -0.9361928733171312 -0.3501839649640158
vn 0.03748699295142925 -0.9220526857513508 -0.3852448183404681
vn 0.04150602553556807 -0.9496984389232398 -0.31040316517555405
vn -0.03748699295142925 -0.9220526857513508 -0.3852448183404681
vn -0.030233997954212 -0.9361928733171312 -0.3501839649640158
vn -0.04150602553556807 -0.9496984389232398 -0.31040316517555405
vn -0.030233997954212 -0.9361928733171312 -0.3501839649640158
vn -0.03412000528955294 -0.960301119935983 -0.2768710607642801
vn -0.04150602553556807 -0.9496984389232398 -0.31040316517555405
vn 0.030233997954212 -0.9361928733171312 -0.3501839649640158
vn 0.030222019898591322 -0.8967574451805381 -0.4414892003509527
vn 0.03748699295142925 -0.9220526857513508 -0.3852448183404681
vn 0.030222019898591322 -0.8967574451805381 -0.4414892003509527
vn 0.03435300922254929 -0.8937093916595046 -0.4473291785888257
vn 0.03748699295142925 -0.9220526857513508 -0.3852448183404681
vn -0.03435300922254929 -0.8937093916595046 -0.4473291785888257
vn -0.030222019898591322 -0.8967574451805381 -0.4414892003509527
vn -0.03748699295142925 -0.9220526857513508 -0.3852448183404681
vn -0.030222019898591322 -0.8967574451805381 -0.4414892003509527
vn -0.030233997954212 -0.9361928733171312 -0.3501839649640158
vn -0.03748699295142925 -0.9220526857513508 -0.3852448183404681
vn 0.030222019898591322 -0.8967574451805381 -0.4414892003509527
vn 0.040045019686497194 -0.8751723268038754 -0.4821512156937893
vn 0.033163011641799654 -0.8746611625681956 -0.4835990750132783
vn 0.030222019898591322 -0.8967574451805381 -0.4414892003509527
vn 0.033163011641799654 -0.8746611625681956 -0.4835990750132783
vn 0.03435300922254929 -0.8937093916595046 -0.4473291785888257
vn -0.033163011641799654 -0.8746611625681956 -0.4835990750132783
vn -0.040045019686497194 -0.8751723268038754 -0.4821512156937893
vn -0.030222019898591322 -0.8967574451805381 -0.4414892003509527
vn -0.033163011641799654 -0.8746611625681956 -0.4835990750132783
vn -0.030222019898591322 -0.8967574451805381 -0.4414892003509527
vn -0.03435300922254929 -0.8937093916595046 -0.4473291785888257
vn 0 0.002068999933043692 0.999997859617348
vn 0 0.04217201199700579 0.999110364976825
vn -0.18402188641165337 0.032437986964265565 0.9823867478356998
vn 0 0.002068999933043692 0.999997859617348
vn -0.18402188641165337 0.032437986964265565 0.9823867478356998
vn -0.21923098215173634 0.00017199998740700443 0.9756729712771537
vn 0.18402188641165337 0.032437986964265565 0.9823867478356998
vn 0 0.04217201199700579 0.999110364976825
vn 0 0.002068999933043692 0.999997859617348
vn 0.18402188641165337 0.032437986964265565 0.9823867478356998
vn 0 0.002068999933043692 0.999997859617348
vn 0.21923098215173634 0.00017199998740700443 0.9756729712771537
vn -0.21923098215173634 0.00017199998740700443 0.9756729712771537
vn -0.18402188641165337 0.032437986964265565 0.9823867478356998
vn -0.34710899593396916 0.019688999619534502 0.9376180929545321
vn -0.21923098215173634 0.00017199998740700443 0.9756729712771537
vn -0.34710899593396916 0.019688999619534502 0.9376180929545321
vn -0.3568140543345345 0.0005819999458931166 0.9341752468918317
vn 0.34710899593396916 0.019688999619534502 0.9376180929545321
vn 0.18402188641165337 0.032437986964265565 0.9823867478356998
vn 0.21923098215173634 0.00017199998740700443 0.9756729712771537
vn 0.34710899593396916 0.019688999619534502 0.9376180929545321
vn 0.21923098215173634 0.00017199998740700443 0.9756729712771537
vn 0.3568140543345345 0.0005819999458931166 0.9341752468918317
vn -0.3568140543345345 0.0005819999458931166 0.9341752468918317
vn -0.34710899593396916 0.019688999619534502 0.9376180929545321
vn -0.5157961836216501 0 0.8567113265046407
vn -0.34710899593396916 0.019688999619534502 0.9376180929545321
vn -0.5410308243775542 0.028145987550530993 0.8405316475054047
vn -0.5157961836216501 0 0.8567113265046407
vn 0.5410308243775542 0.028145987550530993 0.8405316475054047
vn 0.34710899593396916 0.019688999619534502 0.9376180929545321
vn 0.5157961836216501 0 0.8567113265046407
vn 0.34710899593396916 0.019688999619534502 0.9376180929545321
vn 0.3568140543345345 0.0005819999458931166 0.9341752468918317
vn 0.5157961836216501 0 0.8567113265046407
vn -0.5157961836216501 0 0.8567113265046407
vn -0.5410308243775542 0.028145987550530993 0.8405316475054047
vn -0.6601741500734383 0.012033999306725943 0.7510161612345632
vn -0.5410308243775542 0.028145987550530993 0.8405316475054047
vn -0.6898855640621706 0.03679897675456979 0.722982533543126
vn -0.6601741500734383 0.012033999306725943 0.7510161612345632
vn 0.6898855640621706 0.03679897675456979 0.722982533543126
vn 0.5410308243775542 0.028145987550530993 0.8405316475054047
vn 0.6601741500734383 0.012033999306725943 0.7510161612345632
vn 0.5410308243775542 0.028145987550530993 0.8405316475054047
vn 0.5157961836216501 0 0.8567113265046407
vn 0.6601741500734383 0.012033999306725943 0.7510161612345632
vn -0.6601741500734383 0.012033999306725943 0.7510161612345632
vn -0.6898855640621706 0.03679897675456979 0.722982533543126
vn -0.7959992230739101 0.03692901107209842 0.6041700795363572
vn -0.6898855640621706 0.03679897675456979 0.722982533543126
vn -0.818120121569912 0.06572402265547525 0.5712791082548137
vn -0.7959992230739101 0.03692901107209842 0.6041700795363572
vn 0.818120121569912 0.06572402265547525 0.5712791082548137
vn 0.6898855640621706 0.03679897675456979 0.722982533543126
vn 0.7959992230739101 0.03692901107209842 0.6041700795363572
vn 0.6898855640621706 0.03679897675456979 0.722982533543126
vn 0.6601741500734383 0.012033999306725943 0.7510161612345632
vn 0.7959992230739101 0.03692901107209842 0.6041700795363572
vn -0.7959992230739101 0.03692901107209842 0.6041700795363572
vn -0.818120121569912 0.06572402265547525 0.5712791082548137
vn -0.8849162441584412 0.07208400950246223 0.46013817098624515
vn -0.818120121569912 0.06572402265547525 0.5712791082548137
vn -0.8968484347314635 0.09838305354059824 0.4312582287861321
vn -0.8849162441584412 0.07208400950246223 0.46013817098624515
vn 0.8968484347314635 0.09838305354059824 0.4312582287861321
vn 0.818120121569912 0.06572402265547525 0.5712791082548137
vn 0.8849162441584412 0.07208400950246223 0.46013817098624515
vn 0.818120121569912 0.06572402265547525 0.5712791082548137
vn 0.7959992230739101 0.03692901107209842 0.6041700795363572
vn 0.8849162441584412 0.07208400950246223 0.46013817098624515
vn -0.8849162441584412 0.07208400950246223 0.46013817098624515
vn -0.8968484347314635 0.09838305354059824 0.4312582287861321
vn -0.933924016849049 0.10734999896303811 0.34097200541272155
vn -0.8968484347314635 0.09838305354059824 0.4312582287861321
vn -0.9377647817799672 0.11521099728310949 0.3276028695817571
vn -0.933924016849049 0.10734999896303811 0.34097200541272155
vn 0.9377647817799672 0.11521099728310949 0.3276028695817571
vn 0.8968484347314635 0.09838305354059824 0.4312582287861321
vn 0.933924016849049 0.10734999896303811 0.34097200541272155
vn 0.8968484347314635 0.09838305354059824 0.4312582287861321
vn 0.8849162441584412 0.07208400950246223 0.46013817098624515
vn 0.933924016849049 0.10734999896303811 0.34097200541272155
vn -0.9377647817799672 0.11521099728310949 0.3276028695817571
vn -0.8760794189406785 0.09454705337632881 0.47280620385779265
vn -0.9166300676267936 0.09853001451164552 0.387403091576248
vn -0.9377647817799672 0.11521099728310949 0.3276028695817571
vn -0.9166300676267936 0.09853001451164552 0.387403091576248
vn -0.933924016849049 0.10734999896303811 0.34097200541272155
vn 0.9166300676267936 0.09853001451164552 0.387403091576248
vn 0.8760794189406785 0.09454705337632881 0.47280620385779265
vn 0.9377647817799672 0.11521099728310949 0.3276028695817571
vn 0.9166300676267936 0.09853001451164552 0.387403091576248
vn 0.9377647817799672 0.11521099728310949 0.3276028695817571
vn 0.933924016849049 0.10734999896303811 0.34097200541272155
vn 0 0.04217201199700579 0.999110364976825
vn 0 0.6940911402042093 0.7198871363554294
vn -0.13070809684503795 0.4966502130113251 0.8580524222534154
vn 0 0.04217201199700579 0.999110364976825
vn -0.13070809684503795 0.4966502130113251 0.8580524222534154
vn -0.18402188641165337 0.032437986964265565 0.9823867478356998
vn 0.13070809684503795 0.4966502130113251 0.8580524222534154
vn 0 0.6940911402042093 0.7198871363554294
vn 0 0.04217201199700579 0.999110364976825
vn 0.13070809684503795 0.4966502130113251 0.8580524222534154
vn 0 0.04217201199700579 0.999110364976825
vn 0.18402188641165337 0.032437986964265565 0.9823867478356998
vn -0.18402188641165337 0.032437986964265565 0.9823867478356998
vn -0.13070809684503795 0.4966502130113251 0.8580524222534154
vn -0.31680786926059507 0.4223148864962855 0.8492837633077598
vn -0.18402188641165337 0.032437986964265565 0.9823867478356998
vn -0.31680786926059507 0.4223148864962855 0.8492837633077598
vn -0.34710899593396916 0.019688999619534502 0.9376180929545321
vn 0.31680786926059507 0.4223148864962855 0.8492837633077598
vn 0.13070809684503795 0.4966502130113251 0.8580524222534154
vn 0.18402188641165337 0.032437986964265565 0.9823867478356998
vn 0.31680786926059507 0.4223148864962855 0.8492837633077598
vn 0.18402188641165337 0.032437986964265565 0.9823867478356998
vn 0.34710899593396916 0.019688999619534502 0.9376180929545321
vn -0.34710899593396916 0.019688999619534502 0.9376180929545321
vn -0.31680786926059507 0.4223148864962855 0.8492837633077598
vn -0.5410308243775542 0.028145987550530993 0.8405316475054047
vn -0.31680786926059507 0.4223148864962855 0.8492837633077598
vn -0.5229630336795814 0.3815360567938831 0.762194137192634
vn -0.5410308243775542 0.028145987550530993 0.8405316475054047
vn 0.5229630336795814 0.3815360567938831 0.762194137192634
vn 0.31680786926059507 0.4223148864962855 0.8492837633077598
vn 0.5410308243775542 0.028145987550530993 0.8405316475054047
vn 0.31680786926059507 0.4223148864962855 0.8492837633077598
vn 0.34710899593396916 0.019688999619534502 0.9376180929545321
vn 0.5410308243775542 0.028145987550530993 0.8405316475054047
vn -0.5410308243775542 0.028145987550530993 0.8405316475054047
vn -0.5229630336795814 0.3815360567938831 0.762194137192634
vn -0.6898855640621706 0.03679897675456979 0.722982533543126
vn -0.5229630336795814 0.3815360567938831 0.762194137192634
vn -0.5910181054403942 0.5494840971069413 0.5905631431677875
vn -0.6898855640621706 0.03679897675456979 0.722982533543126
vn 0.5910181054403942 0.5494840971069413 0.5905631431677875
vn 0.5229630336795814 0.3815360567938831 0.762194137192634
vn 0.6898855640621706 0.03679897675456979 0.722982533543126
vn 0.5229630336795814 0.3815360567938831 0.762194137192634
vn 0.5410308243775542 0.028145987550530993 0.8405316475054047
vn 0.6898855640621706 0.03679897675456979 0.722982533543126
vn -0.6898855640621706 0.03679897675456979 0.722982533543126
vn -0.5910181054403942 0.5494840971069413 0.5905631431677875
vn -0.818120121569912 0.06572402265547525 0.5712791082548137
vn -0.5910181054403942 0.5494840971069413 0.5905631431677875
vn -0.6608849594025724 0.5687339755762014 0.4896659427209011
vn -0.818120121569912 0.06572402265547525 0.5712791082548137
vn 0.6608849594025724 0.5687339755762014 0.4896659427209011
vn 0.5910181054403942 0.5494840971069413 0.5905631431677875
vn 0.818120121569912 0.06572402265547525 0.5712791082548137
vn 0.5910181054403942 0.5494840971069413 0.5905631431677875
vn 0.6898855640621706 0.03679897675456979 0.722982533543126
vn 0.818120121569912 0.06572402265547525 0.5712791082548137
vn -0.818120121569912 0.06572402265547525 0.5712791082548137
vn -0.6608849594025724 0.5687339755762014 0.4896659427209011
vn -0.8968484347314635 0.09838305354059824 0.4312582287861321
vn -0.6608849594025724 0.5687339755762014 0.4896659427209011
vn -0.6633018979664859 0.6297590258420308 0.4042699117230395
vn -0.8968484347314635 0.09838305354059824 0.4312582287861321
vn 0.6633018979664859 0.6297590258420308 0.4042699117230395
vn 0.6608849594025724 0.5687339755762014 0.4896659427209011
vn 0.8968484347314635 0.09838305354059824 0.4312582287861321
vn 0.6608849594025724 0.5687339755762014 0.4896659427209011
vn 0.818120121569912 0.06572402265547525 0.5712791082548137
vn 0.8968484347314635 0.09838305354059824 0.4312582287861321
vn -0.8968484347314635 0.09838305354059824 0.4312582287861321
vn -0.6633018979664859 0.6297590258420308 0.4042699117230395
vn -0.9377647817799672 0.11521099728310949 0.3276028695817571
vn -0.6633018979664859 0.6297590258420308 0.4042699117230395
vn -0.5962799798961825 0.7126839770639474 0.3695020086702143
vn -0.9377647817799672 0.11521099728310949 0.3276028695817571
vn 0.5962799798961825 0.7126839770639474 0.3695020086702143
vn 0.6633018979664859 0.6297590258420308 0.4042699117230395
vn 0.9377647817799672 0.11521099728310949 0.3276028695817571
vn 0.6633018979664859 0.6297590258420308 0.4042699117230395
vn 0.8968484347314635 0.09838305354059824 0.4312582287861321
vn 0.9377647817799672 0.11521099728310949 0.3276028695817571
vn -0.9377647817799672 0.11521099728310949 0.3276028695817571
vn -0.5962799798961825 0.7126839770639474 0.3695020086702143
vn -0.8760794189406785 0.09454705337632881 0.47280620385779265
vn -0.5962799798961825 0.7126839770639474 0.3695020086702143
vn -0.5037618338151414 0.010654999067353222 0.8637768726853484
vn -0.8760794189406785 0.09454705337632881 0.47280620385779265
vn 0.5037618338151414 0.010654999067353222 0.8637768726853484
vn 0.5962799798961825 0.7126839770639474 0.3695020086702143
vn 0.8760794189406785 0.09454705337632881 0.47280620385779265
vn 0.5962799798961825 0.7126839770639474 0.3695020086702143
vn 0.9377647817799672 0.11521099728310949 0.3276028695817571
vn 0.8760794189406785 0.09454705337632881 0.47280620385779265
vn 0 0.015889998344909863 0.9998737460062639
vn 0 -0.8524905081273387 0.522742703012478
vn -0.13429298680774432 -0.07780801321675705 0.9878822332512697
vn 0 -0.8524905081273387 0.522742703012478
vn -0.04950601488207316 -0.9519853958451725 0.30211415158513516
vn -0.13429298680774432 -0.07780801321675705 0.9878822332512697
vn 0.04950601488207316 -0.9519853958451725 0.30211415158513516
vn 0 -0.8524905081273387 0.522742703012478
vn 0.13429298680774432 -0.07780801321675705 0.9878822332512697
vn 0 -0.8524905081273387 0.522742703012478
vn 0 0.015889998344909863 0.9998737460062639
vn 0.13429298680774432 -0.07780801321675705 0.9878822332512697
vn -0.13429298680774432 -0.07780801321675705 0.9878822332512697
vn -0.04950601488207316 -0.9519853958451725 0.30211415158513516
vn -0.31110587967335473 -0.11628999654981129 0.9432336764212317
vn -0.04950601488207316 -0.9519853958451725 0.30211415158513516
vn -0.1082969947496439 -0.9602817618544185 0.25715889791716223
vn -0.31110587967335473 -0.11628999654981129 0.9432336764212317
vn 0.1082969947496439 -0.9602817618544185 0.25715889791716223
vn 0.04950601488207316 -0.9519853958451725 0.30211415158513516
vn 0.31110587967335473 -0.11628999654981129 0.9432336764212317
vn 0.04950601488207316 -0.9519853958451725 0.30211415158513516
vn 0.13429298680774432 -0.07780801321675705 0.9878822332512697
vn 0.31110587967335473 -0.11628999654981129 0.9432336764212317
vn -0.31110587967335473 -0.11628999654981129 0.9432336764212317
vn -0.1082969947496439 -0.9602817618544185 0.25715889791716223
vn -0.5242750667499588 -0.09948200030704736 0.8457180298416457
vn -0.1082969947496439 -0.9602817618544185 0.25715889791716223
vn -0.11239800153976102 -0.9846219084419455 0.13373999650818336
vn -0.5242750667499588 -0.09948200030704736 0.8457180298416457
vn 0.11239800153976102 -0.9846219084419455 0.13373999650818336
vn 0.1082969947496439 -0.9602817618544185 0.25715889791716223
vn 0.5242750667499588 -0.09948200030704736 0.8457180298416457
vn 0.1082969947496439 -0.9602817618544185 0.25715889791716223
vn 0.31110587967335473 -0.11628999654981129 0.9432336764212317
vn 0.5242750667499588 -0.09948200030704736 0.8457180298416457
vn -0.5242750667499588 -0.09948200030704736 0.8457180298416457
vn -0.11239800153976102 -0.9846219084419455 0.13373999650818336
vn -0.721729239284979 -0.07615503138193061 0.6879733398587062
vn -0.11239800153976102 -0.9846219084419455 0.13373999650818336
vn -0.128650100263183 -0.9912504648112306 0.0295240192689342
vn -0.721729239284979 -0.07615503138193061 0.6879733398587062
vn 0.128650100263183 -0.9912504648112306 0.0295240192689342
vn 0.11239800153976102 -0.9846219084419455 0.13373999650818336
vn 0.721729239284979 -0.07615503138193061 0.6879733398587062
vn 0.11239800153976102 -0.9846219084419455 0.13373999650818336
vn 0.5242750667499588 -0.09948200030704736 0.8457180298416457
vn 0.721729239284979 -0.07615503138193061 0.6879733398587062
vn -0.721729239284979 -0.07615503138193061 0.6879733398587062
vn -0.128650100263183 -0.9912504648112306 0.0295240192689342
vn -0.23242497679846674 -0.9726088741702817 0.0032569994548928127
vn -0.721729239284979 -0.07615503138193061 0.6879733398587062
vn -0.23242497679846674 -0.9726088741702817 0.0032569994548928127
vn -0.8732563188851469 -0.08771403065199161 0.47930121046576174
vn 0.23242497679846674 -0.9726088741702817 0.0032569994548928127
vn 0.128650100263183 -0.9912504648112306 0.0295240192689342
vn 0.721729239284979 -0.07615503138193061 0.6879733398587062
vn 0.23242497679846674 -0.9726088741702817 0.0032569994548928127
vn 0.721729239284979 -0.07615503138193061 0.6879733398587062
vn 0.8732563188851469 -0.08771403065199161 0.47930121046576174
vn -0.8732563188851469 -0.08771403065199161 0.47930121046576174
vn -0.23242497679846674 -0.9726088741702817 0.0032569994548928127
vn -0.34606223502981037 -0.936465420654025 -0.057214031543426455
vn -0.8732563188851469 -0.08771403065199161 0.47930121046576174
vn -0.34606223502981037 -0.936465420654025 -0.057214031543426455
vn -0.9219771694836473 -0.025856008952924583 0.3863800793932681
vn 0.34606223502981037 -0.936465420654025 -0.057214031543426455
vn 0.23242497679846674 -0.9726088741702817 0.0032569994548928127
vn 0.8732563188851469 -0.08771403065199161 0.47930121046576174
vn 0.34606223502981037 -0.936465420654025 -0.057214031543426455
vn 0.8732563188851469 -0.08771403065199161 0.47930121046576174
vn 0.9219771694836473 -0.025856008952924583 0.3863800793932681
vn -0.9219771694836473 -0.025856008952924583 0.3863800793932681
vn -0.34606223502981037 -0.936465420654025 -0.057214031543426455
vn -0.9570891407107441 -0.01645700099837927 0.2893260165483027
vn -0.34606223502981037 -0.936465420654025 -0.057214031543426455
vn -0.38356011478744007 -0.9133462160486905 -0.13667599633360802
vn -0.9570891407107441 -0.01645700099837927 0.2893260165483027
vn 0.38356011478744007 -0.9133462160486905 -0.13667599633360802
vn 0.34606223502981037 -0.936465420654025 -0.057214031543426455
vn 0.9570891407107441 -0.01645700099837927 0.2893260165483027
vn 0.34606223502981037 -0.936465420654025 -0.057214031543426455
vn 0.9219771694836473 -0.025856008952924583 0.3863800793932681
vn 0.9570891407107441 -0.01645700099837927 0.2893260165483027
vn -0.9570891407107441 -0.01645700099837927 0.2893260165483027
vn -0.38356011478744007 -0.9133462160486905 -0.13667599633360802
vn -0.6622620271875809 -0.0530910011417266 0.7473890238310736
vn -0.38356011478744007 -0.9133462160486905 -0.13667599633360802
vn -0.11221000365279117 -0.9630672175215077 -0.24476611206541957
vn -0.6622620271875809 -0.0530910011417266 0.7473890238310736
vn 0.11221000365279117 -0.9630672175215077 -0.24476611206541957
vn 0.38356011478744007 -0.9133462160486905 -0.13667599633360802
vn 0.6622620271875809 -0.0530910011417266 0.7473890238310736
vn 0.38356011478744007 -0.9133462160486905 -0.13667599633360802
vn 0.9570891407107441 -0.01645700099837927 0.2893260165483027
vn 0.6622620271875809 -0.0530910011417266 0.7473890238310736
vn 0 -0.8524905081273387 0.522742703012478
vn 0 -0.5240322227881173 -0.8516984381104293
vn -0.04950601488207316 -0.9519853958451725 0.30211415158513516
vn 0 -0.5240322227881173 -0.8516984381104293
vn 0.17519688234827205 -0.5486307027849815 -0.8175025408994782
vn -0.04950601488207316 -0.9519853958451725 0.30211415158513516
vn -0.17519688234827205 -0.5486307027849815 -0.8175025408994782
vn 0 -0.5240322227881173 -0.8516984381104293
vn 0.04950601488207316 -0.9519853958451725 0.30211415158513516
vn 0 -0.5240322227881173 -0.8516984381104293
vn 0 -0.8524905081273387 0.522742703012478
vn 0.04950601488207316 -0.9519853958451725 0.30211415158513516
vn -0.04950601488207316 -0.9519853958451725 0.30211415158513516
vn 0.17519688234827205 -0.5486307027849815 -0.8175025408994782
vn -0.1082969947496439 -0.9602817618544185 0.25715889791716223
vn 0.17519688234827205 -0.5486307027849815 -0.8175025408994782
vn 0.3284089257214723 -0.5492289049525284 -0.7684368467682396
vn -0.1082969947496439 -0.9602817618544185 0.25715889791716223
vn -0.3284089257214723 -0.5492289049525284 -0.7684368467682396
vn -0.17519688234827205 -0.5486307027849815 -0.8175025408994782
vn 0.1082969947496439 -0.9602817618544185 0.25715889791716223
vn -0.17519688234827205 -0.5486307027849815 -0.8175025408994782
vn 0.04950601488207316 -0.9519853958451725 0.30211415158513516
vn 0.1082969947496439 -0.9602817618544185 0.25715889791716223
vn -0.11239800153976102 -0.9846219084419455 0.13373999650818336
vn -0.1082969947496439 -0.9602817618544185 0.25715889791716223
vn 0.3284089257214723 -0.5492289049525284 -0.7684368467682396
vn -0.11239800153976102 -0.9846219084419455 0.13373999650818336
vn 0.3284089257214723 -0.5492289049525284 -0.7684368467682396
vn 0.5189518808820892 -0.4319808681501719 -0.7376187869632698
vn -0.3284089257214723 -0.5492289049525284 -0.7684368467682396
vn 0.1082969947496439 -0.9602817618544185 0.25715889791716223
vn 0.11239800153976102 -0.9846219084419455 0.13373999650818336
vn -0.3284089257214723 -0.5492289049525284 -0.7684368467682396
vn 0.11239800153976102 -0.9846219084419455 0.13373999650818336
vn -0.5189518808820892 -0.4319808681501719 -0.7376187869632698
vn -0.11239800153976102 -0.9846219084419455 0.13373999650818336
vn 0.5189518808820892 -0.4319808681501719 -0.7376187869632698
vn 0.565471133436142 -0.5907051779584087 -0.5755951615359267
vn -0.11239800153976102 -0.9846219084419455 0.13373999650818336
vn 0.565471133436142 -0.5907051779584087 -0.5755951615359267
vn -0.128650100263183 -0.9912504648112306 0.0295240192689342
vn -0.565471133436142 -0.5907051779584087 -0.5755951615359267
vn -0.5189518808820892 -0.4319808681501719 -0.7376187869632698
vn 0.11239800153976102 -0.9846219084419455 0.13373999650818336
vn -0.565471133436142 -0.5907051779584087 -0.5755951615359267
vn 0.11239800153976102 -0.9846219084419455 0.13373999650818336
vn 0.128650100263183 -0.9912504648112306 0.0295240192689342
vn -0.23242497679846674 -0.9726088741702817 0.0032569994548928127
vn 0.6431973811949843 -0.5911282517296417 -0.48668729059938626
vn 0.6374887369341644 -0.6593837288174281 -0.3985237865584788
vn -0.23242497679846674 -0.9726088741702817 0.0032569994548928127
vn 0.6374887369341644 -0.6593837288174281 -0.3985237865584788
vn -0.34606223502981037 -0.936465420654025 -0.057214031543426455
vn -0.637489159440411 -0.6593831382258123 -0.3985240878785591
vn -0.6431973811949843 -0.5911282517296417 -0.48668729059938626
vn 0.23242497679846674 -0.9726088741702817 0.0032569994548928127
vn -0.637489159440411 -0.6593831382258123 -0.3985240878785591
vn 0.23242497679846674 -0.9726088741702817 0.0032569994548928127
vn 0.34606223502981037 -0.936465420654025 -0.057214031543426455
vn -0.128650100263183 -0.9912504648112306 0.0295240192689342
vn 0.565471133436142 -0.5907051779584087 -0.5755951615359267
vn 0.6431973811949843 -0.5911282517296417 -0.48668729059938626
vn -0.128650100263183 -0.9912504648112306 0.0295240192689342
vn 0.6431973811949843 -0.5911282517296417 -0.48668729059938626
vn -0.23242497679846674 -0.9726088741702817 0.0032569994548928127
vn -0.6431973811949843 -0.5911282517296417 -0.48668729059938626
vn -0.565471133436142 -0.5907051779584087 -0.5755951615359267
vn 0.128650100263183 -0.9912504648112306 0.0295240192689342
vn -0.6431973811949843 -0.5911282517296417 -0.48668729059938626
vn 0.128650100263183 -0.9912504648112306 0.0295240192689342
vn 0.23242497679846674 -0.9726088741702817 0.0032569994548928127
vn -0.34606223502981037 -0.936465420654025 -0.057214031543426455
vn 0.6374887369341644 -0.6593837288174281 -0.3985237865584788
vn 0.5969310579712072 -0.7166401360148329 -0.3606940912768287
vn -0.34606223502981037 -0.936465420654025 -0.057214031543426455
vn 0.5969310579712072 -0.7166401360148329 -0.3606940912768287
vn -0.38356011478744007 -0.9133462160486905 -0.13667599633360802
vn -0.5969310579712072 -0.7166401360148329 -0.3606940912768287
vn -0.637489159440411 -0.6593831382258123 -0.3985240878785591
vn 0.34606223502981037 -0.936465420654025 -0.057214031543426455
vn -0.5969310579712072 -0.7166401360148329 -0.3606940912768287
vn 0.34606223502981037 -0.936465420654025 -0.057214031543426455
vn 0.38356011478744007 -0.9133462160486905 -0.13667599633360802
vn -0.38356011478744007 -0.9133462160486905 -0.13667599633360802
vn 0.5969310579712072 -0.7166401360148329 -0.3606940912768287
vn -0.11221000365279117 -0.9630672175215077 -0.24476611206541957
vn 0.5969310579712072 -0.7166401360148329 -0.3606940912768287
vn 0.6129761111652251 -0.7068841196072906 -0.3529520202347383
vn -0.11221000365279117 -0.9630672175215077 -0.24476611206541957
vn -0.6129761111652251 -0.7068841196072906 -0.3529520202347383
vn -0.5969310579712072 -0.7166401360148329 -0.3606940912768287
vn 0.11221000365279117 -0.9630672175215077 -0.24476611206541957
vn -0.5969310579712072 -0.7166401360148329 -0.3606940912768287
vn 0.38356011478744007 -0.9133462160486905 -0.13667599633360802
vn 0.11221000365279117 -0.9630672175215077 -0.24476611206541957
vn 0.35019398580070493 -0.02356099952949085 -0.9363808261653946
vn 0.5359448044033255 -0.025172989108722982 -0.84387764945661
vn 0.3284089257214723 -0.5492289049525284 -0.7684368467682396
vn 0.5359448044033255 -0.025172989108722982 -0.84387764945661
vn 0.5189518808820892 -0.4319808681501719 -0.7376187869632698
vn 0.3284089257214723 -0.5492289049525284 -0.7684368467682396
vn -0.5189518808820892 -0.4319808681501719 -0.7376187869632698
vn -0.5359448044033255 -0.025172989108722982 -0.84387764945661
vn -0.3284089257214723 -0.5492289049525284 -0.7684368467682396
vn -0.5359448044033255 -0.025172989108722982 -0.84387764945661
vn -0.35019398580070493 -0.02356099952949085 -0.9363808261653946
vn -0.3284089257214723 -0.5492289049525284 -0.7684368467682396
vn 0.5359448044033255 -0.025172989108722982 -0.84387764945661
vn 0.6909019436095705 -0.040055998163018754 -0.7218379467218956
vn 0.5189518808820892 -0.4319808681501719 -0.7376187869632698
vn 0.6909019436095705 -0.040055998163018754 -0.7218379467218956
vn 0.565471133436142 -0.5907051779584087 -0.5755951615359267
vn 0.5189518808820892 -0.4319808681501719 -0.7376187869632698
vn -0.565471133436142 -0.5907051779584087 -0.5755951615359267
vn -0.6909019436095705 -0.040055998163018754 -0.7218379467218956
vn -0.5189518808820892 -0.4319808681501719 -0.7376187869632698
vn -0.6909019436095705 -0.040055998163018754 -0.7218379467218956
vn -0.5359448044033255 -0.025172989108722982 -0.84387764945661
vn -0.5189518808820892 -0.4319808681501719 -0.7376187869632698
vn 0.32242688430751665 -0.010968999901152014 -0.9465308158305866
vn 0.4987953117194763 -0.005634002977402477 -0.8667015028353886
vn 0.35019398580070493 -0.02356099952949085 -0.9363808261653946
vn 0.4987953117194763 -0.005634002977402477 -0.8667015028353886
vn 0.5359448044033255 -0.025172989108722982 -0.84387764945661
vn 0.35019398580070493 -0.02356099952949085 -0.9363808261653946
vn -0.5359448044033255 -0.025172989108722982 -0.84387764945661
vn -0.4987953117194763 -0.005634002977402477 -0.8667015028353886
vn -0.35019398580070493 -0.02356099952949085 -0.9363808261653946
vn -0.4987953117194763 -0.005634002977402477 -0.8667015028353886
vn -0.32242688430751665 -0.010968999901152014 -0.9465308158305866
vn -0.35019398580070493 -0.02356099952949085 -0.9363808261653946
vn 0.4987953117194763 -0.005634002977402477 -0.8667015028353886
vn 0.6579059852295249 -0.013222999657404802 -0.752983975180899
vn 0.5359448044033255 -0.025172989108722982 -0.84387764945661
vn 0.6579059852295249 -0.013222999657404802 -0.752983975180899
vn 0.6909019436095705 -0.040055998163018754 -0.7218379467218956
vn 0.5359448044033255 -0.025172989108722982 -0.84387764945661
vn -0.6909019436095705 -0.040055998163018754 -0.7218379467218956
vn -0.6579059852295249 -0.013222999657404802 -0.752983975180899
vn -0.5359448044033255 -0.025172989108722982 -0.84387764945661
vn -0.6579059852295249 -0.013222999657404802 -0.752983975180899
vn -0.4987953117194763 -0.005634002977402477 -0.8667015028353886
vn -0.5359448044033255 -0.025172989108722982 -0.84387764945661
vn 0 -0.01018700030938482 -0.9999481111661228
vn 0.17556910512553484 -0.015991010041191543 -0.9843372272363172
vn 0.16536397808416928 -0.027725997602056206 -0.9858427987306847
vn 0 -0.01018700030938482 -0.9999481111661228
vn 0.16536397808416928 -0.027725997602056206 -0.9858427987306847
vn 0 -0.030555001437421344 -0.9995330869396765
vn -0.16536397808416928 -0.027725997602056206 -0.9858427987306847
vn -0.17556810661965344 -0.015991010029527224 -0.9843374053322498
vn 0 -0.01018700030938482 -0.9999481111661228
vn -0.16536397808416928 -0.027725997602056206 -0.9858427987306847
vn 0 -0.01018700030938482 -0.9999481111661228
vn 0 -0.030555001437421344 -0.9995330869396765
vn 0 -0.030555001437421344 -0.9995330869396765
vn 0.16536397808416928 -0.027725997602056206 -0.9858427987306847
vn 0 -0.5240322227881173 -0.8516984381104293
vn 0.16536397808416928 -0.027725997602056206 -0.9858427987306847
vn 0.17519688234827205 -0.5486307027849815 -0.8175025408994782
vn 0 -0.5240322227881173 -0.8516984381104293
vn -0.17519688234827205 -0.5486307027849815 -0.8175025408994782
vn -0.16536397808416928 -0.027725997602056206 -0.9858427987306847
vn 0 -0.5240322227881173 -0.8516984381104293
vn -0.16536397808416928 -0.027725997602056206 -0.9858427987306847
vn 0 -0.030555001437421344 -0.9995330869396765
vn 0 -0.5240322227881173 -0.8516984381104293
vn 0.16536397808416928 -0.027725997602056206 -0.9858427987306847
vn 0.17556910512553484 -0.015991010041191543 -0.9843372272363172
vn 0.32242688430751665 -0.010968999901152014 -0.9465308158305866
vn 0.16536397808416928 -0.027725997602056206 -0.9858427987306847
vn 0.32242688430751665 -0.010968999901152014 -0.9465308158305866
vn 0.35019398580070493 -0.02356099952949085 -0.9363808261653946
vn -0.32242688430751665 -0.010968999901152014 -0.9465308158305866
vn -0.17556810661965344 -0.015991010029527224 -0.9843374053322498
vn -0.16536397808416928 -0.027725997602056206 -0.9858427987306847
vn -0.32242688430751665 -0.010968999901152014 -0.9465308158305866
vn -0.16536397808416928 -0.027725997602056206 -0.9858427987306847
vn -0.35019398580070493 -0.02356099952949085 -0.9363808261653946
vn 0.17519688234827205 -0.5486307027849815 -0.8175025408994782
vn 0.16536397808416928 -0.027725997602056206 -0.9858427987306847
vn 0.35019398580070493 -0.02356099952949085 -0.9363808261653946
vn 0.17519688234827205 -0.5486307027849815 -0.8175025408994782
vn 0.35019398580070493 -0.02356099952949085 -0.9363808261653946
vn 0.3284089257214723 -0.5492289049525284 -0.7684368467682396
vn -0.35019398580070493 -0.02356099952949085 -0.9363808261653946
vn -0.16536397808416928 -0.027725997602056206 -0.9858427987306847
vn -0.17519688234827205 -0.5486307027849815 -0.8175025408994782
vn -0.35019398580070493 -0.02356099952949085 -0.9363808261653946
vn -0.17519688234827205 -0.5486307027849815 -0.8175025408994782
vn -0.3284089257214723 -0.5492289049525284 -0.7684368467682396
vn 0.6909019436095705 -0.040055998163018754 -0.7218379467218956
vn 0.6579059852295249 -0.013222999657404802 -0.752983975180899
vn 0.7933542118063069 -0.03677901618997172 -0.6076482523444722
vn 0.6909019436095705 -0.040055998163018754 -0.7218379467218956
vn 0.7933542118063069 -0.03677901618997172 -0.6076482523444722
vn 0.8156719418176303 -0.06276399804136548 -0.5750999599037716
vn -0.7933542118063069 -0.03677901618997172 -0.6076482523444722
vn -0.6579059852295249 -0.013222999657404802 -0.752983975180899
vn -0.6909019436095705 -0.040055998163018754 -0.7218379467218956
vn -0.7933542118063069 -0.03677901618997172 -0.6076482523444722
vn -0.6909019436095705 -0.040055998163018754 -0.7218379467218956
vn -0.8156719418176303 -0.06276399804136548 -0.5750999599037716
vn 0.565471133436142 -0.5907051779584087 -0.5755951615359267
vn 0.6909019436095705 -0.040055998163018754 -0.7218379467218956
vn 0.8156719418176303 -0.06276399804136548 -0.5750999599037716
vn 0.565471133436142 -0.5907051779584087 -0.5755951615359267
vn 0.8156719418176303 -0.06276399804136548 -0.5750999599037716
vn 0.6431973811949843 -0.5911282517296417 -0.48668729059938626
vn -0.8156719418176303 -0.06276399804136548 -0.5750999599037716
vn -0.6909019436095705 -0.040055998163018754 -0.7218379467218956
vn -0.565471133436142 -0.5907051779584087 -0.5755951615359267
vn -0.8156719418176303 -0.06276399804136548 -0.5750999599037716
vn -0.565471133436142 -0.5907051779584087 -0.5755951615359267
vn -0.6431973811949843 -0.5911282517296417 -0.48668729059938626
vn 0.6431973811949843 -0.5911282517296417 -0.48668729059938626
vn 0.8156719418176303 -0.06276399804136548 -0.5750999599037716
vn 0.8938205232159032 -0.08714994778421586 -0.4398747081604686
vn 0.6431973811949843 -0.5911282517296417 -0.48668729059938626
vn 0.8938205232159032 -0.08714994778421586 -0.4398747081604686
vn 0.6374887369341644 -0.6593837288174281 -0.3985237865584788
vn -0.8938205232159032 -0.08714994778421586 -0.4398747081604686
vn -0.8156719418176303 -0.06276399804136548 -0.5750999599037716
vn -0.6431973811949843 -0.5911282517296417 -0.48668729059938626
vn -0.8938205232159032 -0.08714994778421586 -0.4398747081604686
vn -0.6431973811949843 -0.5911282517296417 -0.48668729059938626
vn -0.637489159440411 -0.6593831382258123 -0.3985240878785591
vn 0.8156719418176303 -0.06276399804136548 -0.5750999599037716
vn 0.7933542118063069 -0.03677901618997172 -0.6076482523444722
vn 0.8805223655049599 -0.06364603305688339 -0.4697121952022027
vn 0.8156719418176303 -0.06276399804136548 -0.5750999599037716
vn 0.8805223655049599 -0.06364603305688339 -0.4697121952022027
vn 0.8938205232159032 -0.08714994778421586 -0.4398747081604686
vn -0.8805223655049599 -0.06364603305688339 -0.4697121952022027
vn -0.7933542118063069 -0.03677901618997172 -0.6076482523444722
vn -0.8156719418176303 -0.06276399804136548 -0.5750999599037716
vn -0.8805223655049599 -0.06364603305688339 -0.4697121952022027
vn -0.8156719418176303 -0.06276399804136548 -0.5750999599037716
vn -0.8938205232159032 -0.08714994778421586 -0.4398747081604686
vn 0.8938205232159032 -0.08714994778421586 -0.4398747081604686
vn 0.8805223655049599 -0.06364603305688339 -0.4697121952022027
vn 0.9348183678184824 -0.09759303726841201 -0.3414530981934634
vn 0.8938205232159032 -0.08714994778421586 -0.4398747081604686
vn 0.9348183678184824 -0.09759303726841201 -0.3414530981934634
vn 0.939182954325483 -0.11069999092662369 -0.3250859737258798
vn -0.9348183678184824 -0.09759303726841201 -0.3414530981934634
vn -0.8805223655049599 -0.06364603305688339 -0.4697121952022027
vn -0.8938205232159032 -0.08714994778421586 -0.4398747081604686
vn -0.9348183678184824 -0.09759303726841201 -0.3414530981934634
vn -0.8938205232159032 -0.08714994778421586 -0.4398747081604686
vn -0.939182954325483 -0.11069999092662369 -0.3250859737258798
vn 0.6374887369341644 -0.6593837288174281 -0.3985237865584788
vn 0.8938205232159032 -0.08714994778421586 -0.4398747081604686
vn 0.939182954325483 -0.11069999092662369 -0.3250859737258798
vn 0.6374887369341644 -0.6593837288174281 -0.3985237865584788
vn 0.939182954325483 -0.11069999092662369 -0.3250859737258798
vn 0.5969310579712072 -0.7166401360148329 -0.3606940912768287
vn -0.939182954325483 -0.11069999092662369 -0.3250859737258798
vn -0.8938205232159032 -0.08714994778421586 -0.4398747081604686
vn -0.637489159440411 -0.6593831382258123 -0.3985240878785591
vn -0.939182954325483 -0.11069999092662369 -0.3250859737258798
vn -0.637489159440411 -0.6593831382258123 -0.3985240878785591
vn -0.5969310579712072 -0.7166401360148329 -0.3606940912768287
vn 0.950952752322739 -0.12194198909828377 -0.2842868518671973
vn 0.6129761111652251 -0.7068841196072906 -0.3529520202347383
vn 0.5969310579712072 -0.7166401360148329 -0.3606940912768287
vn 0.950952752322739 -0.12194198909828377 -0.2842868518671973
vn 0.5969310579712072 -0.7166401360148329 -0.3606940912768287
vn 0.939182954325483 -0.11069999092662369 -0.3250859737258798
vn -0.5969310579712072 -0.7166401360148329 -0.3606940912768287
vn -0.6129761111652251 -0.7068841196072906 -0.3529520202347383
vn -0.950952752322739 -0.12194198909828377 -0.2842868518671973
vn -0.5969310579712072 -0.7166401360148329 -0.3606940912768287
vn -0.950952752322739 -0.12194198909828377 -0.2842868518671973
vn -0.939182954325483 -0.11069999092662369 -0.3250859737258798
vn 0.939182954325483 -0.11069999092662369 -0.3250859737258798
vn 0.9348183678184824 -0.09759303726841201 -0.3414530981934634
vn 0.952042293551703 -0.11410100155925781 -0.28389510867922213
vn 0.939182954325483 -0.11069999092662369 -0.3250859737258798
vn 0.952042293551703 -0.11410100155925781 -0.28389510867922213
vn 0.950952752322739 -0.12194198909828377 -0.2842868518671973
vn -0.952042293551703 -0.11410100155925781 -0.28389510867922213
vn -0.9348183678184824 -0.09759303726841201 -0.3414530981934634
vn -0.939182954325483 -0.11069999092662369 -0.3250859737258798
vn -0.952042293551703 -0.11410100155925781 -0.28389510867922213
vn -0.939182954325483 -0.11069999092662369 -0.3250859737258798
vn -0.950952752322739 -0.12194198909828377 -0.2842868518671973
f 1/1/1 2/2/2 3/3/3
f 4/4/4 5/5/5 6/6/6
f 7/7/7 8/8/8 9/9/9
f 10/10/10 11/11/11 12/12/12
f 13/13/13 14/14/14 15/15/15
f 16/16/16 17/17/17 18/18/18
f 19/19/19 20/20/20 21/21/21
f 22/22/22 23/23/23 24/24/24
f 25/25/25 26/26/26 27/27/27
f 28/28/28 29/29/29 30/30/30
f 31/31/31 32/32/32 33/33/33
f 34/34/34 35/35/35 36/36/36
f 37/37/37 38/38/38 39/39/39
f 40/40/40 41/41/41 42/42/42
f 43/43/43 44/44/44 45/45/45
f 46/46/46 47/47/47 48/48/48
f 49/49/49 50/50/50 51/51/51
f 52/52/52 53/53/53 54/54/54
f 55/55/55 56/56/56 57/57/57
f 58/58/58 59/59/59 60/60/60
f 61/61/61 62/62/62 63/63/63
f 64/64/64 65/65/65 66/66/66
f 67/67/67 68/68/68 69/69/69
f 70/70/70 71/71/71 72/72/72
f 73/73/73 74/74/74 75/75/75
f 76/76/76 77/77/77 78/78/78
f 79/79/79 80/80/80 81/81/81
f 82/82/82 83/83/83 84/84/84
f 85/85/85 86/86/86 87/87/87
f 88/88/88 89/89/89 90/90/90
f 91/91/91 92/92/92 93/93/93
f 94/94/94 95/95/95 96/96/96
f 97/97/97 98/98/98 99/99/99
f 100/100/100 101/101/101 102/102/102
f 103/103/103 104/104/104 105/105/105
f 106/106/106 107/107/107 108/108/108
f 109/109/109 110/110/110 111/111/111
f 112/112/112 113/113/113 114/114/114
f 115/115/115 116/116/116 117/117/117
f 118/118/118 119/119/119 120/120/120
f 121/121/121 122/122/122 123/123/123
f 124/124/124 125/125/125 126/126/126
f 127/127/127 128/128/128 129/129/129
f 130/130/130 131/131/131 132/132/132
f 133/133/133 134/134/134 135/135/135
f 136/136/136 137/137/137 138/138/138
f 139/139/139 140/140/140 141/141/141
f 142/142/142 143/143/143 144/144/144
f 145/145/145 146/146/146 147/147/147
f 148/148/148 149/149/149 150/150/150
f 151/151/151 152/152/152 153/153/153
f 154/154/154 155/155/155 156/156/156
f 157/157/157 158/158/158 159/159/159
f 160/160/160 161/161/161 162/162/162
f 163/163/163 164/164/164 165/165/165
f 166/166/166 167/167/167 168/168/168
f 169/169/169 170/170/170 171/171/171
f 172/172/172 173/173/173 174/174/174
f 175/175/175 176/176/176 177/177/177
f 178/178/178 179/179/179 180/180/180
f 181/181/181 182/182/182 183/183/183
f 184/184/184 185/185/185 186/186/186
f 187/187/187 188/188/188 189/189/189
f 190/190/190 191/191/191 192/192/192
f 193/193/193 194/194/194 195/195/195
f 196/196/196 197/197/197 198/198/198
f 199/199/199 200/200/200 201/201/201
f 202/202/202 203/203/203 204/204/204
f 205/205/205 206/206/206 207/207/207
f 208/208/208 209/209/209 210/210/210
f 211/211/211 212/212/212 213/213/213
f 214/214/214 215/215/215 216/216/216
f 217/217/217 218/218/218 219/219/219
f 220/220/220 221/221/221 222/222/222
f 223/223/223 224/224/224 225/225/225
f 226/226/226 227/227/227 228/228/228
f 229/229/229 230/230/230 231/231/231
f 232/232/232 233/233/233 234/234/234
f 235/235/235 236/236/236 237/237/237
f 238/238/238 239/239/239 240/240/240
f 241/241/241 242/242/242 243/243/243
f 244/244/244 245/245/245 246/246/246
f 247/247/247 248/248/248 249/249/249
f 250/250/250 251/251/251 252/252/252
f 253/253/253 254/254/254 255/255/255
f 256/256/256 257/257/257 258/258/258
f 259/259/259 260/260/260 261/261/261
f 262/262/262 263/263/263 264/264/264
f 265/265/265 266/266/266 267/267/267
f 268/268/268 269/269/269 270/270/270
f 271/271/271 272/272/272 273/273/273
f 274/274/274 275/275/275 276/276/276
f 277/277/277 278/278/278 279/279/279
f 280/280/280 281/281/281 282/282/282
f 283/283/283 284/284/284 285/285/285
f 286/286/286 287/287/287 288/288/288
f 289/289/289 290/290/290 291/291/291
f 292/292/292 293/293/293 294/294/294
f 295/295/295 296/296/296 297/297/297
f 298/298/298 299/299/299 300/300/300
f 301/301/301 302/302/302 303/303/303
f 304/304/304 305/305/305 306/306/306
f 307/307/307 308/308/308 309/309/309
f 310/310/310 311/311/311 312/312/312
f 313/313/313 314/314/314 315/315/315
f 316/316/316 317/317/317 318/318/318
f 319/319/319 320/320/320 321/321/321
f 322/322/322 323/323/323 324/324/324
f 325/325/325 326/326/326 327/327/327
f 328/328/328 329/329/329 330/330/330
f 331/331/331 332/332/332 333/333/333
f 334/334/334 335/335/335 336/336/336
f 337/337/337 338/338/338 339/339/339
f 340/340/340 341/341/341 342/342/342
f 343/343/343 344/344/344 345/345/345
f 346/346/346 347/347/347 348/348/348
f 349/349/349 350/350/350 351/351/351
f 352/352/352 353/353/353 354/354/354
f 355/355/355 356/356/356 357/357/357
f 358/358/358 359/359/359 360/360/360
f 361/361/361 362/362/362 363/363/363
f 364/364/364 365/365/365 366/366/366
f 367/367/367 368/368/368 369/369/369
f 370/370/370 371/371/371 372/372/372
f 373/373/373 374/374/374 375/375/375
f 376/376/376 377/377/377 378/378/378
f 379/379/379 380/380/380 381/381/381
f 382/382/382 383/383/383 384/384/384
f 385/385/385 386/386/386 387/387/387
f 388/388/388 389/389/389 390/390/390
f 391/391/391 392/392/392 393/393/393
f 394/394/394 395/395/395 396/396/396
f 397/397/397 398/398/398 399/399/399
f 400/400/400 401/401/401 402/402/402
f 403/403/403 404/404/404 405/405/405
f 406/406/406 407/407/407 408/408/408
f 409/409/409 410/410/410 411/411/411
f 412/412/412 413/413/413 414/414/414
f 415/415/415 416/416/416 417/417/417
f 418/418/418 419/419/419 420/420/420
f 421/421/421 422/422/422 423/423/423
f 424/424/424 425/425/425 426/426/426
f 427/427/427 428/428/428 429/429/429
f 430/430/430 431/431/431 432/432/432
f 433/433/433 434/434/434 435/435/435
f 436/436/436 437/437/437 438/438/438
f 439/439/439 440/440/440 441/441/441
f 442/442/442 443/443/443 444/444/444
f 445/445/445 446/446/446 447/447/447
f 448/448/448 449/449/449 450/450/450
f 451/451/451 452/452/452 453/453/453
f 454/454/454 455/455/455 456/456/456
f 457/457/457 458/458/458 459/459/459
f 460/460/460 461/461/461 462/462/462
f 463/463/463 464/464/464 465/465/465
f 466/466/466 467/467/467 468/468/468
f 469/469/469 470/470/470 471/471/471
f 472/472/472 473/473/473 474/474/474
f 475/475/475 476/476/476 477/477/477
f 478/478/478 479/479/479 480/480/480
f 481/481/481 482/482/482 483/483/483
f 484/484/484 485/485/485 486/486/486
f 487/487/487 488/488/488 489/489/489
f 490/490/490 491/491/491 492/492/492
f 493/493/493 494/494/494 495/495/495
f 496/496/496 497/497/497 498/498/498
f 499/499/499 500/500/500 501/501/501
f 502/502/502 503/503/503 504/504/504
f 505/505/505 506/506/506 507/507/507
f 508/508/508 509/509/509 510/510/510
f 511/511/511 512/512/512 513/513/513
f 514/514/514 515/515/515 516/516/516
f 517/517/517 518/518/518 519/519/519
f 520/520/520 521/521/521 522/522/522
f 523/523/523 524/524/524 525/525/525
f 526/526/526 527/527/527 528/528/528
f 529/529/529 530/530/530 531/531/531
f 532/532/532 533/533/533 534/534/534
f 535/535/535 536/536/536 537/537/537
f 538/538/538 539/539/539 540/540/540
f 541/541/541 542/542/542 543/543/543
f 544/544/544 545/545/545 546/546/546
f 547/547/547 548/548/548 549/549/549
f 550/550/550 551/551/551 552/552/552
f 553/553/553 554/554/554 555/555/555
f 556/556/556 557/557/557 558/558/558
f 559/559/559 560/560/560 561/561/561
f 562/562/562 563/563/563 564/564/564
f 565/565/565 566/566/566 567/567/567
f 568/568/568 569/569/569 570/570/570
f 571/571/571 572/572/572 573/573/573
f 574/574/574 575/575/575 576/576/576
f 577/577/577 578/578/578 579/579/579
f 580/580/580 581/581/581 582/582/582
f 583/583/583 584/584/584 585/585/585
f 586/586/586 587/587/587 588/588/588
f 589/589/589 590/590/590 591/591/591
f 592/592/592 593/593/593 594/594/594
f 595/595/595 596/596/596 597/597/597
f 598/598/598 599/599/599 600/600/600
f 601/601/601 602/602/602 603/603/603
f 604/604/604 605/605/605 606/606/606
f 607/607/607 608/608/608 609/609/609
f 610/610/610 611/611/611 612/612/612
f 613/613/613 614/614/614 615/615/615
f 616/616/616 617/617/617 618/618/618
f 619/619/619 620/620/620 621/621/621
f 622/622/622 623/623/623 624/624/624
f 625/625/625 626/626/626 627/627/627
f 628/628/628 629/629/629 630/630/630
f 631/631/631 632/632/632 633/633/633
f 634/634/634 635/635/635 636/636/636
f 637/637/637 638/638/638 639/639/639
f 640/640/640 641/641/641 642/642/642
f 643/643/643 644/644/644 645/645/645
f 646/646/646 647/647/647 648/648/648
f 649/649/649 650/650/650 651/651/651
f 652/652/652 653/653/653 654/654/654
f 655/655/655 656/656/656 657/657/657
f 658/658/658 659/659/659 660/660/660
f 661/661/661 662/662/662 663/663/663
f 664/664/664 665/665/665 666/666/666
f 667/667/667 668/668/668 669/669/669
f 670/670/670 671/671/671 672/672/672
f 673/673/673 674/674/674 675/675/675
f 676/676/676 677/677/677 678/678/678
f 679/679/679 680/680/680 681/681/681
f 682/682/682 683/683/683 684/684/684
f 685/685/685 686/686/686 687/687/687
f 688/688/688 689/689/689 690/690/690
f 691/691/691 692/692/692 693/693/693
f 694/694/694 695/695/695 696/696/696
f 697/697/697 698/698/698 699/699/699
f 700/700/700 701/701/701 702/702/702
f 703/703/703 704/704/704 705/705/705
f 706/706/706 707/707/707 708/708/708
f 709/709/709 710/710/710 711/711/711
f 712/712/712 713/713/713 714/714/714
f 715/715/715 716/716/716 717/717/717
f 718/718/718 719/719/719 720/720/720
f 721/721/721 722/722/722 723/723/723
f 724/724/724 725/725/725 726/726/726
f 727/727/727 728/728/728 729/729/729
f 730/730/730 731/731/731 732/732/732
f 733/733/733 734/734/734 735/735/735
f 736/736/736 737/737/737 738/738/738
f 739/739/739 740/740/740 741/741/741
f 742/742/742 743/743/743 744/744/744
f 745/745/745 746/746/746 747/747/747
f 748/748/748 749/749/749 750/750/750
f 751/751/751 752/752/752 753/753/753
f 754/754/754 755/755/755 756/756/756
f 757/757/757 758/758/758 759/759/759
f 760/760/760 761/761/761 762/762/762
f 763/763/763 764/764/764 765/765/765
f 766/766/766 767/767/767 768/768/768
f 769/769/769 770/770/770 771/771/771
f 772/772/772 773/773/773 774/774/774
f 775/775/775 776/776/776 777/777/777
f 778/778/778 779/779/779 780/780/780
f 781/781/781 782/782/782 783/783/783
f 784/784/784 785/785/785 786/786/786
f 787/787/787 788/788/788 789/789/789
f 790/790/790 791/791/791 792/792/792
f 793/793/793 794/794/794 795/795/795
f 796/796/796 797/797/797 798/798/798
f 799/799/799 800/800/800 801/801/801
f 802/802/802 803/803/803 804/804/804
f 805/805/805 806/806/806 807/807/807
f 808/808/808 809/809/809 810/810/810
f 811/811/811 812/812/812 813/813/813
f 814/814/814 815/815/815 816/816/816
f 817/817/817 818/818/818 819/819/819
f 820/820/820 821/821/821 822/822/822
f 823/823/823 824/824/824 825/825/825
f 826/826/826 827/827/827 828/828/828
f 829/829/829 830/830/830 831/831/831
f 832/832/832 833/833/833 834/834/834
f 835/835/835 836/836/836 837/837/837
f 838/838/838 839/839/839 840/840/840
f 841/841/841 842/842/842 843/843/843
f 844/844/844 845/845/845 846/846/846
f 847/847/847 848/848/848 849/849/849
f 850/850/850 851/851/851 852/852/852
f 853/853/853 854/854/854 855/855/855
f 856/856/856 857/857/857 858/858/858
f 859/859/859 860/860/860 861/861/861
f 862/862/862 863/863/863 864/864/864
f 865/865/865 866/866/866 867/867/867
f 868/868/868 869/869/869 870/870/870
f 871/871/871 872/872/872 873/873/873
f 874/874/874 875/875/875 876/876/876
f 877/877/877 878/878/878 879/879/879
f 880/880/880 881/881/881 882/882/882
f 883/883/883 884/884/884 885/885/885
f 886/886/886 887/887/887 888/888/888
f 889/889/889 890/890/890 891/891/891
f 892/892/892 893/893/893 894/894/894
f 895/895/895 896/896/896 897/897/897
f 898/898/898 899/899/899 900/900/900
f 901/901/901 902/902/902 903/903/903
f 904/904/904 905/905/905 906/906/906
f 907/907/907 908/908/908 909/909/909
f 910/910/910 911/911/911 912/912/912
f 913/913/913 914/914/914 915/915/915
f 916/916/916 917/917/917 918/918/918
f 919/919/919 920/920/920 921/921/921
f 922/922/922 923/923/923 924/924/924
f 925/925/925 926/926/926 927/927/927
f 928/928/928 929/929/929 930/930/930
f 931/931/931 932/932/932 933/933/933
f 934/934/934 935/935/935 936/936/936
f 937/937/937 938/938/938 939/939/939
f 940/940/940 941/941/941 942/942/942
f 943/943/943 944/944/944 945/945/945
f 946/946/946 947/947/947 948/948/948
f 949/949/949 950/950/950 951/951/951
f 952/952/952 953/953/953 954/954/954
f 955/955/955 956/956/956 957/957/957
f 958/958/958 959/959/959 960/960/960
f 961/961/961 962/962/962 963/963/963
f 964/964/964 965/965/965 966/966/966
f 967/967/967 968/968/968 969/969/969
f 970/970/970 971/971/971 972/972/972
f 973/973/973 974/974/974 975/975/975
f 976/976/976 977/977/977 978/978/978
f 979/979/979 980/980/980 981/981/981
f 982/982/982 983/983/983 984/984/984
f 985/985/985 986/986/986 987/987/987
f 988/988/988 989/989/989 990/990/990
f 991/991/991 992/992/992 993/993/993
f 994/994/994 995/995/995 996/996/996
f 997/997/997 998/998/998 999/999/999
f 1000/1000/1000 1001/1001/1001 1002/1002/1002
f 1003/1003/1003 1004/1004/1004 1005/1005/1005
f 1006/1006/1006 1007/1007/1007 1008/1008/1008
f 1009/1009/1009 1010/1010/1010 1011/1011/1011
f 1012/1012/1012 1013/1013/1013 1014/1014/1014
f 1015/1015/1015 1016/1016/1016 1017/1017/1017
f 1018/1018/1018 1019/1019/1019 1020/1020/1020
f 1021/1021/1021 1022/1022/1022 1023/1023/1023
f 1024/1024/1024 1025/1025/1025 1026/1026/1026
f 1027/1027/1027 1028/1028/1028 1029/1029/1029
f 1030/1030/1030 1031/1031/1031 1032/1032/1032
f 1033/1033/1033 1034/1034/1034 1035/1035/1035
f 1036/1036/1036 1037/1037/1037 1038/1038/1038
f 1039/1039/1039 1040/1040/1040 1041/1041/1041
f 1042/1042/1042 1043/1043/1043 1044/1044/1044
f 1045/1045/1045 1046/1046/1046 1047/1047/1047
f 1048/1048/1048 1049/1049/1049 1050/1050/1050
f 1051/1051/1051 1052/1052/1052 1053/1053/1053
f 1054/1054/1054 1055/1055/1055 1056/1056/1056
f 1057/1057/1057 1058/1058/1058 1059/1059/1059
f 1060/1060/1060 1061/1061/1061 1062/1062/1062
f 1063/1063/1063 1064/1064/1064 1065/1065/1065
f 1066/1066/1066 1067/1067/1067 1068/1068/1068
f 1069/1069/1069 1070/1070/1070 1071/1071/1071
f 1072/1072/1072 1073/1073/1073 1074/1074/1074
f 1075/1075/1075 1076/1076/1076 1077/1077/1077
f 1078/1078/1078 1079/1079/1079 1080/1080/1080
f 1081/1081/1081 1082/1082/1082 1083/1083/1083
f 1084/1084/1084 1085/1085/1085 1086/1086/1086
f 1087/1087/1087 1088/1088/1088 1089/1089/1089
f 1090/1090/1090 1091/1091/1091 1092/1092/1092
f 1093/1093/1093 1094/1094/1094 1095/1095/1095
f 1096/1096/1096 1097/1097/1097 1098/1098/1098
f 1099/1099/1099 1100/1100/1100 1101/1101/1101
f 1102/1102/1102 1103/1103/1103 1104/1104/1104
f 1105/1105/1105 1106/1106/1106 1107/1107/1107
f 1108/1108/1108 1109/1109/1109 1110/1110/1110
f 1111/1111/1111 1112/1112/1112 1113/1113/1113
f 1114/1114/1114 1115/1115/1115 1116/1116/1116
f 1117/1117/1117 1118/1118/1118 1119/1119/1119
f 1120/1120/1120 1121/1121/1121 1122/1122/1122
f 1123/1123/1123 1124/1124/1124 1125/1125/1125
f 1126/1126/1126 1127/1127/1127 1128/1128/1128
f 1129/1129/1129 1130/1130/1130 1131/1131/1131
f 1132/1132/1132 1133/1133/1133 1134/1134/1134
f 1135/1135/1135 1136/1136/1136 1137/1137/1137
f 1138/1138/1138 1139/1139/1139 1140/1140/1140
f 1141/1141/1141 1142/1142/1142 1143/1143/1143
f 1144/1144/1144 1145/1145/1145 1146/1146/1146
f 1147/1147/1147 1148/1148/1148 1149/1149/1149
f 1150/1150/1150 1151/1151/1151 1152/1152/1152
f 1153/1153/1153 1154/1154/1154 1155/1155/1155
f 1156/1156/1156 1157/1157/1157 1158/1158/1158
f 1159/1159/1159 1160/1160/1160 1161/1161/1161
f 1162/1162/1162 1163/1163/1163 1164/1164/1164
f 1165/1165/1165 1166/1166/1166 1167/1167/1167
f 1168/1168/1168 1169/1169/1169 1170/1170/1170
f 1171/1171/1171 1172/1172/1172 1173/1173/1173
f 1174/1174/1174 1175/1175/1175 1176/1176/1176
f 1177/1177/1177 1178/1178/1178 1179/1179/1179
f 1180/1180/1180 1181/1181/1181 1182/1182/1182
f 1183/1183/1183 1184/1184/1184 1185/1185/1185
f 1186/1186/1186 1187/1187/1187 1188/1188/1188
f 1189/1189/1189 1190/1190/1190 1191/1191/1191
f 1192/1192/1192 1193/1193/1193 1194/1194/1194
f 1195/1195/1195 1196/1196/1196 1197/1197/1197
f 1198/1198/1198 1199/1199/1199 1200/1200/1200
f 1201/1201/1201 1202/1202/1202 1203/1203/1203
f 1204/1204/1204 1205/1205/1205 1206/1206/1206
f 1207/1207/1207 1208/1208/1208 1209/1209/1209
f 1210/1210/1210 1211/1211/1211 1212/1212/1212
f 1213/1213/1213 1214/1214/1214 1215/1215/1215
f 1216/1216/1216 1217/1217/1217 1218/1218/1218
f 1219/1219/1219 1220/1220/1220 1221/1221/1221
f 1222/1222/1222 1223/1223/1223 1224/1224/1224
f 1225/1225/1225 1226/1226/1226 1227/1227/1227
f 1228/1228/1228 1229/1229/1229 1230/1230/1230
f 1231/1231/1231 1232/1232/1232 1233/1233/1233
f 1234/1234/1234 1235/1235/1235 1236/1236/1236
f 1237/1237/1237 1238/1238/1238 1239/1239/1239
f 1240/1240/1240 1241/1241/1241 1242/1242/1242
f 1243/1243/1243 1244/1244/1244 1245/1245/1245
f 1246/1246/1246 1247/1247/1247 1248/1248/1248
f 1249/1249/1249 1250/1250/1250 1251/1251/1251
f 1252/1252/1252 1253/1253/1253 1254/1254/1254
f 1255/1255/1255 1256/1256/1256 1257/1257/1257
f 1258/1258/1258 1259/1259/1259 1260/1260/1260
f 1261/1261/1261 1262/1262/1262 1263/1263/1263
f 1264/1264/1264 1265/1265/1265 1266/1266/1266
f 1267/1267/1267 1268/1268/1268 1269/1269/1269
f 1270/1270/1270 1271/1271/1271 1272/1272/1272
f 1273/1273/1273 1274/1274/1274 1275/1275/1275
f 1276/1276/1276 1277/1277/1277 1278/1278/1278
f 1279/1279/1279 1280/1280/1280 1281/1281/1281
f 1282/1282/1282 1283/1283/1283 1284/1284/1284
f 1285/1285/1285 1286/1286/1286 1287/1287/1287
f 1288/1288/1288 1289/1289/1289 1290/1290/1290
f 1291/1291/1291 1292/1292/1292 1293/1293/1293
f 1294/1294/1294 1295/1295/1295 1296/1296/1296
f 1297/1297/1297 1298/1298/1298 1299/1299/1299
f 1300/1300/1300 1301/1301/1301 1302/1302/1302
f 1303/1303/1303 1304/1304/1304 1305/1305/1305
f 1306/1306/1306 1307/1307/1307 1308/1308/1308
f 1309/1309/1309 1310/1310/1310 1311/1311/1311
f 1312/1312/1312 1313/1313/1313 1314/1314/1314
f 1315/1315/1315 1316/1316/1316 1317/1317/1317
f 1318/1318/1318 1319/1319/1319 1320/1320/1320
f 1321/1321/1321 1322/1322/1322 1323/1323/1323
f 1324/1324/1324 1325/1325/1325 1326/1326/1326
f 1327/1327/1327 1328/1328/1328 1329/1329/1329
f 1330/1330/1330 1331/1331/1331 1332/1332/1332
f 1333/1333/1333 1334/1334/1334 1335/1335/1335
f 1336/1336/1336 1337/1337/1337 1338/1338/1338
f 1339/1339/1339 1340/1340/1340 1341/1341/1341
f 1342/1342/1342 1343/1343/1343 1344/1344/1344
f 1345/1345/1345 1346/1346/1346 1347/1347/1347
f 1348/1348/1348 1349/1349/1349 1350/1350/1350
f 1351/1351/1351 1352/1352/1352 1353/1353/1353
f 1354/1354/1354 1355/1355/1355 1356/1356/1356
f 1357/1357/1357 1358/1358/1358 1359/1359/1359
f 1360/1360/1360 1361/1361/1361 1362/1362/1362
f 1363/1363/1363 1364/1364/1364 1365/1365/1365
f 1366/1366/1366 1367/1367/1367 1368/1368/1368
f 1369/1369/1369 1370/1370/1370 1371/1371/1371
f 1372/1372/1372 1373/1373/1373 1374/1374/1374
f 1375/1375/1375 1376/1376/1376 1377/1377/1377
f 1378/1378/1378 1379/1379/1379 1380/1380/1380
f 1381/1381/1381 1382/1382/1382 1383/1383/1383
f 1384/1384/1384 1385/1385/1385 1386/1386/1386
f 1387/1387/1387 1388/1388/1388 1389/1389/1389
f 1390/1390/1390 1391/1391/1391 1392/1392/1392
f 1393/1393/1393 1394/1394/1394 1395/1395/1395
f 1396/1396/1396 1397/1397/1397 1398/1398/1398
f 1399/1399/1399 1400/1400/1400 1401/1401/1401
f 1402/1402/1402 1403/1403/1403 1404/1404/1404
f 1405/1405/1405 1406/1406/1406 1407/1407/1407
f 1408/1408/1408 1409/1409/1409 1410/1410/1410
f 1411/1411/1411 1412/1412/1412 1413/1413/1413
f 1414/1414/1414 1415/1415/1415 1416/1416/1416
f 1417/1417/1417 1418/1418/1418 1419/1419/1419
f 1420/1420/1420 1421/1421/1421 1422/1422/1422
f 1423/1423/1423 1424/1424/1424 1425/1425/1425
f 1426/1426/1426 1427/1427/1427 1428/1428/1428
f 1429/1429/1429 1430/1430/1430 1431/1431/1431
f 1432/1432/1432 1433/1433/1433 1434/1434/1434
f 1435/1435/1435 1436/1436/1436 1437/1437/1437
f 1438/1438/1438 1439/1439/1439 1440/1440/1440
f 1441/1441/1441 1442/1442/1442 1443/1443/1443
f 1444/1444/1444 1445/1445/1445 1446/1446/1446
f 1447/1447/1447 1448/1448/1448 1449/1449/1449
f 1450/1450/1450 1451/1451/1451 1452/1452/1452
f 1453/1453/1453 1454/1454/1454 1455/1455/1455
f 1456/1456/1456 1457/1457/1457 1458/1458/1458
f 1459/1459/1459 1460/1460/1460 1461/1461/1461
f 1462/1462/1462 1463/1463/1463 1464/1464/1464
f 1465/1465/1465 1466/1466/1466 1467/1467/1467
f 1468/1468/1468 1469/1469/1469 1470/1470/1470
f 1471/1471/1471 1472/1472/1472 1473/1473/1473
f 1474/1474/1474 1475/1475/1475 1476/1476/1476
f 1477/1477/1477 1478/1478/1478 1479/1479/1479
f 1480/1480/1480 1481/1481/1481 1482/1482/1482
f 1483/1483/1483 1484/1484/1484 1485/1485/1485
f 1486/1486/1486 1487/1487/1487 1488/1488/1488
f 1489/1489/1489 1490/1490/1490 1491/1491/1491
f 1492/1492/1492 1493/1493/1493 1494/1494/1494
f 1495/1495/1495 1496/1496/1496 1497/1497/1497
f 1498/1498/1498 1499/1499/1499 1500/1500/1500
f 1501/1501/1501 1502/1502/1502 1503/1503/1503
f 1504/1504/1504 1505/1505/1505 1506/1506/1506
f 1507/1507/1507 1508/1508/1508 1509/1509/1509
f 1510/1510/1510 1511/1511/1511 1512/1512/1512
f 1513/1513/1513 1514/1514/1514 1515/1515/1515
f 1516/1516/1516 1517/1517/1517 1518/1518/1518
f 1519/1519/1519 1520/1520/1520 1521/1521/1521
f 1522/1522/1522 1523/1523/1523 1524/1524/1524
f 1525/1525/1525 1526/1526/1526 1527/1527/1527
f 1528/1528/1528 1529/1529/1529 1530/1530/1530
f 1531/1531/1531 1532/1532/1532 1533/1533/1533
f 1534/1534/1534 1535/1535/1535 1536/1536/1536
f 1537/1537/1537 1538/1538/1538 1539/1539/1539
f 1540/1540/1540 1541/1541/1541 1542/1542/1542
f 1543/1543/1543 1544/1544/1544 1545/1545/1545
f 1546/1546/1546 1547/1547/1547 1548/1548/1548
f 1549/1549/1549 1550/1550/1550 1551/1551/1551
f 1552/1552/1552 1553/1553/1553 1554/1554/1554
f 1555/1555/1555 1556/1556/1556 1557/1557/1557
f 1558/1558/1558 1559/1559/1559 1560/1560/1560
f 1561/1561/1561 1562/1562/1562 1563/1563/1563
f 1564/1564/1564 1565/1565/1565 1566/1566/1566
f 1567/1567/1567 1568/1568/1568 1569/1569/1569
f 1570/1570/1570 1571/1571/1571 1572/1572/1572
f 1573/1573/1573 1574/1574/1574 1575/1575/1575
f 1576/1576/1576 1577/1577/1577 1578/1578/1578
f 1579/1579/1579 1580/1580/1580 1581/1581/1581
f 1582/1582/1582 1583/1583/1583 1584/1584/1584
f 1585/1585/1585 1586/1586/1586 1587/1587/1587
f 1588/1588/1588 1589/1589/1589 1590/1590/1590
f 1591/1591/1591 1592/1592/1592 1593/1593/1593
f 1594/1594/1594 1595/1595/1595 1596/1596/1596
f 1597/1597/1597 1598/1598/1598 1599/1599/1599
f 1600/1600/1600 1601/1601/1601 1602/1602/1602
f 1603/1603/1603 1604/1604/1604 1605/1605/1605
f 1606/1606/1606 1607/1607/1607 1608/1608/1608
f 1609/1609/1609 1610/1610/1610 1611/1611/1611
f 1612/1612/1612 1613/1613/1613 1614/1614/1614
f 1615/1615/1615 1616/1616/1616 1617/1617/1617
f 1618/1618/1618 1619/1619/1619 1620/1620/1620
f 1621/1621/1621 1622/1622/1622 1623/1623/1623
f 1624/1624/1624 1625/1625/1625 1626/1626/1626
f 1627/1627/1627 1628/1628/1628 1629/1629/1629
f 1630/1630/1630 1631/1631/1631 1632/1632/1632
f 1633/1633/1633 1634/1634/1634 1635/1635/1635
f 1636/1636/1636 1637/1637/1637 1638/1638/1638
f 1639/1639/1639 1640/1640/1640 1641/1641/1641
f 1642/1642/1642 1643/1643/1643 1644/1644/1644
f 1645/1645/1645 1646/1646/1646 1647/1647/1647
f 1648/1648/1648 1649/1649/1649 1650/1650/1650
f 1651/1651/1651 1652/1652/1652 1653/1653/1653
f 1654/1654/1654 1655/1655/1655 1656/1656/1656
f 1657/1657/1657 1658/1658/1658 1659/1659/1659
f 1660/1660/1660 1661/1661/1661 1662/1662/1662
f 1663/1663/1663 1664/1664/1664 1665/1665/1665
f 1666/1666/1666 1667/1667/1667 1668/1668/1668
f 1669/1669/1669 1670/1670/1670 1671/1671/1671
f 1672/1672/1672 1673/1673/1673 1674/1674/1674
f 1675/1675/1675 1676/1676/1676 1677/1677/1677
f 1678/1678/1678 1679/1679/1679 1680/1680/1680
f 1681/1681/1681 1682/1682/1682 1683/1683/1683
f 1684/1684/1684 1685/1685/1685 1686/1686/1686
f 1687/1687/1687 1688/1688/1688 1689/1689/1689
f 1690/1690/1690 1691/1691/1691 1692/1692/1692
f 1693/1693/1693 1694/1694/1694 1695/1695/1695
f 1696/1696/1696 1697/1697/1697 1698/1698/1698
f 1699/1699/1699 1700/1700/1700 1701/1701/1701
f 1702/1702/1702 1703/1703/1703 1704/1704/1704
f 1705/1705/1705 1706/1706/1706 1707/1707/1707
f 1708/1708/1708 1709/1709/1709 1710/1710/1710
f 1711/1711/1711 1712/1712/1712 1713/1713/1713
f 1714/1714/1714 1715/1715/1715 1716/1716/1716
f 1717/1717/1717 1718/1718/1718 1719/1719/1719
f 1720/1720/1720 1721/1721/1721 1722/1722/1722
f 1723/1723/1723 1724/1724/1724 1725/1725/1725
f 1726/1726/1726 1727/1727/1727 1728/1728/1728
f 1729/1729/1729 1730/1730/1730 1731/1731/1731
f 1732/1732/1732 1733/1733/1733 1734/1734/1734
f 1735/1735/1735 1736/1736/1736 1737/1737/1737
f 1738/1738/1738 1739/1739/1739 1740/1740/1740
f 1741/1741/1741 1742/1742/1742 1743/1743/1743
f 1744/1744/1744 1745/1745/1745 1746/1746/1746
f 1747/1747/1747 1748/1748/1748 1749/1749/1749
f 1750/1750/1750 1751/1751/1751 1752/1752/1752
f 1753/1753/1753 1754/1754/1754 1755/1755/1755
f 1756/1756/1756 1757/1757/1757 1758/1758/1758
f 1759/1759/1759 1760/1760/1760 1761/1761/1761
f 1762/1762/1762 1763/1763/1763 1764/1764/1764
f 1765/1765/1765 1766/1766/1766 1767/1767/1767
f 1768/1768/1768 1769/1769/1769 1770/1770/1770
f 1771/1771/1771 1772/1772/1772 1773/1773/1773
f 1774/1774/1774 1775/1775/1775 1776/1776/1776
f 1777/1777/1777 1778/1778/1778 1779/1779/1779
f 1780/1780/1780 1781/1781/1781 1782/1782/1782
f 1783/1783/1783 1784/1784/1784 1785/1785/1785
f 1786/1786/1786 1787/1787/1787 1788/1788/1788
f 1789/1789/1789 1790/1790/1790 1791/1791/1791
f 1792/1792/1792 1793/1793/1793 1794/1794/1794
f 1795/1795/1795 1796/1796/1796 1797/1797/1797
f 1798/1798/1798 1799/1799/1799 1800/1800/1800
f 1801/1801/1801 1802/1802/1802 1803/1803/1803
f 1804/1804/1804 1805/1805/1805 1806/1806/1806
f 1807/1807/1807 1808/1808/1808 1809/1809/1809
f 1810/1810/1810 1811/1811/1811 1812/1812/1812
f 1813/1813/1813 1814/1814/1814 1815/1815/1815
f 1816/1816/1816 1817/1817/1817 1818/1818/1818
f 1819/1819/1819 1820/1820/1820 1821/1821/1821
f 1822/1822/1822 1823/1823/1823 1824/1824/1824
f 1825/1825/1825 1826/1826/1826 1827/1827/1827
f 1828/1828/1828 1829/1829/1829 1830/1830/1830
f 1831/1831/1831 1832/1832/1832 1833/1833/1833
f 1834/1834/1834 1835/1835/1835 1836/1836/1836
f 1837/1837/1837 1838/1838/1838 1839/1839/1839
f 1840/1840/1840 1841/1841/1841 1842/1842/1842
f 1843/1843/1843 1844/1844/1844 1845/1845/1845
f 1846/1846/1846 1847/1847/1847 1848/1848/1848
f 1849/1849/1849 1850/1850/1850 1851/1851/1851
f 1852/1852/1852 1853/1853/1853 1854/1854/1854
f 1855/1855/1855 1856/1856/1856 1857/1857/1857
f 1858/1858/1858 1859/1859/1859 1860/1860/1860
f 1861/1861/1861 1862/1862/1862 1863/1863/1863
f 1864/1864/1864 1865/1865/1865 1866/1866/1866
f 1867/1867/1867 1868/1868/1868 1869/1869/1869
f 1870/1870/1870 1871/1871/1871 1872/1872/1872
f 1873/1873/1873 1874/1874/1874 1875/1875/1875
f 1876/1876/1876 1877/1877/1877 1878/1878/1878
f 1879/1879/1879 1880/1880/1880 1881/1881/1881
f 1882/1882/1882 1883/1883/1883 1884/1884/1884
f 1885/1885/1885 1886/1886/1886 1887/1887/1887
f 1888/1888/1888 1889/1889/1889 1890/1890/1890
f 1891/1891/1891 1892/1892/1892 1893/1893/1893
f 1894/1894/1894 1895/1895/1895 1896/1896/1896
f 1897/1897/1897 1898/1898/1898 1899/1899/1899
f 1900/1900/1900 1901/1901/1901 1902/1902/1902
f 1903/1903/1903 1904/1904/1904 1905/1905/1905
f 1906/1906/1906 1907/1907/1907 1908/1908/1908
f 1909/1909/1909 1910/1910/1910 1911/1911/1911
f 1912/1912/1912 1913/1913/1913 1914/1914/1914
f 1915/1915/1915 1916/1916/1916 1917/1917/1917
f 1918/1918/1918 1919/1919/1919 1920/1920/1920
f 1921/1921/1921 1922/1922/1922 1923/1923/1923
f 1924/1924/1924 1925/1925/1925 1926/1926/1926
f 1927/1927/1927 1928/1928/1928 1929/1929/1929
f 1930/1930/1930 1931/1931/1931 1932/1932/1932
f 1933/1933/1933 1934/1934/1934 1935/1935/1935
f 1936/1936/1936 1937/1937/1937 1938/1938/1938
f 1939/1939/1939 1940/1940/1940 1941/1941/1941
f 1942/1942/1942 1943/1943/1943 1944/1944/1944
f 1945/1945/1945 1946/1946/1946 1947/1947/1947
f 1948/1948/1948 1949/1949/1949 1950/1950/1950
f 1951/1951/1951 1952/1952/1952 1953/1953/1953
f 1954/1954/1954 1955/1955/1955 1956/1956/1956
f 1957/1957/1957 1958/1958/1958 1959/1959/1959
f 1960/1960/1960 1961/1961/1961 1962/1962/1962
f 1963/1963/1963 1964/1964/1964 1965/1965/1965
f 1966/1966/1966 1967/1967/1967 1968/1968/1968
f 1969/1969/1969 1970/1970/1970 1971/1971/1971
f 1972/1972/1972 1973/1973/1973 1974/1974/1974
f 1975/1975/1975 1976/1976/1976 1977/1977/1977
f 1978/1978/1978 1979/1979/1979 1980/1980/1980
f 1981/1981/1981 1982/1982/1982 1983/1983/1983
f 1984/1984/1984 1985/1985/1985 1986/1986/1986
f 1987/1987/1987 1988/1988/1988 1989/1989/1989
f 1990/1990/1990 1991/1991/1991 1992/1992/1992
f 1993/1993/1993 1994/1994/1994 1995/1995/1995
f 1996/1996/1996 1997/1997/1997 1998/1998/1998
f 1999/1999/1999 2000/2000/2000 2001/2001/2001
f 2002/2002/2002 2003/2003/2003 2004/2004/2004
f 2005/2005/2005 2006/2006/2006 2007/2007/2007
f 2008/2008/2008 2009/2009/2009 2010/2010/2010
f 2011/2011/2011 2012/2012/2012 2013/2013/2013
f 2014/2014/2014 2015/2015/2015 2016/2016/2016
f 2017/2017/2017 2018/2018/2018 2019/2019/2019
f 2020/2020/2020 2021/2021/2021 2022/2022/2022
f 2023/2023/2023 2024/2024/2024 2025/2025/2025
f 2026/2026/2026 2027/2027/2027 2028/2028/2028
f 2029/2029/2029 2030/2030/2030 2031/2031/2031
f 2032/2032/2032 2033/2033/2033 2034/2034/2034
f 2035/2035/2035 2036/2036/2036 2037/2037/2037
f 2038/2038/2038 2039/2039/2039 2040/2040/2040
f 2041/2041/2041 2042/2042/2042 2043/2043/2043
f 2044/2044/2044 2045/2045/2045 2046/2046/2046
f 2047/2047/2047 2048/2048/2048 2049/2049/2049
f 2050/2050/2050 2051/2051/2051 2052/2052/2052
f 2053/2053/2053 2054/2054/2054 2055/2055/2055
f 2056/2056/2056 2057/2057/2057 2058/2058/2058
f 2059/2059/2059 2060/2060/2060 2061/2061/2061
f 2062/2062/2062 2063/2063/2063 2064/2064/2064
f 2065/2065/2065 2066/2066/2066 2067/2067/2067
f 2068/2068/2068 2069/2069/2069 2070/2070/2070
f 2071/2071/2071 2072/2072/2072 2073/2073/2073
f 2074/2074/2074 2075/2075/2075 2076/2076/2076
f 2077/2077/2077 2078/2078/2078 2079/2079/2079
f 2080/2080/2080 2081/2081/2081 2082/2082/2082
f 2083/2083/2083 2084/2084/2084 2085/2085/2085
f 2086/2086/2086 2087/2087/2087 2088/2088/2088
f 2089/2089/2089 2090/2090/2090 2091/2091/2091
f 2092/2092/2092 2093/2093/2093 2094/2094/2094
f 2095/2095/2095 2096/2096/2096 2097/2097/2097
f 2098/2098/2098 2099/2099/2099 2100/2100/2100
f 2101/2101/2101 2102/2102/2102 2103/2103/2103
f 2104/2104/2104 2105/2105/2105 2106/2106/2106
f 2107/2107/2107 2108/2108/2108 2109/2109/2109
f 2110/2110/2110 2111/2111/2111 2112/2112/2112
f 2113/2113/2113 2114/2114/2114 2115/2115/2115
f 2116/2116/2116 2117/2117/2117 2118/2118/2118
f 2119/2119/2119 2120/2120/2120 2121/2121/2121
f 2122/2122/2122 2123/2123/2123 2124/2124/2124
f 2125/2125/2125 2126/2126/2126 2127/2127/2127
f 2128/2128/2128 2129/2129/2129 2130/2130/2130
f 2131/2131/2131 2132/2132/2132 2133/2133/2133
f 2134/2134/2134 2135/2135/2135 2136/2136/2136
f 2137/2137/2137 2138/2138/2138 2139/2139/2139
f 2140/2140/2140 2141/2141/2141 2142/2142/2142
f 2143/2143/2143 2144/2144/2144 2145/2145/2145
f 2146/2146/2146 2147/2147/2147 2148/2148/2148
f 2149/2149/2149 2150/2150/2150 2151/2151/2151
f 2152/2152/2152 2153/2153/2153 2154/2154/2154
f 2155/2155/2155 2156/2156/2156 2157/2157/2157
f 2158/2158/2158 2159/2159/2159 2160/2160/2160
f 2161/2161/2161 2162/2162/2162 2163/2163/2163
f 2164/2164/2164 2165/2165/2165 2166/2166/2166
f 2167/2167/2167 2168/2168/2168 2169/2169/2169
f 2170/2170/2170 2171/2171/2171 2172/2172/2172
f 2173/2173/2173 2174/2174/2174 2175/2175/2175
f 2176/2176/2176 2177/2177/2177 2178/2178/2178
f 2179/2179/2179 2180/2180/2180 2181/2181/2181
f 2182/2182/2182 2183/2183/2183 2184/2184/2184
f 2185/2185/2185 2186/2186/2186 2187/2187/2187
f 2188/2188/2188 2189/2189/2189 2190/2190/2190
f 2191/2191/2191 2192/2192/2192 2193/2193/2193
f 2194/2194/2194 2195/2195/2195 2196/2196/2196
f 2197/2197/2197 2198/2198/2198 2199/2199/2199
f 2200/2200/2200 2201/2201/2201 2202/2202/2202
f 2203/2203/2203 2204/2204/2204 2205/2205/2205
f 2206/2206/2206 2207/2207/2207 2208/2208/2208
f 2209/2209/2209 2210/2210/2210 2211/2211/2211
f 2212/2212/2212 2213/2213/2213 2214/2214/2214
f 2215/2215/2215 2216/2216/2216 2217/2217/2217
f 2218/2218/2218 2219/2219/2219 2220/2220/2220
f 2221/2221/2221 2222/2222/2222 2223/2223/2223
f 2224/2224/2224 2225/2225/2225 2226/2226/2226
f 2227/2227/2227 2228/2228/2228 2229/2229/2229
f 2230/2230/2230 2231/2231/2231 2232/2232/2232
f 2233/2233/2233 2234/2234/2234 2235/2235/2235
f 2236/2236/2236 2237/2237/2237 2238/2238/2238
f 2239/2239/2239 2240/2240/2240 2241/2241/2241
f 2242/2242/2242 2243/2243/2243 2244/2244/2244
f 2245/2245/2245 2246/2246/2246 2247/2247/2247
f 2248/2248/2248 2249/2249/2249 2250/2250/2250
f 2251/2251/2251 2252/2252/2252 2253/2253/2253
f 2254/2254/2254 2255/2255/2255 2256/2256/2256
