o Mesh
usemtl material_1
v 0.011629999615252018 0.004521000199019909 -0.0064570000395178795
v 0.011621000245213509 0.003922999836504459 -0.005799999926239252
v 0.011273999698460102 0.0027209999971091747 -0.007571999914944172
v 0.012364000082015991 0.0011820000363513827 0.0039369999431073666
v 0.012726999819278717 0.00583800021559 0.001883000019006431
v 0.01292600017040968 0.005911999847739935 0.003447999944910407
v 0.012396000325679779 0.006399000063538551 -0.0017010000301524997
v 0.012533999979496002 0.006089000031352043 -0.00011899999663000926
v 0.012280000373721123 0.00558000011369586 -0.0017579999985173345
v 0.011273999698460102 0.0027209999971091747 -0.007571999914944172
v 0.011621000245213509 0.003922999836504459 -0.005799999926239252
v 0.010970000177621841 0.0006939999875612557 -0.008008000440895557
v 0.011669999919831753 -0.0033229999244213104 0.002735000103712082
v 0.01219900045543909 0.005528999958187342 -0.00241800001822412
v 0.012051000259816647 -0.0012009999481961131 0.003785999957472086
v 0.010852999985218048 -0.0003440000000409782 -0.00790799967944622
v 0.011944999918341637 0.0050479997880756855 -0.004246999975293875
v 0.01066100038588047 -0.0024470000062137842 -0.0072479997761547565
v 0.01066100038588047 -0.0024470000062137842 -0.0072479997761547565
v 0.011944999918341637 0.0050479997880756855 -0.004246999975293875
v 0.010607000440359116 -0.004327999893575907 -0.005646000150591135
v 0.010607000440359116 -0.004327999893575907 -0.005646000150591135
v 0.011944999918341637 0.0050479997880756855 -0.004246999975293875
v 0.010715000331401825 -0.005394999869167805 -0.003496000077575445
v 0.010715000331401825 -0.005394999869167805 -0.003496000077575445
v 0.011944999918341637 0.0050479997880756855 -0.004246999975293875
v 0.010936000384390354 -0.005555000156164169 -0.001231999951414764
v 0.010936000384390354 -0.005555000156164169 -0.001231999951414764
v 0.011944999918341637 0.0050479997880756855 -0.004246999975293875
v 0.011262999847531319 -0.004838999826461077 0.000893999997060746
v 0.012726999819278717 0.00583800021559 0.001883000019006431
v 0.014697999693453312 0.0056059998460114 0.0017079999670386314
v 0.01292600017040968 0.005911999847739935 0.003447999944910407
v 0.012668999843299389 0.0031479999888688326 -0.007482000160962343
v 0.011273999698460102 0.0027209999971091747 -0.007571999914944172
v 0.010970000177621841 0.0006939999875612557 -0.008008000440895557
v 0.007075000088661909 0.00012199999764561653 -0.007799999788403511
v 0.00773600023239851 0.000598000013269484 -0.0023709998931735754
v 0.007178999949246645 0.0011050000321120024 -0.007879000157117844
v 0.006876999977976084 -0.002228999976068735 -0.0069989999756217
v 0.00773600023239851 0.000598000013269484 -0.0023709998931735754
v 0.007075000088661909 0.00012199999764561653 -0.007799999788403511
v 0.006829999852925539 -0.004083000123500824 -0.0053889998234808445
v 0.00773600023239851 0.000598000013269484 -0.0023709998931735754
v 0.006876999977976084 -0.002228999976068735 -0.0069989999756217
v 0.006936999969184399 -0.0052089998498559 -0.003160000080242753
v 0.00773600023239851 0.000598000013269484 -0.0023709998931735754
v 0.006829999852925539 -0.004083000123500824 -0.0053889998234808445
v 0.007176999934017658 -0.005400000140070915 -0.0007639999967068434
v 0.00773600023239851 0.000598000013269484 -0.0023709998931735754
v 0.006936999969184399 -0.0052089998498559 -0.003160000080242753
v 0.007544000167399645 -0.004645000211894512 0.0016070000128820539
v 0.00773600023239851 0.000598000013269484 -0.0023709998931735754
v 0.007176999934017658 -0.005400000140070915 -0.0007639999967068434
v 0.00795700028538704 -0.0030580000020563602 0.0034310000482946634
v 0.00773600023239851 0.000598000013269484 -0.0023709998931735754
v 0.007544000167399645 -0.004645000211894512 0.0016070000128820539
v 0.008364000357687473 -0.0008629999938420951 0.0045289997942745686
v 0.00773600023239851 0.000598000013269484 -0.0023709998931735754
v 0.00795700028538704 -0.0030580000020563602 0.0034310000482946634
v 0.008670000359416008 0.0015800000401213765 0.00469199987128377
v 0.00773600023239851 0.000598000013269484 -0.0023709998931735754
v 0.008364000357687473 -0.0008629999938420951 0.0045289997942745686
v 0.009173000231385231 0.006357000209391117 0.004310000222176313
v 0.00773600023239851 0.000598000013269484 -0.0023709998931735754
v 0.008670000359416008 0.0015800000401213765 0.00469199987128377
v 0.00773600023239851 0.000598000013269484 -0.0023709998931735754
v 0.009173000231385231 0.006357000209391117 0.004310000222176313
v 0.008724999614059925 0.007062999997287989 -0.000678999989759177
v 0.00773600023239851 0.000598000013269484 -0.0023709998931735754
v 0.008724999614059925 0.007062999997287989 -0.000678999989759177
v 0.008310000412166119 0.006647000089287758 -0.003932000137865543
v 0.00773600023239851 0.000598000013269484 -0.0023709998931735754
v 0.008310000412166119 0.006647000089287758 -0.003932000137865543
v 0.007927999831736088 0.005758000072091818 -0.005537999793887138
v 0.00776899978518486 0.00469799991697073 -0.006544000003486872
v 0.00773600023239851 0.000598000013269484 -0.0023709998931735754
v 0.007927999831736088 0.005758000072091818 -0.005537999793887138
v 0.007269000168889761 0.0017300000181421638 -0.007821000181138515
v 0.00773600023239851 0.000598000013269484 -0.0023709998931735754
v 0.00776899978518486 0.00469799991697073 -0.006544000003486872
v 0.007178999949246645 0.0011050000321120024 -0.007879000157117844
v 0.00773600023239851 0.000598000013269484 -0.0023709998931735754
v 0.007269000168889761 0.0017300000181421638 -0.007821000181138515
v 0.008076000027358532 0.0068870000541210175 -0.003604999976232648
v 0.007927999831736088 0.005758000072091818 -0.005537999793887138
v 0.008310000412166119 0.006647000089287758 -0.003932000137865543
v 0.00535399978980422 0.006599000189453363 0.006498999893665314
v 0.0033370000310242176 0.006926999893039465 0.006254000123590231
v 0.0033420000690966845 0.007451999932527542 0.0022299999836832285
v 0.007706999778747559 0.005332000087946653 -0.006087999790906906
v 0.00776899978518486 0.00469799991697073 -0.006544000003486872
v 0.007927999831736088 0.005758000072091818 -0.005537999793887138
v 0.007706999778747559 0.005332000087946653 -0.006087999790906906
v 0.006227000150829554 0.004344000015407801 -0.006856999825686216
v 0.00776899978518486 0.00469799991697073 -0.006544000003486872
v 0.0033370000310242176 0.006926999893039465 0.006254000123590231
v 0.0026940000243484974 0.007841000333428383 0
v 0.0033420000690966845 0.007451999932527542 0.0022299999836832285
v 0.0026940000243484974 0.007841000333428383 0
v 0.0028989999555051327 0.007718999870121479 -0.0015699999639764428
v 0.0033420000690966845 0.007451999932527542 0.0022299999836832285
v 0.0026940000243484974 0.007841000333428383 0
v 0.0022899999748915434 0.007437999825924635 -0.0032480000518262386
v 0.0028989999555051327 0.007718999870121479 -0.0015699999639764428
v 0.0022899999748915434 0.007437999825924635 -0.0032480000518262386
v 0.0025400000158697367 0.007017999887466431 -0.003911999985575676
v 0.0028989999555051327 0.007718999870121479 -0.0015699999639764428
v 0.0023449999280273914 0.006504999939352274 -0.00508299982175231
v 0.0017579999985173345 0.005518000107258558 -0.005886999890208244
v 0.001990000018849969 0.0045540002174675465 -0.0065460000187158585
v 0.0017640000442042947 0.0077840001322329044 -0.008500000461935997
v 0.0011739999754354358 0.0031999999191612005 -0.008357999846339226
v 0.0012329999590292573 0.004461000207811594 -0.009233999997377396
v 0.00037200000951997936 -0.005752000026404858 -0.005675999913364649
v 0.00041199999395757914 -0.0029559999238699675 -0.00836899969726801
v 0.0007120000082068145 -0.001133000012487173 -0.007631000131368637
v 0.0033370000310242176 0.006926999893039465 0.006254000123590231
v 0.0016899999463930726 0.0003129999968223274 -0.0005970000056549907
v 0.0026940000243484974 0.007841000333428383 0
v 0.0026940000243484974 0.007841000333428383 0
v 0.0016899999463930726 0.0003129999968223274 -0.0005970000056549907
v 0.0022899999748915434 0.007437999825924635 -0.0032480000518262386
v 0.0022899999748915434 0.007437999825924635 -0.0032480000518262386
v 0.0016899999463930726 0.0003129999968223274 -0.0005970000056549907
v 0.0017579999985173345 0.005518000107258558 -0.005886999890208244
v 0.0016899999463930726 0.0003129999968223274 -0.0005970000056549907
v 0.0012550000101327896 0.0024880000855773687 -0.007153000216931105
v 0.0017579999985173345 0.005518000107258558 -0.005886999890208244
v 0.0012550000101327896 0.0024880000855773687 -0.007153000216931105
v 0.0016899999463930726 0.0003129999968223274 -0.0005970000056549907
v 0.0007120000082068145 -0.001133000012487173 -0.007631000131368637
v 0.0016899999463930726 0.0003129999968223274 -0.0005970000056549907
v 0.0033370000310242176 0.006926999893039465 0.006254000123590231
v 0.0025939999613910913 0.0012730000307783484 0.0064210002310574055
v 0.0016899999463930726 0.0003129999968223274 -0.0005970000056549907
v 0.0025939999613910913 0.0012730000307783484 0.0064210002310574055
v 0.0021299999207258224 -0.0021230001002550125 0.006037000101059675
v 0.0016899999463930726 0.0003129999968223274 -0.0005970000056549907
v 0.0021299999207258224 -0.0021230001002550125 0.006037000101059675
v 0.0015490000369027257 -0.005014999769628048 0.004182000178843737
v 0.0016899999463930726 0.0003129999968223274 -0.0005970000056549907
v 0.0015490000369027257 -0.005014999769628048 0.004182000178843737
v 0.0010160000529140234 -0.0067349998280406 0.0013310000067576766
v 0.0016899999463930726 0.0003129999968223274 -0.0005970000056549907
v 0.0010160000529140234 -0.0067349998280406 0.0013310000067576766
v 0.0006079999729990959 -0.007120999973267317 -0.002050000010058284
v 0.0016899999463930726 0.0003129999968223274 -0.0005970000056549907
v 0.0006079999729990959 -0.007120999973267317 -0.002050000010058284
v 0.00037200000951997936 -0.005752000026404858 -0.005675999913364649
v 0.0007120000082068145 -0.001133000012487173 -0.007631000131368637
v 0.0016899999463930726 0.0003129999968223274 -0.0005970000056549907
v 0.00037200000951997936 -0.005752000026404858 -0.005675999913364649
v -0.0023300000466406345 0.001108999946154654 -0.007794999983161688
v -0.0018339999951422215 0.005987000185996294 -0.008700000122189522
v -0.002068999921903014 0.004403000231832266 -0.009039999917149544
v -0.0023300000466406345 0.001108999946154654 -0.007794999983161688
v -0.002068999921903014 0.004403000231832266 -0.009039999917149544
v -0.00254400004632771 0.0006639999919570982 -0.00922400038689375
v -0.002503999974578619 -0.0007379999733529985 -0.0072559998370707035
v -0.0028170000296086073 -0.002767000114545226 -0.00783700030297041
v -0.002850000048056245 -0.0053969998843967915 -0.005198999773710966
v 0 0.007342999801039696 0.006283999886363745
v -0.0015460000140592456 0.0006699999794363976 -0.0002680000034160912
v -0.0006060000159777701 0.0016629999736323953 0.0067980000749230385
v -0.0006060000159777701 0.0016629999736323953 0.0067980000749230385
v -0.0015460000140592456 0.0006699999794363976 -0.0002680000034160912
v -0.0011070000473409891 -0.0017359999474138021 0.006417000200599432
v -0.0011070000473409891 -0.0017359999474138021 0.006417000200599432
v -0.0015460000140592456 0.0006699999794363976 -0.0002680000034160912
v -0.0016740000573918223 -0.004718000069260597 0.004569999873638153
v -0.0016740000573918223 -0.004718000069260597 0.004569999873638153
v -0.0015460000140592456 0.0006699999794363976 -0.0002680000034160912
v -0.002202000003308058 -0.006432000081986189 0.0017180000431835651
v -0.002202000003308058 -0.006432000081986189 0.0017180000431835651
v -0.0015460000140592456 0.0006699999794363976 -0.0002680000034160912
v -0.0026020000223070383 -0.006696000229567289 -0.001643999945372343
v -0.0026020000223070383 -0.006696000229567289 -0.001643999945372343
v -0.0015460000140592456 0.0006699999794363976 -0.0002680000034160912
v -0.002850000048056245 -0.0053969998843967915 -0.005198999773710966
v -0.002503999974578619 -0.0007379999733529985 -0.0072559998370707035
v -0.0015460000140592456 0.0006699999794363976 -0.0002680000034160912
v -0.0020129999611526728 0.002891999902203679 -0.006785999983549118
v -0.0020129999611526728 0.002891999902203679 -0.006785999983549118
v -0.0015460000140592456 0.0006699999794363976 -0.0002680000034160912
v -0.0014939999673515558 0.005855000112205744 -0.005514000076800585
v -0.0014939999673515558 0.005855000112205744 -0.005514000076800585
v -0.0015460000140592456 0.0006699999794363976 -0.0002680000034160912
v -0.0009590000263415277 0.007826000452041626 -0.002920999890193343
v -0.0009590000263415277 0.007826000452041626 -0.002920999890193343
v -0.0015460000140592456 0.0006699999794363976 -0.0002680000034160912
v -0.0005520000122487545 0.008178000338375568 0.0003220000071451068
v -0.0015460000140592456 0.0006699999794363976 -0.0002680000034160912
v 0 0.007342999801039696 0.006283999886363745
v -0.0005520000122487545 0.008178000338375568 0.0003220000071451068
v -0.0015460000140592456 0.0006699999794363976 -0.0002680000034160912
v -0.002503999974578619 -0.0007379999733529985 -0.0072559998370707035
v -0.002850000048056245 -0.0053969998843967915 -0.005198999773710966
v 0.0017579999985173345 0.005518000107258558 -0.005886999890208244
v 0.0012550000101327896 0.0024880000855773687 -0.007153000216931105
v 0.001990000018849969 0.0045540002174675465 -0.0065460000187158585
v 0.006227000150829554 0.004344000015407801 -0.006856999825686216
v 0.007269000168889761 0.0017300000181421638 -0.007821000181138515
v 0.00776899978518486 0.00469799991697073 -0.006544000003486872
v 0.0012550000101327896 0.0024880000855773687 -0.007153000216931105
v 0.0017859999788925052 0.0024510000366717577 -0.0072189997881650925
v 0.001990000018849969 0.0045540002174675465 -0.0065460000187158585
v 0.0014009999576956034 0.0008759999764151871 -0.007414000108838081
v 0.0021279999054968357 0.0016670000040903687 -0.007366000209003687
v 0.0017859999788925052 0.0024510000366717577 -0.0072189997881650925
v 0.0008870000019669533 0.0007239999831654131 -0.008165000006556511
v 0.0014009999576956034 0.0008759999764151871 -0.007414000108838081
v 0.0007120000082068145 -0.001133000012487173 -0.007631000131368637
v 0.0014009999576956034 0.0008759999764151871 -0.007414000108838081
v 0.0023539999965578318 0.0037239999510347843 -0.007445000112056732
v 0.0021279999054968357 0.0016670000040903687 -0.007366000209003687
v 0.009708000347018242 0.003619000082835555 -0.007919000461697578
v 0.012668999843299389 0.0031479999888688326 -0.007482000160962343
v 0.010970000177621841 0.0006939999875612557 -0.008008000440895557
v 0.012668999843299389 0.0031479999888688326 -0.007482000160962343
v 0.013508000411093235 0.0070569999516010284 -0.006936000194400549
v 0.013929000124335289 0.004255999810993671 -0.006711000110954046
v 0.014605999924242496 0.003570999950170517 -0.006124999839812517
v 0.01539199985563755 0.007269000168889761 -0.005026999861001968
v 0.015364999882876873 0.004408999811857939 -0.00507699977606535
v 0.015797000378370285 0.0052089998498559 -0.002148000057786703
v 0.015842000022530556 0.005092000123113394 -0.0028280001133680344
v 0.015706000849604607 0.006016000173985958 -0.0020669999066740274
v 0.015842000022530556 0.005092000123113394 -0.0028280001133680344
v 0.015562999993562698 0.007706000003963709 -0.0020959998946636915
v 0.015706000849604607 0.006016000173985958 -0.0020669999066740274
v 0.015464000403881073 0.00573199987411499 -0.0003389999910723418
v 0.014763999730348587 0.00838799960911274 0.0008640000014565885
v 0.014697999693453312 0.0056059998460114 0.0017079999670386314
v -0.0020129999611526728 0.002891999902203679 -0.006785999983549118
v -0.0026110000908374786 0.0013249999610707164 -0.006965999957174063
v -0.002503999974578619 -0.0007379999733529985 -0.0072559998370707035
v -0.0031240000389516354 0.002208000048995018 -0.006787999998778105
v -0.0026110000908374786 0.0013249999610707164 -0.006965999957174063
v -0.0020129999611526728 0.002891999902203679 -0.006785999983549118
v -0.0016599999507889152 0.00687999976798892 -0.004610999953001738
v -0.002090000081807375 0.004825999960303307 -0.006161999888718128
v -0.0014939999673515558 0.005855000112205744 -0.005514000076800585
v -0.0009590000263415277 0.007826000452041626 -0.002920999890193343
v -0.0016599999507889152 0.00687999976798892 -0.004610999953001738
v -0.0014939999673515558 0.005855000112205744 -0.005514000076800585
v -0.0012410000199452043 0.008104000240564346 -0.002308000111952424
v -0.0016599999507889152 0.00687999976798892 -0.004610999953001738
v -0.0009590000263415277 0.007826000452041626 -0.002920999890193343
v -0.0007919999770820141 0.008045000024139881 0.001972000114619732
v -0.0009270000155083835 0.008279000408947468 0.0003370000049471855
v -0.0005520000122487545 0.008178000338375568 0.0003220000071451068
v -0.0007919999770820141 0.008045000024139881 0.001972000114619732
v -0.0005520000122487545 0.008178000338375568 0.0003220000071451068
v 0 0.007342999801039696 0.006283999886363745
v -0.008030000142753124 0.0036720000207424164 -0.006107000168412924
v -0.008150000125169754 0.0027729999274015427 -0.006225000135600567
v -0.0031240000389516354 0.002208000048995018 -0.006787999998778105
v -0.0016599999507889152 0.00687999976798892 -0.004610999953001738
v -0.00749799981713295 0.006684000138193369 -0.0048500001430511475
v -0.002090000081807375 0.004825999960303307 -0.006161999888718128
v -0.005613999906927347 0.008356000296771526 0.004776999820023775
v -0.006219999864697456 0.008425000123679638 0.00481700012460351
v -0.0007919999770820141 0.008045000024139881 0.001972000114619732
v -0.0038530000019818544 0.008012999780476093 0.0055229999125003815
v -0.0007919999770820141 0.008045000024139881 0.001972000114619732
v 0 0.007342999801039696 0.006283999886363745
v -0.0038530000019818544 0.008012999780476093 0.0055229999125003815
v -0.005613999906927347 0.008356000296771526 0.004776999820023775
v -0.0007919999770820141 0.008045000024139881 0.001972000114619732
v -0.007476999890059233 0.002856000093743205 -0.0002519999979995191
v -0.006560999900102615 0.008985999971628189 0.000981000019237399
v -0.006219999864697456 0.008425000123679638 0.00481700012460351
v -0.007476999890059233 0.002856000093743205 -0.0002519999979995191
v -0.006982999853789806 0.008617999963462353 -0.0022559999488294125
v -0.006560999900102615 0.008985999971628189 0.000981000019237399
v -0.007476999890059233 0.002856000093743205 -0.0002519999979995191
v -0.00749799981713295 0.006684000138193369 -0.0048500001430511475
v -0.006982999853789806 0.008617999963462353 -0.0022559999488294125
v -0.007476999890059233 0.002856000093743205 -0.0002519999979995191
v -0.008030000142753124 0.0036720000207424164 -0.006107000168412924
v -0.00749799981713295 0.006684000138193369 -0.0048500001430511475
v -0.007476999890059233 0.002856000093743205 -0.0002519999979995191
v -0.008150000125169754 0.0027729999274015427 -0.006225000135600567
v -0.008030000142753124 0.0036720000207424164 -0.006107000168412924
v -0.007476999890059233 0.002856000093743205 -0.0002519999979995191
v -0.006219999864697456 0.008425000123679638 0.00481700012460351
v -0.006512000225484371 0.004980000201612711 0.006080999970436096
v -0.007476999890059233 0.002856000093743205 -0.0002519999979995191
v -0.006512000225484371 0.004980000201612711 0.006080999970436096
v -0.0066650002263486385 0.003473999910056591 0.006388000212609768
v -0.007476999890059233 0.002856000093743205 -0.0002519999979995191
v -0.0066650002263486385 0.003473999910056591 0.006388000212609768
v -0.007114999927580357 0.0002469999890308827 0.005960000213235617
v -0.007476999890059233 0.002856000093743205 -0.0002519999979995191
v -0.007114999927580357 0.0002469999890308827 0.005960000213235617
v -0.007654999848455191 -0.002302000066265464 0.0039519998244941235
v -0.007476999890059233 0.002856000093743205 -0.0002519999979995191
v -0.007654999848455191 -0.002302000066265464 0.0039519998244941235
v -0.008138000033795834 -0.0034970000851899385 0.0009710000013001263
v -0.007476999890059233 0.002856000093743205 -0.0002519999979995191
v -0.008138000033795834 -0.0034970000851899385 0.0009710000013001263
v -0.008435999974608421 -0.0030090000946074724 -0.002322999993339181
v -0.007476999890059233 0.002856000093743205 -0.0002519999979995191
v -0.008435999974608421 -0.0030090000946074724 -0.002322999993339181
v -0.008472999557852745 -0.0010359999723732471 -0.0048420000821352005
v -0.007476999890059233 0.002856000093743205 -0.0002519999979995191
v -0.008472999557852745 -0.0010359999723732471 -0.0048420000821352005
v -0.008237999863922596 0.0019680000841617584 -0.006070000119507313
v -0.008150000125169754 0.0027729999274015427 -0.006225000135600567
v -0.007476999890059233 0.002856000093743205 -0.0002519999979995191
v -0.008237999863922596 0.0019680000841617584 -0.006070000119507313
v -0.010300000198185444 0.008926999755203724 0.0024449999909847975
v -0.010317999869585037 0.005014999769628048 0.006285000126808882
v -0.010077999904751778 0.008697000332176685 0.004538999870419502
v -0.010300000198185444 0.008926999755203724 0.0024449999909847975
v -0.010444999672472477 0.009228999726474285 0.0008500000112690032
v -0.01054100040346384 0.008417000062763691 0.0008089999901130795
v -0.010300000198185444 0.008926999755203724 0.0024449999909847975
v -0.01054100040346384 0.008417000062763691 0.0008089999901130795
v -0.010317999869585037 0.005014999769628048 0.006285000126808882
v -0.011207000352442265 0.00674000009894371 -0.0032420000061392784
v -0.011207999661564827 0.007356999907642603 -0.0038920000661164522
v -0.01158200018107891 0.005394000094383955 -0.00509499991312623
v -0.010317999869585037 0.005014999769628048 0.006285000126808882
v -0.011328999884426594 0.002742999931797385 0
v -0.010459000244736671 0.003900999901816249 0.006517999805510044
v -0.011328999884426594 0.002742999931797385 0
v -0.010764000006020069 0.0016080000204965472 0.006364000029861927
v -0.010459000244736671 0.003900999901816249 0.006517999805510044
v -0.010764000006020069 0.0016080000204965472 0.006364000029861927
v -0.011328999884426594 0.002742999931797385 0
v -0.011145999655127525 -0.0005099999834783375 0.0053079999051988125
v -0.011328999884426594 0.002742999931797385 0
v -0.011535000056028366 -0.0020409999415278435 0.0035540000535547733
v -0.011145999655127525 -0.0005099999834783375 0.0053079999051988125
v -0.011535000056028366 -0.0020409999415278435 0.0035540000535547733
v -0.011328999884426594 0.002742999931797385 0
v -0.011861000210046768 -0.0027439999394118786 0.0013719999697059393
v -0.011328999884426594 0.002742999931797385 0
v -0.012098999693989754 -0.0025549998972564936 -0.0009730000165291131
v -0.011861000210046768 -0.0027439999394118786 0.0013719999697059393
v -0.011328999884426594 0.002742999931797385 0
v -0.01220299955457449 -0.0014929999597370625 -0.0030700000934302807
v -0.012098999693989754 -0.0025549998972564936 -0.0009730000165291131
v -0.011328999884426594 0.002742999931797385 0
v -0.012148999609053135 0.00031999999191612005 -0.004652000032365322
v -0.01220299955457449 -0.0014929999597370625 -0.0030700000934302807
v -0.011328999884426594 0.002742999931797385 0
v -0.011969000101089478 0.0025100000202655792 -0.0053900000639259815
v -0.012148999609053135 0.00031999999191612005 -0.004652000032365322
v -0.011969000101089478 0.0025100000202655792 -0.0053900000639259815
v -0.011328999884426594 0.002742999931797385 0
v -0.011895000003278255 0.003097000066190958 -0.0054790000431239605
v -0.011895000003278255 0.003097000066190958 -0.0054790000431239605
v -0.011328999884426594 0.002742999931797385 0
v -0.01158200018107891 0.005394000094383955 -0.00509499991312623
v -0.011207000352442265 0.00674000009894371 -0.0032420000061392784
v -0.011328999884426594 0.002742999931797385 0
v -0.010893999598920345 0.007853999733924866 -0.0017140000127255917
v -0.010893999598920345 0.007853999733924866 -0.0017140000127255917
v -0.011328999884426594 0.002742999931797385 0
v -0.01063700020313263 0.008368000388145447 0.00011999999696854502
v -0.01063700020313263 0.008368000388145447 0.00011999999696854502
v -0.011328999884426594 0.002742999931797385 0
v -0.01054100040346384 0.008417000062763691 0.0008089999901130795
v -0.011328999884426594 0.002742999931797385 0
v -0.010317999869585037 0.005014999769628048 0.006285000126808882
v -0.01054100040346384 0.008417000062763691 0.0008089999901130795
v -0.011328999884426594 0.002742999931797385 0
v -0.011207000352442265 0.00674000009894371 -0.0032420000061392784
v -0.01158200018107891 0.005394000094383955 -0.00509499991312623
v -0.011535000056028366 -0.0020409999415278435 0.0035540000535547733
v -0.011861000210046768 -0.0027439999394118786 0.0013719999697059393
v -0.008138000033795834 -0.0034970000851899385 0.0009710000013001263
v -0.012148999609053135 0.00031999999191612005 -0.004652000032365322
v -0.011969000101089478 0.0025100000202655792 -0.0053900000639259815
v -0.008237999863922596 0.0019680000841617584 -0.006070000119507313
v -0.0018339999951422215 0.005987000185996294 -0.008700000122189522
v -0.0018139999592676759 0.008045000024139881 -0.008526000194251537
v 0.0017640000442042947 0.0077840001322329044 -0.008500000461935997
v -0.002503999974578619 -0.0007379999733529985 -0.0072559998370707035
v -0.0026110000908374786 0.0013249999610707164 -0.006965999957174063
v -0.0023300000466406345 0.001108999946154654 -0.007794999983161688
v -0.005288999993354082 0.0113129997625947 0.0034860000014305115
v -0.006219999864697456 0.008425000123679638 0.00481700012460351
v -0.005613999906927347 0.008356000296771526 0.004776999820023775
v 0.0019480000482872128 0.010565999895334244 0.003955999854952097
v 0 0.007342999801039696 0.006283999886363745
v 0.0033370000310242176 0.006926999893039465 0.006254000123590231
v 0.0036329999566078186 0.01012600027024746 0.005867999978363514
v 0.0019480000482872128 0.010565999895334244 0.003955999854952097
v 0.0033370000310242176 0.006926999893039465 0.006254000123590231
v -0.011528000235557556 0.008883999660611153 0.0035840000491589308
v -0.010300000198185444 0.008926999755203724 0.0024449999909847975
v -0.010077999904751778 0.008697000332176685 0.004538999870419502
v -0.005288999993354082 0.0113129997625947 0.0034860000014305115
v -0.007124000228941441 0.011177999898791313 0.003621000098064542
v -0.006219999864697456 0.008425000123679638 0.00481700012460351
v -0.007124000228941441 0.011177999898791313 0.003621000098064542
v -0.010077999904751778 0.008697000332176685 0.004538999870419502
v -0.006219999864697456 0.008425000123679638 0.00481700012460351
v -0.007124000228941441 0.011177999898791313 0.003621000098064542
v -0.010036000050604343 0.01130099967122078 0.00279600010253489
v -0.010077999904751778 0.008697000332176685 0.004538999870419502
v -0.01306500006467104 0.007598999887704849 -0.0036879999097436666
v -0.013086000457406044 0.00749000022187829 -0.003794000018388033
v -0.011207999661564827 0.007356999907642603 -0.0038920000661164522
v -0.01158200018107891 0.005394000094383955 -0.00509499991312623
v -0.012461000122129917 0.004647000227123499 -0.005274999886751175
v -0.011895000003278255 0.003097000066190958 -0.0054790000431239605
v -0.013292999938130379 0.008701999671757221 0.00041199999395757914
v -0.013519000262022018 0.007813000120222569 -0.002107999986037612
v -0.010893999598920345 0.007853999733924866 -0.0017140000127255917
v -0.01063700020313263 0.008368000388145447 0.00011999999696854502
v -0.013292999938130379 0.008701999671757221 0.00041199999395757914
v -0.010893999598920345 0.007853999733924866 -0.0017140000127255917
v -0.013187999837100506 0.008762000128626823 0.001091000041924417
v -0.013292999938130379 0.008701999671757221 0.00041199999395757914
v -0.01063700020313263 0.008368000388145447 0.00011999999696854502
v -0.01257800031453371 0.009499000385403633 0.0013889999827370048
v -0.01268600020557642 0.009535999968647957 0.0010969999711960554
v -0.010444999672472477 0.009228999726474285 0.0008500000112690032
v -0.01054100040346384 0.008417000062763691 0.0008089999901130795
v -0.013187999837100506 0.008762000128626823 0.001091000041924417
v -0.01063700020313263 0.008368000388145447 0.00011999999696854502
v -0.010036000050604343 0.01130099967122078 0.00279600010253489
v -0.011528000235557556 0.008883999660611153 0.0035840000491589308
v -0.010077999904751778 0.008697000332176685 0.004538999870419502
v -0.011823000386357307 0.011075000278651714 0.000623999978415668
v -0.01268600020557642 0.009535999968647957 0.0010969999711960554
v -0.01257800031453371 0.009499000385403633 0.0013889999827370048
v -0.013292999938130379 0.008701999671757221 0.00041199999395757914
v -0.013187999837100506 0.008762000128626823 0.001091000041924417
v -0.01268600020557642 0.009535999968647957 0.0010969999711960554
v -0.01306500006467104 0.007598999887704849 -0.0036879999097436666
v -0.013658000156283379 0.007069999817758799 -0.0029730000533163548
v -0.013519000262022018 0.007813000120222569 -0.002107999986037612
v -0.011308000423014164 0.009961999952793121 -0.005098000168800354
v -0.013086000457406044 0.00749000022187829 -0.003794000018388033
v -0.01306500006467104 0.007598999887704849 -0.0036879999097436666
v -0.009308000095188618 0.0075599998235702515 -0.007261999882757664
v -0.009789000265300274 0.009393000043928623 -0.007166000083088875
v -0.007046999875456095 0.008958999998867512 -0.008202999830245972
v 0.0027910000644624233 0.013327999971807003 -0.00824700016528368
v 0.0027409999165683985 0.007896999828517437 -0.007814999669790268
v 0.0017640000442042947 0.0077840001322329044 -0.008500000461935997
v -0.0026990000624209642 0.008214999921619892 -0.008119000121951103
v -0.0006779999821446836 0.01343000028282404 -0.008829999715089798
v -0.0018139999592676759 0.008045000024139881 -0.008526000194251537
v -0.0052999998442828655 0.01343000028282404 -0.00962899997830391
v -0.004761999938637018 0.008352999575436115 -0.008119000121951103
v -0.005113000050187111 0.008727000094950199 -0.008208000101149082
v -0.011823000386357307 0.011075000278651714 0.000623999978415668
v -0.00992599967867136 0.015745000913739204 -0.001449999981559813
v -0.012082000263035297 0.010897000320255756 -0.0007409999961964786
v -0.006546999793499708 0.01964700035750866 -0.007910000160336494
v -0.008818999864161015 0.014384999871253967 -0.007104999851435423
v -0.008573000319302082 0.014418999664485455 -0.006128000095486641
v 0.010307000018656254 0.028436999768018723 0.004503999836742878
v 0.00897200033068657 0.028466999530792236 0.003920999821275473
v 0.009345999918878078 0.02426999993622303 0.003834000090137124
v 0.014135999605059624 0.028294000774621964 0.0005310000269673765
v 0.014302999712526798 0.02969300001859665 0.0004299999854993075
v 0.012078000232577324 0.028936000540852547 0.00381499994546175
v -0.0030249999836087227 0.029187999665737152 -0.00855099968612194
v -0.0005130000063218176 0.030050000175833702 -0.0111480001360178
v -0.0015739999944344163 0.02899800054728985 -0.010904000140726566
v -0.0015739999944344163 0.02899800054728985 -0.010904000140726566
v -0.0005130000063218176 0.030050000175833702 -0.0111480001360178
v -0.0005389999714680016 0.028331000357866287 -0.012879000045359135
v -0.0005130000063218176 0.030050000175833702 -0.0111480001360178
v 0.0006779999821446836 0.03213300183415413 -0.013124000281095505
v 0.0010770000517368317 0.03227800130844116 -0.013679999858140945
v 0.001576000009663403 0.032033998519182205 -0.014166000299155712
v 0.0010770000517368317 0.03227800130844116 -0.013679999858140945
v 0.002768999896943569 0.03207699954509735 -0.01411799993366003
v 0.010653999634087086 0.0316540002822876 0.004871999844908714
v 0.011815999634563923 0.03152799978852272 0.004342000000178814
v 0.01105900015681982 0.03316099941730499 0.004616999998688698
v 0.014542999677360058 0.03618500009179115 0.0007089999853633344
v 0.015429000370204449 0.03536999970674515 -0.0005230000242590904
v 0.015406000427901745 0.035787999629974365 -0.0005159999709576368
v 0.015406000427901745 0.035787999629974365 -0.0005159999709576368
v 0.015429000370204449 0.03536999970674515 -0.0005230000242590904
v 0.01658499985933304 0.033567000180482864 -0.002506999997422099
v 0.014302999712526798 0.02969300001859665 0.0004299999854993075
v 0.011815999634563923 0.03152799978852272 0.004342000000178814
v 0.012078000232577324 0.028936000540852547 0.00381499994546175
v 0.01259899977594614 0.03406799957156181 0.0035349999088793993
v 0.011815999634563923 0.03152799978852272 0.004342000000178814
v 0.014302999712526798 0.02969300001859665 0.0004299999854993075
v 0.013969999738037586 0.03553200140595436 0.0016749999485909939
v 0.01259899977594614 0.03406799957156181 0.0035349999088793993
v 0.014302999712526798 0.02969300001859665 0.0004299999854993075
v 0.015429000370204449 0.03536999970674515 -0.0005230000242590904
v 0.013969999738037586 0.03553200140595436 0.0016749999485909939
v 0.014302999712526798 0.02969300001859665 0.0004299999854993075
v 0.01658499985933304 0.033567000180482864 -0.002506999997422099
v 0.015429000370204449 0.03536999970674515 -0.0005230000242590904
v 0.014302999712526798 0.02969300001859665 0.0004299999854993075
v 0.01658499985933304 0.033567000180482864 -0.002506999997422099
v 0.014302999712526798 0.02969300001859665 0.0004299999854993075
v 0.016806000843644142 0.03082199953496456 -0.003160000080242753
v 0.012648999691009521 0.03535199910402298 -0.0037799999117851257
v 0.011579000391066074 0.03640799969434738 -0.0020039998926222324
v 0.015406000427901745 0.035787999629974365 -0.0005159999709576368
v 0.011579000391066074 0.03640799969434738 -0.0020039998926222324
v 0.014542999677360058 0.03618500009179115 0.0007089999853633344
v 0.015406000427901745 0.035787999629974365 -0.0005159999709576368
v 0.011277000419795513 0.02876799926161766 0.004542000126093626
v 0.007988999597728252 0.029008999466896057 0.0023709998931735754
v 0.010307000018656254 0.028436999768018723 0.004503999836742878
v 0.010307000018656254 0.028436999768018723 0.004503999836742878
v 0.007988999597728252 0.029008999466896057 0.0023709998931735754
v 0.00897200033068657 0.028466999530792236 0.003920999821275473
v 0.013492000289261341 0.031125999987125397 -0.005671999882906675
v 0.013345999643206596 0.031096000224351883 -0.005429999902844429
v 0.016806000843644142 0.03082199953496456 -0.003160000080242753
v 0.013150000013411045 0.029363999143242836 -0.005371999926865101
v 0.013345999643206596 0.031096000224351883 -0.005429999902844429
v 0.013492000289261341 0.031125999987125397 -0.005671999882906675
v 0.00829899962991476 0.027612999081611633 0.0016420000465586782
v 0.007821000181138515 0.028891999274492264 0.0025369999930262566
v 0.007988999597728252 0.029008999466896057 0.0023709998931735754
v 0.010587000288069248 0.031101999804377556 -0.001276999944821
v 0.012648999691009521 0.03535199910402298 -0.0037799999117851257
v 0.013287000358104706 0.0334630012512207 -0.005020999815315008
v 0.010587000288069248 0.031101999804377556 -0.001276999944821
v 0.011579000391066074 0.03640799969434738 -0.0020039998926222324
v 0.012648999691009521 0.03535199910402298 -0.0037799999117851257
v 0.010587000288069248 0.031101999804377556 -0.001276999944821
v 0.010262000374495983 0.03640500083565712 0
v 0.011579000391066074 0.03640799969434738 -0.0020039998926222324
v 0.010587000288069248 0.031101999804377556 -0.001276999944821
v 0.009038000367581844 0.03538300096988678 0.001626000041142106
v 0.010262000374495983 0.03640500083565712 0
v 0.010587000288069248 0.031101999804377556 -0.001276999944821
v 0.008150000125169754 0.0335329994559288 0.0027199999894946814
v 0.009038000367581844 0.03538300096988678 0.001626000041142106
v 0.010587000288069248 0.031101999804377556 -0.001276999944821
v 0.0078119998797774315 0.031191999092698097 0.002991999965161085
v 0.008150000125169754 0.0335329994559288 0.0027199999894946814
v 0.010587000288069248 0.031101999804377556 -0.001276999944821
v 0.007988999597728252 0.029008999466896057 0.0023709998931735754
v 0.0078119998797774315 0.031191999092698097 0.002991999965161085
v 0.010587000288069248 0.031101999804377556 -0.001276999944821
v 0.013150000013411045 0.029363999143242836 -0.005371999926865101
v 0.012536999769508839 0.027950000017881393 -0.004656000062823296
v 0.010587000288069248 0.031101999804377556 -0.001276999944821
v 0.013287000358104706 0.0334630012512207 -0.005020999815315008
v 0.013345999643206596 0.031096000224351883 -0.005429999902844429
v 0.010587000288069248 0.031101999804377556 -0.001276999944821
v 0.012536999769508839 0.027950000017881393 -0.004656000062823296
v 0.011730000376701355 0.02688400074839592 -0.0035910001024603844
v 0.009945999830961227 0.02621600031852722 -0.0010110000148415565
v 0.010587000288069248 0.031101999804377556 -0.001276999944821
v 0.011730000376701355 0.02688400074839592 -0.0035910001024603844
v 0.010587000288069248 0.031101999804377556 -0.001276999944821
v 0.009945999830961227 0.02621600031852722 -0.0010110000148415565
v 0.009026000276207924 0.02666199952363968 0.0004239999980200082
v 0.00829899962991476 0.027612999081611633 0.0016420000465586782
v 0.010587000288069248 0.031101999804377556 -0.001276999944821
v 0.009026000276207924 0.02666199952363968 0.0004239999980200082
v 0.010587000288069248 0.031101999804377556 -0.001276999944821
v 0.013345999643206596 0.031096000224351883 -0.005429999902844429
v 0.013150000013411045 0.029363999143242836 -0.005371999926865101
v 0.007988999597728252 0.029008999466896057 0.0023709998931735754
v 0.010587000288069248 0.031101999804377556 -0.001276999944821
v 0.00829899962991476 0.027612999081611633 0.0016420000465586782
v 0.0006779999821446836 0.03213300183415413 -0.013124000281095505
v 0.0011729999678209424 0.03455299884080887 -0.0131029998883605
v 0.0010770000517368317 0.03227800130844116 -0.013679999858140945
v -0.0017000000225380063 0.033525001257658005 -0.00915099959820509
v -0.0030249999836087227 0.029187999665737152 -0.00855099968612194
v -0.004015000071376562 0.030239000916481018 -0.006639000028371811
v -0.0017000000225380063 0.033525001257658005 -0.00915099959820509
v 0.0006779999821446836 0.03213300183415413 -0.013124000281095505
v -0.0005130000063218176 0.030050000175833702 -0.0111480001360178
v -0.0017000000225380063 0.033525001257658005 -0.00915099959820509
v -0.0005130000063218176 0.030050000175833702 -0.0111480001360178
v -0.0030249999836087227 0.029187999665737152 -0.00855099968612194
v -0.0017000000225380063 0.033525001257658005 -0.00915099959820509
v 0.0003530000103637576 0.036706000566482544 -0.011575999669730663
v 0.0011729999678209424 0.03455299884080887 -0.0131029998883605
v -0.0017000000225380063 0.033525001257658005 -0.00915099959820509
v -0.001019999966956675 0.03763600066304207 -0.009403999894857407
v 0.0003530000103637576 0.036706000566482544 -0.011575999669730663
v -0.0017000000225380063 0.033525001257658005 -0.00915099959820509
v -0.002535999985411763 0.03709999844431877 -0.007205999922007322
v -0.001019999966956675 0.03763600066304207 -0.009403999894857407
v -0.002535999985411763 0.03709999844431877 -0.007205999922007322
v -0.0017000000225380063 0.033525001257658005 -0.00915099959820509
v -0.003754999954253435 0.035270001739263535 -0.005623999983072281
v -0.0017000000225380063 0.033525001257658005 -0.00915099959820509
v -0.004337000194936991 0.032370999455451965 -0.005140000022947788
v -0.003754999954253435 0.035270001739263535 -0.005623999983072281
v -0.004337000194936991 0.032370999455451965 -0.005140000022947788
v -0.0017000000225380063 0.033525001257658005 -0.00915099959820509
v -0.004015000071376562 0.030239000916481018 -0.006639000028371811
v -0.0017000000225380063 0.033525001257658005 -0.00915099959820509
v 0.0011729999678209424 0.03455299884080887 -0.0131029998883605
v 0.0006779999821446836 0.03213300183415413 -0.013124000281095505
v 0.004490000195801258 0.03195500001311302 -0.011374999769032001
v 0.004621999803930521 0.03193800151348114 -0.011605000123381615
v 0.0010770000517368317 0.03227800130844116 -0.013679999858140945
v 0.0013429999817162752 0.03721499815583229 -0.0059910002164542675
v 0.002612000098451972 0.03710399940609932 -0.00786800030618906
v -0.001019999966956675 0.03763600066304207 -0.009403999894857407
v -0.002535999985411763 0.03709999844431877 -0.007205999922007322
v 0.0013429999817162752 0.03721499815583229 -0.0059910002164542675
v -0.001019999966956675 0.03763600066304207 -0.009403999894857407
v -0.0007379999733529985 0.03432900086045265 -0.0032369999680668116
v 0.00013899999612476677 0.03616299852728844 -0.0042929998598992825
v -0.003754999954253435 0.035270001739263535 -0.005623999983072281
v 0.0016880000475794077 0.03214799985289574 -0.007158000022172928
v 0.004391000140458345 0.03422499820590019 -0.010924999602138996
v 0.0037320000119507313 0.03610900044441223 -0.009681000374257565
v 0.0016880000475794077 0.03214799985289574 -0.007158000022172928
v 0.0037320000119507313 0.03610900044441223 -0.009681000374257565
v 0.002612000098451972 0.03710399940609932 -0.00786800030618906
v 0.0016880000475794077 0.03214799985289574 -0.007158000022172928
v 0.002612000098451972 0.03710399940609932 -0.00786800030618906
v 0.0013429999817162752 0.03721499815583229 -0.0059910002164542675
v 0.0016880000475794077 0.03214799985289574 -0.007158000022172928
v 0.0013429999817162752 0.03721499815583229 -0.0059910002164542675
v 0.00013899999612476677 0.03616299852728844 -0.0042929998598992825
v 0.0016880000475794077 0.03214799985289574 -0.007158000022172928
v 0.00013899999612476677 0.03616299852728844 -0.0042929998598992825
v -0.0007379999733529985 0.03432900086045265 -0.0032369999680668116
v 0.0016880000475794077 0.03214799985289574 -0.007158000022172928
v -0.0007379999733529985 0.03432900086045265 -0.0032369999680668116
v -0.0011289999820291996 0.032085999846458435 -0.002976000076159835
v 0.0016880000475794077 0.03214799985289574 -0.007158000022172928
v -0.0011289999820291996 0.032085999846458435 -0.002976000076159835
v -0.0009190000128000975 0.02981800027191639 -0.003561000106856227
v 0.0016880000475794077 0.03214799985289574 -0.007158000022172928
v -0.0009190000128000975 0.02981800027191639 -0.003561000106856227
v -0.0010430000256747007 0.02969999983906746 -0.0033909999765455723
v 0.0016880000475794077 0.03214799985289574 -0.007158000022172928
v -0.0010430000256747007 0.02969999983906746 -0.0033909999765455723
v -0.00013899999612476677 0.0277670007199049 -0.005009000189602375
v 0.0016880000475794077 0.03214799985289574 -0.007158000022172928
v -0.00013899999612476677 0.0277670007199049 -0.005009000189602375
v 0.0012619999470189214 0.026979999616742134 -0.007199999876320362
v 0.0016880000475794077 0.03214799985289574 -0.007158000022172928
v 0.0012619999470189214 0.026979999616742134 -0.007199999876320362
v 0.0027520000003278255 0.0275689996778965 -0.009355000220239162
v 0.0016880000475794077 0.03214799985289574 -0.007158000022172928
v 0.0027520000003278255 0.0275689996778965 -0.009355000220239162
v 0.003942000214010477 0.02927199937403202 -0.010910999961197376
v 0.004621999803930521 0.03193800151348114 -0.011605000123381615
v 0.0016880000475794077 0.03214799985289574 -0.007158000022172928
v 0.003942000214010477 0.02927199937403202 -0.010910999961197376
v 0.0016880000475794077 0.03214799985289574 -0.007158000022172928
v 0.004490000195801258 0.03195500001311302 -0.011374999769032001
v 0.004391000140458345 0.03422499820590019 -0.010924999602138996
v 0.0016880000475794077 0.03214799985289574 -0.007158000022172928
v 0.004621999803930521 0.03193800151348114 -0.011605000123381615
v 0.004490000195801258 0.03195500001311302 -0.011374999769032001
v 0.003942000214010477 0.02927199937403202 -0.010910999961197376
v 0.012536999769508839 0.027950000017881393 -0.004656000062823296
v 0.013150000013411045 0.029363999143242836 -0.005371999926865101
v -0.0010430000256747007 0.02969999983906746 -0.0033909999765455723
v 0.007821000181138515 0.028891999274492264 0.0025369999930262566
v 0.00829899962991476 0.027612999081611633 0.0016420000465586782
v -0.004317999817430973 0.03012700006365776 -0.0058280001394450665
v -0.004015000071376562 0.030239000916481018 -0.006639000028371811
v -0.005609999876469374 0.026355000212788582 -0.005357000045478344
v -0.003298999974504113 0.028721999377012253 -0.0026579999830573797
v -0.0010430000256747007 0.02969999983906746 -0.0033909999765455723
v -0.0043680001981556416 0.029236000031232834 -0.004236000124365091
v -0.001066999975591898 0.027990000322461128 0
v 0.0007900000200606883 0.028250999748706818 0.0002800000074785203
v -0.0019160000374540687 0.028223000466823578 -0.001032999949529767
v -0.003298999974504113 0.028721999377012253 -0.0026579999830573797
v -0.002389000030234456 0.028603000566363335 -0.0019359999569132924
v 0.00304899993352592 0.02868100069463253 0.0005879999953322113
v -0.0010430000256747007 0.02969999983906746 -0.0033909999765455723
v -0.003298999974504113 0.028721999377012253 -0.0026579999830573797
v 0.00304899993352592 0.02868100069463253 0.0005879999953322113
v 0.004375999793410301 0.027646999806165695 0.003240999998524785
v 0.00671500014141202 0.027785999700427055 0.004091000184416771
v 0.00304899993352592 0.02868100069463253 0.0005879999953322113
v 0.00671500014141202 0.027785999700427055 0.004091000184416771
v 0.007203000131994486 0.028008000925183296 0.0039610001258552074
v 0.00304899993352592 0.02868100069463253 0.0005879999953322113
v 0.007203000131994486 0.028008000925183296 0.0039610001258552074
v 0.00897200033068657 0.028466999530792236 0.003920999821275473
v 0.00304899993352592 0.02868100069463253 0.0005879999953322113
v 0.007988999597728252 0.029008999466896057 0.0023709998931735754
v 0.007821000181138515 0.028891999274492264 0.0025369999930262566
v 0.00897200033068657 0.028466999530792236 0.003920999821275473
v 0.00897200033068657 0.028466999530792236 0.003920999821275473
v 0.007821000181138515 0.028891999274492264 0.0025369999930262566
v 0.00304899993352592 0.02868100069463253 0.0005879999953322113
v 0.007821000181138515 0.028891999274492264 0.0025369999930262566
v -0.0010430000256747007 0.02969999983906746 -0.0033909999765455723
v 0.00304899993352592 0.02868100069463253 0.0005879999953322113
v 0.011803999543190002 0.030226999893784523 -0.0018269999418407679
v 0.012105000205338001 0.0312890000641346 -0.0021810000762343407
v 0.011238999664783478 0.031318001449108124 -0.0009389999904669821
v 0.0018240000354126096 0.03222599998116493 -0.008961999788880348
v 0.0015239999629557133 0.031165000051259995 -0.008608000352978706
v 0.0009590000263415277 0.03225399926304817 -0.007720000110566616
v 0.011172999627888203 0.02980400063097477 -0.0009519999730400741
v 0.011803999543190002 0.030226999893784523 -0.0018269999418407679
v 0.011238999664783478 0.031318001449108124 -0.0009389999904669821
v 0.0015239999629557133 0.031165000051259995 -0.008608000352978706
v 0.0008919999818317592 0.030741000548005104 -0.007732999976724386
v 0.0009590000263415277 0.03225399926304817 -0.007720000110566616
v 0.010579999536275864 0.030268000438809395 0
v 0.011172999627888203 0.02980400063097477 -0.0009519999730400741
v 0.011238999664783478 0.031318001449108124 -0.0009389999904669821
v 0.0008919999818317592 0.030741000548005104 -0.007732999976724386
v 0.0003000000142492354 0.03120500035583973 -0.006850999779999256
v 0.0009590000263415277 0.03225399926304817 -0.007720000110566616
v 0.010374000295996666 0.031346000730991364 0.00030300000798888505
v 0.010579999536275864 0.030268000438809395 0
v 0.011238999664783478 0.031318001449108124 -0.0009389999904669821
v 0.0003000000142492354 0.03120500035583973 -0.006850999779999256
v 0 0.0322830006480217 -0.006477999966591597
v 0.0009590000263415277 0.03225399926304817 -0.007720000110566616
v 0.010673999786376953 0.0324070006608963 0
v 0.010374000295996666 0.031346000730991364 0.00030300000798888505
v 0.011238999664783478 0.031318001449108124 -0.0009389999904669821
v 0 0.0322830006480217 -0.006477999966591597
v 0.0003929999948013574 0.033344998955726624 -0.006831999868154526
v 0.0009590000263415277 0.03225399926304817 -0.007720000110566616
v 0.011304999701678753 0.032829999923706055 -0.0009250000002793968
v 0.010673999786376953 0.0324070006608963 0
v 0.011238999664783478 0.031318001449108124 -0.0009389999904669821
v 0.0003929999948013574 0.033344998955726624 -0.006831999868154526
v 0.001025000005029142 0.03376699984073639 -0.007706000003963709
v 0.0009590000263415277 0.03225399926304817 -0.007720000110566616
v 0.011897999793291092 0.032368000596761703 -0.0018070000223815441
v 0.011304999701678753 0.032829999923706055 -0.0009250000002793968
v 0.011238999664783478 0.031318001449108124 -0.0009389999904669821
v 0.001025000005029142 0.03376699984073639 -0.007706000003963709
v 0.0016169999726116657 0.03330500051379204 -0.008589000441133976
v 0.0009590000263415277 0.03225399926304817 -0.007720000110566616
v 0.012105000205338001 0.0312890000641346 -0.0021810000762343407
v 0.011897999793291092 0.032368000596761703 -0.0018070000223815441
v 0.011238999664783478 0.031318001449108124 -0.0009389999904669821
v 0.0016169999726116657 0.03330500051379204 -0.008589000441133976
v 0.0018240000354126096 0.03222599998116493 -0.008961999788880348
v 0.0009590000263415277 0.03225399926304817 -0.007720000110566616
v -0.004317999817430973 0.03012700006365776 -0.0058280001394450665
v -0.004337000194936991 0.032370999455451965 -0.005140000022947788
v -0.004015000071376562 0.030239000916481018 -0.006639000028371811
v 0.004621999803930521 0.03193800151348114 -0.011605000123381615
v 0.003942000214010477 0.02927199937403202 -0.010910999961197376
v 0.007333999965339899 0.03168199956417084 -0.00979700032621622
v 0.010514999739825726 0.03138900175690651 -0.007677000015974045
v 0.013150000013411045 0.029363999143242836 -0.005371999926865101
v 0.013492000289261341 0.031125999987125397 -0.005671999882906675
v 0.003942000214010477 0.02927199937403202 -0.010910999961197376
v 0.013150000013411045 0.029363999143242836 -0.005371999926865101
v 0.010514999739825726 0.03138900175690651 -0.007677000015974045
v 0.007333999965339899 0.03168199956417084 -0.00979700032621622
v 0.003942000214010477 0.02927199937403202 -0.010910999961197376
v 0.010514999739825726 0.03138900175690651 -0.007677000015974045
v -0.004337000194936991 0.032370999455451965 -0.005140000022947788
v -0.0009190000128000975 0.02981800027191639 -0.003561000106856227
v -0.0011289999820291996 0.032085999846458435 -0.002976000076159835
v -0.004337000194936991 0.032370999455451965 -0.005140000022947788
v -0.004317999817430973 0.03012700006365776 -0.0058280001394450665
v -0.0009190000128000975 0.02981800027191639 -0.003561000106856227
v 0.0018240000354126096 0.03222599998116493 -0.008961999788880348
v 0.0016169999726116657 0.03330500051379204 -0.008589000441133976
v 0.011897999793291092 0.032368000596761703 -0.0018070000223815441
v 0.012105000205338001 0.0312890000641346 -0.0021810000762343407
v 0.0018240000354126096 0.03222599998116493 -0.008961999788880348
v 0.011897999793291092 0.032368000596761703 -0.0018070000223815441
v 0.0016169999726116657 0.03330500051379204 -0.008589000441133976
v 0.001025000005029142 0.03376699984073639 -0.007706000003963709
v 0.011304999701678753 0.032829999923706055 -0.0009250000002793968
v 0.011897999793291092 0.032368000596761703 -0.0018070000223815441
v 0.0016169999726116657 0.03330500051379204 -0.008589000441133976
v 0.011304999701678753 0.032829999923706055 -0.0009250000002793968
v 0.001025000005029142 0.03376699984073639 -0.007706000003963709
v 0.0003929999948013574 0.033344998955726624 -0.006831999868154526
v 0.010673999786376953 0.0324070006608963 0
v 0.011304999701678753 0.032829999923706055 -0.0009250000002793968
v 0.001025000005029142 0.03376699984073639 -0.007706000003963709
v 0.010673999786376953 0.0324070006608963 0
v 0.010673999786376953 0.0324070006608963 0
v 0 0.0322830006480217 -0.006477999966591597
v 0.010374000295996666 0.031346000730991364 0.00030300000798888505
v 0.010673999786376953 0.0324070006608963 0
v 0.0003929999948013574 0.033344998955726624 -0.006831999868154526
v 0 0.0322830006480217 -0.006477999966591597
v 0.010374000295996666 0.031346000730991364 0.00030300000798888505
v 0.0003000000142492354 0.03120500035583973 -0.006850999779999256
v 0.010579999536275864 0.030268000438809395 0
v 0.010374000295996666 0.031346000730991364 0.00030300000798888505
v 0 0.0322830006480217 -0.006477999966591597
v 0.0003000000142492354 0.03120500035583973 -0.006850999779999256
v 0.010579999536275864 0.030268000438809395 0
v 0.0008919999818317592 0.030741000548005104 -0.007732999976724386
v 0.011172999627888203 0.02980400063097477 -0.0009519999730400741
v 0.010579999536275864 0.030268000438809395 0
v 0.0003000000142492354 0.03120500035583973 -0.006850999779999256
v 0.0008919999818317592 0.030741000548005104 -0.007732999976724386
v 0.011172999627888203 0.02980400063097477 -0.0009519999730400741
v 0.0015239999629557133 0.031165000051259995 -0.008608000352978706
v 0.011803999543190002 0.030226999893784523 -0.0018269999418407679
v 0.011172999627888203 0.02980400063097477 -0.0009519999730400741
v 0.0008919999818317592 0.030741000548005104 -0.007732999976724386
v 0.0015239999629557133 0.031165000051259995 -0.008608000352978706
v 0.0015239999629557133 0.031165000051259995 -0.008608000352978706
v 0.0018240000354126096 0.03222599998116493 -0.008961999788880348
v 0.012105000205338001 0.0312890000641346 -0.0021810000762343407
v 0.011803999543190002 0.030226999893784523 -0.0018269999418407679
v 0.0015239999629557133 0.031165000051259995 -0.008608000352978706
v 0.012105000205338001 0.0312890000641346 -0.0021810000762343407
v -0.002389000030234456 0.028603000566363335 -0.0019359999569132924
v 0.0007900000200606883 0.028250999748706818 0.0002800000074785203
v 0.00304899993352592 0.02868100069463253 0.0005879999953322113
v -0.002389000030234456 0.028603000566363335 -0.0019359999569132924
v -0.0019160000374540687 0.028223000466823578 -0.001032999949529767
v 0.0007900000200606883 0.028250999748706818 0.0002800000074785203
v -0.0009190000128000975 0.02981800027191639 -0.003561000106856227
v -0.004317999817430973 0.03012700006365776 -0.0058280001394450665
v -0.0043680001981556416 0.029236000031232834 -0.004236000124365091
v -0.0010430000256747007 0.02969999983906746 -0.0033909999765455723
v -0.0009190000128000975 0.02981800027191639 -0.003561000106856227
v -0.0043680001981556416 0.029236000031232834 -0.004236000124365091
v -0.0043680001981556416 0.029236000031232834 -0.004236000124365091
v -0.004317999817430973 0.03012700006365776 -0.0058280001394450665
v -0.005609999876469374 0.026355000212788582 -0.005357000045478344
v -0.005386000033468008 0.02658900059759617 -0.0033319999929517508
v -0.0043680001981556416 0.029236000031232834 -0.004236000124365091
v -0.005609999876469374 0.026355000212788582 -0.005357000045478344
v -0.00013899999612476677 0.0277670007199049 -0.005009000189602375
v 0.00829899962991476 0.027612999081611633 0.0016420000465586782
v 0.009026000276207924 0.02666199952363968 0.0004239999980200082
v -0.00013899999612476677 0.0277670007199049 -0.005009000189602375
v -0.0010430000256747007 0.02969999983906746 -0.0033909999765455723
v 0.00829899962991476 0.027612999081611633 0.0016420000465586782
v 0.0012619999470189214 0.026979999616742134 -0.007199999876320362
v 0.009026000276207924 0.02666199952363968 0.0004239999980200082
v 0.009945999830961227 0.02621600031852722 -0.0010110000148415565
v 0.0012619999470189214 0.026979999616742134 -0.007199999876320362
v -0.00013899999612476677 0.0277670007199049 -0.005009000189602375
v 0.009026000276207924 0.02666199952363968 0.0004239999980200082
v 0.0012619999470189214 0.026979999616742134 -0.007199999876320362
v 0.009945999830961227 0.02621600031852722 -0.0010110000148415565
v 0.011730000376701355 0.02688400074839592 -0.0035910001024603844
v 0.0027520000003278255 0.0275689996778965 -0.009355000220239162
v 0.0012619999470189214 0.026979999616742134 -0.007199999876320362
v 0.011730000376701355 0.02688400074839592 -0.0035910001024603844
v 0.0027520000003278255 0.0275689996778965 -0.009355000220239162
v 0.011730000376701355 0.02688400074839592 -0.0035910001024603844
v 0.012536999769508839 0.027950000017881393 -0.004656000062823296
v 0.003942000214010477 0.02927199937403202 -0.010910999961197376
v 0.0027520000003278255 0.0275689996778965 -0.009355000220239162
v 0.012536999769508839 0.027950000017881393 -0.004656000062823296
v -0.004337000194936991 0.032370999455451965 -0.005140000022947788
v -0.0007379999733529985 0.03432900086045265 -0.0032369999680668116
v -0.003754999954253435 0.035270001739263535 -0.005623999983072281
v -0.004337000194936991 0.032370999455451965 -0.005140000022947788
v -0.0011289999820291996 0.032085999846458435 -0.002976000076159835
v -0.0007379999733529985 0.03432900086045265 -0.0032369999680668116
v 0.00013899999612476677 0.03616299852728844 -0.0042929998598992825
v 0.0013429999817162752 0.03721499815583229 -0.0059910002164542675
v -0.002535999985411763 0.03709999844431877 -0.007205999922007322
v -0.003754999954253435 0.035270001739263535 -0.005623999983072281
v 0.00013899999612476677 0.03616299852728844 -0.0042929998598992825
v -0.002535999985411763 0.03709999844431877 -0.007205999922007322
v 0.002612000098451972 0.03710399940609932 -0.00786800030618906
v 0.0037320000119507313 0.03610900044441223 -0.009681000374257565
v 0.0003530000103637576 0.036706000566482544 -0.011575999669730663
v -0.001019999966956675 0.03763600066304207 -0.009403999894857407
v 0.002612000098451972 0.03710399940609932 -0.00786800030618906
v 0.0003530000103637576 0.036706000566482544 -0.011575999669730663
v 0.0037320000119507313 0.03610900044441223 -0.009681000374257565
v 0.004391000140458345 0.03422499820590019 -0.010924999602138996
v 0.0011729999678209424 0.03455299884080887 -0.0131029998883605
v 0.0003530000103637576 0.036706000566482544 -0.011575999669730663
v 0.0037320000119507313 0.03610900044441223 -0.009681000374257565
v 0.0011729999678209424 0.03455299884080887 -0.0131029998883605
v 0.0011729999678209424 0.03455299884080887 -0.0131029998883605
v 0.004490000195801258 0.03195500001311302 -0.011374999769032001
v 0.0010770000517368317 0.03227800130844116 -0.013679999858140945
v 0.0011729999678209424 0.03455299884080887 -0.0131029998883605
v 0.004391000140458345 0.03422499820590019 -0.010924999602138996
v 0.004490000195801258 0.03195500001311302 -0.011374999769032001
v 0.013287000358104706 0.0334630012512207 -0.005020999815315008
v 0.01658499985933304 0.033567000180482864 -0.002506999997422099
v 0.016806000843644142 0.03082199953496456 -0.003160000080242753
v 0.013345999643206596 0.031096000224351883 -0.005429999902844429
v 0.013287000358104706 0.0334630012512207 -0.005020999815315008
v 0.016806000843644142 0.03082199953496456 -0.003160000080242753
v 0.0078119998797774315 0.031191999092698097 0.002991999965161085
v 0.007988999597728252 0.029008999466896057 0.0023709998931735754
v 0.011277000419795513 0.02876799926161766 0.004542000126093626
v 0.010653999634087086 0.0316540002822876 0.004871999844908714
v 0.0078119998797774315 0.031191999092698097 0.002991999965161085
v 0.011277000419795513 0.02876799926161766 0.004542000126093626
v 0.008150000125169754 0.0335329994559288 0.0027199999894946814
v 0.010653999634087086 0.0316540002822876 0.004871999844908714
v 0.01105900015681982 0.03316099941730499 0.004616999998688698
v 0.008150000125169754 0.0335329994559288 0.0027199999894946814
v 0.0078119998797774315 0.031191999092698097 0.002991999965161085
v 0.010653999634087086 0.0316540002822876 0.004871999844908714
v 0.008150000125169754 0.0335329994559288 0.0027199999894946814
v 0.01105900015681982 0.03316099941730499 0.004616999998688698
v 0.011679000221192837 0.03460099920630455 0.0040480000898242
v 0.009038000367581844 0.03538300096988678 0.001626000041142106
v 0.008150000125169754 0.0335329994559288 0.0027199999894946814
v 0.011679000221192837 0.03460099920630455 0.0040480000898242
v 0.009038000367581844 0.03538300096988678 0.001626000041142106
v 0.011679000221192837 0.03460099920630455 0.0040480000898242
v 0.01344900019466877 0.036132000386714935 0.0020210000220686197
v 0.010262000374495983 0.03640500083565712 0
v 0.009038000367581844 0.03538300096988678 0.001626000041142106
v 0.01344900019466877 0.036132000386714935 0.0020210000220686197
v 0.010262000374495983 0.03640500083565712 0
v 0.01344900019466877 0.036132000386714935 0.0020210000220686197
v 0.014542999677360058 0.03618500009179115 0.0007089999853633344
v 0.011579000391066074 0.03640799969434738 -0.0020039998926222324
v 0.010262000374495983 0.03640500083565712 0
v 0.014542999677360058 0.03618500009179115 0.0007089999853633344
v 0.012648999691009521 0.03535199910402298 -0.0037799999117851257
v 0.015406000427901745 0.035787999629974365 -0.0005159999709576368
v 0.01658499985933304 0.033567000180482864 -0.002506999997422099
v 0.013287000358104706 0.0334630012512207 -0.005020999815315008
v 0.012648999691009521 0.03535199910402298 -0.0037799999117851257
v 0.01658499985933304 0.033567000180482864 -0.002506999997422099
v 0.013969999738037586 0.03553200140595436 0.0016749999485909939
v 0.015429000370204449 0.03536999970674515 -0.0005230000242590904
v 0.014542999677360058 0.03618500009179115 0.0007089999853633344
v 0.01344900019466877 0.036132000386714935 0.0020210000220686197
v 0.013969999738037586 0.03553200140595436 0.0016749999485909939
v 0.014542999677360058 0.03618500009179115 0.0007089999853633344
v 0.01259899977594614 0.03406799957156181 0.0035349999088793993
v 0.013969999738037586 0.03553200140595436 0.0016749999485909939
v 0.01344900019466877 0.036132000386714935 0.0020210000220686197
v 0.011679000221192837 0.03460099920630455 0.0040480000898242
v 0.01259899977594614 0.03406799957156181 0.0035349999088793993
v 0.01344900019466877 0.036132000386714935 0.0020210000220686197
v 0.01105900015681982 0.03316099941730499 0.004616999998688698
v 0.01259899977594614 0.03406799957156181 0.0035349999088793993
v 0.011679000221192837 0.03460099920630455 0.0040480000898242
v 0.01105900015681982 0.03316099941730499 0.004616999998688698
v 0.011815999634563923 0.03152799978852272 0.004342000000178814
v 0.01259899977594614 0.03406799957156181 0.0035349999088793993
v 0.011815999634563923 0.03152799978852272 0.004342000000178814
v 0.010653999634087086 0.0316540002822876 0.004871999844908714
v 0.011277000419795513 0.02876799926161766 0.004542000126093626
v 0.012078000232577324 0.028936000540852547 0.00381499994546175
v 0.011815999634563923 0.03152799978852272 0.004342000000178814
v 0.011277000419795513 0.02876799926161766 0.004542000126093626
v 0.0010770000517368317 0.03227800130844116 -0.013679999858140945
v 0.004621999803930521 0.03193800151348114 -0.011605000123381615
v 0.003963000141084194 0.0319489985704422 -0.013357000425457954
v 0.002768999896943569 0.03207699954509735 -0.01411799993366003
v 0.0010770000517368317 0.03227800130844116 -0.013679999858140945
v 0.003963000141084194 0.0319489985704422 -0.013357000425457954
v 0.004621999803930521 0.03193800151348114 -0.011605000123381615
v 0.007333999965339899 0.03168199956417084 -0.00979700032621622
v 0.007918000221252441 0.031619999557733536 -0.010706000030040741
v 0.003963000141084194 0.0319489985704422 -0.013357000425457954
v 0.004621999803930521 0.03193800151348114 -0.011605000123381615
v 0.007918000221252441 0.031619999557733536 -0.010706000030040741
v 0.013492000289261341 0.031125999987125397 -0.005671999882906675
v 0.016806000843644142 0.03082199953496456 -0.003160000080242753
v 0.016681000590324402 0.03083699941635132 -0.00484299985691905
v 0.014820000156760216 0.030990999191999435 -0.00612299982458353
v 0.013492000289261341 0.031125999987125397 -0.005671999882906675
v 0.016681000590324402 0.03083699941635132 -0.00484299985691905
v 0.011114999651908875 0.031314000487327576 -0.008592000231146812
v 0.013492000289261341 0.031125999987125397 -0.005671999882906675
v 0.014820000156760216 0.030990999191999435 -0.00612299982458353
v 0.011114999651908875 0.031314000487327576 -0.008592000231146812
v 0.010514999739825726 0.03138900175690651 -0.007677000015974045
v 0.013492000289261341 0.031125999987125397 -0.005671999882906675
v 0.007333999965339899 0.03168199956417084 -0.00979700032621622
v 0.010514999739825726 0.03138900175690651 -0.007677000015974045
v 0.011114999651908875 0.031314000487327576 -0.008592000231146812
v 0.007918000221252441 0.031619999557733536 -0.010706000030040741
v 0.007333999965339899 0.03168199956417084 -0.00979700032621622
v 0.011114999651908875 0.031314000487327576 -0.008592000231146812
v -0.0005130000063218176 0.030050000175833702 -0.0111480001360178
v 0.001576000009663403 0.032033998519182205 -0.014166000299155712
v -0.0005389999714680016 0.028331000357866287 -0.012879000045359135
v -0.0005130000063218176 0.030050000175833702 -0.0111480001360178
v 0.0010770000517368317 0.03227800130844116 -0.013679999858140945
v 0.001576000009663403 0.032033998519182205 -0.014166000299155712
v 0.001576000009663403 0.032033998519182205 -0.014166000299155712
v 0.002768999896943569 0.03207699954509735 -0.01411799993366003
v 0.0011129999766126275 0.027910999953746796 -0.01322100032120943
v -0.0005389999714680016 0.028331000357866287 -0.012879000045359135
v 0.001576000009663403 0.032033998519182205 -0.014166000299155712
v 0.0011129999766126275 0.027910999953746796 -0.01322100032120943
v 0.002768999896943569 0.03207699954509735 -0.01411799993366003
v 0.003963000141084194 0.0319489985704422 -0.013357000425457954
v 0.0029060000088065863 0.02759600058197975 -0.012295999564230442
v 0.0011129999766126275 0.027910999953746796 -0.01322100032120943
v 0.002768999896943569 0.03207699954509735 -0.01411799993366003
v 0.0029060000088065863 0.02759600058197975 -0.012295999564230442
v 0.003963000141084194 0.0319489985704422 -0.013357000425457954
v 0.007918000221252441 0.031619999557733536 -0.010706000030040741
v 0.006622999906539917 0.02704700082540512 -0.010203000158071518
v 0.0029060000088065863 0.02759600058197975 -0.012295999564230442
v 0.003963000141084194 0.0319489985704422 -0.013357000425457954
v 0.006622999906539917 0.02704700082540512 -0.010203000158071518
v 0.007918000221252441 0.031619999557733536 -0.010706000030040741
v 0.011114999651908875 0.031314000487327576 -0.008592000231146812
v 0.010824000462889671 0.027154000476002693 -0.007961000315845013
v 0.006622999906539917 0.02704700082540512 -0.010203000158071518
v 0.007918000221252441 0.031619999557733536 -0.010706000030040741
v 0.010824000462889671 0.027154000476002693 -0.007961000315845013
v 0.010824000462889671 0.027154000476002693 -0.007961000315845013
v 0.014820000156760216 0.030990999191999435 -0.00612299982458353
v 0.014550999738276005 0.027103999629616737 -0.0059369998052716255
v 0.010824000462889671 0.027154000476002693 -0.007961000315845013
v 0.011114999651908875 0.031314000487327576 -0.008592000231146812
v 0.014820000156760216 0.030990999191999435 -0.00612299982458353
v 0.014820000156760216 0.030990999191999435 -0.00612299982458353
v 0.016681000590324402 0.03083699941635132 -0.00484299985691905
v 0.016170000657439232 0.02695300057530403 -0.004904000088572502
v 0.014550999738276005 0.027103999629616737 -0.0059369998052716255
v 0.014820000156760216 0.030990999191999435 -0.00612299982458353
v 0.016170000657439232 0.02695300057530403 -0.004904000088572502
v 0.016681000590324402 0.03083699941635132 -0.00484299985691905
v 0.016806000843644142 0.03082199953496456 -0.003160000080242753
v 0.016328999772667885 0.027129000052809715 -0.003315000096336007
v 0.016170000657439232 0.02695300057530403 -0.004904000088572502
v 0.016681000590324402 0.03083699941635132 -0.00484299985691905
v 0.016328999772667885 0.027129000052809715 -0.003315000096336007
v 0.016328999772667885 0.027129000052809715 -0.003315000096336007
v 0.014302999712526798 0.02969300001859665 0.0004299999854993075
v 0.014135999605059624 0.028294000774621964 0.0005310000269673765
v 0.016328999772667885 0.027129000052809715 -0.003315000096336007
v 0.016806000843644142 0.03082199953496456 -0.003160000080242753
v 0.014302999712526798 0.02969300001859665 0.0004299999854993075
v -0.0015739999944344163 0.02899800054728985 -0.010904000140726566
v -0.0005389999714680016 0.028331000357866287 -0.012879000045359135
v -0.002406999934464693 0.02464199997484684 -0.01185499969869852
v -0.0034030000679194927 0.025280000641942024 -0.010181999765336514
v -0.0015739999944344163 0.02899800054728985 -0.010904000140726566
v -0.002406999934464693 0.02464199997484684 -0.01185499969869852
v -0.0005389999714680016 0.028331000357866287 -0.012879000045359135
v 0.0011129999766126275 0.027910999953746796 -0.01322100032120943
v -0.0010689999908208847 0.02402999997138977 -0.012295999564230442
v -0.002406999934464693 0.02464199997484684 -0.01185499969869852
v -0.0005389999714680016 0.028331000357866287 -0.012879000045359135
v -0.0010689999908208847 0.02402999997138977 -0.012295999564230442
v 0.0011129999766126275 0.027910999953746796 -0.01322100032120943
v 0.0029060000088065863 0.02759600058197975 -0.012295999564230442
v 0.0019209999591112137 0.02347699925303459 -0.011281000450253487
v -0.0010689999908208847 0.02402999997138977 -0.012295999564230442
v 0.0011129999766126275 0.027910999953746796 -0.01322100032120943
v 0.0019209999591112137 0.02347699925303459 -0.011281000450253487
v 0.0029060000088065863 0.02759600058197975 -0.012295999564230442
v 0.006622999906539917 0.02704700082540512 -0.010203000158071518
v 0.005379000212997198 0.02294600009918213 -0.009797999635338783
v 0.0019209999591112137 0.02347699925303459 -0.011281000450253487
v 0.0029060000088065863 0.02759600058197975 -0.012295999564230442
v 0.005379000212997198 0.02294600009918213 -0.009797999635338783
v 0.006622999906539917 0.02704700082540512 -0.010203000158071518
v 0.010824000462889671 0.027154000476002693 -0.007961000315845013
v 0.009852999821305275 0.022639000788331032 -0.007912999950349331
v 0.005379000212997198 0.02294600009918213 -0.009797999635338783
v 0.006622999906539917 0.02704700082540512 -0.010203000158071518
v 0.009852999821305275 0.022639000788331032 -0.007912999950349331
v 0.010824000462889671 0.027154000476002693 -0.007961000315845013
v 0.014550999738276005 0.027103999629616737 -0.0059369998052716255
v 0.013364000245928764 0.02222999930381775 -0.006566999945789576
v 0.009852999821305275 0.022639000788331032 -0.007912999950349331
v 0.010824000462889671 0.027154000476002693 -0.007961000315845013
v 0.013364000245928764 0.02222999930381775 -0.006566999945789576
v 0.014550999738276005 0.027103999629616737 -0.0059369998052716255
v 0.016170000657439232 0.02695300057530403 -0.004904000088572502
v 0.015273000113666058 0.021815000101923943 -0.0058109997771680355
v 0.013364000245928764 0.02222999930381775 -0.006566999945789576
v 0.014550999738276005 0.027103999629616737 -0.0059369998052716255
v 0.015273000113666058 0.021815000101923943 -0.0058109997771680355
v 0.016170000657439232 0.02695300057530403 -0.004904000088572502
v 0.016328999772667885 0.027129000052809715 -0.003315000096336007
v 0.01613299921154976 0.021831000223755836 -0.004267999902367592
v 0.015273000113666058 0.021815000101923943 -0.0058109997771680355
v 0.016170000657439232 0.02695300057530403 -0.004904000088572502
v 0.01613299921154976 0.021831000223755836 -0.004267999902367592
v 0.016328999772667885 0.027129000052809715 -0.003315000096336007
v 0.014541000127792358 0.02384199947118759 -0.0006259999936446548
v 0.01613299921154976 0.021831000223755836 -0.004267999902367592
v 0.016328999772667885 0.027129000052809715 -0.003315000096336007
v 0.014135999605059624 0.028294000774621964 0.0005310000269673765
v 0.014541000127792358 0.02384199947118759 -0.0006259999936446548
v 0.014135999605059624 0.028294000774621964 0.0005310000269673765
v 0.012078000232577324 0.028936000540852547 0.00381499994546175
v 0.012609999626874924 0.024077000096440315 0.0028460000175982714
v 0.014541000127792358 0.02384199947118759 -0.0006259999936446548
v 0.014135999605059624 0.028294000774621964 0.0005310000269673765
v 0.012609999626874924 0.024077000096440315 0.0028460000175982714
v 0.012078000232577324 0.028936000540852547 0.00381499994546175
v 0.011277000419795513 0.02876799926161766 0.004542000126093626
v 0.011807999573647976 0.024070000275969505 0.0037140001077204943
v 0.012609999626874924 0.024077000096440315 0.0028460000175982714
v 0.012078000232577324 0.028936000540852547 0.00381499994546175
v 0.011807999573647976 0.024070000275969505 0.0037140001077204943
v 0.011807999573647976 0.024070000275969505 0.0037140001077204943
v 0.010307000018656254 0.028436999768018723 0.004503999836742878
v 0.009345999918878078 0.02426999993622303 0.003834000090137124
v 0.011807999573647976 0.024070000275969505 0.0037140001077204943
v 0.011277000419795513 0.02876799926161766 0.004542000126093626
v 0.010307000018656254 0.028436999768018723 0.004503999836742878
v 0.00897200033068657 0.028466999530792236 0.003920999821275473
v 0.007203000131994486 0.028008000925183296 0.0039610001258552074
v 0.007385999895632267 0.02483000047504902 0.0039470000192523
v 0.009345999918878078 0.02426999993622303 0.003834000090137124
v 0.00897200033068657 0.028466999530792236 0.003920999821275473
v 0.007385999895632267 0.02483000047504902 0.0039470000192523
v 0.007203000131994486 0.028008000925183296 0.0039610001258552074
v 0.00671500014141202 0.027785999700427055 0.004091000184416771
v 0.006692000199109316 0.025112999603152275 0.004062000196427107
v 0.007385999895632267 0.02483000047504902 0.0039470000192523
v 0.007203000131994486 0.028008000925183296 0.0039610001258552074
v 0.006692000199109316 0.025112999603152275 0.004062000196427107
v 0.006692000199109316 0.025112999603152275 0.004062000196427107
v 0.004375999793410301 0.027646999806165695 0.003240999998524785
v 0.004251999780535698 0.025098999962210655 0.003329999977722764
v 0.006692000199109316 0.025112999603152275 0.004062000196427107
v 0.00671500014141202 0.027785999700427055 0.004091000184416771
v 0.004375999793410301 0.027646999806165695 0.003240999998524785
v 0.004375999793410301 0.027646999806165695 0.003240999998524785
v 0.00304899993352592 0.02868100069463253 0.0005879999953322113
v 0.0030129998922348022 0.025134999305009842 0.001231999951414764
v 0.004251999780535698 0.025098999962210655 0.003329999977722764
v 0.004375999793410301 0.027646999806165695 0.003240999998524785
v 0.0030129998922348022 0.025134999305009842 0.001231999951414764
v 0.00304899993352592 0.02868100069463253 0.0005879999953322113
v 0.0007900000200606883 0.028250999748706818 0.0002800000074785203
v 0.0009270000155083835 0.0255730003118515 0.0006469999789260328
v 0.0030129998922348022 0.025134999305009842 0.001231999951414764
v 0.00304899993352592 0.02868100069463253 0.0005879999953322113
v 0.0009270000155083835 0.0255730003118515 0.0006469999789260328
v 0.0007900000200606883 0.028250999748706818 0.0002800000074785203
v -0.001066999975591898 0.027990000322461128 0
v -0.0011759999906644225 0.02610599994659424 0.0002579999854788184
v 0.0009270000155083835 0.0255730003118515 0.0006469999789260328
v 0.0007900000200606883 0.028250999748706818 0.0002800000074785203
v -0.0011759999906644225 0.02610599994659424 0.0002579999854788184
v -0.001066999975591898 0.027990000322461128 0
v -0.0019160000374540687 0.028223000466823578 -0.001032999949529767
v -0.0018660000059753656 0.025911999866366386 -0.0004980000085197389
v -0.0011759999906644225 0.02610599994659424 0.0002579999854788184
v -0.001066999975591898 0.027990000322461128 0
v -0.0018660000059753656 0.025911999866366386 -0.0004980000085197389
v -0.0019160000374540687 0.028223000466823578 -0.001032999949529767
v -0.002389000030234456 0.028603000566363335 -0.0019359999569132924
v -0.003005000064149499 0.02583800069987774 -0.0014029999729245901
v -0.0018660000059753656 0.025911999866366386 -0.0004980000085197389
v -0.0019160000374540687 0.028223000466823578 -0.001032999949529767
v -0.003005000064149499 0.02583800069987774 -0.0014029999729245901
v -0.002389000030234456 0.028603000566363335 -0.0019359999569132924
v -0.003298999974504113 0.028721999377012253 -0.0026579999830573797
v -0.0038079998921602964 0.026218999177217484 -0.0018370000179857016
v -0.003005000064149499 0.02583800069987774 -0.0014029999729245901
v -0.002389000030234456 0.028603000566363335 -0.0019359999569132924
v -0.0038079998921602964 0.026218999177217484 -0.0018370000179857016
v -0.003298999974504113 0.028721999377012253 -0.0026579999830573797
v -0.0043680001981556416 0.029236000031232834 -0.004236000124365091
v -0.005386000033468008 0.02658900059759617 -0.0033319999929517508
v -0.0038079998921602964 0.026218999177217484 -0.0018370000179857016
v -0.003298999974504113 0.028721999377012253 -0.0026579999830573797
v -0.005386000033468008 0.02658900059759617 -0.0033319999929517508
v -0.004015000071376562 0.030239000916481018 -0.006639000028371811
v -0.0030249999836087227 0.029187999665737152 -0.00855099968612194
v -0.00470399996265769 0.026010999456048012 -0.007408000063151121
v -0.005609999876469374 0.026355000212788582 -0.005357000045478344
v -0.004015000071376562 0.030239000916481018 -0.006639000028371811
v -0.00470399996265769 0.026010999456048012 -0.007408000063151121
v -0.0030249999836087227 0.029187999665737152 -0.00855099968612194
v -0.0015739999944344163 0.02899800054728985 -0.010904000140726566
v -0.0034030000679194927 0.025280000641942024 -0.010181999765336514
v -0.00470399996265769 0.026010999456048012 -0.007408000063151121
v -0.0030249999836087227 0.029187999665737152 -0.00855099968612194
v -0.0034030000679194927 0.025280000641942024 -0.010181999765336514
v 0.012609999626874924 0.024077000096440315 0.0028460000175982714
v 0.012145999819040298 0.02053000032901764 0.003488000016659498
v 0.013088000006973743 0.02062400057911873 0.002128999913111329
v 0.012609999626874924 0.024077000096440315 0.0028460000175982714
v 0.011807999573647976 0.024070000275969505 0.0037140001077204943
v 0.012145999819040298 0.02053000032901764 0.003488000016659498
v 0.014541000127792358 0.02384199947118759 -0.0006259999936446548
v 0.013088000006973743 0.02062400057911873 0.002128999913111329
v 0.014789000153541565 0.01953200064599514 -0.0011220000451430678
v 0.014541000127792358 0.02384199947118759 -0.0006259999936446548
v 0.012609999626874924 0.024077000096440315 0.0028460000175982714
v 0.013088000006973743 0.02062400057911873 0.002128999913111329
v 0.01613299921154976 0.021831000223755836 -0.004267999902367592
v 0.014789000153541565 0.01953200064599514 -0.0011220000451430678
v 0.015893999487161636 0.01860699988901615 -0.004561999812722206
v 0.01613299921154976 0.021831000223755836 -0.004267999902367592
v 0.014541000127792358 0.02384199947118759 -0.0006259999936446548
v 0.014789000153541565 0.01953200064599514 -0.0011220000451430678
v 0.015273000113666058 0.021815000101923943 -0.0058109997771680355
v 0.01613299921154976 0.021831000223755836 -0.004267999902367592
v 0.015893999487161636 0.01860699988901615 -0.004561999812722206
v 0.014844999648630619 0.01860699988901615 -0.006238000001758337
v 0.015273000113666058 0.021815000101923943 -0.0058109997771680355
v 0.015893999487161636 0.01860699988901615 -0.004561999812722206
v 0.015273000113666058 0.021815000101923943 -0.0058109997771680355
v 0.014844999648630619 0.01860699988901615 -0.006238000001758337
v 0.012807999737560749 0.019283000379800797 -0.00686000008136034
v 0.013364000245928764 0.02222999930381775 -0.006566999945789576
v 0.015273000113666058 0.021815000101923943 -0.0058109997771680355
v 0.012807999737560749 0.019283000379800797 -0.00686000008136034
v 0.013364000245928764 0.02222999930381775 -0.006566999945789576
v 0.012807999737560749 0.019283000379800797 -0.00686000008136034
v 0.009751999750733376 0.01958099938929081 -0.007573999930173159
v 0.009852999821305275 0.022639000788331032 -0.007912999950349331
v 0.013364000245928764 0.02222999930381775 -0.006566999945789576
v 0.009751999750733376 0.01958099938929081 -0.007573999930173159
v 0.005379000212997198 0.02294600009918213 -0.009797999635338783
v 0.009751999750733376 0.01958099938929081 -0.007573999930173159
v 0.004220000002533197 0.019067000597715378 -0.009445000439882278
v 0.005379000212997198 0.02294600009918213 -0.009797999635338783
v 0.009852999821305275 0.022639000788331032 -0.007912999950349331
v 0.009751999750733376 0.01958099938929081 -0.007573999930173159
v 0.0019209999591112137 0.02347699925303459 -0.011281000450253487
v 0.004220000002533197 0.019067000597715378 -0.009445000439882278
v 0.0006319999811239541 0.018595000728964806 -0.010325999930500984
v 0.0019209999591112137 0.02347699925303459 -0.011281000450253487
v 0.005379000212997198 0.02294600009918213 -0.009797999635338783
v 0.004220000002533197 0.019067000597715378 -0.009445000439882278
v -0.0010689999908208847 0.02402999997138977 -0.012295999564230442
v 0.0006319999811239541 0.018595000728964806 -0.010325999930500984
v -0.004058999940752983 0.01865600049495697 -0.010893999598920345
v -0.0010689999908208847 0.02402999997138977 -0.012295999564230442
v 0.0019209999591112137 0.02347699925303459 -0.011281000450253487
v 0.0006319999811239541 0.018595000728964806 -0.010325999930500984
v -0.002406999934464693 0.02464199997484684 -0.01185499969869852
v -0.004058999940752983 0.01865600049495697 -0.010893999598920345
v -0.005729000084102154 0.019081000238656998 -0.009740999899804592
v -0.002406999934464693 0.02464199997484684 -0.01185499969869852
v -0.0010689999908208847 0.02402999997138977 -0.012295999564230442
v -0.004058999940752983 0.01865600049495697 -0.010893999598920345
v -0.0034030000679194927 0.025280000641942024 -0.010181999765336514
v -0.005729000084102154 0.019081000238656998 -0.009740999899804592
v -0.006546999793499708 0.01964700035750866 -0.007910000160336494
v -0.0034030000679194927 0.025280000641942024 -0.010181999765336514
v -0.002406999934464693 0.02464199997484684 -0.01185499969869852
v -0.005729000084102154 0.019081000238656998 -0.009740999899804592
v -0.00470399996265769 0.026010999456048012 -0.007408000063151121
v -0.006546999793499708 0.01964700035750866 -0.007910000160336494
v -0.007451000157743692 0.020552000030875206 -0.005183999892324209
v -0.00470399996265769 0.026010999456048012 -0.007408000063151121
v -0.0034030000679194927 0.025280000641942024 -0.010181999765336514
v -0.006546999793499708 0.01964700035750866 -0.007910000160336494
v -0.005609999876469374 0.026355000212788582 -0.005357000045478344
v -0.007451000157743692 0.020552000030875206 -0.005183999892324209
v -0.0077840001322329044 0.021074000746011734 -0.003409000113606453
v -0.005609999876469374 0.026355000212788582 -0.005357000045478344
v -0.00470399996265769 0.026010999456048012 -0.007408000063151121
v -0.007451000157743692 0.020552000030875206 -0.005183999892324209
v -0.005386000033468008 0.02658900059759617 -0.0033319999929517508
v -0.0077840001322329044 0.021074000746011734 -0.003409000113606453
v -0.00684700021520257 0.021755000576376915 -0.0014659999869763851
v -0.005386000033468008 0.02658900059759617 -0.0033319999929517508
v -0.005609999876469374 0.026355000212788582 -0.005357000045478344
v -0.0077840001322329044 0.021074000746011734 -0.003409000113606453
v -0.0038079998921602964 0.026218999177217484 -0.0018370000179857016
v -0.00684700021520257 0.021755000576376915 -0.0014659999869763851
v -0.004718000069260597 0.021777000278234482 -0.0005430000019259751
v -0.0038079998921602964 0.026218999177217484 -0.0018370000179857016
v -0.005386000033468008 0.02658900059759617 -0.0033319999929517508
v -0.00684700021520257 0.021755000576376915 -0.0014659999869763851
v -0.003005000064149499 0.02583800069987774 -0.0014029999729245901
v -0.004718000069260597 0.021777000278234482 -0.0005430000019259751
v -0.00343300006352365 0.02169400081038475 -0.000195999993593432
v -0.003005000064149499 0.02583800069987774 -0.0014029999729245901
v -0.0038079998921602964 0.026218999177217484 -0.0018370000179857016
v -0.004718000069260597 0.021777000278234482 -0.0005430000019259751
v -0.003005000064149499 0.02583800069987774 -0.0014029999729245901
v -0.00343300006352365 0.02169400081038475 -0.000195999993593432
v -0.0019440000178292394 0.0222960002720356 0.0005869999877177179
v -0.0018660000059753656 0.025911999866366386 -0.0004980000085197389
v -0.003005000064149499 0.02583800069987774 -0.0014029999729245901
v -0.0019440000178292394 0.0222960002720356 0.0005869999877177179
v -0.0018660000059753656 0.025911999866366386 -0.0004980000085197389
v -0.0019440000178292394 0.0222960002720356 0.0005869999877177179
v -0.001272000023163855 0.022665999829769135 0.001142999972216785
v -0.0011759999906644225 0.02610599994659424 0.0002579999854788184
v -0.0018660000059753656 0.025911999866366386 -0.0004980000085197389
v -0.001272000023163855 0.022665999829769135 0.001142999972216785
v 0.0009270000155083835 0.0255730003118515 0.0006469999789260328
v -0.001272000023163855 0.022665999829769135 0.001142999972216785
v 0.0012150000547990203 0.022722000256180763 0.0012390000047162175
v 0.0009270000155083835 0.0255730003118515 0.0006469999789260328
v -0.0011759999906644225 0.02610599994659424 0.0002579999854788184
v -0.001272000023163855 0.022665999829769135 0.001142999972216785
v 0.0030129998922348022 0.025134999305009842 0.001231999951414764
v 0.0012150000547990203 0.022722000256180763 0.0012390000047162175
v 0.0028069999534636736 0.022182999178767204 0.0016210000030696392
v 0.0030129998922348022 0.025134999305009842 0.001231999951414764
v 0.0009270000155083835 0.0255730003118515 0.0006469999789260328
v 0.0012150000547990203 0.022722000256180763 0.0012390000047162175
v 0.004251999780535698 0.025098999962210655 0.003329999977722764
v 0.0028069999534636736 0.022182999178767204 0.0016210000030696392
v 0.004395000170916319 0.022352999076247215 0.0037299999967217445
v 0.004251999780535698 0.025098999962210655 0.003329999977722764
v 0.0030129998922348022 0.025134999305009842 0.001231999951414764
v 0.0028069999534636736 0.022182999178767204 0.0016210000030696392
v 0.011807999573647976 0.024070000275969505 0.0037140001077204943
v 0.009356999769806862 0.020930999889969826 0.003717999905347824
v 0.012145999819040298 0.02053000032901764 0.003488000016659498
v 0.011807999573647976 0.024070000275969505 0.0037140001077204943
v 0.009345999918878078 0.02426999993622303 0.003834000090137124
v 0.009356999769806862 0.020930999889969826 0.003717999905347824
v 0.009345999918878078 0.02426999993622303 0.003834000090137124
v 0.007306000217795372 0.021136000752449036 0.00407399982213974
v 0.009356999769806862 0.020930999889969826 0.003717999905347824
v 0.009345999918878078 0.02426999993622303 0.003834000090137124
v 0.007385999895632267 0.02483000047504902 0.0039470000192523
v 0.007306000217795372 0.021136000752449036 0.00407399982213974
v 0.007385999895632267 0.02483000047504902 0.0039470000192523
v 0.006258000154048204 0.02196200005710125 0.004335000179708004
v 0.007306000217795372 0.021136000752449036 0.00407399982213974
v 0.007385999895632267 0.02483000047504902 0.0039470000192523
v 0.006692000199109316 0.025112999603152275 0.004062000196427107
v 0.006258000154048204 0.02196200005710125 0.004335000179708004
v 0.006692000199109316 0.025112999603152275 0.004062000196427107
v 0.004395000170916319 0.022352999076247215 0.0037299999967217445
v 0.006258000154048204 0.02196200005710125 0.004335000179708004
v 0.006692000199109316 0.025112999603152275 0.004062000196427107
v 0.004251999780535698 0.025098999962210655 0.003329999977722764
v 0.004395000170916319 0.022352999076247215 0.0037299999967217445
v 0.009751999750733376 0.01958099938929081 -0.007573999930173159
v 0.011974000371992588 0.012346000410616398 -0.007031999994069338
v 0.008574999868869781 0.012764000333845615 -0.007420999929308891
v 0.009751999750733376 0.01958099938929081 -0.007573999930173159
v 0.012807999737560749 0.019283000379800797 -0.00686000008136034
v 0.011974000371992588 0.012346000410616398 -0.007031999994069338
v 0.011974000371992588 0.012346000410616398 -0.007031999994069338
v 0.014844999648630619 0.01860699988901615 -0.006238000001758337
v 0.014359000138938427 0.01219900045543909 -0.00659599993377924
v 0.011974000371992588 0.012346000410616398 -0.007031999994069338
v 0.012807999737560749 0.019283000379800797 -0.00686000008136034
v 0.014844999648630619 0.01860699988901615 -0.006238000001758337
v 0.014844999648630619 0.01860699988901615 -0.006238000001758337
v 0.015893999487161636 0.01860699988901615 -0.004561999812722206
v 0.015675999224185944 0.012643000110983849 -0.004927000030875206
v 0.014359000138938427 0.01219900045543909 -0.00659599993377924
v 0.014844999648630619 0.01860699988901615 -0.006238000001758337
v 0.015675999224185944 0.012643000110983849 -0.004927000030875206
v 0.015893999487161636 0.01860699988901615 -0.004561999812722206
v 0.014789000153541565 0.01953200064599514 -0.0011220000451430678
v 0.015184000134468079 0.013214999809861183 -0.0015940000303089619
v 0.015675999224185944 0.012643000110983849 -0.004927000030875206
v 0.015893999487161636 0.01860699988901615 -0.004561999812722206
v 0.015184000134468079 0.013214999809861183 -0.0015940000303089619
v 0.014789000153541565 0.01953200064599514 -0.0011220000451430678
v 0.013088000006973743 0.02062400057911873 0.002128999913111329
v 0.013950999826192856 0.013818000443279743 0.0012929999502375722
v 0.015184000134468079 0.013214999809861183 -0.0015940000303089619
v 0.014789000153541565 0.01953200064599514 -0.0011220000451430678
v 0.013950999826192856 0.013818000443279743 0.0012929999502375722
v 0.013088000006973743 0.02062400057911873 0.002128999913111329
v 0.012145999819040298 0.02053000032901764 0.003488000016659498
v 0.012702999636530876 0.014162999577820301 0.003275000024586916
v 0.013950999826192856 0.013818000443279743 0.0012929999502375722
v 0.013088000006973743 0.02062400057911873 0.002128999913111329
v 0.012702999636530876 0.014162999577820301 0.003275000024586916
v 0.012145999819040298 0.02053000032901764 0.003488000016659498
v 0.009356999769806862 0.020930999889969826 0.003717999905347824
v 0.009442999958992004 0.014851000159978867 0.0037769998889416456
v 0.012702999636530876 0.014162999577820301 0.003275000024586916
v 0.012145999819040298 0.02053000032901764 0.003488000016659498
v 0.009442999958992004 0.014851000159978867 0.0037769998889416456
v 0.009356999769806862 0.020930999889969826 0.003717999905347824
v 0.007306000217795372 0.021136000752449036 0.00407399982213974
v 0.0074800001457333565 0.014844000339508057 0.004410000052303076
v 0.009442999958992004 0.014851000159978867 0.0037769998889416456
v 0.009356999769806862 0.020930999889969826 0.003717999905347824
v 0.0074800001457333565 0.014844000339508057 0.004410000052303076
v 0.007306000217795372 0.021136000752449036 0.00407399982213974
v 0.006258000154048204 0.02196200005710125 0.004335000179708004
v 0.006016000173985958 0.01606700010597706 0.005251999944448471
v 0.0074800001457333565 0.014844000339508057 0.004410000052303076
v 0.007306000217795372 0.021136000752449036 0.00407399982213974
v 0.006016000173985958 0.01606700010597706 0.005251999944448471
v 0.006258000154048204 0.02196200005710125 0.004335000179708004
v 0.004395000170916319 0.022352999076247215 0.0037299999967217445
v 0.004172999877482653 0.016287999227643013 0.004825000185519457
v 0.006016000173985958 0.01606700010597706 0.005251999944448471
v 0.006258000154048204 0.02196200005710125 0.004335000179708004
v 0.004172999877482653 0.016287999227643013 0.004825000185519457
v 0.004395000170916319 0.022352999076247215 0.0037299999967217445
v 0.0028069999534636736 0.022182999178767204 0.0016210000030696392
v 0.0024369999300688505 0.016945000737905502 0.002595999976620078
v 0.004172999877482653 0.016287999227643013 0.004825000185519457
v 0.004395000170916319 0.022352999076247215 0.0037299999967217445
v 0.0024369999300688505 0.016945000737905502 0.002595999976620078
v 0.0028069999534636736 0.022182999178767204 0.0016210000030696392
v 0.0012150000547990203 0.022722000256180763 0.0012390000047162175
v 0.0009710000013001263 0.017169000580906868 0.0030269999988377094
v 0.0024369999300688505 0.016945000737905502 0.002595999976620078
v 0.0028069999534636736 0.022182999178767204 0.0016210000030696392
v 0.0009710000013001263 0.017169000580906868 0.0030269999988377094
v 0.0009710000013001263 0.017169000580906868 0.0030269999988377094
v -0.001272000023163855 0.022665999829769135 0.001142999972216785
v -0.001888000057078898 0.016853999346494675 0.0033019999973475933
v 0.0009710000013001263 0.017169000580906868 0.0030269999988377094
v 0.0012150000547990203 0.022722000256180763 0.0012390000047162175
v -0.001272000023163855 0.022665999829769135 0.001142999972216785
v -0.001888000057078898 0.016853999346494675 0.0033019999973475933
v -0.0019440000178292394 0.0222960002720356 0.0005869999877177179
v -0.002492000116035342 0.016651999205350876 0.002735000103712082
v -0.001888000057078898 0.016853999346494675 0.0033019999973475933
v -0.001272000023163855 0.022665999829769135 0.001142999972216785
v -0.0019440000178292394 0.0222960002720356 0.0005869999877177179
v -0.002492000116035342 0.016651999205350876 0.002735000103712082
v -0.00343300006352365 0.02169400081038475 -0.000195999993593432
v -0.004430999979376793 0.016171999275684357 0.0016469999682158232
v -0.002492000116035342 0.016651999205350876 0.002735000103712082
v -0.0019440000178292394 0.0222960002720356 0.0005869999877177179
v -0.00343300006352365 0.02169400081038475 -0.000195999993593432
v -0.00343300006352365 0.02169400081038475 -0.000195999993593432
v -0.004718000069260597 0.021777000278234482 -0.0005430000019259751
v -0.006087000016123056 0.016662999987602234 0.0012649999698624015
v -0.004430999979376793 0.016171999275684357 0.0016469999682158232
v -0.00343300006352365 0.02169400081038475 -0.000195999993593432
v -0.006087000016123056 0.016662999987602234 0.0012649999698624015
v -0.006087000016123056 0.016662999987602234 0.0012649999698624015
v -0.00684700021520257 0.021755000576376915 -0.0014659999869763851
v -0.008421000093221664 0.016519000753760338 0.0006709999870508909
v -0.006087000016123056 0.016662999987602234 0.0012649999698624015
v -0.004718000069260597 0.021777000278234482 -0.0005430000019259751
v -0.00684700021520257 0.021755000576376915 -0.0014659999869763851
v -0.0077840001322329044 0.021074000746011734 -0.003409000113606453
v -0.00992599967867136 0.015745000913739204 -0.001449999981559813
v -0.008421000093221664 0.016519000753760338 0.0006709999870508909
v -0.00684700021520257 0.021755000576376915 -0.0014659999869763851
v -0.0077840001322329044 0.021074000746011734 -0.003409000113606453
v -0.008421000093221664 0.016519000753760338 0.0006709999870508909
v -0.0077840001322329044 0.021074000746011734 -0.003409000113606453
v -0.009820999577641487 0.015444000251591206 -0.0033839999232441187
v -0.00992599967867136 0.015745000913739204 -0.001449999981559813
v -0.0077840001322329044 0.021074000746011734 -0.003409000113606453
v -0.007451000157743692 0.020552000030875206 -0.005183999892324209
v -0.009820999577641487 0.015444000251591206 -0.0033839999232441187
v -0.007451000157743692 0.020552000030875206 -0.005183999892324209
v -0.008573000319302082 0.014418999664485455 -0.006128000095486641
v -0.009820999577641487 0.015444000251591206 -0.0033839999232441187
v -0.007451000157743692 0.020552000030875206 -0.005183999892324209
v -0.006546999793499708 0.01964700035750866 -0.007910000160336494
v -0.008573000319302082 0.014418999664485455 -0.006128000095486641
v -0.006546999793499708 0.01964700035750866 -0.007910000160336494
v -0.007451000157743692 0.014010000042617321 -0.00889899954199791
v -0.008818999864161015 0.014384999871253967 -0.007104999851435423
v -0.006546999793499708 0.01964700035750866 -0.007910000160336494
v -0.005729000084102154 0.019081000238656998 -0.009740999899804592
v -0.007451000157743692 0.014010000042617321 -0.00889899954199791
v -0.005729000084102154 0.019081000238656998 -0.009740999899804592
v -0.0052999998442828655 0.01343000028282404 -0.00962899997830391
v -0.007451000157743692 0.014010000042617321 -0.00889899954199791
v -0.005729000084102154 0.019081000238656998 -0.009740999899804592
v -0.004058999940752983 0.01865600049495697 -0.010893999598920345
v -0.0052999998442828655 0.01343000028282404 -0.00962899997830391
v -0.004058999940752983 0.01865600049495697 -0.010893999598920345
v -0.0006779999821446836 0.01343000028282404 -0.008829999715089798
v -0.0052999998442828655 0.01343000028282404 -0.00962899997830391
v -0.004058999940752983 0.01865600049495697 -0.010893999598920345
v 0.0006319999811239541 0.018595000728964806 -0.010325999930500984
v -0.0006779999821446836 0.01343000028282404 -0.008829999715089798
v 0.0006319999811239541 0.018595000728964806 -0.010325999930500984
v 0.0027910000644624233 0.013327999971807003 -0.00824700016528368
v -0.0006779999821446836 0.01343000028282404 -0.008829999715089798
v 0.0006319999811239541 0.018595000728964806 -0.010325999930500984
v 0.004220000002533197 0.019067000597715378 -0.009445000439882278
v 0.0027910000644624233 0.013327999971807003 -0.00824700016528368
v 0.004220000002533197 0.019067000597715378 -0.009445000439882278
v 0.008574999868869781 0.012764000333845615 -0.007420999929308891
v 0.0027910000644624233 0.013327999971807003 -0.00824700016528368
v 0.004220000002533197 0.019067000597715378 -0.009445000439882278
v 0.009751999750733376 0.01958099938929081 -0.007573999930173159
v 0.008574999868869781 0.012764000333845615 -0.007420999929308891
v 0.011974000371992588 0.012346000410616398 -0.007031999994069338
v 0.013508000411093235 0.0070569999516010284 -0.006936000194400549
v 0.010730000212788582 0.007513999938964844 -0.007420999929308891
v 0.011974000371992588 0.012346000410616398 -0.007031999994069338
v 0.014359000138938427 0.01219900045543909 -0.00659599993377924
v 0.013508000411093235 0.0070569999516010284 -0.006936000194400549
v 0.014359000138938427 0.01219900045543909 -0.00659599993377924
v 0.01539199985563755 0.007269000168889761 -0.005026999861001968
v 0.013508000411093235 0.0070569999516010284 -0.006936000194400549
v 0.014359000138938427 0.01219900045543909 -0.00659599993377924
v 0.015675999224185944 0.012643000110983849 -0.004927000030875206
v 0.01539199985563755 0.007269000168889761 -0.005026999861001968
v 0.015675999224185944 0.012643000110983849 -0.004927000030875206
v 0.015562999993562698 0.007706000003963709 -0.0020959998946636915
v 0.01539199985563755 0.007269000168889761 -0.005026999861001968
v 0.015675999224185944 0.012643000110983849 -0.004927000030875206
v 0.015184000134468079 0.013214999809861183 -0.0015940000303089619
v 0.015562999993562698 0.007706000003963709 -0.0020959998946636915
v 0.015184000134468079 0.013214999809861183 -0.0015940000303089619
v 0.014763999730348587 0.00838799960911274 0.0008640000014565885
v 0.015562999993562698 0.007706000003963709 -0.0020959998946636915
v 0.015184000134468079 0.013214999809861183 -0.0015940000303089619
v 0.013950999826192856 0.013818000443279743 0.0012929999502375722
v 0.014763999730348587 0.00838799960911274 0.0008640000014565885
v 0.013950999826192856 0.013818000443279743 0.0012929999502375722
v 0.013079999946057796 0.008942999877035618 0.003109999932348728
v 0.014763999730348587 0.00838799960911274 0.0008640000014565885
v 0.013950999826192856 0.013818000443279743 0.0012929999502375722
v 0.012702999636530876 0.014162999577820301 0.003275000024586916
v 0.013079999946057796 0.008942999877035618 0.003109999932348728
v 0.012702999636530876 0.014162999577820301 0.003275000024586916
v 0.009491000324487686 0.009411999955773354 0.004087999928742647
v 0.013079999946057796 0.008942999877035618 0.003109999932348728
v 0.012702999636530876 0.014162999577820301 0.003275000024586916
v 0.009442999958992004 0.014851000159978867 0.0037769998889416456
v 0.009491000324487686 0.009411999955773354 0.004087999928742647
v 0.009442999958992004 0.014851000159978867 0.0037769998889416456
v 0.007911999709904194 0.009607000276446342 0.004368999972939491
v 0.009491000324487686 0.009411999955773354 0.004087999928742647
v 0.009442999958992004 0.014851000159978867 0.0037769998889416456
v 0.0074800001457333565 0.014844000339508057 0.004410000052303076
v 0.007911999709904194 0.009607000276446342 0.004368999972939491
v 0.0074800001457333565 0.014844000339508057 0.004410000052303076
v 0.005433000158518553 0.010018999688327312 0.00624299980700016
v 0.007911999709904194 0.009607000276446342 0.004368999972939491
v 0.0074800001457333565 0.014844000339508057 0.004410000052303076
v 0.006016000173985958 0.01606700010597706 0.005251999944448471
v 0.005433000158518553 0.010018999688327312 0.00624299980700016
v 0.006016000173985958 0.01606700010597706 0.005251999944448471
v 0.0036329999566078186 0.01012600027024746 0.005867999978363514
v 0.005433000158518553 0.010018999688327312 0.00624299980700016
v 0.006016000173985958 0.01606700010597706 0.005251999944448471
v 0.004172999877482653 0.016287999227643013 0.004825000185519457
v 0.0036329999566078186 0.01012600027024746 0.005867999978363514
v 0.004172999877482653 0.016287999227643013 0.004825000185519457
v 0.0019480000482872128 0.010565999895334244 0.003955999854952097
v 0.0036329999566078186 0.01012600027024746 0.005867999978363514
v 0.004172999877482653 0.016287999227643013 0.004825000185519457
v 0.0024369999300688505 0.016945000737905502 0.002595999976620078
v 0.0019480000482872128 0.010565999895334244 0.003955999854952097
v 0.0009710000013001263 0.017169000580906868 0.0030269999988377094
v 0.000291000003926456 0.010774999856948853 0.005444000009447336
v 0.0019480000482872128 0.010565999895334244 0.003955999854952097
v 0.0024369999300688505 0.016945000737905502 0.002595999976620078
v 0.0009710000013001263 0.017169000580906868 0.0030269999988377094
v 0.0019480000482872128 0.010565999895334244 0.003955999854952097
v -0.001888000057078898 0.016853999346494675 0.0033019999973475933
v -0.0024659999180585146 0.011080999858677387 0.005543000064790249
v 0.000291000003926456 0.010774999856948853 0.005444000009447336
v 0.0009710000013001263 0.017169000580906868 0.0030269999988377094
v -0.001888000057078898 0.016853999346494675 0.0033019999973475933
v 0.000291000003926456 0.010774999856948853 0.005444000009447336
v -0.001888000057078898 0.016853999346494675 0.0033019999973475933
v -0.003298999974504113 0.011013999581336975 0.004747999832034111
v -0.0024659999180585146 0.011080999858677387 0.005543000064790249
v -0.001888000057078898 0.016853999346494675 0.0033019999973475933
v -0.002492000116035342 0.016651999205350876 0.002735000103712082
v -0.003298999974504113 0.011013999581336975 0.004747999832034111
v -0.002492000116035342 0.016651999205350876 0.002735000103712082
v -0.005288999993354082 0.0113129997625947 0.0034860000014305115
v -0.003298999974504113 0.011013999581336975 0.004747999832034111
v -0.002492000116035342 0.016651999205350876 0.002735000103712082
v -0.004430999979376793 0.016171999275684357 0.0016469999682158232
v -0.005288999993354082 0.0113129997625947 0.0034860000014305115
v -0.006087000016123056 0.016662999987602234 0.0012649999698624015
v -0.007124000228941441 0.011177999898791313 0.003621000098064542
v -0.005288999993354082 0.0113129997625947 0.0034860000014305115
v -0.004430999979376793 0.016171999275684357 0.0016469999682158232
v -0.006087000016123056 0.016662999987602234 0.0012649999698624015
v -0.005288999993354082 0.0113129997625947 0.0034860000014305115
v -0.008421000093221664 0.016519000753760338 0.0006709999870508909
v -0.010036000050604343 0.01130099967122078 0.00279600010253489
v -0.007124000228941441 0.011177999898791313 0.003621000098064542
v -0.006087000016123056 0.016662999987602234 0.0012649999698624015
v -0.008421000093221664 0.016519000753760338 0.0006709999870508909
v -0.007124000228941441 0.011177999898791313 0.003621000098064542
v -0.00992599967867136 0.015745000913739204 -0.001449999981559813
v -0.011823000386357307 0.011075000278651714 0.000623999978415668
v -0.010036000050604343 0.01130099967122078 0.00279600010253489
v -0.008421000093221664 0.016519000753760338 0.0006709999870508909
v -0.00992599967867136 0.015745000913739204 -0.001449999981559813
v -0.010036000050604343 0.01130099967122078 0.00279600010253489
v -0.012082000263035297 0.010897000320255756 -0.0007409999961964786
v -0.009820999577641487 0.015444000251591206 -0.0033839999232441187
v -0.01194899994879961 0.010068999603390694 -0.0033370000310242176
v -0.012082000263035297 0.010897000320255756 -0.0007409999961964786
v -0.00992599967867136 0.015745000913739204 -0.001449999981559813
v -0.009820999577641487 0.015444000251591206 -0.0033839999232441187
v -0.009820999577641487 0.015444000251591206 -0.0033839999232441187
v -0.008573000319302082 0.014418999664485455 -0.006128000095486641
v -0.011308000423014164 0.009961999952793121 -0.005098000168800354
v -0.01194899994879961 0.010068999603390694 -0.0033370000310242176
v -0.009820999577641487 0.015444000251591206 -0.0033839999232441187
v -0.011308000423014164 0.009961999952793121 -0.005098000168800354
v -0.008573000319302082 0.014418999664485455 -0.006128000095486641
v -0.008818999864161015 0.014384999871253967 -0.007104999851435423
v -0.009789000265300274 0.009393000043928623 -0.007166000083088875
v -0.011308000423014164 0.009961999952793121 -0.005098000168800354
v -0.008573000319302082 0.014418999664485455 -0.006128000095486641
v -0.009789000265300274 0.009393000043928623 -0.007166000083088875
v -0.009789000265300274 0.009393000043928623 -0.007166000083088875
v -0.007451000157743692 0.014010000042617321 -0.00889899954199791
v -0.007046999875456095 0.008958999998867512 -0.008202999830245972
v -0.009789000265300274 0.009393000043928623 -0.007166000083088875
v -0.008818999864161015 0.014384999871253967 -0.007104999851435423
v -0.007451000157743692 0.014010000042617321 -0.00889899954199791
v -0.0052999998442828655 0.01343000028282404 -0.00962899997830391
v -0.005113000050187111 0.008727000094950199 -0.008208000101149082
v -0.007046999875456095 0.008958999998867512 -0.008202999830245972
v -0.007451000157743692 0.014010000042617321 -0.00889899954199791
v -0.0052999998442828655 0.01343000028282404 -0.00962899997830391
v -0.007046999875456095 0.008958999998867512 -0.008202999830245972
v -0.0052999998442828655 0.01343000028282404 -0.00962899997830391
v -0.0026990000624209642 0.008214999921619892 -0.008119000121951103
v -0.004761999938637018 0.008352999575436115 -0.008119000121951103
v -0.0052999998442828655 0.01343000028282404 -0.00962899997830391
v -0.0006779999821446836 0.01343000028282404 -0.008829999715089798
v -0.0026990000624209642 0.008214999921619892 -0.008119000121951103
v 0.008574999868869781 0.012764000333845615 -0.007420999929308891
v 0.00828499998897314 0.007590999826788902 -0.00760400015860796
v 0.0027409999165683985 0.007896999828517437 -0.007814999669790268
v 0.0027910000644624233 0.013327999971807003 -0.00824700016528368
v 0.008574999868869781 0.012764000333845615 -0.007420999929308891
v 0.0027409999165683985 0.007896999828517437 -0.007814999669790268
v 0.008574999868869781 0.012764000333845615 -0.007420999929308891
v 0.011974000371992588 0.012346000410616398 -0.007031999994069338
v 0.010730000212788582 0.007513999938964844 -0.007420999929308891
v 0.00828499998897314 0.007590999826788902 -0.00760400015860796
v 0.008574999868869781 0.012764000333845615 -0.007420999929308891
v 0.010730000212788582 0.007513999938964844 -0.007420999929308891
v -0.0006779999821446836 0.01343000028282404 -0.008829999715089798
v 0.0027910000644624233 0.013327999971807003 -0.00824700016528368
v 0.0017640000442042947 0.0077840001322329044 -0.008500000461935997
v -0.0018139999592676759 0.008045000024139881 -0.008526000194251537
v -0.0006779999821446836 0.01343000028282404 -0.008829999715089798
v 0.0017640000442042947 0.0077840001322329044 -0.008500000461935997
v -0.009308000095188618 0.0075599998235702515 -0.007261999882757664
v -0.007046999875456095 0.008958999998867512 -0.008202999830245972
v -0.008150000125169754 0.0027729999274015427 -0.006225000135600567
v -0.011895000003278255 0.003097000066190958 -0.0054790000431239605
v -0.009308000095188618 0.0075599998235702515 -0.007261999882757664
v -0.008150000125169754 0.0027729999274015427 -0.006225000135600567
v -0.012461000122129917 0.004647000227123499 -0.005274999886751175
v -0.009308000095188618 0.0075599998235702515 -0.007261999882757664
v -0.011895000003278255 0.003097000066190958 -0.0054790000431239605
v -0.012461000122129917 0.004647000227123499 -0.005274999886751175
v -0.009789000265300274 0.009393000043928623 -0.007166000083088875
v -0.009308000095188618 0.0075599998235702515 -0.007261999882757664
v -0.013086000457406044 0.00749000022187829 -0.003794000018388033
v -0.009789000265300274 0.009393000043928623 -0.007166000083088875
v -0.012461000122129917 0.004647000227123499 -0.005274999886751175
v -0.013086000457406044 0.00749000022187829 -0.003794000018388033
v -0.011308000423014164 0.009961999952793121 -0.005098000168800354
v -0.009789000265300274 0.009393000043928623 -0.007166000083088875
v -0.01194899994879961 0.010068999603390694 -0.0033370000310242176
v -0.01306500006467104 0.007598999887704849 -0.0036879999097436666
v -0.013519000262022018 0.007813000120222569 -0.002107999986037612
v -0.01194899994879961 0.010068999603390694 -0.0033370000310242176
v -0.011308000423014164 0.009961999952793121 -0.005098000168800354
v -0.01306500006467104 0.007598999887704849 -0.0036879999097436666
v -0.012082000263035297 0.010897000320255756 -0.0007409999961964786
v -0.013519000262022018 0.007813000120222569 -0.002107999986037612
v -0.013292999938130379 0.008701999671757221 0.00041199999395757914
v -0.012082000263035297 0.010897000320255756 -0.0007409999961964786
v -0.01194899994879961 0.010068999603390694 -0.0033370000310242176
v -0.013519000262022018 0.007813000120222569 -0.002107999986037612
v -0.012082000263035297 0.010897000320255756 -0.0007409999961964786
v -0.013292999938130379 0.008701999671757221 0.00041199999395757914
v -0.01268600020557642 0.009535999968647957 0.0010969999711960554
v -0.011823000386357307 0.011075000278651714 0.000623999978415668
v -0.012082000263035297 0.010897000320255756 -0.0007409999961964786
v -0.01268600020557642 0.009535999968647957 0.0010969999711960554
v -0.01257800031453371 0.009499000385403633 0.0013889999827370048
v -0.011528000235557556 0.008883999660611153 0.0035840000491589308
v -0.010036000050604343 0.01130099967122078 0.00279600010253489
v -0.011823000386357307 0.011075000278651714 0.000623999978415668
v -0.01257800031453371 0.009499000385403633 0.0013889999827370048
v -0.010036000050604343 0.01130099967122078 0.00279600010253489
v -0.01268600020557642 0.009535999968647957 0.0010969999711960554
v -0.013187999837100506 0.008762000128626823 0.001091000041924417
v -0.01054100040346384 0.008417000062763691 0.0008089999901130795
v -0.010444999672472477 0.009228999726474285 0.0008500000112690032
v -0.01268600020557642 0.009535999968647957 0.0010969999711960554
v -0.01054100040346384 0.008417000062763691 0.0008089999901130795
v -0.010300000198185444 0.008926999755203724 0.0024449999909847975
v -0.01257800031453371 0.009499000385403633 0.0013889999827370048
v -0.010444999672472477 0.009228999726474285 0.0008500000112690032
v -0.010300000198185444 0.008926999755203724 0.0024449999909847975
v -0.011528000235557556 0.008883999660611153 0.0035840000491589308
v -0.01257800031453371 0.009499000385403633 0.0013889999827370048
v -0.013519000262022018 0.007813000120222569 -0.002107999986037612
v -0.013658000156283379 0.007069999817758799 -0.0029730000533163548
v -0.011207000352442265 0.00674000009894371 -0.0032420000061392784
v -0.010893999598920345 0.007853999733924866 -0.0017140000127255917
v -0.013519000262022018 0.007813000120222569 -0.002107999986037612
v -0.011207000352442265 0.00674000009894371 -0.0032420000061392784
v -0.013086000457406044 0.00749000022187829 -0.003794000018388033
v -0.012461000122129917 0.004647000227123499 -0.005274999886751175
v -0.01158200018107891 0.005394000094383955 -0.00509499991312623
v -0.011207999661564827 0.007356999907642603 -0.0038920000661164522
v -0.013086000457406044 0.00749000022187829 -0.003794000018388033
v -0.01158200018107891 0.005394000094383955 -0.00509499991312623
v -0.011207000352442265 0.00674000009894371 -0.0032420000061392784
v -0.01306500006467104 0.007598999887704849 -0.0036879999097436666
v -0.011207999661564827 0.007356999907642603 -0.0038920000661164522
v -0.011207000352442265 0.00674000009894371 -0.0032420000061392784
v -0.013658000156283379 0.007069999817758799 -0.0029730000533163548
v -0.01306500006467104 0.007598999887704849 -0.0036879999097436666
v -0.010077999904751778 0.008697000332176685 0.004538999870419502
v -0.006512000225484371 0.004980000201612711 0.006080999970436096
v -0.006219999864697456 0.008425000123679638 0.00481700012460351
v -0.010077999904751778 0.008697000332176685 0.004538999870419502
v -0.010317999869585037 0.005014999769628048 0.006285000126808882
v -0.006512000225484371 0.004980000201612711 0.006080999970436096
v -0.003298999974504113 0.011013999581336975 0.004747999832034111
v -0.005613999906927347 0.008356000296771526 0.004776999820023775
v -0.0038530000019818544 0.008012999780476093 0.0055229999125003815
v -0.003298999974504113 0.011013999581336975 0.004747999832034111
v -0.005288999993354082 0.0113129997625947 0.0034860000014305115
v -0.005613999906927347 0.008356000296771526 0.004776999820023775
v -0.0024659999180585146 0.011080999858677387 0.005543000064790249
v -0.0038530000019818544 0.008012999780476093 0.0055229999125003815
v -0.0030690000858157873 0.007985999807715416 0.006298999767750502
v -0.0024659999180585146 0.011080999858677387 0.005543000064790249
v -0.003298999974504113 0.011013999581336975 0.004747999832034111
v -0.0038530000019818544 0.008012999780476093 0.0055229999125003815
v 0.000291000003926456 0.010774999856948853 0.005444000009447336
v -0.001471000025048852 0.007519000209867954 0.006856999825686216
v 0 0.007342999801039696 0.006283999886363745
v 0.0019480000482872128 0.010565999895334244 0.003955999854952097
v 0.000291000003926456 0.010774999856948853 0.005444000009447336
v 0 0.007342999801039696 0.006283999886363745
v -0.0024659999180585146 0.011080999858677387 0.005543000064790249
v -0.0030690000858157873 0.007985999807715416 0.006298999767750502
v -0.001471000025048852 0.007519000209867954 0.006856999825686216
v 0.000291000003926456 0.010774999856948853 0.005444000009447336
v -0.0024659999180585146 0.011080999858677387 0.005543000064790249
v -0.001471000025048852 0.007519000209867954 0.006856999825686216
v 0.005433000158518553 0.010018999688327312 0.00624299980700016
v 0.0033370000310242176 0.006926999893039465 0.006254000123590231
v 0.00535399978980422 0.006599000189453363 0.006498999893665314
v 0.005433000158518553 0.010018999688327312 0.00624299980700016
v 0.0036329999566078186 0.01012600027024746 0.005867999978363514
v 0.0033370000310242176 0.006926999893039465 0.006254000123590231
v 0.007911999709904194 0.009607000276446342 0.004368999972939491
v 0.00535399978980422 0.006599000189453363 0.006498999893665314
v 0.008187999948859215 0.0064860000275075436 0.004385000094771385
v 0.007911999709904194 0.009607000276446342 0.004368999972939491
v 0.005433000158518553 0.010018999688327312 0.00624299980700016
v 0.00535399978980422 0.006599000189453363 0.006498999893665314
v 0.009491000324487686 0.009411999955773354 0.004087999928742647
v 0.008187999948859215 0.0064860000275075436 0.004385000094771385
v 0.009173000231385231 0.006357000209391117 0.004310000222176313
v 0.009491000324487686 0.009411999955773354 0.004087999928742647
v 0.007911999709904194 0.009607000276446342 0.004368999972939491
v 0.008187999948859215 0.0064860000275075436 0.004385000094771385
v 0.013079999946057796 0.008942999877035618 0.003109999932348728
v 0.009173000231385231 0.006357000209391117 0.004310000222176313
v 0.01292600017040968 0.005911999847739935 0.003447999944910407
v 0.013079999946057796 0.008942999877035618 0.003109999932348728
v 0.009491000324487686 0.009411999955773354 0.004087999928742647
v 0.009173000231385231 0.006357000209391117 0.004310000222176313
v -0.004761999938637018 0.008352999575436115 -0.008119000121951103
v -0.0026990000624209642 0.008214999921619892 -0.008119000121951103
v -0.0031240000389516354 0.002208000048995018 -0.006787999998778105
v -0.008150000125169754 0.0027729999274015427 -0.006225000135600567
v -0.004761999938637018 0.008352999575436115 -0.008119000121951103
v -0.0031240000389516354 0.002208000048995018 -0.006787999998778105
v -0.007046999875456095 0.008958999998867512 -0.008202999830245972
v -0.004761999938637018 0.008352999575436115 -0.008119000121951103
v -0.008150000125169754 0.0027729999274015427 -0.006225000135600567
v -0.007046999875456095 0.008958999998867512 -0.008202999830245972
v -0.005113000050187111 0.008727000094950199 -0.008208000101149082
v -0.004761999938637018 0.008352999575436115 -0.008119000121951103
v -0.0031240000389516354 0.002208000048995018 -0.006787999998778105
v -0.0018139999592676759 0.008045000024139881 -0.008526000194251537
v -0.0026110000908374786 0.0013249999610707164 -0.006965999957174063
v -0.0031240000389516354 0.002208000048995018 -0.006787999998778105
v -0.0026990000624209642 0.008214999921619892 -0.008119000121951103
v -0.0018139999592676759 0.008045000024139881 -0.008526000194251537
v -0.0026110000908374786 0.0013249999610707164 -0.006965999957174063
v -0.0018139999592676759 0.008045000024139881 -0.008526000194251537
v -0.0018339999951422215 0.005987000185996294 -0.008700000122189522
v -0.0023300000466406345 0.001108999946154654 -0.007794999983161688
v -0.0026110000908374786 0.0013249999610707164 -0.006965999957174063
v -0.0018339999951422215 0.005987000185996294 -0.008700000122189522
v -0.008237999863922596 0.0019680000841617584 -0.006070000119507313
v -0.011895000003278255 0.003097000066190958 -0.0054790000431239605
v -0.008150000125169754 0.0027729999274015427 -0.006225000135600567
v -0.008237999863922596 0.0019680000841617584 -0.006070000119507313
v -0.011969000101089478 0.0025100000202655792 -0.0053900000639259815
v -0.011895000003278255 0.003097000066190958 -0.0054790000431239605
v -0.012148999609053135 0.00031999999191612005 -0.004652000032365322
v -0.008237999863922596 0.0019680000841617584 -0.006070000119507313
v -0.008472999557852745 -0.0010359999723732471 -0.0048420000821352005
v -0.01220299955457449 -0.0014929999597370625 -0.0030700000934302807
v -0.012148999609053135 0.00031999999191612005 -0.004652000032365322
v -0.008472999557852745 -0.0010359999723732471 -0.0048420000821352005
v -0.01220299955457449 -0.0014929999597370625 -0.0030700000934302807
v -0.008472999557852745 -0.0010359999723732471 -0.0048420000821352005
v -0.008435999974608421 -0.0030090000946074724 -0.002322999993339181
v -0.012098999693989754 -0.0025549998972564936 -0.0009730000165291131
v -0.01220299955457449 -0.0014929999597370625 -0.0030700000934302807
v -0.008435999974608421 -0.0030090000946074724 -0.002322999993339181
v -0.012098999693989754 -0.0025549998972564936 -0.0009730000165291131
v -0.008435999974608421 -0.0030090000946074724 -0.002322999993339181
v -0.008138000033795834 -0.0034970000851899385 0.0009710000013001263
v -0.011861000210046768 -0.0027439999394118786 0.0013719999697059393
v -0.012098999693989754 -0.0025549998972564936 -0.0009730000165291131
v -0.008138000033795834 -0.0034970000851899385 0.0009710000013001263
v -0.011535000056028366 -0.0020409999415278435 0.0035540000535547733
v -0.008138000033795834 -0.0034970000851899385 0.0009710000013001263
v -0.007654999848455191 -0.002302000066265464 0.0039519998244941235
v -0.011145999655127525 -0.0005099999834783375 0.0053079999051988125
v -0.011535000056028366 -0.0020409999415278435 0.0035540000535547733
v -0.007654999848455191 -0.002302000066265464 0.0039519998244941235
v -0.011145999655127525 -0.0005099999834783375 0.0053079999051988125
v -0.007654999848455191 -0.002302000066265464 0.0039519998244941235
v -0.007114999927580357 0.0002469999890308827 0.005960000213235617
v -0.010764000006020069 0.0016080000204965472 0.006364000029861927
v -0.011145999655127525 -0.0005099999834783375 0.0053079999051988125
v -0.007114999927580357 0.0002469999890308827 0.005960000213235617
v -0.010317999869585037 0.005014999769628048 0.006285000126808882
v -0.0066650002263486385 0.003473999910056591 0.006388000212609768
v -0.006512000225484371 0.004980000201612711 0.006080999970436096
v -0.010317999869585037 0.005014999769628048 0.006285000126808882
v -0.010459000244736671 0.003900999901816249 0.006517999805510044
v -0.0066650002263486385 0.003473999910056591 0.006388000212609768
v -0.010764000006020069 0.0016080000204965472 0.006364000029861927
v -0.007114999927580357 0.0002469999890308827 0.005960000213235617
v -0.0066650002263486385 0.003473999910056591 0.006388000212609768
v -0.010459000244736671 0.003900999901816249 0.006517999805510044
v -0.010764000006020069 0.0016080000204965472 0.006364000029861927
v -0.0066650002263486385 0.003473999910056591 0.006388000212609768
v -0.001471000025048852 0.007519000209867954 0.006856999825686216
v -0.0038530000019818544 0.008012999780476093 0.0055229999125003815
v 0 0.007342999801039696 0.006283999886363745
v -0.001471000025048852 0.007519000209867954 0.006856999825686216
v -0.0030690000858157873 0.007985999807715416 0.006298999767750502
v -0.0038530000019818544 0.008012999780476093 0.0055229999125003815
v -0.0007919999770820141 0.008045000024139881 0.001972000114619732
v -0.006560999900102615 0.008985999971628189 0.000981000019237399
v -0.0009270000155083835 0.008279000408947468 0.0003370000049471855
v -0.0007919999770820141 0.008045000024139881 0.001972000114619732
v -0.006219999864697456 0.008425000123679638 0.00481700012460351
v -0.006560999900102615 0.008985999971628189 0.000981000019237399
v -0.006560999900102615 0.008985999971628189 0.000981000019237399
v -0.006982999853789806 0.008617999963462353 -0.0022559999488294125
v -0.0012410000199452043 0.008104000240564346 -0.002308000111952424
v -0.0009270000155083835 0.008279000408947468 0.0003370000049471855
v -0.006560999900102615 0.008985999971628189 0.000981000019237399
v -0.0012410000199452043 0.008104000240564346 -0.002308000111952424
v -0.006982999853789806 0.008617999963462353 -0.0022559999488294125
v -0.00749799981713295 0.006684000138193369 -0.0048500001430511475
v -0.0016599999507889152 0.00687999976798892 -0.004610999953001738
v -0.0012410000199452043 0.008104000240564346 -0.002308000111952424
v -0.006982999853789806 0.008617999963462353 -0.0022559999488294125
v -0.0016599999507889152 0.00687999976798892 -0.004610999953001738
v -0.002090000081807375 0.004825999960303307 -0.006161999888718128
v -0.008030000142753124 0.0036720000207424164 -0.006107000168412924
v -0.0031240000389516354 0.002208000048995018 -0.006787999998778105
v -0.002090000081807375 0.004825999960303307 -0.006161999888718128
v -0.00749799981713295 0.006684000138193369 -0.0048500001430511475
v -0.008030000142753124 0.0036720000207424164 -0.006107000168412924
v -0.0005520000122487545 0.008178000338375568 0.0003220000071451068
v -0.0012410000199452043 0.008104000240564346 -0.002308000111952424
v -0.0009590000263415277 0.007826000452041626 -0.002920999890193343
v -0.0005520000122487545 0.008178000338375568 0.0003220000071451068
v -0.0009270000155083835 0.008279000408947468 0.0003370000049471855
v -0.0012410000199452043 0.008104000240564346 -0.002308000111952424
v -0.002090000081807375 0.004825999960303307 -0.006161999888718128
v -0.0031240000389516354 0.002208000048995018 -0.006787999998778105
v -0.0020129999611526728 0.002891999902203679 -0.006785999983549118
v -0.0014939999673515558 0.005855000112205744 -0.005514000076800585
v -0.002090000081807375 0.004825999960303307 -0.006161999888718128
v -0.0020129999611526728 0.002891999902203679 -0.006785999983549118
v 0.014697999693453312 0.0056059998460114 0.0017079999670386314
v 0.013079999946057796 0.008942999877035618 0.003109999932348728
v 0.01292600017040968 0.005911999847739935 0.003447999944910407
v 0.014697999693453312 0.0056059998460114 0.0017079999670386314
v 0.014763999730348587 0.00838799960911274 0.0008640000014565885
v 0.013079999946057796 0.008942999877035618 0.003109999932348728
v 0.015562999993562698 0.007706000003963709 -0.0020959998946636915
v 0.014763999730348587 0.00838799960911274 0.0008640000014565885
v 0.015464000403881073 0.00573199987411499 -0.0003389999910723418
v 0.015706000849604607 0.006016000173985958 -0.0020669999066740274
v 0.015562999993562698 0.007706000003963709 -0.0020959998946636915
v 0.015464000403881073 0.00573199987411499 -0.0003389999910723418
v 0.01539199985563755 0.007269000168889761 -0.005026999861001968
v 0.015562999993562698 0.007706000003963709 -0.0020959998946636915
v 0.015842000022530556 0.005092000123113394 -0.0028280001133680344
v 0.015364999882876873 0.004408999811857939 -0.00507699977606535
v 0.01539199985563755 0.007269000168889761 -0.005026999861001968
v 0.015842000022530556 0.005092000123113394 -0.0028280001133680344
v 0.013508000411093235 0.0070569999516010284 -0.006936000194400549
v 0.01539199985563755 0.007269000168889761 -0.005026999861001968
v 0.014605999924242496 0.003570999950170517 -0.006124999839812517
v 0.013929000124335289 0.004255999810993671 -0.006711000110954046
v 0.013508000411093235 0.0070569999516010284 -0.006936000194400549
v 0.014605999924242496 0.003570999950170517 -0.006124999839812517
v 0.010730000212788582 0.007513999938964844 -0.007420999929308891
v 0.013508000411093235 0.0070569999516010284 -0.006936000194400549
v 0.012668999843299389 0.0031479999888688326 -0.007482000160962343
v 0.009708000347018242 0.003619000082835555 -0.007919000461697578
v 0.010730000212788582 0.007513999938964844 -0.007420999929308891
v 0.012668999843299389 0.0031479999888688326 -0.007482000160962343
v 0.00828499998897314 0.007590999826788902 -0.00760400015860796
v 0.010730000212788582 0.007513999938964844 -0.007420999929308891
v 0.009708000347018242 0.003619000082835555 -0.007919000461697578
v 0.007468999829143286 0.003771000076085329 -0.0077760000713169575
v 0.00828499998897314 0.007590999826788902 -0.00760400015860796
v 0.009708000347018242 0.003619000082835555 -0.007919000461697578
v 0.007178999949246645 0.0011050000321120024 -0.007879000157117844
v 0.009708000347018242 0.003619000082835555 -0.007919000461697578
v 0.010970000177621841 0.0006939999875612557 -0.008008000440895557
v 0.007178999949246645 0.0011050000321120024 -0.007879000157117844
v 0.007468999829143286 0.003771000076085329 -0.0077760000713169575
v 0.009708000347018242 0.003619000082835555 -0.007919000461697578
v 0.0027409999165683985 0.007896999828517437 -0.007814999669790268
v 0.007468999829143286 0.003771000076085329 -0.0077760000713169575
v 0.0023539999965578318 0.0037239999510347843 -0.007445000112056732
v 0.0027409999165683985 0.007896999828517437 -0.007814999669790268
v 0.00828499998897314 0.007590999826788902 -0.00760400015860796
v 0.007468999829143286 0.003771000076085329 -0.0077760000713169575
v 0.0023539999965578318 0.0037239999510347843 -0.007445000112056732
v 0.007468999829143286 0.003771000076085329 -0.0077760000713169575
v 0.007178999949246645 0.0011050000321120024 -0.007879000157117844
v 0.0021279999054968357 0.0016670000040903687 -0.007366000209003687
v 0.0023539999965578318 0.0037239999510347843 -0.007445000112056732
v 0.007178999949246645 0.0011050000321120024 -0.007879000157117844
v 0.0023539999965578318 0.0037239999510347843 -0.007445000112056732
v 0.0011739999754354358 0.0031999999191612005 -0.008357999846339226
v 0.0017640000442042947 0.0077840001322329044 -0.008500000461935997
v 0.0027409999165683985 0.007896999828517437 -0.007814999669790268
v 0.0023539999965578318 0.0037239999510347843 -0.007445000112056732
v 0.0017640000442042947 0.0077840001322329044 -0.008500000461935997
v 0.0014009999576956034 0.0008759999764151871 -0.007414000108838081
v 0.0008870000019669533 0.0007239999831654131 -0.008165000006556511
v 0.0011739999754354358 0.0031999999191612005 -0.008357999846339226
v 0.0023539999965578318 0.0037239999510347843 -0.007445000112056732
v 0.0014009999576956034 0.0008759999764151871 -0.007414000108838081
v 0.0011739999754354358 0.0031999999191612005 -0.008357999846339226
v 0.0021279999054968357 0.0016670000040903687 -0.007366000209003687
v 0.007269000168889761 0.0017300000181421638 -0.007821000181138515
v 0.0017859999788925052 0.0024510000366717577 -0.0072189997881650925
v 0.0021279999054968357 0.0016670000040903687 -0.007366000209003687
v 0.007178999949246645 0.0011050000321120024 -0.007879000157117844
v 0.007269000168889761 0.0017300000181421638 -0.007821000181138515
v 0.0014009999576956034 0.0008759999764151871 -0.007414000108838081
v 0.0017859999788925052 0.0024510000366717577 -0.0072189997881650925
v 0.0012550000101327896 0.0024880000855773687 -0.007153000216931105
v 0.0007120000082068145 -0.001133000012487173 -0.007631000131368637
v 0.0014009999576956034 0.0008759999764151871 -0.007414000108838081
v 0.0012550000101327896 0.0024880000855773687 -0.007153000216931105
v 0.006227000150829554 0.004344000015407801 -0.006856999825686216
v 0.0017859999788925052 0.0024510000366717577 -0.0072189997881650925
v 0.007269000168889761 0.0017300000181421638 -0.007821000181138515
v 0.006227000150829554 0.004344000015407801 -0.006856999825686216
v 0.001990000018849969 0.0045540002174675465 -0.0065460000187158585
v 0.0017859999788925052 0.0024510000366717577 -0.0072189997881650925
v -0.0018339999951422215 0.005987000185996294 -0.008700000122189522
v 0.0017640000442042947 0.0077840001322329044 -0.008500000461935997
v 0.0012329999590292573 0.004461000207811594 -0.009233999997377396
v -0.002068999921903014 0.004403000231832266 -0.009039999917149544
v -0.0018339999951422215 0.005987000185996294 -0.008700000122189522
v 0.0012329999590292573 0.004461000207811594 -0.009233999997377396
v -0.002068999921903014 0.004403000231832266 -0.009039999917149544
v 0.0012329999590292573 0.004461000207811594 -0.009233999997377396
v 0.00072900002123788 0.0006680000224150717 -0.009639999829232693
v -0.00254400004632771 0.0006639999919570982 -0.00922400038689375
v -0.002068999921903014 0.004403000231832266 -0.009039999917149544
v 0.00072900002123788 0.0006680000224150717 -0.009639999829232693
v -0.00254400004632771 0.0006639999919570982 -0.00922400038689375
v 0.00072900002123788 0.0006680000224150717 -0.009639999829232693
v 0.00041199999395757914 -0.0029559999238699675 -0.00836899969726801
v -0.0028170000296086073 -0.002767000114545226 -0.00783700030297041
v -0.00254400004632771 0.0006639999919570982 -0.00922400038689375
v 0.00041199999395757914 -0.0029559999238699675 -0.00836899969726801
v -0.0028170000296086073 -0.002767000114545226 -0.00783700030297041
v 0.00041199999395757914 -0.0029559999238699675 -0.00836899969726801
v 0.00037200000951997936 -0.005752000026404858 -0.005675999913364649
v -0.002850000048056245 -0.0053969998843967915 -0.005198999773710966
v -0.0028170000296086073 -0.002767000114545226 -0.00783700030297041
v 0.00037200000951997936 -0.005752000026404858 -0.005675999913364649
v -0.002850000048056245 -0.0053969998843967915 -0.005198999773710966
v 0.00037200000951997936 -0.005752000026404858 -0.005675999913364649
v 0.0006079999729990959 -0.007120999973267317 -0.002050000010058284
v -0.0026020000223070383 -0.006696000229567289 -0.001643999945372343
v -0.002850000048056245 -0.0053969998843967915 -0.005198999773710966
v 0.0006079999729990959 -0.007120999973267317 -0.002050000010058284
v -0.0026020000223070383 -0.006696000229567289 -0.001643999945372343
v 0.0006079999729990959 -0.007120999973267317 -0.002050000010058284
v 0.0010160000529140234 -0.0067349998280406 0.0013310000067576766
v -0.002202000003308058 -0.006432000081986189 0.0017180000431835651
v -0.0026020000223070383 -0.006696000229567289 -0.001643999945372343
v 0.0010160000529140234 -0.0067349998280406 0.0013310000067576766
v -0.0016740000573918223 -0.004718000069260597 0.004569999873638153
v 0.0010160000529140234 -0.0067349998280406 0.0013310000067576766
v 0.0015490000369027257 -0.005014999769628048 0.004182000178843737
v -0.0016740000573918223 -0.004718000069260597 0.004569999873638153
v -0.002202000003308058 -0.006432000081986189 0.0017180000431835651
v 0.0010160000529140234 -0.0067349998280406 0.0013310000067576766
v -0.0011070000473409891 -0.0017359999474138021 0.006417000200599432
v 0.0015490000369027257 -0.005014999769628048 0.004182000178843737
v 0.0021299999207258224 -0.0021230001002550125 0.006037000101059675
v -0.0011070000473409891 -0.0017359999474138021 0.006417000200599432
v -0.0016740000573918223 -0.004718000069260597 0.004569999873638153
v 0.0015490000369027257 -0.005014999769628048 0.004182000178843737
v -0.0006060000159777701 0.0016629999736323953 0.0067980000749230385
v 0.0021299999207258224 -0.0021230001002550125 0.006037000101059675
v 0.0025939999613910913 0.0012730000307783484 0.0064210002310574055
v -0.0006060000159777701 0.0016629999736323953 0.0067980000749230385
v -0.0011070000473409891 -0.0017359999474138021 0.006417000200599432
v 0.0021299999207258224 -0.0021230001002550125 0.006037000101059675
v -0.0006060000159777701 0.0016629999736323953 0.0067980000749230385
v 0.0025939999613910913 0.0012730000307783484 0.0064210002310574055
v 0.0033370000310242176 0.006926999893039465 0.006254000123590231
v 0 0.007342999801039696 0.006283999886363745
v -0.0006060000159777701 0.0016629999736323953 0.0067980000749230385
v 0.0033370000310242176 0.006926999893039465 0.006254000123590231
v -0.002503999974578619 -0.0007379999733529985 -0.0072559998370707035
v -0.00254400004632771 0.0006639999919570982 -0.00922400038689375
v -0.0028170000296086073 -0.002767000114545226 -0.00783700030297041
v -0.002503999974578619 -0.0007379999733529985 -0.0072559998370707035
v -0.0023300000466406345 0.001108999946154654 -0.007794999983161688
v -0.00254400004632771 0.0006639999919570982 -0.00922400038689375
v 0.00072900002123788 0.0006680000224150717 -0.009639999829232693
v 0.0008870000019669533 0.0007239999831654131 -0.008165000006556511
v 0.0007120000082068145 -0.001133000012487173 -0.007631000131368637
v 0.00041199999395757914 -0.0029559999238699675 -0.00836899969726801
v 0.00072900002123788 0.0006680000224150717 -0.009639999829232693
v 0.0007120000082068145 -0.001133000012487173 -0.007631000131368637
v 0.0011739999754354358 0.0031999999191612005 -0.008357999846339226
v 0.0008870000019669533 0.0007239999831654131 -0.008165000006556511
v 0.00072900002123788 0.0006680000224150717 -0.009639999829232693
v 0.0012329999590292573 0.004461000207811594 -0.009233999997377396
v 0.0011739999754354358 0.0031999999191612005 -0.008357999846339226
v 0.00072900002123788 0.0006680000224150717 -0.009639999829232693
v 0.0022899999748915434 0.007437999825924635 -0.0032480000518262386
v 0.0023449999280273914 0.006504999939352274 -0.00508299982175231
v 0.0025400000158697367 0.007017999887466431 -0.003911999985575676
v 0.0022899999748915434 0.007437999825924635 -0.0032480000518262386
v 0.0017579999985173345 0.005518000107258558 -0.005886999890208244
v 0.0023449999280273914 0.006504999939352274 -0.00508299982175231
v 0.0023449999280273914 0.006504999939352274 -0.00508299982175231
v 0.001990000018849969 0.0045540002174675465 -0.0065460000187158585
v 0.006227000150829554 0.004344000015407801 -0.006856999825686216
v 0.007706999778747559 0.005332000087946653 -0.006087999790906906
v 0.0023449999280273914 0.006504999939352274 -0.00508299982175231
v 0.006227000150829554 0.004344000015407801 -0.006856999825686216
v 0.0023449999280273914 0.006504999939352274 -0.00508299982175231
v 0.007706999778747559 0.005332000087946653 -0.006087999790906906
v 0.007927999831736088 0.005758000072091818 -0.005537999793887138
v 0.0025400000158697367 0.007017999887466431 -0.003911999985575676
v 0.0023449999280273914 0.006504999939352274 -0.00508299982175231
v 0.007927999831736088 0.005758000072091818 -0.005537999793887138
v 0.008076000027358532 0.0068870000541210175 -0.003604999976232648
v 0.0025400000158697367 0.007017999887466431 -0.003911999985575676
v 0.007927999831736088 0.005758000072091818 -0.005537999793887138
v 0.008076000027358532 0.0068870000541210175 -0.003604999976232648
v 0.0028989999555051327 0.007718999870121479 -0.0015699999639764428
v 0.0025400000158697367 0.007017999887466431 -0.003911999985575676
v 0.0028989999555051327 0.007718999870121479 -0.0015699999639764428
v 0.008076000027358532 0.0068870000541210175 -0.003604999976232648
v 0.00800700020045042 0.007222999818623066 -0.0009410000056959689
v 0.0033420000690966845 0.007451999932527542 0.0022299999836832285
v 0.0028989999555051327 0.007718999870121479 -0.0015699999639764428
v 0.00800700020045042 0.007222999818623066 -0.0009410000056959689
v 0.008187999948859215 0.0064860000275075436 0.004385000094771385
v 0.0033420000690966845 0.007451999932527542 0.0022299999836832285
v 0.00800700020045042 0.007222999818623066 -0.0009410000056959689
v 0.008187999948859215 0.0064860000275075436 0.004385000094771385
v 0.00535399978980422 0.006599000189453363 0.006498999893665314
v 0.0033420000690966845 0.007451999932527542 0.0022299999836832285
v 0.008187999948859215 0.0064860000275075436 0.004385000094771385
v 0.008724999614059925 0.007062999997287989 -0.000678999989759177
v 0.009173000231385231 0.006357000209391117 0.004310000222176313
v 0.008187999948859215 0.0064860000275075436 0.004385000094771385
v 0.00800700020045042 0.007222999818623066 -0.0009410000056959689
v 0.008724999614059925 0.007062999997287989 -0.000678999989759177
v 0.008076000027358532 0.0068870000541210175 -0.003604999976232648
v 0.008310000412166119 0.006647000089287758 -0.003932000137865543
v 0.008724999614059925 0.007062999997287989 -0.000678999989759177
v 0.00800700020045042 0.007222999818623066 -0.0009410000056959689
v 0.008076000027358532 0.0068870000541210175 -0.003604999976232648
v 0.008724999614059925 0.007062999997287989 -0.000678999989759177
v 0.015797000378370285 0.0052089998498559 -0.002148000057786703
v 0.012280000373721123 0.00558000011369586 -0.0017579999985173345
v 0.01219900045543909 0.005528999958187342 -0.00241800001822412
v 0.015842000022530556 0.005092000123113394 -0.0028280001133680344
v 0.015797000378370285 0.0052089998498559 -0.002148000057786703
v 0.01219900045543909 0.005528999958187342 -0.00241800001822412
v 0.015842000022530556 0.005092000123113394 -0.0028280001133680344
v 0.01219900045543909 0.005528999958187342 -0.00241800001822412
v 0.011944999918341637 0.0050479997880756855 -0.004246999975293875
v 0.015364999882876873 0.004408999811857939 -0.00507699977606535
v 0.015842000022530556 0.005092000123113394 -0.0028280001133680344
v 0.011944999918341637 0.0050479997880756855 -0.004246999975293875
v 0.014605999924242496 0.003570999950170517 -0.006124999839812517
v 0.011944999918341637 0.0050479997880756855 -0.004246999975293875
v 0.011621000245213509 0.003922999836504459 -0.005799999926239252
v 0.014605999924242496 0.003570999950170517 -0.006124999839812517
v 0.015364999882876873 0.004408999811857939 -0.00507699977606535
v 0.011944999918341637 0.0050479997880756855 -0.004246999975293875
v 0.013929000124335289 0.004255999810993671 -0.006711000110954046
v 0.011621000245213509 0.003922999836504459 -0.005799999926239252
v 0.011629999615252018 0.004521000199019909 -0.0064570000395178795
v 0.013929000124335289 0.004255999810993671 -0.006711000110954046
v 0.014605999924242496 0.003570999950170517 -0.006124999839812517
v 0.011621000245213509 0.003922999836504459 -0.005799999926239252
v 0.012668999843299389 0.0031479999888688326 -0.007482000160962343
v 0.011629999615252018 0.004521000199019909 -0.0064570000395178795
v 0.011273999698460102 0.0027209999971091747 -0.007571999914944172
v 0.012668999843299389 0.0031479999888688326 -0.007482000160962343
v 0.013929000124335289 0.004255999810993671 -0.006711000110954046
v 0.011629999615252018 0.004521000199019909 -0.0064570000395178795
v 0.015706000849604607 0.006016000173985958 -0.0020669999066740274
v 0.012396000325679779 0.006399000063538551 -0.0017010000301524997
v 0.012280000373721123 0.00558000011369586 -0.0017579999985173345
v 0.015797000378370285 0.0052089998498559 -0.002148000057786703
v 0.015706000849604607 0.006016000173985958 -0.0020669999066740274
v 0.012280000373721123 0.00558000011369586 -0.0017579999985173345
v 0.015464000403881073 0.00573199987411499 -0.0003389999910723418
v 0.012533999979496002 0.006089000031352043 -0.00011899999663000926
v 0.012396000325679779 0.006399000063538551 -0.0017010000301524997
v 0.015706000849604607 0.006016000173985958 -0.0020669999066740274
v 0.015464000403881073 0.00573199987411499 -0.0003389999910723418
v 0.012396000325679779 0.006399000063538551 -0.0017010000301524997
v 0.014697999693453312 0.0056059998460114 0.0017079999670386314
v 0.012726999819278717 0.00583800021559 0.001883000019006431
v 0.012533999979496002 0.006089000031352043 -0.00011899999663000926
v 0.015464000403881073 0.00573199987411499 -0.0003389999910723418
v 0.014697999693453312 0.0056059998460114 0.0017079999670386314
v 0.012533999979496002 0.006089000031352043 -0.00011899999663000926
v 0.007075000088661909 0.00012199999764561653 -0.007799999788403511
v 0.010970000177621841 0.0006939999875612557 -0.008008000440895557
v 0.010852999985218048 -0.0003440000000409782 -0.00790799967944622
v 0.007075000088661909 0.00012199999764561653 -0.007799999788403511
v 0.007178999949246645 0.0011050000321120024 -0.007879000157117844
v 0.010970000177621841 0.0006939999875612557 -0.008008000440895557
v 0.007075000088661909 0.00012199999764561653 -0.007799999788403511
v 0.010852999985218048 -0.0003440000000409782 -0.00790799967944622
v 0.01066100038588047 -0.0024470000062137842 -0.0072479997761547565
v 0.006876999977976084 -0.002228999976068735 -0.0069989999756217
v 0.007075000088661909 0.00012199999764561653 -0.007799999788403511
v 0.01066100038588047 -0.0024470000062137842 -0.0072479997761547565
v 0.006876999977976084 -0.002228999976068735 -0.0069989999756217
v 0.01066100038588047 -0.0024470000062137842 -0.0072479997761547565
v 0.010607000440359116 -0.004327999893575907 -0.005646000150591135
v 0.006829999852925539 -0.004083000123500824 -0.0053889998234808445
v 0.006876999977976084 -0.002228999976068735 -0.0069989999756217
v 0.010607000440359116 -0.004327999893575907 -0.005646000150591135
v 0.006829999852925539 -0.004083000123500824 -0.0053889998234808445
v 0.010607000440359116 -0.004327999893575907 -0.005646000150591135
v 0.010715000331401825 -0.005394999869167805 -0.003496000077575445
v 0.006936999969184399 -0.0052089998498559 -0.003160000080242753
v 0.006829999852925539 -0.004083000123500824 -0.0053889998234808445
v 0.010715000331401825 -0.005394999869167805 -0.003496000077575445
v 0.006936999969184399 -0.0052089998498559 -0.003160000080242753
v 0.010715000331401825 -0.005394999869167805 -0.003496000077575445
v 0.010936000384390354 -0.005555000156164169 -0.001231999951414764
v 0.007176999934017658 -0.005400000140070915 -0.0007639999967068434
v 0.006936999969184399 -0.0052089998498559 -0.003160000080242753
v 0.010936000384390354 -0.005555000156164169 -0.001231999951414764
v 0.007176999934017658 -0.005400000140070915 -0.0007639999967068434
v 0.010936000384390354 -0.005555000156164169 -0.001231999951414764
v 0.011262999847531319 -0.004838999826461077 0.000893999997060746
v 0.007544000167399645 -0.004645000211894512 0.0016070000128820539
v 0.007176999934017658 -0.005400000140070915 -0.0007639999967068434
v 0.011262999847531319 -0.004838999826461077 0.000893999997060746
v 0.007544000167399645 -0.004645000211894512 0.0016070000128820539
v 0.011262999847531319 -0.004838999826461077 0.000893999997060746
v 0.011669999919831753 -0.0033229999244213104 0.002735000103712082
v 0.00795700028538704 -0.0030580000020563602 0.0034310000482946634
v 0.007544000167399645 -0.004645000211894512 0.0016070000128820539
v 0.011669999919831753 -0.0033229999244213104 0.002735000103712082
v 0.008364000357687473 -0.0008629999938420951 0.0045289997942745686
v 0.011669999919831753 -0.0033229999244213104 0.002735000103712082
v 0.012051000259816647 -0.0012009999481961131 0.003785999957472086
v 0.008364000357687473 -0.0008629999938420951 0.0045289997942745686
v 0.00795700028538704 -0.0030580000020563602 0.0034310000482946634
v 0.011669999919831753 -0.0033229999244213104 0.002735000103712082
v 0.008670000359416008 0.0015800000401213765 0.00469199987128377
v 0.012051000259816647 -0.0012009999481961131 0.003785999957472086
v 0.012364000082015991 0.0011820000363513827 0.0039369999431073666
v 0.008670000359416008 0.0015800000401213765 0.00469199987128377
v 0.008364000357687473 -0.0008629999938420951 0.0045289997942745686
v 0.012051000259816647 -0.0012009999481961131 0.003785999957472086
v 0.009173000231385231 0.006357000209391117 0.004310000222176313
v 0.012364000082015991 0.0011820000363513827 0.0039369999431073666
v 0.01292600017040968 0.005911999847739935 0.003447999944910407
v 0.009173000231385231 0.006357000209391117 0.004310000222176313
v 0.008670000359416008 0.0015800000401213765 0.00469199987128377
v 0.012364000082015991 0.0011820000363513827 0.0039369999431073666
v 0.011944999918341637 0.0050479997880756855 -0.004246999975293875
v 0.011669999919831753 -0.0033229999244213104 0.002735000103712082
v 0.011262999847531319 -0.004838999826461077 0.000893999997060746
v 0.011944999918341637 0.0050479997880756855 -0.004246999975293875
v 0.01219900045543909 0.005528999958187342 -0.00241800001822412
v 0.011669999919831753 -0.0033229999244213104 0.002735000103712082
v 0.01219900045543909 0.005528999958187342 -0.00241800001822412
v 0.012280000373721123 0.00558000011369586 -0.0017579999985173345
v 0.012364000082015991 0.0011820000363513827 0.0039369999431073666
v 0.012051000259816647 -0.0012009999481961131 0.003785999957472086
v 0.01219900045543909 0.005528999958187342 -0.00241800001822412
v 0.012364000082015991 0.0011820000363513827 0.0039369999431073666
v 0.011621000245213509 0.003922999836504459 -0.005799999926239252
v 0.011944999918341637 0.0050479997880756855 -0.004246999975293875
v 0.010852999985218048 -0.0003440000000409782 -0.00790799967944622
v 0.010970000177621841 0.0006939999875612557 -0.008008000440895557
v 0.011621000245213509 0.003922999836504459 -0.005799999926239252
v 0.010852999985218048 -0.0003440000000409782 -0.00790799967944622
v 0.012280000373721123 0.00558000011369586 -0.0017579999985173345
v 0.012726999819278717 0.00583800021559 0.001883000019006431
v 0.012364000082015991 0.0011820000363513827 0.0039369999431073666
v 0.012280000373721123 0.00558000011369586 -0.0017579999985173345
v 0.012533999979496002 0.006089000031352043 -0.00011899999663000926
v 0.012726999819278717 0.00583800021559 0.001883000019006431
vt -13.867899894714355 8.493809700012207
vt -13.883500099182129 8.50648021697998
vt -13.852399826049805 8.51509952545166
vt -14.090100288391113 8.602330207824707
vt -14.030900001525879 8.519800186157227
vt -14.062000274658203 8.527589797973633
vt -13.956500053405762 8.491339683532715
vt -13.98960018157959 8.504850387573242
vt -13.958600044250488 8.503470420837402
vt -13.852399826049805 8.51509952545166
vt -13.883500099182129 8.50648021697998
vt -13.851300239562988 8.543709754943848
vt -14.083200454711914 8.664759635925293
vt -13.945500373840332 8.500579833984375
vt -14.096199989318848 8.638050079345703
vt -13.8572998046875 8.560190200805664
vt -13.910400390625 8.498000144958496
vt -13.878700256347656 8.596019744873047
vt -13.878700256347656 8.596019744873047
vt -13.910400390625 8.498000144958496
vt -13.91819953918457 8.633749961853027
vt -13.91819953918457 8.633749961853027
vt -13.910400390625 8.498000144958496
vt -13.96560001373291 8.662030220031738
vt -13.96560001373291 8.662030220031738
vt -13.910400390625 8.498000144958496
vt -14.011899948120117 8.676810264587402
vt -14.011899948120117 8.676810264587402
vt -13.910400390625 8.498000144958496
vt -14.052000045776367 8.677599906921387
vt -14.030900001525879 8.519800186157227
vt -14.013400077819824 8.557180404663086
vt -14.062000274658203 8.527589797973633
vt -13.84280014038086 8.53201961517334
vt -13.852399826049805 8.51509952545166
vt -13.851300239562988 8.543709754943848
vt -13.88599967956543 8.487350463867188
vt -13.993599891662598 8.51002025604248
vt -13.88070011138916 8.471659660339355
vt -13.911100387573242 8.52791976928711
vt -13.993599891662598 8.51002025604248
vt -13.88599967956543 8.487350463867188
vt -13.950599670410156 8.565309524536133
vt -13.993599891662598 8.51002025604248
vt -13.911100387573242 8.52791976928711
vt -13.999799728393555 8.594880104064941
vt -13.993599891662598 8.51002025604248
vt -13.950599670410156 8.565309524536133
vt -14.048800468444824 8.61100959777832
vt -13.993599891662598 8.51002025604248
vt -13.999799728393555 8.594880104064941
vt -14.093700408935547 8.612709999084473
vt -13.993599891662598 8.51002025604248
vt -14.048800468444824 8.61100959777832
vt -14.124199867248535 8.598660469055176
vt -13.993599891662598 8.51002025604248
vt -14.093700408935547 8.612709999084473
vt -14.137900352478027 8.571290016174316
vt -13.993599891662598 8.51002025604248
vt -14.124199867248535 8.598660469055176
vt -14.131999969482422 8.534440040588379
vt -13.993599891662598 8.51002025604248
vt -14.137900352478027 8.571290016174316
vt -14.106399536132812 8.458259582519531
vt -13.993599891662598 8.51002025604248
vt -14.131999969482422 8.534440040588379
vt -13.993599891662598 8.51002025604248
vt -14.106399536132812 8.458259582519531
vt -14.003000259399414 8.42018985748291
vt -13.993599891662598 8.51002025604248
vt -14.003000259399414 8.42018985748291
vt -13.939000129699707 8.408559799194336
vt -13.993599891662598 8.51002025604248
vt -13.939000129699707 8.408559799194336
vt -13.910699844360352 8.411709785461426
vt -13.893899917602539 8.423859596252441
vt -13.993599891662598 8.51002025604248
vt -13.910699844360352 8.411709785461426
vt -13.879500389099121 8.462510108947754
vt -13.993599891662598 8.51002025604248
vt -13.893899917602539 8.423859596252441
vt -13.88070011138916 8.471659660339355
vt -13.993599891662598 8.51002025604248
vt -13.879500389099121 8.462510108947754
vt -13.946900367736816 8.40149974822998
vt -13.910699844360352 8.411709785461426
vt -13.939000129699707 8.408559799194336
vt -14.17959976196289 8.396109580993652
vt -14.188300132751465 8.354740142822266
vt -14.102399826049805 8.331130027770996
vt -13.902099609375 8.413350105285645
vt -13.893899917602539 8.423859596252441
vt -13.910699844360352 8.411709785461426
vt -13.902099609375 8.413350105285645
vt -13.899700164794922 8.402359962463379
vt -13.893899917602539 8.423859596252441
vt -14.188300132751465 8.354740142822266
vt -14.057900428771973 8.304889678955078
vt -14.102399826049805 8.331130027770996
vt -14.057900428771973 8.304889678955078
vt -14.025199890136719 8.305100440979004
vt -14.102399826049805 8.331130027770996
vt -14.057900428771973 8.304889678955078
vt -13.99530029296875 8.29347038269043
vt -14.025199890136719 8.305100440979004
vt -13.99530029296875 8.29347038269043
vt -13.980799674987793 8.302720069885254
vt -14.025199890136719 8.305100440979004
vt -13.959099769592285 8.304089546203613
vt -13.94950008392334 8.308320045471191
vt -13.936699867248535 8.326800346374512
vt -13.887999534606934 8.259389877319336
vt -13.908699989318848 8.329850196838379
vt -13.886199951171875 8.305660247802734
vt -13.996899604797363 8.482170104980469
vt -13.931900024414062 8.424269676208496
vt -13.939900398254395 8.400250434875488
vt -14.188300132751465 8.354740142822266
vt -14.076000213623047 8.417220115661621
vt -14.057900428771973 8.304889678955078
vt -14.057900428771973 8.304889678955078
vt -14.076000213623047 8.417220115661621
vt -13.99530029296875 8.29347038269043
vt -13.99530029296875 8.29347038269043
vt -14.076000213623047 8.417220115661621
vt -13.94950008392334 8.308320045471191
vt -14.076000213623047 8.417220115661621
vt -13.935400009155273 8.348030090332031
vt -13.94950008392334 8.308320045471191
vt -13.935400009155273 8.348030090332031
vt -14.076000213623047 8.417220115661621
vt -13.939900398254395 8.400250434875488
vt -14.076000213623047 8.417220115661621
vt -14.188300132751465 8.354740142822266
vt -14.213700294494629 8.441360473632812
vt -14.076000213623047 8.417220115661621
vt -14.213700294494629 8.441360473632812
vt -14.218999862670898 8.491339683532715
vt -14.076000213623047 8.417220115661621
vt -14.218999862670898 8.491339683532715
vt -14.19279956817627 8.52515983581543
vt -14.076000213623047 8.417220115661621
vt -14.19279956817627 8.52515983581543
vt -14.141900062561035 8.535750389099121
vt -14.076000213623047 8.417220115661621
vt -14.141900062561035 8.535750389099121
vt -14.07509994506836 8.523260116577148
vt -14.076000213623047 8.417220115661621
vt -14.07509994506836 8.523260116577148
vt -13.996899604797363 8.482170104980469
vt -13.939900398254395 8.400250434875488
vt -14.076000213623047 8.417220115661621
vt -13.996899604797363 8.482170104980469
vt -13.952300071716309 8.308039665222168
vt -13.915499687194824 8.228090286254883
vt -13.91469955444336 8.250479698181152
vt -13.952300071716309 8.308039665222168
vt -13.91469955444336 8.250479698181152
vt -13.925200462341309 8.30698013305664
vt -13.97029972076416 8.339280128479004
vt -13.966300010681152 8.367250442504883
vt -14.029500007629395 8.422160148620605
vt -14.212200164794922 8.290180206298828
vt -14.105600357055664 8.356410026550293
vt -14.244000434875488 8.380769729614258
vt -14.244000434875488 8.380769729614258
vt -14.105600357055664 8.356410026550293
vt -14.249600410461426 8.430159568786621
vt -14.249600410461426 8.430159568786621
vt -14.105600357055664 8.356410026550293
vt -14.223699569702148 8.465849876403809
vt -14.223699569702148 8.465849876403809
vt -14.105600357055664 8.356410026550293
vt -14.172800064086914 8.476409912109375
vt -14.172800064086914 8.476409912109375
vt -14.105600357055664 8.356410026550293
vt -14.105999946594238 8.461990356445312
vt -14.105999946594238 8.461990356445312
vt -14.105600357055664 8.356410026550293
vt -14.029500007629395 8.422160148620605
vt -13.97029972076416 8.339280128479004
vt -14.105600357055664 8.356410026550293
vt -13.965900421142578 8.285989761352539
vt -13.965900421142578 8.285989761352539
vt -14.105600357055664 8.356410026550293
vt -13.980199813842773 8.247750282287598
vt -13.980199813842773 8.247750282287598
vt -14.105600357055664 8.356410026550293
vt -14.024900436401367 8.231889724731445
vt -14.024900436401367 8.231889724731445
vt -14.105600357055664 8.356410026550293
vt -14.088899612426758 8.244449615478516
vt -14.105600357055664 8.356410026550293
vt -14.212200164794922 8.290180206298828
vt -14.088899612426758 8.244449615478516
vt -14.105600357055664 8.356410026550293
vt -13.97029972076416 8.339280128479004
vt -14.029500007629395 8.422160148620605
vt -13.94950008392334 8.308320045471191
vt -13.935400009155273 8.348030090332031
vt -13.936699867248535 8.326800346374512
vt -13.899700164794922 8.402359962463379
vt -13.879500389099121 8.462510108947754
vt -13.893899917602539 8.423859596252441
vt -13.935400009155273 8.348030090332031
vt -13.93019962310791 8.357589721679688
vt -13.936699867248535 8.326800346374512
vt -13.933600425720215 8.377799987792969
vt -13.926899909973145 8.376669883728027
vt -13.93019962310791 8.357589721679688
vt -13.92199993133545 8.368889808654785
vt -13.933600425720215 8.377799987792969
vt -13.939900398254395 8.400250434875488
vt -13.933600425720215 8.377799987792969
vt -13.91759967803955 8.344329833984375
vt -13.926899909973145 8.376669883728027
vt -13.854000091552734 8.471170425415039
vt -13.84280014038086 8.53201961517334
vt -13.851300239562988 8.543709754943848
vt -13.84280014038086 8.53201961517334
vt -13.836700439453125 8.480119705200195
vt -13.846500396728516 8.537139892578125
vt -13.855799674987793 8.562870025634766
vt -13.862199783325195 8.51576042175293
vt -13.86970043182373 8.565099716186523
vt -13.925600051879883 8.569140434265137
vt -13.911399841308594 8.569490432739258
vt -13.925600051879883 8.553759574890137
vt -13.911399841308594 8.569490432739258
vt -13.921199798583984 8.521650314331055
vt -13.925600051879883 8.553759574890137
vt -13.964500427246094 8.560799598693848
vt -13.987099647521973 8.5066499710083
vt -14.013400077819824 8.557180404663086
vt -13.965900421142578 8.285989761352539
vt -13.971099853515625 8.302430152893066
vt -13.97029972076416 8.339280128479004
vt -13.97599983215332 8.278779983520508
vt -13.971099853515625 8.302430152893066
vt -13.965900421142578 8.285989761352539
vt -13.997400283813477 8.230239868164062
vt -13.973999977111816 8.2531099319458
vt -13.980199813842773 8.247750282287598
vt -14.024900436401367 8.231889724731445
vt -13.997400283813477 8.230239868164062
vt -13.980199813842773 8.247750282287598
vt -14.038999557495117 8.224390029907227
vt -13.997400283813477 8.230239868164062
vt -14.024900436401367 8.231889724731445
vt -14.12559986114502 8.248590469360352
vt -14.09160041809082 8.23628044128418
vt -14.088899612426758 8.244449615478516
vt -14.12559986114502 8.248590469360352
vt -14.088899612426758 8.244449615478516
vt -14.212200164794922 8.290180206298828
vt -14.022100448608398 8.171130180358887
vt -14.023099899291992 8.18435001373291
vt -13.97599983215332 8.278779983520508
vt -13.997400283813477 8.230239868164062
vt -14.035799980163574 8.132209777832031
vt -13.973999977111816 8.2531099319458
vt -14.218899726867676 8.17018985748291
vt -14.223999977111816 8.158690452575684
vt -14.12559986114502 8.248590469360352
vt -14.222599983215332 8.209239959716797
vt -14.12559986114502 8.248590469360352
vt -14.212200164794922 8.290180206298828
vt -14.222599983215332 8.209239959716797
vt -14.218899726867676 8.17018985748291
vt -14.12559986114502 8.248590469360352
vt -14.143199920654297 8.216070175170898
vt -14.144499778747559 8.129170417785645
vt -14.223999977111816 8.158690452575684
vt -14.143199920654297 8.216070175170898
vt -14.08080005645752 8.116640090942383
vt -14.144499778747559 8.129170417785645
vt -14.143199920654297 8.216070175170898
vt -14.035799980163574 8.132209777832031
vt -14.08080005645752 8.116640090942383
vt -14.143199920654297 8.216070175170898
vt -14.022100448608398 8.171130180358887
vt -14.035799980163574 8.132209777832031
vt -14.143199920654297 8.216070175170898
vt -14.023099899291992 8.18435001373291
vt -14.022100448608398 8.171130180358887
vt -14.143199920654297 8.216070175170898
vt -14.223999977111816 8.158690452575684
vt -14.262700080871582 8.218440055847168
vt -14.143199920654297 8.216070175170898
vt -14.262700080871582 8.218440055847168
vt -14.2746000289917 8.243229866027832
vt -14.143199920654297 8.216070175170898
vt -14.2746000289917 8.243229866027832
vt -14.278300285339355 8.29032039642334
vt -14.143199920654297 8.216070175170898
vt -14.278300285339355 8.29032039642334
vt -14.247599601745605 8.318329811096191
vt -14.143199920654297 8.216070175170898
vt -14.247599601745605 8.318329811096191
vt -14.19219970703125 8.320130348205566
vt -14.143199920654297 8.216070175170898
vt -14.19219970703125 8.320130348205566
vt -14.123900413513184 8.294569969177246
vt -14.143199920654297 8.216070175170898
vt -14.123900413513184 8.294569969177246
vt -14.065600395202637 8.250349998474121
vt -14.143199920654297 8.216070175170898
vt -14.065600395202637 8.250349998474121
vt -14.029399871826172 8.197460174560547
vt -14.023099899291992 8.18435001373291
vt -14.143199920654297 8.216070175170898
vt -14.029399871826172 8.197460174560547
vt -14.202799797058105 8.071060180664062
vt -14.2947998046875 8.152979850769043
vt -14.245699882507324 8.08644962310791
vt -14.202799797058105 8.071060180664062
vt -14.169500350952148 8.057510375976562
vt -14.171799659729004 8.069910049438477
vt -14.202799797058105 8.071060180664062
vt -14.171799659729004 8.069910049438477
vt -14.2947998046875 8.152979850769043
vt -14.096599578857422 8.0731201171875
vt -14.081199645996094 8.059969902038574
vt -14.064399719238281 8.083499908447266
vt -14.2947998046875 8.152979850769043
vt -14.178000450134277 8.152750015258789
vt -14.303999900817871 8.170860290527344
vt -14.178000450134277 8.152750015258789
vt -14.309700012207031 8.205120086669922
vt -14.303999900817871 8.170860290527344
vt -14.309700012207031 8.205120086669922
vt -14.178000450134277 8.152750015258789
vt -14.296500205993652 8.23173999786377
vt -14.178000450134277 8.152750015258789
vt -14.267000198364258 8.24547004699707
vt -14.296500205993652 8.23173999786377
vt -14.267000198364258 8.24547004699707
vt -14.178000450134277 8.152750015258789
vt -14.225700378417969 8.24425983428955
vt -14.178000450134277 8.152750015258789
vt -14.17770004272461 8.22838020324707
vt -14.225700378417969 8.24425983428955
vt -14.178000450134277 8.152750015258789
vt -14.131500244140625 8.200460433959961
vt -14.17770004272461 8.22838020324707
vt -14.178000450134277 8.152750015258789
vt -14.092599868774414 8.163979530334473
vt -14.131500244140625 8.200460433959961
vt -14.178000450134277 8.152750015258789
vt -14.0693998336792 8.126150131225586
vt -14.092599868774414 8.163979530334473
vt -14.0693998336792 8.126150131225586
vt -14.178000450134277 8.152750015258789
vt -14.065299987792969 8.116849899291992
vt -14.065299987792969 8.116849899291992
vt -14.178000450134277 8.152750015258789
vt -14.064399719238281 8.083499908447266
vt -14.096599578857422 8.0731201171875
vt -14.178000450134277 8.152750015258789
vt -14.123100280761719 8.064559936523438
vt -14.123100280761719 8.064559936523438
vt -14.178000450134277 8.152750015258789
vt -14.15820026397705 8.066610336303711
vt -14.15820026397705 8.066610336303711
vt -14.178000450134277 8.152750015258789
vt -14.171799659729004 8.069910049438477
vt -14.178000450134277 8.152750015258789
vt -14.2947998046875 8.152979850769043
vt -14.171799659729004 8.069910049438477
vt -14.178000450134277 8.152750015258789
vt -14.096599578857422 8.0731201171875
vt -14.064399719238281 8.083499908447266
vt -14.267000198364258 8.24547004699707
vt -14.225700378417969 8.24425983428955
vt -14.19219970703125 8.320130348205566
vt -14.092599868774414 8.163979530334473
vt -14.0693998336792 8.126150131225586
vt -14.029399871826172 8.197460174560547
vt -13.915499687194824 8.228090286254883
vt -13.913000106811523 8.193070411682129
vt -13.887999534606934 8.259389877319336
vt -13.97029972076416 8.339280128479004
vt -13.971099853515625 8.302430152893066
vt -13.952300071716309 8.308039665222168
vt -14.180899620056152 8.119460105895996
vt -14.223999977111816 8.158690452575684
vt -14.218899726867676 8.17018985748291
vt -14.139800071716309 8.258919715881348
vt -14.212200164794922 8.290180206298828
vt -14.188300132751465 8.354740142822266
vt -14.168700218200684 8.302539825439453
vt -14.139800071716309 8.258919715881348
vt -14.188300132751465 8.354740142822266
vt -14.235799789428711 8.054759979248047
vt -14.202799797058105 8.071060180664062
vt -14.245699882507324 8.08644962310791
vt -14.180899620056152 8.119460105895996
vt -14.197600364685059 8.090689659118652
vt -14.223999977111816 8.158690452575684
vt -14.197600364685059 8.090689659118652
vt -14.245699882507324 8.08644962310791
vt -14.223999977111816 8.158690452575684
vt -14.197600364685059 8.090689659118652
vt -14.201299667358398 8.03538990020752
vt -14.245699882507324 8.08644962310791
vt -14.098400115966797 8.024479866027832
vt -14.096599578857422 8.025629997253418
vt -14.081199645996094 8.059969902038574
vt -14.064399719238281 8.083499908447266
vt -14.069299697875977 8.080739974975586
vt -14.065299987792969 8.116849899291992
vt -14.18280029296875 8.016059875488281
vt -14.134200096130371 8.018619537353516
vt -14.123100280761719 8.064559936523438
vt -14.15820026397705 8.066610336303711
vt -14.18280029296875 8.016059875488281
vt -14.123100280761719 8.064559936523438
vt -14.196100234985352 8.01928997039795
vt -14.18280029296875 8.016059875488281
vt -14.15820026397705 8.066610336303711
vt -14.195699691772461 8.017990112304688
vt -14.190299987792969 8.014430046081543
vt -14.169500350952148 8.057510375976562
vt -14.171799659729004 8.069910049438477
vt -14.196100234985352 8.01928997039795
vt -14.15820026397705 8.066610336303711
vt -14.201299667358398 8.03538990020752
vt -14.235799789428711 8.054759979248047
vt -14.245699882507324 8.08644962310791
vt -14.169500350952148 8.000690460205078
vt -14.190299987792969 8.014430046081543
vt -14.195699691772461 8.017990112304688
vt -14.18280029296875 8.016059875488281
vt -14.196100234985352 8.01928997039795
vt -14.190299987792969 8.014430046081543
vt -14.098400115966797 8.024479866027832
vt -14.119199752807617 8.026100158691406
vt -14.134200096130371 8.018619537353516
vt -14.048999786376953 8.008370399475098
vt -14.096599578857422 8.025629997253418
vt -14.098400115966797 8.024479866027832
vt -13.99590015411377 8.076990127563477
vt -13.996199607849121 8.036999702453613
vt -13.955499649047852 8.08810043334961
vt -13.86970043182373 8.181110382080078
vt -13.89490032196045 8.276729583740234
vt -13.887999534606934 8.259389877319336
vt -13.927499771118164 8.176340103149414
vt -13.882599830627441 8.117449760437012
vt -13.913000106811523 8.193070411682129
vt -13.899800300598145 8.034919738769531
vt -13.942299842834473 8.138360023498535
vt -13.941900253295898 8.125470161437988
vt -14.169500350952148 8.000690460205078
vt -14.09850025177002 7.944270133972168
vt -14.14330005645752 7.994420051574707
vt -13.926899909973145 7.910970211029053
vt -13.975799560546875 7.966710090637207
vt -13.994400024414062 7.973879814147949
vt -14.037799835205078 8.092599868774414
vt -14.035300254821777 8.066969871520996
vt -14.043000221252441 8.146459579467773
vt -13.926799774169922 8.146739959716797
vt -13.919400215148926 8.12479019165039
vt -14.008899688720703 8.111889839172363
vt -13.85990047454834 7.802609920501709
vt -13.78439998626709 7.82144021987915
vt -13.800399780273438 7.82243013381958
vt -13.800399780273438 7.82243013381958
vt -13.78439998626709 7.82144021987915
vt -13.753299713134766 7.844789981842041
vt -13.78439998626709 7.82144021987915
vt -13.72819995880127 7.7984299659729
vt -13.713199615478516 7.800769805908203
vt -13.699999809265137 7.811870098114014
vt -13.713199615478516 7.800769805908203
vt -13.69219970703125 7.831850051879883
vt -14.033599853515625 8.043689727783203
vt -14.014399528503418 8.064000129699707
vt -14.020899772644043 8.02340030670166
vt -13.904600143432617 8.01648998260498
vt -13.874600410461426 8.041529655456543
vt -13.873700141906738 8.033869743347168
vt -13.873700141906738 8.033869743347168
vt -13.874600410461426 8.041529655456543
vt -13.82979965209961 8.085800170898438
vt -13.919400215148926 8.12479019165039
vt -14.014399528503418 8.064000129699707
vt -14.008899688720703 8.111889839172363
vt -13.984299659729004 8.030179977416992
vt -14.014399528503418 8.064000129699707
vt -13.919400215148926 8.12479019165039
vt -13.930999755859375 8.021499633789062
vt -13.984299659729004 8.030179977416992
vt -13.919400215148926 8.12479019165039
vt -13.874600410461426 8.041529655456543
vt -13.930999755859375 8.021499633789062
vt -13.919400215148926 8.12479019165039
vt -13.82979965209961 8.085800170898438
vt -13.874600410461426 8.041529655456543
vt -13.919400215148926 8.12479019165039
vt -13.82979965209961 8.085800170898438
vt -13.919400215148926 8.12479019165039
vt -13.822500228881836 8.13523006439209
vt -13.826800346374512 7.982180118560791
vt -13.868900299072266 7.951710224151611
vt -13.873700141906738 8.033869743347168
vt -13.868900299072266 7.951710224151611
vt -13.904600143432617 8.01648998260498
vt -13.873700141906738 8.033869743347168
vt -14.030500411987305 8.103670120239258
vt -14.008500099182129 8.03495979309082
vt -14.037799835205078 8.092599868774414
vt -14.037799835205078 8.092599868774414
vt -14.008500099182129 8.03495979309082
vt -14.035300254821777 8.066969871520996
vt -13.793299674987793 8.063739776611328
vt -13.799500465393066 8.062629699707031
vt -13.822500228881836 8.13523006439209
vt -13.80720043182373 8.089739799499512
vt -13.799500465393066 8.062629699707031
vt -13.793299674987793 8.063739776611328
vt -13.994999885559082 8.062060356140137
vt -14.013500213623047 8.034709930419922
vt -14.008500099182129 8.03495979309082
vt -13.906800270080566 8.029970169067383
vt -13.826800346374512 7.982180118560791
vt -13.801600456237793 8.021719932556152
vt -13.906800270080566 8.029970169067383
vt -13.868900299072266 7.951710224151611
vt -13.826800346374512 7.982180118560791
vt -13.906800270080566 8.029970169067383
vt -13.91919994354248 7.936069965362549
vt -13.868900299072266 7.951710224151611
vt -13.906800270080566 8.029970169067383
vt -13.96660041809082 7.938940048217773
vt -13.91919994354248 7.936069965362549
vt -13.906800270080566 8.029970169067383
vt -14.001500129699707 7.9599199295043945
vt -13.96660041809082 7.938940048217773
vt -13.906800270080566 8.029970169067383
vt -14.016500473022461 7.995989799499512
vt -14.001500129699707 7.9599199295043945
vt -13.906800270080566 8.029970169067383
vt -14.008500099182129 8.03495979309082
vt -14.016500473022461 7.995989799499512
vt -13.906800270080566 8.029970169067383
vt -13.80720043182373 8.089739799499512
vt -13.83080005645752 8.106470108032227
vt -13.906800270080566 8.029970169067383
vt -13.801600456237793 8.021719932556152
vt -13.799500465393066 8.062629699707031
vt -13.906800270080566 8.029970169067383
vt -13.83080005645752 8.106470108032227
vt -13.862199783325195 8.115019798278809
vt -13.931300163269043 8.105279922485352
vt -13.906800270080566 8.029970169067383
vt -13.862199783325195 8.115019798278809
vt -13.906800270080566 8.029970169067383
vt -13.931300163269043 8.105279922485352
vt -13.966899871826172 8.086819648742676
vt -13.994999885559082 8.062060356140137
vt -13.906800270080566 8.029970169067383
vt -13.966899871826172 8.086819648742676
vt -13.906800270080566 8.029970169067383
vt -13.799500465393066 8.062629699707031
vt -13.80720043182373 8.089739799499512
vt -14.008500099182129 8.03495979309082
vt -13.906800270080566 8.029970169067383
vt -13.994999885559082 8.062060356140137
vt -13.72819995880127 7.7984299659729
vt -13.718000411987305 7.764750003814697
vt -13.713199615478516 7.800769805908203
vt -13.824899673461914 7.747489929199219
vt -13.85990047454834 7.802609920501709
vt -13.904199600219727 7.774099826812744
vt -13.824899673461914 7.747489929199219
vt -13.72819995880127 7.7984299659729
vt -13.78439998626709 7.82144021987915
vt -13.824899673461914 7.747489929199219
vt -13.78439998626709 7.82144021987915
vt -13.85990047454834 7.802609920501709
vt -13.824899673461914 7.747489929199219
vt -13.749699592590332 7.718510150909424
vt -13.718000411987305 7.764750003814697
vt -13.824899673461914 7.747489929199219
vt -13.802599906921387 7.6864399909973145
vt -13.749699592590332 7.718510150909424
vt -13.824899673461914 7.747489929199219
vt -13.86139965057373 7.677599906921387
vt -13.802599906921387 7.6864399909973145
vt -13.86139965057373 7.677599906921387
vt -13.824899673461914 7.747489929199219
vt -13.908900260925293 7.694300174713135
vt -13.824899673461914 7.747489929199219
vt -13.931699752807617 7.736690044403076
vt -13.908900260925293 7.694300174713135
vt -13.931699752807617 7.736690044403076
vt -13.824899673461914 7.747489929199219
vt -13.904199600219727 7.774099826812744
vt -13.824899673461914 7.747489929199219
vt -13.718000411987305 7.764750003814697
vt -13.72819995880127 7.7984299659729
vt -13.73740005493164 7.873539924621582
vt -13.73169994354248 7.8752899169921875
vt -13.713199615478516 7.800769805908203
vt -13.858099937438965 7.746840000152588
vt -13.809700012207031 7.763850212097168
vt -13.802599906921387 7.6864399909973145
vt -13.86139965057373 7.677599906921387
vt -13.858099937438965 7.746840000152588
vt -13.802599906921387 7.6864399909973145
vt -13.939499855041504 7.771349906921387
vt -13.905599594116211 7.750589847564697
vt -13.908900260925293 7.694300174713135
vt -13.845800399780273 7.837100028991699
vt -13.741000175476074 7.833789825439453
vt -13.766400337219238 7.794010162353516
vt -13.845800399780273 7.837100028991699
vt -13.766400337219238 7.794010162353516
vt -13.809700012207031 7.763850212097168
vt -13.845800399780273 7.837100028991699
vt -13.809700012207031 7.763850212097168
vt -13.858099937438965 7.746840000152588
vt -13.845800399780273 7.837100028991699
vt -13.858099937438965 7.746840000152588
vt -13.905599594116211 7.750589847564697
vt -13.845800399780273 7.837100028991699
vt -13.905599594116211 7.750589847564697
vt -13.939499855041504 7.771349906921387
vt -13.845800399780273 7.837100028991699
vt -13.939499855041504 7.771349906921387
vt -13.954400062561035 7.804759979248047
vt -13.845800399780273 7.837100028991699
vt -13.954400062561035 7.804759979248047
vt -13.947199821472168 7.845920085906982
vt -13.845800399780273 7.837100028991699
vt -13.947199821472168 7.845920085906982
vt -13.95199966430664 7.846439838409424
vt -13.845800399780273 7.837100028991699
vt -13.95199966430664 7.846439838409424
vt -13.917099952697754 7.889969825744629
vt -13.845800399780273 7.837100028991699
vt -13.917099952697754 7.889969825744629
vt -13.863100051879883 7.919939994812012
vt -13.845800399780273 7.837100028991699
vt -13.863100051879883 7.919939994812012
vt -13.805299758911133 7.927549839019775
vt -13.845800399780273 7.837100028991699
vt -13.805299758911133 7.927549839019775
vt -13.758999824523926 7.912670135498047
vt -13.73169994354248 7.8752899169921875
vt -13.845800399780273 7.837100028991699
vt -13.758999824523926 7.912670135498047
vt -13.845800399780273 7.837100028991699
vt -13.73740005493164 7.873539924621582
vt -13.741000175476074 7.833789825439453
vt -13.845800399780273 7.837100028991699
vt -13.73169994354248 7.8752899169921875
vt -13.73740005493164 7.873539924621582
vt -13.758999824523926 7.912670135498047
vt -13.83080005645752 8.106470108032227
vt -13.80720043182373 8.089739799499512
vt -13.95199966430664 7.846439838409424
vt -14.013500213623047 8.034709930419922
vt -13.994999885559082 8.062060356140137
vt -13.923700332641602 7.773749828338623
vt -13.904199600219727 7.774099826812744
vt -13.954099655151367 7.819089889526367
vt -13.986800193786621 7.827320098876953
vt -13.95199966430664 7.846439838409424
vt -13.960000038146973 7.7941999435424805
vt -14.02649974822998 7.8878397941589355
vt -14.019700050354004 7.916600227355957
vt -14.012100219726562 7.865729808807373
vt -13.986800193786621 7.827320098876953
vt -13.995599746704102 7.847690105438232
vt -14.008299827575684 7.9491400718688965
vt -13.95199966430664 7.846439838409424
vt -13.986800193786621 7.827320098876953
vt -14.008299827575684 7.9491400718688965
vt -14.05720043182373 7.999650001525879
vt -14.057499885559082 8.040590286254883
vt -14.008299827575684 7.9491400718688965
vt -14.057499885559082 8.040590286254883
vt -14.05049991607666 8.044659614562988
vt -14.008299827575684 7.9491400718688965
vt -14.05049991607666 8.044659614562988
vt -14.035300254821777 8.066969871520996
vt -14.008299827575684 7.9491400718688965
vt -14.008500099182129 8.03495979309082
vt -14.013500213623047 8.034709930419922
vt -14.035300254821777 8.066969871520996
vt -14.035300254821777 8.066969871520996
vt -14.013500213623047 8.034709930419922
vt -14.008299827575684 7.9491400718688965
vt -14.013500213623047 8.034709930419922
vt -13.95199966430664 7.846439838409424
vt -14.008299827575684 7.9491400718688965
vt -13.888899803161621 8.064249992370605
vt -13.876199722290039 8.049590110778809
vt -13.908499717712402 8.038660049438477
vt -13.80679988861084 7.83158016204834
vt -13.819499969482422 7.846240043640137
vt -13.839099884033203 7.82066011428833
vt -13.913100242614746 8.063920021057129
vt -13.888899803161621 8.064249992370605
vt -13.908499717712402 8.038660049438477
vt -13.819499969482422 7.846240043640137
vt -13.843700408935547 7.84591007232666
vt -13.839099884033203 7.82066011428833
vt -13.934599876403809 8.048800468444824
vt -13.913100242614746 8.063920021057129
vt -13.908499717712402 8.038660049438477
vt -13.843700408935547 7.84591007232666
vt -13.86520004272461 7.830790042877197
vt -13.839099884033203 7.82066011428833
vt -13.940799713134766 8.027739524841309
vt -13.934599876403809 8.048800468444824
vt -13.908499717712402 8.038660049438477
vt -13.86520004272461 7.830790042877197
vt -13.871399879455566 7.809730052947998
vt -13.839099884033203 7.82066011428833
vt -13.928099632263184 8.013079643249512
vt -13.940799713134766 8.027739524841309
vt -13.908499717712402 8.038660049438477
vt -13.871399879455566 7.809730052947998
vt -13.858699798583984 7.795080184936523
vt -13.839099884033203 7.82066011428833
vt -13.903900146484375 8.013409614562988
vt -13.928099632263184 8.013079643249512
vt -13.908499717712402 8.038660049438477
vt -13.858699798583984 7.795080184936523
vt -13.834500312805176 7.795400142669678
vt -13.839099884033203 7.82066011428833
vt -13.882399559020996 8.02853012084961
vt -13.903900146484375 8.013409614562988
vt -13.908499717712402 8.038660049438477
vt -13.834500312805176 7.795400142669678
vt -13.812999725341797 7.810530185699463
vt -13.839099884033203 7.82066011428833
vt -13.876199722290039 8.049590110778809
vt -13.882399559020996 8.02853012084961
vt -13.908499717712402 8.038660049438477
vt -13.812999725341797 7.810530185699463
vt -13.80679988861084 7.83158016204834
vt -13.839099884033203 7.82066011428833
vt -13.923700332641602 7.773749828338623
vt -13.931699752807617 7.736690044403076
vt -13.904199600219727 7.774099826812744
vt -13.73169994354248 7.8752899169921875
vt -13.758999824523926 7.912670135498047
vt -13.750399589538574 7.933010101318359
vt -13.772299766540527 8.0006103515625
vt -13.80720043182373 8.089739799499512
vt -13.793299674987793 8.063739776611328
vt -13.758999824523926 7.912670135498047
vt -13.80720043182373 8.089739799499512
vt -13.772299766540527 8.0006103515625
vt -13.750399589538574 7.933010101318359
vt -13.758999824523926 7.912670135498047
vt -13.772299766540527 8.0006103515625
vt -13.931699752807617 7.736690044403076
vt -13.947199821472168 7.845920085906982
vt -13.954400062561035 7.804759979248047
vt -13.931699752807617 7.736690044403076
vt -13.923700332641602 7.773749828338623
vt -13.947199821472168 7.845920085906982
vt -13.80679988861084 7.83158016204834
vt -13.812999725341797 7.810530185699463
vt -13.882399559020996 8.02853012084961
vt -13.876199722290039 8.049590110778809
vt -13.80679988861084 7.83158016204834
vt -13.882399559020996 8.02853012084961
vt -13.812999725341797 7.810530185699463
vt -13.834500312805176 7.795400142669678
vt -13.903900146484375 8.013409614562988
vt -13.882399559020996 8.02853012084961
vt -13.812999725341797 7.810530185699463
vt -13.903900146484375 8.013409614562988
vt -13.834500312805176 7.795400142669678
vt -13.858699798583984 7.795080184936523
vt -13.928099632263184 8.013079643249512
vt -13.903900146484375 8.013409614562988
vt -13.834500312805176 7.795400142669678
vt -13.928099632263184 8.013079643249512
vt -13.928099632263184 8.013079643249512
vt -13.871399879455566 7.809730052947998
vt -13.940799713134766 8.027739524841309
vt -13.928099632263184 8.013079643249512
vt -13.858699798583984 7.795080184936523
vt -13.871399879455566 7.809730052947998
vt -13.940799713134766 8.027739524841309
vt -13.86520004272461 7.830790042877197
vt -13.934599876403809 8.048800468444824
vt -13.940799713134766 8.027739524841309
vt -13.871399879455566 7.809730052947998
vt -13.86520004272461 7.830790042877197
vt -13.934599876403809 8.048800468444824
vt -13.843700408935547 7.84591007232666
vt -13.913100242614746 8.063920021057129
vt -13.934599876403809 8.048800468444824
vt -13.86520004272461 7.830790042877197
vt -13.843700408935547 7.84591007232666
vt -13.913100242614746 8.063920021057129
vt -13.819499969482422 7.846240043640137
vt -13.888899803161621 8.064249992370605
vt -13.913100242614746 8.063920021057129
vt -13.843700408935547 7.84591007232666
vt -13.819499969482422 7.846240043640137
vt -13.819499969482422 7.846240043640137
vt -13.80679988861084 7.83158016204834
vt -13.876199722290039 8.049590110778809
vt -13.888899803161621 8.064249992370605
vt -13.819499969482422 7.846240043640137
vt -13.876199722290039 8.049590110778809
vt -13.995599746704102 7.847690105438232
vt -14.019700050354004 7.916600227355957
vt -14.008299827575684 7.9491400718688965
vt -13.995599746704102 7.847690105438232
vt -14.012100219726562 7.865729808807373
vt -14.019700050354004 7.916600227355957
vt -13.947199821472168 7.845920085906982
vt -13.923700332641602 7.773749828338623
vt -13.960000038146973 7.7941999435424805
vt -13.95199966430664 7.846439838409424
vt -13.947199821472168 7.845920085906982
vt -13.960000038146973 7.7941999435424805
vt -13.960000038146973 7.7941999435424805
vt -13.923700332641602 7.773749828338623
vt -13.954099655151367 7.819089889526367
vt -13.994199752807617 7.826189994812012
vt -13.960000038146973 7.7941999435424805
vt -13.954099655151367 7.819089889526367
vt -13.917099952697754 7.889969825744629
vt -13.994999885559082 8.062060356140137
vt -13.966899871826172 8.086819648742676
vt -13.917099952697754 7.889969825744629
vt -13.95199966430664 7.846439838409424
vt -13.994999885559082 8.062060356140137
vt -13.863100051879883 7.919939994812012
vt -13.966899871826172 8.086819648742676
vt -13.931300163269043 8.105279922485352
vt -13.863100051879883 7.919939994812012
vt -13.917099952697754 7.889969825744629
vt -13.966899871826172 8.086819648742676
vt -13.863100051879883 7.919939994812012
vt -13.931300163269043 8.105279922485352
vt -13.862199783325195 8.115019798278809
vt -13.805299758911133 7.927549839019775
vt -13.863100051879883 7.919939994812012
vt -13.862199783325195 8.115019798278809
vt -13.805299758911133 7.927549839019775
vt -13.862199783325195 8.115019798278809
vt -13.83080005645752 8.106470108032227
vt -13.758999824523926 7.912670135498047
vt -13.805299758911133 7.927549839019775
vt -13.83080005645752 8.106470108032227
vt -13.931699752807617 7.736690044403076
vt -13.939499855041504 7.771349906921387
vt -13.908900260925293 7.694300174713135
vt -13.931699752807617 7.736690044403076
vt -13.954400062561035 7.804759979248047
vt -13.939499855041504 7.771349906921387
vt -13.905599594116211 7.750589847564697
vt -13.858099937438965 7.746840000152588
vt -13.86139965057373 7.677599906921387
vt -13.908900260925293 7.694300174713135
vt -13.905599594116211 7.750589847564697
vt -13.86139965057373 7.677599906921387
vt -13.809700012207031 7.763850212097168
vt -13.766400337219238 7.794010162353516
vt -13.749699592590332 7.718510150909424
vt -13.802599906921387 7.6864399909973145
vt -13.809700012207031 7.763850212097168
vt -13.749699592590332 7.718510150909424
vt -13.766400337219238 7.794010162353516
vt -13.741000175476074 7.833789825439453
vt -13.718000411987305 7.764750003814697
vt -13.749699592590332 7.718510150909424
vt -13.766400337219238 7.794010162353516
vt -13.718000411987305 7.764750003814697
vt -13.718000411987305 7.764750003814697
vt -13.73740005493164 7.873539924621582
vt -13.713199615478516 7.800769805908203
vt -13.718000411987305 7.764750003814697
vt -13.741000175476074 7.833789825439453
vt -13.73740005493164 7.873539924621582
vt -13.801600456237793 8.021719932556152
vt -13.82979965209961 8.085800170898438
vt -13.822500228881836 8.13523006439209
vt -13.799500465393066 8.062629699707031
vt -13.801600456237793 8.021719932556152
vt -13.822500228881836 8.13523006439209
vt -14.016500473022461 7.995989799499512
vt -14.008500099182129 8.03495979309082
vt -14.030500411987305 8.103670120239258
vt -14.033599853515625 8.043689727783203
vt -14.016500473022461 7.995989799499512
vt -14.030500411987305 8.103670120239258
vt -14.001500129699707 7.9599199295043945
vt -14.033599853515625 8.043689727783203
vt -14.020899772644043 8.02340030670166
vt -14.001500129699707 7.9599199295043945
vt -14.016500473022461 7.995989799499512
vt -14.033599853515625 8.043689727783203
vt -14.001500129699707 7.9599199295043945
vt -14.020899772644043 8.02340030670166
vt -14.000300407409668 8.00685977935791
vt -13.96660041809082 7.938940048217773
vt -14.001500129699707 7.9599199295043945
vt -14.000300407409668 8.00685977935791
vt -13.96660041809082 7.938940048217773
vt -14.000300407409668 8.00685977935791
vt -13.940299987792969 8.003299713134766
vt -13.91919994354248 7.936069965362549
vt -13.96660041809082 7.938940048217773
vt -13.940299987792969 8.003299713134766
vt -13.91919994354248 7.936069965362549
vt -13.940299987792969 8.003299713134766
vt -13.904600143432617 8.01648998260498
vt -13.868900299072266 7.951710224151611
vt -13.91919994354248 7.936069965362549
vt -13.904600143432617 8.01648998260498
vt -13.826800346374512 7.982180118560791
vt -13.873700141906738 8.033869743347168
vt -13.82979965209961 8.085800170898438
vt -13.801600456237793 8.021719932556152
vt -13.826800346374512 7.982180118560791
vt -13.82979965209961 8.085800170898438
vt -13.930999755859375 8.021499633789062
vt -13.874600410461426 8.041529655456543
vt -13.904600143432617 8.01648998260498
vt -13.940299987792969 8.003299713134766
vt -13.930999755859375 8.021499633789062
vt -13.904600143432617 8.01648998260498
vt -13.984299659729004 8.030179977416992
vt -13.930999755859375 8.021499633789062
vt -13.940299987792969 8.003299713134766
vt -14.000300407409668 8.00685977935791
vt -13.984299659729004 8.030179977416992
vt -13.940299987792969 8.003299713134766
vt -14.020899772644043 8.02340030670166
vt -13.984299659729004 8.030179977416992
vt -14.000300407409668 8.00685977935791
vt -14.020899772644043 8.02340030670166
vt -14.014399528503418 8.064000129699707
vt -13.984299659729004 8.030179977416992
vt -14.014399528503418 8.064000129699707
vt -14.033599853515625 8.043689727783203
vt -14.030500411987305 8.103670120239258
vt -14.008899688720703 8.111889839172363
vt -14.014399528503418 8.064000129699707
vt -14.030500411987305 8.103670120239258
vt -13.713199615478516 7.800769805908203
vt -13.73169994354248 7.8752899169921875
vt -13.699700355529785 7.857409954071045
vt -13.69219970703125 7.831850051879883
vt -13.713199615478516 7.800769805908203
vt -13.699700355529785 7.857409954071045
vt -13.73169994354248 7.8752899169921875
vt -13.750399589538574 7.933010101318359
vt -13.72719955444336 7.940889835357666
vt -13.699700355529785 7.857409954071045
vt -13.73169994354248 7.8752899169921875
vt -13.72719955444336 7.940889835357666
vt -13.793299674987793 8.063739776611328
vt -13.822500228881836 8.13523006439209
vt -13.788100242614746 8.126729965209961
vt -13.774399757385254 8.087349891662598
vt -13.793299674987793 8.063739776611328
vt -13.788100242614746 8.126729965209961
vt -13.748900413513184 8.008959770202637
vt -13.793299674987793 8.063739776611328
vt -13.774399757385254 8.087349891662598
vt -13.748900413513184 8.008959770202637
vt -13.772299766540527 8.0006103515625
vt -13.793299674987793 8.063739776611328
vt -13.750399589538574 7.933010101318359
vt -13.772299766540527 8.0006103515625
vt -13.748900413513184 8.008959770202637
vt -13.72719955444336 7.940889835357666
vt -13.750399589538574 7.933010101318359
vt -13.748900413513184 8.008959770202637
vt -13.78439998626709 7.82144021987915
vt -13.699999809265137 7.811870098114014
vt -13.753299713134766 7.844789981842041
vt -13.78439998626709 7.82144021987915
vt -13.713199615478516 7.800769805908203
vt -13.699999809265137 7.811870098114014
vt -13.699999809265137 7.811870098114014
vt -13.69219970703125 7.831850051879883
vt -13.735300064086914 7.879360198974609
vt -13.753299713134766 7.844789981842041
vt -13.699999809265137 7.811870098114014
vt -13.735300064086914 7.879360198974609
vt -13.69219970703125 7.831850051879883
vt -13.699700355529785 7.857409954071045
vt -13.742400169372559 7.919099807739258
vt -13.735300064086914 7.879360198974609
vt -13.69219970703125 7.831850051879883
vt -13.742400169372559 7.919099807739258
vt -13.699700355529785 7.857409954071045
vt -13.72719955444336 7.940889835357666
vt -13.760600090026855 8.000320434570312
vt -13.742400169372559 7.919099807739258
vt -13.699700355529785 7.857409954071045
vt -13.760600090026855 8.000320434570312
vt -13.72719955444336 7.940889835357666
vt -13.748900413513184 8.008959770202637
vt -13.776399612426758 8.078929901123047
vt -13.760600090026855 8.000320434570312
vt -13.72719955444336 7.940889835357666
vt -13.776399612426758 8.078929901123047
vt -13.776399612426758 8.078929901123047
vt -13.774399757385254 8.087349891662598
vt -13.791600227355957 8.15132999420166
vt -13.776399612426758 8.078929901123047
vt -13.748900413513184 8.008959770202637
vt -13.774399757385254 8.087349891662598
vt -13.774399757385254 8.087349891662598
vt -13.788100242614746 8.126729965209961
vt -13.801799774169922 8.185600280761719
vt -13.791600227355957 8.15132999420166
vt -13.774399757385254 8.087349891662598
vt -13.801799774169922 8.185600280761719
vt -13.788100242614746 8.126729965209961
vt -13.822500228881836 8.13523006439209
vt -13.833499908447266 8.190990447998047
vt -13.801799774169922 8.185600280761719
vt -13.788100242614746 8.126729965209961
vt -13.833499908447266 8.190990447998047
vt -13.833499908447266 8.190990447998047
vt -13.919400215148926 8.12479019165039
vt -13.926799774169922 8.146739959716797
vt -13.833499908447266 8.190990447998047
vt -13.822500228881836 8.13523006439209
vt -13.919400215148926 8.12479019165039
vt -13.800399780273438 7.82243013381958
vt -13.753299713134766 7.844789981842041
vt -13.799200057983398 7.880780220031738
vt -13.839799880981445 7.8585100173950195
vt -13.800399780273438 7.82243013381958
vt -13.799200057983398 7.880780220031738
vt -13.753299713134766 7.844789981842041
vt -13.735300064086914 7.879360198974609
vt -13.781999588012695 7.912950038909912
vt -13.799200057983398 7.880780220031738
vt -13.753299713134766 7.844789981842041
vt -13.781999588012695 7.912950038909912
vt -13.735300064086914 7.879360198974609
vt -13.742400169372559 7.919099807739258
vt -13.782899856567383 7.977789878845215
vt -13.781999588012695 7.912950038909912
vt -13.735300064086914 7.879360198974609
vt -13.782899856567383 7.977789878845215
vt -13.742400169372559 7.919099807739258
vt -13.760600090026855 8.000320434570312
vt -13.79010009765625 8.052020072937012
vt -13.782899856567383 7.977789878845215
vt -13.742400169372559 7.919099807739258
vt -13.79010009765625 8.052020072937012
vt -13.760600090026855 8.000320434570312
vt -13.776399612426758 8.078929901123047
vt -13.797699928283691 8.14126968383789
vt -13.79010009765625 8.052020072937012
vt -13.760600090026855 8.000320434570312
vt -13.797699928283691 8.14126968383789
vt -13.776399612426758 8.078929901123047
vt -13.791600227355957 8.15132999420166
vt -13.801300048828125 8.213769912719727
vt -13.797699928283691 8.14126968383789
vt -13.776399612426758 8.078929901123047
vt -13.801300048828125 8.213769912719727
vt -13.791600227355957 8.15132999420166
vt -13.801799774169922 8.185600280761719
vt -13.804400444030762 8.256660461425781
vt -13.801300048828125 8.213769912719727
vt -13.791600227355957 8.15132999420166
vt -13.804400444030762 8.256660461425781
vt -13.801799774169922 8.185600280761719
vt -13.833499908447266 8.190990447998047
vt -13.830400466918945 8.276769638061523
vt -13.804400444030762 8.256660461425781
vt -13.801799774169922 8.185600280761719
vt -13.830400466918945 8.276769638061523
vt -13.833499908447266 8.190990447998047
vt -13.912599563598633 8.227339744567871
vt -13.830400466918945 8.276769638061523
vt -13.833499908447266 8.190990447998047
vt -13.926799774169922 8.146739959716797
vt -13.912599563598633 8.227339744567871
vt -13.926799774169922 8.146739959716797
vt -14.008899688720703 8.111889839172363
vt -13.998900413513184 8.202509880065918
vt -13.912599563598633 8.227339744567871
vt -13.926799774169922 8.146739959716797
vt -13.998900413513184 8.202509880065918
vt -14.008899688720703 8.111889839172363
vt -14.030500411987305 8.103670120239258
vt -14.02299976348877 8.191929817199707
vt -13.998900413513184 8.202509880065918
vt -14.008899688720703 8.111889839172363
vt -14.02299976348877 8.191929817199707
vt -14.02299976348877 8.191929817199707
vt -14.037799835205078 8.092599868774414
vt -14.043000221252441 8.146459579467773
vt -14.02299976348877 8.191929817199707
vt -14.030500411987305 8.103670120239258
vt -14.037799835205078 8.092599868774414
vt -14.035300254821777 8.066969871520996
vt -14.05049991607666 8.044659614562988
vt -14.058099746704102 8.103309631347656
vt -14.043000221252441 8.146459579467773
vt -14.035300254821777 8.066969871520996
vt -14.058099746704102 8.103309631347656
vt -14.05049991607666 8.044659614562988
vt -14.057499885559082 8.040590286254883
vt -14.064800262451172 8.086799621582031
vt -14.058099746704102 8.103309631347656
vt -14.05049991607666 8.044659614562988
vt -14.064800262451172 8.086799621582031
vt -14.064800262451172 8.086799621582031
vt -14.05720043182373 7.999650001525879
vt -14.067399978637695 8.042369842529297
vt -14.064800262451172 8.086799621582031
vt -14.057499885559082 8.040590286254883
vt -14.05720043182373 7.999650001525879
vt -14.05720043182373 7.999650001525879
vt -14.008299827575684 7.9491400718688965
vt -14.032400131225586 8.012809753417969
vt -14.067399978637695 8.042369842529297
vt -14.05720043182373 7.999650001525879
vt -14.032400131225586 8.012809753417969
vt -14.008299827575684 7.9491400718688965
vt -14.019700050354004 7.916600227355957
vt -14.034199714660645 7.967080116271973
vt -14.032400131225586 8.012809753417969
vt -14.008299827575684 7.9491400718688965
vt -14.034199714660645 7.967080116271973
vt -14.019700050354004 7.916600227355957
vt -14.02649974822998 7.8878397941589355
vt -14.039899826049805 7.920149803161621
vt -14.034199714660645 7.967080116271973
vt -14.019700050354004 7.916600227355957
vt -14.039899826049805 7.920149803161621
vt -14.02649974822998 7.8878397941589355
vt -14.012100219726562 7.865729808807373
vt -14.02970027923584 7.908909797668457
vt -14.039899826049805 7.920149803161621
vt -14.02649974822998 7.8878397941589355
vt -14.02970027923584 7.908909797668457
vt -14.012100219726562 7.865729808807373
vt -13.995599746704102 7.847690105438232
vt -14.01930046081543 7.887320041656494
vt -14.02970027923584 7.908909797668457
vt -14.012100219726562 7.865729808807373
vt -14.01930046081543 7.887320041656494
vt -13.995599746704102 7.847690105438232
vt -13.986800193786621 7.827320098876953
vt -14.015000343322754 7.865240097045898
vt -14.01930046081543 7.887320041656494
vt -13.995599746704102 7.847690105438232
vt -14.015000343322754 7.865240097045898
vt -13.986800193786621 7.827320098876953
vt -13.960000038146973 7.7941999435424805
vt -13.994199752807617 7.826189994812012
vt -14.015000343322754 7.865240097045898
vt -13.986800193786621 7.827320098876953
vt -13.994199752807617 7.826189994812012
vt -13.904199600219727 7.774099826812744
vt -13.85990047454834 7.802609920501709
vt -13.905400276184082 7.833320140838623
vt -13.954099655151367 7.819089889526367
vt -13.904199600219727 7.774099826812744
vt -13.905400276184082 7.833320140838623
vt -13.85990047454834 7.802609920501709
vt -13.800399780273438 7.82243013381958
vt -13.839799880981445 7.8585100173950195
vt -13.905400276184082 7.833320140838623
vt -13.85990047454834 7.802609920501709
vt -13.839799880981445 7.8585100173950195
vt -13.998900413513184 8.202509880065918
vt -14.026000022888184 8.258819580078125
vt -13.990400314331055 8.268500328063965
vt -13.998900413513184 8.202509880065918
vt -14.02299976348877 8.191929817199707
vt -14.026000022888184 8.258819580078125
vt -13.912599563598633 8.227339744567871
vt -13.990400314331055 8.268500328063965
vt -13.9128999710083 8.305150032043457
vt -13.912599563598633 8.227339744567871
vt -13.998900413513184 8.202509880065918
vt -13.990400314331055 8.268500328063965
vt -13.830400466918945 8.276769638061523
vt -13.9128999710083 8.305150032043457
vt -13.83530044555664 8.327939987182617
vt -13.830400466918945 8.276769638061523
vt -13.912599563598633 8.227339744567871
vt -13.9128999710083 8.305150032043457
vt -13.804400444030762 8.256660461425781
vt -13.830400466918945 8.276769638061523
vt -13.83530044555664 8.327939987182617
vt -13.807900428771973 8.303790092468262
vt -13.804400444030762 8.256660461425781
vt -13.83530044555664 8.327939987182617
vt -13.804400444030762 8.256660461425781
vt -13.807900428771973 8.303790092468262
vt -13.80780029296875 8.254650115966797
vt -13.801300048828125 8.213769912719727
vt -13.804400444030762 8.256660461425781
vt -13.80780029296875 8.254650115966797
vt -13.801300048828125 8.213769912719727
vt -13.80780029296875 8.254650115966797
vt -13.814399719238281 8.194199562072754
vt -13.797699928283691 8.14126968383789
vt -13.801300048828125 8.213769912719727
vt -13.814399719238281 8.194199562072754
vt -13.79010009765625 8.052020072937012
vt -13.814399719238281 8.194199562072754
vt -13.817299842834473 8.101099967956543
vt -13.79010009765625 8.052020072937012
vt -13.797699928283691 8.14126968383789
vt -13.814399719238281 8.194199562072754
vt -13.782899856567383 7.977789878845215
vt -13.817299842834473 8.101099967956543
vt -13.826600074768066 8.044349670410156
vt -13.782899856567383 7.977789878845215
vt -13.79010009765625 8.052020072937012
vt -13.817299842834473 8.101099967956543
vt -13.781999588012695 7.912950038909912
vt -13.826600074768066 8.044349670410156
vt -13.848999977111816 7.960390090942383
vt -13.781999588012695 7.912950038909912
vt -13.782899856567383 7.977789878845215
vt -13.826600074768066 8.044349670410156
vt -13.799200057983398 7.880780220031738
vt -13.848999977111816 7.960390090942383
vt -13.884200096130371 7.928369998931885
vt -13.799200057983398 7.880780220031738
vt -13.781999588012695 7.912950038909912
vt -13.848999977111816 7.960390090942383
vt -13.839799880981445 7.8585100173950195
vt -13.884200096130371 7.928369998931885
vt -13.926899909973145 7.910970211029053
vt -13.839799880981445 7.8585100173950195
vt -13.799200057983398 7.880780220031738
vt -13.884200096130371 7.928369998931885
vt -13.905400276184082 7.833320140838623
vt -13.926899909973145 7.910970211029053
vt -13.988100051879883 7.889440059661865
vt -13.905400276184082 7.833320140838623
vt -13.839799880981445 7.8585100173950195
vt -13.926899909973145 7.910970211029053
vt -13.954099655151367 7.819089889526367
vt -13.988100051879883 7.889440059661865
vt -14.026200294494629 7.880980014801025
vt -13.954099655151367 7.819089889526367
vt -13.905400276184082 7.833320140838623
vt -13.988100051879883 7.889440059661865
vt -13.994199752807617 7.826189994812012
vt -14.026200294494629 7.880980014801025
vt -14.058099746704102 7.892240047454834
vt -13.994199752807617 7.826189994812012
vt -13.954099655151367 7.819089889526367
vt -14.026200294494629 7.880980014801025
vt -14.015000343322754 7.865240097045898
vt -14.058099746704102 7.892240047454834
vt -14.061699867248535 7.931869983673096
vt -14.015000343322754 7.865240097045898
vt -13.994199752807617 7.826189994812012
vt -14.058099746704102 7.892240047454834
vt -14.01930046081543 7.887320041656494
vt -14.061699867248535 7.931869983673096
vt -14.059800148010254 7.956699848175049
vt -14.01930046081543 7.887320041656494
vt -14.015000343322754 7.865240097045898
vt -14.061699867248535 7.931869983673096
vt -14.01930046081543 7.887320041656494
vt -14.059800148010254 7.956699848175049
vt -14.063599586486816 7.974679946899414
vt -14.02970027923584 7.908909797668457
vt -14.01930046081543 7.887320041656494
vt -14.063599586486816 7.974679946899414
vt -14.02970027923584 7.908909797668457
vt -14.063599586486816 7.974679946899414
vt -14.069199562072754 7.981800079345703
vt -14.039899826049805 7.920149803161621
vt -14.02970027923584 7.908909797668457
vt -14.069199562072754 7.981800079345703
vt -14.034199714660645 7.967080116271973
vt -14.069199562072754 7.981800079345703
vt -14.052800178527832 8.024029731750488
vt -14.034199714660645 7.967080116271973
vt -14.039899826049805 7.920149803161621
vt -14.069199562072754 7.981800079345703
vt -14.032400131225586 8.012809753417969
vt -14.052800178527832 8.024029731750488
vt -14.050700187683105 8.062250137329102
vt -14.032400131225586 8.012809753417969
vt -14.034199714660645 7.967080116271973
vt -14.052800178527832 8.024029731750488
vt -14.067399978637695 8.042369842529297
vt -14.050700187683105 8.062250137329102
vt -14.0826997756958 8.094260215759277
vt -14.067399978637695 8.042369842529297
vt -14.032400131225586 8.012809753417969
vt -14.050700187683105 8.062250137329102
vt -14.02299976348877 8.191929817199707
vt -14.050200462341309 8.204580307006836
vt -14.026000022888184 8.258819580078125
vt -14.02299976348877 8.191929817199707
vt -14.043000221252441 8.146459579467773
vt -14.050200462341309 8.204580307006836
vt -14.043000221252441 8.146459579467773
vt -14.072099685668945 8.166939735412598
vt -14.050200462341309 8.204580307006836
vt -14.043000221252441 8.146459579467773
vt -14.058099746704102 8.103309631347656
vt -14.072099685668945 8.166939735412598
vt -14.058099746704102 8.103309631347656
vt -14.082900047302246 8.135379791259766
vt -14.072099685668945 8.166939735412598
vt -14.058099746704102 8.103309631347656
vt -14.064800262451172 8.086799621582031
vt -14.082900047302246 8.135379791259766
vt -14.064800262451172 8.086799621582031
vt -14.0826997756958 8.094260215759277
vt -14.082900047302246 8.135379791259766
vt -14.064800262451172 8.086799621582031
vt -14.067399978637695 8.042369842529297
vt -14.0826997756958 8.094260215759277
vt -13.814399719238281 8.194199562072754
vt -13.830499649047852 8.360899925231934
vt -13.846099853515625 8.293609619140625
vt -13.814399719238281 8.194199562072754
vt -13.80780029296875 8.254650115966797
vt -13.830499649047852 8.360899925231934
vt -13.830499649047852 8.360899925231934
vt -13.807900428771973 8.303790092468262
vt -13.822600364685059 8.406120300292969
vt -13.830499649047852 8.360899925231934
vt -13.80780029296875 8.254650115966797
vt -13.807900428771973 8.303790092468262
vt -13.807900428771973 8.303790092468262
vt -13.83530044555664 8.327939987182617
vt -13.846599578857422 8.42710018157959
vt -13.822600364685059 8.406120300292969
vt -13.807900428771973 8.303790092468262
vt -13.846599578857422 8.42710018157959
vt -13.83530044555664 8.327939987182617
vt -13.9128999710083 8.305150032043457
vt -13.918499946594238 8.420660018920898
vt -13.846599578857422 8.42710018157959
vt -13.83530044555664 8.327939987182617
vt -13.918499946594238 8.420660018920898
vt -13.9128999710083 8.305150032043457
vt -13.990400314331055 8.268500328063965
vt -13.986300468444824 8.399299621582031
vt -13.918499946594238 8.420660018920898
vt -13.9128999710083 8.305150032043457
vt -13.986300468444824 8.399299621582031
vt -13.990400314331055 8.268500328063965
vt -14.026000022888184 8.258819580078125
vt -14.03600025177002 8.37893009185791
vt -13.986300468444824 8.399299621582031
vt -13.990400314331055 8.268500328063965
vt -14.03600025177002 8.37893009185791
vt -14.026000022888184 8.258819580078125
vt -14.050200462341309 8.204580307006836
vt -14.068499565124512 8.312529563903809
vt -14.03600025177002 8.37893009185791
vt -14.026000022888184 8.258819580078125
vt -14.068499565124512 8.312529563903809
vt -14.050200462341309 8.204580307006836
vt -14.072099685668945 8.166939735412598
vt -14.096199989318848 8.281129837036133
vt -14.068499565124512 8.312529563903809
vt -14.050200462341309 8.204580307006836
vt -14.096199989318848 8.281129837036133
vt -14.072099685668945 8.166939735412598
vt -14.082900047302246 8.135379791259766
vt -14.121000289916992 8.237560272216797
vt -14.096199989318848 8.281129837036133
vt -14.072099685668945 8.166939735412598
vt -14.121000289916992 8.237560272216797
vt -14.082900047302246 8.135379791259766
vt -14.0826997756958 8.094260215759277
vt -14.125 8.200380325317383
vt -14.121000289916992 8.237560272216797
vt -14.082900047302246 8.135379791259766
vt -14.125 8.200380325317383
vt -14.0826997756958 8.094260215759277
vt -14.050700187683105 8.062250137329102
vt -14.089099884033203 8.15095043182373
vt -14.125 8.200380325317383
vt -14.0826997756958 8.094260215759277
vt -14.089099884033203 8.15095043182373
vt -14.050700187683105 8.062250137329102
vt -14.052800178527832 8.024029731750488
vt -14.108200073242188 8.123319625854492
vt -14.089099884033203 8.15095043182373
vt -14.050700187683105 8.062250137329102
vt -14.108200073242188 8.123319625854492
vt -14.108200073242188 8.123319625854492
vt -14.069199562072754 7.981800079345703
vt -14.135899543762207 8.080559730529785
vt -14.108200073242188 8.123319625854492
vt -14.052800178527832 8.024029731750488
vt -14.069199562072754 7.981800079345703
vt -14.135899543762207 8.080559730529785
vt -14.063599586486816 7.974679946899414
vt -14.128999710083008 8.071629524230957
vt -14.135899543762207 8.080559730529785
vt -14.069199562072754 7.981800079345703
vt -14.063599586486816 7.974679946899414
vt -14.128999710083008 8.071629524230957
vt -14.059800148010254 7.956699848175049
vt -14.121899604797363 8.042679786682129
vt -14.128999710083008 8.071629524230957
vt -14.063599586486816 7.974679946899414
vt -14.059800148010254 7.956699848175049
vt -14.059800148010254 7.956699848175049
vt -14.061699867248535 7.931869983673096
vt -14.124600410461426 8.004190444946289
vt -14.121899604797363 8.042679786682129
vt -14.059800148010254 7.956699848175049
vt -14.124600410461426 8.004190444946289
vt -14.124600410461426 8.004190444946289
vt -14.058099746704102 7.892240047454834
vt -14.12969970703125 7.9643402099609375
vt -14.124600410461426 8.004190444946289
vt -14.061699867248535 7.931869983673096
vt -14.058099746704102 7.892240047454834
vt -14.026200294494629 7.880980014801025
vt -14.09850025177002 7.944270133972168
vt -14.12969970703125 7.9643402099609375
vt -14.058099746704102 7.892240047454834
vt -14.026200294494629 7.880980014801025
vt -14.12969970703125 7.9643402099609375
vt -14.026200294494629 7.880980014801025
vt -14.058099746704102 7.944369792938232
vt -14.09850025177002 7.944270133972168
vt -14.026200294494629 7.880980014801025
vt -13.988100051879883 7.889440059661865
vt -14.058099746704102 7.944369792938232
vt -13.988100051879883 7.889440059661865
vt -13.994400024414062 7.973879814147949
vt -14.058099746704102 7.944369792938232
vt -13.988100051879883 7.889440059661865
vt -13.926899909973145 7.910970211029053
vt -13.994400024414062 7.973879814147949
vt -13.926899909973145 7.910970211029053
vt -13.929200172424316 7.990349769592285
vt -13.975799560546875 7.966710090637207
vt -13.926899909973145 7.910970211029053
vt -13.884200096130371 7.928369998931885
vt -13.929200172424316 7.990349769592285
vt -13.884200096130371 7.928369998931885
vt -13.899800300598145 8.034919738769531
vt -13.929200172424316 7.990349769592285
vt -13.884200096130371 7.928369998931885
vt -13.848999977111816 7.960390090942383
vt -13.899800300598145 8.034919738769531
vt -13.848999977111816 7.960390090942383
vt -13.882599830627441 8.117449760437012
vt -13.899800300598145 8.034919738769531
vt -13.848999977111816 7.960390090942383
vt -13.826600074768066 8.044349670410156
vt -13.882599830627441 8.117449760437012
vt -13.826600074768066 8.044349670410156
vt -13.86970043182373 8.181110382080078
vt -13.882599830627441 8.117449760437012
vt -13.826600074768066 8.044349670410156
vt -13.817299842834473 8.101099967956543
vt -13.86970043182373 8.181110382080078
vt -13.817299842834473 8.101099967956543
vt -13.846099853515625 8.293609619140625
vt -13.86970043182373 8.181110382080078
vt -13.817299842834473 8.101099967956543
vt -13.814399719238281 8.194199562072754
vt -13.846099853515625 8.293609619140625
vt -13.830499649047852 8.360899925231934
vt -13.836700439453125 8.480119705200195
vt -13.845600128173828 8.422499656677246
vt -13.830499649047852 8.360899925231934
vt -13.822600364685059 8.406120300292969
vt -13.836700439453125 8.480119705200195
vt -13.822600364685059 8.406120300292969
vt -13.862199783325195 8.51576042175293
vt -13.836700439453125 8.480119705200195
vt -13.822600364685059 8.406120300292969
vt -13.846599578857422 8.42710018157959
vt -13.862199783325195 8.51576042175293
vt -13.846599578857422 8.42710018157959
vt -13.921199798583984 8.521650314331055
vt -13.862199783325195 8.51576042175293
vt -13.846599578857422 8.42710018157959
vt -13.918499946594238 8.420660018920898
vt -13.921199798583984 8.521650314331055
vt -13.918499946594238 8.420660018920898
vt -13.987099647521973 8.5066499710083
vt -13.921199798583984 8.521650314331055
vt -13.918499946594238 8.420660018920898
vt -13.986300468444824 8.399299621582031
vt -13.987099647521973 8.5066499710083
vt -13.986300468444824 8.399299621582031
vt -14.045000076293945 8.47605037689209
vt -13.987099647521973 8.5066499710083
vt -13.986300468444824 8.399299621582031
vt -14.03600025177002 8.37893009185791
vt -14.045000076293945 8.47605037689209
vt -14.03600025177002 8.37893009185791
vt -14.090499877929688 8.409540176391602
vt -14.045000076293945 8.47605037689209
vt -14.03600025177002 8.37893009185791
vt -14.068499565124512 8.312529563903809
vt -14.090499877929688 8.409540176391602
vt -14.068499565124512 8.312529563903809
vt -14.107399940490723 8.379940032958984
vt -14.090499877929688 8.409540176391602
vt -14.068499565124512 8.312529563903809
vt -14.096199989318848 8.281129837036133
vt -14.107399940490723 8.379940032958984
vt -14.096199989318848 8.281129837036133
vt -14.163700103759766 8.336790084838867
vt -14.107399940490723 8.379940032958984
vt -14.096199989318848 8.281129837036133
vt -14.121000289916992 8.237560272216797
vt -14.163700103759766 8.336790084838867
vt -14.121000289916992 8.237560272216797
vt -14.168700218200684 8.302539825439453
vt -14.163700103759766 8.336790084838867
vt -14.121000289916992 8.237560272216797
vt -14.125 8.200380325317383
vt -14.168700218200684 8.302539825439453
vt -14.125 8.200380325317383
vt -14.139800071716309 8.258919715881348
vt -14.168700218200684 8.302539825439453
vt -14.125 8.200380325317383
vt -14.089099884033203 8.15095043182373
vt -14.139800071716309 8.258919715881348
vt -14.108200073242188 8.123319625854492
vt -14.182499885559082 8.232080459594727
vt -14.139800071716309 8.258919715881348
vt -14.089099884033203 8.15095043182373
vt -14.108200073242188 8.123319625854492
vt -14.139800071716309 8.258919715881348
vt -14.135899543762207 8.080559730529785
vt -14.203900337219238 8.179570198059082
vt -14.182499885559082 8.232080459594727
vt -14.108200073242188 8.123319625854492
vt -14.135899543762207 8.080559730529785
vt -14.182499885559082 8.232080459594727
vt -14.135899543762207 8.080559730529785
vt -14.193599700927734 8.16353988647461
vt -14.203900337219238 8.179570198059082
vt -14.135899543762207 8.080559730529785
vt -14.128999710083008 8.071629524230957
vt -14.193599700927734 8.16353988647461
vt -14.128999710083008 8.071629524230957
vt -14.180899620056152 8.119460105895996
vt -14.193599700927734 8.16353988647461
vt -14.128999710083008 8.071629524230957
vt -14.121899604797363 8.042679786682129
vt -14.180899620056152 8.119460105895996
vt -14.124600410461426 8.004190444946289
vt -14.197600364685059 8.090689659118652
vt -14.180899620056152 8.119460105895996
vt -14.121899604797363 8.042679786682129
vt -14.124600410461426 8.004190444946289
vt -14.180899620056152 8.119460105895996
vt -14.12969970703125 7.9643402099609375
vt -14.201299667358398 8.03538990020752
vt -14.197600364685059 8.090689659118652
vt -14.124600410461426 8.004190444946289
vt -14.12969970703125 7.9643402099609375
vt -14.197600364685059 8.090689659118652
vt -14.09850025177002 7.944270133972168
vt -14.169500350952148 8.000690460205078
vt -14.201299667358398 8.03538990020752
vt -14.12969970703125 7.9643402099609375
vt -14.09850025177002 7.944270133972168
vt -14.201299667358398 8.03538990020752
vt -14.14330005645752 7.994420051574707
vt -14.058099746704102 7.944369792938232
vt -14.090399742126465 8.001810073852539
vt -14.14330005645752 7.994420051574707
vt -14.09850025177002 7.944270133972168
vt -14.058099746704102 7.944369792938232
vt -14.058099746704102 7.944369792938232
vt -13.994400024414062 7.973879814147949
vt -14.048999786376953 8.008370399475098
vt -14.090399742126465 8.001810073852539
vt -14.058099746704102 7.944369792938232
vt -14.048999786376953 8.008370399475098
vt -13.994400024414062 7.973879814147949
vt -13.975799560546875 7.966710090637207
vt -13.996199607849121 8.036999702453613
vt -14.048999786376953 8.008370399475098
vt -13.994400024414062 7.973879814147949
vt -13.996199607849121 8.036999702453613
vt -13.996199607849121 8.036999702453613
vt -13.929200172424316 7.990349769592285
vt -13.955499649047852 8.08810043334961
vt -13.996199607849121 8.036999702453613
vt -13.975799560546875 7.966710090637207
vt -13.929200172424316 7.990349769592285
vt -13.899800300598145 8.034919738769531
vt -13.941900253295898 8.125470161437988
vt -13.955499649047852 8.08810043334961
vt -13.929200172424316 7.990349769592285
vt -13.899800300598145 8.034919738769531
vt -13.955499649047852 8.08810043334961
vt -13.899800300598145 8.034919738769531
vt -13.927499771118164 8.176340103149414
vt -13.942299842834473 8.138360023498535
vt -13.899800300598145 8.034919738769531
vt -13.882599830627441 8.117449760437012
vt -13.927499771118164 8.176340103149414
vt -13.846099853515625 8.293609619140625
vt -13.85949993133545 8.37837028503418
vt -13.89490032196045 8.276729583740234
vt -13.86970043182373 8.181110382080078
vt -13.846099853515625 8.293609619140625
vt -13.89490032196045 8.276729583740234
vt -13.846099853515625 8.293609619140625
vt -13.830499649047852 8.360899925231934
vt -13.845600128173828 8.422499656677246
vt -13.85949993133545 8.37837028503418
vt -13.846099853515625 8.293609619140625
vt -13.845600128173828 8.422499656677246
vt -13.882599830627441 8.117449760437012
vt -13.86970043182373 8.181110382080078
vt -13.887999534606934 8.259389877319336
vt -13.913000106811523 8.193070411682129
vt -13.882599830627441 8.117449760437012
vt -13.887999534606934 8.259389877319336
vt -13.99590015411377 8.076990127563477
vt -13.955499649047852 8.08810043334961
vt -14.023099899291992 8.18435001373291
vt -14.065299987792969 8.116849899291992
vt -13.99590015411377 8.076990127563477
vt -14.023099899291992 8.18435001373291
vt -14.069299697875977 8.080739974975586
vt -13.99590015411377 8.076990127563477
vt -14.065299987792969 8.116849899291992
vt -14.069299697875977 8.080739974975586
vt -13.996199607849121 8.036999702453613
vt -13.99590015411377 8.076990127563477
vt -14.096599578857422 8.025629997253418
vt -13.996199607849121 8.036999702453613
vt -14.069299697875977 8.080739974975586
vt -14.096599578857422 8.025629997253418
vt -14.048999786376953 8.008370399475098
vt -13.996199607849121 8.036999702453613
vt -14.090399742126465 8.001810073852539
vt -14.098400115966797 8.024479866027832
vt -14.134200096130371 8.018619537353516
vt -14.090399742126465 8.001810073852539
vt -14.048999786376953 8.008370399475098
vt -14.098400115966797 8.024479866027832
vt -14.14330005645752 7.994420051574707
vt -14.134200096130371 8.018619537353516
vt -14.18280029296875 8.016059875488281
vt -14.14330005645752 7.994420051574707
vt -14.090399742126465 8.001810073852539
vt -14.134200096130371 8.018619537353516
vt -14.14330005645752 7.994420051574707
vt -14.18280029296875 8.016059875488281
vt -14.190299987792969 8.014430046081543
vt -14.169500350952148 8.000690460205078
vt -14.14330005645752 7.994420051574707
vt -14.190299987792969 8.014430046081543
vt -14.195699691772461 8.017990112304688
vt -14.235799789428711 8.054759979248047
vt -14.201299667358398 8.03538990020752
vt -14.169500350952148 8.000690460205078
vt -14.195699691772461 8.017990112304688
vt -14.201299667358398 8.03538990020752
vt -14.190299987792969 8.014430046081543
vt -14.196100234985352 8.01928997039795
vt -14.171799659729004 8.069910049438477
vt -14.169500350952148 8.057510375976562
vt -14.190299987792969 8.014430046081543
vt -14.171799659729004 8.069910049438477
vt -14.202799797058105 8.071060180664062
vt -14.195699691772461 8.017990112304688
vt -14.169500350952148 8.057510375976562
vt -14.202799797058105 8.071060180664062
vt -14.235799789428711 8.054759979248047
vt -14.195699691772461 8.017990112304688
vt -14.134200096130371 8.018619537353516
vt -14.119199752807617 8.026100158691406
vt -14.096599578857422 8.0731201171875
vt -14.123100280761719 8.064559936523438
vt -14.134200096130371 8.018619537353516
vt -14.096599578857422 8.0731201171875
vt -14.096599578857422 8.025629997253418
vt -14.069299697875977 8.080739974975586
vt -14.064399719238281 8.083499908447266
vt -14.081199645996094 8.059969902038574
vt -14.096599578857422 8.025629997253418
vt -14.064399719238281 8.083499908447266
vt -14.096599578857422 8.0731201171875
vt -14.098400115966797 8.024479866027832
vt -14.081199645996094 8.059969902038574
vt -14.096599578857422 8.0731201171875
vt -14.119199752807617 8.026100158691406
vt -14.098400115966797 8.024479866027832
vt -14.245699882507324 8.08644962310791
vt -14.262700080871582 8.218440055847168
vt -14.223999977111816 8.158690452575684
vt -14.245699882507324 8.08644962310791
vt -14.2947998046875 8.152979850769043
vt -14.262700080871582 8.218440055847168
vt -14.193599700927734 8.16353988647461
vt -14.218899726867676 8.17018985748291
vt -14.222599983215332 8.209239959716797
vt -14.193599700927734 8.16353988647461
vt -14.180899620056152 8.119460105895996
vt -14.218899726867676 8.17018985748291
vt -14.203900337219238 8.179570198059082
vt -14.222599983215332 8.209239959716797
vt -14.233200073242188 8.226019859313965
vt -14.203900337219238 8.179570198059082
vt -14.193599700927734 8.16353988647461
vt -14.222599983215332 8.209239959716797
vt -14.182499885559082 8.232080459594727
vt -14.234600067138672 8.263739585876465
vt -14.212200164794922 8.290180206298828
vt -14.139800071716309 8.258919715881348
vt -14.182499885559082 8.232080459594727
vt -14.212200164794922 8.290180206298828
vt -14.203900337219238 8.179570198059082
vt -14.233200073242188 8.226019859313965
vt -14.234600067138672 8.263739585876465
vt -14.182499885559082 8.232080459594727
vt -14.203900337219238 8.179570198059082
vt -14.234600067138672 8.263739585876465
vt -14.163700103759766 8.336790084838867
vt -14.188300132751465 8.354740142822266
vt -14.17959976196289 8.396109580993652
vt -14.163700103759766 8.336790084838867
vt -14.168700218200684 8.302539825439453
vt -14.188300132751465 8.354740142822266
vt -14.107399940490723 8.379940032958984
vt -14.17959976196289 8.396109580993652
vt -14.114800453186035 8.439299583435059
vt -14.107399940490723 8.379940032958984
vt -14.163700103759766 8.336790084838867
vt -14.17959976196289 8.396109580993652
vt -14.090499877929688 8.409540176391602
vt -14.114800453186035 8.439299583435059
vt -14.106399536132812 8.458259582519531
vt -14.090499877929688 8.409540176391602
vt -14.107399940490723 8.379940032958984
vt -14.114800453186035 8.439299583435059
vt -14.045000076293945 8.47605037689209
vt -14.106399536132812 8.458259582519531
vt -14.062000274658203 8.527589797973633
vt -14.045000076293945 8.47605037689209
vt -14.090499877929688 8.409540176391602
vt -14.106399536132812 8.458259582519531
vt -13.942299842834473 8.138360023498535
vt -13.927499771118164 8.176340103149414
vt -13.97599983215332 8.278779983520508
vt -14.023099899291992 8.18435001373291
vt -13.942299842834473 8.138360023498535
vt -13.97599983215332 8.278779983520508
vt -13.955499649047852 8.08810043334961
vt -13.942299842834473 8.138360023498535
vt -14.023099899291992 8.18435001373291
vt -13.955499649047852 8.08810043334961
vt -13.941900253295898 8.125470161437988
vt -13.942299842834473 8.138360023498535
vt -13.97599983215332 8.278779983520508
vt -13.913000106811523 8.193070411682129
vt -13.971099853515625 8.302430152893066
vt -13.97599983215332 8.278779983520508
vt -13.927499771118164 8.176340103149414
vt -13.913000106811523 8.193070411682129
vt -13.971099853515625 8.302430152893066
vt -13.913000106811523 8.193070411682129
vt -13.915499687194824 8.228090286254883
vt -13.952300071716309 8.308039665222168
vt -13.971099853515625 8.302430152893066
vt -13.915499687194824 8.228090286254883
vt -14.029399871826172 8.197460174560547
vt -14.065299987792969 8.116849899291992
vt -14.023099899291992 8.18435001373291
vt -14.029399871826172 8.197460174560547
vt -14.0693998336792 8.126150131225586
vt -14.065299987792969 8.116849899291992
vt -14.092599868774414 8.163979530334473
vt -14.029399871826172 8.197460174560547
vt -14.065600395202637 8.250349998474121
vt -14.131500244140625 8.200460433959961
vt -14.092599868774414 8.163979530334473
vt -14.065600395202637 8.250349998474121
vt -14.131500244140625 8.200460433959961
vt -14.065600395202637 8.250349998474121
vt -14.123900413513184 8.294569969177246
vt -14.17770004272461 8.22838020324707
vt -14.131500244140625 8.200460433959961
vt -14.123900413513184 8.294569969177246
vt -14.17770004272461 8.22838020324707
vt -14.123900413513184 8.294569969177246
vt -14.19219970703125 8.320130348205566
vt -14.225700378417969 8.24425983428955
vt -14.17770004272461 8.22838020324707
vt -14.19219970703125 8.320130348205566
vt -14.267000198364258 8.24547004699707
vt -14.19219970703125 8.320130348205566
vt -14.247599601745605 8.318329811096191
vt -14.296500205993652 8.23173999786377
vt -14.267000198364258 8.24547004699707
vt -14.247599601745605 8.318329811096191
vt -14.296500205993652 8.23173999786377
vt -14.247599601745605 8.318329811096191
vt -14.278300285339355 8.29032039642334
vt -14.309700012207031 8.205120086669922
vt -14.296500205993652 8.23173999786377
vt -14.278300285339355 8.29032039642334
vt -14.2947998046875 8.152979850769043
vt -14.2746000289917 8.243229866027832
vt -14.262700080871582 8.218440055847168
vt -14.2947998046875 8.152979850769043
vt -14.303999900817871 8.170860290527344
vt -14.2746000289917 8.243229866027832
vt -14.309700012207031 8.205120086669922
vt -14.278300285339355 8.29032039642334
vt -14.2746000289917 8.243229866027832
vt -14.303999900817871 8.170860290527344
vt -14.309700012207031 8.205120086669922
vt -14.2746000289917 8.243229866027832
vt -14.234600067138672 8.263739585876465
vt -14.222599983215332 8.209239959716797
vt -14.212200164794922 8.290180206298828
vt -14.234600067138672 8.263739585876465
vt -14.233200073242188 8.226019859313965
vt -14.222599983215332 8.209239959716797
vt -14.12559986114502 8.248590469360352
vt -14.144499778747559 8.129170417785645
vt -14.09160041809082 8.23628044128418
vt -14.12559986114502 8.248590469360352
vt -14.223999977111816 8.158690452575684
vt -14.144499778747559 8.129170417785645
vt -14.144499778747559 8.129170417785645
vt -14.08080005645752 8.116640090942383
vt -14.038999557495117 8.224390029907227
vt -14.09160041809082 8.23628044128418
vt -14.144499778747559 8.129170417785645
vt -14.038999557495117 8.224390029907227
vt -14.08080005645752 8.116640090942383
vt -14.035799980163574 8.132209777832031
vt -13.997400283813477 8.230239868164062
vt -14.038999557495117 8.224390029907227
vt -14.08080005645752 8.116640090942383
vt -13.997400283813477 8.230239868164062
vt -13.973999977111816 8.2531099319458
vt -14.022100448608398 8.171130180358887
vt -13.97599983215332 8.278779983520508
vt -13.973999977111816 8.2531099319458
vt -14.035799980163574 8.132209777832031
vt -14.022100448608398 8.171130180358887
vt -14.088899612426758 8.244449615478516
vt -14.038999557495117 8.224390029907227
vt -14.024900436401367 8.231889724731445
vt -14.088899612426758 8.244449615478516
vt -14.09160041809082 8.23628044128418
vt -14.038999557495117 8.224390029907227
vt -13.973999977111816 8.2531099319458
vt -13.97599983215332 8.278779983520508
vt -13.965900421142578 8.285989761352539
vt -13.980199813842773 8.247750282287598
vt -13.973999977111816 8.2531099319458
vt -13.965900421142578 8.285989761352539
vt -14.013400077819824 8.557180404663086
vt -14.045000076293945 8.47605037689209
vt -14.062000274658203 8.527589797973633
vt -14.013400077819824 8.557180404663086
vt -13.987099647521973 8.5066499710083
vt -14.045000076293945 8.47605037689209
vt -13.921199798583984 8.521650314331055
vt -13.987099647521973 8.5066499710083
vt -13.964500427246094 8.560799598693848
vt -13.925600051879883 8.553759574890137
vt -13.921199798583984 8.521650314331055
vt -13.964500427246094 8.560799598693848
vt -13.862199783325195 8.51576042175293
vt -13.921199798583984 8.521650314331055
vt -13.911399841308594 8.569490432739258
vt -13.86970043182373 8.565099716186523
vt -13.862199783325195 8.51576042175293
vt -13.911399841308594 8.569490432739258
vt -13.836700439453125 8.480119705200195
vt -13.862199783325195 8.51576042175293
vt -13.855799674987793 8.562870025634766
vt -13.846500396728516 8.537139892578125
vt -13.836700439453125 8.480119705200195
vt -13.855799674987793 8.562870025634766
vt -13.845600128173828 8.422499656677246
vt -13.836700439453125 8.480119705200195
vt -13.84280014038086 8.53201961517334
vt -13.854000091552734 8.471170425415039
vt -13.845600128173828 8.422499656677246
vt -13.84280014038086 8.53201961517334
vt -13.85949993133545 8.37837028503418
vt -13.845600128173828 8.422499656677246
vt -13.854000091552734 8.471170425415039
vt -13.873000144958496 8.430439949035645
vt -13.85949993133545 8.37837028503418
vt -13.854000091552734 8.471170425415039
vt -13.88070011138916 8.471659660339355
vt -13.854000091552734 8.471170425415039
vt -13.851300239562988 8.543709754943848
vt -13.88070011138916 8.471659660339355
vt -13.873000144958496 8.430439949035645
vt -13.854000091552734 8.471170425415039
vt -13.89490032196045 8.276729583740234
vt -13.873000144958496 8.430439949035645
vt -13.91759967803955 8.344329833984375
vt -13.89490032196045 8.276729583740234
vt -13.85949993133545 8.37837028503418
vt -13.873000144958496 8.430439949035645
vt -13.91759967803955 8.344329833984375
vt -13.873000144958496 8.430439949035645
vt -13.88070011138916 8.471659660339355
vt -13.926899909973145 8.376669883728027
vt -13.91759967803955 8.344329833984375
vt -13.88070011138916 8.471659660339355
vt -13.91759967803955 8.344329833984375
vt -13.908699989318848 8.329850196838379
vt -13.887999534606934 8.259389877319336
vt -13.89490032196045 8.276729583740234
vt -13.91759967803955 8.344329833984375
vt -13.887999534606934 8.259389877319336
vt -13.933600425720215 8.377799987792969
vt -13.92199993133545 8.368889808654785
vt -13.908699989318848 8.329850196838379
vt -13.91759967803955 8.344329833984375
vt -13.933600425720215 8.377799987792969
vt -13.908699989318848 8.329850196838379
vt -13.926899909973145 8.376669883728027
vt -13.879500389099121 8.462510108947754
vt -13.93019962310791 8.357589721679688
vt -13.926899909973145 8.376669883728027
vt -13.88070011138916 8.471659660339355
vt -13.879500389099121 8.462510108947754
vt -13.933600425720215 8.377799987792969
vt -13.93019962310791 8.357589721679688
vt -13.935400009155273 8.348030090332031
vt -13.939900398254395 8.400250434875488
vt -13.933600425720215 8.377799987792969
vt -13.935400009155273 8.348030090332031
vt -13.899700164794922 8.402359962463379
vt -13.93019962310791 8.357589721679688
vt -13.879500389099121 8.462510108947754
vt -13.899700164794922 8.402359962463379
vt -13.936699867248535 8.326800346374512
vt -13.93019962310791 8.357589721679688
vt -13.915499687194824 8.228090286254883
vt -13.887999534606934 8.259389877319336
vt -13.886199951171875 8.305660247802734
vt -13.91469955444336 8.250479698181152
vt -13.915499687194824 8.228090286254883
vt -13.886199951171875 8.305660247802734
vt -13.91469955444336 8.250479698181152
vt -13.886199951171875 8.305660247802734
vt -13.892399787902832 8.361820220947266
vt -13.925200462341309 8.30698013305664
vt -13.91469955444336 8.250479698181152
vt -13.892399787902832 8.361820220947266
vt -13.925200462341309 8.30698013305664
vt -13.892399787902832 8.361820220947266
vt -13.931900024414062 8.424269676208496
vt -13.966300010681152 8.367250442504883
vt -13.925200462341309 8.30698013305664
vt -13.931900024414062 8.424269676208496
vt -13.966300010681152 8.367250442504883
vt -13.931900024414062 8.424269676208496
vt -13.996899604797363 8.482170104980469
vt -14.029500007629395 8.422160148620605
vt -13.966300010681152 8.367250442504883
vt -13.996899604797363 8.482170104980469
vt -14.029500007629395 8.422160148620605
vt -13.996899604797363 8.482170104980469
vt -14.07509994506836 8.523260116577148
vt -14.105999946594238 8.461990356445312
vt -14.029500007629395 8.422160148620605
vt -14.07509994506836 8.523260116577148
vt -14.105999946594238 8.461990356445312
vt -14.07509994506836 8.523260116577148
vt -14.141900062561035 8.535750389099121
vt -14.172800064086914 8.476409912109375
vt -14.105999946594238 8.461990356445312
vt -14.141900062561035 8.535750389099121
vt -14.223699569702148 8.465849876403809
vt -14.141900062561035 8.535750389099121
vt -14.19279956817627 8.52515983581543
vt -14.223699569702148 8.465849876403809
vt -14.172800064086914 8.476409912109375
vt -14.141900062561035 8.535750389099121
vt -14.249600410461426 8.430159568786621
vt -14.19279956817627 8.52515983581543
vt -14.218999862670898 8.491339683532715
vt -14.249600410461426 8.430159568786621
vt -14.223699569702148 8.465849876403809
vt -14.19279956817627 8.52515983581543
vt -14.244000434875488 8.380769729614258
vt -14.218999862670898 8.491339683532715
vt -14.213700294494629 8.441360473632812
vt -14.244000434875488 8.380769729614258
vt -14.249600410461426 8.430159568786621
vt -14.218999862670898 8.491339683532715
vt -14.244000434875488 8.380769729614258
vt -14.213700294494629 8.441360473632812
vt -14.188300132751465 8.354740142822266
vt -14.212200164794922 8.290180206298828
vt -14.244000434875488 8.380769729614258
vt -14.188300132751465 8.354740142822266
vt -13.97029972076416 8.339280128479004
vt -13.925200462341309 8.30698013305664
vt -13.966300010681152 8.367250442504883
vt -13.97029972076416 8.339280128479004
vt -13.952300071716309 8.308039665222168
vt -13.925200462341309 8.30698013305664
vt -13.892399787902832 8.361820220947266
vt -13.92199993133545 8.368889808654785
vt -13.939900398254395 8.400250434875488
vt -13.931900024414062 8.424269676208496
vt -13.892399787902832 8.361820220947266
vt -13.939900398254395 8.400250434875488
vt -13.908699989318848 8.329850196838379
vt -13.92199993133545 8.368889808654785
vt -13.892399787902832 8.361820220947266
vt -13.886199951171875 8.305660247802734
vt -13.908699989318848 8.329850196838379
vt -13.892399787902832 8.361820220947266
vt -13.99530029296875 8.29347038269043
vt -13.959099769592285 8.304089546203613
vt -13.980799674987793 8.302720069885254
vt -13.99530029296875 8.29347038269043
vt -13.94950008392334 8.308320045471191
vt -13.959099769592285 8.304089546203613
vt -13.959099769592285 8.304089546203613
vt -13.936699867248535 8.326800346374512
vt -13.899700164794922 8.402359962463379
vt -13.902099609375 8.413350105285645
vt -13.959099769592285 8.304089546203613
vt -13.899700164794922 8.402359962463379
vt -13.959099769592285 8.304089546203613
vt -13.902099609375 8.413350105285645
vt -13.910699844360352 8.411709785461426
vt -13.980799674987793 8.302720069885254
vt -13.959099769592285 8.304089546203613
vt -13.910699844360352 8.411709785461426
vt -13.946900367736816 8.40149974822998
vt -13.980799674987793 8.302720069885254
vt -13.910699844360352 8.411709785461426
vt -13.946900367736816 8.40149974822998
vt -14.025199890136719 8.305100440979004
vt -13.980799674987793 8.302720069885254
vt -14.025199890136719 8.305100440979004
vt -13.946900367736816 8.40149974822998
vt -14.002300262451172 8.40404987335205
vt -14.102399826049805 8.331130027770996
vt -14.025199890136719 8.305100440979004
vt -14.002300262451172 8.40404987335205
vt -14.114800453186035 8.439299583435059
vt -14.102399826049805 8.331130027770996
vt -14.002300262451172 8.40404987335205
vt -14.114800453186035 8.439299583435059
vt -14.17959976196289 8.396109580993652
vt -14.102399826049805 8.331130027770996
vt -14.114800453186035 8.439299583435059
vt -14.003000259399414 8.42018985748291
vt -14.106399536132812 8.458259582519531
vt -14.114800453186035 8.439299583435059
vt -14.002300262451172 8.40404987335205
vt -14.003000259399414 8.42018985748291
vt -13.946900367736816 8.40149974822998
vt -13.939000129699707 8.408559799194336
vt -14.003000259399414 8.42018985748291
vt -14.002300262451172 8.40404987335205
vt -13.946900367736816 8.40149974822998
vt -14.003000259399414 8.42018985748291
vt -13.925600051879883 8.569140434265137
vt -13.958600044250488 8.503470420837402
vt -13.945500373840332 8.500579833984375
vt -13.911399841308594 8.569490432739258
vt -13.925600051879883 8.569140434265137
vt -13.945500373840332 8.500579833984375
vt -13.911399841308594 8.569490432739258
vt -13.945500373840332 8.500579833984375
vt -13.910400390625 8.498000144958496
vt -13.86970043182373 8.565099716186523
vt -13.911399841308594 8.569490432739258
vt -13.910400390625 8.498000144958496
vt -13.855799674987793 8.562870025634766
vt -13.910400390625 8.498000144958496
vt -13.883500099182129 8.50648021697998
vt -13.855799674987793 8.562870025634766
vt -13.86970043182373 8.565099716186523
vt -13.910400390625 8.498000144958496
vt -13.846500396728516 8.537139892578125
vt -13.883500099182129 8.50648021697998
vt -13.867899894714355 8.493809700012207
vt -13.846500396728516 8.537139892578125
vt -13.855799674987793 8.562870025634766
vt -13.883500099182129 8.50648021697998
vt -13.84280014038086 8.53201961517334
vt -13.867899894714355 8.493809700012207
vt -13.852399826049805 8.51509952545166
vt -13.84280014038086 8.53201961517334
vt -13.846500396728516 8.537139892578125
vt -13.867899894714355 8.493809700012207
vt -13.925600051879883 8.553759574890137
vt -13.956500053405762 8.491339683532715
vt -13.958600044250488 8.503470420837402
vt -13.925600051879883 8.569140434265137
vt -13.925600051879883 8.553759574890137
vt -13.958600044250488 8.503470420837402
vt -13.964500427246094 8.560799598693848
vt -13.98960018157959 8.504850387573242
vt -13.956500053405762 8.491339683532715
vt -13.925600051879883 8.553759574890137
vt -13.964500427246094 8.560799598693848
vt -13.956500053405762 8.491339683532715
vt -14.013400077819824 8.557180404663086
vt -14.030900001525879 8.519800186157227
vt -13.98960018157959 8.504850387573242
vt -13.964500427246094 8.560799598693848
vt -14.013400077819824 8.557180404663086
vt -13.98960018157959 8.504850387573242
vt -13.88599967956543 8.487350463867188
vt -13.851300239562988 8.543709754943848
vt -13.8572998046875 8.560190200805664
vt -13.88599967956543 8.487350463867188
vt -13.88070011138916 8.471659660339355
vt -13.851300239562988 8.543709754943848
vt -13.88599967956543 8.487350463867188
vt -13.8572998046875 8.560190200805664
vt -13.878700256347656 8.596019744873047
vt -13.911100387573242 8.52791976928711
vt -13.88599967956543 8.487350463867188
vt -13.878700256347656 8.596019744873047
vt -13.911100387573242 8.52791976928711
vt -13.878700256347656 8.596019744873047
vt -13.91819953918457 8.633749961853027
vt -13.950599670410156 8.565309524536133
vt -13.911100387573242 8.52791976928711
vt -13.91819953918457 8.633749961853027
vt -13.950599670410156 8.565309524536133
vt -13.91819953918457 8.633749961853027
vt -13.96560001373291 8.662030220031738
vt -13.999799728393555 8.594880104064941
vt -13.950599670410156 8.565309524536133
vt -13.96560001373291 8.662030220031738
vt -13.999799728393555 8.594880104064941
vt -13.96560001373291 8.662030220031738
vt -14.011899948120117 8.676810264587402
vt -14.048800468444824 8.61100959777832
vt -13.999799728393555 8.594880104064941
vt -14.011899948120117 8.676810264587402
vt -14.048800468444824 8.61100959777832
vt -14.011899948120117 8.676810264587402
vt -14.052000045776367 8.677599906921387
vt -14.093700408935547 8.612709999084473
vt -14.048800468444824 8.61100959777832
vt -14.052000045776367 8.677599906921387
vt -14.093700408935547 8.612709999084473
vt -14.052000045776367 8.677599906921387
vt -14.083200454711914 8.664759635925293
vt -14.124199867248535 8.598660469055176
vt -14.093700408935547 8.612709999084473
vt -14.083200454711914 8.664759635925293
vt -14.137900352478027 8.571290016174316
vt -14.083200454711914 8.664759635925293
vt -14.096199989318848 8.638050079345703
vt -14.137900352478027 8.571290016174316
vt -14.124199867248535 8.598660469055176
vt -14.083200454711914 8.664759635925293
vt -14.131999969482422 8.534440040588379
vt -14.096199989318848 8.638050079345703
vt -14.090100288391113 8.602330207824707
vt -14.131999969482422 8.534440040588379
vt -14.137900352478027 8.571290016174316
vt -14.096199989318848 8.638050079345703
vt -14.106399536132812 8.458259582519531
vt -14.090100288391113 8.602330207824707
vt -14.062000274658203 8.527589797973633
vt -14.106399536132812 8.458259582519531
vt -14.131999969482422 8.534440040588379
vt -14.090100288391113 8.602330207824707
vt -13.910400390625 8.498000144958496
vt -14.083200454711914 8.664759635925293
vt -14.052000045776367 8.677599906921387
vt -13.910400390625 8.498000144958496
vt -13.945500373840332 8.500579833984375
vt -14.083200454711914 8.664759635925293
vt -13.945500373840332 8.500579833984375
vt -13.958600044250488 8.503470420837402
vt -14.090100288391113 8.602330207824707
vt -14.096199989318848 8.638050079345703
vt -13.945500373840332 8.500579833984375
vt -14.090100288391113 8.602330207824707
vt -13.883500099182129 8.50648021697998
vt -13.910400390625 8.498000144958496
vt -13.8572998046875 8.560190200805664
vt -13.851300239562988 8.543709754943848
vt -13.883500099182129 8.50648021697998
vt -13.8572998046875 8.560190200805664
vt -13.958600044250488 8.503470420837402
vt -14.030900001525879 8.519800186157227
vt -14.090100288391113 8.602330207824707
vt -13.958600044250488 8.503470420837402
vt -13.98960018157959 8.504850387573242
vt -14.030900001525879 8.519800186157227
vn 0.28237195990109115 -0.7921199926590243 0.5411210525302856
vn 0.7441662418740052 -0.6640461630342752 -0.07252101636475175
vn 0.7034422277060924 -0.36793616893174586 0.6081052605196897
vn 0.8021942569042247 -0.05979601737645861 0.5940612851346172
vn 0.9180266752382675 -0.37823282716213213 -0.11902500580933863
vn 0.4960721090248713 -0.03251801029223691 0.8676721971195401
vn 0.017859997834208097 -0.9976123465748176 0.06671301551308062
vn 0.05611801357359545 -0.987038220215355 -0.15035398360754537
vn 0.9633271246703037 -0.23686799772307626 0.12607300475956834
vn 0.7034422277060924 -0.36793616893174586 0.6081052605196897
vn 0.7441662418740052 -0.6640461630342752 -0.07252101636475175
vn 0.25233699985530983 -0.037847998154531624 -0.9668989438093911
vn 0.8795850984627429 -0.39512211585841445 0.26496899464249873
vn 0.9476596013139714 -0.3126497830451363 -0.06474097002110817
vn 0.8592392728878125 -0.21644310468414368 0.4635302086832229
vn 0.7584046793214448 -0.2217708996059399 -0.6128947792821443
vn 0.9598174872538798 -0.2785821561701884 -0.03379901515158106
vn 0.6504989421897241 -0.36770898593668966 -0.6645609286374433
vn 0.6504989421897241 -0.36770898593668966 -0.6645609286374433
vn 0.9598174872538798 -0.2785821561701884 -0.03379901515158106
vn 0.7360512989959411 -0.5040551869183837 -0.4518371983215426
vn 0.7360512989959411 -0.5040551869183837 -0.4518371983215426
vn 0.9598174872538798 -0.2785821561701884 -0.03379901515158106
vn 0.7866408681508346 -0.5641239182623758 -0.2509190096409709
vn 0.7866408681508346 -0.5641239182623758 -0.2509190096409709
vn 0.9598174872538798 -0.2785821561701884 -0.03379901515158106
vn 0.8266388528920309 -0.558902902727779 -0.06554198815881493
vn 0.8266388528920309 -0.558902902727779 -0.06554198815881493
vn 0.9598174872538798 -0.2785821561701884 -0.03379901515158106
vn 0.8542531292362087 -0.5114860869429407 0.09291702779331727
vn 0.9180266752382675 -0.37823282716213213 -0.11902500580933863
vn 0.7155500853516967 -0.48161608316226007 0.5059980472221435
vn 0.4960721090248713 -0.03251801029223691 0.8676721971195401
vn 0.2868539874481575 -0.04205099697925266 -0.957050940931643
vn 0.7034422277060924 -0.36793616893174586 0.6081052605196897
vn 0.25233699985530983 -0.037847998154531624 -0.9668989438093911
vn -0.6589092837028923 -0.12717399774634003 -0.7413941800063955
vn -0.9864853775634247 0.11952508474613407 0.11207298501412896
vn -0.27238299642984826 0.02955599973746758 -0.9617348627014703
vn -0.7751946479956566 -0.32096386595169635 -0.5441097816362351
vn -0.9864853775634247 0.11952508474613407 0.11207298501412896
vn -0.6589092837028923 -0.12717399774634003 -0.7413941800063955
vn -0.7888007890116695 -0.5193008866109206 -0.3288159126619021
vn -0.9864853775634247 0.11952508474613407 0.11207298501412896
vn -0.7751946479956566 -0.32096386595169635 -0.5441097816362351
vn -0.7911540014379052 -0.6082170547081894 -0.06440000287955198
vn -0.9864853775634247 0.11952508474613407 0.11207298501412896
vn -0.7888007890116695 -0.5193008866109206 -0.3288159126619021
vn -0.7776432891208158 -0.5907431583951119 0.21515909391593688
vn -0.9864853775634247 0.11952508474613407 0.11207298501412896
vn -0.7911540014379052 -0.6082170547081894 -0.06440000287955198
vn -0.7469772567098766 -0.48399026461888295 0.4558271621045972
vn -0.9864853775634247 0.11952508474613407 0.11207298501412896
vn -0.7776432891208158 -0.5907431583951119 0.21515909391593688
vn -0.8444929812138627 -0.2004750095073179 0.4966300184680376
vn -0.9864853775634247 0.11952508474613407 0.11207298501412896
vn -0.7469772567098766 -0.48399026461888295 0.4558271621045972
vn -0.7058329722155255 -0.12435398937365445 0.697377875086566
vn -0.9864853775634247 0.11952508474613407 0.11207298501412896
vn -0.8444929812138627 -0.2004750095073179 0.4966300184680376
vn -0.7215669686986436 0.08742299598181766 0.686802977175124
vn -0.9864853775634247 0.11952508474613407 0.11207298501412896
vn -0.7058329722155255 -0.12435398937365445 0.697377875086566
vn -0.6182322401951234 0.08387701758882427 0.7815072252408953
vn -0.9864853775634247 0.11952508474613407 0.11207298501412896
vn -0.7215669686986436 0.08742299598181766 0.686802977175124
vn -0.9864853775634247 0.11952508474613407 0.11207298501412896
vn -0.6182322401951234 0.08387701758882427 0.7815072252408953
vn -0.992155441784948 -0.08581502298642496 0.09090303166756214
vn -0.9864853775634247 0.11952508474613407 0.11207298501412896
vn -0.992155441784948 -0.08581502298642496 0.09090303166756214
vn -0.9868168065802204 0.08081597696403134 0.1402190005604279
vn -0.9864853775634247 0.11952508474613407 0.11207298501412896
vn -0.9868168065802204 0.08081597696403134 0.1402190005604279
vn -0.6659198135831671 -0.588570921846918 0.45840492125808263
vn -0.956958060466555 0.005559999643976491 0.290172977570359
vn -0.9864853775634247 0.11952508474613407 0.11207298501412896
vn -0.6659198135831671 -0.588570921846918 0.45840492125808263
vn -0.5819421793936218 -0.13994599367355198 0.8010982578294151
vn -0.9864853775634247 0.11952508474613407 0.11207298501412896
vn -0.956958060466555 0.005559999643976491 0.290172977570359
vn -0.27238299642984826 0.02955599973746758 -0.9617348627014703
vn -0.9864853775634247 0.11952508474613407 0.11207298501412896
vn -0.5819421793936218 -0.13994599367355198 0.8010982578294151
vn -0.09177797244411404 -0.9507287099815607 0.29612788418324415
vn -0.6659198135831671 -0.588570921846918 0.45840492125808263
vn -0.9868168065802204 0.08081597696403134 0.1402190005604279
vn 0.27534505562739114 -0.7073571470745103 0.6510230155871284
vn 0.8231750460233127 -0.09927200949707678 0.5590419588321873
vn -0.13441898241241276 -0.9848408432303407 -0.1096359916841311
vn -0.021938990054268546 -0.667498685034402 0.7442877039107546
vn -0.956958060466555 0.005559999643976491 0.290172977570359
vn -0.6659198135831671 -0.588570921846918 0.45840492125808263
vn -0.021938990054268546 -0.667498685034402 0.7442877039107546
vn 0.026036009141539508 -0.45315119535500126 0.8910533768390732
vn -0.956958060466555 0.005559999643976491 0.290172977570359
vn 0.8231750460233127 -0.09927200949707678 0.5590419588321873
vn 0.973286772632456 -0.19677001452146026 -0.11829801183419043
vn -0.13441898241241276 -0.9848408432303407 -0.1096359916841311
vn 0.973286772632456 -0.19677001452146026 -0.11829801183419043
vn -0.09929498867980725 -0.990105746697517 0.0991519822274345
vn -0.13441898241241276 -0.9848408432303407 -0.1096359916841311
vn 0.973286772632456 -0.19677001452146026 -0.11829801183419043
vn 0.9775222731676163 -0.1945910850713811 -0.0811450249365825
vn -0.09929498867980725 -0.990105746697517 0.0991519822274345
vn 0.9775222731676163 -0.1945910850713811 -0.0811450249365825
vn -0.07075701311074224 -0.9137271795946093 0.40012008993016945
vn -0.09929498867980725 -0.990105746697517 0.0991519822274345
vn 0.009704997790931279 -0.7266088047743154 0.6869828657559944
vn 0.9850523747586537 -0.16474807713218517 -0.05029801252121637
vn 0.06810600338331337 -0.46659699272609445 0.8818439877223846
vn 0.23595190284614584 0.00028300000405350617 -0.9717646934594201
vn 0.8776592593056107 -0.1464820848536471 -0.4563520826862258
vn 0.1946180910320039 0.13690199402981398 -0.9712783548878865
vn 0.8044132158699192 -0.46550411937608915 -0.36908710757449464
vn 0.16498299222284604 -0.47881507339557566 -0.862274166240869
vn 0.9863422134453872 -0.1298259815443159 -0.10136198741001981
vn 0.8231750460233127 -0.09927200949707678 0.5590419588321873
vn 0.9860220991202808 -0.12465599726683076 -0.11054999951084128
vn 0.973286772632456 -0.19677001452146026 -0.11829801183419043
vn 0.973286772632456 -0.19677001452146026 -0.11829801183419043
vn 0.9860220991202808 -0.12465599726683076 -0.11054999951084128
vn 0.9775222731676163 -0.1945910850713811 -0.0811450249365825
vn 0.9775222731676163 -0.1945910850713811 -0.0811450249365825
vn 0.9860220991202808 -0.12465599726683076 -0.11054999951084128
vn 0.9850523747586537 -0.16474807713218517 -0.05029801252121637
vn 0.9860220991202808 -0.12465599726683076 -0.11054999951084128
vn 0.9884165740595254 -0.1512758971570904 -0.012176989108468792
vn 0.9850523747586537 -0.16474807713218517 -0.05029801252121637
vn 0.9884165740595254 -0.1512758971570904 -0.012176989108468792
vn 0.9860220991202808 -0.12465599726683076 -0.11054999951084128
vn 0.9863422134453872 -0.1298259815443159 -0.10136198741001981
vn 0.9860220991202808 -0.12465599726683076 -0.11054999951084128
vn 0.8231750460233127 -0.09927200949707678 0.5590419588321873
vn 0.9394591430074283 -0.1328280053435094 0.3158690228816572
vn 0.9860220991202808 -0.12465599726683076 -0.11054999951084128
vn 0.9394591430074283 -0.1328280053435094 0.3158690228816572
vn 0.8531473097867341 -0.25683907314930055 0.4540631655479958
vn 0.9860220991202808 -0.12465599726683076 -0.11054999951084128
vn 0.8531473097867341 -0.25683907314930055 0.4540631655479958
vn 0.8147671267170864 -0.4722760596045617 0.33631808269192354
vn 0.9860220991202808 -0.12465599726683076 -0.11054999951084128
vn 0.8147671267170864 -0.4722760596045617 0.33631808269192354
vn 0.6906212068992956 -0.7114391986689391 0.12998698080291882
vn 0.9860220991202808 -0.12465599726683076 -0.11054999951084128
vn 0.6906212068992956 -0.7114391986689391 0.12998698080291882
vn 0.747125981458956 -0.6343010052834018 -0.19865800393001462
vn 0.9860220991202808 -0.12465599726683076 -0.11054999951084128
vn 0.747125981458956 -0.6343010052834018 -0.19865800393001462
vn 0.8044132158699192 -0.46550411937608915 -0.36908710757449464
vn 0.9863422134453872 -0.1298259815443159 -0.10136198741001981
vn 0.9860220991202808 -0.12465599726683076 -0.11054999951084128
vn 0.8044132158699192 -0.46550411937608915 -0.36908710757449464
vn -0.9950157871986367 0.08912998000441824 -0.04471498507088638
vn -0.42673689982981916 0.17065990313496382 -0.8881277024086118
vn -0.3511550432579299 0.14137097308212834 -0.9255832666834105
vn -0.9950157871986367 0.08912998000441824 -0.04471498507088638
vn -0.3511550432579299 0.14137097308212834 -0.9255832666834105
vn -0.4665418807014659 -0.1537549924183436 -0.8710327639405846
vn -0.9861116222823904 0.11597100381916096 0.11888900147939961
vn -0.4679299349222734 -0.5222489630978695 -0.7129499256938298
vn -0.951195599320667 -0.2878358604478943 -0.1112539854262198
vn -0.856202601567948 0.0011999990081118504 0.5166388149090798
vn -0.9863363471180515 0.12170299111200555 0.11103599555193659
vn -0.6601950876804517 0.07900899354888342 0.7469270547657202
vn -0.6601950876804517 0.07900899354888342 0.7469270547657202
vn -0.9863363471180515 0.12170299111200555 0.11103599555193659
vn -0.7805967718361634 -0.13036799082433798 0.6112878755278777
vn -0.7805967718361634 -0.13036799082433798 0.6112878755278777
vn -0.9863363471180515 0.12170299111200555 0.11103599555193659
vn -0.8261768372774377 -0.32928599133199965 0.4571679882261581
vn -0.8261768372774377 -0.32928599133199965 0.4571679882261581
vn -0.9863363471180515 0.12170299111200555 0.11103599555193659
vn -0.934463688118143 -0.2744009098215055 0.22689591507510254
vn -0.934463688118143 -0.2744009098215055 0.22689591507510254
vn -0.9863363471180515 0.12170299111200555 0.11103599555193659
vn -0.8999967750305279 -0.4307789613859122 0.06659798316709238
vn -0.8999967750305279 -0.4307789613859122 0.06659798316709238
vn -0.9863363471180515 0.12170299111200555 0.11103599555193659
vn -0.951195599320667 -0.2878358604478943 -0.1112539854262198
vn -0.9861116222823904 0.11597100381916096 0.11888900147939961
vn -0.9863363471180515 0.12170299111200555 0.11103599555193659
vn -0.9674210095404915 0.0880000008244001 0.23738700502462587
vn -0.9674210095404915 0.0880000008244001 0.23738700502462587
vn -0.9863363471180515 0.12170299111200555 0.11103599555193659
vn -0.982561360953315 0.07816703028270557 0.16871006887068704
vn -0.982561360953315 0.07816703028270557 0.16871006887068704
vn -0.9863363471180515 0.12170299111200555 0.11103599555193659
vn -0.9885872757275692 0.05899600793856512 0.13861698783646798
vn -0.9885872757275692 0.05899600793856512 0.13861698783646798
vn -0.9863363471180515 0.12170299111200555 0.11103599555193659
vn -0.9930458079636277 0.048269985089528004 0.10737798575742843
vn -0.9863363471180515 0.12170299111200555 0.11103599555193659
vn -0.856202601567948 0.0011999990081118504 0.5166388149090798
vn -0.9930458079636277 0.048269985089528004 0.10737798575742843
vn -0.9863363471180515 0.12170299111200555 0.11103599555193659
vn -0.9861116222823904 0.11597100381916096 0.11888900147939961
vn -0.951195599320667 -0.2878358604478943 -0.1112539854262198
vn 0.9850523747586537 -0.16474807713218517 -0.05029801252121637
vn 0.9884165740595254 -0.1512758971570904 -0.012176989108468792
vn 0.06810600338331337 -0.46659699272609445 0.8818439877223846
vn 0.026036009141539508 -0.45315119535500126 0.8910533768390732
vn -0.5819421793936218 -0.13994599367355198 0.8010982578294151
vn -0.956958060466555 0.005559999643976491 0.290172977570359
vn 0.9884165740595254 -0.1512758971570904 -0.012176989108468792
vn 0.06641198449470997 -0.2860090030915438 0.9559227471224104
vn 0.06810600338331337 -0.46659699272609445 0.8818439877223846
vn 0.8575661054145203 -0.2851879852080456 -0.4280749793402409
vn -0.05167600655157035 -0.354093982918991 -0.9337810458600279
vn 0.06641198449470997 -0.2860090030915438 0.9559227471224104
vn 0.9506376093656179 -0.14702590280083302 -0.2732609001764123
vn 0.8575661054145203 -0.2851879852080456 -0.4280749793402409
vn 0.9863422134453872 -0.1298259815443159 -0.10136198741001981
vn 0.8575661054145203 -0.2851879852080456 -0.4280749793402409
vn 0.11109898910878165 -0.06301197690395918 -0.9918097122864152
vn -0.05167600655157035 -0.354093982918991 -0.9337810458600279
vn 0.050496017334288885 0.06929402511786176 -0.9963174646247753
vn 0.2868539874481575 -0.04205099697925266 -0.957050940931643
vn 0.25233699985530983 -0.037847998154531624 -0.9668989438093911
vn 0.2868539874481575 -0.04205099697925266 -0.957050940931643
vn 0.4183512000749281 0.02667801993508 -0.9078934720815054
vn 0.3722962139670585 -0.6285132763463188 -0.6829103824970082
vn 0.675933115827176 -0.6484550768392442 -0.35017200951757327
vn 0.8994951918158692 -0.010220999913493178 -0.43681109310650607
vn 0.5602960878340294 -0.8117991841087632 0.1644699931240592
vn 0.05756398581030346 -0.8222058362391 0.5662719756371432
vn 0.6427261646452287 -0.7523552561257929 0.14444599634578553
vn 0.5128592465843087 -0.6391673802921922 0.5730972458173146
vn 0.6427261646452287 -0.7523552561257929 0.14444599634578553
vn 0.9929170733530278 0.048550007424281234 0.1084369965609533
vn 0.5128592465843087 -0.6391673802921922 0.5730972458173146
vn 0.6820449080944656 -0.7262498574412433 0.08588298963698035
vn 0.9114701114487386 0.09506901437993666 0.40023008187847575
vn 0.7155500853516967 -0.48161608316226007 0.5059980472221435
vn -0.9674210095404915 0.0880000008244001 0.23738700502462587
vn -0.9294229769948915 -0.05385600044377864 -0.3650650093478601
vn -0.9861116222823904 0.11597100381916096 0.11888900147939961
vn -0.22218488429176847 -0.49461886556096624 -0.8402297632335076
vn -0.9294229769948915 -0.05385600044377864 -0.3650650093478601
vn -0.9674210095404915 0.0880000008244001 0.23738700502462587
vn -0.034423998872261746 -0.7735628943280248 0.6327838784454705
vn 0.04507498175364579 -0.4178338147958611 0.9074046226645788
vn -0.982561360953315 0.07816703028270557 0.16871006887068704
vn -0.9885872757275692 0.05899600793856512 0.13861698783646798
vn -0.034423998872261746 -0.7735628943280248 0.6327838784454705
vn -0.982561360953315 0.07816703028270557 0.16871006887068704
vn -0.10396090784915703 -0.9691005345079503 0.22368791575671723
vn -0.034423998872261746 -0.7735628943280248 0.6327838784454705
vn -0.9885872757275692 0.05899600793856512 0.13861698783646798
vn -0.1442569864995741 -0.9810947257014494 -0.1290079883063818
vn -0.1332089978004309 -0.9910879195656724 0.0003139999874702369
vn -0.9930458079636277 0.048269985089528004 0.10737798575742843
vn -0.1442569864995741 -0.9810947257014494 -0.1290079883063818
vn -0.9930458079636277 0.048269985089528004 0.10737798575742843
vn -0.856202601567948 0.0011999990081118504 0.5166388149090798
vn 0.5915578959973355 -0.3291348979556215 0.7360227405664503
vn -0.02409500150469779 -0.29369089989234337 -0.955596717356707
vn -0.22218488429176847 -0.49461886556096624 -0.8402297632335076
vn -0.034423998872261746 -0.7735628943280248 0.6327838784454705
vn 0.6052690972006677 -0.5624331447384152 0.5633101079099729
vn 0.04507498175364579 -0.4178338147958611 0.9074046226645788
vn -0.4511320627211956 -0.313902091646176 0.8354312292732868
vn 0.8471009992811837 -0.32211900751839007 0.42268101685808795
vn -0.1442569864995741 -0.9810947257014494 -0.1290079883063818
vn -0.39847309348917737 -0.8816342501031439 0.2528640797152345
vn -0.1442569864995741 -0.9810947257014494 -0.1290079883063818
vn -0.856202601567948 0.0011999990081118504 0.5166388149090798
vn -0.39847309348917737 -0.8816342501031439 0.2528640797152345
vn -0.4511320627211956 -0.313902091646176 0.8354312292732868
vn -0.1442569864995741 -0.9810947257014494 -0.1290079883063818
vn 0.9862973571627675 -0.12365998922082919 -0.10920499219195474
vn 0.4528289675861665 -0.8889319194944512 -0.06889099083884012
vn 0.8471009992811837 -0.32211900751839007 0.42268101685808795
vn 0.9862973571627675 -0.12365998922082919 -0.10920499219195474
vn 0.54783292303354 -0.7968768125582002 0.2546888965927065
vn 0.4528289675861665 -0.8889319194944512 -0.06889099083884012
vn 0.9862973571627675 -0.12365998922082919 -0.10920499219195474
vn 0.6052690972006677 -0.5624331447384152 0.5633101079099729
vn 0.54783292303354 -0.7968768125582002 0.2546888965927065
vn 0.9862973571627675 -0.12365998922082919 -0.10920499219195474
vn 0.5915578959973355 -0.3291348979556215 0.7360227405664503
vn 0.6052690972006677 -0.5624331447384152 0.5633101079099729
vn 0.9862973571627675 -0.12365998922082919 -0.10920499219195474
vn -0.02409500150469779 -0.29369089989234337 -0.955596717356707
vn 0.5915578959973355 -0.3291348979556215 0.7360227405664503
vn 0.9862973571627675 -0.12365998922082919 -0.10920499219195474
vn 0.8471009992811837 -0.32211900751839007 0.42268101685808795
vn 0.7561109210595585 0.17957599804469881 0.6293240309893756
vn 0.9862973571627675 -0.12365998922082919 -0.10920499219195474
vn 0.7561109210595585 0.17957599804469881 0.6293240309893756
vn 0.7600930967868202 -0.09879500409845776 0.6422600963645548
vn 0.9862973571627675 -0.12365998922082919 -0.10920499219195474
vn 0.7600930967868202 -0.09879500409845776 0.6422600963645548
vn 0.7976767818735072 -0.35442989184496154 0.4879459021517589
vn 0.9862973571627675 -0.12365998922082919 -0.10920499219195474
vn 0.7976767818735072 -0.35442989184496154 0.4879459021517589
vn 0.7455045513275876 -0.5915746758280259 0.30702176937282194
vn 0.9862973571627675 -0.12365998922082919 -0.10920499219195474
vn 0.7455045513275876 -0.5915746758280259 0.30702176937282194
vn 0.5953737242020395 -0.8032756311466656 0.016684991331129415
vn 0.9862973571627675 -0.12365998922082919 -0.10920499219195474
vn 0.5953737242020395 -0.8032756311466656 0.016684991331129415
vn 0.6411239108016168 -0.6873489149919374 -0.341337955782604
vn 0.9862973571627675 -0.12365998922082919 -0.10920499219195474
vn 0.6411239108016168 -0.6873489149919374 -0.341337955782604
vn 0.620193982635054 -0.498052985968891 -0.6060549868376152
vn 0.9862973571627675 -0.12365998922082919 -0.10920499219195474
vn 0.620193982635054 -0.498052985968891 -0.6060549868376152
vn 0.5235277734972151 -0.31206689623511613 -0.7928006828019447
vn -0.02409500150469779 -0.29369089989234337 -0.955596717356707
vn 0.9862973571627675 -0.12365998922082919 -0.10920499219195474
vn 0.5235277734972151 -0.31206689623511613 -0.7928006828019447
vn -0.9128956467027545 -0.40799577559691885 0.012687999299670395
vn -0.8497871710863588 0.24068209399516755 0.46897110090830196
vn -0.21295598736517035 0.3902608884809634 0.8957377888463647
vn -0.9128956467027545 -0.40799577559691885 0.012687999299670395
vn -0.3852881661213133 -0.8776043279157425 0.2852431816370612
vn -0.9763867154182797 0.07457497180621199 0.20274998282319534
vn -0.9128956467027545 -0.40799577559691885 0.012687999299670395
vn -0.9763867154182797 0.07457497180621199 0.20274998282319534
vn -0.8497871710863588 0.24068209399516755 0.46897110090830196
vn -0.9554335600119361 -0.2289819145193488 0.18631692146976825
vn -0.4425899093399556 -0.6746147878664335 0.5907698876401681
vn -0.9155808854386756 -0.027170999565555416 0.4012148788391818
vn -0.8497871710863588 0.24068209399516755 0.46897110090830196
vn -0.9862018287691425 0.12286599057793483 0.11094999455476352
vn -0.8064758840560596 0.1189230019194905 0.5791838810347313
vn -0.9862018287691425 0.12286599057793483 0.11094999455476352
vn -0.660197428575081 -0.062256042967636795 0.7485075419906354
vn -0.8064758840560596 0.1189230019194905 0.5791838810347313
vn -0.660197428575081 -0.062256042967636795 0.7485075419906354
vn -0.9862018287691425 0.12286599057793483 0.11094999455476352
vn -0.6957758783540542 -0.3430369856926361 0.6310479803846573
vn -0.9862018287691425 0.12286599057793483 0.11094999455476352
vn -0.7308263244253584 -0.5528861926914405 0.40026209095801696
vn -0.6957758783540542 -0.3430369856926361 0.6310479803846573
vn -0.7308263244253584 -0.5528861926914405 0.40026209095801696
vn -0.9862018287691425 0.12286599057793483 0.11094999455476352
vn -0.8882905642282684 -0.43063779702640537 0.1596588903734126
vn -0.9862018287691425 0.12286599057793483 0.11094999455476352
vn -0.7651271363975325 -0.6389601445783019 -0.07943801853386843
vn -0.8882905642282684 -0.43063779702640537 0.1596588903734126
vn -0.9862018287691425 0.12286599057793483 0.11094999455476352
vn -0.7837886399292299 -0.49432978422038837 -0.3759167891309356
vn -0.7651271363975325 -0.6389601445783019 -0.07943801853386843
vn -0.9862018287691425 0.12286599057793483 0.11094999455476352
vn -0.7709302857456584 -0.24594010269884622 -0.5875201787212067
vn -0.7837886399292299 -0.49432978422038837 -0.3759167891309356
vn -0.9862018287691425 0.12286599057793483 0.11094999455476352
vn -0.8938880342006582 -0.050858004959267754 -0.4453960548146404
vn -0.7709302857456584 -0.24594010269884622 -0.5875201787212067
vn -0.8938880342006582 -0.050858004959267754 -0.4453960548146404
vn -0.9862018287691425 0.12286599057793483 0.11094999455476352
vn -0.6883843340264447 -0.12008208881433112 -0.7153371936457347
vn -0.6883843340264447 -0.12008208881433112 -0.7153371936457347
vn -0.9862018287691425 0.12286599057793483 0.11094999455476352
vn -0.9155808854386756 -0.027170999565555416 0.4012148788391818
vn -0.9554335600119361 -0.2289819145193488 0.18631692146976825
vn -0.9862018287691425 0.12286599057793483 0.11094999455476352
vn -0.8034346195357552 -0.49021672448851883 0.33790586731097716
vn -0.8034346195357552 -0.49021672448851883 0.33790586731097716
vn -0.9862018287691425 0.12286599057793483 0.11094999455476352
vn -0.8901386720471665 -0.40898590652535555 0.2009568928644652
vn -0.8901386720471665 -0.40898590652535555 0.2009568928644652
vn -0.9862018287691425 0.12286599057793483 0.11094999455476352
vn -0.9763867154182797 0.07457497180621199 0.20274998282319534
vn -0.9862018287691425 0.12286599057793483 0.11094999455476352
vn -0.8497871710863588 0.24068209399516755 0.46897110090830196
vn -0.9763867154182797 0.07457497180621199 0.20274998282319534
vn -0.9862018287691425 0.12286599057793483 0.11094999455476352
vn -0.9554335600119361 -0.2289819145193488 0.18631692146976825
vn -0.9155808854386756 -0.027170999565555416 0.4012148788391818
vn -0.7308263244253584 -0.5528861926914405 0.40026209095801696
vn -0.8882905642282684 -0.43063779702640537 0.1596588903734126
vn 0.5953737242020395 -0.8032756311466656 0.016684991331129415
vn -0.7709302857456584 -0.24594010269884622 -0.5875201787212067
vn -0.8938880342006582 -0.050858004959267754 -0.4453960548146404
vn 0.5235277734972151 -0.31206689623511613 -0.7928006828019447
vn -0.42673689982981916 0.17065990313496382 -0.8881277024086118
vn -0.2626199894276349 -0.04040799841073276 -0.9640528693061742
vn 0.23595190284614584 0.00028300000405350617 -0.9717646934594201
vn -0.9861116222823904 0.11597100381916096 0.11888900147939961
vn -0.9294229769948915 -0.05385600044377864 -0.3650650093478601
vn -0.9950157871986367 0.08912998000441824 -0.04471498507088638
vn -0.27351709688531645 0.39220910530556713 0.8782712652858654
vn 0.8471009992811837 -0.32211900751839007 0.42268101685808795
vn -0.4511320627211956 -0.313902091646176 0.8354312292732868
vn -0.16124709264902673 0.30194307152210836 0.939590206777418
vn -0.856202601567948 0.0011999990081118504 0.5166388149090798
vn 0.8231750460233127 -0.09927200949707678 0.5590419588321873
vn -0.4527979950732784 0.17669300194711696 0.8739299506942966
vn -0.16124709264902673 0.30194307152210836 0.939590206777418
vn 0.8231750460233127 -0.09927200949707678 0.5590419588321873
vn -0.783917970642561 -0.0047899998312527555 0.6208459319390482
vn -0.9128956467027545 -0.40799577559691885 0.012687999299670395
vn -0.21295598736517035 0.3902608884809634 0.8957377888463647
vn -0.27351709688531645 0.39220910530556713 0.8782712652858654
vn -0.136834986320067 0.43197689029199743 0.8914438584523665
vn 0.8471009992811837 -0.32211900751839007 0.42268101685808795
vn -0.136834986320067 0.43197689029199743 0.8914438584523665
vn -0.21295598736517035 0.3902608884809634 0.8957377888463647
vn 0.8471009992811837 -0.32211900751839007 0.42268101685808795
vn -0.136834986320067 0.43197689029199743 0.8914438584523665
vn -0.5536778989333655 0.5103888945525199 0.6579847722783487
vn -0.21295598736517035 0.3902608884809634 0.8957377888463647
vn -0.8504025465018256 0.1618850886547146 -0.5006083568763764
vn -0.9028407096656791 0.03883399223047517 -0.4282179048309591
vn -0.4425899093399556 -0.6746147878664335 0.5907698876401681
vn -0.9155808854386756 -0.027170999565555416 0.4012148788391818
vn -0.707245792103052 -0.002054998783389823 -0.7069647562166922
vn -0.6883843340264447 -0.12008208881433112 -0.7153371936457347
vn -0.7598792027252061 -0.5898851066567519 0.2731650750192223
vn -0.9756556202771466 -0.1449320025640759 0.1645929076673211
vn -0.8034346195357552 -0.49021672448851883 0.33790586731097716
vn -0.8901386720471665 -0.40898590652535555 0.2009568928644652
vn -0.7598792027252061 -0.5898851066567519 0.2731650750192223
vn -0.8034346195357552 -0.49021672448851883 0.33790586731097716
vn -0.1672720950195443 -0.7884842244629099 0.5918721770795585
vn -0.7598792027252061 -0.5898851066567519 0.2731650750192223
vn -0.8901386720471665 -0.40898590652535555 0.2009568928644652
vn -0.9010241586432157 -0.056716005962874246 0.43004506764861805
vn -0.6969978614458215 0.3312629055896023 0.635970807915179
vn -0.3852881661213133 -0.8776043279157425 0.2852431816370612
vn -0.9763867154182797 0.07457497180621199 0.20274998282319534
vn -0.1672720950195443 -0.7884842244629099 0.5918721770795585
vn -0.8901386720471665 -0.40898590652535555 0.2009568928644652
vn -0.5536778989333655 0.5103888945525199 0.6579847722783487
vn -0.783917970642561 -0.0047899998312527555 0.6208459319390482
vn -0.21295598736517035 0.3902608884809634 0.8957377888463647
vn -0.7692902863331819 0.5079221450189195 0.38756618783478886
vn -0.6969978614458215 0.3312629055896023 0.635970807915179
vn -0.9010241586432157 -0.056716005962874246 0.43004506764861805
vn -0.7598792027252061 -0.5898851066567519 0.2731650750192223
vn -0.1672720950195443 -0.7884842244629099 0.5918721770795585
vn -0.6969978614458215 0.3312629055896023 0.635970807915179
vn -0.8504025465018256 0.1618850886547146 -0.5006083568763764
vn -0.41991297315825277 -0.9075609593154099 0.0024899999777649273
vn -0.9756556202771466 -0.1449320025640759 0.1645929076673211
vn -0.7986361248737754 0.33578705691451705 -0.4994270641998553
vn -0.9028407096656791 0.03883399223047517 -0.4282179048309591
vn -0.8504025465018256 0.1618850886547146 -0.5006083568763764
vn -0.31497998695832885 -0.18329399050234016 -0.9312308633531532
vn -0.6892290138899071 0.10502699798457811 -0.7168909931828504
vn -0.22414208588579657 -0.22023108273820385 -0.9493464043913173
vn 0.18023106424593788 -0.1690340653748613 -0.968991356113987
vn 0.10222609080575279 -0.032274015798224705 -0.9942375039510578
vn 0.23595190284614584 0.00028300000405350617 -0.9717646934594201
vn -0.019540000709702195 -0.19796699288334976 -0.9800139070957048
vn 0.10971908956379364 -0.18937508862483957 -0.9757555007242471
vn -0.2626199894276349 -0.04040799841073276 -0.9640528693061742
vn -0.06937601440782244 -0.20392007494928444 -0.9765262780169122
vn -0.07480700388592866 -0.2584939665367079 -0.9631120295343267
vn -0.0412599973752735 -0.28886998619502396 -0.9564788255326299
vn -0.7692902863331819 0.5079221450189195 0.38756618783478886
vn -0.855464889515411 0.44683090574046647 0.2617670041879612
vn -0.9017019712045321 0.4245839939641367 -0.08162099726984029
vn -0.8660172559289675 0.26996909759038584 -0.42086909934027444
vn -0.8838495701062684 0.25081689706779503 -0.39484278082326335
vn -0.869688884424376 0.29274199922063676 -0.39742089301015526
vn -0.12953299065999296 0.024273000249085068 0.9912779760438474
vn -0.170752006340458 0.4166539075645456 0.8928848042395521
vn 0.008130001381195661 -0.05393901411258463 0.9985111345568983
vn 0.85785171175797 -0.042704983713778004 0.512119834608978
vn 0.8326169705100397 -0.07463800033581654 0.5487970019274473
vn 0.8064683806768723 -0.03515400907340205 0.590231265365103
vn -0.7982727882328097 0.24153290680162026 -0.5517448780903869
vn -0.8118660070538365 0.194369008362389 -0.5505399850861711
vn -0.7793146585579479 0.33629987974237086 -0.5287447908414566
vn -0.7793146585579479 0.33629987974237086 -0.5287447908414566
vn -0.8118660070538365 0.194369008362389 -0.5505399850861711
vn -0.6181197553516437 0.13650699988442985 -0.7741406894270425
vn -0.8118660070538365 0.194369008362389 -0.5505399850861711
vn -0.8395929315934755 0.08115999211805362 -0.5371189485557842
vn 0.1575991249449649 0.6427423516978704 -0.7496964620101074
vn -0.5666391280789922 0.05970400973136374 -0.8218001762909745
vn 0.1575991249449649 0.6427423516978704 -0.7496964620101074
vn 0.35418793482387534 -0.19465801225446658 -0.9146907483353804
vn -0.38422020167767806 0.031374010288867896 0.9227082464685997
vn 0.7442076336018004 -0.03176298047871446 0.6671927091627405
vn -0.08471599630536977 0.30528898817338634 0.948483965953067
vn 0.21577798960935557 0.9730231003870798 0.0816449956412482
vn 0.8322687470164619 -0.058577978911115575 0.551268857388423
vn 0.41309708688653457 0.8367750704259476 -0.35938597401611155
vn 0.41309708688653457 0.8367750704259476 -0.35938597401611155
vn 0.8322687470164619 -0.058577978911115575 0.551268857388423
vn 0.9287236260118771 0.34772192410795744 -0.1286930067331201
vn 0.8326169705100397 -0.07463800033581654 0.5487970019274473
vn 0.7442076336018004 -0.03176298047871446 0.6671927091627405
vn 0.8064683806768723 -0.03515400907340205 0.590231265365103
vn 0.7744488139852455 -0.002186998963351981 0.6326327936112555
vn 0.7442076336018004 -0.03176298047871446 0.6671927091627405
vn 0.8326169705100397 -0.07463800033581654 0.5487970019274473
vn 0.8221617306389998 -0.03429698680992206 0.5682198565418536
vn 0.7744488139852455 -0.002186998963351981 0.6326327936112555
vn 0.8326169705100397 -0.07463800033581654 0.5487970019274473
vn 0.8322687470164619 -0.058577978911115575 0.551268857388423
vn 0.8221617306389998 -0.03429698680992206 0.5682198565418536
vn 0.8326169705100397 -0.07463800033581654 0.5487970019274473
vn 0.9287236260118771 0.34772192410795744 -0.1286930067331201
vn 0.8322687470164619 -0.058577978911115575 0.551268857388423
vn 0.8326169705100397 -0.07463800033581654 0.5487970019274473
vn 0.9287236260118771 0.34772192410795744 -0.1286930067331201
vn 0.8326169705100397 -0.07463800033581654 0.5487970019274473
vn 0.9863642808084082 0.15969701159267982 -0.03977901499131573
vn -0.16484899856530655 0.6413229122497524 -0.7493528740823726
vn -0.45717984740049006 0.7310467291214984 -0.5065148240393595
vn 0.41309708688653457 0.8367750704259476 -0.35938597401611155
vn -0.45717984740049006 0.7310467291214984 -0.5065148240393595
vn 0.21577798960935557 0.9730231003870798 0.0816449956412482
vn 0.41309708688653457 0.8367750704259476 -0.35938597401611155
vn -0.12051400110637434 -0.12555900542660067 0.9847392099909579
vn -0.9877793144106577 0.1459190899247939 -0.054769016952385174
vn -0.12953299065999296 0.024273000249085068 0.9912779760438474
vn -0.12953299065999296 0.024273000249085068 0.9912779760438474
vn -0.9877793144106577 0.1459190899247939 -0.054769016952385174
vn -0.170752006340458 0.4166539075645456 0.8928848042395521
vn -0.11313899653234104 0.9615781309783976 0.2501340950125487
vn -0.512036284508807 0.18377009123177085 -0.8390753225516067
vn 0.9863642808084082 0.15969701159267982 -0.03977901499131573
vn -0.7428743627633676 0.3882743009581799 0.545326276979532
vn -0.512036284508807 0.18377009123177085 -0.8390753225516067
vn -0.11313899653234104 0.9615781309783976 0.2501340950125487
vn 0.2111570995939797 0.7117071787601279 -0.6699892319973192
vn 0.14575998654924868 0.9830345813106317 -0.11134198789582389
vn -0.9877793144106577 0.1459190899247939 -0.054769016952385174
vn -0.830780299430675 0.07756002732021368 -0.5511701518042917
vn -0.16484899856530655 0.6413229122497524 -0.7493528740823726
vn -0.07485097215584846 0.3053438785633196 -0.9492957641279313
vn -0.830780299430675 0.07756002732021368 -0.5511701518042917
vn -0.45717984740049006 0.7310467291214984 -0.5065148240393595
vn -0.16484899856530655 0.6413229122497524 -0.7493528740823726
vn -0.830780299430675 0.07756002732021368 -0.5511701518042917
vn -0.6183078938963932 0.737409896124552 -0.27188599346598163
vn -0.45717984740049006 0.7310467291214984 -0.5065148240393595
vn -0.830780299430675 0.07756002732021368 -0.5511701518042917
vn -0.749187643905397 0.6616807471593713 0.02994099293771359
vn -0.6183078938963932 0.737409896124552 -0.27188599346598163
vn -0.830780299430675 0.07756002732021368 -0.5511701518042917
vn -0.9163710649853831 0.3380779766629193 0.21439998356590748
vn -0.749187643905397 0.6616807471593713 0.02994099293771359
vn -0.830780299430675 0.07756002732021368 -0.5511701518042917
vn -0.9617745756842425 -0.04176902573924943 0.27063816075378083
vn -0.9163710649853831 0.3380779766629193 0.21439998356590748
vn -0.830780299430675 0.07756002732021368 -0.5511701518042917
vn -0.9877793144106577 0.1459190899247939 -0.054769016952385174
vn -0.9617745756842425 -0.04176902573924943 0.27063816075378083
vn -0.830780299430675 0.07756002732021368 -0.5511701518042917
vn -0.7428743627633676 0.3882743009581799 0.545326276979532
vn -0.5452019019769275 0.7039257940264203 0.45523989564296113
vn -0.830780299430675 0.07756002732021368 -0.5511701518042917
vn -0.07485097215584846 0.3053438785633196 -0.9492957641279313
vn -0.512036284508807 0.18377009123177085 -0.8390753225516067
vn -0.830780299430675 0.07756002732021368 -0.5511701518042917
vn -0.5452019019769275 0.7039257940264203 0.45523989564296113
vn -0.3465679821789435 0.929228110334193 0.12816299268182027
vn -0.31297291419911216 0.936365815967663 -0.1589560117294337
vn -0.830780299430675 0.07756002732021368 -0.5511701518042917
vn -0.3465679821789435 0.929228110334193 0.12816299268182027
vn -0.830780299430675 0.07756002732021368 -0.5511701518042917
vn -0.31297291419911216 0.936365815967663 -0.1589560117294337
vn 0.042938001326212755 0.9207589002889703 -0.3877620089446054
vn 0.2111570995939797 0.7117071787601279 -0.6699892319973192
vn -0.830780299430675 0.07756002732021368 -0.5511701518042917
vn 0.042938001326212755 0.9207589002889703 -0.3877620089446054
vn -0.830780299430675 0.07756002732021368 -0.5511701518042917
vn -0.512036284508807 0.18377009123177085 -0.8390753225516067
vn -0.7428743627633676 0.3882743009581799 0.545326276979532
vn -0.9877793144106577 0.1459190899247939 -0.054769016952385174
vn -0.830780299430675 0.07756002732021368 -0.5511701518042917
vn 0.2111570995939797 0.7117071787601279 -0.6699892319973192
vn -0.8395929315934755 0.08115999211805362 -0.5371189485557842
vn -0.021374009635407223 0.4117831008272848 -0.9110311902372892
vn 0.1575991249449649 0.6427423516978704 -0.7496964620101074
vn -0.8242748977776161 0.11716700348152505 -0.5539339186120137
vn -0.7982727882328097 0.24153290680162026 -0.5517448780903869
vn -0.8521868665795799 0.21181398835756776 -0.47844788510906555
vn -0.8242748977776161 0.11716700348152505 -0.5539339186120137
vn -0.8395929315934755 0.08115999211805362 -0.5371189485557842
vn -0.8118660070538365 0.194369008362389 -0.5505399850861711
vn -0.8242748977776161 0.11716700348152505 -0.5539339186120137
vn -0.8118660070538365 0.194369008362389 -0.5505399850861711
vn -0.7982727882328097 0.24153290680162026 -0.5517448780903869
vn -0.8242748977776161 0.11716700348152505 -0.5539339186120137
vn -0.22730900477220428 0.7117949764901683 -0.6645889916277811
vn -0.021374009635407223 0.4117831008272848 -0.9110311902372892
vn -0.8242748977776161 0.11716700348152505 -0.5539339186120137
vn -0.41035196874696206 0.8460659508486852 -0.34026999362271493
vn -0.22730900477220428 0.7117949764901683 -0.6645889916277811
vn -0.8242748977776161 0.11716700348152505 -0.5539339186120137
vn -0.6512979523994232 0.7588150699911823 0.0032659997850184802
vn -0.41035196874696206 0.8460659508486852 -0.34026999362271493
vn -0.6512979523994232 0.7588150699911823 0.0032659997850184802
vn -0.8242748977776161 0.11716700348152505 -0.5539339186120137
vn -0.8611416816954452 0.45651689173079435 0.22366790474092374
vn -0.8242748977776161 0.11716700348152505 -0.5539339186120137
vn -0.9268678934766325 0.07702699230476114 0.36739998706950455
vn -0.8611416816954452 0.45651689173079435 0.22366790474092374
vn -0.9268678934766325 0.07702699230476114 0.36739998706950455
vn -0.8242748977776161 0.11716700348152505 -0.5539339186120137
vn -0.8521868665795799 0.21181398835756776 -0.47844788510906555
vn -0.8242748977776161 0.11716700348152505 -0.5539339186120137
vn -0.021374009635407223 0.4117831008272848 -0.9110311902372892
vn -0.8395929315934755 0.08115999211805362 -0.5371189485557842
vn 0.9058612035308187 0.160601983021724 -0.39194704104915307
vn 0.3713630930902697 0.6902001904754423 0.621058089197855
vn 0.1575991249449649 0.6427423516978704 -0.7496964620101074
vn 0.4925108783677951 0.6985577424164839 0.5190858456935307
vn 0.6978729414892869 0.6844789443957707 0.21085998249061325
vn -0.41035196874696206 0.8460659508486852 -0.34026999362271493
vn -0.6512979523994232 0.7588150699911823 0.0032659997850184802
vn 0.4925108783677951 0.6985577424164839 0.5190858456935307
vn -0.41035196874696206 0.8460659508486852 -0.34026999362271493
vn 0.1152450045739533 0.21870301131354308 0.9689621157522816
vn 0.29001809618274993 0.5303501803318131 0.7966292676700664
vn -0.8611416816954452 0.45651689173079435 0.22366790474092374
vn 0.8290502912661564 -0.07366002996243637 0.5543011947826149
vn 0.9829037984736309 0.18380500748744194 -0.010762999983709864
vn 0.861206167040752 0.5041211207311216 -0.06469801761858124
vn 0.8290502912661564 -0.07366002996243637 0.5543011947826149
vn 0.861206167040752 0.5041211207311216 -0.06469801761858124
vn 0.6978729414892869 0.6844789443957707 0.21085998249061325
vn 0.8290502912661564 -0.07366002996243637 0.5543011947826149
vn 0.6978729414892869 0.6844789443957707 0.21085998249061325
vn 0.4925108783677951 0.6985577424164839 0.5190858456935307
vn 0.8290502912661564 -0.07366002996243637 0.5543011947826149
vn 0.4925108783677951 0.6985577424164839 0.5190858456935307
vn 0.29001809618274993 0.5303501803318131 0.7966292676700664
vn 0.8290502912661564 -0.07366002996243637 0.5543011947826149
vn 0.29001809618274993 0.5303501803318131 0.7966292676700664
vn 0.1152450045739533 0.21870301131354308 0.9689621157522816
vn 0.8290502912661564 -0.07366002996243637 0.5543011947826149
vn 0.1152450045739533 0.21870301131354308 0.9689621157522816
vn 0.314003945400911 -0.08051297858491632 0.9460016821084657
vn 0.8290502912661564 -0.07366002996243637 0.5543011947826149
vn 0.314003945400911 -0.08051297858491632 0.9460016821084657
vn -0.10210300848810043 0.028494991207060585 0.9943656325184355
vn 0.8290502912661564 -0.07366002996243637 0.5543011947826149
vn -0.10210300848810043 0.028494991207060585 0.9943656325184355
vn 0.40280505110770126 0.9117780044607497 -0.08005598905575474
vn 0.8290502912661564 -0.07366002996243637 0.5543011947826149
vn 0.40280505110770126 0.9117780044607497 -0.08005598905575474
vn 0.6174420084274767 0.7644300276756056 -0.1855049838061409
vn 0.8290502912661564 -0.07366002996243637 0.5543011947826149
vn 0.6174420084274767 0.7644300276756056 -0.1855049838061409
vn 0.2607820024169972 0.9489768707645262 0.17730100385883094
vn 0.8290502912661564 -0.07366002996243637 0.5543011947826149
vn 0.2607820024169972 0.9489768707645262 0.17730100385883094
vn 0.07878704414273711 0.7876952931776937 0.6110063230286227
vn 0.8290502912661564 -0.07366002996243637 0.5543011947826149
vn 0.07878704414273711 0.7876952931776937 0.6110063230286227
vn -0.16601107621296965 0.46339804637291165 0.8704611267554574
vn 0.3713630930902697 0.6902001904754423 0.621058089197855
vn 0.8290502912661564 -0.07366002996243637 0.5543011947826149
vn -0.16601107621296965 0.46339804637291165 0.8704611267554574
vn 0.8290502912661564 -0.07366002996243637 0.5543011947826149
vn 0.9058612035308187 0.160601983021724 -0.39194704104915307
vn 0.9829037984736309 0.18380500748744194 -0.010762999983709864
vn 0.8290502912661564 -0.07366002996243637 0.5543011947826149
vn 0.3713630930902697 0.6902001904754423 0.621058089197855
vn 0.9058612035308187 0.160601983021724 -0.39194704104915307
vn -0.16601107621296965 0.46339804637291165 0.8704611267554574
vn -0.5452019019769275 0.7039257940264203 0.45523989564296113
vn -0.7428743627633676 0.3882743009581799 0.545326276979532
vn 0.40280505110770126 0.9117780044607497 -0.08005598905575474
vn 0.14575998654924868 0.9830345813106317 -0.11134198789582389
vn 0.2111570995939797 0.7117071787601279 -0.6699892319973192
vn -0.827199568876894 0.2997578050375275 0.4752747958486375
vn -0.8521868665795799 0.21181398835756776 -0.47844788510906555
vn -0.9287528381702227 0.31437096915188073 -0.19644098183745531
vn -0.4065338949000052 0.7118409240584821 0.5727239222635961
vn 0.40280505110770126 0.9117780044607497 -0.08005598905575474
vn -0.6597593162436051 0.6474333135027864 0.381507207266879
vn -0.5091903057490567 0.3113980796244264 0.8023443578273618
vn -0.20835708159233884 0.43700405972777895 0.8749941590272263
vn -0.6195649976681143 0.42604490261743594 0.6592609154334945
vn -0.4065338949000052 0.7118409240584821 0.5727239222635961
vn -0.43437397653789334 0.6318219491916355 0.6419659438212747
vn -0.33865787049193524 0.7146607910623527 0.6120218954187832
vn 0.40280505110770126 0.9117780044607497 -0.08005598905575474
vn -0.4065338949000052 0.7118409240584821 0.5727239222635961
vn -0.33865787049193524 0.7146607910623527 0.6120218954187832
vn -0.631309967524809 0.2159530009814314 0.7448570508969747
vn -0.27268398036568686 0.5137850719774304 0.8134299887913357
vn -0.33865787049193524 0.7146607910623527 0.6120218954187832
vn -0.27268398036568686 0.5137850719774304 0.8134299887913357
vn -0.0837849963194029 0.5214490223268843 0.8491589907114533
vn -0.33865787049193524 0.7146607910623527 0.6120218954187832
vn -0.0837849963194029 0.5214490223268843 0.8491589907114533
vn -0.170752006340458 0.4166539075645456 0.8928848042395521
vn -0.33865787049193524 0.7146607910623527 0.6120218954187832
vn -0.9877793144106577 0.1459190899247939 -0.054769016952385174
vn 0.14575998654924868 0.9830345813106317 -0.11134198789582389
vn -0.170752006340458 0.4166539075645456 0.8928848042395521
vn -0.170752006340458 0.4166539075645456 0.8928848042395521
vn 0.14575998654924868 0.9830345813106317 -0.11134198789582389
vn -0.33865787049193524 0.7146607910623527 0.6120218954187832
vn 0.14575998654924868 0.9830345813106317 -0.11134198789582389
vn 0.40280505110770126 0.9117780044607497 -0.08005598905575474
vn -0.33865787049193524 0.7146607910623527 0.6120218954187832
vn 0.4368230213196017 -0.7201650321958908 -0.5390250220977745
vn 0.6003334166918457 -0.1560151043507272 -0.7843845205111626
vn 0.8192959430357383 -0.040987995277852955 0.5719039621897046
vn 0.48541392365854946 0.12260600550729787 -0.8656448984034714
vn 0.2857259847948667 -0.7109928080059996 -0.6425339590844578
vn -0.8192980980521557 0.040984999863768794 -0.5719010896250218
vn 0.06968903578031005 -0.9929894987384422 -0.09547404719183031
vn 0.4368230213196017 -0.7201650321958908 -0.5390250220977745
vn 0.8192959430357383 -0.040987995277852955 0.5719039621897046
vn 0.2857259847948667 -0.7109928080059996 -0.6425339590844578
vn -0.2121450902159622 -0.9764135395328789 0.040138018313521165
vn -0.8192980980521557 0.040984999863768794 -0.5719010896250218
vn -0.3224470823583519 -0.7861232538571704 0.5272931905720015
vn 0.06968903578031005 -0.9929894987384422 -0.09547404719183031
vn 0.8192959430357383 -0.040987995277852955 0.5719039621897046
vn -0.2121450902159622 -0.9764135395328789 0.040138018313521165
vn -0.5464221757781578 -0.5834191399300507 0.6008701298792811
vn -0.8192980980521557 0.040984999863768794 -0.5719010896250218
vn -0.4854191778667647 -0.12260309444988904 0.8656423643690654
vn -0.3224470823583519 -0.7861232538571704 0.5272931905720015
vn 0.8192959430357383 -0.040987995277852955 0.5719039621897046
vn -0.5464221757781578 -0.5834191399300507 0.6008701298792811
vn -0.6003278784014852 0.15601999262656488 0.784387786949018
vn -0.8192980980521557 0.040984999863768794 -0.5719010896250218
vn -0.28571502579189645 0.7110161485121174 0.6425130042199384
vn -0.4854191778667647 -0.12260309444988904 0.8656423643690654
vn 0.8192959430357383 -0.040987995277852955 0.5719039621897046
vn -0.6003278784014852 0.15601999262656488 0.784387786949018
vn -0.4368110843714097 0.720184198481055 0.5390090878904302
vn -0.8192980980521557 0.040984999863768794 -0.5719010896250218
vn 0.212084902403289 0.9764295728495226 -0.04006598853748798
vn -0.28571502579189645 0.7110161485121174 0.6425130042199384
vn 0.8192959430357383 -0.040987995277852955 0.5719039621897046
vn -0.4368110843714097 0.720184198481055 0.5390090878904302
vn -0.0696549879686169 0.9929958359070271 0.0954329739785809
vn -0.8192980980521557 0.040984999863768794 -0.5719010896250218
vn 0.5464081801994238 0.5834641537361032 -0.6008391481221634
vn 0.212084902403289 0.9764295728495226 -0.04006598853748798
vn 0.8192959430357383 -0.040987995277852955 0.5719039621897046
vn -0.0696549879686169 0.9929958359070271 0.0954329739785809
vn 0.32237388624938773 0.7862266639931833 -0.5271837538189286
vn -0.8192980980521557 0.040984999863768794 -0.5719010896250218
vn 0.6003334166918457 -0.1560151043507272 -0.7843845205111626
vn 0.5464081801994238 0.5834641537361032 -0.6008391481221634
vn 0.8192959430357383 -0.040987995277852955 0.5719039621897046
vn 0.32237388624938773 0.7862266639931833 -0.5271837538189286
vn 0.48541392365854946 0.12260600550729787 -0.8656448984034714
vn -0.8192980980521557 0.040984999863768794 -0.5719010896250218
vn -0.827199568876894 0.2997578050375275 0.4752747958486375
vn -0.9268678934766325 0.07702699230476114 0.36739998706950455
vn -0.8521868665795799 0.21181398835756776 -0.47844788510906555
vn 0.3713630930902697 0.6902001904754423 0.621058089197855
vn -0.16601107621296965 0.46339804637291165 0.8704611267554574
vn -0.3411619936054598 0.713308984731312 0.6122081234520929
vn -0.45316889538354205 0.46385788565700287 0.7612317742781598
vn -0.7428743627633676 0.3882743009581799 0.545326276979532
vn -0.11313899653234104 0.9615781309783976 0.2501340950125487
vn -0.16601107621296965 0.46339804637291165 0.8704611267554574
vn -0.7428743627633676 0.3882743009581799 0.545326276979532
vn -0.45316889538354205 0.46385788565700287 0.7612317742781598
vn -0.3411619936054598 0.713308984731312 0.6122081234520929
vn -0.16601107621296965 0.46339804637291165 0.8704611267554574
vn -0.45316889538354205 0.46385788565700287 0.7612317742781598
vn -0.9268678934766325 0.07702699230476114 0.36739998706950455
vn -0.10210300848810043 0.028494991207060585 0.9943656325184355
vn 0.314003945400911 -0.08051297858491632 0.9460016821084657
vn -0.9268678934766325 0.07702699230476114 0.36739998706950455
vn -0.827199568876894 0.2997578050375275 0.4752747958486375
vn -0.10210300848810043 0.028494991207060585 0.9943656325184355
vn 0.48541392365854946 0.12260600550729787 -0.8656448984034714
vn 0.32237388624938773 0.7862266639931833 -0.5271837538189286
vn 0.5464081801994238 0.5834641537361032 -0.6008391481221634
vn 0.6003334166918457 -0.1560151043507272 -0.7843845205111626
vn 0.48541392365854946 0.12260600550729787 -0.8656448984034714
vn 0.5464081801994238 0.5834641537361032 -0.6008391481221634
vn 0.32237388624938773 0.7862266639931833 -0.5271837538189286
vn -0.0696549879686169 0.9929958359070271 0.0954329739785809
vn 0.212084902403289 0.9764295728495226 -0.04006598853748798
vn 0.5464081801994238 0.5834641537361032 -0.6008391481221634
vn 0.32237388624938773 0.7862266639931833 -0.5271837538189286
vn 0.212084902403289 0.9764295728495226 -0.04006598853748798
vn -0.0696549879686169 0.9929958359070271 0.0954329739785809
vn -0.4368110843714097 0.720184198481055 0.5390090878904302
vn -0.28571502579189645 0.7110161485121174 0.6425130042199384
vn 0.212084902403289 0.9764295728495226 -0.04006598853748798
vn -0.0696549879686169 0.9929958359070271 0.0954329739785809
vn -0.28571502579189645 0.7110161485121174 0.6425130042199384
vn -0.28571502579189645 0.7110161485121174 0.6425130042199384
vn -0.6003278784014852 0.15601999262656488 0.784387786949018
vn -0.4854191778667647 -0.12260309444988904 0.8656423643690654
vn -0.28571502579189645 0.7110161485121174 0.6425130042199384
vn -0.4368110843714097 0.720184198481055 0.5390090878904302
vn -0.6003278784014852 0.15601999262656488 0.784387786949018
vn -0.4854191778667647 -0.12260309444988904 0.8656423643690654
vn -0.5464221757781578 -0.5834191399300507 0.6008701298792811
vn -0.3224470823583519 -0.7861232538571704 0.5272931905720015
vn -0.4854191778667647 -0.12260309444988904 0.8656423643690654
vn -0.6003278784014852 0.15601999262656488 0.784387786949018
vn -0.5464221757781578 -0.5834191399300507 0.6008701298792811
vn -0.3224470823583519 -0.7861232538571704 0.5272931905720015
vn -0.2121450902159622 -0.9764135395328789 0.040138018313521165
vn 0.06968903578031005 -0.9929894987384422 -0.09547404719183031
vn -0.3224470823583519 -0.7861232538571704 0.5272931905720015
vn -0.5464221757781578 -0.5834191399300507 0.6008701298792811
vn -0.2121450902159622 -0.9764135395328789 0.040138018313521165
vn 0.06968903578031005 -0.9929894987384422 -0.09547404719183031
vn 0.2857259847948667 -0.7109928080059996 -0.6425339590844578
vn 0.4368230213196017 -0.7201650321958908 -0.5390250220977745
vn 0.06968903578031005 -0.9929894987384422 -0.09547404719183031
vn -0.2121450902159622 -0.9764135395328789 0.040138018313521165
vn 0.2857259847948667 -0.7109928080059996 -0.6425339590844578
vn 0.2857259847948667 -0.7109928080059996 -0.6425339590844578
vn 0.48541392365854946 0.12260600550729787 -0.8656448984034714
vn 0.6003334166918457 -0.1560151043507272 -0.7843845205111626
vn 0.4368230213196017 -0.7201650321958908 -0.5390250220977745
vn 0.2857259847948667 -0.7109928080059996 -0.6425339590844578
vn 0.6003334166918457 -0.1560151043507272 -0.7843845205111626
vn -0.43437397653789334 0.6318219491916355 0.6419659438212747
vn -0.20835708159233884 0.43700405972777895 0.8749941590272263
vn -0.33865787049193524 0.7146607910623527 0.6120218954187832
vn -0.43437397653789334 0.6318219491916355 0.6419659438212747
vn -0.6195649976681143 0.42604490261743594 0.6592609154334945
vn -0.20835708159233884 0.43700405972777895 0.8749941590272263
vn -0.10210300848810043 0.028494991207060585 0.9943656325184355
vn -0.827199568876894 0.2997578050375275 0.4752747958486375
vn -0.6597593162436051 0.6474333135027864 0.381507207266879
vn 0.40280505110770126 0.9117780044607497 -0.08005598905575474
vn -0.10210300848810043 0.028494991207060585 0.9943656325184355
vn -0.6597593162436051 0.6474333135027864 0.381507207266879
vn -0.6597593162436051 0.6474333135027864 0.381507207266879
vn -0.827199568876894 0.2997578050375275 0.4752747958486375
vn -0.9287528381702227 0.31437096915188073 -0.19644098183745531
vn -0.8123678096590715 0.424254900921054 0.40008289250377777
vn -0.6597593162436051 0.6474333135027864 0.381507207266879
vn -0.9287528381702227 0.31437096915188073 -0.19644098183745531
vn 0.6174420084274767 0.7644300276756056 -0.1855049838061409
vn 0.2111570995939797 0.7117071787601279 -0.6699892319973192
vn 0.042938001326212755 0.9207589002889703 -0.3877620089446054
vn 0.6174420084274767 0.7644300276756056 -0.1855049838061409
vn 0.40280505110770126 0.9117780044607497 -0.08005598905575474
vn 0.2111570995939797 0.7117071787601279 -0.6699892319973192
vn 0.2607820024169972 0.9489768707645262 0.17730100385883094
vn 0.042938001326212755 0.9207589002889703 -0.3877620089446054
vn -0.31297291419911216 0.936365815967663 -0.1589560117294337
vn 0.2607820024169972 0.9489768707645262 0.17730100385883094
vn 0.6174420084274767 0.7644300276756056 -0.1855049838061409
vn 0.042938001326212755 0.9207589002889703 -0.3877620089446054
vn 0.2607820024169972 0.9489768707645262 0.17730100385883094
vn -0.31297291419911216 0.936365815967663 -0.1589560117294337
vn -0.3465679821789435 0.929228110334193 0.12816299268182027
vn 0.07878704414273711 0.7876952931776937 0.6110063230286227
vn 0.2607820024169972 0.9489768707645262 0.17730100385883094
vn -0.3465679821789435 0.929228110334193 0.12816299268182027
vn 0.07878704414273711 0.7876952931776937 0.6110063230286227
vn -0.3465679821789435 0.929228110334193 0.12816299268182027
vn -0.5452019019769275 0.7039257940264203 0.45523989564296113
vn -0.16601107621296965 0.46339804637291165 0.8704611267554574
vn 0.07878704414273711 0.7876952931776937 0.6110063230286227
vn -0.5452019019769275 0.7039257940264203 0.45523989564296113
vn -0.9268678934766325 0.07702699230476114 0.36739998706950455
vn 0.1152450045739533 0.21870301131354308 0.9689621157522816
vn -0.8611416816954452 0.45651689173079435 0.22366790474092374
vn -0.9268678934766325 0.07702699230476114 0.36739998706950455
vn 0.314003945400911 -0.08051297858491632 0.9460016821084657
vn 0.1152450045739533 0.21870301131354308 0.9689621157522816
vn 0.29001809618274993 0.5303501803318131 0.7966292676700664
vn 0.4925108783677951 0.6985577424164839 0.5190858456935307
vn -0.6512979523994232 0.7588150699911823 0.0032659997850184802
vn -0.8611416816954452 0.45651689173079435 0.22366790474092374
vn 0.29001809618274993 0.5303501803318131 0.7966292676700664
vn -0.6512979523994232 0.7588150699911823 0.0032659997850184802
vn 0.6978729414892869 0.6844789443957707 0.21085998249061325
vn 0.861206167040752 0.5041211207311216 -0.06469801761858124
vn -0.22730900477220428 0.7117949764901683 -0.6645889916277811
vn -0.41035196874696206 0.8460659508486852 -0.34026999362271493
vn 0.6978729414892869 0.6844789443957707 0.21085998249061325
vn -0.22730900477220428 0.7117949764901683 -0.6645889916277811
vn 0.861206167040752 0.5041211207311216 -0.06469801761858124
vn 0.9829037984736309 0.18380500748744194 -0.010762999983709864
vn -0.021374009635407223 0.4117831008272848 -0.9110311902372892
vn -0.22730900477220428 0.7117949764901683 -0.6645889916277811
vn 0.861206167040752 0.5041211207311216 -0.06469801761858124
vn -0.021374009635407223 0.4117831008272848 -0.9110311902372892
vn -0.021374009635407223 0.4117831008272848 -0.9110311902372892
vn 0.9058612035308187 0.160601983021724 -0.39194704104915307
vn 0.1575991249449649 0.6427423516978704 -0.7496964620101074
vn -0.021374009635407223 0.4117831008272848 -0.9110311902372892
vn 0.9829037984736309 0.18380500748744194 -0.010762999983709864
vn 0.9058612035308187 0.160601983021724 -0.39194704104915307
vn -0.07485097215584846 0.3053438785633196 -0.9492957641279313
vn 0.9287236260118771 0.34772192410795744 -0.1286930067331201
vn 0.9863642808084082 0.15969701159267982 -0.03977901499131573
vn -0.512036284508807 0.18377009123177085 -0.8390753225516067
vn -0.07485097215584846 0.3053438785633196 -0.9492957641279313
vn 0.9863642808084082 0.15969701159267982 -0.03977901499131573
vn -0.9617745756842425 -0.04176902573924943 0.27063816075378083
vn -0.9877793144106577 0.1459190899247939 -0.054769016952385174
vn -0.12051400110637434 -0.12555900542660067 0.9847392099909579
vn -0.38422020167767806 0.031374010288867896 0.9227082464685997
vn -0.9617745756842425 -0.04176902573924943 0.27063816075378083
vn -0.12051400110637434 -0.12555900542660067 0.9847392099909579
vn -0.9163710649853831 0.3380779766629193 0.21439998356590748
vn -0.38422020167767806 0.031374010288867896 0.9227082464685997
vn -0.08471599630536977 0.30528898817338634 0.948483965953067
vn -0.9163710649853831 0.3380779766629193 0.21439998356590748
vn -0.9617745756842425 -0.04176902573924943 0.27063816075378083
vn -0.38422020167767806 0.031374010288867896 0.9227082464685997
vn -0.9163710649853831 0.3380779766629193 0.21439998356590748
vn -0.08471599630536977 0.30528898817338634 0.948483965953067
vn -0.19502707296696647 0.6795531829068953 0.7072283311710903
vn -0.749187643905397 0.6616807471593713 0.02994099293771359
vn -0.9163710649853831 0.3380779766629193 0.21439998356590748
vn -0.19502707296696647 0.6795531829068953 0.7072283311710903
vn -0.749187643905397 0.6616807471593713 0.02994099293771359
vn -0.19502707296696647 0.6795531829068953 0.7072283311710903
vn 0.025563008685669106 0.8770993811560506 0.47962819783933647
vn -0.6183078938963932 0.737409896124552 -0.27188599346598163
vn -0.749187643905397 0.6616807471593713 0.02994099293771359
vn 0.025563008685669106 0.8770993811560506 0.47962819783933647
vn -0.6183078938963932 0.737409896124552 -0.27188599346598163
vn 0.025563008685669106 0.8770993811560506 0.47962819783933647
vn 0.21577798960935557 0.9730231003870798 0.0816449956412482
vn -0.45717984740049006 0.7310467291214984 -0.5065148240393595
vn -0.6183078938963932 0.737409896124552 -0.27188599346598163
vn 0.21577798960935557 0.9730231003870798 0.0816449956412482
vn -0.16484899856530655 0.6413229122497524 -0.7493528740823726
vn 0.41309708688653457 0.8367750704259476 -0.35938597401611155
vn 0.9287236260118771 0.34772192410795744 -0.1286930067331201
vn -0.07485097215584846 0.3053438785633196 -0.9492957641279313
vn -0.16484899856530655 0.6413229122497524 -0.7493528740823726
vn 0.9287236260118771 0.34772192410795744 -0.1286930067331201
vn 0.8221617306389998 -0.03429698680992206 0.5682198565418536
vn 0.8322687470164619 -0.058577978911115575 0.551268857388423
vn 0.21577798960935557 0.9730231003870798 0.0816449956412482
vn 0.025563008685669106 0.8770993811560506 0.47962819783933647
vn 0.8221617306389998 -0.03429698680992206 0.5682198565418536
vn 0.21577798960935557 0.9730231003870798 0.0816449956412482
vn 0.7744488139852455 -0.002186998963351981 0.6326327936112555
vn 0.8221617306389998 -0.03429698680992206 0.5682198565418536
vn 0.025563008685669106 0.8770993811560506 0.47962819783933647
vn -0.19502707296696647 0.6795531829068953 0.7072283311710903
vn 0.7744488139852455 -0.002186998963351981 0.6326327936112555
vn 0.025563008685669106 0.8770993811560506 0.47962819783933647
vn -0.08471599630536977 0.30528898817338634 0.948483965953067
vn 0.7744488139852455 -0.002186998963351981 0.6326327936112555
vn -0.19502707296696647 0.6795531829068953 0.7072283311710903
vn -0.08471599630536977 0.30528898817338634 0.948483965953067
vn 0.7442076336018004 -0.03176298047871446 0.6671927091627405
vn 0.7744488139852455 -0.002186998963351981 0.6326327936112555
vn 0.7442076336018004 -0.03176298047871446 0.6671927091627405
vn -0.38422020167767806 0.031374010288867896 0.9227082464685997
vn -0.12051400110637434 -0.12555900542660067 0.9847392099909579
vn 0.8064683806768723 -0.03515400907340205 0.590231265365103
vn 0.7442076336018004 -0.03176298047871446 0.6671927091627405
vn -0.12051400110637434 -0.12555900542660067 0.9847392099909579
vn 0.1575991249449649 0.6427423516978704 -0.7496964620101074
vn 0.3713630930902697 0.6902001904754423 0.621058089197855
vn 0.5201631973896614 -0.03776802260154295 -0.8532314015260651
vn 0.35418793482387534 -0.19465801225446658 -0.9146907483353804
vn 0.1575991249449649 0.6427423516978704 -0.7496964620101074
vn 0.5201631973896614 -0.03776802260154295 -0.8532314015260651
vn 0.3713630930902697 0.6902001904754423 0.621058089197855
vn -0.3411619936054598 0.713308984731312 0.6122081234520929
vn 0.5320848208459417 -0.003755999017777117 -0.8466827244586491
vn 0.5201631973896614 -0.03776802260154295 -0.8532314015260651
vn 0.3713630930902697 0.6902001904754423 0.621058089197855
vn 0.5320848208459417 -0.003755999017777117 -0.8466827244586491
vn -0.11313899653234104 0.9615781309783976 0.2501340950125487
vn 0.9863642808084082 0.15969701159267982 -0.03977901499131573
vn 0.8731949079944741 0.27432001725968536 -0.4028389017748509
vn 0.533146866436646 0.040123987801177055 -0.8450706978778263
vn -0.11313899653234104 0.9615781309783976 0.2501340950125487
vn 0.8731949079944741 0.27432001725968536 -0.4028389017748509
vn 0.5455101611280533 0.3081381850821216 -0.7794033121563838
vn -0.11313899653234104 0.9615781309783976 0.2501340950125487
vn 0.533146866436646 0.040123987801177055 -0.8450706978778263
vn 0.5455101611280533 0.3081381850821216 -0.7794033121563838
vn -0.45316889538354205 0.46385788565700287 0.7612317742781598
vn -0.11313899653234104 0.9615781309783976 0.2501340950125487
vn -0.3411619936054598 0.713308984731312 0.6122081234520929
vn -0.45316889538354205 0.46385788565700287 0.7612317742781598
vn 0.5455101611280533 0.3081381850821216 -0.7794033121563838
vn 0.5320848208459417 -0.003755999017777117 -0.8466827244586491
vn -0.3411619936054598 0.713308984731312 0.6122081234520929
vn 0.5455101611280533 0.3081381850821216 -0.7794033121563838
vn -0.8118660070538365 0.194369008362389 -0.5505399850861711
vn -0.5666391280789922 0.05970400973136374 -0.8218001762909745
vn -0.6181197553516437 0.13650699988442985 -0.7741406894270425
vn -0.8118660070538365 0.194369008362389 -0.5505399850861711
vn 0.1575991249449649 0.6427423516978704 -0.7496964620101074
vn -0.5666391280789922 0.05970400973136374 -0.8218001762909745
vn -0.5666391280789922 0.05970400973136374 -0.8218001762909745
vn 0.35418793482387534 -0.19465801225446658 -0.9146907483353804
vn 0.14321489676407345 -0.2819718131200008 -0.9486734896426037
vn -0.6181197553516437 0.13650699988442985 -0.7741406894270425
vn -0.5666391280789922 0.05970400973136374 -0.8218001762909745
vn 0.14321489676407345 -0.2819718131200008 -0.9486734896426037
vn 0.35418793482387534 -0.19465801225446658 -0.9146907483353804
vn 0.5201631973896614 -0.03776802260154295 -0.8532314015260651
vn 0.4120468999279648 -0.29213889766551215 -0.8630597990467017
vn 0.14321489676407345 -0.2819718131200008 -0.9486734896426037
vn 0.35418793482387534 -0.19465801225446658 -0.9146907483353804
vn 0.4120468999279648 -0.29213889766551215 -0.8630597990467017
vn 0.5201631973896614 -0.03776802260154295 -0.8532314015260651
vn 0.5320848208459417 -0.003755999017777117 -0.8466827244586491
vn 0.4552342622548075 -0.21802008353138944 -0.8632664766144269
vn 0.4120468999279648 -0.29213889766551215 -0.8630597990467017
vn 0.5201631973896614 -0.03776802260154295 -0.8532314015260651
vn 0.4552342622548075 -0.21802008353138944 -0.8632664766144269
vn 0.5320848208459417 -0.003755999017777117 -0.8466827244586491
vn 0.5455101611280533 0.3081381850821216 -0.7794033121563838
vn 0.4740048597880578 -0.11941099037592925 -0.8723877625659036
vn 0.4552342622548075 -0.21802008353138944 -0.8632664766144269
vn 0.5320848208459417 -0.003755999017777117 -0.8466827244586491
vn 0.4740048597880578 -0.11941099037592925 -0.8723877625659036
vn 0.4740048597880578 -0.11941099037592925 -0.8723877625659036
vn 0.533146866436646 0.040123987801177055 -0.8450706978778263
vn 0.4772128003713004 -0.015688989761756776 -0.8786477102696147
vn 0.4740048597880578 -0.11941099037592925 -0.8723877625659036
vn 0.5455101611280533 0.3081381850821216 -0.7794033121563838
vn 0.533146866436646 0.040123987801177055 -0.8450706978778263
vn 0.533146866436646 0.040123987801177055 -0.8450706978778263
vn 0.8731949079944741 0.27432001725968536 -0.4028389017748509
vn 0.7962051920593292 -0.04651400640964468 -0.6032360560721569
vn 0.4772128003713004 -0.015688989761756776 -0.8786477102696147
vn 0.533146866436646 0.040123987801177055 -0.8450706978778263
vn 0.7962051920593292 -0.04651400640964468 -0.6032360560721569
vn 0.8731949079944741 0.27432001725968536 -0.4028389017748509
vn 0.9863642808084082 0.15969701159267982 -0.03977901499131573
vn 0.9277364426133136 -0.09541004837473556 0.3608351641904164
vn 0.7962051920593292 -0.04651400640964468 -0.6032360560721569
vn 0.8731949079944741 0.27432001725968536 -0.4028389017748509
vn 0.9277364426133136 -0.09541004837473556 0.3608351641904164
vn 0.9277364426133136 -0.09541004837473556 0.3608351641904164
vn 0.8326169705100397 -0.07463800033581654 0.5487970019274473
vn 0.85785171175797 -0.042704983713778004 0.512119834608978
vn 0.9277364426133136 -0.09541004837473556 0.3608351641904164
vn 0.9863642808084082 0.15969701159267982 -0.03977901499131573
vn 0.8326169705100397 -0.07463800033581654 0.5487970019274473
vn -0.7793146585579479 0.33629987974237086 -0.5287447908414566
vn -0.6181197553516437 0.13650699988442985 -0.7741406894270425
vn -0.6540157999038518 0.13074490835961364 -0.7450967067529964
vn -0.819455163075634 0.2769330891604063 -0.5017980667925698
vn -0.7793146585579479 0.33629987974237086 -0.5287447908414566
vn -0.6540157999038518 0.13074490835961364 -0.7450967067529964
vn -0.6181197553516437 0.13650699988442985 -0.7741406894270425
vn 0.14321489676407345 -0.2819718131200008 -0.9486734896426037
vn 0.04621801095346245 -0.246126057683217 -0.9681352483991187
vn -0.6540157999038518 0.13074490835961364 -0.7450967067529964
vn -0.6181197553516437 0.13650699988442985 -0.7741406894270425
vn 0.04621801095346245 -0.246126057683217 -0.9681352483991187
vn 0.14321489676407345 -0.2819718131200008 -0.9486734896426037
vn 0.4120468999279648 -0.29213889766551215 -0.8630597990467017
vn 0.30485307891375796 -0.2725070721637299 -0.9125812270135486
vn 0.04621801095346245 -0.246126057683217 -0.9681352483991187
vn 0.14321489676407345 -0.2819718131200008 -0.9486734896426037
vn 0.30485307891375796 -0.2725070721637299 -0.9125812270135486
vn 0.4120468999279648 -0.29213889766551215 -0.8630597990467017
vn 0.4552342622548075 -0.21802008353138944 -0.8632664766144269
vn 0.37148476097538885 -0.20337988541400678 -0.9058894494208681
vn 0.30485307891375796 -0.2725070721637299 -0.9125812270135486
vn 0.4120468999279648 -0.29213889766551215 -0.8630597990467017
vn 0.37148476097538885 -0.20337988541400678 -0.9058894494208681
vn 0.4552342622548075 -0.21802008353138944 -0.8632664766144269
vn 0.4740048597880578 -0.11941099037592925 -0.8723877625659036
vn 0.38924409846383334 -0.1286299937612395 -0.9121092897871729
vn 0.37148476097538885 -0.20337988541400678 -0.9058894494208681
vn 0.4552342622548075 -0.21802008353138944 -0.8632664766144269
vn 0.38924409846383334 -0.1286299937612395 -0.9121092897871729
vn 0.4740048597880578 -0.11941099037592925 -0.8723877625659036
vn 0.4772128003713004 -0.015688989761756776 -0.8786477102696147
vn 0.3757049371750108 -0.025273991422752197 -0.9263946381212944
vn 0.38924409846383334 -0.1286299937612395 -0.9121092897871729
vn 0.4740048597880578 -0.11941099037592925 -0.8723877625659036
vn 0.3757049371750108 -0.025273991422752197 -0.9263946381212944
vn 0.4772128003713004 -0.015688989761756776 -0.8786477102696147
vn 0.7962051920593292 -0.04651400640964468 -0.6032360560721569
vn 0.6142622677609092 0.011422009858084592 -0.7890192672527248
vn 0.3757049371750108 -0.025273991422752197 -0.9263946381212944
vn 0.4772128003713004 -0.015688989761756776 -0.8786477102696147
vn 0.6142622677609092 0.011422009858084592 -0.7890192672527248
vn 0.7962051920593292 -0.04651400640964468 -0.6032360560721569
vn 0.9277364426133136 -0.09541004837473556 0.3608351641904164
vn 0.9835807991560994 -0.06370097958868977 0.16885199652621907
vn 0.6142622677609092 0.011422009858084592 -0.7890192672527248
vn 0.7962051920593292 -0.04651400640964468 -0.6032360560721569
vn 0.9835807991560994 -0.06370097958868977 0.16885199652621907
vn 0.9277364426133136 -0.09541004837473556 0.3608351641904164
vn 0.883877488612399 -0.03694897527300819 0.46625675153343693
vn 0.9835807991560994 -0.06370097958868977 0.16885199652621907
vn 0.9277364426133136 -0.09541004837473556 0.3608351641904164
vn 0.85785171175797 -0.042704983713778004 0.512119834608978
vn 0.883877488612399 -0.03694897527300819 0.46625675153343693
vn 0.85785171175797 -0.042704983713778004 0.512119834608978
vn 0.8064683806768723 -0.03515400907340205 0.590231265365103
vn 0.8425910328455595 -0.015903998631340076 0.5383190635634106
vn 0.883877488612399 -0.03694897527300819 0.46625675153343693
vn 0.85785171175797 -0.042704983713778004 0.512119834608978
vn 0.8425910328455595 -0.015903998631340076 0.5383190635634106
vn 0.8064683806768723 -0.03515400907340205 0.590231265365103
vn -0.12051400110637434 -0.12555900542660067 0.9847392099909579
vn 0.2719779087436731 -0.0855319820902462 0.9584948081211145
vn 0.8425910328455595 -0.015903998631340076 0.5383190635634106
vn 0.8064683806768723 -0.03515400907340205 0.590231265365103
vn 0.2719779087436731 -0.0855319820902462 0.9584948081211145
vn 0.2719779087436731 -0.0855319820902462 0.9584948081211145
vn -0.12953299065999296 0.024273000249085068 0.9912779760438474
vn 0.008130001381195661 -0.05393901411258463 0.9985111345568983
vn 0.2719779087436731 -0.0855319820902462 0.9584948081211145
vn -0.12051400110637434 -0.12555900542660067 0.9847392099909579
vn -0.12953299065999296 0.024273000249085068 0.9912779760438474
vn -0.170752006340458 0.4166539075645456 0.8928848042395521
vn -0.0837849963194029 0.5214490223268843 0.8491589907114533
vn 0.09875897317002282 0.012032999655726814 0.9950386284650904
vn 0.008130001381195661 -0.05393901411258463 0.9985111345568983
vn -0.170752006340458 0.4166539075645456 0.8928848042395521
vn 0.09875897317002282 0.012032999655726814 0.9950386284650904
vn -0.0837849963194029 0.5214490223268843 0.8491589907114533
vn -0.27268398036568686 0.5137850719774304 0.8134299887913357
vn -0.2138169939920727 0.06403099553942591 0.9747729605864249
vn 0.09875897317002282 0.012032999655726814 0.9950386284650904
vn -0.0837849963194029 0.5214490223268843 0.8491589907114533
vn -0.2138169939920727 0.06403099553942591 0.9747729605864249
vn -0.2138169939920727 0.06403099553942591 0.9747729605864249
vn -0.631309967524809 0.2159530009814314 0.7448570508969747
vn -0.6587152577523728 0.08657904057688205 0.747394326267608
vn -0.2138169939920727 0.06403099553942591 0.9747729605864249
vn -0.27268398036568686 0.5137850719774304 0.8134299887913357
vn -0.631309967524809 0.2159530009814314 0.7448570508969747
vn -0.631309967524809 0.2159530009814314 0.7448570508969747
vn -0.33865787049193524 0.7146607910623527 0.6120218954187832
vn -0.6295001501759175 0.13850398529261862 0.7645562157137691
vn -0.6587152577523728 0.08657904057688205 0.747394326267608
vn -0.631309967524809 0.2159530009814314 0.7448570508969747
vn -0.6295001501759175 0.13850398529261862 0.7645562157137691
vn -0.33865787049193524 0.7146607910623527 0.6120218954187832
vn -0.20835708159233884 0.43700405972777895 0.8749941590272263
vn -0.15349299231015257 0.1800549959048933 0.9716069677402299
vn -0.6295001501759175 0.13850398529261862 0.7645562157137691
vn -0.33865787049193524 0.7146607910623527 0.6120218954187832
vn -0.15349299231015257 0.1800549959048933 0.9716069677402299
vn -0.20835708159233884 0.43700405972777895 0.8749941590272263
vn -0.5091903057490567 0.3113980796244264 0.8023443578273618
vn -0.3142329797385911 0.19985897719525786 0.9280700532174668
vn -0.15349299231015257 0.1800549959048933 0.9716069677402299
vn -0.20835708159233884 0.43700405972777895 0.8749941590272263
vn -0.3142329797385911 0.19985897719525786 0.9280700532174668
vn -0.5091903057490567 0.3113980796244264 0.8023443578273618
vn -0.6195649976681143 0.42604490261743594 0.6592609154334945
vn -0.681454974365352 0.19411398770666718 0.7056478425456519
vn -0.3142329797385911 0.19985897719525786 0.9280700532174668
vn -0.5091903057490567 0.3113980796244264 0.8023443578273618
vn -0.681454974365352 0.19411398770666718 0.7056478425456519
vn -0.6195649976681143 0.42604490261743594 0.6592609154334945
vn -0.43437397653789334 0.6318219491916355 0.6419659438212747
vn -0.4937338131385736 0.2749229182893027 0.8250117034096774
vn -0.681454974365352 0.19411398770666718 0.7056478425456519
vn -0.6195649976681143 0.42604490261743594 0.6592609154334945
vn -0.4937338131385736 0.2749229182893027 0.8250117034096774
vn -0.43437397653789334 0.6318219491916355 0.6419659438212747
vn -0.4065338949000052 0.7118409240584821 0.5727239222635961
vn -0.47778711019569603 0.36741009582707307 0.7979531933736381
vn -0.4937338131385736 0.2749229182893027 0.8250117034096774
vn -0.43437397653789334 0.6318219491916355 0.6419659438212747
vn -0.47778711019569603 0.36741009582707307 0.7979531933736381
vn -0.4065338949000052 0.7118409240584821 0.5727239222635961
vn -0.6597593162436051 0.6474333135027864 0.381507207266879
vn -0.8123678096590715 0.424254900921054 0.40008289250377777
vn -0.47778711019569603 0.36741009582707307 0.7979531933736381
vn -0.4065338949000052 0.7118409240584821 0.5727239222635961
vn -0.8123678096590715 0.424254900921054 0.40008289250377777
vn -0.8521868665795799 0.21181398835756776 -0.47844788510906555
vn -0.7982727882328097 0.24153290680162026 -0.5517448780903869
vn -0.8547688098210965 0.26577991159016745 -0.4457929119581748
vn -0.9287528381702227 0.31437096915188073 -0.19644098183745531
vn -0.8521868665795799 0.21181398835756776 -0.47844788510906555
vn -0.8547688098210965 0.26577991159016745 -0.4457929119581748
vn -0.7982727882328097 0.24153290680162026 -0.5517448780903869
vn -0.7793146585579479 0.33629987974237086 -0.5287447908414566
vn -0.819455163075634 0.2769330891604063 -0.5017980667925698
vn -0.8547688098210965 0.26577991159016745 -0.4457929119581748
vn -0.7982727882328097 0.24153290680162026 -0.5517448780903869
vn -0.819455163075634 0.2769330891604063 -0.5017980667925698
vn 0.8425910328455595 -0.015903998631340076 0.5383190635634106
vn 0.344040973985918 -0.002230999888256767 0.9389519853849394
vn 0.8678262840602651 0.03338000927557751 0.49574521245788605
vn 0.8425910328455595 -0.015903998631340076 0.5383190635634106
vn 0.2719779087436731 -0.0855319820902462 0.9584948081211145
vn 0.344040973985918 -0.002230999888256767 0.9389519853849394
vn 0.883877488612399 -0.03694897527300819 0.46625675153343693
vn 0.8678262840602651 0.03338000927557751 0.49574521245788605
vn 0.9210696755126119 0.015806000574506242 0.38907688597105117
vn 0.883877488612399 -0.03694897527300819 0.46625675153343693
vn 0.8425910328455595 -0.015903998631340076 0.5383190635634106
vn 0.8678262840602651 0.03338000927557751 0.49574521245788605
vn 0.9835807991560994 -0.06370097958868977 0.16885199652621907
vn 0.9210696755126119 0.015806000574506242 0.38907688597105117
vn 0.999650369675227 -0.021928008124277334 0.014775008219400749
vn 0.9835807991560994 -0.06370097958868977 0.16885199652621907
vn 0.883877488612399 -0.03694897527300819 0.46625675153343693
vn 0.9210696755126119 0.015806000574506242 0.38907688597105117
vn 0.6142622677609092 0.011422009858084592 -0.7890192672527248
vn 0.9835807991560994 -0.06370097958868977 0.16885199652621907
vn 0.999650369675227 -0.021928008124277334 0.014775008219400749
vn 0.5438827996280277 0.007384997029595563 -0.839128692208562
vn 0.6142622677609092 0.011422009858084592 -0.7890192672527248
vn 0.999650369675227 -0.021928008124277334 0.014775008219400749
vn 0.6142622677609092 0.011422009858084592 -0.7890192672527248
vn 0.5438827996280277 0.007384997029595563 -0.839128692208562
vn 0.26989909220887076 0.01660300929199208 -0.9627454596658857
vn 0.3757049371750108 -0.025273991422752197 -0.9263946381212944
vn 0.6142622677609092 0.011422009858084592 -0.7890192672527248
vn 0.26989909220887076 0.01660300929199208 -0.9627454596658857
vn 0.3757049371750108 -0.025273991422752197 -0.9263946381212944
vn 0.26989909220887076 0.01660300929199208 -0.9627454596658857
vn 0.27797007869504337 -0.07531902215220565 -0.9576323304130385
vn 0.38924409846383334 -0.1286299937612395 -0.9121092897871729
vn 0.3757049371750108 -0.025273991422752197 -0.9263946381212944
vn 0.27797007869504337 -0.07531902215220565 -0.9576323304130385
vn 0.37148476097538885 -0.20337988541400678 -0.9058894494208681
vn 0.27797007869504337 -0.07531902215220565 -0.9576323304130385
vn 0.2666069714621843 -0.18759699596211446 -0.9453719320319133
vn 0.37148476097538885 -0.20337988541400678 -0.9058894494208681
vn 0.38924409846383334 -0.1286299937612395 -0.9121092897871729
vn 0.27797007869504337 -0.07531902215220565 -0.9576323304130385
vn 0.30485307891375796 -0.2725070721637299 -0.9125812270135486
vn 0.2666069714621843 -0.18759699596211446 -0.9453719320319133
vn 0.1841400988825015 -0.2846381034336042 -0.9407834894688912
vn 0.30485307891375796 -0.2725070721637299 -0.9125812270135486
vn 0.37148476097538885 -0.20337988541400678 -0.9058894494208681
vn 0.2666069714621843 -0.18759699596211446 -0.9453719320319133
vn 0.04621801095346245 -0.246126057683217 -0.9681352483991187
vn 0.1841400988825015 -0.2846381034336042 -0.9407834894688912
vn -0.06726802295197803 -0.2251060854534079 -0.972009394697384
vn 0.04621801095346245 -0.246126057683217 -0.9681352483991187
vn 0.30485307891375796 -0.2725070721637299 -0.9125812270135486
vn 0.1841400988825015 -0.2846381034336042 -0.9407834894688912
vn -0.6540157999038518 0.13074490835961364 -0.7450967067529964
vn -0.06726802295197803 -0.2251060854534079 -0.972009394697384
vn -0.6950399512244724 0.12320600117387553 -0.7083359001749285
vn -0.6540157999038518 0.13074490835961364 -0.7450967067529964
vn 0.04621801095346245 -0.246126057683217 -0.9681352483991187
vn -0.06726802295197803 -0.2251060854534079 -0.972009394697384
vn -0.819455163075634 0.2769330891604063 -0.5017980667925698
vn -0.6950399512244724 0.12320600117387553 -0.7083359001749285
vn -0.8660172559289675 0.26996909759038584 -0.42086909934027444
vn -0.819455163075634 0.2769330891604063 -0.5017980667925698
vn -0.6540157999038518 0.13074490835961364 -0.7450967067529964
vn -0.6950399512244724 0.12320600117387553 -0.7083359001749285
vn -0.8547688098210965 0.26577991159016745 -0.4457929119581748
vn -0.8660172559289675 0.26996909759038584 -0.42086909934027444
vn -0.8873503108987867 0.26386511030933807 -0.3781330841241842
vn -0.8547688098210965 0.26577991159016745 -0.4457929119581748
vn -0.819455163075634 0.2769330891604063 -0.5017980667925698
vn -0.8660172559289675 0.26996909759038584 -0.42086909934027444
vn -0.9287528381702227 0.31437096915188073 -0.19644098183745531
vn -0.8873503108987867 0.26386511030933807 -0.3781330841241842
vn -0.9177957278170369 0.38735786971271946 0.08720597899467487
vn -0.9287528381702227 0.31437096915188073 -0.19644098183745531
vn -0.8547688098210965 0.26577991159016745 -0.4457929119581748
vn -0.8873503108987867 0.26386511030933807 -0.3781330841241842
vn -0.8123678096590715 0.424254900921054 0.40008289250377777
vn -0.9177957278170369 0.38735786971271946 0.08720597899467487
vn -0.5909970204244408 0.42248505634622835 0.6871891289983839
vn -0.8123678096590715 0.424254900921054 0.40008289250377777
vn -0.9287528381702227 0.31437096915188073 -0.19644098183745531
vn -0.9177957278170369 0.38735786971271946 0.08720597899467487
vn -0.47778711019569603 0.36741009582707307 0.7979531933736381
vn -0.5909970204244408 0.42248505634622835 0.6871891289983839
vn -0.3216229823298276 0.35448397511656 0.8780089798076267
vn -0.47778711019569603 0.36741009582707307 0.7979531933736381
vn -0.8123678096590715 0.424254900921054 0.40008289250377777
vn -0.5909970204244408 0.42248505634622835 0.6871891289983839
vn -0.4937338131385736 0.2749229182893027 0.8250117034096774
vn -0.3216229823298276 0.35448397511656 0.8780089798076267
vn -0.387066173917734 0.3423500852889124 0.856140289970844
vn -0.4937338131385736 0.2749229182893027 0.8250117034096774
vn -0.47778711019569603 0.36741009582707307 0.7979531933736381
vn -0.3216229823298276 0.35448397511656 0.8780089798076267
vn -0.4937338131385736 0.2749229182893027 0.8250117034096774
vn -0.387066173917734 0.3423500852889124 0.856140289970844
vn -0.6142508118229543 0.29880391160481046 0.7303507120449094
vn -0.681454974365352 0.19411398770666718 0.7056478425456519
vn -0.4937338131385736 0.2749229182893027 0.8250117034096774
vn -0.6142508118229543 0.29880391160481046 0.7303507120449094
vn -0.681454974365352 0.19411398770666718 0.7056478425456519
vn -0.6142508118229543 0.29880391160481046 0.7303507120449094
vn -0.17855107224632344 0.3013430785899804 0.9366492745876661
vn -0.3142329797385911 0.19985897719525786 0.9280700532174668
vn -0.681454974365352 0.19411398770666718 0.7056478425456519
vn -0.17855107224632344 0.3013430785899804 0.9366492745876661
vn -0.15349299231015257 0.1800549959048933 0.9716069677402299
vn -0.17855107224632344 0.3013430785899804 0.9366492745876661
vn -0.10517398763538736 0.2521980762413004 0.9619431182066114
vn -0.15349299231015257 0.1800549959048933 0.9716069677402299
vn -0.3142329797385911 0.19985897719525786 0.9280700532174668
vn -0.17855107224632344 0.3013430785899804 0.9366492745876661
vn -0.6295001501759175 0.13850398529261862 0.7645562157137691
vn -0.10517398763538736 0.2521980762413004 0.9619431182066114
vn -0.5074920923160494 0.18846398867074085 0.8407931381802501
vn -0.6295001501759175 0.13850398529261862 0.7645562157137691
vn -0.15349299231015257 0.1800549959048933 0.9716069677402299
vn -0.10517398763538736 0.2521980762413004 0.9619431182066114
vn -0.6587152577523728 0.08657904057688205 0.747394326267608
vn -0.5074920923160494 0.18846398867074085 0.8407931381802501
vn -0.6076679556040384 0.14598899431685422 0.7806579720148651
vn -0.6587152577523728 0.08657904057688205 0.747394326267608
vn -0.6295001501759175 0.13850398529261862 0.7645562157137691
vn -0.5074920923160494 0.18846398867074085 0.8407931381802501
vn 0.2719779087436731 -0.0855319820902462 0.9584948081211145
vn 0.14629690109843013 0.0005569999830041903 0.9892405705792778
vn 0.344040973985918 -0.002230999888256767 0.9389519853849394
vn 0.2719779087436731 -0.0855319820902462 0.9584948081211145
vn 0.008130001381195661 -0.05393901411258463 0.9985111345568983
vn 0.14629690109843013 0.0005569999830041903 0.9892405705792778
vn 0.008130001381195661 -0.05393901411258463 0.9985111345568983
vn 0.2706030981421174 0.049911019865978075 0.9613963040140241
vn 0.14629690109843013 0.0005569999830041903 0.9892405705792778
vn 0.008130001381195661 -0.05393901411258463 0.9985111345568983
vn 0.09875897317002282 0.012032999655726814 0.9950386284650904
vn 0.2706030981421174 0.049911019865978075 0.9613963040140241
vn 0.09875897317002282 0.012032999655726814 0.9950386284650904
vn -0.08545300381319705 0.14166799470478073 0.986219024058869
vn 0.2706030981421174 0.049911019865978075 0.9613963040140241
vn 0.09875897317002282 0.012032999655726814 0.9950386284650904
vn -0.2138169939920727 0.06403099553942591 0.9747729605864249
vn -0.08545300381319705 0.14166799470478073 0.986219024058869
vn -0.2138169939920727 0.06403099553942591 0.9747729605864249
vn -0.6076679556040384 0.14598899431685422 0.7806579720148651
vn -0.08545300381319705 0.14166799470478073 0.986219024058869
vn -0.2138169939920727 0.06403099553942591 0.9747729605864249
vn -0.6587152577523728 0.08657904057688205 0.747394326267608
vn -0.6076679556040384 0.14598899431685422 0.7806579720148651
vn 0.27797007869504337 -0.07531902215220565 -0.9576323304130385
vn 0.18040989743611405 0.009804996881550747 -0.9835426431747855
vn 0.14899200961702447 -0.06671701712288662 -0.9865851309930151
vn 0.27797007869504337 -0.07531902215220565 -0.9576323304130385
vn 0.26989909220887076 0.01660300929199208 -0.9627454596658857
vn 0.18040989743611405 0.009804996881550747 -0.9835426431747855
vn 0.18040989743611405 0.009804996881550747 -0.9835426431747855
vn 0.5438827996280277 0.007384997029595563 -0.839128692208562
vn 0.5479410273194876 -0.009324000187202275 -0.8364649984312397
vn 0.18040989743611405 0.009804996881550747 -0.9835426431747855
vn 0.26989909220887076 0.01660300929199208 -0.9627454596658857
vn 0.5438827996280277 0.007384997029595563 -0.839128692208562
vn 0.5438827996280277 0.007384997029595563 -0.839128692208562
vn 0.999650369675227 -0.021928008124277334 0.014775008219400749
vn 0.9802227282548792 -0.016228998403110494 -0.19723088658573035
vn 0.5479410273194876 -0.009324000187202275 -0.8364649984312397
vn 0.5438827996280277 0.007384997029595563 -0.839128692208562
vn 0.9802227282548792 -0.016228998403110494 -0.19723088658573035
vn 0.999650369675227 -0.021928008124277334 0.014775008219400749
vn 0.9210696755126119 0.015806000574506242 0.38907688597105117
vn 0.9629686794764291 0.03593399344965218 0.2672079161667609
vn 0.9802227282548792 -0.016228998403110494 -0.19723088658573035
vn 0.999650369675227 -0.021928008124277334 0.014775008219400749
vn 0.9629686794764291 0.03593399344965218 0.2672079161667609
vn 0.9210696755126119 0.015806000574506242 0.38907688597105117
vn 0.8678262840602651 0.03338000927557751 0.49574521245788605
vn 0.8822559796779829 0.05951400156811261 0.4669930084485134
vn 0.9629686794764291 0.03593399344965218 0.2672079161667609
vn 0.9210696755126119 0.015806000574506242 0.38907688597105117
vn 0.8822559796779829 0.05951400156811261 0.4669930084485134
vn 0.8678262840602651 0.03338000927557751 0.49574521245788605
vn 0.344040973985918 -0.002230999888256767 0.9389519853849394
vn 0.4878059069893097 0.024404000692586792 0.8726109338396655
vn 0.8822559796779829 0.05951400156811261 0.4669930084485134
vn 0.8678262840602651 0.03338000927557751 0.49574521245788605
vn 0.4878059069893097 0.024404000692586792 0.8726109338396655
vn 0.344040973985918 -0.002230999888256767 0.9389519853849394
vn 0.14629690109843013 0.0005569999830041903 0.9892405705792778
vn 0.18520607775451095 0.019130007824478497 0.9825134867081599
vn 0.4878059069893097 0.024404000692586792 0.8726109338396655
vn 0.344040973985918 -0.002230999888256767 0.9389519853849394
vn 0.18520607775451095 0.019130007824478497 0.9825134867081599
vn 0.14629690109843013 0.0005569999830041903 0.9892405705792778
vn 0.2706030981421174 0.049911019865978075 0.9613963040140241
vn 0.4253300845380015 0.04651500833909346 0.9038421727193917
vn 0.18520607775451095 0.019130007824478497 0.9825134867081599
vn 0.14629690109843013 0.0005569999830041903 0.9892405705792778
vn 0.4253300845380015 0.04651500833909346 0.9038421727193917
vn 0.2706030981421174 0.049911019865978075 0.9613963040140241
vn -0.08545300381319705 0.14166799470478073 0.986219024058869
vn 0.1251569838606896 0.14222907831250153 0.9818893108050782
vn 0.4253300845380015 0.04651500833909346 0.9038421727193917
vn 0.2706030981421174 0.049911019865978075 0.9613963040140241
vn 0.1251569838606896 0.14222907831250153 0.9818893108050782
vn -0.08545300381319705 0.14166799470478073 0.986219024058869
vn -0.6076679556040384 0.14598899431685422 0.7806579720148651
vn -0.5547010934470537 0.18029810604848584 0.8122803025335357
vn 0.1251569838606896 0.14222907831250153 0.9818893108050782
vn -0.08545300381319705 0.14166799470478073 0.986219024058869
vn -0.5547010934470537 0.18029810604848584 0.8122803025335357
vn -0.6076679556040384 0.14598899431685422 0.7806579720148651
vn -0.5074920923160494 0.18846398867074085 0.8407931381802501
vn -0.5454620654296157 0.192612094384039 0.8157032035454144
vn -0.5547010934470537 0.18029810604848584 0.8122803025335357
vn -0.6076679556040384 0.14598899431685422 0.7806579720148651
vn -0.5454620654296157 0.192612094384039 0.8157032035454144
vn -0.5074920923160494 0.18846398867074085 0.8407931381802501
vn -0.10517398763538736 0.2521980762413004 0.9619431182066114
vn 0.17301799507544 0.2892850066570793 0.9414770089086024
vn -0.5454620654296157 0.192612094384039 0.8157032035454144
vn -0.5074920923160494 0.18846398867074085 0.8407931381802501
vn 0.17301799507544 0.2892850066570793 0.9414770089086024
vn 0.17301799507544 0.2892850066570793 0.9414770089086024
vn -0.17855107224632344 0.3013430785899804 0.9366492745876661
vn -0.17890100354487837 0.3656750952874744 0.913387188226949
vn 0.17301799507544 0.2892850066570793 0.9414770089086024
vn -0.10517398763538736 0.2521980762413004 0.9619431182066114
vn -0.17855107224632344 0.3013430785899804 0.9366492745876661
vn -0.17890100354487837 0.3656750952874744 0.913387188226949
vn -0.6142508118229543 0.29880391160481046 0.7303507120449094
vn -0.5453841827501262 0.3536820712794333 0.7599112353830986
vn -0.17890100354487837 0.3656750952874744 0.913387188226949
vn -0.17855107224632344 0.3013430785899804 0.9366492745876661
vn -0.6142508118229543 0.29880391160481046 0.7303507120449094
vn -0.5453841827501262 0.3536820712794333 0.7599112353830986
vn -0.387066173917734 0.3423500852889124 0.856140289970844
vn -0.3510200798877363 0.36809809124755355 0.860981241802349
vn -0.5453841827501262 0.3536820712794333 0.7599112353830986
vn -0.6142508118229543 0.29880391160481046 0.7303507120449094
vn -0.387066173917734 0.3423500852889124 0.856140289970844
vn -0.387066173917734 0.3423500852889124 0.856140289970844
vn -0.3216229823298276 0.35448397511656 0.8780089798076267
vn -0.19348998856766106 0.3955810759429936 0.8978180420774968
vn -0.3510200798877363 0.36809809124755355 0.860981241802349
vn -0.387066173917734 0.3423500852889124 0.856140289970844
vn -0.19348998856766106 0.3955810759429936 0.8978180420774968
vn -0.19348998856766106 0.3955810759429936 0.8978180420774968
vn -0.5909970204244408 0.42248505634622835 0.6871891289983839
vn -0.5739750633173779 0.4611220771915814 0.6766971675840926
vn -0.19348998856766106 0.3955810759429936 0.8978180420774968
vn -0.3216229823298276 0.35448397511656 0.8780089798076267
vn -0.5909970204244408 0.42248505634622835 0.6871891289983839
vn -0.9177957278170369 0.38735786971271946 0.08720597899467487
vn -0.855464889515411 0.44683090574046647 0.2617670041879612
vn -0.5739750633173779 0.4611220771915814 0.6766971675840926
vn -0.5909970204244408 0.42248505634622835 0.6871891289983839
vn -0.9177957278170369 0.38735786971271946 0.08720597899467487
vn -0.5739750633173779 0.4611220771915814 0.6766971675840926
vn -0.9177957278170369 0.38735786971271946 0.08720597899467487
vn -0.8905201734718116 0.33593608361191973 -0.3067910826070733
vn -0.855464889515411 0.44683090574046647 0.2617670041879612
vn -0.9177957278170369 0.38735786971271946 0.08720597899467487
vn -0.8873503108987867 0.26386511030933807 -0.3781330841241842
vn -0.8905201734718116 0.33593608361191973 -0.3067910826070733
vn -0.8873503108987867 0.26386511030933807 -0.3781330841241842
vn -0.869688884424376 0.29274199922063676 -0.39742089301015526
vn -0.8905201734718116 0.33593608361191973 -0.3067910826070733
vn -0.8873503108987867 0.26386511030933807 -0.3781330841241842
vn -0.8660172559289675 0.26996909759038584 -0.42086909934027444
vn -0.869688884424376 0.29274199922063676 -0.39742089301015526
vn -0.8660172559289675 0.26996909759038584 -0.42086909934027444
vn -0.5979779697100552 0.03665399763553837 -0.8006739862133488
vn -0.8838495701062684 0.25081689706779503 -0.39484278082326335
vn -0.8660172559289675 0.26996909759038584 -0.42086909934027444
vn -0.6950399512244724 0.12320600117387553 -0.7083359001749285
vn -0.5979779697100552 0.03665399763553837 -0.8006739862133488
vn -0.6950399512244724 0.12320600117387553 -0.7083359001749285
vn -0.06937601440782244 -0.20392007494928444 -0.9765262780169122
vn -0.5979779697100552 0.03665399763553837 -0.8006739862133488
vn -0.6950399512244724 0.12320600117387553 -0.7083359001749285
vn -0.06726802295197803 -0.2251060854534079 -0.972009394697384
vn -0.06937601440782244 -0.20392007494928444 -0.9765262780169122
vn -0.06726802295197803 -0.2251060854534079 -0.972009394697384
vn 0.10971908956379364 -0.18937508862483957 -0.9757555007242471
vn -0.06937601440782244 -0.20392007494928444 -0.9765262780169122
vn -0.06726802295197803 -0.2251060854534079 -0.972009394697384
vn 0.1841400988825015 -0.2846381034336042 -0.9407834894688912
vn 0.10971908956379364 -0.18937508862483957 -0.9757555007242471
vn 0.1841400988825015 -0.2846381034336042 -0.9407834894688912
vn 0.18023106424593788 -0.1690340653748613 -0.968991356113987
vn 0.10971908956379364 -0.18937508862483957 -0.9757555007242471
vn 0.1841400988825015 -0.2846381034336042 -0.9407834894688912
vn 0.2666069714621843 -0.18759699596211446 -0.9453719320319133
vn 0.18023106424593788 -0.1690340653748613 -0.968991356113987
vn 0.2666069714621843 -0.18759699596211446 -0.9453719320319133
vn 0.14899200961702447 -0.06671701712288662 -0.9865851309930151
vn 0.18023106424593788 -0.1690340653748613 -0.968991356113987
vn 0.2666069714621843 -0.18759699596211446 -0.9453719320319133
vn 0.27797007869504337 -0.07531902215220565 -0.9576323304130385
vn 0.14899200961702447 -0.06671701712288662 -0.9865851309930151
vn 0.18040989743611405 0.009804996881550747 -0.9835426431747855
vn 0.4183512000749281 0.02667801993508 -0.9078934720815054
vn 0.13405799906946125 0.06309399028152617 -0.9889628917587591
vn 0.18040989743611405 0.009804996881550747 -0.9835426431747855
vn 0.5479410273194876 -0.009324000187202275 -0.8364649984312397
vn 0.4183512000749281 0.02667801993508 -0.9078934720815054
vn 0.5479410273194876 -0.009324000187202275 -0.8364649984312397
vn 0.8994951918158692 -0.010220999913493178 -0.43681109310650607
vn 0.4183512000749281 0.02667801993508 -0.9078934720815054
vn 0.5479410273194876 -0.009324000187202275 -0.8364649984312397
vn 0.9802227282548792 -0.016228998403110494 -0.19723088658573035
vn 0.8994951918158692 -0.010220999913493178 -0.43681109310650607
vn 0.9802227282548792 -0.016228998403110494 -0.19723088658573035
vn 0.9929170733530278 0.048550007424281234 0.1084369965609533
vn 0.8994951918158692 -0.010220999913493178 -0.43681109310650607
vn 0.9802227282548792 -0.016228998403110494 -0.19723088658573035
vn 0.9629686794764291 0.03593399344965218 0.2672079161667609
vn 0.9929170733530278 0.048550007424281234 0.1084369965609533
vn 0.9629686794764291 0.03593399344965218 0.2672079161667609
vn 0.9114701114487386 0.09506901437993666 0.40023008187847575
vn 0.9929170733530278 0.048550007424281234 0.1084369965609533
vn 0.9629686794764291 0.03593399344965218 0.2672079161667609
vn 0.8822559796779829 0.05951400156811261 0.4669930084485134
vn 0.9114701114487386 0.09506901437993666 0.40023008187847575
vn 0.8822559796779829 0.05951400156811261 0.4669930084485134
vn 0.5623911249585717 0.05786401266389884 0.8248442147498304
vn 0.9114701114487386 0.09506901437993666 0.40023008187847575
vn 0.8822559796779829 0.05951400156811261 0.4669930084485134
vn 0.4878059069893097 0.024404000692586792 0.8726109338396655
vn 0.5623911249585717 0.05786401266389884 0.8248442147498304
vn 0.4878059069893097 0.024404000692586792 0.8726109338396655
vn 0.21093900261255832 0.03219199888961939 0.97696899253984
vn 0.5623911249585717 0.05786401266389884 0.8248442147498304
vn 0.4878059069893097 0.024404000692586792 0.8726109338396655
vn 0.18520607775451095 0.019130007824478497 0.9825134867081599
vn 0.21093900261255832 0.03219199888961939 0.97696899253984
vn 0.18520607775451095 0.019130007824478497 0.9825134867081599
vn 0.4697081067831605 0.04293300882640119 0.8817772117577611
vn 0.21093900261255832 0.03219199888961939 0.97696899253984
vn 0.18520607775451095 0.019130007824478497 0.9825134867081599
vn 0.4253300845380015 0.04651500833909346 0.9038421727193917
vn 0.4697081067831605 0.04293300882640119 0.8817772117577611
vn 0.4253300845380015 0.04651500833909346 0.9038421727193917
vn 0.3202910933995989 0.09503403797883729 0.9425402628611291
vn 0.4697081067831605 0.04293300882640119 0.8817772117577611
vn 0.4253300845380015 0.04651500833909346 0.9038421727193917
vn 0.1251569838606896 0.14222907831250153 0.9818893108050782
vn 0.3202910933995989 0.09503403797883729 0.9425402628611291
vn 0.1251569838606896 0.14222907831250153 0.9818893108050782
vn -0.4527979950732784 0.17669300194711696 0.8739299506942966
vn 0.3202910933995989 0.09503403797883729 0.9425402628611291
vn 0.1251569838606896 0.14222907831250153 0.9818893108050782
vn -0.5547010934470537 0.18029810604848584 0.8122803025335357
vn -0.4527979950732784 0.17669300194711696 0.8739299506942966
vn -0.5547010934470537 0.18029810604848584 0.8122803025335357
vn -0.16124709264902673 0.30194307152210836 0.939590206777418
vn -0.4527979950732784 0.17669300194711696 0.8739299506942966
vn -0.5547010934470537 0.18029810604848584 0.8122803025335357
vn -0.5454620654296157 0.192612094384039 0.8157032035454144
vn -0.16124709264902673 0.30194307152210836 0.939590206777418
vn 0.17301799507544 0.2892850066570793 0.9414770089086024
vn 0.2846109854218975 0.3012399957855801 0.9100829917739811
vn -0.16124709264902673 0.30194307152210836 0.939590206777418
vn -0.5454620654296157 0.192612094384039 0.8157032035454144
vn 0.17301799507544 0.2892850066570793 0.9414770089086024
vn -0.16124709264902673 0.30194307152210836 0.939590206777418
vn -0.17890100354487837 0.3656750952874744 0.913387188226949
vn -0.20096090202730021 0.35714688482598866 0.9121736778242757
vn 0.2846109854218975 0.3012399957855801 0.9100829917739811
vn 0.17301799507544 0.2892850066570793 0.9414770089086024
vn -0.17890100354487837 0.3656750952874744 0.913387188226949
vn 0.2846109854218975 0.3012399957855801 0.9100829917739811
vn -0.17890100354487837 0.3656750952874744 0.913387188226949
vn -0.5261508767098688 0.345943983730776 0.7768449105567449
vn -0.20096090202730021 0.35714688482598866 0.9121736778242757
vn -0.17890100354487837 0.3656750952874744 0.913387188226949
vn -0.5453841827501262 0.3536820712794333 0.7599112353830986
vn -0.5261508767098688 0.345943983730776 0.7768449105567449
vn -0.5453841827501262 0.3536820712794333 0.7599112353830986
vn -0.27351709688531645 0.39220910530556713 0.8782712652858654
vn -0.5261508767098688 0.345943983730776 0.7768449105567449
vn -0.5453841827501262 0.3536820712794333 0.7599112353830986
vn -0.3510200798877363 0.36809809124755355 0.860981241802349
vn -0.27351709688531645 0.39220910530556713 0.8782712652858654
vn -0.19348998856766106 0.3955810759429936 0.8978180420774968
vn -0.136834986320067 0.43197689029199743 0.8914438584523665
vn -0.27351709688531645 0.39220910530556713 0.8782712652858654
vn -0.3510200798877363 0.36809809124755355 0.860981241802349
vn -0.19348998856766106 0.3955810759429936 0.8978180420774968
vn -0.27351709688531645 0.39220910530556713 0.8782712652858654
vn -0.5739750633173779 0.4611220771915814 0.6766971675840926
vn -0.5536778989333655 0.5103888945525199 0.6579847722783487
vn -0.136834986320067 0.43197689029199743 0.8914438584523665
vn -0.19348998856766106 0.3955810759429936 0.8978180420774968
vn -0.5739750633173779 0.4611220771915814 0.6766971675840926
vn -0.136834986320067 0.43197689029199743 0.8914438584523665
vn -0.855464889515411 0.44683090574046647 0.2617670041879612
vn -0.7692902863331819 0.5079221450189195 0.38756618783478886
vn -0.5536778989333655 0.5103888945525199 0.6579847722783487
vn -0.5739750633173779 0.4611220771915814 0.6766971675840926
vn -0.855464889515411 0.44683090574046647 0.2617670041879612
vn -0.5536778989333655 0.5103888945525199 0.6579847722783487
vn -0.9017019712045321 0.4245839939641367 -0.08162099726984029
vn -0.8905201734718116 0.33593608361191973 -0.3067910826070733
vn -0.8838123846989957 0.3964881704869444 -0.2483400880176013
vn -0.9017019712045321 0.4245839939641367 -0.08162099726984029
vn -0.855464889515411 0.44683090574046647 0.2617670041879612
vn -0.8905201734718116 0.33593608361191973 -0.3067910826070733
vn -0.8905201734718116 0.33593608361191973 -0.3067910826070733
vn -0.869688884424376 0.29274199922063676 -0.39742089301015526
vn -0.7986361248737754 0.33578705691451705 -0.4994270641998553
vn -0.8838123846989957 0.3964881704869444 -0.2483400880176013
vn -0.8905201734718116 0.33593608361191973 -0.3067910826070733
vn -0.7986361248737754 0.33578705691451705 -0.4994270641998553
vn -0.869688884424376 0.29274199922063676 -0.39742089301015526
vn -0.8838495701062684 0.25081689706779503 -0.39484278082326335
vn -0.6892290138899071 0.10502699798457811 -0.7168909931828504
vn -0.7986361248737754 0.33578705691451705 -0.4994270641998553
vn -0.869688884424376 0.29274199922063676 -0.39742089301015526
vn -0.6892290138899071 0.10502699798457811 -0.7168909931828504
vn -0.6892290138899071 0.10502699798457811 -0.7168909931828504
vn -0.5979779697100552 0.03665399763553837 -0.8006739862133488
vn -0.22414208588579657 -0.22023108273820385 -0.9493464043913173
vn -0.6892290138899071 0.10502699798457811 -0.7168909931828504
vn -0.8838495701062684 0.25081689706779503 -0.39484278082326335
vn -0.5979779697100552 0.03665399763553837 -0.8006739862133488
vn -0.06937601440782244 -0.20392007494928444 -0.9765262780169122
vn -0.0412599973752735 -0.28886998619502396 -0.9564788255326299
vn -0.22414208588579657 -0.22023108273820385 -0.9493464043913173
vn -0.5979779697100552 0.03665399763553837 -0.8006739862133488
vn -0.06937601440782244 -0.20392007494928444 -0.9765262780169122
vn -0.22414208588579657 -0.22023108273820385 -0.9493464043913173
vn -0.06937601440782244 -0.20392007494928444 -0.9765262780169122
vn -0.019540000709702195 -0.19796699288334976 -0.9800139070957048
vn -0.07480700388592866 -0.2584939665367079 -0.9631120295343267
vn -0.06937601440782244 -0.20392007494928444 -0.9765262780169122
vn 0.10971908956379364 -0.18937508862483957 -0.9757555007242471
vn -0.019540000709702195 -0.19796699288334976 -0.9800139070957048
vn 0.14899200961702447 -0.06671701712288662 -0.9865851309930151
vn 0.039337998951533164 0.0450469987139535 -0.9982100428994661
vn 0.10222609080575279 -0.032274015798224705 -0.9942375039510578
vn 0.18023106424593788 -0.1690340653748613 -0.968991356113987
vn 0.14899200961702447 -0.06671701712288662 -0.9865851309930151
vn 0.10222609080575279 -0.032274015798224705 -0.9942375039510578
vn 0.14899200961702447 -0.06671701712288662 -0.9865851309930151
vn 0.18040989743611405 0.009804996881550747 -0.9835426431747855
vn 0.13405799906946125 0.06309399028152617 -0.9889628917587591
vn 0.039337998951533164 0.0450469987139535 -0.9982100428994661
vn 0.14899200961702447 -0.06671701712288662 -0.9865851309930151
vn 0.13405799906946125 0.06309399028152617 -0.9889628917587591
vn 0.10971908956379364 -0.18937508862483957 -0.9757555007242471
vn 0.18023106424593788 -0.1690340653748613 -0.968991356113987
vn 0.23595190284614584 0.00028300000405350617 -0.9717646934594201
vn -0.2626199894276349 -0.04040799841073276 -0.9640528693061742
vn 0.10971908956379364 -0.18937508862483957 -0.9757555007242471
vn 0.23595190284614584 0.00028300000405350617 -0.9717646934594201
vn -0.31497998695832885 -0.18329399050234016 -0.9312308633531532
vn -0.22414208588579657 -0.22023108273820385 -0.9493464043913173
vn -0.02409500150469779 -0.29369089989234337 -0.955596717356707
vn -0.6883843340264447 -0.12008208881433112 -0.7153371936457347
vn -0.31497998695832885 -0.18329399050234016 -0.9312308633531532
vn -0.02409500150469779 -0.29369089989234337 -0.955596717356707
vn -0.707245792103052 -0.002054998783389823 -0.7069647562166922
vn -0.31497998695832885 -0.18329399050234016 -0.9312308633531532
vn -0.6883843340264447 -0.12008208881433112 -0.7153371936457347
vn -0.707245792103052 -0.002054998783389823 -0.7069647562166922
vn -0.6892290138899071 0.10502699798457811 -0.7168909931828504
vn -0.31497998695832885 -0.18329399050234016 -0.9312308633531532
vn -0.9028407096656791 0.03883399223047517 -0.4282179048309591
vn -0.6892290138899071 0.10502699798457811 -0.7168909931828504
vn -0.707245792103052 -0.002054998783389823 -0.7069647562166922
vn -0.9028407096656791 0.03883399223047517 -0.4282179048309591
vn -0.7986361248737754 0.33578705691451705 -0.4994270641998553
vn -0.6892290138899071 0.10502699798457811 -0.7168909931828504
vn -0.8838123846989957 0.3964881704869444 -0.2483400880176013
vn -0.8504025465018256 0.1618850886547146 -0.5006083568763764
vn -0.9756556202771466 -0.1449320025640759 0.1645929076673211
vn -0.8838123846989957 0.3964881704869444 -0.2483400880176013
vn -0.7986361248737754 0.33578705691451705 -0.4994270641998553
vn -0.8504025465018256 0.1618850886547146 -0.5006083568763764
vn -0.9017019712045321 0.4245839939641367 -0.08162099726984029
vn -0.9756556202771466 -0.1449320025640759 0.1645929076673211
vn -0.7598792027252061 -0.5898851066567519 0.2731650750192223
vn -0.9017019712045321 0.4245839939641367 -0.08162099726984029
vn -0.8838123846989957 0.3964881704869444 -0.2483400880176013
vn -0.9756556202771466 -0.1449320025640759 0.1645929076673211
vn -0.9017019712045321 0.4245839939641367 -0.08162099726984029
vn -0.7598792027252061 -0.5898851066567519 0.2731650750192223
vn -0.6969978614458215 0.3312629055896023 0.635970807915179
vn -0.7692902863331819 0.5079221450189195 0.38756618783478886
vn -0.9017019712045321 0.4245839939641367 -0.08162099726984029
vn -0.6969978614458215 0.3312629055896023 0.635970807915179
vn -0.9010241586432157 -0.056716005962874246 0.43004506764861805
vn -0.783917970642561 -0.0047899998312527555 0.6208459319390482
vn -0.5536778989333655 0.5103888945525199 0.6579847722783487
vn -0.7692902863331819 0.5079221450189195 0.38756618783478886
vn -0.9010241586432157 -0.056716005962874246 0.43004506764861805
vn -0.5536778989333655 0.5103888945525199 0.6579847722783487
vn -0.6969978614458215 0.3312629055896023 0.635970807915179
vn -0.1672720950195443 -0.7884842244629099 0.5918721770795585
vn -0.9763867154182797 0.07457497180621199 0.20274998282319534
vn -0.3852881661213133 -0.8776043279157425 0.2852431816370612
vn -0.6969978614458215 0.3312629055896023 0.635970807915179
vn -0.9763867154182797 0.07457497180621199 0.20274998282319534
vn -0.9128956467027545 -0.40799577559691885 0.012687999299670395
vn -0.9010241586432157 -0.056716005962874246 0.43004506764861805
vn -0.3852881661213133 -0.8776043279157425 0.2852431816370612
vn -0.9128956467027545 -0.40799577559691885 0.012687999299670395
vn -0.783917970642561 -0.0047899998312527555 0.6208459319390482
vn -0.9010241586432157 -0.056716005962874246 0.43004506764861805
vn -0.9756556202771466 -0.1449320025640759 0.1645929076673211
vn -0.41991297315825277 -0.9075609593154099 0.0024899999777649273
vn -0.9554335600119361 -0.2289819145193488 0.18631692146976825
vn -0.8034346195357552 -0.49021672448851883 0.33790586731097716
vn -0.9756556202771466 -0.1449320025640759 0.1645929076673211
vn -0.9554335600119361 -0.2289819145193488 0.18631692146976825
vn -0.9028407096656791 0.03883399223047517 -0.4282179048309591
vn -0.707245792103052 -0.002054998783389823 -0.7069647562166922
vn -0.9155808854386756 -0.027170999565555416 0.4012148788391818
vn -0.4425899093399556 -0.6746147878664335 0.5907698876401681
vn -0.9028407096656791 0.03883399223047517 -0.4282179048309591
vn -0.9155808854386756 -0.027170999565555416 0.4012148788391818
vn -0.9554335600119361 -0.2289819145193488 0.18631692146976825
vn -0.8504025465018256 0.1618850886547146 -0.5006083568763764
vn -0.4425899093399556 -0.6746147878664335 0.5907698876401681
vn -0.9554335600119361 -0.2289819145193488 0.18631692146976825
vn -0.41991297315825277 -0.9075609593154099 0.0024899999777649273
vn -0.8504025465018256 0.1618850886547146 -0.5006083568763764
vn -0.21295598736517035 0.3902608884809634 0.8957377888463647
vn 0.7561109210595585 0.17957599804469881 0.6293240309893756
vn 0.8471009992811837 -0.32211900751839007 0.42268101685808795
vn -0.21295598736517035 0.3902608884809634 0.8957377888463647
vn -0.8497871710863588 0.24068209399516755 0.46897110090830196
vn 0.7561109210595585 0.17957599804469881 0.6293240309893756
vn -0.5261508767098688 0.345943983730776 0.7768449105567449
vn -0.4511320627211956 -0.313902091646176 0.8354312292732868
vn -0.39847309348917737 -0.8816342501031439 0.2528640797152345
vn -0.5261508767098688 0.345943983730776 0.7768449105567449
vn -0.27351709688531645 0.39220910530556713 0.8782712652858654
vn -0.4511320627211956 -0.313902091646176 0.8354312292732868
vn -0.20096090202730021 0.35714688482598866 0.9121736778242757
vn -0.39847309348917737 -0.8816342501031439 0.2528640797152345
vn -0.44763624381267075 0.19674007829065956 0.8723044966177051
vn -0.20096090202730021 0.35714688482598866 0.9121736778242757
vn -0.5261508767098688 0.345943983730776 0.7768449105567449
vn -0.39847309348917737 -0.8816342501031439 0.2528640797152345
vn 0.2846109854218975 0.3012399957855801 0.9100829917739811
vn 0.031306006876437614 0.11032508794755504 0.9934023902240303
vn -0.856202601567948 0.0011999990081118504 0.5166388149090798
vn -0.16124709264902673 0.30194307152210836 0.939590206777418
vn 0.2846109854218975 0.3012399957855801 0.9100829917739811
vn -0.856202601567948 0.0011999990081118504 0.5166388149090798
vn -0.20096090202730021 0.35714688482598866 0.9121736778242757
vn -0.44763624381267075 0.19674007829065956 0.8723044966177051
vn 0.031306006876437614 0.11032508794755504 0.9934023902240303
vn 0.2846109854218975 0.3012399957855801 0.9100829917739811
vn -0.20096090202730021 0.35714688482598866 0.9121736778242757
vn 0.031306006876437614 0.11032508794755504 0.9934023902240303
vn 0.3202910933995989 0.09503403797883729 0.9425402628611291
vn 0.8231750460233127 -0.09927200949707678 0.5590419588321873
vn 0.27534505562739114 -0.7073571470745103 0.6510230155871284
vn 0.3202910933995989 0.09503403797883729 0.9425402628611291
vn -0.4527979950732784 0.17669300194711696 0.8739299506942966
vn 0.8231750460233127 -0.09927200949707678 0.5590419588321873
vn 0.4697081067831605 0.04293300882640119 0.8817772117577611
vn 0.27534505562739114 -0.7073571470745103 0.6510230155871284
vn 0.010644998694263 -0.9801391705901845 0.19802497387345916
vn 0.4697081067831605 0.04293300882640119 0.8817772117577611
vn 0.3202910933995989 0.09503403797883729 0.9425402628611291
vn 0.27534505562739114 -0.7073571470745103 0.6510230155871284
vn 0.21093900261255832 0.03219199888961939 0.97696899253984
vn 0.010644998694263 -0.9801391705901845 0.19802497387345916
vn -0.6182322401951234 0.08387701758882427 0.7815072252408953
vn 0.21093900261255832 0.03219199888961939 0.97696899253984
vn 0.4697081067831605 0.04293300882640119 0.8817772117577611
vn 0.010644998694263 -0.9801391705901845 0.19802497387345916
vn 0.5623911249585717 0.05786401266389884 0.8248442147498304
vn -0.6182322401951234 0.08387701758882427 0.7815072252408953
vn 0.4960721090248713 -0.03251801029223691 0.8676721971195401
vn 0.5623911249585717 0.05786401266389884 0.8248442147498304
vn 0.21093900261255832 0.03219199888961939 0.97696899253984
vn -0.6182322401951234 0.08387701758882427 0.7815072252408953
vn -0.07480700388592866 -0.2584939665367079 -0.9631120295343267
vn -0.019540000709702195 -0.19796699288334976 -0.9800139070957048
vn -0.22218488429176847 -0.49461886556096624 -0.8402297632335076
vn -0.02409500150469779 -0.29369089989234337 -0.955596717356707
vn -0.07480700388592866 -0.2584939665367079 -0.9631120295343267
vn -0.22218488429176847 -0.49461886556096624 -0.8402297632335076
vn -0.22414208588579657 -0.22023108273820385 -0.9493464043913173
vn -0.07480700388592866 -0.2584939665367079 -0.9631120295343267
vn -0.02409500150469779 -0.29369089989234337 -0.955596717356707
vn -0.22414208588579657 -0.22023108273820385 -0.9493464043913173
vn -0.0412599973752735 -0.28886998619502396 -0.9564788255326299
vn -0.07480700388592866 -0.2584939665367079 -0.9631120295343267
vn -0.22218488429176847 -0.49461886556096624 -0.8402297632335076
vn -0.2626199894276349 -0.04040799841073276 -0.9640528693061742
vn -0.9294229769948915 -0.05385600044377864 -0.3650650093478601
vn -0.22218488429176847 -0.49461886556096624 -0.8402297632335076
vn -0.019540000709702195 -0.19796699288334976 -0.9800139070957048
vn -0.2626199894276349 -0.04040799841073276 -0.9640528693061742
vn -0.9294229769948915 -0.05385600044377864 -0.3650650093478601
vn -0.2626199894276349 -0.04040799841073276 -0.9640528693061742
vn -0.42673689982981916 0.17065990313496382 -0.8881277024086118
vn -0.9950157871986367 0.08912998000441824 -0.04471498507088638
vn -0.9294229769948915 -0.05385600044377864 -0.3650650093478601
vn -0.42673689982981916 0.17065990313496382 -0.8881277024086118
vn 0.5235277734972151 -0.31206689623511613 -0.7928006828019447
vn -0.6883843340264447 -0.12008208881433112 -0.7153371936457347
vn -0.02409500150469779 -0.29369089989234337 -0.955596717356707
vn 0.5235277734972151 -0.31206689623511613 -0.7928006828019447
vn -0.8938880342006582 -0.050858004959267754 -0.4453960548146404
vn -0.6883843340264447 -0.12008208881433112 -0.7153371936457347
vn -0.7709302857456584 -0.24594010269884622 -0.5875201787212067
vn 0.5235277734972151 -0.31206689623511613 -0.7928006828019447
vn 0.620193982635054 -0.498052985968891 -0.6060549868376152
vn -0.7837886399292299 -0.49432978422038837 -0.3759167891309356
vn -0.7709302857456584 -0.24594010269884622 -0.5875201787212067
vn 0.620193982635054 -0.498052985968891 -0.6060549868376152
vn -0.7837886399292299 -0.49432978422038837 -0.3759167891309356
vn 0.620193982635054 -0.498052985968891 -0.6060549868376152
vn 0.6411239108016168 -0.6873489149919374 -0.341337955782604
vn -0.7651271363975325 -0.6389601445783019 -0.07943801853386843
vn -0.7837886399292299 -0.49432978422038837 -0.3759167891309356
vn 0.6411239108016168 -0.6873489149919374 -0.341337955782604
vn -0.7651271363975325 -0.6389601445783019 -0.07943801853386843
vn 0.6411239108016168 -0.6873489149919374 -0.341337955782604
vn 0.5953737242020395 -0.8032756311466656 0.016684991331129415
vn -0.8882905642282684 -0.43063779702640537 0.1596588903734126
vn -0.7651271363975325 -0.6389601445783019 -0.07943801853386843
vn 0.5953737242020395 -0.8032756311466656 0.016684991331129415
vn -0.7308263244253584 -0.5528861926914405 0.40026209095801696
vn 0.5953737242020395 -0.8032756311466656 0.016684991331129415
vn 0.7455045513275876 -0.5915746758280259 0.30702176937282194
vn -0.6957758783540542 -0.3430369856926361 0.6310479803846573
vn -0.7308263244253584 -0.5528861926914405 0.40026209095801696
vn 0.7455045513275876 -0.5915746758280259 0.30702176937282194
vn -0.6957758783540542 -0.3430369856926361 0.6310479803846573
vn 0.7455045513275876 -0.5915746758280259 0.30702176937282194
vn 0.7976767818735072 -0.35442989184496154 0.4879459021517589
vn -0.660197428575081 -0.062256042967636795 0.7485075419906354
vn -0.6957758783540542 -0.3430369856926361 0.6310479803846573
vn 0.7976767818735072 -0.35442989184496154 0.4879459021517589
vn -0.8497871710863588 0.24068209399516755 0.46897110090830196
vn 0.7600930967868202 -0.09879500409845776 0.6422600963645548
vn 0.7561109210595585 0.17957599804469881 0.6293240309893756
vn -0.8497871710863588 0.24068209399516755 0.46897110090830196
vn -0.8064758840560596 0.1189230019194905 0.5791838810347313
vn 0.7600930967868202 -0.09879500409845776 0.6422600963645548
vn -0.660197428575081 -0.062256042967636795 0.7485075419906354
vn 0.7976767818735072 -0.35442989184496154 0.4879459021517589
vn 0.7600930967868202 -0.09879500409845776 0.6422600963645548
vn -0.8064758840560596 0.1189230019194905 0.5791838810347313
vn -0.660197428575081 -0.062256042967636795 0.7485075419906354
vn 0.7600930967868202 -0.09879500409845776 0.6422600963645548
vn 0.031306006876437614 0.11032508794755504 0.9934023902240303
vn -0.39847309348917737 -0.8816342501031439 0.2528640797152345
vn -0.856202601567948 0.0011999990081118504 0.5166388149090798
vn 0.031306006876437614 0.11032508794755504 0.9934023902240303
vn -0.44763624381267075 0.19674007829065956 0.8723044966177051
vn -0.39847309348917737 -0.8816342501031439 0.2528640797152345
vn -0.1442569864995741 -0.9810947257014494 -0.1290079883063818
vn 0.4528289675861665 -0.8889319194944512 -0.06889099083884012
vn -0.1332089978004309 -0.9910879195656724 0.0003139999874702369
vn -0.1442569864995741 -0.9810947257014494 -0.1290079883063818
vn 0.8471009992811837 -0.32211900751839007 0.42268101685808795
vn 0.4528289675861665 -0.8889319194944512 -0.06889099083884012
vn 0.4528289675861665 -0.8889319194944512 -0.06889099083884012
vn 0.54783292303354 -0.7968768125582002 0.2546888965927065
vn -0.10396090784915703 -0.9691005345079503 0.22368791575671723
vn -0.1332089978004309 -0.9910879195656724 0.0003139999874702369
vn 0.4528289675861665 -0.8889319194944512 -0.06889099083884012
vn -0.10396090784915703 -0.9691005345079503 0.22368791575671723
vn 0.54783292303354 -0.7968768125582002 0.2546888965927065
vn 0.6052690972006677 -0.5624331447384152 0.5633101079099729
vn -0.034423998872261746 -0.7735628943280248 0.6327838784454705
vn -0.10396090784915703 -0.9691005345079503 0.22368791575671723
vn 0.54783292303354 -0.7968768125582002 0.2546888965927065
vn -0.034423998872261746 -0.7735628943280248 0.6327838784454705
vn 0.04507498175364579 -0.4178338147958611 0.9074046226645788
vn 0.5915578959973355 -0.3291348979556215 0.7360227405664503
vn -0.22218488429176847 -0.49461886556096624 -0.8402297632335076
vn 0.04507498175364579 -0.4178338147958611 0.9074046226645788
vn 0.6052690972006677 -0.5624331447384152 0.5633101079099729
vn 0.5915578959973355 -0.3291348979556215 0.7360227405664503
vn -0.9930458079636277 0.048269985089528004 0.10737798575742843
vn -0.10396090784915703 -0.9691005345079503 0.22368791575671723
vn -0.9885872757275692 0.05899600793856512 0.13861698783646798
vn -0.9930458079636277 0.048269985089528004 0.10737798575742843
vn -0.1332089978004309 -0.9910879195656724 0.0003139999874702369
vn -0.10396090784915703 -0.9691005345079503 0.22368791575671723
vn 0.04507498175364579 -0.4178338147958611 0.9074046226645788
vn -0.22218488429176847 -0.49461886556096624 -0.8402297632335076
vn -0.9674210095404915 0.0880000008244001 0.23738700502462587
vn -0.982561360953315 0.07816703028270557 0.16871006887068704
vn 0.04507498175364579 -0.4178338147958611 0.9074046226645788
vn -0.9674210095404915 0.0880000008244001 0.23738700502462587
vn 0.7155500853516967 -0.48161608316226007 0.5059980472221435
vn 0.5623911249585717 0.05786401266389884 0.8248442147498304
vn 0.4960721090248713 -0.03251801029223691 0.8676721971195401
vn 0.7155500853516967 -0.48161608316226007 0.5059980472221435
vn 0.9114701114487386 0.09506901437993666 0.40023008187847575
vn 0.5623911249585717 0.05786401266389884 0.8248442147498304
vn 0.9929170733530278 0.048550007424281234 0.1084369965609533
vn 0.9114701114487386 0.09506901437993666 0.40023008187847575
vn 0.6820449080944656 -0.7262498574412433 0.08588298963698035
vn 0.5128592465843087 -0.6391673802921922 0.5730972458173146
vn 0.9929170733530278 0.048550007424281234 0.1084369965609533
vn 0.6820449080944656 -0.7262498574412433 0.08588298963698035
vn 0.8994951918158692 -0.010220999913493178 -0.43681109310650607
vn 0.9929170733530278 0.048550007424281234 0.1084369965609533
vn 0.6427261646452287 -0.7523552561257929 0.14444599634578553
vn 0.5602960878340294 -0.8117991841087632 0.1644699931240592
vn 0.8994951918158692 -0.010220999913493178 -0.43681109310650607
vn 0.6427261646452287 -0.7523552561257929 0.14444599634578553
vn 0.4183512000749281 0.02667801993508 -0.9078934720815054
vn 0.8994951918158692 -0.010220999913493178 -0.43681109310650607
vn 0.675933115827176 -0.6484550768392442 -0.35017200951757327
vn 0.3722962139670585 -0.6285132763463188 -0.6829103824970082
vn 0.4183512000749281 0.02667801993508 -0.9078934720815054
vn 0.675933115827176 -0.6484550768392442 -0.35017200951757327
vn 0.13405799906946125 0.06309399028152617 -0.9889628917587591
vn 0.4183512000749281 0.02667801993508 -0.9078934720815054
vn 0.2868539874481575 -0.04205099697925266 -0.957050940931643
vn 0.050496017334288885 0.06929402511786176 -0.9963174646247753
vn 0.13405799906946125 0.06309399028152617 -0.9889628917587591
vn 0.2868539874481575 -0.04205099697925266 -0.957050940931643
vn 0.039337998951533164 0.0450469987139535 -0.9982100428994661
vn 0.13405799906946125 0.06309399028152617 -0.9889628917587591
vn 0.050496017334288885 0.06929402511786176 -0.9963174646247753
vn -0.0319890065426001 0.005803001746027972 -0.999471374593166
vn 0.039337998951533164 0.0450469987139535 -0.9982100428994661
vn 0.050496017334288885 0.06929402511786176 -0.9963174646247753
vn -0.27238299642984826 0.02955599973746758 -0.9617348627014703
vn 0.050496017334288885 0.06929402511786176 -0.9963174646247753
vn 0.25233699985530983 -0.037847998154531624 -0.9668989438093911
vn -0.27238299642984826 0.02955599973746758 -0.9617348627014703
vn -0.0319890065426001 0.005803001746027972 -0.999471374593166
vn 0.050496017334288885 0.06929402511786176 -0.9963174646247753
vn 0.10222609080575279 -0.032274015798224705 -0.9942375039510578
vn -0.0319890065426001 0.005803001746027972 -0.999471374593166
vn 0.11109898910878165 -0.06301197690395918 -0.9918097122864152
vn 0.10222609080575279 -0.032274015798224705 -0.9942375039510578
vn 0.039337998951533164 0.0450469987139535 -0.9982100428994661
vn -0.0319890065426001 0.005803001746027972 -0.999471374593166
vn 0.11109898910878165 -0.06301197690395918 -0.9918097122864152
vn -0.0319890065426001 0.005803001746027972 -0.999471374593166
vn -0.27238299642984826 0.02955599973746758 -0.9617348627014703
vn -0.05167600655157035 -0.354093982918991 -0.9337810458600279
vn 0.11109898910878165 -0.06301197690395918 -0.9918097122864152
vn -0.27238299642984826 0.02955599973746758 -0.9617348627014703
vn 0.11109898910878165 -0.06301197690395918 -0.9918097122864152
vn 0.8776592593056107 -0.1464820848536471 -0.4563520826862258
vn 0.23595190284614584 0.00028300000405350617 -0.9717646934594201
vn 0.10222609080575279 -0.032274015798224705 -0.9942375039510578
vn 0.11109898910878165 -0.06301197690395918 -0.9918097122864152
vn 0.23595190284614584 0.00028300000405350617 -0.9717646934594201
vn 0.8575661054145203 -0.2851879852080456 -0.4280749793402409
vn 0.9506376093656179 -0.14702590280083302 -0.2732609001764123
vn 0.8776592593056107 -0.1464820848536471 -0.4563520826862258
vn 0.11109898910878165 -0.06301197690395918 -0.9918097122864152
vn 0.8575661054145203 -0.2851879852080456 -0.4280749793402409
vn 0.8776592593056107 -0.1464820848536471 -0.4563520826862258
vn -0.05167600655157035 -0.354093982918991 -0.9337810458600279
vn -0.5819421793936218 -0.13994599367355198 0.8010982578294151
vn 0.06641198449470997 -0.2860090030915438 0.9559227471224104
vn -0.05167600655157035 -0.354093982918991 -0.9337810458600279
vn -0.27238299642984826 0.02955599973746758 -0.9617348627014703
vn -0.5819421793936218 -0.13994599367355198 0.8010982578294151
vn 0.8575661054145203 -0.2851879852080456 -0.4280749793402409
vn 0.06641198449470997 -0.2860090030915438 0.9559227471224104
vn 0.9884165740595254 -0.1512758971570904 -0.012176989108468792
vn 0.9863422134453872 -0.1298259815443159 -0.10136198741001981
vn 0.8575661054145203 -0.2851879852080456 -0.4280749793402409
vn 0.9884165740595254 -0.1512758971570904 -0.012176989108468792
vn 0.026036009141539508 -0.45315119535500126 0.8910533768390732
vn 0.06641198449470997 -0.2860090030915438 0.9559227471224104
vn -0.5819421793936218 -0.13994599367355198 0.8010982578294151
vn 0.026036009141539508 -0.45315119535500126 0.8910533768390732
vn 0.06810600338331337 -0.46659699272609445 0.8818439877223846
vn 0.06641198449470997 -0.2860090030915438 0.9559227471224104
vn -0.42673689982981916 0.17065990313496382 -0.8881277024086118
vn 0.23595190284614584 0.00028300000405350617 -0.9717646934594201
vn 0.1946180910320039 0.13690199402981398 -0.9712783548878865
vn -0.3511550432579299 0.14137097308212834 -0.9255832666834105
vn -0.42673689982981916 0.17065990313496382 -0.8881277024086118
vn 0.1946180910320039 0.13690199402981398 -0.9712783548878865
vn -0.3511550432579299 0.14137097308212834 -0.9255832666834105
vn 0.1946180910320039 0.13690199402981398 -0.9712783548878865
vn 0.28580488922645353 -0.0916229683309713 -0.9538976868451231
vn -0.4665418807014659 -0.1537549924183436 -0.8710327639405846
vn -0.3511550432579299 0.14137097308212834 -0.9255832666834105
vn 0.28580488922645353 -0.0916229683309713 -0.9538976868451231
vn -0.4665418807014659 -0.1537549924183436 -0.8710327639405846
vn 0.28580488922645353 -0.0916229683309713 -0.9538976868451231
vn 0.16498299222284604 -0.47881507339557566 -0.862274166240869
vn -0.4679299349222734 -0.5222489630978695 -0.7129499256938298
vn -0.4665418807014659 -0.1537549924183436 -0.8710327639405846
vn 0.16498299222284604 -0.47881507339557566 -0.862274166240869
vn -0.4679299349222734 -0.5222489630978695 -0.7129499256938298
vn 0.16498299222284604 -0.47881507339557566 -0.862274166240869
vn 0.8044132158699192 -0.46550411937608915 -0.36908710757449464
vn -0.951195599320667 -0.2878358604478943 -0.1112539854262198
vn -0.4679299349222734 -0.5222489630978695 -0.7129499256938298
vn 0.8044132158699192 -0.46550411937608915 -0.36908710757449464
vn -0.951195599320667 -0.2878358604478943 -0.1112539854262198
vn 0.8044132158699192 -0.46550411937608915 -0.36908710757449464
vn 0.747125981458956 -0.6343010052834018 -0.19865800393001462
vn -0.8999967750305279 -0.4307789613859122 0.06659798316709238
vn -0.951195599320667 -0.2878358604478943 -0.1112539854262198
vn 0.747125981458956 -0.6343010052834018 -0.19865800393001462
vn -0.8999967750305279 -0.4307789613859122 0.06659798316709238
vn 0.747125981458956 -0.6343010052834018 -0.19865800393001462
vn 0.6906212068992956 -0.7114391986689391 0.12998698080291882
vn -0.934463688118143 -0.2744009098215055 0.22689591507510254
vn -0.8999967750305279 -0.4307789613859122 0.06659798316709238
vn 0.6906212068992956 -0.7114391986689391 0.12998698080291882
vn -0.8261768372774377 -0.32928599133199965 0.4571679882261581
vn 0.6906212068992956 -0.7114391986689391 0.12998698080291882
vn 0.8147671267170864 -0.4722760596045617 0.33631808269192354
vn -0.8261768372774377 -0.32928599133199965 0.4571679882261581
vn -0.934463688118143 -0.2744009098215055 0.22689591507510254
vn 0.6906212068992956 -0.7114391986689391 0.12998698080291882
vn -0.7805967718361634 -0.13036799082433798 0.6112878755278777
vn 0.8147671267170864 -0.4722760596045617 0.33631808269192354
vn 0.8531473097867341 -0.25683907314930055 0.4540631655479958
vn -0.7805967718361634 -0.13036799082433798 0.6112878755278777
vn -0.8261768372774377 -0.32928599133199965 0.4571679882261581
vn 0.8147671267170864 -0.4722760596045617 0.33631808269192354
vn -0.6601950876804517 0.07900899354888342 0.7469270547657202
vn 0.8531473097867341 -0.25683907314930055 0.4540631655479958
vn 0.9394591430074283 -0.1328280053435094 0.3158690228816572
vn -0.6601950876804517 0.07900899354888342 0.7469270547657202
vn -0.7805967718361634 -0.13036799082433798 0.6112878755278777
vn 0.8531473097867341 -0.25683907314930055 0.4540631655479958
vn -0.6601950876804517 0.07900899354888342 0.7469270547657202
vn 0.9394591430074283 -0.1328280053435094 0.3158690228816572
vn 0.8231750460233127 -0.09927200949707678 0.5590419588321873
vn -0.856202601567948 0.0011999990081118504 0.5166388149090798
vn -0.6601950876804517 0.07900899354888342 0.7469270547657202
vn 0.8231750460233127 -0.09927200949707678 0.5590419588321873
vn -0.9861116222823904 0.11597100381916096 0.11888900147939961
vn -0.4665418807014659 -0.1537549924183436 -0.8710327639405846
vn -0.4679299349222734 -0.5222489630978695 -0.7129499256938298
vn -0.9861116222823904 0.11597100381916096 0.11888900147939961
vn -0.9950157871986367 0.08912998000441824 -0.04471498507088638
vn -0.4665418807014659 -0.1537549924183436 -0.8710327639405846
vn 0.28580488922645353 -0.0916229683309713 -0.9538976868451231
vn 0.9506376093656179 -0.14702590280083302 -0.2732609001764123
vn 0.9863422134453872 -0.1298259815443159 -0.10136198741001981
vn 0.16498299222284604 -0.47881507339557566 -0.862274166240869
vn 0.28580488922645353 -0.0916229683309713 -0.9538976868451231
vn 0.9863422134453872 -0.1298259815443159 -0.10136198741001981
vn 0.8776592593056107 -0.1464820848536471 -0.4563520826862258
vn 0.9506376093656179 -0.14702590280083302 -0.2732609001764123
vn 0.28580488922645353 -0.0916229683309713 -0.9538976868451231
vn 0.1946180910320039 0.13690199402981398 -0.9712783548878865
vn 0.8776592593056107 -0.1464820848536471 -0.4563520826862258
vn 0.28580488922645353 -0.0916229683309713 -0.9538976868451231
vn 0.9775222731676163 -0.1945910850713811 -0.0811450249365825
vn 0.009704997790931279 -0.7266088047743154 0.6869828657559944
vn -0.07075701311074224 -0.9137271795946093 0.40012008993016945
vn 0.9775222731676163 -0.1945910850713811 -0.0811450249365825
vn 0.9850523747586537 -0.16474807713218517 -0.05029801252121637
vn 0.009704997790931279 -0.7266088047743154 0.6869828657559944
vn 0.009704997790931279 -0.7266088047743154 0.6869828657559944
vn 0.06810600338331337 -0.46659699272609445 0.8818439877223846
vn 0.026036009141539508 -0.45315119535500126 0.8910533768390732
vn -0.021938990054268546 -0.667498685034402 0.7442877039107546
vn 0.009704997790931279 -0.7266088047743154 0.6869828657559944
vn 0.026036009141539508 -0.45315119535500126 0.8910533768390732
vn 0.009704997790931279 -0.7266088047743154 0.6869828657559944
vn -0.021938990054268546 -0.667498685034402 0.7442877039107546
vn -0.6659198135831671 -0.588570921846918 0.45840492125808263
vn -0.07075701311074224 -0.9137271795946093 0.40012008993016945
vn 0.009704997790931279 -0.7266088047743154 0.6869828657559944
vn -0.6659198135831671 -0.588570921846918 0.45840492125808263
vn -0.09177797244411404 -0.9507287099815607 0.29612788418324415
vn -0.07075701311074224 -0.9137271795946093 0.40012008993016945
vn -0.6659198135831671 -0.588570921846918 0.45840492125808263
vn -0.09177797244411404 -0.9507287099815607 0.29612788418324415
vn -0.09929498867980725 -0.990105746697517 0.0991519822274345
vn -0.07075701311074224 -0.9137271795946093 0.40012008993016945
vn -0.09929498867980725 -0.990105746697517 0.0991519822274345
vn -0.09177797244411404 -0.9507287099815607 0.29612788418324415
vn -0.1237560914388108 -0.9911225090839156 -0.0485860249350792
vn -0.13441898241241276 -0.9848408432303407 -0.1096359916841311
vn -0.09929498867980725 -0.990105746697517 0.0991519822274345
vn -0.1237560914388108 -0.9911225090839156 -0.0485860249350792
vn 0.010644998694263 -0.9801391705901845 0.19802497387345916
vn -0.13441898241241276 -0.9848408432303407 -0.1096359916841311
vn -0.1237560914388108 -0.9911225090839156 -0.0485860249350792
vn 0.010644998694263 -0.9801391705901845 0.19802497387345916
vn 0.27534505562739114 -0.7073571470745103 0.6510230155871284
vn -0.13441898241241276 -0.9848408432303407 -0.1096359916841311
vn 0.010644998694263 -0.9801391705901845 0.19802497387345916
vn -0.992155441784948 -0.08581502298642496 0.09090303166756214
vn -0.6182322401951234 0.08387701758882427 0.7815072252408953
vn 0.010644998694263 -0.9801391705901845 0.19802497387345916
vn -0.1237560914388108 -0.9911225090839156 -0.0485860249350792
vn -0.992155441784948 -0.08581502298642496 0.09090303166756214
vn -0.09177797244411404 -0.9507287099815607 0.29612788418324415
vn -0.9868168065802204 0.08081597696403134 0.1402190005604279
vn -0.992155441784948 -0.08581502298642496 0.09090303166756214
vn -0.1237560914388108 -0.9911225090839156 -0.0485860249350792
vn -0.09177797244411404 -0.9507287099815607 0.29612788418324415
vn -0.992155441784948 -0.08581502298642496 0.09090303166756214
vn 0.05756398581030346 -0.8222058362391 0.5662719756371432
vn 0.9633271246703037 -0.23686799772307626 0.12607300475956834
vn 0.9476596013139714 -0.3126497830451363 -0.06474097002110817
vn 0.6427261646452287 -0.7523552561257929 0.14444599634578553
vn 0.05756398581030346 -0.8222058362391 0.5662719756371432
vn 0.9476596013139714 -0.3126497830451363 -0.06474097002110817
vn 0.6427261646452287 -0.7523552561257929 0.14444599634578553
vn 0.9476596013139714 -0.3126497830451363 -0.06474097002110817
vn 0.9598174872538798 -0.2785821561701884 -0.03379901515158106
vn 0.5602960878340294 -0.8117991841087632 0.1644699931240592
vn 0.6427261646452287 -0.7523552561257929 0.14444599634578553
vn 0.9598174872538798 -0.2785821561701884 -0.03379901515158106
vn 0.675933115827176 -0.6484550768392442 -0.35017200951757327
vn 0.9598174872538798 -0.2785821561701884 -0.03379901515158106
vn 0.7441662418740052 -0.6640461630342752 -0.07252101636475175
vn 0.675933115827176 -0.6484550768392442 -0.35017200951757327
vn 0.5602960878340294 -0.8117991841087632 0.1644699931240592
vn 0.9598174872538798 -0.2785821561701884 -0.03379901515158106
vn 0.3722962139670585 -0.6285132763463188 -0.6829103824970082
vn 0.7441662418740052 -0.6640461630342752 -0.07252101636475175
vn 0.28237195990109115 -0.7921199926590243 0.5411210525302856
vn 0.3722962139670585 -0.6285132763463188 -0.6829103824970082
vn 0.675933115827176 -0.6484550768392442 -0.35017200951757327
vn 0.7441662418740052 -0.6640461630342752 -0.07252101636475175
vn 0.2868539874481575 -0.04205099697925266 -0.957050940931643
vn 0.28237195990109115 -0.7921199926590243 0.5411210525302856
vn 0.7034422277060924 -0.36793616893174586 0.6081052605196897
vn 0.2868539874481575 -0.04205099697925266 -0.957050940931643
vn 0.3722962139670585 -0.6285132763463188 -0.6829103824970082
vn 0.28237195990109115 -0.7921199926590243 0.5411210525302856
vn 0.5128592465843087 -0.6391673802921922 0.5730972458173146
vn 0.017859997834208097 -0.9976123465748176 0.06671301551308062
vn 0.9633271246703037 -0.23686799772307626 0.12607300475956834
vn 0.05756398581030346 -0.8222058362391 0.5662719756371432
vn 0.5128592465843087 -0.6391673802921922 0.5730972458173146
vn 0.9633271246703037 -0.23686799772307626 0.12607300475956834
vn 0.6820449080944656 -0.7262498574412433 0.08588298963698035
vn 0.05611801357359545 -0.987038220215355 -0.15035398360754537
vn 0.017859997834208097 -0.9976123465748176 0.06671301551308062
vn 0.5128592465843087 -0.6391673802921922 0.5730972458173146
vn 0.6820449080944656 -0.7262498574412433 0.08588298963698035
vn 0.017859997834208097 -0.9976123465748176 0.06671301551308062
vn 0.7155500853516967 -0.48161608316226007 0.5059980472221435
vn 0.9180266752382675 -0.37823282716213213 -0.11902500580933863
vn 0.05611801357359545 -0.987038220215355 -0.15035398360754537
vn 0.6820449080944656 -0.7262498574412433 0.08588298963698035
vn 0.7155500853516967 -0.48161608316226007 0.5059980472221435
vn 0.05611801357359545 -0.987038220215355 -0.15035398360754537
vn -0.6589092837028923 -0.12717399774634003 -0.7413941800063955
vn 0.25233699985530983 -0.037847998154531624 -0.9668989438093911
vn 0.7584046793214448 -0.2217708996059399 -0.6128947792821443
vn -0.6589092837028923 -0.12717399774634003 -0.7413941800063955
vn -0.27238299642984826 0.02955599973746758 -0.9617348627014703
vn 0.25233699985530983 -0.037847998154531624 -0.9668989438093911
vn -0.6589092837028923 -0.12717399774634003 -0.7413941800063955
vn 0.7584046793214448 -0.2217708996059399 -0.6128947792821443
vn 0.6504989421897241 -0.36770898593668966 -0.6645609286374433
vn -0.7751946479956566 -0.32096386595169635 -0.5441097816362351
vn -0.6589092837028923 -0.12717399774634003 -0.7413941800063955
vn 0.6504989421897241 -0.36770898593668966 -0.6645609286374433
vn -0.7751946479956566 -0.32096386595169635 -0.5441097816362351
vn 0.6504989421897241 -0.36770898593668966 -0.6645609286374433
vn 0.7360512989959411 -0.5040551869183837 -0.4518371983215426
vn -0.7888007890116695 -0.5193008866109206 -0.3288159126619021
vn -0.7751946479956566 -0.32096386595169635 -0.5441097816362351
vn 0.7360512989959411 -0.5040551869183837 -0.4518371983215426
vn -0.7888007890116695 -0.5193008866109206 -0.3288159126619021
vn 0.7360512989959411 -0.5040551869183837 -0.4518371983215426
vn 0.7866408681508346 -0.5641239182623758 -0.2509190096409709
vn -0.7911540014379052 -0.6082170547081894 -0.06440000287955198
vn -0.7888007890116695 -0.5193008866109206 -0.3288159126619021
vn 0.7866408681508346 -0.5641239182623758 -0.2509190096409709
vn -0.7911540014379052 -0.6082170547081894 -0.06440000287955198
vn 0.7866408681508346 -0.5641239182623758 -0.2509190096409709
vn 0.8266388528920309 -0.558902902727779 -0.06554198815881493
vn -0.7776432891208158 -0.5907431583951119 0.21515909391593688
vn -0.7911540014379052 -0.6082170547081894 -0.06440000287955198
vn 0.8266388528920309 -0.558902902727779 -0.06554198815881493
vn -0.7776432891208158 -0.5907431583951119 0.21515909391593688
vn 0.8266388528920309 -0.558902902727779 -0.06554198815881493
vn 0.8542531292362087 -0.5114860869429407 0.09291702779331727
vn -0.7469772567098766 -0.48399026461888295 0.4558271621045972
vn -0.7776432891208158 -0.5907431583951119 0.21515909391593688
vn 0.8542531292362087 -0.5114860869429407 0.09291702779331727
vn -0.7469772567098766 -0.48399026461888295 0.4558271621045972
vn 0.8542531292362087 -0.5114860869429407 0.09291702779331727
vn 0.8795850984627429 -0.39512211585841445 0.26496899464249873
vn -0.8444929812138627 -0.2004750095073179 0.4966300184680376
vn -0.7469772567098766 -0.48399026461888295 0.4558271621045972
vn 0.8795850984627429 -0.39512211585841445 0.26496899464249873
vn -0.7058329722155255 -0.12435398937365445 0.697377875086566
vn 0.8795850984627429 -0.39512211585841445 0.26496899464249873
vn 0.8592392728878125 -0.21644310468414368 0.4635302086832229
vn -0.7058329722155255 -0.12435398937365445 0.697377875086566
vn -0.8444929812138627 -0.2004750095073179 0.4966300184680376
vn 0.8795850984627429 -0.39512211585841445 0.26496899464249873
vn -0.7215669686986436 0.08742299598181766 0.686802977175124
vn 0.8592392728878125 -0.21644310468414368 0.4635302086832229
vn 0.8021942569042247 -0.05979601737645861 0.5940612851346172
vn -0.7215669686986436 0.08742299598181766 0.686802977175124
vn -0.7058329722155255 -0.12435398937365445 0.697377875086566
vn 0.8592392728878125 -0.21644310468414368 0.4635302086832229
vn -0.6182322401951234 0.08387701758882427 0.7815072252408953
vn 0.8021942569042247 -0.05979601737645861 0.5940612851346172
vn 0.4960721090248713 -0.03251801029223691 0.8676721971195401
vn -0.6182322401951234 0.08387701758882427 0.7815072252408953
vn -0.7215669686986436 0.08742299598181766 0.686802977175124
vn 0.8021942569042247 -0.05979601737645861 0.5940612851346172
vn 0.9598174872538798 -0.2785821561701884 -0.03379901515158106
vn 0.8795850984627429 -0.39512211585841445 0.26496899464249873
vn 0.8542531292362087 -0.5114860869429407 0.09291702779331727
vn 0.9598174872538798 -0.2785821561701884 -0.03379901515158106
vn 0.9476596013139714 -0.3126497830451363 -0.06474097002110817
vn 0.8795850984627429 -0.39512211585841445 0.26496899464249873
vn 0.9476596013139714 -0.3126497830451363 -0.06474097002110817
vn 0.9633271246703037 -0.23686799772307626 0.12607300475956834
vn 0.8021942569042247 -0.05979601737645861 0.5940612851346172
vn 0.8592392728878125 -0.21644310468414368 0.4635302086832229
vn 0.9476596013139714 -0.3126497830451363 -0.06474097002110817
vn 0.8021942569042247 -0.05979601737645861 0.5940612851346172
vn 0.7441662418740052 -0.6640461630342752 -0.07252101636475175
vn 0.9598174872538798 -0.2785821561701884 -0.03379901515158106
vn 0.7584046793214448 -0.2217708996059399 -0.6128947792821443
vn 0.25233699985530983 -0.037847998154531624 -0.9668989438093911
vn 0.7441662418740052 -0.6640461630342752 -0.07252101636475175
vn 0.7584046793214448 -0.2217708996059399 -0.6128947792821443
vn 0.9633271246703037 -0.23686799772307626 0.12607300475956834
vn 0.9180266752382675 -0.37823282716213213 -0.11902500580933863
vn 0.8021942569042247 -0.05979601737645861 0.5940612851346172
vn 0.9633271246703037 -0.23686799772307626 0.12607300475956834
vn 0.05611801357359545 -0.987038220215355 -0.15035398360754537
vn 0.9180266752382675 -0.37823282716213213 -0.11902500580933863
f 1/1/1 2/2/2 3/3/3
f 4/4/4 5/5/5 6/6/6
f 7/7/7 8/8/8 9/9/9
f 10/10/10 11/11/11 12/12/12
f 13/13/13 14/14/14 15/15/15
f 16/16/16 17/17/17 18/18/18
f 19/19/19 20/20/20 21/21/21
f 22/22/22 23/23/23 24/24/24
f 25/25/25 26/26/26 27/27/27
f 28/28/28 29/29/29 30/30/30
f 31/31/31 32/32/32 33/33/33
f 34/34/34 35/35/35 36/36/36
f 37/37/37 38/38/38 39/39/39
f 40/40/40 41/41/41 42/42/42
f 43/43/43 44/44/44 45/45/45
f 46/46/46 47/47/47 48/48/48
f 49/49/49 50/50/50 51/51/51
f 52/52/52 53/53/53 54/54/54
f 55/55/55 56/56/56 57/57/57
f 58/58/58 59/59/59 60/60/60
f 61/61/61 62/62/62 63/63/63
f 64/64/64 65/65/65 66/66/66
f 67/67/67 68/68/68 69/69/69
f 70/70/70 71/71/71 72/72/72
f 73/73/73 74/74/74 75/75/75
f 76/76/76 77/77/77 78/78/78
f 79/79/79 80/80/80 81/81/81
f 82/82/82 83/83/83 84/84/84
f 85/85/85 86/86/86 87/87/87
f 88/88/88 89/89/89 90/90/90
f 91/91/91 92/92/92 93/93/93
f 94/94/94 95/95/95 96/96/96
f 97/97/97 98/98/98 99/99/99
f 100/100/100 101/101/101 102/102/102
f 103/103/103 104/104/104 105/105/105
f 106/106/106 107/107/107 108/108/108
f 109/109/109 110/110/110 111/111/111
f 112/112/112 113/113/113 114/114/114
f 115/115/115 116/116/116 117/117/117
f 118/118/118 119/119/119 120/120/120
f 121/121/121 122/122/122 123/123/123
f 124/124/124 125/125/125 126/126/126
f 127/127/127 128/128/128 129/129/129
f 130/130/130 131/131/131 132/132/132
f 133/133/133 134/134/134 135/135/135
f 136/136/136 137/137/137 138/138/138
f 139/139/139 140/140/140 141/141/141
f 142/142/142 143/143/143 144/144/144
f 145/145/145 146/146/146 147/147/147
f 148/148/148 149/149/149 150/150/150
f 151/151/151 152/152/152 153/153/153
f 154/154/154 155/155/155 156/156/156
f 157/157/157 158/158/158 159/159/159
f 160/160/160 161/161/161 162/162/162
f 163/163/163 164/164/164 165/165/165
f 166/166/166 167/167/167 168/168/168
f 169/169/169 170/170/170 171/171/171
f 172/172/172 173/173/173 174/174/174
f 175/175/175 176/176/176 177/177/177
f 178/178/178 179/179/179 180/180/180
f 181/181/181 182/182/182 183/183/183
f 184/184/184 185/185/185 186/186/186
f 187/187/187 188/188/188 189/189/189
f 190/190/190 191/191/191 192/192/192
f 193/193/193 194/194/194 195/195/195
f 196/196/196 197/197/197 198/198/198
f 199/199/199 200/200/200 201/201/201
f 202/202/202 203/203/203 204/204/204
f 205/205/205 206/206/206 207/207/207
f 208/208/208 209/209/209 210/210/210
f 211/211/211 212/212/212 213/213/213
f 214/214/214 215/215/215 216/216/216
f 217/217/217 218/218/218 219/219/219
f 220/220/220 221/221/221 222/222/222
f 223/223/223 224/224/224 225/225/225
f 226/226/226 227/227/227 228/228/228
f 229/229/229 230/230/230 231/231/231
f 232/232/232 233/233/233 234/234/234
f 235/235/235 236/236/236 237/237/237
f 238/238/238 239/239/239 240/240/240
f 241/241/241 242/242/242 243/243/243
f 244/244/244 245/245/245 246/246/246
f 247/247/247 248/248/248 249/249/249
f 250/250/250 251/251/251 252/252/252
f 253/253/253 254/254/254 255/255/255
f 256/256/256 257/257/257 258/258/258
f 259/259/259 260/260/260 261/261/261
f 262/262/262 263/263/263 264/264/264
f 265/265/265 266/266/266 267/267/267
f 268/268/268 269/269/269 270/270/270
f 271/271/271 272/272/272 273/273/273
f 274/274/274 275/275/275 276/276/276
f 277/277/277 278/278/278 279/279/279
f 280/280/280 281/281/281 282/282/282
f 283/283/283 284/284/284 285/285/285
f 286/286/286 287/287/287 288/288/288
f 289/289/289 290/290/290 291/291/291
f 292/292/292 293/293/293 294/294/294
f 295/295/295 296/296/296 297/297/297
f 298/298/298 299/299/299 300/300/300
f 301/301/301 302/302/302 303/303/303
f 304/304/304 305/305/305 306/306/306
f 307/307/307 308/308/308 309/309/309
f 310/310/310 311/311/311 312/312/312
f 313/313/313 314/314/314 315/315/315
f 316/316/316 317/317/317 318/318/318
f 319/319/319 320/320/320 321/321/321
f 322/322/322 323/323/323 324/324/324
f 325/325/325 326/326/326 327/327/327
f 328/328/328 329/329/329 330/330/330
f 331/331/331 332/332/332 333/333/333
f 334/334/334 335/335/335 336/336/336
f 337/337/337 338/338/338 339/339/339
f 340/340/340 341/341/341 342/342/342
f 343/343/343 344/344/344 345/345/345
f 346/346/346 347/347/347 348/348/348
f 349/349/349 350/350/350 351/351/351
f 352/352/352 353/353/353 354/354/354
f 355/355/355 356/356/356 357/357/357
f 358/358/358 359/359/359 360/360/360
f 361/361/361 362/362/362 363/363/363
f 364/364/364 365/365/365 366/366/366
f 367/367/367 368/368/368 369/369/369
f 370/370/370 371/371/371 372/372/372
f 373/373/373 374/374/374 375/375/375
f 376/376/376 377/377/377 378/378/378
f 379/379/379 380/380/380 381/381/381
f 382/382/382 383/383/383 384/384/384
f 385/385/385 386/386/386 387/387/387
f 388/388/388 389/389/389 390/390/390
f 391/391/391 392/392/392 393/393/393
f 394/394/394 395/395/395 396/396/396
f 397/397/397 398/398/398 399/399/399
f 400/400/400 401/401/401 402/402/402
f 403/403/403 404/404/404 405/405/405
f 406/406/406 407/407/407 408/408/408
f 409/409/409 410/410/410 411/411/411
f 412/412/412 413/413/413 414/414/414
f 415/415/415 416/416/416 417/417/417
f 418/418/418 419/419/419 420/420/420
f 421/421/421 422/422/422 423/423/423
f 424/424/424 425/425/425 426/426/426
f 427/427/427 428/428/428 429/429/429
f 430/430/430 431/431/431 432/432/432
f 433/433/433 434/434/434 435/435/435
f 436/436/436 437/437/437 438/438/438
f 439/439/439 440/440/440 441/441/441
f 442/442/442 443/443/443 444/444/444
f 445/445/445 446/446/446 447/447/447
f 448/448/448 449/449/449 450/450/450
f 451/451/451 452/452/452 453/453/453
f 454/454/454 455/455/455 456/456/456
f 457/457/457 458/458/458 459/459/459
f 460/460/460 461/461/461 462/462/462
f 463/463/463 464/464/464 465/465/465
f 466/466/466 467/467/467 468/468/468
f 469/469/469 470/470/470 471/471/471
f 472/472/472 473/473/473 474/474/474
f 475/475/475 476/476/476 477/477/477
f 478/478/478 479/479/479 480/480/480
f 481/481/481 482/482/482 483/483/483
f 484/484/484 485/485/485 486/486/486
f 487/487/487 488/488/488 489/489/489
f 490/490/490 491/491/491 492/492/492
f 493/493/493 494/494/494 495/495/495
f 496/496/496 497/497/497 498/498/498
f 499/499/499 500/500/500 501/501/501
f 502/502/502 503/503/503 504/504/504
f 505/505/505 506/506/506 507/507/507
f 508/508/508 509/509/509 510/510/510
f 511/511/511 512/512/512 513/513/513
f 514/514/514 515/515/515 516/516/516
f 517/517/517 518/518/518 519/519/519
f 520/520/520 521/521/521 522/522/522
f 523/523/523 524/524/524 525/525/525
f 526/526/526 527/527/527 528/528/528
f 529/529/529 530/530/530 531/531/531
f 532/532/532 533/533/533 534/534/534
f 535/535/535 536/536/536 537/537/537
f 538/538/538 539/539/539 540/540/540
f 541/541/541 542/542/542 543/543/543
f 544/544/544 545/545/545 546/546/546
f 547/547/547 548/548/548 549/549/549
f 550/550/550 551/551/551 552/552/552
f 553/553/553 554/554/554 555/555/555
f 556/556/556 557/557/557 558/558/558
f 559/559/559 560/560/560 561/561/561
f 562/562/562 563/563/563 564/564/564
f 565/565/565 566/566/566 567/567/567
f 568/568/568 569/569/569 570/570/570
f 571/571/571 572/572/572 573/573/573
f 574/574/574 575/575/575 576/576/576
f 577/577/577 578/578/578 579/579/579
f 580/580/580 581/581/581 582/582/582
f 583/583/583 584/584/584 585/585/585
f 586/586/586 587/587/587 588/588/588
f 589/589/589 590/590/590 591/591/591
f 592/592/592 593/593/593 594/594/594
f 595/595/595 596/596/596 597/597/597
f 598/598/598 599/599/599 600/600/600
f 601/601/601 602/602/602 603/603/603
f 604/604/604 605/605/605 606/606/606
f 607/607/607 608/608/608 609/609/609
f 610/610/610 611/611/611 612/612/612
f 613/613/613 614/614/614 615/615/615
f 616/616/616 617/617/617 618/618/618
f 619/619/619 620/620/620 621/621/621
f 622/622/622 623/623/623 624/624/624
f 625/625/625 626/626/626 627/627/627
f 628/628/628 629/629/629 630/630/630
f 631/631/631 632/632/632 633/633/633
f 634/634/634 635/635/635 636/636/636
f 637/637/637 638/638/638 639/639/639
f 640/640/640 641/641/641 642/642/642
f 643/643/643 644/644/644 645/645/645
f 646/646/646 647/647/647 648/648/648
f 649/649/649 650/650/650 651/651/651
f 652/652/652 653/653/653 654/654/654
f 655/655/655 656/656/656 657/657/657
f 658/658/658 659/659/659 660/660/660
f 661/661/661 662/662/662 663/663/663
f 664/664/664 665/665/665 666/666/666
f 667/667/667 668/668/668 669/669/669
f 670/670/670 671/671/671 672/672/672
f 673/673/673 674/674/674 675/675/675
f 676/676/676 677/677/677 678/678/678
f 679/679/679 680/680/680 681/681/681
f 682/682/682 683/683/683 684/684/684
f 685/685/685 686/686/686 687/687/687
f 688/688/688 689/689/689 690/690/690
f 691/691/691 692/692/692 693/693/693
f 694/694/694 695/695/695 696/696/696
f 697/697/697 698/698/698 699/699/699
f 700/700/700 701/701/701 702/702/702
f 703/703/703 704/704/704 705/705/705
f 706/706/706 707/707/707 708/708/708
f 709/709/709 710/710/710 711/711/711
f 712/712/712 713/713/713 714/714/714
f 715/715/715 716/716/716 717/717/717
f 718/718/718 719/719/719 720/720/720
f 721/721/721 722/722/722 723/723/723
f 724/724/724 725/725/725 726/726/726
f 727/727/727 728/728/728 729/729/729
f 730/730/730 731/731/731 732/732/732
f 733/733/733 734/734/734 735/735/735
f 736/736/736 737/737/737 738/738/738
f 739/739/739 740/740/740 741/741/741
f 742/742/742 743/743/743 744/744/744
f 745/745/745 746/746/746 747/747/747
f 748/748/748 749/749/749 750/750/750
f 751/751/751 752/752/752 753/753/753
f 754/754/754 755/755/755 756/756/756
f 757/757/757 758/758/758 759/759/759
f 760/760/760 761/761/761 762/762/762
f 763/763/763 764/764/764 765/765/765
f 766/766/766 767/767/767 768/768/768
f 769/769/769 770/770/770 771/771/771
f 772/772/772 773/773/773 774/774/774
f 775/775/775 776/776/776 777/777/777
f 778/778/778 779/779/779 780/780/780
f 781/781/781 782/782/782 783/783/783
f 784/784/784 785/785/785 786/786/786
f 787/787/787 788/788/788 789/789/789
f 790/790/790 791/791/791 792/792/792
f 793/793/793 794/794/794 795/795/795
f 796/796/796 797/797/797 798/798/798
f 799/799/799 800/800/800 801/801/801
f 802/802/802 803/803/803 804/804/804
f 805/805/805 806/806/806 807/807/807
f 808/808/808 809/809/809 810/810/810
f 811/811/811 812/812/812 813/813/813
f 814/814/814 815/815/815 816/816/816
f 817/817/817 818/818/818 819/819/819
f 820/820/820 821/821/821 822/822/822
f 823/823/823 824/824/824 825/825/825
f 826/826/826 827/827/827 828/828/828
f 829/829/829 830/830/830 831/831/831
f 832/832/832 833/833/833 834/834/834
f 835/835/835 836/836/836 837/837/837
f 838/838/838 839/839/839 840/840/840
f 841/841/841 842/842/842 843/843/843
f 844/844/844 845/845/845 846/846/846
f 847/847/847 848/848/848 849/849/849
f 850/850/850 851/851/851 852/852/852
f 853/853/853 854/854/854 855/855/855
f 856/856/856 857/857/857 858/858/858
f 859/859/859 860/860/860 861/861/861
f 862/862/862 863/863/863 864/864/864
f 865/865/865 866/866/866 867/867/867
f 868/868/868 869/869/869 870/870/870
f 871/871/871 872/872/872 873/873/873
f 874/874/874 875/875/875 876/876/876
f 877/877/877 878/878/878 879/879/879
f 880/880/880 881/881/881 882/882/882
f 883/883/883 884/884/884 885/885/885
f 886/886/886 887/887/887 888/888/888
f 889/889/889 890/890/890 891/891/891
f 892/892/892 893/893/893 894/894/894
f 895/895/895 896/896/896 897/897/897
f 898/898/898 899/899/899 900/900/900
f 901/901/901 902/902/902 903/903/903
f 904/904/904 905/905/905 906/906/906
f 907/907/907 908/908/908 909/909/909
f 910/910/910 911/911/911 912/912/912
f 913/913/913 914/914/914 915/915/915
f 916/916/916 917/917/917 918/918/918
f 919/919/919 920/920/920 921/921/921
f 922/922/922 923/923/923 924/924/924
f 925/925/925 926/926/926 927/927/927
f 928/928/928 929/929/929 930/930/930
f 931/931/931 932/932/932 933/933/933
f 934/934/934 935/935/935 936/936/936
f 937/937/937 938/938/938 939/939/939
f 940/940/940 941/941/941 942/942/942
f 943/943/943 944/944/944 945/945/945
f 946/946/946 947/947/947 948/948/948
f 949/949/949 950/950/950 951/951/951
f 952/952/952 953/953/953 954/954/954
f 955/955/955 956/956/956 957/957/957
f 958/958/958 959/959/959 960/960/960
f 961/961/961 962/962/962 963/963/963
f 964/964/964 965/965/965 966/966/966
f 967/967/967 968/968/968 969/969/969
f 970/970/970 971/971/971 972/972/972
f 973/973/973 974/974/974 975/975/975
f 976/976/976 977/977/977 978/978/978
f 979/979/979 980/980/980 981/981/981
f 982/982/982 983/983/983 984/984/984
f 985/985/985 986/986/986 987/987/987
f 988/988/988 989/989/989 990/990/990
f 991/991/991 992/992/992 993/993/993
f 994/994/994 995/995/995 996/996/996
f 997/997/997 998/998/998 999/999/999
f 1000/1000/1000 1001/1001/1001 1002/1002/1002
f 1003/1003/1003 1004/1004/1004 1005/1005/1005
f 1006/1006/1006 1007/1007/1007 1008/1008/1008
f 1009/1009/1009 1010/1010/1010 1011/1011/1011
f 1012/1012/1012 1013/1013/1013 1014/1014/1014
f 1015/1015/1015 1016/1016/1016 1017/1017/1017
f 1018/1018/1018 1019/1019/1019 1020/1020/1020
f 1021/1021/1021 1022/1022/1022 1023/1023/1023
f 1024/1024/1024 1025/1025/1025 1026/1026/1026
f 1027/1027/1027 1028/1028/1028 1029/1029/1029
f 1030/1030/1030 1031/1031/1031 1032/1032/1032
f 1033/1033/1033 1034/1034/1034 1035/1035/1035
f 1036/1036/1036 1037/1037/1037 1038/1038/1038
f 1039/1039/1039 1040/1040/1040 1041/1041/1041
f 1042/1042/1042 1043/1043/1043 1044/1044/1044
f 1045/1045/1045 1046/1046/1046 1047/1047/1047
f 1048/1048/1048 1049/1049/1049 1050/1050/1050
f 1051/1051/1051 1052/1052/1052 1053/1053/1053
f 1054/1054/1054 1055/1055/1055 1056/1056/1056
f 1057/1057/1057 1058/1058/1058 1059/1059/1059
f 1060/1060/1060 1061/1061/1061 1062/1062/1062
f 1063/1063/1063 1064/1064/1064 1065/1065/1065
f 1066/1066/1066 1067/1067/1067 1068/1068/1068
f 1069/1069/1069 1070/1070/1070 1071/1071/1071
f 1072/1072/1072 1073/1073/1073 1074/1074/1074
f 1075/1075/1075 1076/1076/1076 1077/1077/1077
f 1078/1078/1078 1079/1079/1079 1080/1080/1080
f 1081/1081/1081 1082/1082/1082 1083/1083/1083
f 1084/1084/1084 1085/1085/1085 1086/1086/1086
f 1087/1087/1087 1088/1088/1088 1089/1089/1089
f 1090/1090/1090 1091/1091/1091 1092/1092/1092
f 1093/1093/1093 1094/1094/1094 1095/1095/1095
f 1096/1096/1096 1097/1097/1097 1098/1098/1098
f 1099/1099/1099 1100/1100/1100 1101/1101/1101
f 1102/1102/1102 1103/1103/1103 1104/1104/1104
f 1105/1105/1105 1106/1106/1106 1107/1107/1107
f 1108/1108/1108 1109/1109/1109 1110/1110/1110
f 1111/1111/1111 1112/1112/1112 1113/1113/1113
f 1114/1114/1114 1115/1115/1115 1116/1116/1116
f 1117/1117/1117 1118/1118/1118 1119/1119/1119
f 1120/1120/1120 1121/1121/1121 1122/1122/1122
f 1123/1123/1123 1124/1124/1124 1125/1125/1125
f 1126/1126/1126 1127/1127/1127 1128/1128/1128
f 1129/1129/1129 1130/1130/1130 1131/1131/1131
f 1132/1132/1132 1133/1133/1133 1134/1134/1134
f 1135/1135/1135 1136/1136/1136 1137/1137/1137
f 1138/1138/1138 1139/1139/1139 1140/1140/1140
f 1141/1141/1141 1142/1142/1142 1143/1143/1143
f 1144/1144/1144 1145/1145/1145 1146/1146/1146
f 1147/1147/1147 1148/1148/1148 1149/1149/1149
f 1150/1150/1150 1151/1151/1151 1152/1152/1152
f 1153/1153/1153 1154/1154/1154 1155/1155/1155
f 1156/1156/1156 1157/1157/1157 1158/1158/1158
f 1159/1159/1159 1160/1160/1160 1161/1161/1161
f 1162/1162/1162 1163/1163/1163 1164/1164/1164
f 1165/1165/1165 1166/1166/1166 1167/1167/1167
f 1168/1168/1168 1169/1169/1169 1170/1170/1170
f 1171/1171/1171 1172/1172/1172 1173/1173/1173
f 1174/1174/1174 1175/1175/1175 1176/1176/1176
f 1177/1177/1177 1178/1178/1178 1179/1179/1179
f 1180/1180/1180 1181/1181/1181 1182/1182/1182
f 1183/1183/1183 1184/1184/1184 1185/1185/1185
f 1186/1186/1186 1187/1187/1187 1188/1188/1188
f 1189/1189/1189 1190/1190/1190 1191/1191/1191
f 1192/1192/1192 1193/1193/1193 1194/1194/1194
f 1195/1195/1195 1196/1196/1196 1197/1197/1197
f 1198/1198/1198 1199/1199/1199 1200/1200/1200
f 1201/1201/1201 1202/1202/1202 1203/1203/1203
f 1204/1204/1204 1205/1205/1205 1206/1206/1206
f 1207/1207/1207 1208/1208/1208 1209/1209/1209
f 1210/1210/1210 1211/1211/1211 1212/1212/1212
f 1213/1213/1213 1214/1214/1214 1215/1215/1215
f 1216/1216/1216 1217/1217/1217 1218/1218/1218
f 1219/1219/1219 1220/1220/1220 1221/1221/1221
f 1222/1222/1222 1223/1223/1223 1224/1224/1224
f 1225/1225/1225 1226/1226/1226 1227/1227/1227
f 1228/1228/1228 1229/1229/1229 1230/1230/1230
f 1231/1231/1231 1232/1232/1232 1233/1233/1233
f 1234/1234/1234 1235/1235/1235 1236/1236/1236
f 1237/1237/1237 1238/1238/1238 1239/1239/1239
f 1240/1240/1240 1241/1241/1241 1242/1242/1242
f 1243/1243/1243 1244/1244/1244 1245/1245/1245
f 1246/1246/1246 1247/1247/1247 1248/1248/1248
f 1249/1249/1249 1250/1250/1250 1251/1251/1251
f 1252/1252/1252 1253/1253/1253 1254/1254/1254
f 1255/1255/1255 1256/1256/1256 1257/1257/1257
f 1258/1258/1258 1259/1259/1259 1260/1260/1260
f 1261/1261/1261 1262/1262/1262 1263/1263/1263
f 1264/1264/1264 1265/1265/1265 1266/1266/1266
f 1267/1267/1267 1268/1268/1268 1269/1269/1269
f 1270/1270/1270 1271/1271/1271 1272/1272/1272
f 1273/1273/1273 1274/1274/1274 1275/1275/1275
f 1276/1276/1276 1277/1277/1277 1278/1278/1278
f 1279/1279/1279 1280/1280/1280 1281/1281/1281
f 1282/1282/1282 1283/1283/1283 1284/1284/1284
f 1285/1285/1285 1286/1286/1286 1287/1287/1287
f 1288/1288/1288 1289/1289/1289 1290/1290/1290
f 1291/1291/1291 1292/1292/1292 1293/1293/1293
f 1294/1294/1294 1295/1295/1295 1296/1296/1296
f 1297/1297/1297 1298/1298/1298 1299/1299/1299
f 1300/1300/1300 1301/1301/1301 1302/1302/1302
f 1303/1303/1303 1304/1304/1304 1305/1305/1305
f 1306/1306/1306 1307/1307/1307 1308/1308/1308
f 1309/1309/1309 1310/1310/1310 1311/1311/1311
f 1312/1312/1312 1313/1313/1313 1314/1314/1314
f 1315/1315/1315 1316/1316/1316 1317/1317/1317
f 1318/1318/1318 1319/1319/1319 1320/1320/1320
f 1321/1321/1321 1322/1322/1322 1323/1323/1323
f 1324/1324/1324 1325/1325/1325 1326/1326/1326
f 1327/1327/1327 1328/1328/1328 1329/1329/1329
f 1330/1330/1330 1331/1331/1331 1332/1332/1332
f 1333/1333/1333 1334/1334/1334 1335/1335/1335
f 1336/1336/1336 1337/1337/1337 1338/1338/1338
f 1339/1339/1339 1340/1340/1340 1341/1341/1341
f 1342/1342/1342 1343/1343/1343 1344/1344/1344
f 1345/1345/1345 1346/1346/1346 1347/1347/1347
f 1348/1348/1348 1349/1349/1349 1350/1350/1350
f 1351/1351/1351 1352/1352/1352 1353/1353/1353
f 1354/1354/1354 1355/1355/1355 1356/1356/1356
f 1357/1357/1357 1358/1358/1358 1359/1359/1359
f 1360/1360/1360 1361/1361/1361 1362/1362/1362
f 1363/1363/1363 1364/1364/1364 1365/1365/1365
f 1366/1366/1366 1367/1367/1367 1368/1368/1368
f 1369/1369/1369 1370/1370/1370 1371/1371/1371
f 1372/1372/1372 1373/1373/1373 1374/1374/1374
f 1375/1375/1375 1376/1376/1376 1377/1377/1377
f 1378/1378/1378 1379/1379/1379 1380/1380/1380
f 1381/1381/1381 1382/1382/1382 1383/1383/1383
f 1384/1384/1384 1385/1385/1385 1386/1386/1386
f 1387/1387/1387 1388/1388/1388 1389/1389/1389
f 1390/1390/1390 1391/1391/1391 1392/1392/1392
f 1393/1393/1393 1394/1394/1394 1395/1395/1395
f 1396/1396/1396 1397/1397/1397 1398/1398/1398
f 1399/1399/1399 1400/1400/1400 1401/1401/1401
f 1402/1402/1402 1403/1403/1403 1404/1404/1404
f 1405/1405/1405 1406/1406/1406 1407/1407/1407
f 1408/1408/1408 1409/1409/1409 1410/1410/1410
f 1411/1411/1411 1412/1412/1412 1413/1413/1413
f 1414/1414/1414 1415/1415/1415 1416/1416/1416
f 1417/1417/1417 1418/1418/1418 1419/1419/1419
f 1420/1420/1420 1421/1421/1421 1422/1422/1422
f 1423/1423/1423 1424/1424/1424 1425/1425/1425
f 1426/1426/1426 1427/1427/1427 1428/1428/1428
f 1429/1429/1429 1430/1430/1430 1431/1431/1431
f 1432/1432/1432 1433/1433/1433 1434/1434/1434
f 1435/1435/1435 1436/1436/1436 1437/1437/1437
f 1438/1438/1438 1439/1439/1439 1440/1440/1440
f 1441/1441/1441 1442/1442/1442 1443/1443/1443
f 1444/1444/1444 1445/1445/1445 1446/1446/1446
f 1447/1447/1447 1448/1448/1448 1449/1449/1449
f 1450/1450/1450 1451/1451/1451 1452/1452/1452
f 1453/1453/1453 1454/1454/1454 1455/1455/1455
f 1456/1456/1456 1457/1457/1457 1458/1458/1458
f 1459/1459/1459 1460/1460/1460 1461/1461/1461
f 1462/1462/1462 1463/1463/1463 1464/1464/1464
f 1465/1465/1465 1466/1466/1466 1467/1467/1467
f 1468/1468/1468 1469/1469/1469 1470/1470/1470
f 1471/1471/1471 1472/1472/1472 1473/1473/1473
f 1474/1474/1474 1475/1475/1475 1476/1476/1476
f 1477/1477/1477 1478/1478/1478 1479/1479/1479
f 1480/1480/1480 1481/1481/1481 1482/1482/1482
f 1483/1483/1483 1484/1484/1484 1485/1485/1485
f 1486/1486/1486 1487/1487/1487 1488/1488/1488
f 1489/1489/1489 1490/1490/1490 1491/1491/1491
f 1492/1492/1492 1493/1493/1493 1494/1494/1494
f 1495/1495/1495 1496/1496/1496 1497/1497/1497
f 1498/1498/1498 1499/1499/1499 1500/1500/1500
f 1501/1501/1501 1502/1502/1502 1503/1503/1503
f 1504/1504/1504 1505/1505/1505 1506/1506/1506
f 1507/1507/1507 1508/1508/1508 1509/1509/1509
f 1510/1510/1510 1511/1511/1511 1512/1512/1512
f 1513/1513/1513 1514/1514/1514 1515/1515/1515
f 1516/1516/1516 1517/1517/1517 1518/1518/1518
f 1519/1519/1519 1520/1520/1520 1521/1521/1521
f 1522/1522/1522 1523/1523/1523 1524/1524/1524
f 1525/1525/1525 1526/1526/1526 1527/1527/1527
f 1528/1528/1528 1529/1529/1529 1530/1530/1530
f 1531/1531/1531 1532/1532/1532 1533/1533/1533
f 1534/1534/1534 1535/1535/1535 1536/1536/1536
f 1537/1537/1537 1538/1538/1538 1539/1539/1539
f 1540/1540/1540 1541/1541/1541 1542/1542/1542
f 1543/1543/1543 1544/1544/1544 1545/1545/1545
f 1546/1546/1546 1547/1547/1547 1548/1548/1548
f 1549/1549/1549 1550/1550/1550 1551/1551/1551
f 1552/1552/1552 1553/1553/1553 1554/1554/1554
f 1555/1555/1555 1556/1556/1556 1557/1557/1557
f 1558/1558/1558 1559/1559/1559 1560/1560/1560
f 1561/1561/1561 1562/1562/1562 1563/1563/1563
f 1564/1564/1564 1565/1565/1565 1566/1566/1566
f 1567/1567/1567 1568/1568/1568 1569/1569/1569
f 1570/1570/1570 1571/1571/1571 1572/1572/1572
f 1573/1573/1573 1574/1574/1574 1575/1575/1575
f 1576/1576/1576 1577/1577/1577 1578/1578/1578
f 1579/1579/1579 1580/1580/1580 1581/1581/1581
f 1582/1582/1582 1583/1583/1583 1584/1584/1584
f 1585/1585/1585 1586/1586/1586 1587/1587/1587
f 1588/1588/1588 1589/1589/1589 1590/1590/1590
f 1591/1591/1591 1592/1592/1592 1593/1593/1593
f 1594/1594/1594 1595/1595/1595 1596/1596/1596
f 1597/1597/1597 1598/1598/1598 1599/1599/1599
f 1600/1600/1600 1601/1601/1601 1602/1602/1602
f 1603/1603/1603 1604/1604/1604 1605/1605/1605
f 1606/1606/1606 1607/1607/1607 1608/1608/1608
f 1609/1609/1609 1610/1610/1610 1611/1611/1611
f 1612/1612/1612 1613/1613/1613 1614/1614/1614
f 1615/1615/1615 1616/1616/1616 1617/1617/1617
f 1618/1618/1618 1619/1619/1619 1620/1620/1620
f 1621/1621/1621 1622/1622/1622 1623/1623/1623
f 1624/1624/1624 1625/1625/1625 1626/1626/1626
f 1627/1627/1627 1628/1628/1628 1629/1629/1629
f 1630/1630/1630 1631/1631/1631 1632/1632/1632
f 1633/1633/1633 1634/1634/1634 1635/1635/1635
f 1636/1636/1636 1637/1637/1637 1638/1638/1638
f 1639/1639/1639 1640/1640/1640 1641/1641/1641
f 1642/1642/1642 1643/1643/1643 1644/1644/1644
f 1645/1645/1645 1646/1646/1646 1647/1647/1647
f 1648/1648/1648 1649/1649/1649 1650/1650/1650
f 1651/1651/1651 1652/1652/1652 1653/1653/1653
f 1654/1654/1654 1655/1655/1655 1656/1656/1656
f 1657/1657/1657 1658/1658/1658 1659/1659/1659
f 1660/1660/1660 1661/1661/1661 1662/1662/1662
f 1663/1663/1663 1664/1664/1664 1665/1665/1665
f 1666/1666/1666 1667/1667/1667 1668/1668/1668
f 1669/1669/1669 1670/1670/1670 1671/1671/1671
f 1672/1672/1672 1673/1673/1673 1674/1674/1674
f 1675/1675/1675 1676/1676/1676 1677/1677/1677
f 1678/1678/1678 1679/1679/1679 1680/1680/1680
f 1681/1681/1681 1682/1682/1682 1683/1683/1683
f 1684/1684/1684 1685/1685/1685 1686/1686/1686
f 1687/1687/1687 1688/1688/1688 1689/1689/1689
f 1690/1690/1690 1691/1691/1691 1692/1692/1692
f 1693/1693/1693 1694/1694/1694 1695/1695/1695
f 1696/1696/1696 1697/1697/1697 1698/1698/1698
f 1699/1699/1699 1700/1700/1700 1701/1701/1701
f 1702/1702/1702 1703/1703/1703 1704/1704/1704
f 1705/1705/1705 1706/1706/1706 1707/1707/1707
f 1708/1708/1708 1709/1709/1709 1710/1710/1710
f 1711/1711/1711 1712/1712/1712 1713/1713/1713
f 1714/1714/1714 1715/1715/1715 1716/1716/1716
f 1717/1717/1717 1718/1718/1718 1719/1719/1719
f 1720/1720/1720 1721/1721/1721 1722/1722/1722
f 1723/1723/1723 1724/1724/1724 1725/1725/1725
f 1726/1726/1726 1727/1727/1727 1728/1728/1728
f 1729/1729/1729 1730/1730/1730 1731/1731/1731
f 1732/1732/1732 1733/1733/1733 1734/1734/1734
f 1735/1735/1735 1736/1736/1736 1737/1737/1737
f 1738/1738/1738 1739/1739/1739 1740/1740/1740
f 1741/1741/1741 1742/1742/1742 1743/1743/1743
f 1744/1744/1744 1745/1745/1745 1746/1746/1746
f 1747/1747/1747 1748/1748/1748 1749/1749/1749
f 1750/1750/1750 1751/1751/1751 1752/1752/1752
f 1753/1753/1753 1754/1754/1754 1755/1755/1755
f 1756/1756/1756 1757/1757/1757 1758/1758/1758
f 1759/1759/1759 1760/1760/1760 1761/1761/1761
f 1762/1762/1762 1763/1763/1763 1764/1764/1764
f 1765/1765/1765 1766/1766/1766 1767/1767/1767
f 1768/1768/1768 1769/1769/1769 1770/1770/1770
f 1771/1771/1771 1772/1772/1772 1773/1773/1773
f 1774/1774/1774 1775/1775/1775 1776/1776/1776
f 1777/1777/1777 1778/1778/1778 1779/1779/1779
f 1780/1780/1780 1781/1781/1781 1782/1782/1782
f 1783/1783/1783 1784/1784/1784 1785/1785/1785
f 1786/1786/1786 1787/1787/1787 1788/1788/1788
f 1789/1789/1789 1790/1790/1790 1791/1791/1791
f 1792/1792/1792 1793/1793/1793 1794/1794/1794
f 1795/1795/1795 1796/1796/1796 1797/1797/1797
f 1798/1798/1798 1799/1799/1799 1800/1800/1800
f 1801/1801/1801 1802/1802/1802 1803/1803/1803
f 1804/1804/1804 1805/1805/1805 1806/1806/1806
f 1807/1807/1807 1808/1808/1808 1809/1809/1809
f 1810/1810/1810 1811/1811/1811 1812/1812/1812
f 1813/1813/1813 1814/1814/1814 1815/1815/1815
f 1816/1816/1816 1817/1817/1817 1818/1818/1818
f 1819/1819/1819 1820/1820/1820 1821/1821/1821
f 1822/1822/1822 1823/1823/1823 1824/1824/1824
f 1825/1825/1825 1826/1826/1826 1827/1827/1827
f 1828/1828/1828 1829/1829/1829 1830/1830/1830
f 1831/1831/1831 1832/1832/1832 1833/1833/1833
f 1834/1834/1834 1835/1835/1835 1836/1836/1836
f 1837/1837/1837 1838/1838/1838 1839/1839/1839
f 1840/1840/1840 1841/1841/1841 1842/1842/1842
f 1843/1843/1843 1844/1844/1844 1845/1845/1845
f 1846/1846/1846 1847/1847/1847 1848/1848/1848
f 1849/1849/1849 1850/1850/1850 1851/1851/1851
f 1852/1852/1852 1853/1853/1853 1854/1854/1854
f 1855/1855/1855 1856/1856/1856 1857/1857/1857
f 1858/1858/1858 1859/1859/1859 1860/1860/1860
f 1861/1861/1861 1862/1862/1862 1863/1863/1863
f 1864/1864/1864 1865/1865/1865 1866/1866/1866
f 1867/1867/1867 1868/1868/1868 1869/1869/1869
f 1870/1870/1870 1871/1871/1871 1872/1872/1872
f 1873/1873/1873 1874/1874/1874 1875/1875/1875
f 1876/1876/1876 1877/1877/1877 1878/1878/1878
f 1879/1879/1879 1880/1880/1880 1881/1881/1881
f 1882/1882/1882 1883/1883/1883 1884/1884/1884
f 1885/1885/1885 1886/1886/1886 1887/1887/1887
f 1888/1888/1888 1889/1889/1889 1890/1890/1890
f 1891/1891/1891 1892/1892/1892 1893/1893/1893
f 1894/1894/1894 1895/1895/1895 1896/1896/1896
f 1897/1897/1897 1898/1898/1898 1899/1899/1899
f 1900/1900/1900 1901/1901/1901 1902/1902/1902
f 1903/1903/1903 1904/1904/1904 1905/1905/1905
f 1906/1906/1906 1907/1907/1907 1908/1908/1908
f 1909/1909/1909 1910/1910/1910 1911/1911/1911
f 1912/1912/1912 1913/1913/1913 1914/1914/1914
f 1915/1915/1915 1916/1916/1916 1917/1917/1917
f 1918/1918/1918 1919/1919/1919 1920/1920/1920
f 1921/1921/1921 1922/1922/1922 1923/1923/1923
f 1924/1924/1924 1925/1925/1925 1926/1926/1926
f 1927/1927/1927 1928/1928/1928 1929/1929/1929
f 1930/1930/1930 1931/1931/1931 1932/1932/1932
f 1933/1933/1933 1934/1934/1934 1935/1935/1935
f 1936/1936/1936 1937/1937/1937 1938/1938/1938
f 1939/1939/1939 1940/1940/1940 1941/1941/1941
f 1942/1942/1942 1943/1943/1943 1944/1944/1944
f 1945/1945/1945 1946/1946/1946 1947/1947/1947
f 1948/1948/1948 1949/1949/1949 1950/1950/1950
f 1951/1951/1951 1952/1952/1952 1953/1953/1953
f 1954/1954/1954 1955/1955/1955 1956/1956/1956
f 1957/1957/1957 1958/1958/1958 1959/1959/1959
f 1960/1960/1960 1961/1961/1961 1962/1962/1962
f 1963/1963/1963 1964/1964/1964 1965/1965/1965
f 1966/1966/1966 1967/1967/1967 1968/1968/1968
f 1969/1969/1969 1970/1970/1970 1971/1971/1971
f 1972/1972/1972 1973/1973/1973 1974/1974/1974
f 1975/1975/1975 1976/1976/1976 1977/1977/1977
f 1978/1978/1978 1979/1979/1979 1980/1980/1980
f 1981/1981/1981 1982/1982/1982 1983/1983/1983
f 1984/1984/1984 1985/1985/1985 1986/1986/1986
f 1987/1987/1987 1988/1988/1988 1989/1989/1989
f 1990/1990/1990 1991/1991/1991 1992/1992/1992
f 1993/1993/1993 1994/1994/1994 1995/1995/1995
f 1996/1996/1996 1997/1997/1997 1998/1998/1998
f 1999/1999/1999 2000/2000/2000 2001/2001/2001
f 2002/2002/2002 2003/2003/2003 2004/2004/2004
f 2005/2005/2005 2006/2006/2006 2007/2007/2007
f 2008/2008/2008 2009/2009/2009 2010/2010/2010
f 2011/2011/2011 2012/2012/2012 2013/2013/2013
f 2014/2014/2014 2015/2015/2015 2016/2016/2016
f 2017/2017/2017 2018/2018/2018 2019/2019/2019
f 2020/2020/2020 2021/2021/2021 2022/2022/2022
f 2023/2023/2023 2024/2024/2024 2025/2025/2025
f 2026/2026/2026 2027/2027/2027 2028/2028/2028
f 2029/2029/2029 2030/2030/2030 2031/2031/2031
f 2032/2032/2032 2033/2033/2033 2034/2034/2034
f 2035/2035/2035 2036/2036/2036 2037/2037/2037
f 2038/2038/2038 2039/2039/2039 2040/2040/2040
f 2041/2041/2041 2042/2042/2042 2043/2043/2043
f 2044/2044/2044 2045/2045/2045 2046/2046/2046
f 2047/2047/2047 2048/2048/2048 2049/2049/2049
f 2050/2050/2050 2051/2051/2051 2052/2052/2052
f 2053/2053/2053 2054/2054/2054 2055/2055/2055
f 2056/2056/2056 2057/2057/2057 2058/2058/2058
f 2059/2059/2059 2060/2060/2060 2061/2061/2061
f 2062/2062/2062 2063/2063/2063 2064/2064/2064
f 2065/2065/2065 2066/2066/2066 2067/2067/2067
f 2068/2068/2068 2069/2069/2069 2070/2070/2070
f 2071/2071/2071 2072/2072/2072 2073/2073/2073
f 2074/2074/2074 2075/2075/2075 2076/2076/2076
f 2077/2077/2077 2078/2078/2078 2079/2079/2079
f 2080/2080/2080 2081/2081/2081 2082/2082/2082
f 2083/2083/2083 2084/2084/2084 2085/2085/2085
f 2086/2086/2086 2087/2087/2087 2088/2088/2088
f 2089/2089/2089 2090/2090/2090 2091/2091/2091
f 2092/2092/2092 2093/2093/2093 2094/2094/2094
f 2095/2095/2095 2096/2096/2096 2097/2097/2097
f 2098/2098/2098 2099/2099/2099 2100/2100/2100
f 2101/2101/2101 2102/2102/2102 2103/2103/2103
f 2104/2104/2104 2105/2105/2105 2106/2106/2106
f 2107/2107/2107 2108/2108/2108 2109/2109/2109
f 2110/2110/2110 2111/2111/2111 2112/2112/2112
f 2113/2113/2113 2114/2114/2114 2115/2115/2115
f 2116/2116/2116 2117/2117/2117 2118/2118/2118
f 2119/2119/2119 2120/2120/2120 2121/2121/2121
f 2122/2122/2122 2123/2123/2123 2124/2124/2124
f 2125/2125/2125 2126/2126/2126 2127/2127/2127
f 2128/2128/2128 2129/2129/2129 2130/2130/2130
f 2131/2131/2131 2132/2132/2132 2133/2133/2133
f 2134/2134/2134 2135/2135/2135 2136/2136/2136
f 2137/2137/2137 2138/2138/2138 2139/2139/2139
f 2140/2140/2140 2141/2141/2141 2142/2142/2142
f 2143/2143/2143 2144/2144/2144 2145/2145/2145
f 2146/2146/2146 2147/2147/2147 2148/2148/2148
f 2149/2149/2149 2150/2150/2150 2151/2151/2151
f 2152/2152/2152 2153/2153/2153 2154/2154/2154
f 2155/2155/2155 2156/2156/2156 2157/2157/2157
f 2158/2158/2158 2159/2159/2159 2160/2160/2160
f 2161/2161/2161 2162/2162/2162 2163/2163/2163
f 2164/2164/2164 2165/2165/2165 2166/2166/2166
f 2167/2167/2167 2168/2168/2168 2169/2169/2169
f 2170/2170/2170 2171/2171/2171 2172/2172/2172
f 2173/2173/2173 2174/2174/2174 2175/2175/2175
f 2176/2176/2176 2177/2177/2177 2178/2178/2178
f 2179/2179/2179 2180/2180/2180 2181/2181/2181
f 2182/2182/2182 2183/2183/2183 2184/2184/2184
f 2185/2185/2185 2186/2186/2186 2187/2187/2187
f 2188/2188/2188 2189/2189/2189 2190/2190/2190
f 2191/2191/2191 2192/2192/2192 2193/2193/2193
f 2194/2194/2194 2195/2195/2195 2196/2196/2196
f 2197/2197/2197 2198/2198/2198 2199/2199/2199
f 2200/2200/2200 2201/2201/2201 2202/2202/2202
f 2203/2203/2203 2204/2204/2204 2205/2205/2205
f 2206/2206/2206 2207/2207/2207 2208/2208/2208
f 2209/2209/2209 2210/2210/2210 2211/2211/2211
f 2212/2212/2212 2213/2213/2213 2214/2214/2214
f 2215/2215/2215 2216/2216/2216 2217/2217/2217
f 2218/2218/2218 2219/2219/2219 2220/2220/2220
