o Mesh
usemtl phong1
v 0.03539000079035759 -0.061574000865221024 0
v 0 -0.07104499638080597 0.0012860000133514404
v 0 -0.07101999968290329 0
v -0.00027799999224953353 -0.07108400017023087 0.0025740000419318676
v 0 -0.07101999968290329 0
v 0 -0.07104499638080597 0.0012860000133514404
v 0.00027799999224953353 0.0710190013051033 0
v 0 -0.07101999968290329 0
v 0 0.0710190013051033 0
v -0.00027799999224953353 -0.0710190013051033 0
v 0 0.0710190013051033 0
v 0 -0.07101999968290329 0
v 0.0005559999844990671 0.0710190013051033 0
v 0 -0.07101999968290329 0
v 0.00027799999224953353 0.0710190013051033 0
v 0.03539000079035759 -0.061574000865221024 0
v 0 -0.07101999968290329 0
v 0.0005559999844990671 0.0710190013051033 0
v -0.00027799999224953353 -0.07108400017023087 0.0025740000419318676
v -0.00027799999224953353 -0.0710190013051033 0
v 0 -0.07101999968290329 0
v 0.03539000079035759 -0.061574000865221024 0
v 0 -0.07108499854803085 0.0025710000190883875
v 0 -0.07104499638080597 0.0012860000133514404
v -0.00027799999224953353 -0.07108400017023087 0.0025740000419318676
v 0 -0.07104499638080597 0.0012860000133514404
v 0 -0.07108499854803085 0.0025710000190883875
v 0.03539000079035759 -0.061574000865221024 0
v 0.008825999684631824 -0.07062999904155731 0.004641999956220388
v 0 -0.07108499854803085 0.0025710000190883875
v 0.012884000316262245 -0.0711200013756752 0.036084000021219254
v 0 -0.07108499854803085 0.0025710000190883875
v 0.008825999684631824 -0.07062999904155731 0.004641999956220388
v -0.0005290000117383897 -0.0711200013756752 0.004726000130176544
v -0.00027799999224953353 -0.07108400017023087 0.0025740000419318676
v 0 -0.07108499854803085 0.0025710000190883875
v 0 -0.07111100107431412 0.003541999962180853
v -0.0005290000117383897 -0.0711200013756752 0.004726000130176544
v 0 -0.07108499854803085 0.0025710000190883875
v 0.012884000316262245 -0.0711200013756752 0.036084000021219254
v 0 -0.07111100107431412 0.003541999962180853
v 0 -0.07108499854803085 0.0025710000190883875
v 0.03539000079035759 -0.061574000865221024 0
v 0.022538000717759132 -0.0680989995598793 0.011239999905228615
v 0.008825999684631824 -0.07062999904155731 0.004641999956220388
v 0.028953999280929565 -0.06824800372123718 0.029766999185085297
v 0.008825999684631824 -0.07062999904155731 0.004641999956220388
v 0.022538000717759132 -0.0680989995598793 0.011239999905228615
v 0.028953999280929565 -0.06824800372123718 0.029766999185085297
v 0.012884000316262245 -0.0711200013756752 0.036084000021219254
v 0.008825999684631824 -0.07062999904155731 0.004641999956220388
v 0.03539000079035759 -0.061574000865221024 0
v 0.04338100180029869 -0.05986800044775009 0.02409599907696247
v 0.022538000717759132 -0.0680989995598793 0.011239999905228615
v 0.03402800112962723 -0.06604000180959702 0.027772000059485435
v 0.022538000717759132 -0.0680989995598793 0.011239999905228615
v 0.04338100180029869 -0.05986800044775009 0.02409599907696247
v 0.03402800112962723 -0.06604000180959702 0.027772000059485435
v 0.028953999280929565 -0.06824800372123718 0.029766999185085297
v 0.022538000717759132 -0.0680989995598793 0.011239999905228615
v 0.06139799952507019 -0.03569300100207329 0
v 0.06585299968719482 -0.03360600024461746 0.02409599907696247
v 0.04338100180029869 -0.05986800044775009 0.02409599907696247
v 0.0554330013692379 -0.05488000065088272 0.04538999870419502
v 0.04338100180029869 -0.05986800044775009 0.02409599907696247
v 0.06585299968719482 -0.03360600024461746 0.02409599907696247
v 0.03539000079035759 -0.061574000865221024 0
v 0.06139799952507019 -0.03569300100207329 0
v 0.04338100180029869 -0.05986800044775009 0.02409599907696247
v 0.0554330013692379 -0.05488000065088272 0.04538999870419502
v 0.03402800112962723 -0.06604000180959702 0.027772000059485435
v 0.04338100180029869 -0.05986800044775009 0.02409599907696247
v 0.07101800292730331 -0.00028300000121816993 0
v 0.07393299788236618 0 0.02409599907696247
v 0.06585299968719482 -0.03360600024461746 0.02409599907696247
v 0.07902000099420547 -0.01899999938905239 0.08651900291442871
v 0.06585299968719482 -0.03360600024461746 0.02409599907696247
v 0.07393299788236618 0 0.02409599907696247
v 0.06139799952507019 -0.03569300100207329 0
v 0.07101800292730331 -0.00028300000121816993 0
v 0.06585299968719482 -0.03360600024461746 0.02409599907696247
v 0.06233099848031998 -0.05188300088047981 0.07843299955129623
v 0.06585299968719482 -0.03360600024461746 0.02409599907696247
v 0.0626790001988411 -0.05173499882221222 0.0864889994263649
v 0.07902000099420547 -0.01899999938905239 0.08651900291442871
v 0.0626790001988411 -0.05173499882221222 0.0864889994263649
v 0.06585299968719482 -0.03360600024461746 0.02409599907696247
v 0.0554330013692379 -0.05488000065088272 0.04538999870419502
v 0.06585299968719482 -0.03360600024461746 0.02409599907696247
v 0.06233099848031998 -0.05188300088047981 0.07843299955129623
v 0.06168000027537346 0.0352029986679554 0
v 0.06585299968719482 0.03360600024461746 0.02409599907696247
v 0.07393299788236618 0 0.02409599907696247
v 0.07914599776268005 0.018466999754309654 0.08651900291442871
v 0.07393299788236618 0 0.02409599907696247
v 0.06585299968719482 0.03360600024461746 0.02409599907696247
v 0.07101800292730331 -0.00028300000121816993 0
v 0.06168000027537346 0.0352029986679554 0
v 0.07393299788236618 0 0.02409599907696247
v 0.07902000099420547 -0.01899999938905239 0.08651900291442871
v 0.07393299788236618 0 0.02409599907696247
v 0.07914599776268005 0.018466999754309654 0.08651900291442871
v 0.06168000027537346 0.0352029986679554 0
v 0.04338100180029869 0.05986800044775009 0.02409599907696247
v 0.06585299968719482 0.03360600024461746 0.02409599907696247
v 0.05611199885606766 0.05458499863743782 0.047256000339984894
v 0.06585299968719482 0.03360600024461746 0.02409599907696247
v 0.04338100180029869 0.05986800044775009 0.02409599907696247
v 0.06261599808931351 0.05175900086760521 0.08380600064992905
v 0.07914599776268005 0.018466999754309654 0.08651900291442871
v 0.06585299968719482 0.03360600024461746 0.02409599907696247
v 0.05611199885606766 0.05458499863743782 0.047256000339984894
v 0.06261599808931351 0.05175900086760521 0.08380600064992905
v 0.06585299968719482 0.03360600024461746 0.02409599907696247
v 0.03587900102138519 0.06128999963402748 0
v 0.03167000040411949 0.06515099853277206 0.01644499972462654
v 0.04338100180029869 0.05986800044775009 0.02409599907696247
v 0.034026000648736954 0.066041000187397 0.027773000299930573
v 0.04338100180029869 0.05986800044775009 0.02409599907696247
v 0.03167000040411949 0.06515099853277206 0.01644499972462654
v 0.06168000027537346 0.0352029986679554 0
v 0.03587900102138519 0.06128999963402748 0
v 0.04338100180029869 0.05986800044775009 0.02409599907696247
v 0.04221000149846077 0.06602700054645538 0.059804998338222504
v 0.05611199885606766 0.05458499863743782 0.047256000339984894
v 0.04338100180029869 0.05986800044775009 0.02409599907696247
v 0.034026000648736954 0.066041000187397 0.027773000299930573
v 0.04221000149846077 0.06602700054645538 0.059804998338222504
v 0.04338100180029869 0.05986800044775009 0.02409599907696247
v 0.03587900102138519 0.06128999963402748 0
v 0.02224699966609478 0.06817600131034851 0.011083999648690224
v 0.03167000040411949 0.06515099853277206 0.01644499972462654
v 0.02543500065803528 0.06822899729013443 0.020339999347925186
v 0.03167000040411949 0.06515099853277206 0.01644499972462654
v 0.02224699966609478 0.06817600131034851 0.011083999648690224
v 0.029006000608205795 0.06822899729013443 0.029746999964118004
v 0.034026000648736954 0.066041000187397 0.027773000299930573
v 0.03167000040411949 0.06515099853277206 0.01644499972462654
v 0.02543500065803528 0.06822899729013443 0.020339999347925186
v 0.029006000608205795 0.06822899729013443 0.029746999964118004
v 0.03167000040411949 0.06515099853277206 0.01644499972462654
v 0.0005559999844990671 0.0710190013051033 0
v 0.021990999579429626 0.06824299693107605 0.010945999994874
v 0.02224699966609478 0.06817600131034851 0.011083999648690224
v 0.02543500065803528 0.06822899729013443 0.020339999347925186
v 0.02224699966609478 0.06817600131034851 0.011083999648690224
v 0.021990999579429626 0.06824299693107605 0.010945999994874
v 0.03587900102138519 0.06128999963402748 0
v 0.0005559999844990671 0.0710190013051033 0
v 0.02224699966609478 0.06817600131034851 0.011083999648690224
v 0.0005559999844990671 0.0710190013051033 0
v 0.008868999779224396 0.07062499970197678 0.004660000093281269
v 0.021990999579429626 0.06824299693107605 0.010945999994874
v 0.00519599998369813 0.0711200013756752 0.015316000208258629
v 0.021990999579429626 0.06824299693107605 0.010945999994874
v 0.008868999779224396 0.07062499970197678 0.004660000093281269
v 0.006541000213474035 0.0711200013756752 0.01905299909412861
v 0.008190999738872051 0.0711200013756752 0.02362300083041191
v 0.021990999579429626 0.06824299693107605 0.010945999994874
v 0.02543500065803528 0.06822899729013443 0.020339999347925186
v 0.021990999579429626 0.06824299693107605 0.010945999994874
v 0.008190999738872051 0.0711200013756752 0.02362300083041191
v 0.00519599998369813 0.0711200013756752 0.015316000208258629
v 0.006541000213474035 0.0711200013756752 0.01905299909412861
v 0.021990999579429626 0.06824299693107605 0.010945999994874
v 0.0005559999844990671 0.0710190013051033 0
v 0.0005569999921135604 0.07108300179243088 0.002580000087618828
v 0.008868999779224396 0.07062499970197678 0.004660000093281269
v 0.001597000053152442 0.0711200013756752 0.0062339999713003635
v 0.008868999779224396 0.07062499970197678 0.004660000093281269
v 0.0005569999921135604 0.07108300179243088 0.002580000087618828
v 0.004081999883055687 0.0711200013756752 0.012267000041902065
v 0.00519599998369813 0.0711200013756752 0.015316000208258629
v 0.008868999779224396 0.07062499970197678 0.004660000093281269
v 0.003143999958410859 0.0711200013756752 0.009793000295758247
v 0.004081999883055687 0.0711200013756752 0.012267000041902065
v 0.008868999779224396 0.07062499970197678 0.004660000093281269
v 0.0023320000618696213 0.0711200013756752 0.0078039998188614845
v 0.003143999958410859 0.0711200013756752 0.009793000295758247
v 0.008868999779224396 0.07062499970197678 0.004660000093281269
v 0.001597000053152442 0.0711200013756752 0.0062339999713003635
v 0.0023320000618696213 0.0711200013756752 0.0078039998188614845
v 0.008868999779224396 0.07062499970197678 0.004660000093281269
v 0.00027799999224953353 0.0710190013051033 0
v 0.00027799999224953353 0.07108400017023087 0.0025740000419318676
v 0.0005569999921135604 0.07108300179243088 0.002580000087618828
v 0.0008640000014565885 0.0711200013756752 0.0050650001503527164
v 0.0005569999921135604 0.07108300179243088 0.002580000087618828
v 0.00027799999224953353 0.07108400017023087 0.0025740000419318676
v 0.0005559999844990671 0.0710190013051033 0
v 0.00027799999224953353 0.0710190013051033 0
v 0.0005569999921135604 0.07108300179243088 0.002580000087618828
v 0.0008640000014565885 0.0711200013756752 0.0050650001503527164
v 0.001597000053152442 0.0711200013756752 0.0062339999713003635
v 0.0005569999921135604 0.07108300179243088 0.002580000087618828
v 0 0.07104499638080597 0.0012860000133514404
v 0 0.07108499854803085 0.0025710000190883875
v 0.00027799999224953353 0.07108400017023087 0.0025740000419318676
v 0.0008640000014565885 0.0711200013756752 0.0050650001503527164
v 0.00027799999224953353 0.07108400017023087 0.0025740000419318676
v 0 0.07108499854803085 0.0025710000190883875
v 0 0.0710190013051033 0
v 0 0.07104499638080597 0.0012860000133514404
v 0.00027799999224953353 0.07108400017023087 0.0025740000419318676
v 0.00027799999224953353 0.0710190013051033 0
v 0 0.0710190013051033 0
v 0.00027799999224953353 0.07108400017023087 0.0025740000419318676
v -0.035385001450777054 0.0615760013461113 0
v 0 0.07108499854803085 0.0025710000190883875
v 0 0.07104499638080597 0.0012860000133514404
v -0.008825999684631824 0.07062999904155731 0.004641999956220388
v 0 0.07108499854803085 0.0025710000190883875
v -0.035385001450777054 0.0615760013461113 0
v -0.012884000316262245 0.0711200013756752 0.036084000021219254
v 0 0.07108499854803085 0.0025710000190883875
v -0.008825999684631824 0.07062999904155731 0.004641999956220388
v 0 0.07111100107431412 0.003541999962180853
v 0 0.07108499854803085 0.0025710000190883875
v -0.012884000316262245 0.0711200013756752 0.036084000021219254
v 0 0.07111100107431412 0.003541999962180853
v 0.0008640000014565885 0.0711200013756752 0.0050650001503527164
v 0 0.07108499854803085 0.0025710000190883875
v -0.035385001450777054 0.0615760013461113 0
v 0 0.07104499638080597 0.0012860000133514404
v 0 0.0710190013051033 0
v -0.0005559999844990671 -0.0710190013051033 0
v -0.035385001450777054 0.0615760013461113 0
v 0 0.0710190013051033 0
v -0.00027799999224953353 -0.0710190013051033 0
v -0.0005559999844990671 -0.0710190013051033 0
v 0 0.0710190013051033 0
v 0.03539000079035759 -0.061574000865221024 0
v 0.0005559999844990671 0.0710190013051033 0
v 0.03587900102138519 0.06128999963402748 0
v 0.06139799952507019 -0.03569300100207329 0
v 0.03587900102138519 0.06128999963402748 0
v 0.06168000027537346 0.0352029986679554 0
v 0.03539000079035759 -0.061574000865221024 0
v 0.03587900102138519 0.06128999963402748 0
v 0.06139799952507019 -0.03569300100207329 0
v 0.06139799952507019 -0.03569300100207329 0
v 0.06168000027537346 0.0352029986679554 0
v 0.07101800292730331 -0.00028300000121816993 0
v -0.03587999939918518 -0.06128900125622749 0
v -0.06139500066637993 0.03569699823856354 0
v -0.035385001450777054 0.0615760013461113 0
v -0.04338100180029869 0.05986800044775009 0.02409599907696247
v -0.035385001450777054 0.0615760013461113 0
v -0.06139500066637993 0.03569699823856354 0
v -0.0005559999844990671 -0.0710190013051033 0
v -0.03587999939918518 -0.06128900125622749 0
v -0.035385001450777054 0.0615760013461113 0
v -0.022538000717759132 0.0680989995598793 0.011239999905228615
v -0.008825999684631824 0.07062999904155731 0.004641999956220388
v -0.035385001450777054 0.0615760013461113 0
v -0.04338100180029869 0.05986800044775009 0.02409599907696247
v -0.022538000717759132 0.0680989995598793 0.011239999905228615
v -0.035385001450777054 0.0615760013461113 0
v -0.06168099865317345 -0.035200998187065125 0
v -0.07101800292730331 0.0002859999949578196 0
v -0.06139500066637993 0.03569699823856354 0
v -0.06585299968719482 0.03360600024461746 0.02409599907696247
v -0.06139500066637993 0.03569699823856354 0
v -0.07101800292730331 0.0002859999949578196 0
v -0.03587999939918518 -0.06128900125622749 0
v -0.06168099865317345 -0.035200998187065125 0
v -0.06139500066637993 0.03569699823856354 0
v -0.06585299968719482 0.03360600024461746 0.02409599907696247
v -0.04338100180029869 0.05986800044775009 0.02409599907696247
v -0.06139500066637993 0.03569699823856354 0
v -0.07393299788236618 0 0.02409599907696247
v -0.07101800292730331 0.0002859999949578196 0
v -0.06168099865317345 -0.035200998187065125 0
v -0.07393299788236618 0 0.02409599907696247
v -0.06585299968719482 0.03360600024461746 0.02409599907696247
v -0.07101800292730331 0.0002859999949578196 0
v -0.04338100180029869 -0.05986800044775009 0.02409599907696247
v -0.06168099865317345 -0.035200998187065125 0
v -0.03587999939918518 -0.06128900125622749 0
v -0.06585299968719482 -0.03360600024461746 0.02409599907696247
v -0.07393299788236618 0 0.02409599907696247
v -0.06168099865317345 -0.035200998187065125 0
v -0.04338100180029869 -0.05986800044775009 0.02409599907696247
v -0.06585299968719482 -0.03360600024461746 0.02409599907696247
v -0.06168099865317345 -0.035200998187065125 0
v -0.02224699966609478 -0.06817600131034851 0.011083999648690224
v -0.03587999939918518 -0.06128900125622749 0
v -0.0005559999844990671 -0.0710190013051033 0
v -0.03167000040411949 -0.06515099853277206 0.01644499972462654
v -0.04338100180029869 -0.05986800044775009 0.02409599907696247
v -0.03587999939918518 -0.06128900125622749 0
v -0.02224699966609478 -0.06817600131034851 0.011083999648690224
v -0.03167000040411949 -0.06515099853277206 0.01644499972462654
v -0.03587999939918518 -0.06128900125622749 0
v -0.0005569999921135604 -0.07108300179243088 0.002580000087618828
v -0.0005559999844990671 -0.0710190013051033 0
v -0.00027799999224953353 -0.0710190013051033 0
v -0.021990999579429626 -0.06824299693107605 0.010945999994874
v -0.02224699966609478 -0.06817600131034851 0.011083999648690224
v -0.0005559999844990671 -0.0710190013051033 0
v -0.008868999779224396 -0.07062499970197678 0.004660000093281269
v -0.021990999579429626 -0.06824299693107605 0.010945999994874
v -0.0005559999844990671 -0.0710190013051033 0
v -0.0005569999921135604 -0.07108300179243088 0.002580000087618828
v -0.008868999779224396 -0.07062499970197678 0.004660000093281269
v -0.0005559999844990671 -0.0710190013051033 0
v -0.00027799999224953353 -0.07108400017023087 0.0025740000419318676
v -0.0005569999921135604 -0.07108300179243088 0.002580000087618828
v -0.00027799999224953353 -0.0710190013051033 0
v -0.0210999995470047 0.07038400322198868 0.032853998243808746
v -0.008825999684631824 0.07062999904155731 0.004641999956220388
v -0.022538000717759132 0.0680989995598793 0.011239999905228615
v -0.012884000316262245 0.0711200013756752 0.036084000021219254
v -0.008825999684631824 0.07062999904155731 0.004641999956220388
v -0.0210999995470047 0.07038400322198868 0.032853998243808746
v -0.034042999148368835 0.06603199988603592 0.0277670007199049
v -0.022538000717759132 0.0680989995598793 0.011239999905228615
v -0.04338100180029869 0.05986800044775009 0.02409599907696247
v -0.029062999412417412 0.0682080015540123 0.0297240000218153
v -0.022538000717759132 0.0680989995598793 0.011239999905228615
v -0.034042999148368835 0.06603199988603592 0.0277670007199049
v -0.0210999995470047 0.07038400322198868 0.032853998243808746
v -0.022538000717759132 0.0680989995598793 0.011239999905228615
v -0.029062999412417412 0.0682080015540123 0.0297240000218153
v -0.05613899976015091 0.054572999477386475 0.04733100160956383
v -0.04338100180029869 0.05986800044775009 0.02409599907696247
v -0.06585299968719482 0.03360600024461746 0.02409599907696247
v -0.034042999148368835 0.06603199988603592 0.0277670007199049
v -0.04338100180029869 0.05986800044775009 0.02409599907696247
v -0.05613899976015091 0.054572999477386475 0.04733100160956383
v -0.07914099842309952 0.018489999696612358 0.08651900291442871
v -0.06585299968719482 0.03360600024461746 0.02409599907696247
v -0.07393299788236618 0 0.02409599907696247
v -0.06268099695444107 0.05173499882221222 0.08673900365829468
v -0.06585299968719482 0.03360600024461746 0.02409599907696247
v -0.07914099842309952 0.018489999696612358 0.08651900291442871
v -0.06262200325727463 0.05175599828362465 0.08397900313138962
v -0.06585299968719482 0.03360600024461746 0.02409599907696247
v -0.06268099695444107 0.05173499882221222 0.08673900365829468
v -0.06048800051212311 0.052678998559713364 0.06389199942350388
v -0.05613899976015091 0.054572999477386475 0.04733100160956383
v -0.06585299968719482 0.03360600024461746 0.02409599907696247
v -0.06262200325727463 0.05175599828362465 0.08397900313138962
v -0.06048800051212311 0.052678998559713364 0.06389199942350388
v -0.06585299968719482 0.03360600024461746 0.02409599907696247
v -0.07903599739074707 -0.01893400028347969 0.08651900291442871
v -0.07393299788236618 0 0.02409599907696247
v -0.06585299968719482 -0.03360600024461746 0.02409599907696247
v -0.07914099842309952 0.018489999696612358 0.08651900291442871
v -0.07393299788236618 0 0.02409599907696247
v -0.07903599739074707 -0.01893400028347969 0.08651900291442871
v -0.055622000247240067 -0.05479799956083298 0.045896999537944794
v -0.06585299968719482 -0.03360600024461746 0.02409599907696247
v -0.04338100180029869 -0.05986800044775009 0.02409599907696247
v -0.06239999830722809 -0.05185599997639656 0.07948900014162064
v -0.07903599739074707 -0.01893400028347969 0.08651900291442871
v -0.06585299968719482 -0.03360600024461746 0.02409599907696247
v -0.055622000247240067 -0.05479799956083298 0.045896999537944794
v -0.06239999830722809 -0.05185599997639656 0.07948900014162064
v -0.06585299968719482 -0.03360600024461746 0.02409599907696247
v -0.03402699902653694 -0.06604000180959702 0.027773000299930573
v -0.04338100180029869 -0.05986800044775009 0.02409599907696247
v -0.03167000040411949 -0.06515099853277206 0.01644499972462654
v -0.04365900158882141 -0.06602700054645538 0.07257000356912613
v -0.04338100180029869 -0.05986800044775009 0.02409599907696247
v -0.03402699902653694 -0.06604000180959702 0.027773000299930573
v -0.04365900158882141 -0.06602700054645538 0.07257000356912613
v -0.055622000247240067 -0.05479799956083298 0.045896999537944794
v -0.04338100180029869 -0.05986800044775009 0.02409599907696247
v -0.02543500065803528 -0.06822899729013443 0.020339999347925186
v -0.03167000040411949 -0.06515099853277206 0.01644499972462654
v -0.02224699966609478 -0.06817600131034851 0.011083999648690224
v -0.029006000608205795 -0.06822899729013443 0.029746999964118004
v -0.03167000040411949 -0.06515099853277206 0.01644499972462654
v -0.02543500065803528 -0.06822899729013443 0.020339999347925186
v -0.03402699902653694 -0.06604000180959702 0.027773000299930573
v -0.03167000040411949 -0.06515099853277206 0.01644499972462654
v -0.029006000608205795 -0.06822899729013443 0.029746999964118004
v -0.02543500065803528 -0.06822899729013443 0.020339999347925186
v -0.02224699966609478 -0.06817600131034851 0.011083999648690224
v -0.021990999579429626 -0.06824299693107605 0.010945999994874
v -0.005038999952375889 -0.0711200013756752 0.014883000403642654
v -0.021990999579429626 -0.06824299693107605 0.010945999994874
v -0.008868999779224396 -0.07062499970197678 0.004660000093281269
v -0.00861900020390749 -0.0711200013756752 0.02479800023138523
v -0.02543500065803528 -0.06822899729013443 0.020339999347925186
v -0.021990999579429626 -0.06824299693107605 0.010945999994874
v -0.007550000213086605 -0.0711200013756752 0.021855000406503677
v -0.00861900020390749 -0.0711200013756752 0.02479800023138523
v -0.021990999579429626 -0.06824299693107605 0.010945999994874
v -0.006610000040382147 -0.0711200013756752 0.019246000796556473
v -0.007550000213086605 -0.0711200013756752 0.021855000406503677
v -0.021990999579429626 -0.06824299693107605 0.010945999994874
v -0.005778999999165535 -0.0711200013756752 0.016933999955654144
v -0.006610000040382147 -0.0711200013756752 0.019246000796556473
v -0.021990999579429626 -0.06824299693107605 0.010945999994874
v -0.005038999952375889 -0.0711200013756752 0.014883000403642654
v -0.005778999999165535 -0.0711200013756752 0.016933999955654144
v -0.021990999579429626 -0.06824299693107605 0.010945999994874
v -0.0018479999853298068 -0.0711200013756752 0.0067349998280406
v -0.008868999779224396 -0.07062499970197678 0.004660000093281269
v -0.0005569999921135604 -0.07108300179243088 0.002580000087618828
v -0.004377000033855438 -0.0711200013756752 0.013066999614238739
v -0.005038999952375889 -0.0711200013756752 0.014883000403642654
v -0.008868999779224396 -0.07062499970197678 0.004660000093281269
v -0.003780999919399619 -0.0711200013756752 0.011459000408649445
v -0.004377000033855438 -0.0711200013756752 0.013066999614238739
v -0.008868999779224396 -0.07062499970197678 0.004660000093281269
v -0.0032389999832957983 -0.0711200013756752 0.010037999600172043
v -0.003780999919399619 -0.0711200013756752 0.011459000408649445
v -0.008868999779224396 -0.07062499970197678 0.004660000093281269
v -0.002742999931797385 -0.0711200013756752 0.008786000311374664
v -0.0032389999832957983 -0.0711200013756752 0.010037999600172043
v -0.008868999779224396 -0.07062499970197678 0.004660000093281269
v -0.00228299992159009 -0.0711200013756752 0.007689999882131815
v -0.002742999931797385 -0.0711200013756752 0.008786000311374664
v -0.008868999779224396 -0.07062499970197678 0.004660000093281269
v -0.0018479999853298068 -0.0711200013756752 0.0067349998280406
v -0.00228299992159009 -0.0711200013756752 0.007689999882131815
v -0.008868999779224396 -0.07062499970197678 0.004660000093281269
v -0.0005290000117383897 -0.0711200013756752 0.004726000130176544
v -0.0005569999921135604 -0.07108300179243088 0.002580000087618828
v -0.00027799999224953353 -0.07108400017023087 0.0025740000419318676
v -0.0014250000240281224 -0.0711200013756752 0.005917000118643045
v -0.0018479999853298068 -0.0711200013756752 0.0067349998280406
v -0.0005569999921135604 -0.07108300179243088 0.002580000087618828
v -0.0009970000246539712 -0.0711200013756752 0.005235999822616577
v -0.0014250000240281224 -0.0711200013756752 0.005917000118643045
v -0.0005569999921135604 -0.07108300179243088 0.002580000087618828
v -0.0005290000117383897 -0.0711200013756752 0.004726000130176544
v -0.0009970000246539712 -0.0711200013756752 0.005235999822616577
v -0.0005569999921135604 -0.07108300179243088 0.002580000087618828
v -0.012884000316262245 -0.0711200013756752 0.036084000021219254
v -0.029006000608205795 -0.06822899729013443 0.029746999964118004
v -0.02543500065803528 -0.06822899729013443 0.020339999347925186
v -0.011250000447034836 -0.0711200013756752 0.031860001385211945
v -0.012884000316262245 -0.0711200013756752 0.036084000021219254
v -0.02543500065803528 -0.06822899729013443 0.020339999347925186
v -0.009841999970376492 -0.0711200013756752 0.028116999194025993
v -0.011250000447034836 -0.0711200013756752 0.031860001385211945
v -0.02543500065803528 -0.06822899729013443 0.020339999347925186
v -0.00861900020390749 -0.0711200013756752 0.02479800023138523
v -0.009841999970376492 -0.0711200013756752 0.028116999194025993
v -0.02543500065803528 -0.06822899729013443 0.020339999347925186
v -0.020715000107884407 -0.0711200013756752 0.07134199887514114
v -0.029006000608205795 -0.06822899729013443 0.029746999964118004
v -0.012884000316262245 -0.0711200013756752 0.036084000021219254
v -0.020715000107884407 -0.0711200013756752 0.07134199887514114
v -0.03402699902653694 -0.06604000180959702 0.027773000299930573
v -0.029006000608205795 -0.06822899729013443 0.029746999964118004
v 0.012884000316262245 -0.0711200013756752 0.036084000021219254
v -0.012884000316262245 -0.0711200013756752 0.036084000021219254
v -0.011250000447034836 -0.0711200013756752 0.031860001385211945
v 0.020715000107884407 -0.0711200013756752 0.07134299725294113
v -0.012884000316262245 -0.0711200013756752 0.036084000021219254
v 0.012884000316262245 -0.0711200013756752 0.036084000021219254
v -0.020715000107884407 -0.0711200013756752 0.07134199887514114
v -0.012884000316262245 -0.0711200013756752 0.036084000021219254
v 0.020715000107884407 -0.0711200013756752 0.07134299725294113
v 0.010257000103592873 -0.0711200013756752 0.029229000210762024
v -0.011250000447034836 -0.0711200013756752 0.031860001385211945
v -0.009841999970376492 -0.0711200013756752 0.028116999194025993
v 0.010257000103592873 -0.0711200013756752 0.029229000210762024
v 0.012884000316262245 -0.0711200013756752 0.036084000021219254
v -0.011250000447034836 -0.0711200013756752 0.031860001385211945
v 0.010257000103592873 -0.0711200013756752 0.029229000210762024
v -0.009841999970376492 -0.0711200013756752 0.028116999194025993
v -0.00861900020390749 -0.0711200013756752 0.02479800023138523
v 0.008196000009775162 -0.0711200013756752 0.02363700047135353
v -0.00861900020390749 -0.0711200013756752 0.02479800023138523
v -0.007550000213086605 -0.0711200013756752 0.021855000406503677
v 0.010257000103592873 -0.0711200013756752 0.029229000210762024
v -0.00861900020390749 -0.0711200013756752 0.02479800023138523
v 0.008196000009775162 -0.0711200013756752 0.02363700047135353
v 0.008196000009775162 -0.0711200013756752 0.02363700047135353
v -0.007550000213086605 -0.0711200013756752 0.021855000406503677
v -0.006610000040382147 -0.0711200013756752 0.019246000796556473
v 0.0065460000187158585 -0.0711200013756752 0.01906999945640564
v -0.006610000040382147 -0.0711200013756752 0.019246000796556473
v -0.005778999999165535 -0.0711200013756752 0.016933999955654144
v 0.008196000009775162 -0.0711200013756752 0.02363700047135353
v -0.006610000040382147 -0.0711200013756752 0.019246000796556473
v 0.0065460000187158585 -0.0711200013756752 0.01906999945640564
v 0.005200999788939953 -0.0711200013756752 0.015332000330090523
v -0.005778999999165535 -0.0711200013756752 0.016933999955654144
v -0.005038999952375889 -0.0711200013756752 0.014883000403642654
v 0.0065460000187158585 -0.0711200013756752 0.01906999945640564
v -0.005778999999165535 -0.0711200013756752 0.016933999955654144
v 0.005200999788939953 -0.0711200013756752 0.015332000330090523
v 0.005200999788939953 -0.0711200013756752 0.015332000330090523
v -0.005038999952375889 -0.0711200013756752 0.014883000403642654
v -0.004377000033855438 -0.0711200013756752 0.013066999614238739
v 0.0040870001539587975 -0.0711200013756752 0.012280999682843685
v -0.004377000033855438 -0.0711200013756752 0.013066999614238739
v -0.003780999919399619 -0.0711200013756752 0.011459000408649445
v 0.005200999788939953 -0.0711200013756752 0.015332000330090523
v -0.004377000033855438 -0.0711200013756752 0.013066999614238739
v 0.0040870001539587975 -0.0711200013756752 0.012280999682843685
v 0.0040870001539587975 -0.0711200013756752 0.012280999682843685
v -0.003780999919399619 -0.0711200013756752 0.011459000408649445
v -0.0032389999832957983 -0.0711200013756752 0.010037999600172043
v 0.0031479999888688326 -0.0711200013756752 0.009805000387132168
v -0.0032389999832957983 -0.0711200013756752 0.010037999600172043
v -0.002742999931797385 -0.0711200013756752 0.008786000311374664
v 0.0040870001539587975 -0.0711200013756752 0.012280999682843685
v -0.0032389999832957983 -0.0711200013756752 0.010037999600172043
v 0.0031479999888688326 -0.0711200013756752 0.009805000387132168
v 0.0023360000923275948 -0.0711200013756752 0.007813000120222569
v -0.002742999931797385 -0.0711200013756752 0.008786000311374664
v -0.00228299992159009 -0.0711200013756752 0.007689999882131815
v 0.0031479999888688326 -0.0711200013756752 0.009805000387132168
v -0.002742999931797385 -0.0711200013756752 0.008786000311374664
v 0.0023360000923275948 -0.0711200013756752 0.007813000120222569
v 0.0023360000923275948 -0.0711200013756752 0.007813000120222569
v -0.00228299992159009 -0.0711200013756752 0.007689999882131815
v -0.0018479999853298068 -0.0711200013756752 0.0067349998280406
v 0.0015999999595806003 -0.0711200013756752 0.006238999776542187
v -0.0018479999853298068 -0.0711200013756752 0.0067349998280406
v -0.0014250000240281224 -0.0711200013756752 0.005917000118643045
v 0.0023360000923275948 -0.0711200013756752 0.007813000120222569
v -0.0018479999853298068 -0.0711200013756752 0.0067349998280406
v 0.0015999999595806003 -0.0711200013756752 0.006238999776542187
v 0.0015999999595806003 -0.0711200013756752 0.006238999776542187
v -0.0014250000240281224 -0.0711200013756752 0.005917000118643045
v -0.0009970000246539712 -0.0711200013756752 0.005235999822616577
v 0.0008660000166855752 -0.0711200013756752 0.005067000165581703
v -0.0009970000246539712 -0.0711200013756752 0.005235999822616577
v -0.0005290000117383897 -0.0711200013756752 0.004726000130176544
v 0.0015999999595806003 -0.0711200013756752 0.006238999776542187
v -0.0009970000246539712 -0.0711200013756752 0.005235999822616577
v 0.0008660000166855752 -0.0711200013756752 0.005067000165581703
v 0 -0.07111100107431412 0.003541999962180853
v 0 -0.0711200013756752 0.004513000138103962
v -0.0005290000117383897 -0.0711200013756752 0.004726000130176544
v 0.0008660000166855752 -0.0711200013756752 0.005067000165581703
v -0.0005290000117383897 -0.0711200013756752 0.004726000130176544
v 0 -0.0711200013756752 0.004513000138103962
v 0.0008660000166855752 -0.0711200013756752 0.005067000165581703
v 0 -0.0711200013756752 0.004513000138103962
v 0 -0.07111100107431412 0.003541999962180853
v 0.010257000103592873 -0.0711200013756752 0.029229000210762024
v 0 -0.07111100107431412 0.003541999962180853
v 0.012884000316262245 -0.0711200013756752 0.036084000021219254
v 0.0015999999595806003 -0.0711200013756752 0.006238999776542187
v 0.0008660000166855752 -0.0711200013756752 0.005067000165581703
v 0 -0.07111100107431412 0.003541999962180853
v 0.0023360000923275948 -0.0711200013756752 0.007813000120222569
v 0.0015999999595806003 -0.0711200013756752 0.006238999776542187
v 0 -0.07111100107431412 0.003541999962180853
v 0.0031479999888688326 -0.0711200013756752 0.009805000387132168
v 0.0023360000923275948 -0.0711200013756752 0.007813000120222569
v 0 -0.07111100107431412 0.003541999962180853
v 0.0040870001539587975 -0.0711200013756752 0.012280999682843685
v 0.0031479999888688326 -0.0711200013756752 0.009805000387132168
v 0 -0.07111100107431412 0.003541999962180853
v 0.005200999788939953 -0.0711200013756752 0.015332000330090523
v 0.0040870001539587975 -0.0711200013756752 0.012280999682843685
v 0 -0.07111100107431412 0.003541999962180853
v 0.0065460000187158585 -0.0711200013756752 0.01906999945640564
v 0.005200999788939953 -0.0711200013756752 0.015332000330090523
v 0 -0.07111100107431412 0.003541999962180853
v 0.008196000009775162 -0.0711200013756752 0.02363700047135353
v 0.0065460000187158585 -0.0711200013756752 0.01906999945640564
v 0 -0.07111100107431412 0.003541999962180853
v 0.010257000103592873 -0.0711200013756752 0.029229000210762024
v 0.008196000009775162 -0.0711200013756752 0.02363700047135353
v 0 -0.07111100107431412 0.003541999962180853
v -0.020715000107884407 -0.0711200013756752 0.07134199887514114
v -0.04365900158882141 -0.06602700054645538 0.07257000356912613
v -0.03402699902653694 -0.06604000180959702 0.027773000299930573
v 0.04365900158882141 -0.06602700054645538 0.07257000356912613
v 0.012884000316262245 -0.0711200013756752 0.036084000021219254
v 0.028953999280929565 -0.06824800372123718 0.029766999185085297
v 0.020715000107884407 -0.0711200013756752 0.07134299725294113
v 0.012884000316262245 -0.0711200013756752 0.036084000021219254
v 0.04365900158882141 -0.06602700054645538 0.07257000356912613
v 0.04365900158882141 -0.06602700054645538 0.07257000356912613
v 0.028953999280929565 -0.06824800372123718 0.029766999185085297
v 0.03402800112962723 -0.06604000180959702 0.027772000059485435
v 0.04365900158882141 -0.06602700054645538 0.07257000356912613
v 0.03402800112962723 -0.06604000180959702 0.027772000059485435
v 0.0554330013692379 -0.05488000065088272 0.04538999870419502
v 0.04365900158882141 -0.06602700054645538 0.07257000356912613
v 0.0626790001988411 -0.05173499882221222 0.0864889994263649
v 0.0595179982483387 -0.05310399830341339 0.11810799688100815
v 0.06721600145101547 -0.03294999897480011 0.1490429937839508
v 0.0595179982483387 -0.05310399830341339 0.11810799688100815
v 0.0626790001988411 -0.05173499882221222 0.0864889994263649
v 0.042107999324798584 -0.06603100150823593 0.11811000108718872
v 0.04365900158882141 -0.06602700054645538 0.07257000356912613
v 0.0595179982483387 -0.05310399830341339 0.11810799688100815
v 0.05698300153017044 -0.05420999974012375 0.1274300068616867
v 0.042107999324798584 -0.06603100150823593 0.11811000108718872
v 0.0595179982483387 -0.05310399830341339 0.11810799688100815
v 0.06721600145101547 -0.03294999897480011 0.1490429937839508
v 0.05698300153017044 -0.05420999974012375 0.1274300068616867
v 0.0595179982483387 -0.05310399830341339 0.11810799688100815
v 0.04365900158882141 -0.06602700054645538 0.07257000356912613
v 0.06233099848031998 -0.05188300088047981 0.07843299955129623
v 0.0626790001988411 -0.05173499882221222 0.0864889994263649
v 0.06721600145101547 -0.03294999897480011 0.1490429937839508
v 0.0626790001988411 -0.05173499882221222 0.0864889994263649
v 0.07902000099420547 -0.01899999938905239 0.08651900291442871
v 0.04365900158882141 -0.06602700054645538 0.07257000356912613
v 0.0554330013692379 -0.05488000065088272 0.04538999870419502
v 0.06233099848031998 -0.05188300088047981 0.07843299955129623
v 0.021490000188350677 -0.0711200013756752 0.09353499859571457
v 0.04365900158882141 -0.06602700054645538 0.07257000356912613
v 0.042107999324798584 -0.06603100150823593 0.11811000108718872
v 0.021490000188350677 -0.0711200013756752 0.09353499859571457
v 0.020715000107884407 -0.0711200013756752 0.07134299725294113
v 0.04365900158882141 -0.06602700054645538 0.07257000356912613
v 0.021490000188350677 -0.0711200013756752 0.09353499859571457
v 0.042107999324798584 -0.06603100150823593 0.11811000108718872
v 0.04128300026059151 -0.06640800088644028 0.11811000108718872
v 0.05698300153017044 -0.05420999974012375 0.1274300068616867
v 0.04128300026059151 -0.06640800088644028 0.11811000108718872
v 0.042107999324798584 -0.06603100150823593 0.11811000108718872
v 0.019075000658631325 -0.0711200013756752 0.11811000108718872
v 0.021490000188350677 -0.0711200013756752 0.09353499859571457
v 0.04128300026059151 -0.06640800088644028 0.11811000108718872
v 0.038704000413417816 -0.06640800088644028 0.13153600692749023
v 0.019075000658631325 -0.0711200013756752 0.11811000108718872
v 0.04128300026059151 -0.06640800088644028 0.11811000108718872
v 0.05698300153017044 -0.05420999974012375 0.1274300068616867
v 0.038704000413417816 -0.06640800088644028 0.13153600692749023
v 0.04128300026059151 -0.06640800088644028 0.11811000108718872
v -0.021490000188350677 -0.0711200013756752 0.09353400021791458
v 0.020715000107884407 -0.0711200013756752 0.07134299725294113
v 0.021490000188350677 -0.0711200013756752 0.09353499859571457
v -0.020715000107884407 -0.0711200013756752 0.07134199887514114
v 0.020715000107884407 -0.0711200013756752 0.07134299725294113
v -0.021490000188350677 -0.0711200013756752 0.09353400021791458
v -0.021490000188350677 -0.0711200013756752 0.09353400021791458
v 0.021490000188350677 -0.0711200013756752 0.09353499859571457
v 0.019075000658631325 -0.0711200013756752 0.11811000108718872
v 0.017270000651478767 -0.0711200013756752 0.12692199647426605
v 0.019075000658631325 -0.0711200013756752 0.11811000108718872
v 0.038704000413417816 -0.06640800088644028 0.13153600692749023
v -0.019075000658631325 -0.0711200013756752 0.11811000108718872
v 0.019075000658631325 -0.0711200013756752 0.11811000108718872
v 0.017270000651478767 -0.0711200013756752 0.12692199647426605
v -0.021490000188350677 -0.0711200013756752 0.09353400021791458
v 0.019075000658631325 -0.0711200013756752 0.11811000108718872
v -0.019075000658631325 -0.0711200013756752 0.11811000108718872
v 0.05392700061202049 -0.05553000047802925 0.13566400110721588
v 0.0349310003221035 -0.06640800088644028 0.14474399387836456
v 0.038704000413417816 -0.06640800088644028 0.13153600692749023
v 0.017270000651478767 -0.0711200013756752 0.12692199647426605
v 0.038704000413417816 -0.06640800088644028 0.13153600692749023
v 0.0349310003221035 -0.06640800088644028 0.14474399387836456
v 0.05698300153017044 -0.05420999974012375 0.1274300068616867
v 0.05392700061202049 -0.05553000047802925 0.13566400110721588
v 0.038704000413417816 -0.06640800088644028 0.13153600692749023
v 0.03408199921250343 -0.06490600109100342 0.15519200265407562
v 0.02913600020110607 -0.0665690004825592 0.15748700499534607
v 0.0349310003221035 -0.06640800088644028 0.14474399387836456
v 0.013031999580562115 -0.0711200013756752 0.1408260017633438
v 0.0349310003221035 -0.06640800088644028 0.14474399387836456
v 0.02913600020110607 -0.0665690004825592 0.15748700499534607
v 0.046574000269174576 -0.058605000376701355 0.1490429937839508
v 0.03408199921250343 -0.06490600109100342 0.15519200265407562
v 0.0349310003221035 -0.06640800088644028 0.14474399387836456
v 0.05392700061202049 -0.05553000047802925 0.13566400110721588
v 0.046574000269174576 -0.058605000376701355 0.1490429937839508
v 0.0349310003221035 -0.06640800088644028 0.14474399387836456
v 0.015231999568641186 -0.0711200013756752 0.134443998336792
v 0.017270000651478767 -0.0711200013756752 0.12692199647426605
v 0.0349310003221035 -0.06640800088644028 0.14474399387836456
v 0.013031999580562115 -0.0711200013756752 0.1408260017633438
v 0.015231999568641186 -0.0711200013756752 0.134443998336792
v 0.0349310003221035 -0.06640800088644028 0.14474399387836456
v 0.026743000373244286 -0.061448000371456146 0.19394999742507935
v 0.02913600020110607 -0.0665690004825592 0.15748700499534607
v 0.03408199921250343 -0.06490600109100342 0.15519200265407562
v 0.010703999549150467 -0.0711200013756752 0.14617900550365448
v 0.013031999580562115 -0.0711200013756752 0.1408260017633438
v 0.02913600020110607 -0.0665690004825592 0.15748700499534607
v 0.021278999745845795 -0.06847500056028366 0.16088299453258514
v 0.010703999549150467 -0.0711200013756752 0.14617900550365448
v 0.02913600020110607 -0.0665690004825592 0.15748700499534607
v 0.017280999571084976 -0.06323199719190598 0.20579899847507477
v 0.021278999745845795 -0.06847500056028366 0.16088299453258514
v 0.02913600020110607 -0.0665690004825592 0.15748700499534607
v 0.026743000373244286 -0.061448000371456146 0.19394999742507935
v 0.017280999571084976 -0.06323199719190598 0.20579899847507477
v 0.02913600020110607 -0.0665690004825592 0.15748700499534607
v 0.026743000373244286 -0.061448000371456146 0.19394999742507935
v 0.03408199921250343 -0.06490600109100342 0.15519200265407562
v 0.046574000269174576 -0.058605000376701355 0.1490429937839508
v 0.06721600145101547 -0.03294999897480011 0.1490429937839508
v 0.046574000269174576 -0.058605000376701355 0.1490429937839508
v 0.05392700061202049 -0.05553000047802925 0.13566400110721588
v 0.04476200044155121 -0.0563259981572628 0.16361600160598755
v 0.046574000269174576 -0.058605000376701355 0.1490429937839508
v 0.06721600145101547 -0.03294999897480011 0.1490429937839508
v 0.026743000373244286 -0.061448000371456146 0.19394999742507935
v 0.046574000269174576 -0.058605000376701355 0.1490429937839508
v 0.04476200044155121 -0.0563259981572628 0.16361600160598755
v 0.06721600145101547 -0.03294999897480011 0.1490429937839508
v 0.05392700061202049 -0.05553000047802925 0.13566400110721588
v 0.05698300153017044 -0.05420999974012375 0.1274300068616867
v -0.01523400004953146 -0.0711200013756752 0.13443799316883087
v 0.017270000651478767 -0.0711200013756752 0.12692199647426605
v 0.015231999568641186 -0.0711200013756752 0.134443998336792
v -0.01523400004953146 -0.0711200013756752 0.13443799316883087
v -0.019075000658631325 -0.0711200013756752 0.11811000108718872
v 0.017270000651478767 -0.0711200013756752 0.12692199647426605
v -0.01523400004953146 -0.0711200013756752 0.13443799316883087
v 0.015231999568641186 -0.0711200013756752 0.134443998336792
v 0.013031999580562115 -0.0711200013756752 0.1408260017633438
v -0.01070799957960844 -0.0711200013756752 0.14617100358009338
v 0.013031999580562115 -0.0711200013756752 0.1408260017633438
v 0.010703999549150467 -0.0711200013756752 0.14617900550365448
v -0.01523400004953146 -0.0711200013756752 0.13443799316883087
v 0.013031999580562115 -0.0711200013756752 0.1408260017633438
v -0.01070799957960844 -0.0711200013756752 0.14617100358009338
v 0.021278999745845795 -0.06847500056028366 0.16088299453258514
v 0.005615999922156334 -0.0711200013756752 0.15392400324344635
v 0.010703999549150467 -0.0711200013756752 0.14617900550365448
v -0.005619999952614307 -0.0711200013756752 0.1539209932088852
v 0.010703999549150467 -0.0711200013756752 0.14617900550365448
v 0.005615999922156334 -0.0711200013756752 0.15392400324344635
v -0.01070799957960844 -0.0711200013756752 0.14617100358009338
v 0.010703999549150467 -0.0711200013756752 0.14617900550365448
v -0.005619999952614307 -0.0711200013756752 0.1539209932088852
v 0 -0.07093799859285355 0.1612289994955063
v 0 -0.0711200013756752 0.1568319946527481
v 0.005615999922156334 -0.0711200013756752 0.15392400324344635
v -0.005619999952614307 -0.0711200013756752 0.1539209932088852
v 0.005615999922156334 -0.0711200013756752 0.15392400324344635
v 0 -0.0711200013756752 0.1568319946527481
v 0 -0.07039599865674973 0.16559100151062012
v 0 -0.07093799859285355 0.1612289994955063
v 0.005615999922156334 -0.0711200013756752 0.15392400324344635
v 0.009929000400006771 -0.07000099867582321 0.1644739955663681
v 0 -0.07039599865674973 0.16559100151062012
v 0.005615999922156334 -0.0711200013756752 0.15392400324344635
v 0.021278999745845795 -0.06847500056028366 0.16088299453258514
v 0.009929000400006771 -0.07000099867582321 0.1644739955663681
v 0.005615999922156334 -0.0711200013756752 0.15392400324344635
v -0.017969999462366104 -0.0690540000796318 0.16213299334049225
v 0 -0.0711200013756752 0.1568319946527481
v 0 -0.07093799859285355 0.1612289994955063
v -0.005619999952614307 -0.0711200013756752 0.1539209932088852
v 0 -0.0711200013756752 0.1568319946527481
v -0.017969999462366104 -0.0690540000796318 0.16213299334049225
v -0.017969999462366104 -0.0690540000796318 0.16213299334049225
v 0 -0.07093799859285355 0.1612289994955063
v 0 -0.07039599865674973 0.16559100151062012
v 0 -0.06635499745607376 0.19522300362586975
v 0 -0.07039599865674973 0.16559100151062012
v 0.009929000400006771 -0.07000099867582321 0.1644739955663681
v -0.016057999804615974 -0.06439799815416336 0.19712400436401367
v -0.017969999462366104 -0.0690540000796318 0.16213299334049225
v 0 -0.07039599865674973 0.16559100151062012
v -0.016057999804615974 -0.06439799815416336 0.19712400436401367
v 0 -0.07039599865674973 0.16559100151062012
v 0 -0.06635499745607376 0.19522300362586975
v 0.017280999571084976 -0.06323199719190598 0.20579899847507477
v 0.009929000400006771 -0.07000099867582321 0.1644739955663681
v 0.021278999745845795 -0.06847500056028366 0.16088299453258514
v 0 -0.0658549964427948 0.20015299320220947
v 0.009929000400006771 -0.07000099867582321 0.1644739955663681
v 0 -0.06369499862194061 0.234948992729187
v 0.003415999934077263 -0.06383799761533737 0.22824600338935852
v 0 -0.06369499862194061 0.234948992729187
v 0.009929000400006771 -0.07000099867582321 0.1644739955663681
v 0 -0.06635499745607376 0.19522300362586975
v 0.009929000400006771 -0.07000099867582321 0.1644739955663681
v 0 -0.0658549964427948 0.20015299320220947
v 0.003415999934077263 -0.06383799761533737 0.22824600338935852
v 0.009929000400006771 -0.07000099867582321 0.1644739955663681
v 0.007964000105857849 -0.06379300355911255 0.221327006816864
v 0.017280999571084976 -0.06323199719190598 0.20579899847507477
v 0.007964000105857849 -0.06379300355911255 0.221327006816864
v 0.009929000400006771 -0.07000099867582321 0.1644739955663681
v 0.07914599776268005 0.018466999754309654 0.08651900291442871
v 0.07485699653625488 -0.00046099998871795833 0.1490429937839508
v 0.07485199719667435 -0.0009190000128000975 0.1490429937839508
v 0.07472400367259979 -0.0009180000051856041 0.14964400231838226
v 0.07485199719667435 -0.0009190000128000975 0.1490429937839508
v 0.07485699653625488 -0.00046099998871795833 0.1490429937839508
v 0.07902000099420547 -0.01899999938905239 0.08651900291442871
v 0.07914599776268005 0.018466999754309654 0.08651900291442871
v 0.07485199719667435 -0.0009190000128000975 0.1490429937839508
v 0.06721600145101547 -0.03294999897480011 0.1490429937839508
v 0.07902000099420547 -0.01899999938905239 0.08651900291442871
v 0.07485199719667435 -0.0009190000128000975 0.1490429937839508
v 0.06380700320005417 -0.031215999275445938 0.16870200634002686
v 0.06721600145101547 -0.03294999897480011 0.1490429937839508
v 0.07485199719667435 -0.0009190000128000975 0.1490429937839508
v 0.0639910027384758 -0.030832000076770782 0.1687140017747879
v 0.06380700320005417 -0.031215999275445938 0.16870200634002686
v 0.07485199719667435 -0.0009190000128000975 0.1490429937839508
v 0.06417199969291687 -0.030448999255895615 0.16872499883174896
v 0.0639910027384758 -0.030832000076770782 0.1687140017747879
v 0.07485199719667435 -0.0009190000128000975 0.1490429937839508
v 0.07076799869537354 -0.016524000093340874 0.15977199375629425
v 0.06417199969291687 -0.030448999255895615 0.16872499883174896
v 0.07485199719667435 -0.0009190000128000975 0.1490429937839508
v 0.07472400367259979 -0.0009180000051856041 0.14964400231838226
v 0.07076799869537354 -0.016524000093340874 0.15977199375629425
v 0.07485199719667435 -0.0009190000128000975 0.1490429937839508
v 0.07914599776268005 0.018466999754309654 0.08651900291442871
v 0.07485800236463547 0 0.1490429937839508
v 0.07485699653625488 -0.00046099998871795833 0.1490429937839508
v 0.07479199767112732 -0.0004579999949783087 0.14934299886226654
v 0.07485699653625488 -0.00046099998871795833 0.1490429937839508
v 0.07485800236463547 0 0.1490429937839508
v 0.07479199767112732 -0.0004579999949783087 0.14934299886226654
v 0.07472400367259979 -0.0009180000051856041 0.14964400231838226
v 0.07485699653625488 -0.00046099998871795833 0.1490429937839508
v 0.07914599776268005 0.018466999754309654 0.08651900291442871
v 0.06741499900817871 0.03254200145602226 0.1490429937839508
v 0.07485800236463547 0 0.1490429937839508
v 0.07091899961233139 0.016101999208331108 0.15950000286102295
v 0.07485800236463547 0 0.1490429937839508
v 0.06741499900817871 0.03254200145602226 0.1490429937839508
v 0.07011000066995621 -0.01049800030887127 0.1642950028181076
v 0.07479199767112732 -0.0004579999949783087 0.14934299886226654
v 0.07485800236463547 0 0.1490429937839508
v 0.07011000066995621 0.010495999827980995 0.16429300606250763
v 0.07011000066995621 -0.01049800030887127 0.1642950028181076
v 0.07485800236463547 0 0.1490429937839508
v 0.07091899961233139 0.016101999208331108 0.15950000286102295
v 0.07011000066995621 0.010495999827980995 0.16429300606250763
v 0.07485800236463547 0 0.1490429937839508
v 0.058274999260902405 0.053644999861717224 0.12308900058269501
v 0.046571001410484314 0.05860799923539162 0.14904199540615082
v 0.06741499900817871 0.03254200145602226 0.1490429937839508
v 0.06380700320005417 0.031215999275445938 0.16870200634002686
v 0.06741499900817871 0.03254200145602226 0.1490429937839508
v 0.046571001410484314 0.05860799923539162 0.14904199540615082
v 0.06267999857664108 0.051736000925302505 0.08675000071525574
v 0.058274999260902405 0.053644999861717224 0.12308900058269501
v 0.06741499900817871 0.03254200145602226 0.1490429937839508
v 0.07914599776268005 0.018466999754309654 0.08651900291442871
v 0.06267999857664108 0.051736000925302505 0.08675000071525574
v 0.06741499900817871 0.03254200145602226 0.1490429937839508
v 0.0639910027384758 0.030832000076770782 0.1687140017747879
v 0.06741499900817871 0.03254200145602226 0.1490429937839508
v 0.06380700320005417 0.031215999275445938 0.16870200634002686
v 0.0639910027384758 0.030832000076770782 0.1687140017747879
v 0.06417199969291687 0.030448999255895615 0.16872499883174896
v 0.06741499900817871 0.03254200145602226 0.1490429937839508
v 0.07091899961233139 0.016101999208331108 0.15950000286102295
v 0.06741499900817871 0.03254200145602226 0.1490429937839508
v 0.06417199969291687 0.030448999255895615 0.16872499883174896
v 0.04089599847793579 0.06602700054645538 0.125218003988266
v 0.046571001410484314 0.05860799923539162 0.14904199540615082
v 0.058274999260902405 0.053644999861717224 0.12308900058269501
v 0.06380700320005417 0.031215999275445938 0.16870200634002686
v 0.046571001410484314 0.05860799923539162 0.14904199540615082
v 0.055493999272584915 0.043772000819444656 0.17076100409030914
v 0.04475700110197067 0.05632900074124336 0.16361699998378754
v 0.055493999272584915 0.043772000819444656 0.17076100409030914
v 0.046571001410484314 0.05860799923539162 0.14904199540615082
v 0.03262300044298172 0.06543800234794617 0.1558769941329956
v 0.04475700110197067 0.05632900074124336 0.16361699998378754
v 0.046571001410484314 0.05860799923539162 0.14904199540615082
v 0.04089599847793579 0.06602700054645538 0.125218003988266
v 0.03262300044298172 0.06543800234794617 0.1558769941329956
v 0.046571001410484314 0.05860799923539162 0.14904199540615082
v 0.04425999894738197 0.06602700054645538 0.09255599975585938
v 0.058274999260902405 0.053644999861717224 0.12308900058269501
v 0.06267999857664108 0.051736000925302505 0.08675000071525574
v 0.04425999894738197 0.06602700054645538 0.09255599975585938
v 0.04089599847793579 0.06602700054645538 0.125218003988266
v 0.058274999260902405 0.053644999861717224 0.12308900058269501
v 0.06261599808931351 0.05175900086760521 0.08380600064992905
v 0.06267999857664108 0.051736000925302505 0.08675000071525574
v 0.07914599776268005 0.018466999754309654 0.08651900291442871
v 0.04425999894738197 0.06602700054645538 0.09255599975585938
v 0.06267999857664108 0.051736000925302505 0.08675000071525574
v 0.06261599808931351 0.05175900086760521 0.08380600064992905
v 0.06367799639701843 -0.03147999942302704 0.16869699954986572
v 0.06721600145101547 -0.03294999897480011 0.1490429937839508
v 0.06380700320005417 -0.031215999275445938 0.16870200634002686
v 0.043216001242399216 -0.054381001740694046 0.1782670021057129
v 0.04476200044155121 -0.0563259981572628 0.16361600160598755
v 0.06721600145101547 -0.03294999897480011 0.1490429937839508
v 0.05528400093317032 -0.04401199892163277 0.17085500061511993
v 0.043216001242399216 -0.054381001740694046 0.1782670021057129
v 0.06721600145101547 -0.03294999897480011 0.1490429937839508
v 0.06354399770498276 -0.03175000101327896 0.16869400441646576
v 0.05528400093317032 -0.04401199892163277 0.17085500061511993
v 0.06721600145101547 -0.03294999897480011 0.1490429937839508
v 0.06367799639701843 -0.03147999942302704 0.16869699954986572
v 0.06354399770498276 -0.03175000101327896 0.16869400441646576
v 0.06721600145101547 -0.03294999897480011 0.1490429937839508
v 0.04221000149846077 0.06602700054645538 0.059804998338222504
v 0.06261599808931351 0.05175900086760521 0.08380600064992905
v 0.05611199885606766 0.05458499863743782 0.047256000339984894
v 0.04221000149846077 0.06602700054645538 0.059804998338222504
v 0.04425999894738197 0.06602700054645538 0.09255599975585938
v 0.06261599808931351 0.05175900086760521 0.08380600064992905
v 0.06378600001335144 -0.03120799921452999 0.16883200407028198
v 0.06380700320005417 -0.031215999275445938 0.16870200634002686
v 0.0639910027384758 -0.030832000076770782 0.1687140017747879
v 0.06378600001335144 -0.03120799921452999 0.16883200407028198
v 0.06367799639701843 -0.03147999942302704 0.16869699954986572
v 0.06380700320005417 -0.031215999275445938 0.16870200634002686
v 0.06396900117397308 -0.03082600049674511 0.16884499788284302
v 0.0639910027384758 -0.030832000076770782 0.1687140017747879
v 0.06417199969291687 -0.030448999255895615 0.16872499883174896
v 0.06378600001335144 -0.03120799921452999 0.16883200407028198
v 0.0639910027384758 -0.030832000076770782 0.1687140017747879
v 0.0637660026550293 -0.03120099939405918 0.1689620018005371
v 0.06396900117397308 -0.03082600049674511 0.16884499788284302
v 0.0637660026550293 -0.03120099939405918 0.1689620018005371
v 0.0639910027384758 -0.030832000076770782 0.1687140017747879
v 0.06450899690389633 -0.025320999324321747 0.17371399700641632
v 0.06417199969291687 -0.030448999255895615 0.16872499883174896
v 0.07076799869537354 -0.016524000093340874 0.15977199375629425
v 0.06450899690389633 -0.025320999324321747 0.17371399700641632
v 0.06396900117397308 -0.03082600049674511 0.16884499788284302
v 0.06417199969291687 -0.030448999255895615 0.16872499883174896
v 0.07011000066995621 -0.01049800030887127 0.1642950028181076
v 0.07076799869537354 -0.016524000093340874 0.15977199375629425
v 0.07472400367259979 -0.0009180000051856041 0.14964400231838226
v 0.06450899690389633 -0.025320999324321747 0.17371399700641632
v 0.07076799869537354 -0.016524000093340874 0.15977199375629425
v 0.06301199644804001 -0.019721999764442444 0.17797599732875824
v 0.07011000066995621 -0.01049800030887127 0.1642950028181076
v 0.06301199644804001 -0.019721999764442444 0.17797599732875824
v 0.07076799869537354 -0.016524000093340874 0.15977199375629425
v 0.07011000066995621 -0.01049800030887127 0.1642950028181076
v 0.07472400367259979 -0.0009180000051856041 0.14964400231838226
v 0.07479199767112732 -0.0004579999949783087 0.14934299886226654
v 0.026743000373244286 -0.061448000371456146 0.19394999742507935
v 0.04476200044155121 -0.0563259981572628 0.16361600160598755
v 0.043216001242399216 -0.054381001740694046 0.1782670021057129
v 0.04506500065326691 -0.05274999886751175 0.18376600742340088
v 0.043216001242399216 -0.054381001740694046 0.1782670021057129
v 0.05528400093317032 -0.04401199892163277 0.17085500061511993
v 0.04189499840140343 -0.05554699897766113 0.19148600101470947
v 0.043216001242399216 -0.054381001740694046 0.1782670021057129
v 0.04506500065326691 -0.05274999886751175 0.18376600742340088
v 0.03558100014925003 -0.05837300047278404 0.1951490044593811
v 0.026743000373244286 -0.061448000371456146 0.19394999742507935
v 0.043216001242399216 -0.054381001740694046 0.1782670021057129
v 0.04189499840140343 -0.05554699897766113 0.19148600101470947
v 0.03558100014925003 -0.05837300047278404 0.1951490044593811
v 0.043216001242399216 -0.054381001740694046 0.1782670021057129
v 0.061225999146699905 -0.0355370007455349 0.17034800350666046
v 0.05528400093317032 -0.04401199892163277 0.17085500061511993
v 0.06354399770498276 -0.03175000101327896 0.16869400441646576
v 0.047697000205516815 -0.05231799930334091 0.18918900191783905
v 0.04506500065326691 -0.05274999886751175 0.18376600742340088
v 0.05528400093317032 -0.04401199892163277 0.17085500061511993
v 0.048207998275756836 -0.05200299993157387 0.18903900682926178
v 0.047697000205516815 -0.05231799930334091 0.18918900191783905
v 0.05528400093317032 -0.04401199892163277 0.17085500061511993
v 0.04871699959039688 -0.05168500170111656 0.18889600038528442
v 0.048207998275756836 -0.05200299993157387 0.18903900682926178
v 0.05528400093317032 -0.04401199892163277 0.17085500061511993
v 0.04958600178360939 -0.05112399905920029 0.1886489987373352
v 0.04871699959039688 -0.05168500170111656 0.18889600038528442
v 0.05528400093317032 -0.04401199892163277 0.17085500061511993
v 0.050446998327970505 -0.05053799971938133 0.1883859932422638
v 0.04958600178360939 -0.05112399905920029 0.1886489987373352
v 0.05528400093317032 -0.04401199892163277 0.17085500061511993
v 0.051913000643253326 -0.04946500062942505 0.18790100514888763
v 0.050446998327970505 -0.05053799971938133 0.1883859932422638
v 0.05528400093317032 -0.04401199892163277 0.17085500061511993
v 0.05326399952173233 -0.04837200045585632 0.18739600479602814
v 0.051913000643253326 -0.04946500062942505 0.18790100514888763
v 0.05528400093317032 -0.04401199892163277 0.17085500061511993
v 0.053842999041080475 -0.04785199835896492 0.1871269941329956
v 0.05326399952173233 -0.04837200045585632 0.18739600479602814
v 0.05528400093317032 -0.04401199892163277 0.17085500061511993
v 0.05441100150346756 -0.04729799926280975 0.1868080049753189
v 0.053842999041080475 -0.04785199835896492 0.1871269941329956
v 0.05528400093317032 -0.04401199892163277 0.17085500061511993
v 0.05527999997138977 -0.04567300155758858 0.18475200235843658
v 0.05441100150346756 -0.04729799926280975 0.1868080049753189
v 0.05528400093317032 -0.04401199892163277 0.17085500061511993
v 0.05601799860596657 -0.044204000383615494 0.18279899656772614
v 0.05527999997138977 -0.04567300155758858 0.18475200235843658
v 0.05528400093317032 -0.04401199892163277 0.17085500061511993
v 0.05846399813890457 -0.0395830012857914 0.1761610060930252
v 0.05601799860596657 -0.044204000383615494 0.18279899656772614
v 0.05528400093317032 -0.04401199892163277 0.17085500061511993
v 0.061225999146699905 -0.0355370007455349 0.17034800350666046
v 0.05846399813890457 -0.0395830012857914 0.1761610060930252
v 0.05528400093317032 -0.04401199892163277 0.17085500061511993
v 0.06378600001335144 -0.03120799921452999 0.16883200407028198
v 0.06354399770498276 -0.03175000101327896 0.16869400441646576
v 0.06367799639701843 -0.03147999942302704 0.16869699954986572
v 0.06350299715995789 -0.03175000101327896 0.16891400516033173
v 0.06354399770498276 -0.03175000101327896 0.16869400441646576
v 0.06378600001335144 -0.03120799921452999 0.16883200407028198
v 0.062387000769376755 -0.0336339995265007 0.16972599923610687
v 0.06354399770498276 -0.03175000101327896 0.16869400441646576
v 0.06350299715995789 -0.03175000101327896 0.16891400516033173
v 0.062387000769376755 -0.0336339995265007 0.16972599923610687
v 0.061225999146699905 -0.0355370007455349 0.17034800350666046
v 0.06354399770498276 -0.03175000101327896 0.16869400441646576
v 0.0637660026550293 -0.03120099939405918 0.1689620018005371
v 0.0634630024433136 -0.03175000101327896 0.1691340059041977
v 0.06361500173807144 -0.03147599846124649 0.1690479964017868
v 0.06350299715995789 -0.03175000101327896 0.16891400516033173
v 0.06361500173807144 -0.03147599846124649 0.1690479964017868
v 0.0634630024433136 -0.03175000101327896 0.1691340059041977
v 0.06145799905061722 -0.03175299987196922 0.17653200030326843
v 0.0634630024433136 -0.03175000101327896 0.1691340059041977
v 0.0637660026550293 -0.03120099939405918 0.1689620018005371
v 0.062387000769376755 -0.0336339995265007 0.16972599923610687
v 0.06350299715995789 -0.03175000101327896 0.16891400516033173
v 0.0634630024433136 -0.03175000101327896 0.1691340059041977
v 0.062387000769376755 -0.0336339995265007 0.16972599923610687
v 0.0634630024433136 -0.03175000101327896 0.1691340059041977
v 0.061225999146699905 -0.0355370007455349 0.17034800350666046
v 0.05938199907541275 -0.03613800182938576 0.17709499597549438
v 0.061225999146699905 -0.0355370007455349 0.17034800350666046
v 0.0634630024433136 -0.03175000101327896 0.1691340059041977
v 0.05938199907541275 -0.03613800182938576 0.17709499597549438
v 0.0634630024433136 -0.03175000101327896 0.1691340059041977
v 0.06145799905061722 -0.03175299987196922 0.17653200030326843
v 0.06350299715995789 -0.03175000101327896 0.16891400516033173
v 0.0637660026550293 -0.03120099939405918 0.1689620018005371
v 0.06361500173807144 -0.03147599846124649 0.1690479964017868
v 0.06350299715995789 -0.03175000101327896 0.16891400516033173
v 0.06378600001335144 -0.03120799921452999 0.16883200407028198
v 0.0637660026550293 -0.03120099939405918 0.1689620018005371
v 0.06415099650621414 -0.025955000892281532 0.17420700192451477
v 0.06145799905061722 -0.03175299987196922 0.17653200030326843
v 0.0637660026550293 -0.03120099939405918 0.1689620018005371
v 0.06450899690389633 -0.025320999324321747 0.17371399700641632
v 0.06415099650621414 -0.025955000892281532 0.17420700192451477
v 0.0637660026550293 -0.03120099939405918 0.1689620018005371
v 0.06450899690389633 -0.025320999324321747 0.17371399700641632
v 0.0637660026550293 -0.03120099939405918 0.1689620018005371
v 0.06396900117397308 -0.03082600049674511 0.16884499788284302
v 0.04189499840140343 -0.05554699897766113 0.19148600101470947
v 0.04506500065326691 -0.05274999886751175 0.18376600742340088
v 0.047697000205516815 -0.05231799930334091 0.18918900191783905
v 0.04871699959039688 -0.05168500170111656 0.18889600038528442
v 0.047697000205516815 -0.05231799930334091 0.18918900191783905
v 0.048207998275756836 -0.05200299993157387 0.18903900682926178
v 0.047853998839855194 -0.051649000495672226 0.19131599366664886
v 0.047697000205516815 -0.05231799930334091 0.18918900191783905
v 0.04871699959039688 -0.05168500170111656 0.18889600038528442
v 0.03617500141263008 -0.05790200084447861 0.19631099700927734
v 0.04189499840140343 -0.05554699897766113 0.19148600101470947
v 0.047697000205516815 -0.05231799930334091 0.18918900191783905
v 0.047853998839855194 -0.051649000495672226 0.19131599366664886
v 0.03617500141263008 -0.05790200084447861 0.19631099700927734
v 0.047697000205516815 -0.05231799930334091 0.18918900191783905
v 0.05067000165581703 -0.050009001046419144 0.19042399525642395
v 0.04871699959039688 -0.05168500170111656 0.18889600038528442
v 0.04958600178360939 -0.05112399905920029 0.1886489987373352
v 0.048858001828193665 -0.051079001277685165 0.1910189986228943
v 0.047853998839855194 -0.051649000495672226 0.19131599366664886
v 0.04871699959039688 -0.05168500170111656 0.18889600038528442
v 0.05067000165581703 -0.050009001046419144 0.19042399525642395
v 0.048858001828193665 -0.051079001277685165 0.1910189986228943
v 0.04871699959039688 -0.05168500170111656 0.18889600038528442
v 0.05067000165581703 -0.050009001046419144 0.19042399525642395
v 0.04958600178360939 -0.05112399905920029 0.1886489987373352
v 0.050446998327970505 -0.05053799971938133 0.1883859932422638
v 0.05363500118255615 -0.047988999634981155 0.18913200497627258
v 0.050446998327970505 -0.05053799971938133 0.1883859932422638
v 0.051913000643253326 -0.04946500062942505 0.18790100514888763
v 0.05363500118255615 -0.047988999634981155 0.18913200497627258
v 0.05067000165581703 -0.050009001046419144 0.19042399525642395
v 0.050446998327970505 -0.05053799971938133 0.1883859932422638
v 0.05363500118255615 -0.047988999634981155 0.18913200497627258
v 0.051913000643253326 -0.04946500062942505 0.18790100514888763
v 0.05326399952173233 -0.04837200045585632 0.18739600479602814
v 0.05441100150346756 -0.04729799926280975 0.1868080049753189
v 0.05326399952173233 -0.04837200045585632 0.18739600479602814
v 0.053842999041080475 -0.04785199835896492 0.1871269941329956
v 0.05454099923372269 -0.04742100089788437 0.1879580020904541
v 0.05326399952173233 -0.04837200045585632 0.18739600479602814
v 0.05441100150346756 -0.04729799926280975 0.1868080049753189
v 0.05454099923372269 -0.04742100089788437 0.1879580020904541
v 0.05363500118255615 -0.047988999634981155 0.18913200497627258
v 0.05326399952173233 -0.04837200045585632 0.18739600479602814
v 0.05657799914479256 -0.04331300035119057 0.18347999453544617
v 0.05441100150346756 -0.04729799926280975 0.1868080049753189
v 0.05527999997138977 -0.04567300155758858 0.18475200235843658
v 0.055153001099824905 -0.04605700075626373 0.1879200041294098
v 0.05454099923372269 -0.04742100089788437 0.1879580020904541
v 0.05441100150346756 -0.04729799926280975 0.1868080049753189
v 0.05657799914479256 -0.04331300035119057 0.18347999453544617
v 0.055153001099824905 -0.04605700075626373 0.1879200041294098
v 0.05441100150346756 -0.04729799926280975 0.1868080049753189
v 0.05657799914479256 -0.04331300035119057 0.18347999453544617
v 0.05527999997138977 -0.04567300155758858 0.18475200235843658
v 0.05601799860596657 -0.044204000383615494 0.18279899656772614
v 0.0585240013897419 -0.038968998938798904 0.1774349957704544
v 0.05601799860596657 -0.044204000383615494 0.18279899656772614
v 0.05846399813890457 -0.0395830012857914 0.1761610060930252
v 0.0585240013897419 -0.038968998938798904 0.1774349957704544
v 0.05657799914479256 -0.04331300035119057 0.18347999453544617
v 0.05601799860596657 -0.044204000383615494 0.18279899656772614
v 0.0585240013897419 -0.038968998938798904 0.1774349957704544
v 0.05846399813890457 -0.0395830012857914 0.1761610060930252
v 0.061225999146699905 -0.0355370007455349 0.17034800350666046
v 0.05579200014472008 -0.039542000740766525 0.18378299474716187
v 0.061225999146699905 -0.0355370007455349 0.17034800350666046
v 0.05938199907541275 -0.03613800182938576 0.17709499597549438
v 0.0585240013897419 -0.038968998938798904 0.1774349957704544
v 0.061225999146699905 -0.0355370007455349 0.17034800350666046
v 0.05579200014472008 -0.039542000740766525 0.18378299474716187
v 0.05710500106215477 -0.034251000732183456 0.18403799831867218
v 0.06145799905061722 -0.03175299987196922 0.17653200030326843
v 0.057787999510765076 -0.03175000101327896 0.1840990036725998
v 0.06415099650621414 -0.025955000892281532 0.17420700192451477
v 0.057787999510765076 -0.03175000101327896 0.1840990036725998
v 0.06145799905061722 -0.03175299987196922 0.17653200030326843
v 0.05710500106215477 -0.034251000732183456 0.18403799831867218
v 0.057787999510765076 -0.03175000101327896 0.1840990036725998
v 0.05619899928569794 -0.036757998168468475 0.18399600684642792
v 0.05487700179219246 -0.0372450016438961 0.18554599583148956
v 0.05619899928569794 -0.036757998168468475 0.18399600684642792
v 0.057787999510765076 -0.03175000101327896 0.1840990036725998
v 0.058563001453876495 -0.024202000349760056 0.18435299396514893
v 0.057787999510765076 -0.03175000101327896 0.1840990036725998
v 0.05842699855566025 -0.027900999411940575 0.18422099947929382
v 0.06256899982690811 -0.02018599957227707 0.17866699397563934
v 0.05842699855566025 -0.027900999411940575 0.18422099947929382
v 0.057787999510765076 -0.03175000101327896 0.1840990036725998
v 0.05538700148463249 -0.03175000101327896 0.1864279955625534
v 0.057787999510765076 -0.03175000101327896 0.1840990036725998
v 0.058563001453876495 -0.024202000349760056 0.18435299396514893
v 0.06415099650621414 -0.025955000892281532 0.17420700192451477
v 0.06256899982690811 -0.02018599957227707 0.17866699397563934
v 0.057787999510765076 -0.03175000101327896 0.1840990036725998
v 0.05538700148463249 -0.03175000101327896 0.1864279955625534
v 0.05487700179219246 -0.0372450016438961 0.18554599583148956
v 0.057787999510765076 -0.03175000101327896 0.1840990036725998
v 0.05619899928569794 -0.036757998168468475 0.18399600684642792
v 0.05938199907541275 -0.03613800182938576 0.17709499597549438
v 0.06145799905061722 -0.03175299987196922 0.17653200030326843
v 0.05710500106215477 -0.034251000732183456 0.18403799831867218
v 0.05619899928569794 -0.036757998168468475 0.18399600684642792
v 0.06145799905061722 -0.03175299987196922 0.17653200030326843
v 0.05579200014472008 -0.039542000740766525 0.18378299474716187
v 0.05938199907541275 -0.03613800182938576 0.17709499597549438
v 0.05619899928569794 -0.036757998168468475 0.18399600684642792
v 0.05579200014472008 -0.039542000740766525 0.18378299474716187
v 0.05619899928569794 -0.036757998168468475 0.18399600684642792
v 0.05487700179219246 -0.0372450016438961 0.18554599583148956
v 0.06060799956321716 -0.022211000323295593 0.18156899511814117
v 0.058563001453876495 -0.024202000349760056 0.18435299396514893
v 0.05842699855566025 -0.027900999411940575 0.18422099947929382
v 0.06256899982690811 -0.02018599957227707 0.17866699397563934
v 0.06060799956321716 -0.022211000323295593 0.18156899511814117
v 0.05842699855566025 -0.027900999411940575 0.18422099947929382
v 0.05910100042819977 0 0.18364199995994568
v 0.058563001453876495 -0.024202000349760056 0.18435299396514893
v 0.06060799956321716 -0.022211000323295593 0.18156899511814117
v 0.058563001453876495 0.024203000590205193 0.18435299396514893
v 0.058563001453876495 -0.024202000349760056 0.18435299396514893
v 0.05910100042819977 0 0.18364199995994568
v 0.05632700026035309 -0.024008000269532204 0.1861879974603653
v 0.058563001453876495 -0.024202000349760056 0.18435299396514893
v 0.058563001453876495 0.024203000590205193 0.18435299396514893
v 0.05538700148463249 -0.03175000101327896 0.1864279955625534
v 0.058563001453876495 -0.024202000349760056 0.18435299396514893
v 0.05632700026035309 -0.024008000269532204 0.1861879974603653
v 0.06061000004410744 0.02220899984240532 0.1815659999847412
v 0.06060799956321716 -0.022211000323295593 0.18156899511814117
v 0.06256899982690811 -0.02018599957227707 0.17866699397563934
v 0.058563001453876495 0.024203000590205193 0.18435299396514893
v 0.05910100042819977 0 0.18364199995994568
v 0.06060799956321716 -0.022211000323295593 0.18156899511814117
v 0.06061000004410744 0.02220899984240532 0.1815659999847412
v 0.058563001453876495 0.024203000590205193 0.18435299396514893
v 0.06060799956321716 -0.022211000323295593 0.18156899511814117
v 0.06279099732637405 -0.01995299942791462 0.17832200229167938
v 0.06256899982690811 -0.02018599957227707 0.17866699397563934
v 0.06415099650621414 -0.025955000892281532 0.17420700192451477
v 0.0625699982047081 0.02018599957227707 0.17866499722003937
v 0.06256899982690811 -0.02018599957227707 0.17866699397563934
v 0.06279099732637405 -0.01995299942791462 0.17832200229167938
v 0.0625699982047081 0.02018599957227707 0.17866499722003937
v 0.06061000004410744 0.02220899984240532 0.1815659999847412
v 0.06256899982690811 -0.02018599957227707 0.17866699397563934
v 0.06301199644804001 -0.019721999764442444 0.17797599732875824
v 0.06279099732637405 -0.01995299942791462 0.17832200229167938
v 0.06415099650621414 -0.025955000892281532 0.17420700192451477
v 0.06450899690389633 -0.025320999324321747 0.17371399700641632
v 0.06301199644804001 -0.019721999764442444 0.17797599732875824
v 0.06415099650621414 -0.025955000892281532 0.17420700192451477
v 0.06279200315475464 0.01995299942791462 0.1783210039138794
v 0.06279099732637405 -0.01995299942791462 0.17832200229167938
v 0.06301199644804001 -0.019721999764442444 0.17797599732875824
v 0.06279200315475464 0.01995299942791462 0.1783210039138794
v 0.0625699982047081 0.02018599957227707 0.17866499722003937
v 0.06279099732637405 -0.01995299942791462 0.17832200229167938
v 0.06301199644804001 0.019721999764442444 0.17797599732875824
v 0.06301199644804001 -0.019721999764442444 0.17797599732875824
v 0.07011000066995621 -0.01049800030887127 0.1642950028181076
v 0.06301199644804001 0.019721999764442444 0.17797599732875824
v 0.06279200315475464 0.01995299942791462 0.1783210039138794
v 0.06301199644804001 -0.019721999764442444 0.17797599732875824
v 0.07011000066995621 0.010495999827980995 0.16429300606250763
v 0.06301199644804001 0.019721999764442444 0.17797599732875824
v 0.07011000066995621 -0.01049800030887127 0.1642950028181076
v 0.05807200074195862 0.03038799948990345 0.1841380000114441
v 0.058563001453876495 0.024203000590205193 0.18435299396514893
v 0.06061000004410744 0.02220899984240532 0.1815659999847412
v 0.05632700026035309 0.024008000269532204 0.1861879974603653
v 0.05632700026035309 -0.024008000269532204 0.1861879974603653
v 0.058563001453876495 0.024203000590205193 0.18435299396514893
v 0.05276799947023392 0.03808100149035454 0.18691200017929077
v 0.05632700026035309 0.024008000269532204 0.1861879974603653
v 0.058563001453876495 0.024203000590205193 0.18435299396514893
v 0.052935998886823654 0.03801700100302696 0.18682900071144104
v 0.05276799947023392 0.03808100149035454 0.18691200017929077
v 0.058563001453876495 0.024203000590205193 0.18435299396514893
v 0.054850999265909195 0.03729800134897232 0.1855500042438507
v 0.052935998886823654 0.03801700100302696 0.18682900071144104
v 0.058563001453876495 0.024203000590205193 0.18435299396514893
v 0.05807200074195862 0.03038799948990345 0.1841380000114441
v 0.054850999265909195 0.03729800134897232 0.1855500042438507
v 0.058563001453876495 0.024203000590205193 0.18435299396514893
v 0.06415099650621414 0.0259419996291399 0.17421600222587585
v 0.06061000004410744 0.02220899984240532 0.1815659999847412
v 0.0625699982047081 0.02018599957227707 0.17866499722003937
v 0.06415099650621414 0.0259419996291399 0.17421600222587585
v 0.05807200074195862 0.03038799948990345 0.1841380000114441
v 0.06061000004410744 0.02220899984240532 0.1815659999847412
v 0.06415099650621414 0.0259419996291399 0.17421600222587585
v 0.0625699982047081 0.02018599957227707 0.17866499722003937
v 0.06279200315475464 0.01995299942791462 0.1783210039138794
v 0.06415099650621414 0.0259419996291399 0.17421600222587585
v 0.06279200315475464 0.01995299942791462 0.1783210039138794
v 0.06301199644804001 0.019721999764442444 0.17797599732875824
v 0.06450899690389633 0.02531999908387661 0.17371399700641632
v 0.06301199644804001 0.019721999764442444 0.17797599732875824
v 0.07011000066995621 0.010495999827980995 0.16429300606250763
v 0.06450899690389633 0.02531999908387661 0.17371399700641632
v 0.06415099650621414 0.0259419996291399 0.17421600222587585
v 0.06301199644804001 0.019721999764442444 0.17797599732875824
v 0.06450899690389633 0.02531999908387661 0.17371399700641632
v 0.07011000066995621 0.010495999827980995 0.16429300606250763
v 0.06417199969291687 0.030448999255895615 0.16872499883174896
v 0.07091899961233139 0.016101999208331108 0.15950000286102295
v 0.06417199969291687 0.030448999255895615 0.16872499883174896
v 0.07011000066995621 0.010495999827980995 0.16429300606250763
v 0.05396300181746483 0 0.18618500232696533
v 0.05350499972701073 -0.023854000493884087 0.18683600425720215
v 0.05632700026035309 -0.024008000269532204 0.1861879974603653
v 0.05306600034236908 -0.02771800011396408 0.1870650053024292
v 0.05632700026035309 -0.024008000269532204 0.1861879974603653
v 0.05350499972701073 -0.023854000493884087 0.18683600425720215
v 0.05350499972701073 0.023854000493884087 0.18683600425720215
v 0.05396300181746483 0 0.18618500232696533
v 0.05632700026035309 -0.024008000269532204 0.1861879974603653
v 0.05632700026035309 0.024008000269532204 0.1861879974603653
v 0.05350499972701073 0.023854000493884087 0.18683600425720215
v 0.05632700026035309 -0.024008000269532204 0.1861879974603653
v 0.052014000713825226 -0.03175099939107895 0.1873530000448227
v 0.05632700026035309 -0.024008000269532204 0.1861879974603653
v 0.05306600034236908 -0.02771800011396408 0.1870650053024292
v 0.05538700148463249 -0.03175000101327896 0.1864279955625534
v 0.05632700026035309 -0.024008000269532204 0.1861879974603653
v 0.052014000713825226 -0.03175099939107895 0.1873530000448227
v 0.05350499972701073 0.023854000493884087 0.18683600425720215
v 0.05350499972701073 -0.023854000493884087 0.18683600425720215
v 0.05396300181746483 0 0.18618500232696533
v 0.05190800130367279 0.03205399960279465 0.18737800419330597
v 0.05350499972701073 -0.023854000493884087 0.18683600425720215
v 0.05350499972701073 0.023854000493884087 0.18683600425720215
v 0.05306600034236908 -0.02771800011396408 0.1870650053024292
v 0.05350499972701073 -0.023854000493884087 0.18683600425720215
v 0.05190800130367279 0.03205399960279465 0.18737800419330597
v 0.05190800130367279 0.03205399960279465 0.18737800419330597
v 0.05350499972701073 0.023854000493884087 0.18683600425720215
v 0.05632700026035309 0.024008000269532204 0.1861879974603653
v 0.05276799947023392 0.03808100149035454 0.18691200017929077
v 0.04773100093007088 0.040146999061107635 0.1882690042257309
v 0.05632700026035309 0.024008000269532204 0.1861879974603653
v 0.05190800130367279 0.03205399960279465 0.18737800419330597
v 0.05632700026035309 0.024008000269532204 0.1861879974603653
v 0.04773100093007088 0.040146999061107635 0.1882690042257309
v 0.05289600044488907 0.04177999868988991 0.18713299930095673
v 0.04773100093007088 0.040146999061107635 0.1882690042257309
v 0.05276799947023392 0.03808100149035454 0.18691200017929077
v 0.05022900179028511 -0.03600100055336952 0.18774299323558807
v 0.05190800130367279 0.03205399960279465 0.18737800419330597
v 0.04773100093007088 0.040146999061107635 0.1882690042257309
v 0.04794299975037575 0.04502600058913231 0.1906919926404953
v 0.04773100093007088 0.040146999061107635 0.1882690042257309
v 0.05289600044488907 0.04177999868988991 0.18713299930095673
v 0.028094999492168427 0.04504099860787392 0.1955610066652298
v 0.04773100093007088 0.040146999061107635 0.1882690042257309
v 0.04794299975037575 0.04502600058913231 0.1906919926404953
v 0.017734000459313393 0.04024500027298927 0.1982479989528656
v 0.04773100093007088 0.040146999061107635 0.1882690042257309
v 0.028094999492168427 0.04504099860787392 0.1955610066652298
v 0.047784000635147095 -0.040070001035928726 0.18825800716876984
v 0.04773100093007088 0.040146999061107635 0.1882690042257309
v 0.017734000459313393 0.04024500027298927 0.1982479989528656
v 0.047784000635147095 -0.040070001035928726 0.18825800716876984
v 0.05022900179028511 -0.03600100055336952 0.18774299323558807
v 0.04773100093007088 0.040146999061107635 0.1882690042257309
v 0.05577399954199791 0.03955699875950813 0.18377700448036194
v 0.05276799947023392 0.03808100149035454 0.18691200017929077
v 0.052935998886823654 0.03801700100302696 0.18682900071144104
v 0.05289600044488907 0.04177999868988991 0.18713299930095673
v 0.05276799947023392 0.03808100149035454 0.18691200017929077
v 0.05577399954199791 0.03955699875950813 0.18377700448036194
v 0.05577399954199791 0.03955699875950813 0.18377700448036194
v 0.052935998886823654 0.03801700100302696 0.18682900071144104
v 0.054850999265909195 0.03729800134897232 0.1855500042438507
v 0.05807200074195862 0.03038799948990345 0.1841380000114441
v 0.05618099868297577 0.03680400177836418 0.18399600684642792
v 0.054850999265909195 0.03729800134897232 0.1855500042438507
v 0.05577399954199791 0.03955699875950813 0.18377700448036194
v 0.054850999265909195 0.03729800134897232 0.1855500042438507
v 0.05618099868297577 0.03680400177836418 0.18399600684642792
v 0.06415099650621414 0.0259419996291399 0.17421600222587585
v 0.05618099868297577 0.03680400177836418 0.18399600684642792
v 0.05807200074195862 0.03038799948990345 0.1841380000114441
v 0.058729998767375946 0.03868599981069565 0.17687399685382843
v 0.05577399954199791 0.03955699875950813 0.18377700448036194
v 0.05618099868297577 0.03680400177836418 0.18399600684642792
v 0.058729998767375946 0.03868599981069565 0.17687399685382843
v 0.05618099868297577 0.03680400177836418 0.18399600684642792
v 0.06126200035214424 0.03547900170087814 0.1703290045261383
v 0.059404000639915466 0.03613299876451492 0.17703500390052795
v 0.06126200035214424 0.03547900170087814 0.1703290045261383
v 0.05618099868297577 0.03680400177836418 0.18399600684642792
v 0.059404000639915466 0.03613299876451492 0.17703500390052795
v 0.05618099868297577 0.03680400177836418 0.18399600684642792
v 0.0637660026550293 0.031199999153614044 0.1689620018005371
v 0.06415099650621414 0.0259419996291399 0.17421600222587585
v 0.0637660026550293 0.031199999153614044 0.1689620018005371
v 0.05618099868297577 0.03680400177836418 0.18399600684642792
v 0.052014000713825226 -0.03175099939107895 0.1873530000448227
v 0.05306600034236908 -0.02771800011396408 0.1870650053024292
v 0.05190800130367279 0.03205399960279465 0.18737800419330597
v 0.05022900179028511 -0.03600100055336952 0.18774299323558807
v 0.052014000713825226 -0.03175099939107895 0.1873530000448227
v 0.05190800130367279 0.03205399960279465 0.18737800419330597
v 0.05289600044488907 0.04177999868988991 0.18713299930095673
v 0.05577399954199791 0.03955699875950813 0.18377700448036194
v 0.05628100037574768 0.04229699820280075 0.18403999507427216
v 0.058729998767375946 0.03868599981069565 0.17687399685382843
v 0.05628100037574768 0.04229699820280075 0.18403999507427216
v 0.05577399954199791 0.03955699875950813 0.18377700448036194
v 0.05519900098443031 0.04346200078725815 0.18642500042915344
v 0.05289600044488907 0.04177999868988991 0.18713299930095673
v 0.05628100037574768 0.04229699820280075 0.18403999507427216
v 0.05531499907374382 0.04516400024294853 0.1873060017824173
v 0.05519900098443031 0.04346200078725815 0.18642500042915344
v 0.05628100037574768 0.04229699820280075 0.18403999507427216
v 0.056411001831293106 0.04251899942755699 0.18393400311470032
v 0.05531499907374382 0.04516400024294853 0.1873060017824173
v 0.05628100037574768 0.04229699820280075 0.18403999507427216
v 0.058729998767375946 0.03868599981069565 0.17687399685382843
v 0.056411001831293106 0.04251899942755699 0.18393400311470032
v 0.05628100037574768 0.04229699820280075 0.18403999507427216
v 0.05417399853467941 0.044589001685380936 0.18830500543117523
v 0.05373699963092804 0.04514800012111664 0.18922600150108337
v 0.05289600044488907 0.04177999868988991 0.18713299930095673
v 0.04794299975037575 0.04502600058913231 0.1906919926404953
v 0.05289600044488907 0.04177999868988991 0.18713299930095673
v 0.05373699963092804 0.04514800012111664 0.18922600150108337
v 0.05519900098443031 0.04346200078725815 0.18642500042915344
v 0.05417399853467941 0.044589001685380936 0.18830500543117523
v 0.05289600044488907 0.04177999868988991 0.18713299930095673
v 0.05473000183701515 0.047366999089717865 0.190310999751091
v 0.05373699963092804 0.04514800012111664 0.18922600150108337
v 0.05417399853467941 0.044589001685380936 0.18830500543117523
v 0.04794900119304657 0.045090001076459885 0.190761998295784
v 0.05373699963092804 0.04514800012111664 0.18922600150108337
v 0.053332000970840454 0.04632199928164482 0.191444993019104
v 0.05473000183701515 0.047366999089717865 0.190310999751091
v 0.053332000970840454 0.04632199928164482 0.191444993019104
v 0.05373699963092804 0.04514800012111664 0.18922600150108337
v 0.04794900119304657 0.045090001076459885 0.190761998295784
v 0.04794299975037575 0.04502600058913231 0.1906919926404953
v 0.05373699963092804 0.04514800012111664 0.18922600150108337
v 0.05531499907374382 0.04516400024294853 0.1873060017824173
v 0.05417399853467941 0.044589001685380936 0.18830500543117523
v 0.05519900098443031 0.04346200078725815 0.18642500042915344
v 0.05531499907374382 0.04516400024294853 0.1873060017824173
v 0.05473000183701515 0.047366999089717865 0.190310999751091
v 0.05417399853467941 0.044589001685380936 0.18830500543117523
v 0.04835699871182442 0.04698999971151352 0.19575299322605133
v 0.04794900119304657 0.045090001076459885 0.190761998295784
v 0.053332000970840454 0.04632199928164482 0.191444993019104
v 0.05536000058054924 0.04698999971151352 0.19394299387931824
v 0.04835699871182442 0.04698999971151352 0.19575299322605133
v 0.053332000970840454 0.04632199928164482 0.191444993019104
v 0.05625699833035469 0.04802099987864494 0.1926019936800003
v 0.05536000058054924 0.04698999971151352 0.19394299387931824
v 0.053332000970840454 0.04632199928164482 0.191444993019104
v 0.05473000183701515 0.047366999089717865 0.190310999751091
v 0.05625699833035469 0.04802099987864494 0.1926019936800003
v 0.053332000970840454 0.04632199928164482 0.191444993019104
v 0.021617000922560692 0.04698999971151352 0.20454199612140656
v 0.04794299975037575 0.04502600058913231 0.1906919926404953
v 0.04794900119304657 0.045090001076459885 0.190761998295784
v 0.028094999492168427 0.04504099860787392 0.1955610066652298
v 0.04794299975037575 0.04502600058913231 0.1906919926404953
v 0.021617000922560692 0.04698999971151352 0.20454199612140656
v 0.021617000922560692 0.04698999971151352 0.20454199612140656
v 0.04794900119304657 0.045090001076459885 0.190761998295784
v 0.04835699871182442 0.04698999971151352 0.19575299322605133
v 0.05536000058054924 0.04698999971151352 0.19394299387931824
v 0.05213300138711929 0.04698999971151352 0.19511300325393677
v 0.04835699871182442 0.04698999971151352 0.19575299322605133
v 0.06078699976205826 0.04698999971151352 0.1968030035495758
v 0.04835699871182442 0.04698999971151352 0.19575299322605133
v 0.05213300138711929 0.04698999971151352 0.19511300325393677
v 0.06740199774503708 0.04698999971151352 0.19896499812602997
v 0.021617000922560692 0.04698999971151352 0.20454199612140656
v 0.04835699871182442 0.04698999971151352 0.19575299322605133
v 0.06078699976205826 0.04698999971151352 0.1968030035495758
v 0.06740199774503708 0.04698999971151352 0.19896499812602997
v 0.04835699871182442 0.04698999971151352 0.19575299322605133
v 0.06078699976205826 0.04698999971151352 0.1968030035495758
v 0.05213300138711929 0.04698999971151352 0.19511300325393677
v 0.05536000058054924 0.04698999971151352 0.19394299387931824
v 0.06078699976205826 0.04698999971151352 0.1968030035495758
v 0.05536000058054924 0.04698999971151352 0.19394299387931824
v 0.05625699833035469 0.04802099987864494 0.1926019936800003
v 0.05628399923443794 0.048135001212358475 0.19256199896335602
v 0.05625699833035469 0.04802099987864494 0.1926019936800003
v 0.05473000183701515 0.047366999089717865 0.190310999751091
v 0.06740199774503708 0.04698999971151352 0.19896499812602997
v 0.05625699833035469 0.04802099987864494 0.1926019936800003
v 0.05628399923443794 0.048135001212358475 0.19256199896335602
v 0.06078699976205826 0.04698999971151352 0.1968030035495758
v 0.05625699833035469 0.04802099987864494 0.1926019936800003
v 0.06740199774503708 0.04698999971151352 0.19896499812602997
v 0.054363999515771866 0.04734300076961517 0.186832994222641
v 0.05473000183701515 0.047366999089717865 0.190310999751091
v 0.05531499907374382 0.04516400024294853 0.1873060017824173
v 0.05392000079154968 0.04946500062942505 0.19029900431632996
v 0.05628399923443794 0.048135001212358475 0.19256199896335602
v 0.05473000183701515 0.047366999089717865 0.190310999751091
v 0.054363999515771866 0.04734300076961517 0.186832994222641
v 0.05392000079154968 0.04946500062942505 0.19029900431632996
v 0.05473000183701515 0.047366999089717865 0.190310999751091
v 0.05516299977898598 0.045862000435590744 0.1849610060453415
v 0.05531499907374382 0.04516400024294853 0.1873060017824173
v 0.056411001831293106 0.04251899942755699 0.18393400311470032
v 0.05516299977898598 0.045862000435590744 0.1849610060453415
v 0.054363999515771866 0.04734300076961517 0.186832994222641
v 0.05531499907374382 0.04516400024294853 0.1873060017824173
v 0.05655299872159958 0.04334300011396408 0.183460995554924
v 0.05516299977898598 0.045862000435590744 0.1849610060453415
v 0.056411001831293106 0.04251899942755699 0.18393400311470032
v 0.058729998767375946 0.03868599981069565 0.17687399685382843
v 0.05655299872159958 0.04334300011396408 0.183460995554924
v 0.056411001831293106 0.04251899942755699 0.18393400311470032
v 0.05392000079154968 0.04946500062942505 0.19029900431632996
v 0.056021999567747116 0.05008799955248833 0.19295300543308258
v 0.05628399923443794 0.048135001212358475 0.19256199896335602
v 0.06777200102806091 0.04785099998116493 0.1974879950284958
v 0.05628399923443794 0.048135001212358475 0.19256199896335602
v 0.056021999567747116 0.05008799955248833 0.19295300543308258
v 0.06777200102806091 0.04785099998116493 0.1974879950284958
v 0.06740199774503708 0.04698999971151352 0.19896499812602997
v 0.05628399923443794 0.048135001212358475 0.19256199896335602
v 0.057408999651670456 0.05712899938225746 0.2010519951581955
v 0.056021999567747116 0.05008799955248833 0.19295300543308258
v 0.05392000079154968 0.04946500062942505 0.19029900431632996
v 0.057408999651670456 0.05712899938225746 0.2010519951581955
v 0.06134200096130371 0.04988599941134453 0.19553600251674652
v 0.056021999567747116 0.05008799955248833 0.19295300543308258
v 0.06777200102806091 0.04785099998116493 0.1974879950284958
v 0.056021999567747116 0.05008799955248833 0.19295300543308258
v 0.06134200096130371 0.04988599941134453 0.19553600251674652
v 0.04877199977636337 0.05245999991893768 0.1910099983215332
v 0.05392000079154968 0.04946500062942505 0.19029900431632996
v 0.054363999515771866 0.04734300076961517 0.186832994222641
v 0.04877199977636337 0.05245999991893768 0.1910099983215332
v 0.057408999651670456 0.05712899938225746 0.2010519951581955
v 0.05392000079154968 0.04946500062942505 0.19029900431632996
v 0.04869600012898445 0.05244600027799606 0.19088900089263916
v 0.054363999515771866 0.04734300076961517 0.186832994222641
v 0.05516299977898598 0.045862000435590744 0.1849610060453415
v 0.04869600012898445 0.05244600027799606 0.19088900089263916
v 0.04877199977636337 0.05245999991893768 0.1910099983215332
v 0.054363999515771866 0.04734300076961517 0.186832994222641
v 0.05655299872159958 0.04334300011396408 0.183460995554924
v 0.05599600076675415 0.04422000050544739 0.18278899788856506
v 0.05516299977898598 0.045862000435590744 0.1849610060453415
v 0.04869600012898445 0.05244600027799606 0.19088900089263916
v 0.05516299977898598 0.045862000435590744 0.1849610060453415
v 0.05599600076675415 0.04422000050544739 0.18278899788856506
v 0.058490999042987823 0.039538998156785965 0.17610099911689758
v 0.05599600076675415 0.04422000050544739 0.18278899788856506
v 0.05655299872159958 0.04334300011396408 0.183460995554924
v 0.04869600012898445 0.05244600027799606 0.19088900089263916
v 0.05599600076675415 0.04422000050544739 0.18278899788856506
v 0.058490999042987823 0.039538998156785965 0.17610099911689758
v 0.058729998767375946 0.03868599981069565 0.17687399685382843
v 0.058490999042987823 0.039538998156785965 0.17610099911689758
v 0.05655299872159958 0.04334300011396408 0.183460995554924
v 0.058729998767375946 0.03868599981069565 0.17687399685382843
v 0.06126200035214424 0.03547900170087814 0.1703290045261383
v 0.058490999042987823 0.039538998156785965 0.17610099911689758
v 0.04321200028061867 0.05438400059938431 0.17826999723911285
v 0.058490999042987823 0.039538998156785965 0.17610099911689758
v 0.06126200035214424 0.03547900170087814 0.1703290045261383
v 0.04321200028061867 0.05438400059938431 0.17826999723911285
v 0.04869600012898445 0.05244600027799606 0.19088900089263916
v 0.058490999042987823 0.039538998156785965 0.17610099911689758
v 0.055493999272584915 0.043772000819444656 0.17076100409030914
v 0.04321200028061867 0.05438400059938431 0.17826999723911285
v 0.06126200035214424 0.03547900170087814 0.1703290045261383
v 0.06256800144910812 0.033323999494314194 0.16962699592113495
v 0.055493999272584915 0.043772000819444656 0.17076100409030914
v 0.06126200035214424 0.03547900170087814 0.1703290045261383
v 0.059404000639915466 0.03613299876451492 0.17703500390052795
v 0.06256800144910812 0.033323999494314194 0.16962699592113495
v 0.06126200035214424 0.03547900170087814 0.1703290045261383
v 0.06296099722385406 0.053571999073028564 0.19890399277210236
v 0.06778299808502197 0.04960000142455101 0.1974409967660904
v 0.06134200096130371 0.04988599941134453 0.19553600251674652
v 0.06777200102806091 0.04785099998116493 0.1974879950284958
v 0.06134200096130371 0.04988599941134453 0.19553600251674652
v 0.06778299808502197 0.04960000142455101 0.1974409967660904
v 0.057408999651670456 0.05712899938225746 0.2010519951581955
v 0.06296099722385406 0.053571999073028564 0.19890399277210236
v 0.06134200096130371 0.04988599941134453 0.19553600251674652
v 0.07869700342416763 0.06439699977636337 0.21736399829387665
v 0.06778299808502197 0.04960000142455101 0.1974409967660904
v 0.06296099722385406 0.053571999073028564 0.19890399277210236
v 0.09113200008869171 0.04960000142455101 0.20917700231075287
v 0.06777200102806091 0.04785099998116493 0.1974879950284958
v 0.06778299808502197 0.04960000142455101 0.1974409967660904
v 0.07869700342416763 0.06439699977636337 0.21736399829387665
v 0.09113200008869171 0.04960000142455101 0.20917700231075287
v 0.06778299808502197 0.04960000142455101 0.1974409967660904
v 0.05784599855542183 0.06439699977636337 0.20988799631595612
v 0.06296099722385406 0.053571999073028564 0.19890399277210236
v 0.057408999651670456 0.05712899938225746 0.2010519951581955
v 0.05784599855542183 0.06439699977636337 0.20988799631595612
v 0.07869700342416763 0.06439699977636337 0.21736399829387665
v 0.06296099722385406 0.053571999073028564 0.19890399277210236
v 0.03453600034117699 0.05908399820327759 0.19798700511455536
v 0.057408999651670456 0.05712899938225746 0.2010519951581955
v 0.04877199977636337 0.05245999991893768 0.1910099983215332
v 0.04776899889111519 0.061420001089572906 0.20572200417518616
v 0.057408999651670456 0.05712899938225746 0.2010519951581955
v 0.03453600034117699 0.05908399820327759 0.19798700511455536
v 0.05784599855542183 0.06439699977636337 0.20988799631595612
v 0.057408999651670456 0.05712899938225746 0.2010519951581955
v 0.04776899889111519 0.061420001089572906 0.20572200417518616
v 0.027633000165224075 0.06120799854397774 0.19296300411224365
v 0.04877199977636337 0.05245999991893768 0.1910099983215332
v 0.04869600012898445 0.05244600027799606 0.19088900089263916
v 0.03453600034117699 0.05908399820327759 0.19798700511455536
v 0.04877199977636337 0.05245999991893768 0.1910099983215332
v 0.027633000165224075 0.06120799854397774 0.19296300411224365
v 0.027633000165224075 0.06120799854397774 0.19296300411224365
v 0.04869600012898445 0.05244600027799606 0.19088900089263916
v 0.04321200028061867 0.05438400059938431 0.17826999723911285
v 0.04475700110197067 0.05632900074124336 0.16361699998378754
v 0.04321200028061867 0.05438400059938431 0.17826999723911285
v 0.055493999272584915 0.043772000819444656 0.17076100409030914
v 0.03262300044298172 0.06543800234794617 0.1558769941329956
v 0.04321200028061867 0.05438400059938431 0.17826999723911285
v 0.04475700110197067 0.05632900074124336 0.16361699998378754
v 0.030439000576734543 0.06616699695587158 0.1569020003080368
v 0.027633000165224075 0.06120799854397774 0.19296300411224365
v 0.04321200028061867 0.05438400059938431 0.17826999723911285
v 0.03262300044298172 0.06543800234794617 0.1558769941329956
v 0.030439000576734543 0.06616699695587158 0.1569020003080368
v 0.04321200028061867 0.05438400059938431 0.17826999723911285
v 0.06378600001335144 0.03120799921452999 0.16883300244808197
v 0.06380700320005417 0.031215999275445938 0.16870200634002686
v 0.055493999272584915 0.043772000819444656 0.17076100409030914
v 0.0637660026550293 0.031199999153614044 0.1689620018005371
v 0.06378600001335144 0.03120799921452999 0.16883300244808197
v 0.055493999272584915 0.043772000819444656 0.17076100409030914
v 0.06256800144910812 0.033323999494314194 0.16962699592113495
v 0.0637660026550293 0.031199999153614044 0.1689620018005371
v 0.055493999272584915 0.043772000819444656 0.17076100409030914
v 0.0637660026550293 0.031199999153614044 0.1689620018005371
v 0.06380700320005417 0.031215999275445938 0.16870200634002686
v 0.06378600001335144 0.03120799921452999 0.16883300244808197
v 0.06396900117397308 0.03082600049674511 0.16884499788284302
v 0.06380700320005417 0.031215999275445938 0.16870200634002686
v 0.0637660026550293 0.031199999153614044 0.1689620018005371
v 0.0639910027384758 0.030832000076770782 0.1687140017747879
v 0.06380700320005417 0.031215999275445938 0.16870200634002686
v 0.06396900117397308 0.03082600049674511 0.16884499788284302
v 0.059404000639915466 0.03613299876451492 0.17703500390052795
v 0.0637660026550293 0.031199999153614044 0.1689620018005371
v 0.06256800144910812 0.033323999494314194 0.16962699592113495
v 0.06396900117397308 0.03082600049674511 0.16884499788284302
v 0.0637660026550293 0.031199999153614044 0.1689620018005371
v 0.06415099650621414 0.0259419996291399 0.17421600222587585
v 0.06417199969291687 0.030448999255895615 0.16872499883174896
v 0.06396900117397308 0.03082600049674511 0.16884499788284302
v 0.06415099650621414 0.0259419996291399 0.17421600222587585
v 0.06450899690389633 0.02531999908387661 0.17371399700641632
v 0.06417199969291687 0.030448999255895615 0.16872499883174896
v 0.06415099650621414 0.0259419996291399 0.17421600222587585
v 0.0639910027384758 0.030832000076770782 0.1687140017747879
v 0.06396900117397308 0.03082600049674511 0.16884499788284302
v 0.06417199969291687 0.030448999255895615 0.16872499883174896
v 0 0.06634700298309326 0.19530600309371948
v 0 0.0652260035276413 0.20716500282287598
v 0 0.06350000202655792 0.24901999533176422
v -0.0018390000332146883 0.06347300112247467 0.2490449994802475
v 0 0.06350000202655792 0.24901999533176422
v 0 0.0652260035276413 0.20716500282287598
v 0.002971000038087368 0.06365899741649628 0.23386099934577942
v 0 0.06634700298309326 0.19530600309371948
v 0 0.06350000202655792 0.24901999533176422
v 0.018113000318408012 0.06612800061702728 0.23168900609016418
v 0.002971000038087368 0.06365899741649628 0.23386099934577942
v 0 0.06350000202655792 0.24901999533176422
v 0.005677000153809786 0.06413699686527252 0.24966999888420105
v 0.018113000318408012 0.06612800061702728 0.23168900609016418
v 0 0.06350000202655792 0.24901999533176422
v 0.002346999943256378 0.06363800168037415 0.25527098774909973
v 0.005677000153809786 0.06413699686527252 0.24966999888420105
v 0 0.06350000202655792 0.24901999533176422
v 0.0011630000080913305 0.06353899836540222 0.2528719902038574
v 0 0.06350000202655792 0.24901999533176422
v 0 0.06350000202655792 0.2498829960823059
v -0.0018390000332146883 0.06347300112247467 0.2490449994802475
v 0 0.06350000202655792 0.2498829960823059
v 0 0.06350000202655792 0.24901999533176422
v 0.0011630000080913305 0.06353899836540222 0.2528719902038574
v 0.002346999943256378 0.06363800168037415 0.25527098774909973
v 0 0.06350000202655792 0.24901999533176422
v -0.0018390000332146883 0.06347300112247467 0.2490449994802475
v 0 0.0652260035276413 0.20716500282287598
v 0 0.06634700298309326 0.19530600309371948
v 0.009711000137031078 0.06376899778842926 0.21795499324798584
v 0.012315000407397747 0.06520400196313858 0.19645899534225464
v 0 0.06634700298309326 0.19530600309371948
v 0 0.07039599865674973 0.16559000313282013
v 0 0.06634700298309326 0.19530600309371948
v 0.012315000407397747 0.06520400196313858 0.19645899534225464
v 0.006490000057965517 0.06378299742937088 0.22448000311851501
v 0.009711000137031078 0.06376899778842926 0.21795499324798584
v 0 0.06634700298309326 0.19530600309371948
v 0.002971000038087368 0.06365899741649628 0.23386099934577942
v 0.006490000057965517 0.06378299742937088 0.22448000311851501
v 0 0.06634700298309326 0.19530600309371948
v -0.01843399927020073 0.06898099929094315 0.16196100413799286
v 0 0.06634700298309326 0.19530600309371948
v 0 0.07039599865674973 0.16559000313282013
v -0.023226000368595123 0.0621660016477108 0.19894999265670776
v -0.0018390000332146883 0.06347300112247467 0.2490449994802475
v 0 0.06634700298309326 0.19530600309371948
v -0.01843399927020073 0.06898099929094315 0.16196100413799286
v -0.023226000368595123 0.0621660016477108 0.19894999265670776
v 0 0.06634700298309326 0.19530600309371948
v 0.009711000137031078 0.06376899778842926 0.21795499324798584
v 0.02333799935877323 0.062245000153779984 0.19791799783706665
v 0.012315000407397747 0.06520400196313858 0.19645899534225464
v 0.01819399930536747 0.06902000308036804 0.16204500198364258
v 0.012315000407397747 0.06520400196313858 0.19645899534225464
v 0.02333799935877323 0.062245000153779984 0.19791799783706665
v 0.01819399930536747 0.06902000308036804 0.16204500198364258
v 0 0.07039599865674973 0.16559000313282013
v 0.012315000407397747 0.06520400196313858 0.19645899534225464
v 0.01969500072300434 0.0626550018787384 0.20884199440479279
v 0.02333799935877323 0.062245000153779984 0.19791799783706665
v 0.009711000137031078 0.06376899778842926 0.21795499324798584
v 0.01819399930536747 0.06902000308036804 0.16204500198364258
v 0.02333799935877323 0.062245000153779984 0.19791799783706665
v 0.027633000165224075 0.06120799854397774 0.19296300411224365
v 0.03453600034117699 0.05908399820327759 0.19798700511455536
v 0.027633000165224075 0.06120799854397774 0.19296300411224365
v 0.02333799935877323 0.062245000153779984 0.19791799783706665
v 0.03453600034117699 0.05908399820327759 0.19798700511455536
v 0.02333799935877323 0.062245000153779984 0.19791799783706665
v 0.01969500072300434 0.0626550018787384 0.20884199440479279
v 0.01969500072300434 0.0626550018787384 0.20884199440479279
v 0.009711000137031078 0.06376899778842926 0.21795499324798584
v 0.006490000057965517 0.06378299742937088 0.22448000311851501
v 0.018113000318408012 0.06612800061702728 0.23168900609016418
v 0.006490000057965517 0.06378299742937088 0.22448000311851501
v 0.002971000038087368 0.06365899741649628 0.23386099934577942
v 0.026120999827980995 0.06573600322008133 0.22174200415611267
v 0.01969500072300434 0.0626550018787384 0.20884199440479279
v 0.006490000057965517 0.06378299742937088 0.22448000311851501
v 0.018113000318408012 0.06612800061702728 0.23168900609016418
v 0.026120999827980995 0.06573600322008133 0.22174200415611267
v 0.006490000057965517 0.06378299742937088 0.22448000311851501
v 0.030439000576734543 0.06616699695587158 0.1569020003080368
v 0.01819399930536747 0.06902000308036804 0.16204500198364258
v 0.027633000165224075 0.06120799854397774 0.19296300411224365
v 0 0.07093899697065353 0.1612270027399063
v 0 0.07039599865674973 0.16559000313282013
v 0.01819399930536747 0.06902000308036804 0.16204500198364258
v -0.0038030000869184732 0.0711200013756752 0.15549799799919128
v -0.01843399927020073 0.06898099929094315 0.16196100413799286
v 0 0.07039599865674973 0.16559000313282013
v 0 0.07093899697065353 0.1612270027399063
v -0.0038030000869184732 0.0711200013756752 0.15549799799919128
v 0 0.07039599865674973 0.16559000313282013
v 0.006808999925851822 0.0711200013756752 0.1525540053844452
v 0.01819399930536747 0.06902000308036804 0.16204500198364258
v 0.030439000576734543 0.06616699695587158 0.1569020003080368
v 0 0.07093899697065353 0.1612270027399063
v 0.01819399930536747 0.06902000308036804 0.16204500198364258
v 0 0.0711200013756752 0.1568319946527481
v 0.0034409998916089535 0.0711200013756752 0.15573899447917938
v 0 0.0711200013756752 0.1568319946527481
v 0.01819399930536747 0.06902000308036804 0.16204500198364258
v 0.006808999925851822 0.0711200013756752 0.1525540053844452
v 0.0034409998916089535 0.0711200013756752 0.15573899447917938
v 0.01819399930536747 0.06902000308036804 0.16204500198364258
v 0.04089599847793579 0.06602700054645538 0.125218003988266
v 0.030439000576734543 0.06616699695587158 0.1569020003080368
v 0.03262300044298172 0.06543800234794617 0.1558769941329956
v 0.012787999585270882 0.0711200013756752 0.14145000278949738
v 0.030439000576734543 0.06616699695587158 0.1569020003080368
v 0.04089599847793579 0.06602700054645538 0.125218003988266
v 0.00990500021725893 0.0711200013756752 0.14773599803447723
v 0.006808999925851822 0.0711200013756752 0.1525540053844452
v 0.030439000576734543 0.06616699695587158 0.1569020003080368
v 0.012787999585270882 0.0711200013756752 0.14145000278949738
v 0.00990500021725893 0.0711200013756752 0.14773599803447723
v 0.030439000576734543 0.06616699695587158 0.1569020003080368
v 0.03696899861097336 0.06426700204610825 0.2124760001897812
v 0.03453600034117699 0.05908399820327759 0.19798700511455536
v 0.01969500072300434 0.0626550018787384 0.20884199440479279
v 0.036042001098394394 0.06444200128316879 0.21315500140190125
v 0.03696899861097336 0.06426700204610825 0.2124760001897812
v 0.01969500072300434 0.0626550018787384 0.20884199440479279
v 0.026120999827980995 0.06573600322008133 0.22174200415611267
v 0.036042001098394394 0.06444200128316879 0.21315500140190125
v 0.01969500072300434 0.0626550018787384 0.20884199440479279
v 0.03696899861097336 0.06426700204610825 0.2124760001897812
v 0.04776899889111519 0.061420001089572906 0.20572200417518616
v 0.03453600034117699 0.05908399820327759 0.19798700511455536
v 0.05784599855542183 0.06439699977636337 0.20988799631595612
v 0.04776899889111519 0.061420001089572906 0.20572200417518616
v 0.03696899861097336 0.06426700204610825 0.2124760001897812
v 0.05784599855542183 0.06439699977636337 0.20988799631595612
v 0.03696899861097336 0.06426700204610825 0.2124760001897812
v 0.036042001098394394 0.06444200128316879 0.21315500140190125
v 0.04339199885725975 0.06984999775886536 0.23127399384975433
v 0.036042001098394394 0.06444200128316879 0.21315500140190125
v 0.026120999827980995 0.06573600322008133 0.22174200415611267
v 0.05334300175309181 0.06984999775886536 0.22929400205612183
v 0.05784599855542183 0.06439699977636337 0.20988799631595612
v 0.036042001098394394 0.06444200128316879 0.21315500140190125
v 0.04339199885725975 0.06984999775886536 0.23127399384975433
v 0.05334300175309181 0.06984999775886536 0.22929400205612183
v 0.036042001098394394 0.06444200128316879 0.21315500140190125
v 0.034956999123096466 0.06984999775886536 0.23691600561141968
v 0.026120999827980995 0.06573600322008133 0.22174200415611267
v 0.018113000318408012 0.06612800061702728 0.23168900609016418
v 0.034956999123096466 0.06984999775886536 0.23691600561141968
v 0.04339199885725975 0.06984999775886536 0.23127399384975433
v 0.026120999827980995 0.06573600322008133 0.22174200415611267
v 0.005677000153809786 0.06413699686527252 0.24966999888420105
v 0.011063000187277794 0.06604199856519699 0.2503019869327545
v 0.018113000318408012 0.06612800061702728 0.23168900609016418
v 0.029326999559998512 0.06984999775886536 0.24536199867725372
v 0.018113000318408012 0.06612800061702728 0.23168900609016418
v 0.011063000187277794 0.06604199856519699 0.2503019869327545
v 0.029326999559998512 0.06984999775886536 0.24536199867725372
v 0.034956999123096466 0.06984999775886536 0.23691600561141968
v 0.018113000318408012 0.06612800061702728 0.23168900609016418
v 0.006666000001132488 0.06447499990463257 0.25527000427246094
v 0.011063000187277794 0.06604199856519699 0.2503019869327545
v 0.005677000153809786 0.06413699686527252 0.24966999888420105
v 0.006666000001132488 0.06447499990463257 0.25527000427246094
v 0.010843999683856964 0.06604199856519699 0.25277599692344666
v 0.011063000187277794 0.06604199856519699 0.2503019869327545
v 0.029326999559998512 0.06984999775886536 0.24536199867725372
v 0.011063000187277794 0.06604199856519699 0.2503019869327545
v 0.010843999683856964 0.06604199856519699 0.25277599692344666
v 0.002346999943256378 0.06363800168037415 0.25527098774909973
v 0.006666000001132488 0.06447499990463257 0.25527000427246094
v 0.005677000153809786 0.06413699686527252 0.24966999888420105
v 0.0011630000080913305 0.06353899836540222 0.2528719902038574
v 0 0.06350000202655792 0.2498829960823059
v 0 0.06350000202655792 0.2507309913635254
v -0.0018390000332146883 0.06347300112247467 0.2490449994802475
v 0 0.06350000202655792 0.2507309913635254
v 0 0.06350000202655792 0.2498829960823059
v -0.0046709999442100525 0.06237800046801567 0.2565929889678955
v 0.0011630000080913305 0.06353899836540222 0.2528719902038574
v 0 0.06350000202655792 0.2507309913635254
v -0.0018609999679028988 0.06347300112247467 0.24991700053215027
v -0.0046709999442100525 0.06237800046801567 0.2565929889678955
v 0 0.06350000202655792 0.2507309913635254
v -0.0018390000332146883 0.06347300112247467 0.2490449994802475
v -0.0018609999679028988 0.06347300112247467 0.24991700053215027
v 0 0.06350000202655792 0.2507309913635254
v 0.006666000001132488 0.06447499990463257 0.25527000427246094
v 0.010770999826490879 0.06604199856519699 0.25527000427246094
v 0.010843999683856964 0.06604199856519699 0.25277599692344666
v 0.029326999559998512 0.06984999775886536 0.24536199867725372
v 0.010843999683856964 0.06604199856519699 0.25277599692344666
v 0.010770999826490879 0.06604199856519699 0.25527000427246094
v 0.002788000041618943 0.0636880025267601 0.25582998991012573
v 0.010770999826490879 0.06604199856519699 0.25527000427246094
v 0.006666000001132488 0.06447499990463257 0.25527000427246094
v 0.01885100081562996 0.06888599693775177 0.25527000427246094
v 0.029326999559998512 0.06984999775886536 0.24536199867725372
v 0.010770999826490879 0.06604199856519699 0.25527000427246094
v 0.013189000077545643 0.0660180002450943 0.2695609927177429
v 0.01885100081562996 0.06888599693775177 0.25527000427246094
v 0.010770999826490879 0.06604199856519699 0.25527000427246094
v 0.00876300036907196 0.06468699872493744 0.2664560079574585
v 0.013189000077545643 0.0660180002450943 0.2695609927177429
v 0.010770999826490879 0.06604199856519699 0.25527000427246094
v 0.00802099984139204 0.06456699967384338 0.2650099992752075
v 0.00876300036907196 0.06468699872493744 0.2664560079574585
v 0.010770999826490879 0.06604199856519699 0.25527000427246094
v 0.003218000056222081 0.06374300271272659 0.25641700625419617
v 0.00802099984139204 0.06456699967384338 0.2650099992752075
v 0.010770999826490879 0.06604199856519699 0.25527000427246094
v 0.002788000041618943 0.0636880025267601 0.25582998991012573
v 0.003218000056222081 0.06374300271272659 0.25641700625419617
v 0.010770999826490879 0.06604199856519699 0.25527000427246094
v 0.002788000041618943 0.0636880025267601 0.25582998991012573
v 0.006666000001132488 0.06447499990463257 0.25527000427246094
v 0.002346999943256378 0.06363800168037415 0.25527098774909973
v -0.0046709999442100525 0.06237800046801567 0.2565929889678955
v 0.002346999943256378 0.06363800168037415 0.25527098774909973
v 0.0011630000080913305 0.06353899836540222 0.2528719902038574
v 0.00018699999782256782 0.06322599947452545 0.25740599632263184
v 0.002346999943256378 0.06363800168037415 0.25527098774909973
v -0.0046709999442100525 0.06237800046801567 0.2565929889678955
v -0.0019020000472664833 0.06245100125670433 0.25951099395751953
v 0.002346999943256378 0.06363800168037415 0.25527098774909973
v 0.00018699999782256782 0.06322599947452545 0.25740599632263184
v -0.0036989999935030937 0.05945499986410141 0.2664619982242584
v 0.002346999943256378 0.06363800168037415 0.25527098774909973
v -0.0019020000472664833 0.06245100125670433 0.25951099395751953
v -0.0036989999935030937 0.05945499986410141 0.2664619982242584
v 0.002788000041618943 0.0636880025267601 0.25582998991012573
v 0.002346999943256378 0.06363800168037415 0.25527098774909973
v -0.008166000247001648 0.057193998247385025 0.2661229968070984
v -0.013340000063180923 0.04838600009679794 0.2698970139026642
v -0.01217500027269125 0.04870700091123581 0.2708759903907776
v -0.013933000154793262 0.04622900113463402 0.26921001076698303
v -0.01217500027269125 0.04870700091123581 0.2708759903907776
v -0.013340000063180923 0.04838600009679794 0.2698970139026642
v -0.007329000160098076 0.04941599816083908 0.2745409905910492
v -0.008166000247001648 0.057193998247385025 0.2661229968070984
v -0.01217500027269125 0.04870700091123581 0.2708759903907776
v -0.011815999634563923 0.046904001384973526 0.27091699838638306
v -0.01217500027269125 0.04870700091123581 0.2708759903907776
v -0.013933000154793262 0.04622900113463402 0.26921001076698303
v -0.011770999990403652 0.0487929992377758 0.2712540030479431
v -0.01217500027269125 0.04870700091123581 0.2708759903907776
v -0.011815999634563923 0.046904001384973526 0.27091699838638306
v -0.009417000226676464 0.04919299855828285 0.27316999435424805
v -0.007329000160098076 0.04941599816083908 0.2745409905910492
v -0.01217500027269125 0.04870700091123581 0.2708759903907776
v -0.011358000338077545 0.048875998705625534 0.27162298560142517
v -0.01217500027269125 0.04870700091123581 0.2708759903907776
v -0.011770999990403652 0.0487929992377758 0.2712540030479431
v -0.009417000226676464 0.04919299855828285 0.27316999435424805
v -0.01217500027269125 0.04870700091123581 0.2708759903907776
v -0.011358000338077545 0.048875998705625534 0.27162298560142517
v -0.008166000247001648 0.057193998247385025 0.2661229968070984
v -0.014487000182271004 0.0479779988527298 0.26914501190185547
v -0.013340000063180923 0.04838600009679794 0.2698970139026642
v -0.013933000154793262 0.04622900113463402 0.26921001076698303
v -0.013340000063180923 0.04838600009679794 0.2698970139026642
v -0.014487000182271004 0.0479779988527298 0.26914501190185547
v -0.008166000247001648 0.057193998247385025 0.2661229968070984
v -0.008809000253677368 0.05917299911379814 0.2618800103664398
v -0.014487000182271004 0.0479779988527298 0.26914501190185547
v -0.01145699992775917 0.05867199972271919 0.2606959939002991
v -0.014487000182271004 0.0479779988527298 0.26914501190185547
v -0.008809000253677368 0.05917299911379814 0.2618800103664398
v -0.01584699936211109 0.04636099934577942 0.26852700114250183
v -0.013933000154793262 0.04622900113463402 0.26921001076698303
v -0.014487000182271004 0.0479779988527298 0.26914501190185547
v -0.01584699936211109 0.04636099934577942 0.26852700114250183
v -0.014487000182271004 0.0479779988527298 0.26914501190185547
v -0.016109999269247055 0.04730299860239029 0.2682630121707916
v -0.015294999815523624 0.04766000062227249 0.26868999004364014
v -0.016109999269247055 0.04730299860239029 0.2682630121707916
v -0.014487000182271004 0.0479779988527298 0.26914501190185547
v -0.01145699992775917 0.05867199972271919 0.2606959939002991
v -0.015294999815523624 0.04766000062227249 0.26868999004364014
v -0.014487000182271004 0.0479779988527298 0.26914501190185547
v -0.0019020000472664833 0.06245100125670433 0.25951099395751953
v -0.0046709999442100525 0.06237800046801567 0.2565929889678955
v -0.008809000253677368 0.05917299911379814 0.2618800103664398
v -0.01145699992775917 0.05867199972271919 0.2606959939002991
v -0.008809000253677368 0.05917299911379814 0.2618800103664398
v -0.0046709999442100525 0.06237800046801567 0.2565929889678955
v -0.008166000247001648 0.057193998247385025 0.2661229968070984
v -0.0019020000472664833 0.06245100125670433 0.25951099395751953
v -0.008809000253677368 0.05917299911379814 0.2618800103664398
v -0.0019020000472664833 0.06245100125670433 0.25951099395751953
v 0.00018699999782256782 0.06322599947452545 0.25740599632263184
v -0.0046709999442100525 0.06237800046801567 0.2565929889678955
v -0.0036349999718368053 0.06339599937200546 0.24914999306201935
v -0.01145699992775917 0.05867199972271919 0.2606959939002991
v -0.0046709999442100525 0.06237800046801567 0.2565929889678955
v -0.0018609999679028988 0.06347300112247467 0.24991700053215027
v -0.0036349999718368053 0.06339599937200546 0.24914999306201935
v -0.0046709999442100525 0.06237800046801567 0.2565929889678955
v -0.0036989999935030937 0.05945499986410141 0.2664619982242584
v -0.0019020000472664833 0.06245100125670433 0.25951099395751953
v -0.008166000247001648 0.057193998247385025 0.2661229968070984
v -0.0036989999935030937 0.05945499986410141 0.2664619982242584
v -0.008166000247001648 0.057193998247385025 0.2661229968070984
v -0.007329000160098076 0.04941599816083908 0.2745409905910492
v -0.012892999686300755 0.04560700058937073 0.2678320109844208
v -0.011722000315785408 0.04596700146794319 0.26868098974227905
v -0.01055500004440546 0.04625599831342697 0.26974600553512573
v -0.005772999953478575 0.04698999971151352 0.25327199697494507
v -0.01055500004440546 0.04625599831342697 0.26974600553512573
v -0.011722000315785408 0.04596700146794319 0.26868098974227905
v -0.011815999634563923 0.046904001384973526 0.27091699838638306
v -0.012892999686300755 0.04560700058937073 0.2678320109844208
v -0.01055500004440546 0.04625599831342697 0.26974600553512573
v -0.007162000052630901 0.04765700176358223 0.27449700236320496
v -0.011815999634563923 0.046904001384973526 0.27091699838638306
v -0.01055500004440546 0.04625599831342697 0.26974600553512573
v -0.008535999804735184 0.046622999012470245 0.27156999707221985
v -0.01055500004440546 0.04625599831342697 0.26974600553512573
v -0.005772999953478575 0.04698999971151352 0.25327199697494507
v -0.007162000052630901 0.04765700176358223 0.27449700236320496
v -0.01055500004440546 0.04625599831342697 0.26974600553512573
v -0.008535999804735184 0.046622999012470245 0.27156999707221985
v -0.005772999953478575 0.04698999971151352 0.25327199697494507
v -0.011722000315785408 0.04596700146794319 0.26868098974227905
v -0.012892999686300755 0.04560700058937073 0.2678320109844208
v -0.011815999634563923 0.046904001384973526 0.27091699838638306
v -0.013933000154793262 0.04622900113463402 0.26921001076698303
v -0.012892999686300755 0.04560700058937073 0.2678320109844208
v -0.013669000007212162 0.04532799869775772 0.2673549950122833
v -0.012892999686300755 0.04560700058937073 0.2678320109844208
v -0.013933000154793262 0.04622900113463402 0.26921001076698303
v -0.013669000007212162 0.04532799869775772 0.2673549950122833
v -0.005772999953478575 0.04698999971151352 0.25327199697494507
v -0.012892999686300755 0.04560700058937073 0.2678320109844208
v -0.015382999554276466 0.045552000403404236 0.2682980000972748
v -0.013669000007212162 0.04532799869775772 0.2673549950122833
v -0.013933000154793262 0.04622900113463402 0.26921001076698303
v -0.015382999554276466 0.045552000403404236 0.2682980000972748
v -0.013933000154793262 0.04622900113463402 0.26921001076698303
v -0.01584699936211109 0.04636099934577942 0.26852700114250183
v -0.007162000052630901 0.04765700176358223 0.27449700236320496
v -0.007329000160098076 0.04941599816083908 0.2745409905910492
v -0.011815999634563923 0.046904001384973526 0.27091699838638306
v -0.009417000226676464 0.04919299855828285 0.27316999435424805
v -0.011815999634563923 0.046904001384973526 0.27091699838638306
v -0.007329000160098076 0.04941599816083908 0.2745409905910492
v -0.011358000338077545 0.048875998705625534 0.27162298560142517
v -0.011770999990403652 0.0487929992377758 0.2712540030479431
v -0.011815999634563923 0.046904001384973526 0.27091699838638306
v -0.009417000226676464 0.04919299855828285 0.27316999435424805
v -0.011358000338077545 0.048875998705625534 0.27162298560142517
v -0.011815999634563923 0.046904001384973526 0.27091699838638306
v -0.004372000228613615 0.04697199910879135 0.2747589945793152
v -0.005772999953478575 0.04698999971151352 0.25327199697494507
v -0.0029609999619424343 0.04698999971151352 0.27625301480293274
v 0.11136399954557419 0.04698999971151352 0.25636398792266846
v -0.0029609999619424343 0.04698999971151352 0.27625301480293274
v -0.005772999953478575 0.04698999971151352 0.25327199697494507
v -0.006742999888956547 0.04769200086593628 0.2747710049152374
v -0.004372000228613615 0.04697199910879135 0.2747589945793152
v -0.0029609999619424343 0.04698999971151352 0.27625301480293274
v -0.004017999861389399 0.04773100093007088 0.27723899483680725
v -0.006742999888956547 0.04769200086593628 0.2747710049152374
v -0.0029609999619424343 0.04698999971151352 0.27625301480293274
v -0.0011650000233203173 0.04698999971151352 0.27825701236724854
v -0.004017999861389399 0.04773100093007088 0.27723899483680725
v -0.0029609999619424343 0.04698999971151352 0.27625301480293274
v 0.10293299704790115 0.04698999971151352 0.2854120135307312
v -0.0011650000233203173 0.04698999971151352 0.27825701236724854
v -0.0029609999619424343 0.04698999971151352 0.27625301480293274
v 0.11136399954557419 0.04698999971151352 0.25636398792266846
v 0.10293299704790115 0.04698999971151352 0.2854120135307312
v -0.0029609999619424343 0.04698999971151352 0.27625301480293274
v -0.014434999786317348 0.0450190007686615 0.26691800355911255
v -0.014135000295937061 0.04470499977469444 0.2530910074710846
v -0.005772999953478575 0.04698999971151352 0.25327199697494507
v -0.005319000221788883 0.04698999971151352 0.24627700448036194
v -0.005772999953478575 0.04698999971151352 0.25327199697494507
v -0.014135000295937061 0.04470499977469444 0.2530910074710846
v -0.013669000007212162 0.04532799869775772 0.2673549950122833
v -0.014434999786317348 0.0450190007686615 0.26691800355911255
v -0.005772999953478575 0.04698999971151352 0.25327199697494507
v -0.006308000069111586 0.046872999519109726 0.27316299080848694
v -0.008535999804735184 0.046622999012470245 0.27156999707221985
v -0.005772999953478575 0.04698999971151352 0.25327199697494507
v -0.006058000028133392 0.04689199849963188 0.2733289897441864
v -0.006308000069111586 0.046872999519109726 0.27316299080848694
v -0.005772999953478575 0.04698999971151352 0.25327199697494507
v -0.005809000227600336 0.04690900072455406 0.2735080122947693
v -0.006058000028133392 0.04689199849963188 0.2733289897441864
v -0.005772999953478575 0.04698999971151352 0.25327199697494507
v -0.004372000228613615 0.04697199910879135 0.2747589945793152
v -0.005809000227600336 0.04690900072455406 0.2735080122947693
v -0.005772999953478575 0.04698999971151352 0.25327199697494507
v 0.11136399954557419 0.04698999971151352 0.25636398792266846
v -0.005772999953478575 0.04698999971151352 0.25327199697494507
v -0.005319000221788883 0.04698999971151352 0.24627700448036194
v -0.027567999437451363 0.03178500011563301 0.26390698552131653
v -0.019634999334812164 0.03837599977850914 0.2496050000190735
v -0.014135000295937061 0.04470499977469444 0.2530910074710846
v -0.002351999981328845 0.045065999031066895 0.22204500436782837
v -0.014135000295937061 0.04470499977469444 0.2530910074710846
v -0.019634999334812164 0.03837599977850914 0.2496050000190735
v -0.021900000050663948 0.03984599933028221 0.26426300406455994
v -0.027567999437451363 0.03178500011563301 0.26390698552131653
v -0.014135000295937061 0.04470499977469444 0.2530910074710846
v -0.021167999133467674 0.040564000606536865 0.2644070088863373
v -0.021900000050663948 0.03984599933028221 0.26426300406455994
v -0.014135000295937061 0.04470499977469444 0.2530910074710846
v -0.014434999786317348 0.0450190007686615 0.26691800355911255
v -0.021167999133467674 0.040564000606536865 0.2644070088863373
v -0.014135000295937061 0.04470499977469444 0.2530910074710846
v -0.002351999981328845 0.045065999031066895 0.22204500436782837
v 0.0019109999993816018 0.04698999971151352 0.22458800673484802
v -0.014135000295937061 0.04470499977469444 0.2530910074710846
v -0.005319000221788883 0.04698999971151352 0.24627700448036194
v -0.014135000295937061 0.04470499977469444 0.2530910074710846
v 0.0019109999993816018 0.04698999971151352 0.22458800673484802
v -0.03243099898099899 0.011397000402212143 0.2644839882850647
v -0.019734999164938927 0.0318869985640049 0.24518999457359314
v -0.019634999334812164 0.03837599977850914 0.2496050000190735
v -0.0037499999161809683 0.04291199892759323 0.2212110012769699
v -0.019634999334812164 0.03837599977850914 0.2496050000190735
v -0.019734999164938927 0.0318869985640049 0.24518999457359314
v -0.031998999416828156 0.016798999160528183 0.2644079923629761
v -0.03243099898099899 0.011397000402212143 0.2644839882850647
v -0.019634999334812164 0.03837599977850914 0.2496050000190735
v -0.031158000230789185 0.021765999495983124 0.26435399055480957
v -0.031998999416828156 0.016798999160528183 0.2644079923629761
v -0.019634999334812164 0.03837599977850914 0.2496050000190735
v -0.030959000810980797 0.022622000426054 0.2643350064754486
v -0.031158000230789185 0.021765999495983124 0.26435399055480957
v -0.019634999334812164 0.03837599977850914 0.2496050000190735
v -0.03073599934577942 0.023476000875234604 0.2642970085144043
v -0.030959000810980797 0.022622000426054 0.2643350064754486
v -0.019634999334812164 0.03837599977850914 0.2496050000190735
v -0.029298000037670135 0.02787099964916706 0.26406198740005493
v -0.03073599934577942 0.023476000875234604 0.2642970085144043
v -0.019634999334812164 0.03837599977850914 0.2496050000190735
v -0.027567999437451363 0.03178500011563301 0.26390698552131653
v -0.029298000037670135 0.02787099964916706 0.26406198740005493
v -0.019634999334812164 0.03837599977850914 0.2496050000190735
v -0.0037499999161809683 0.04291199892759323 0.2212110012769699
v -0.002351999981328845 0.045065999031066895 0.22204500436782837
v -0.019634999334812164 0.03837599977850914 0.2496050000190735
v -0.005590000189840794 0.020174000412225723 0.22011299431324005
v -0.019734999164938927 0.0318869985640049 0.24518999457359314
v -0.03243099898099899 0.011397000402212143 0.2644839882850647
v -0.017575999721884727 0.03408199921250343 0.24189600348472595
v -0.0037499999161809683 0.04291199892759323 0.2212110012769699
v -0.019734999164938927 0.0318869985640049 0.24518999457359314
v -0.017575999721884727 0.03408199921250343 0.24189600348472595
v -0.019734999164938927 0.0318869985640049 0.24518999457359314
v -0.004387999884784222 0.0403049997985363 0.22082999348640442
v -0.005590000189840794 0.020174000412225723 0.22011299431324005
v -0.004387999884784222 0.0403049997985363 0.22082999348640442
v -0.019734999164938927 0.0318869985640049 0.24518999457359314
v -0.031835999339818954 0.021896999329328537 0.26517200469970703
v -0.03243099898099899 0.011397000402212143 0.2644839882850647
v -0.031998999416828156 0.016798999160528183 0.2644079923629761
v -0.03255400061607361 0.005698999855667353 0.26447099447250366
v -0.005590000189840794 0.020174000412225723 0.22011299431324005
v -0.03243099898099899 0.011397000402212143 0.2644839882850647
v -0.03316599875688553 0.011416999623179436 0.2651650011539459
v -0.03255400061607361 0.005698999855667353 0.26447099447250366
v -0.03243099898099899 0.011397000402212143 0.2644839882850647
v -0.031835999339818954 0.021896999329328537 0.26517200469970703
v -0.03316599875688553 0.011416999623179436 0.2651650011539459
v -0.03243099898099899 0.011397000402212143 0.2644839882850647
v -0.031835999339818954 0.021896999329328537 0.26517200469970703
v -0.031998999416828156 0.016798999160528183 0.2644079923629761
v -0.031158000230789185 0.021765999495983124 0.26435399055480957
v -0.031835999339818954 0.021896999329328537 0.26517200469970703
v -0.031158000230789185 0.021765999495983124 0.26435399055480957
v -0.030959000810980797 0.022622000426054 0.2643350064754486
v -0.03140399977564812 0.02367899939417839 0.2651500105857849
v -0.030959000810980797 0.022622000426054 0.2643350064754486
v -0.03073599934577942 0.023476000875234604 0.2642970085144043
v -0.03140399977564812 0.02367899939417839 0.2651500105857849
v -0.031835999339818954 0.021896999329328537 0.26517200469970703
v -0.030959000810980797 0.022622000426054 0.2643350064754486
v -0.027845999225974083 0.03192099928855896 0.26455599069595337
v -0.03073599934577942 0.023476000875234604 0.2642970085144043
v -0.029298000037670135 0.02787099964916706 0.26406198740005493
v -0.027845999225974083 0.03192099928855896 0.26455599069595337
v -0.03140399977564812 0.02367899939417839 0.2651500105857849
v -0.03073599934577942 0.023476000875234604 0.2642970085144043
v -0.027845999225974083 0.03192099928855896 0.26455599069595337
v -0.029298000037670135 0.02787099964916706 0.26406198740005493
v -0.027567999437451363 0.03178500011563301 0.26390698552131653
v -0.027845999225974083 0.03192099928855896 0.26455599069595337
v -0.027567999437451363 0.03178500011563301 0.26390698552131653
v -0.021900000050663948 0.03984599933028221 0.26426300406455994
v -0.022749999538064003 0.04021099954843521 0.2655879855155945
v -0.021900000050663948 0.03984599933028221 0.26426300406455994
v -0.021167999133467674 0.040564000606536865 0.2644070088863373
v -0.022749999538064003 0.04021099954843521 0.2655879855155945
v -0.027845999225974083 0.03192099928855896 0.26455599069595337
v -0.021900000050663948 0.03984599933028221 0.26426300406455994
v -0.015382999554276466 0.045552000403404236 0.2682980000972748
v -0.021167999133467674 0.040564000606536865 0.2644070088863373
v -0.014434999786317348 0.0450190007686615 0.26691800355911255
v -0.015382999554276466 0.045552000403404236 0.2682980000972748
v -0.022749999538064003 0.04021099954843521 0.2655879855155945
v -0.021167999133467674 0.040564000606536865 0.2644070088863373
v -0.015382999554276466 0.045552000403404236 0.2682980000972748
v -0.014434999786317348 0.0450190007686615 0.26691800355911255
v -0.013669000007212162 0.04532799869775772 0.2673549950122833
v -0.007162000052630901 0.04765700176358223 0.27449700236320496
v -0.008535999804735184 0.046622999012470245 0.27156999707221985
v -0.006308000069111586 0.046872999519109726 0.27316299080848694
v -0.005809000227600336 0.04690900072455406 0.2735080122947693
v -0.006308000069111586 0.046872999519109726 0.27316299080848694
v -0.006058000028133392 0.04689199849963188 0.2733289897441864
v -0.007162000052630901 0.04765700176358223 0.27449700236320496
v -0.006308000069111586 0.046872999519109726 0.27316299080848694
v -0.005809000227600336 0.04690900072455406 0.2735080122947693
v -0.006742999888956547 0.04769200086593628 0.2747710049152374
v -0.005809000227600336 0.04690900072455406 0.2735080122947693
v -0.004372000228613615 0.04697199910879135 0.2747589945793152
v -0.007162000052630901 0.04765700176358223 0.27449700236320496
v -0.005809000227600336 0.04690900072455406 0.2735080122947693
v -0.006742999888956547 0.04769200086593628 0.2747710049152374
v 0.010754999704658985 0.0450580008327961 0.2063709944486618
v 0.0019109999993816018 0.04698999971151352 0.22458800673484802
v -0.002351999981328845 0.045065999031066895 0.22204500436782837
v 0.10611200332641602 0.04698999971151352 0.23112499713897705
v -0.005319000221788883 0.04698999971151352 0.24627700448036194
v 0.0019109999993816018 0.04698999971151352 0.22458800673484802
v 0.09040600061416626 0.04698999971151352 0.21061600744724274
v 0.0019109999993816018 0.04698999971151352 0.22458800673484802
v 0.021617000922560692 0.04698999971151352 0.20454199612140656
v 0.010754999704658985 0.0450580008327961 0.2063709944486618
v 0.021617000922560692 0.04698999971151352 0.20454199612140656
v 0.0019109999993816018 0.04698999971151352 0.22458800673484802
v 0.09040600061416626 0.04698999971151352 0.21061600744724274
v 0.10611200332641602 0.04698999971151352 0.23112499713897705
v 0.0019109999993816018 0.04698999971151352 0.22458800673484802
v 0.017734000459313393 0.04024500027298927 0.1982479989528656
v -0.002351999981328845 0.045065999031066895 0.22204500436782837
v -0.0037499999161809683 0.04291199892759323 0.2212110012769699
v 0.017734000459313393 0.04024500027298927 0.1982479989528656
v 0.010754999704658985 0.0450580008327961 0.2063709944486618
v -0.002351999981328845 0.045065999031066895 0.22204500436782837
v -0.017575999721884727 0.03408199921250343 0.24189600348472595
v -0.004387999884784222 0.0403049997985363 0.22082999348640442
v -0.0037499999161809683 0.04291199892759323 0.2212110012769699
v 0.017734000459313393 0.04024500027298927 0.1982479989528656
v -0.0037499999161809683 0.04291199892759323 0.2212110012769699
v -0.004387999884784222 0.0403049997985363 0.22082999348640442
v 0.01764800027012825 -0.040070001035928726 0.19828200340270996
v 0.017734000459313393 0.04024500027298927 0.1982479989528656
v -0.004387999884784222 0.0403049997985363 0.22082999348640442
v -0.005590000189840794 0.020174000412225723 0.22011299431324005
v 0.01764800027012825 -0.040070001035928726 0.19828200340270996
v -0.004387999884784222 0.0403049997985363 0.22082999348640442
v 0.10611200332641602 0.04698999971151352 0.23112499713897705
v 0.11136399954557419 0.04698999971151352 0.25636398792266846
v -0.005319000221788883 0.04698999971151352 0.24627700448036194
v -0.005535999778658152 0.049469999969005585 0.27596500515937805
v -0.006893999874591827 0.04944099858403206 0.2748259902000427
v -0.006742999888956547 0.04769200086593628 0.2747710049152374
v -0.007162000052630901 0.04765700176358223 0.27449700236320496
v -0.006742999888956547 0.04769200086593628 0.2747710049152374
v -0.006893999874591827 0.04944099858403206 0.2748259902000427
v -0.004162999801337719 0.04944700002670288 0.2773739993572235
v -0.005535999778658152 0.049469999969005585 0.27596500515937805
v -0.006742999888956547 0.04769200086593628 0.2747710049152374
v -0.004251000005751848 0.04854299873113632 0.27745598554611206
v -0.004162999801337719 0.04944700002670288 0.2773739993572235
v -0.006742999888956547 0.04769200086593628 0.2747710049152374
v -0.004017999861389399 0.04773100093007088 0.27723899483680725
v -0.004251000005751848 0.04854299873113632 0.27745598554611206
v -0.006742999888956547 0.04769200086593628 0.2747710049152374
v 0.001959000015631318 0.05883999913930893 0.27477800846099854
v -0.006893999874591827 0.04944099858403206 0.2748259902000427
v -0.005535999778658152 0.049469999969005585 0.27596500515937805
v -0.0031659998930990696 0.05937900021672249 0.2670609951019287
v -0.006893999874591827 0.04944099858403206 0.2748259902000427
v 0.001959000015631318 0.05883999913930893 0.27477800846099854
v -0.007110000122338533 0.049430001527071 0.27467799186706543
v -0.006893999874591827 0.04944099858403206 0.2748259902000427
v -0.0031659998930990696 0.05937900021672249 0.2670609951019287
v -0.007162000052630901 0.04765700176358223 0.27449700236320496
v -0.006893999874591827 0.04944099858403206 0.2748259902000427
v -0.007110000122338533 0.049430001527071 0.27467799186706543
v 0.001959000015631318 0.05883999913930893 0.27477800846099854
v -0.005535999778658152 0.049469999969005585 0.27596500515937805
v -0.004162999801337719 0.04944700002670288 0.2773739993572235
v -0.0015709999715909362 0.04938900098204613 0.28033098578453064
v -0.004162999801337719 0.04944700002670288 0.2773739993572235
v -0.004251000005751848 0.04854299873113632 0.27745598554611206
v -0.0015709999715909362 0.04938900098204613 0.28033098578453064
v -0.002426000079140067 0.04940599948167801 0.27933600544929504
v -0.004162999801337719 0.04944700002670288 0.2773739993572235
v 0.001959000015631318 0.05883999913930893 0.27477800846099854
v -0.004162999801337719 0.04944700002670288 0.2773739993572235
v -0.002426000079140067 0.04940599948167801 0.27933600544929504
v -0.00044999999227002263 0.0477450005710125 0.28130099177360535
v -0.004251000005751848 0.04854299873113632 0.27745598554611206
v -0.004017999861389399 0.04773100093007088 0.27723899483680725
v -0.0006150000263005495 0.04937100037932396 0.2814440131187439
v -0.0015709999715909362 0.04938900098204613 0.28033098578453064
v -0.004251000005751848 0.04854299873113632 0.27745598554611206
v -0.00044999999227002263 0.0477450005710125 0.28130099177360535
v -0.0006150000263005495 0.04937100037932396 0.2814440131187439
v -0.004251000005751848 0.04854299873113632 0.27745598554611206
v -0.0011650000233203173 0.04698999971151352 0.27825701236724854
v 0.0006479999865405262 0.04698999971151352 0.28034698963165283
v -0.004017999861389399 0.04773100093007088 0.27723899483680725
v -0.00044999999227002263 0.0477450005710125 0.28130099177360535
v -0.004017999861389399 0.04773100093007088 0.27723899483680725
v 0.0006479999865405262 0.04698999971151352 0.28034698963165283
v 0.10293299704790115 0.04698999971151352 0.2854120135307312
v 0.0006479999865405262 0.04698999971151352 0.28034698963165283
v -0.0011650000233203173 0.04698999971151352 0.27825701236724854
v 0.0006140000186860561 0.04785099998116493 0.2829650044441223
v -0.00044999999227002263 0.0477450005710125 0.28130099177360535
v 0.0006479999865405262 0.04698999971151352 0.28034698963165283
v 0.10293299704790115 0.04698999971151352 0.2854120135307312
v 0.0013800000306218863 0.04698999971151352 0.28129300475120544
v 0.0006479999865405262 0.04698999971151352 0.28034698963165283
v 0.0006140000186860561 0.04785099998116493 0.2829650044441223
v 0.0006479999865405262 0.04698999971151352 0.28034698963165283
v 0.0013800000306218863 0.04698999971151352 0.28129300475120544
v 0.001959000015631318 0.05883999913930893 0.27477800846099854
v -0.002426000079140067 0.04940599948167801 0.27933600544929504
v -0.0015709999715909362 0.04938900098204613 0.28033098578453064
v 0.01108499988913536 0.06251499801874161 0.2800619900226593
v -0.0015709999715909362 0.04938900098204613 0.28033098578453064
v -0.0006150000263005495 0.04937100037932396 0.2814440131187439
v 0.01108499988913536 0.06251499801874161 0.2800619900226593
v 0.01425000000745058 0.06531599909067154 0.2757839858531952
v -0.0015709999715909362 0.04938900098204613 0.28033098578453064
v 0.001959000015631318 0.05883999913930893 0.27477800846099854
v -0.0015709999715909362 0.04938900098204613 0.28033098578453064
v 0.01425000000745058 0.06531599909067154 0.2757839858531952
v 0 0.0494920015335083 0.2822040021419525
v -0.0006150000263005495 0.04937100037932396 0.2814440131187439
v -0.00044999999227002263 0.0477450005710125 0.28130099177360535
v 0.01108499988913536 0.06251499801874161 0.2800619900226593
v -0.0006150000263005495 0.04937100037932396 0.2814440131187439
v 0.008584000170230865 0.05856100097298622 0.2838369905948639
v 0.003854000009596348 0.05437900125980377 0.28301799297332764
v 0.008584000170230865 0.05856100097298622 0.2838369905948639
v -0.0006150000263005495 0.04937100037932396 0.2814440131187439
v 0 0.0494920015335083 0.2822040021419525
v 0.003854000009596348 0.05437900125980377 0.28301799297332764
v -0.0006150000263005495 0.04937100037932396 0.2814440131187439
v 0.0005709999823011458 0.04960000142455101 0.28298699855804443
v -0.00044999999227002263 0.0477450005710125 0.28130099177360535
v 0.0006140000186860561 0.04785099998116493 0.2829650044441223
v 0 0.0494920015335083 0.2822040021419525
v -0.00044999999227002263 0.0477450005710125 0.28130099177360535
v 0.0005709999823011458 0.04960000142455101 0.28298699855804443
v 0.06740199774503708 0.04698999971151352 0.19896499812602997
v 0.09040600061416626 0.04698999971151352 0.21061600744724274
v 0.021617000922560692 0.04698999971151352 0.20454199612140656
v 0.010754999704658985 0.0450580008327961 0.2063709944486618
v 0.028094999492168427 0.04504099860787392 0.1955610066652298
v 0.021617000922560692 0.04698999971151352 0.20454199612140656
v 0.10293299704790115 0.04698999971151352 0.2854120135307312
v 0.001962000038474798 0.04698999971151352 0.28225699067115784
v 0.0013800000306218863 0.04698999971151352 0.28129300475120544
v 0.0006140000186860561 0.04785099998116493 0.2829650044441223
v 0.0013800000306218863 0.04698999971151352 0.28129300475120544
v 0.001962000038474798 0.04698999971151352 0.28225699067115784
v 0.10293299704790115 0.04698999971151352 0.2854120135307312
v 0.02251400053501129 0.04698999971151352 0.3044399917125702
v 0.001962000038474798 0.04698999971151352 0.28225699067115784
v 0.0006140000186860561 0.04785099998116493 0.2829650044441223
v 0.001962000038474798 0.04698999971151352 0.28225699067115784
v 0.02251400053501129 0.04698999971151352 0.3044399917125702
v 0.08098199963569641 0.04698999971151352 0.30629798769950867
v 0.05149700120091438 0.04698999971151352 0.313275009393692
v 0.02251400053501129 0.04698999971151352 0.3044399917125702
v 0.023850999772548676 0.04785099998116493 0.30701398849487305
v 0.02251400053501129 0.04698999971151352 0.3044399917125702
v 0.05149700120091438 0.04698999971151352 0.313275009393692
v 0.10293299704790115 0.04698999971151352 0.2854120135307312
v 0.08098199963569641 0.04698999971151352 0.30629798769950867
v 0.02251400053501129 0.04698999971151352 0.3044399917125702
v 0.0006140000186860561 0.04785099998116493 0.2829650044441223
v 0.02251400053501129 0.04698999971151352 0.3044399917125702
v 0.023850999772548676 0.04785099998116493 0.30701398849487305
v 0.05638499930500984 0.04785099998116493 0.31474998593330383
v 0.05149700120091438 0.04698999971151352 0.313275009393692
v 0.08098199963569641 0.04698999971151352 0.30629798769950867
v 0.023850999772548676 0.04785099998116493 0.30701398849487305
v 0.05149700120091438 0.04698999971151352 0.313275009393692
v 0.05638499930500984 0.04785099998116493 0.31474998593330383
v 0.08795899897813797 0.04785099998116493 0.3037329912185669
v 0.08098199963569641 0.04698999971151352 0.30629798769950867
v 0.10293299704790115 0.04698999971151352 0.2854120135307312
v 0.05638499930500984 0.04785099998116493 0.31474998593330383
v 0.08098199963569641 0.04698999971151352 0.30629798769950867
v 0.08795899897813797 0.04785099998116493 0.3037329912185669
v 0.10861799865961075 0.04785099998116493 0.2774370014667511
v 0.10293299704790115 0.04698999971151352 0.2854120135307312
v 0.11136399954557419 0.04698999971151352 0.25636398792266846
v 0.08795899897813797 0.04785099998116493 0.3037329912185669
v 0.10293299704790115 0.04698999971151352 0.2854120135307312
v 0.10861799865961075 0.04785099998116493 0.2774370014667511
v 0.11185099929571152 0.04785099998116493 0.2441529929637909
v 0.11136399954557419 0.04698999971151352 0.25636398792266846
v 0.10611200332641602 0.04698999971151352 0.23112499713897705
v 0.10861799865961075 0.04785099998116493 0.2774370014667511
v 0.11136399954557419 0.04698999971151352 0.25636398792266846
v 0.11185099929571152 0.04785099998116493 0.2441529929637909
v 0.09663599729537964 0.04785099998116493 0.21437300741672516
v 0.10611200332641602 0.04698999971151352 0.23112499713897705
v 0.09040600061416626 0.04698999971151352 0.21061600744724274
v 0.11185099929571152 0.04785099998116493 0.2441529929637909
v 0.10611200332641602 0.04698999971151352 0.23112499713897705
v 0.09663599729537964 0.04785099998116493 0.21437300741672516
v 0.09663599729537964 0.04785099998116493 0.21437300741672516
v 0.09040600061416626 0.04698999971151352 0.21061600744724274
v 0.06740199774503708 0.04698999971151352 0.19896499812602997
v 0.09663599729537964 0.04785099998116493 0.21437300741672516
v 0.06740199774503708 0.04698999971151352 0.19896499812602997
v 0.06777200102806091 0.04785099998116493 0.1974879950284958
v 0.09113200008869171 0.04960000142455101 0.20917700231075287
v 0.09663599729537964 0.04785099998116493 0.21437300741672516
v 0.06777200102806091 0.04785099998116493 0.1974879950284958
v 0.10721699893474579 0.04960000142455101 0.22977299988269806
v 0.11185099929571152 0.04785099998116493 0.2441529929637909
v 0.09663599729537964 0.04785099998116493 0.21437300741672516
v 0.09113200008869171 0.04960000142455101 0.20917700231075287
v 0.10721699893474579 0.04960000142455101 0.22977299988269806
v 0.09663599729537964 0.04785099998116493 0.21437300741672516
v 0.11293499916791916 0.04960000142455101 0.2563929855823517
v 0.10861799865961075 0.04785099998116493 0.2774370014667511
v 0.11185099929571152 0.04785099998116493 0.2441529929637909
v 0.11294300109148026 0.04960000142455101 0.2558319866657257
v 0.11293499916791916 0.04960000142455101 0.2563929855823517
v 0.11185099929571152 0.04785099998116493 0.2441529929637909
v 0.11294600367546082 0.04960000142455101 0.25527000427246094
v 0.11294300109148026 0.04960000142455101 0.2558319866657257
v 0.11185099929571152 0.04785099998116493 0.2441529929637909
v 0.10721699893474579 0.04960000142455101 0.22977299988269806
v 0.11294600367546082 0.04960000142455101 0.25527000427246094
v 0.11185099929571152 0.04785099998116493 0.2441529929637909
v 0.10425899922847748 0.04960000142455101 0.28625598549842834
v 0.08795899897813797 0.04785099998116493 0.3037329912185669
v 0.10861799865961075 0.04785099998116493 0.2774370014667511
v 0.11293499916791916 0.04960000142455101 0.2563929855823517
v 0.10425899922847748 0.04960000142455101 0.28625598549842834
v 0.10861799865961075 0.04785099998116493 0.2774370014667511
v 0.08172299712896347 0.04960000142455101 0.3076840043067932
v 0.05638499930500984 0.04785099998116493 0.31474998593330383
v 0.08795899897813797 0.04785099998116493 0.3037329912185669
v 0.10425899922847748 0.04960000142455101 0.28625598549842834
v 0.08172299712896347 0.04960000142455101 0.3076840043067932
v 0.08795899897813797 0.04785099998116493 0.3037329912185669
v 0.051461998373270035 0.04960000142455101 0.314846009016037
v 0.023850999772548676 0.04785099998116493 0.30701398849487305
v 0.05638499930500984 0.04785099998116493 0.31474998593330383
v 0.08172299712896347 0.04960000142455101 0.3076840043067932
v 0.051461998373270035 0.04960000142455101 0.314846009016037
v 0.05638499930500984 0.04785099998116493 0.31474998593330383
v 0.02171199955046177 0.04960000142455101 0.3057920038700104
v 0.0006140000186860561 0.04785099998116493 0.2829650044441223
v 0.023850999772548676 0.04785099998116493 0.30701398849487305
v 0.051461998373270035 0.04960000142455101 0.314846009016037
v 0.02171199955046177 0.04960000142455101 0.3057920038700104
v 0.023850999772548676 0.04785099998116493 0.30701398849487305
v 0.02171199955046177 0.04960000142455101 0.3057920038700104
v 0.0005709999823011458 0.04960000142455101 0.28298699855804443
v 0.0006140000186860561 0.04785099998116493 0.2829650044441223
v 0.004494000226259232 0.05426499992609024 0.28403499722480774
v 0.0005709999823011458 0.04960000142455101 0.28298699855804443
v 0.02171199955046177 0.04960000142455101 0.3057920038700104
v 0.003854000009596348 0.05437900125980377 0.28301799297332764
v 0.0005709999823011458 0.04960000142455101 0.28298699855804443
v 0.004494000226259232 0.05426499992609024 0.28403499722480774
v 0 0.0494920015335083 0.2822040021419525
v 0.0005709999823011458 0.04960000142455101 0.28298699855804443
v 0.003854000009596348 0.05437900125980377 0.28301799297332764
v 0.04198399931192398 0.06439699977636337 0.2994379997253418
v 0.02171199955046177 0.04960000142455101 0.3057920038700104
v 0.051461998373270035 0.04960000142455101 0.314846009016037
v 0.008806000463664532 0.05830100178718567 0.2845189869403839
v 0.004494000226259232 0.05426499992609024 0.28403499722480774
v 0.02171199955046177 0.04960000142455101 0.3057920038700104
v 0.0148930000141263 0.06250900030136108 0.28474101424217224
v 0.008806000463664532 0.05830100178718567 0.2845189869403839
v 0.02171199955046177 0.04960000142455101 0.3057920038700104
v 0.01881200075149536 0.06446100026369095 0.2848989963531494
v 0.0148930000141263 0.06250900030136108 0.28474101424217224
v 0.02171199955046177 0.04960000142455101 0.3057920038700104
v 0.04198399931192398 0.06439699977636337 0.2994379997253418
v 0.01881200075149536 0.06446100026369095 0.2848989963531494
v 0.02171199955046177 0.04960000142455101 0.3057920038700104
v 0.06922700256109238 0.06439699977636337 0.2980180084705353
v 0.051461998373270035 0.04960000142455101 0.314846009016037
v 0.08172299712896347 0.04960000142455101 0.3076840043067932
v 0.06922700256109238 0.06439699977636337 0.2980180084705353
v 0.04198399931192398 0.06439699977636337 0.2994379997253418
v 0.051461998373270035 0.04960000142455101 0.314846009016037
v 0.09078499674797058 0.06439699977636337 0.28130099177360535
v 0.08172299712896347 0.04960000142455101 0.3076840043067932
v 0.10425899922847748 0.04960000142455101 0.28625598549842834
v 0.09078499674797058 0.06439699977636337 0.28130099177360535
v 0.06922700256109238 0.06439699977636337 0.2980180084705353
v 0.08172299712896347 0.04960000142455101 0.3076840043067932
v 0.09078499674797058 0.06439699977636337 0.28130099177360535
v 0.10425899922847748 0.04960000142455101 0.28625598549842834
v 0.11293499916791916 0.04960000142455101 0.2563929855823517
v 0.09078499674797058 0.06439699977636337 0.28130099177360535
v 0.11293499916791916 0.04960000142455101 0.2563929855823517
v 0.11294300109148026 0.04960000142455101 0.2558319866657257
v 0.09078499674797058 0.06439699977636337 0.28130099177360535
v 0.11294300109148026 0.04960000142455101 0.2558319866657257
v 0.11294600367546082 0.04960000142455101 0.25527000427246094
v 0.10695400089025497 0.05795300006866455 0.25527000427246094
v 0.11294600367546082 0.04960000142455101 0.25527000427246094
v 0.10721699893474579 0.04960000142455101 0.22977299988269806
v 0.09078499674797058 0.06439699977636337 0.28130099177360535
v 0.11294600367546082 0.04960000142455101 0.25527000427246094
v 0.10695400089025497 0.05795300006866455 0.25527000427246094
v 0.09356500208377838 0.06439699977636337 0.23378300666809082
v 0.10721699893474579 0.04960000142455101 0.22977299988269806
v 0.09113200008869171 0.04960000142455101 0.20917700231075287
v 0.0989449992775917 0.06439699977636337 0.25527000427246094
v 0.10695400089025497 0.05795300006866455 0.25527000427246094
v 0.10721699893474579 0.04960000142455101 0.22977299988269806
v 0.09356500208377838 0.06439699977636337 0.23378300666809082
v 0.0989449992775917 0.06439699977636337 0.25527000427246094
v 0.10721699893474579 0.04960000142455101 0.22977299988269806
v 0.07869700342416763 0.06439699977636337 0.21736399829387665
v 0.09356500208377838 0.06439699977636337 0.23378300666809082
v 0.09113200008869171 0.04960000142455101 0.20917700231075287
v 0.09078499674797058 0.06439699977636337 0.28130099177360535
v 0.10695400089025497 0.05795300006866455 0.25527000427246094
v 0.0989449992775917 0.06439699977636337 0.25527000427246094
v 0.08950299769639969 0.06846100091934204 0.25527000427246094
v 0.0989449992775917 0.06439699977636337 0.25527000427246094
v 0.09356500208377838 0.06439699977636337 0.23378300666809082
v 0.07735300064086914 0.06984999775886536 0.26517799496650696
v 0.0989449992775917 0.06439699977636337 0.25527000427246094
v 0.08950299769639969 0.06846100091934204 0.25527000427246094
v 0.07735300064086914 0.06984999775886536 0.26517799496650696
v 0.09078499674797058 0.06439699977636337 0.28130099177360535
v 0.0989449992775917 0.06439699977636337 0.25527000427246094
v 0.07172700017690659 0.06984999775886536 0.23691999912261963
v 0.09356500208377838 0.06439699977636337 0.23378300666809082
v 0.07869700342416763 0.06439699977636337 0.21736399829387665
v 0.07931700348854065 0.06984999775886536 0.25527000427246094
v 0.08950299769639969 0.06846100091934204 0.25527000427246094
v 0.09356500208377838 0.06439699977636337 0.23378300666809082
v 0.07735499739646912 0.06984999775886536 0.24536700546741486
v 0.07931700348854065 0.06984999775886536 0.25527000427246094
v 0.09356500208377838 0.06439699977636337 0.23378300666809082
v 0.07172700017690659 0.06984999775886536 0.23691999912261963
v 0.07735499739646912 0.06984999775886536 0.24536700546741486
v 0.09356500208377838 0.06439699977636337 0.23378300666809082
v 0.06329300254583359 0.06984999775886536 0.2312760055065155
v 0.07869700342416763 0.06439699977636337 0.21736399829387665
v 0.05784599855542183 0.06439699977636337 0.20988799631595612
v 0.06329300254583359 0.06984999775886536 0.2312760055065155
v 0.07172700017690659 0.06984999775886536 0.23691999912261963
v 0.07869700342416763 0.06439699977636337 0.21736399829387665
v 0.05334300175309181 0.06984999775886536 0.22929400205612183
v 0.06329300254583359 0.06984999775886536 0.2312760055065155
v 0.05784599855542183 0.06439699977636337 0.20988799631595612
v 0.07735300064086914 0.06984999775886536 0.26517799496650696
v 0.08950299769639969 0.06846100091934204 0.25527000427246094
v 0.07931700348854065 0.06984999775886536 0.25527000427246094
v 0.027363000437617302 0.06984999775886536 0.25527000427246094
v 0.07931700348854065 0.06984999775886536 0.25527000427246094
v 0.07735499739646912 0.06984999775886536 0.24536700546741486
v 0.029324999079108238 0.06984999775886536 0.2651729881763458
v 0.07931700348854065 0.06984999775886536 0.25527000427246094
v 0.027363000437617302 0.06984999775886536 0.25527000427246094
v 0.07735300064086914 0.06984999775886536 0.26517799496650696
v 0.07931700348854065 0.06984999775886536 0.25527000427246094
v 0.029324999079108238 0.06984999775886536 0.2651729881763458
v 0.029326999559998512 0.06984999775886536 0.24536199867725372
v 0.07735499739646912 0.06984999775886536 0.24536700546741486
v 0.07172700017690659 0.06984999775886536 0.23691999912261963
v 0.027363000437617302 0.06984999775886536 0.25527000427246094
v 0.07735499739646912 0.06984999775886536 0.24536700546741486
v 0.029326999559998512 0.06984999775886536 0.24536199867725372
v 0.034956999123096466 0.06984999775886536 0.23691600561141968
v 0.07172700017690659 0.06984999775886536 0.23691999912261963
v 0.06329300254583359 0.06984999775886536 0.2312760055065155
v 0.029326999559998512 0.06984999775886536 0.24536199867725372
v 0.07172700017690659 0.06984999775886536 0.23691999912261963
v 0.034956999123096466 0.06984999775886536 0.23691600561141968
v 0.04339199885725975 0.06984999775886536 0.23127399384975433
v 0.06329300254583359 0.06984999775886536 0.2312760055065155
v 0.05334300175309181 0.06984999775886536 0.22929400205612183
v 0.034956999123096466 0.06984999775886536 0.23691600561141968
v 0.06329300254583359 0.06984999775886536 0.2312760055065155
v 0.04339199885725975 0.06984999775886536 0.23127399384975433
v 0.01885100081562996 0.06888599693775177 0.25527000427246094
v 0.027363000437617302 0.06984999775886536 0.25527000427246094
v 0.029326999559998512 0.06984999775886536 0.24536199867725372
v 0.013189000077545643 0.0660180002450943 0.2695609927177429
v 0.027363000437617302 0.06984999775886536 0.25527000427246094
v 0.01885100081562996 0.06888599693775177 0.25527000427246094
v 0.029324999079108238 0.06984999775886536 0.2651729881763458
v 0.027363000437617302 0.06984999775886536 0.25527000427246094
v 0.013189000077545643 0.0660180002450943 0.2695609927177429
v 0.003854000009596348 0.05437900125980377 0.28301799297332764
v 0.004494000226259232 0.05426499992609024 0.28403499722480774
v 0.008806000463664532 0.05830100178718567 0.2845189869403839
v 0.008701999671757221 0.05842300131917 0.28417301177978516
v 0.008806000463664532 0.05830100178718567 0.2845189869403839
v 0.0148930000141263 0.06250900030136108 0.28474101424217224
v 0.008701999671757221 0.05842300131917 0.28417301177978516
v 0.003854000009596348 0.05437900125980377 0.28301799297332764
v 0.008806000463664532 0.05830100178718567 0.2845189869403839
v 0.014469999819993973 0.06241900101304054 0.28441300988197327
v 0.0148930000141263 0.06250900030136108 0.28474101424217224
v 0.01881200075149536 0.06446100026369095 0.2848989963531494
v 0.008584000170230865 0.05856100097298622 0.2838369905948639
v 0.0148930000141263 0.06250900030136108 0.28474101424217224
v 0.014469999819993973 0.06241900101304054 0.28441300988197327
v 0.008701999671757221 0.05842300131917 0.28417301177978516
v 0.0148930000141263 0.06250900030136108 0.28474101424217224
v 0.008584000170230865 0.05856100097298622 0.2838369905948639
v 0.02137799933552742 0.06549199670553207 0.2850100100040436
v 0.01881200075149536 0.06446100026369095 0.2848989963531494
v 0.04198399931192398 0.06439699977636337 0.2994379997253418
v 0.014469999819993973 0.06241900101304054 0.28441300988197327
v 0.01881200075149536 0.06446100026369095 0.2848989963531494
v 0.02137799933552742 0.06549199670553207 0.2850100100040436
v 0.05333700031042099 0.06984999775886536 0.28124600648880005
v 0.04198399931192398 0.06439699977636337 0.2994379997253418
v 0.06922700256109238 0.06439699977636337 0.2980180084705353
v 0.03495299816131592 0.06984999775886536 0.27362000942230225
v 0.02137799933552742 0.06549199670553207 0.2850100100040436
v 0.04198399931192398 0.06439699977636337 0.2994379997253418
v 0.043386999517679214 0.06984999775886536 0.27926400303840637
v 0.03495299816131592 0.06984999775886536 0.27362000942230225
v 0.04198399931192398 0.06439699977636337 0.2994379997253418
v 0.05333700031042099 0.06984999775886536 0.28124600648880005
v 0.043386999517679214 0.06984999775886536 0.27926400303840637
v 0.04198399931192398 0.06439699977636337 0.2994379997253418
v 0.06328800320625305 0.06984999775886536 0.27926599979400635
v 0.06922700256109238 0.06439699977636337 0.2980180084705353
v 0.09078499674797058 0.06439699977636337 0.28130099177360535
v 0.06328800320625305 0.06984999775886536 0.27926599979400635
v 0.05333700031042099 0.06984999775886536 0.28124600648880005
v 0.06922700256109238 0.06439699977636337 0.2980180084705353
v 0.07172299921512604 0.06984999775886536 0.2736240029335022
v 0.06328800320625305 0.06984999775886536 0.27926599979400635
v 0.09078499674797058 0.06439699977636337 0.28130099177360535
v 0.07735300064086914 0.06984999775886536 0.26517799496650696
v 0.07172299921512604 0.06984999775886536 0.2736240029335022
v 0.09078499674797058 0.06439699977636337 0.28130099177360535
v 0.029324999079108238 0.06984999775886536 0.2651729881763458
v 0.016462000086903572 0.06588800251483917 0.2771550118923187
v 0.02137799933552742 0.06549199670553207 0.2850100100040436
v 0.017784999683499336 0.0654980018734932 0.2806349992752075
v 0.02137799933552742 0.06549199670553207 0.2850100100040436
v 0.016462000086903572 0.06588800251483917 0.2771550118923187
v 0.03495299816131592 0.06984999775886536 0.27362000942230225
v 0.029324999079108238 0.06984999775886536 0.2651729881763458
v 0.02137799933552742 0.06549199670553207 0.2850100100040436
v 0.01108499988913536 0.06251499801874161 0.2800619900226593
v 0.02137799933552742 0.06549199670553207 0.2850100100040436
v 0.017784999683499336 0.0654980018734932 0.2806349992752075
v 0.01108499988913536 0.06251499801874161 0.2800619900226593
v 0.014469999819993973 0.06241900101304054 0.28441300988197327
v 0.02137799933552742 0.06549199670553207 0.2850100100040436
v 0.029324999079108238 0.06984999775886536 0.2651729881763458
v 0.013189000077545643 0.0660180002450943 0.2695609927177429
v 0.016462000086903572 0.06588800251483917 0.2771550118923187
v 0.01425000000745058 0.06531599909067154 0.2757839858531952
v 0.016462000086903572 0.06588800251483917 0.2771550118923187
v 0.013189000077545643 0.0660180002450943 0.2695609927177429
v 0.017784999683499336 0.0654980018734932 0.2806349992752075
v 0.016462000086903572 0.06588800251483917 0.2771550118923187
v 0.01425000000745058 0.06531599909067154 0.2757839858531952
v 0.00876300036907196 0.06468699872493744 0.2664560079574585
v 0.01425000000745058 0.06531599909067154 0.2757839858531952
v 0.013189000077545643 0.0660180002450943 0.2695609927177429
v 0.07735300064086914 0.06984999775886536 0.26517799496650696
v 0.029324999079108238 0.06984999775886536 0.2651729881763458
v 0.03495299816131592 0.06984999775886536 0.27362000942230225
v 0.07172299921512604 0.06984999775886536 0.2736240029335022
v 0.03495299816131592 0.06984999775886536 0.27362000942230225
v 0.043386999517679214 0.06984999775886536 0.27926400303840637
v 0.07735300064086914 0.06984999775886536 0.26517799496650696
v 0.03495299816131592 0.06984999775886536 0.27362000942230225
v 0.07172299921512604 0.06984999775886536 0.2736240029335022
v 0.06328800320625305 0.06984999775886536 0.27926599979400635
v 0.043386999517679214 0.06984999775886536 0.27926400303840637
v 0.05333700031042099 0.06984999775886536 0.28124600648880005
v 0.07172299921512604 0.06984999775886536 0.2736240029335022
v 0.043386999517679214 0.06984999775886536 0.27926400303840637
v 0.06328800320625305 0.06984999775886536 0.27926599979400635
v 0.001959000015631318 0.05883999913930893 0.27477800846099854
v 0.01425000000745058 0.06531599909067154 0.2757839858531952
v 0.00876300036907196 0.06468699872493744 0.2664560079574585
v 0.01108499988913536 0.06251499801874161 0.2800619900226593
v 0.017784999683499336 0.0654980018734932 0.2806349992752075
v 0.01425000000745058 0.06531599909067154 0.2757839858531952
v -0.0031659998930990696 0.05937900021672249 0.2670609951019287
v 0.00876300036907196 0.06468699872493744 0.2664560079574585
v 0.00802099984139204 0.06456699967384338 0.2650099992752075
v -0.0031659998930990696 0.05937900021672249 0.2670609951019287
v 0.001959000015631318 0.05883999913930893 0.27477800846099854
v 0.00876300036907196 0.06468699872493744 0.2664560079574585
v -0.0031659998930990696 0.05937900021672249 0.2670609951019287
v 0.00802099984139204 0.06456699967384338 0.2650099992752075
v 0.003218000056222081 0.06374300271272659 0.25641700625419617
v -0.0036989999935030937 0.05945499986410141 0.2664619982242584
v 0.003218000056222081 0.06374300271272659 0.25641700625419617
v 0.002788000041618943 0.0636880025267601 0.25582998991012573
v -0.0036989999935030937 0.05945499986410141 0.2664619982242584
v -0.0031659998930990696 0.05937900021672249 0.2670609951019287
v 0.003218000056222081 0.06374300271272659 0.25641700625419617
v 0.01108499988913536 0.06251499801874161 0.2800619900226593
v 0.008584000170230865 0.05856100097298622 0.2838369905948639
v 0.014469999819993973 0.06241900101304054 0.28441300988197327
v 0.008701999671757221 0.05842300131917 0.28417301177978516
v 0.008584000170230865 0.05856100097298622 0.2838369905948639
v 0.003854000009596348 0.05437900125980377 0.28301799297332764
v -0.007329000160098076 0.04941599816083908 0.2745409905910492
v -0.007110000122338533 0.049430001527071 0.27467799186706543
v -0.0031659998930990696 0.05937900021672249 0.2670609951019287
v -0.0036989999935030937 0.05945499986410141 0.2664619982242584
v -0.007329000160098076 0.04941599816083908 0.2745409905910492
v -0.0031659998930990696 0.05937900021672249 0.2670609951019287
v -0.007162000052630901 0.04765700176358223 0.27449700236320496
v -0.007110000122338533 0.049430001527071 0.27467799186706543
v -0.007329000160098076 0.04941599816083908 0.2745409905910492
v 0.017734000459313393 0.04024500027298927 0.1982479989528656
v 0.028094999492168427 0.04504099860787392 0.1955610066652298
v 0.010754999704658985 0.0450580008327961 0.2063709944486618
v 0.01764800027012825 -0.040070001035928726 0.19828200340270996
v 0.047784000635147095 -0.040070001035928726 0.18825800716876984
v 0.017734000459313393 0.04024500027298927 0.1982479989528656
v 0.05057400092482567 -0.03890100121498108 0.18772700428962708
v 0.052014000713825226 -0.03175099939107895 0.1873530000448227
v 0.05022900179028511 -0.03600100055336952 0.18774299323558807
v 0.05538700148463249 -0.03175000101327896 0.1864279955625534
v 0.052014000713825226 -0.03175099939107895 0.1873530000448227
v 0.05057400092482567 -0.03890100121498108 0.18772700428962708
v 0.05057400092482567 -0.03890100121498108 0.18772700428962708
v 0.05022900179028511 -0.03600100055336952 0.18774299323558807
v 0.047784000635147095 -0.040070001035928726 0.18825800716876984
v 0.047846999019384384 -0.042750999331474304 0.1890140026807785
v 0.047784000635147095 -0.040070001035928726 0.18825800716876984
v 0.01764800027012825 -0.040070001035928726 0.19828200340270996
v 0.05116799846291542 -0.04499100148677826 0.1901170015335083
v 0.047784000635147095 -0.040070001035928726 0.18825800716876984
v 0.04963099956512451 -0.04498500004410744 0.19047099351882935
v 0.048820000141859055 -0.04498700052499771 0.19059999287128448
v 0.04963099956512451 -0.04498500004410744 0.19047099351882935
v 0.047784000635147095 -0.040070001035928726 0.18825800716876984
v 0.05057400092482567 -0.03890100121498108 0.18772700428962708
v 0.047784000635147095 -0.040070001035928726 0.18825800716876984
v 0.05116799846291542 -0.04499100148677826 0.1901170015335083
v 0.047846999019384384 -0.042750999331474304 0.1890140026807785
v 0.048820000141859055 -0.04498700052499771 0.19059999287128448
v 0.047784000635147095 -0.040070001035928726 0.18825800716876984
v -0.005594999995082617 -0.020055999979376793 0.2201099991798401
v -0.004406000021845102 -0.040070001035928726 0.22081899642944336
v 0.01764800027012825 -0.040070001035928726 0.19828200340270996
v 0.018425999209284782 -0.044992998242378235 0.20068299770355225
v 0.01764800027012825 -0.040070001035928726 0.19828200340270996
v -0.004406000021845102 -0.040070001035928726 0.22081899642944336
v -0.0059910002164542675 0 0.21987399458885193
v -0.005594999995082617 -0.020055999979376793 0.2201099991798401
v 0.01764800027012825 -0.040070001035928726 0.19828200340270996
v -0.005590000189840794 0.020174000412225723 0.22011299431324005
v -0.0059910002164542675 0 0.21987399458885193
v 0.01764800027012825 -0.040070001035928726 0.19828200340270996
v 0.047846999019384384 -0.042750999331474304 0.1890140026807785
v 0.01764800027012825 -0.040070001035928726 0.19828200340270996
v 0.047986000776290894 -0.04499100148677826 0.19069300591945648
v -0.05942000076174736 0.01675800047814846 0.2475080043077469
v -0.061170000582933426 0.006448000203818083 0.24576599895954132
v -0.05460200086236 0.01223399955779314 0.25547900795936584
v 0.04734700173139572 -0.04499199986457825 0.19075000286102295
v 0.04792900010943413 -0.04499199986457825 0.19069799780845642
v 0.01764800027012825 -0.040070001035928726 0.19828200340270996
v -0.05426499992609024 0.012458999641239643 0.25582000613212585
v -0.05460200086236 0.01223399955779314 0.25547900795936584
v -0.05460200086236 -0.01223399955779314 0.25547900795936584
v 0.0467660017311573 -0.04499199986457825 0.19080699980258942
v 0.04734700173139572 -0.04499199986457825 0.19075000286102295
v 0.01764800027012825 -0.040070001035928726 0.19828200340270996
v 0.03202499821782112 -0.044992998242378235 0.19407899677753448
v 0.0467660017311573 -0.04499199986457825 0.19080699980258942
v 0.01764800027012825 -0.040070001035928726 0.19828200340270996
v 0.018425999209284782 -0.044992998242378235 0.20068299770355225
v 0.03202499821782112 -0.044992998242378235 0.19407899677753448
v 0.01764800027012825 -0.040070001035928726 0.19828200340270996
v 0.04792900010943413 -0.04499199986457825 0.19069799780845642
v 0.047986000776290894 -0.04499100148677826 0.19069300591945648
v 0.01764800027012825 -0.040070001035928726 0.19828200340270996
v -0.011688999831676483 -0.038176000118255615 0.23269300162792206
v -0.004406000021845102 -0.040070001035928726 0.22081899642944336
v -0.005594999995082617 -0.020055999979376793 0.2201099991798401
v -0.016561999917030334 -0.03479599952697754 0.24030600488185883
v -0.004406000021845102 -0.040070001035928726 0.22081899642944336
v -0.011688999831676483 -0.038176000118255615 0.23269300162792206
v -0.0037539999466389418 -0.04276200011372566 0.22121700644493103
v -0.004406000021845102 -0.040070001035928726 0.22081899642944336
v -0.016561999917030334 -0.03479599952697754 0.24030600488185883
v 0.018425999209284782 -0.044992998242378235 0.20068299770355225
v -0.004406000021845102 -0.040070001035928726 0.22081899642944336
v -0.0037539999466389418 -0.04276200011372566 0.22121700644493103
v -0.032430000603199005 -0.011462000198662281 0.2644839882850647
v -0.005594999995082617 -0.020055999979376793 0.2201099991798401
v -0.0059910002164542675 0 0.21987399458885193
v -0.02608500048518181 -0.023343000560998917 0.2547760009765625
v -0.005594999995082617 -0.020055999979376793 0.2201099991798401
v -0.032430000603199005 -0.011462000198662281 0.2644839882850647
v -0.016561999917030334 -0.03479599952697754 0.24030600488185883
v -0.011688999831676483 -0.038176000118255615 0.23269300162792206
v -0.005594999995082617 -0.020055999979376793 0.2201099991798401
v -0.0197369996458292 -0.03173999860882759 0.24517199397087097
v -0.016561999917030334 -0.03479599952697754 0.24030600488185883
v -0.005594999995082617 -0.020055999979376793 0.2201099991798401
v -0.02608500048518181 -0.023343000560998917 0.2547760009765625
v -0.0197369996458292 -0.03173999860882759 0.24517199397087097
v -0.005594999995082617 -0.020055999979376793 0.2201099991798401
v -0.03259500116109848 0 0.2644670009613037
v -0.0059910002164542675 0 0.21987399458885193
v -0.005590000189840794 0.020174000412225723 0.22011299431324005
v -0.03255400061607361 -0.00573199987411499 0.26447099447250366
v -0.032430000603199005 -0.011462000198662281 0.2644839882850647
v -0.0059910002164542675 0 0.21987399458885193
v -0.03259500116109848 0 0.2644670009613037
v -0.03255400061607361 -0.00573199987411499 0.26447099447250366
v -0.0059910002164542675 0 0.21987399458885193
v -0.03255400061607361 0.005698999855667353 0.26447099447250366
v -0.03259500116109848 0 0.2644670009613037
v -0.005590000189840794 0.020174000412225723 0.22011299431324005
v -0.03316599875688553 0.011416999623179436 0.2651650011539459
v -0.032430000603199005 -0.011462000198662281 0.2644839882850647
v -0.03255400061607361 -0.00573199987411499 0.26447099447250366
v -0.032010000199079514 -0.016728999093174934 0.26440998911857605
v -0.02608500048518181 -0.023343000560998917 0.2547760009765625
v -0.032430000603199005 -0.011462000198662281 0.2644839882850647
v -0.03316500037908554 -0.011481000110507011 0.2651650011539459
v -0.032010000199079514 -0.016728999093174934 0.26440998911857605
v -0.032430000603199005 -0.011462000198662281 0.2644839882850647
v -0.03316599875688553 0.011416999623179436 0.2651650011539459
v -0.03316500037908554 -0.011481000110507011 0.2651650011539459
v -0.032430000603199005 -0.011462000198662281 0.2644839882850647
v -0.03316599875688553 0.011416999623179436 0.2651650011539459
v -0.03255400061607361 -0.00573199987411499 0.26447099447250366
v -0.03259500116109848 0 0.2644670009613037
v -0.03316599875688553 0.011416999623179436 0.2651650011539459
v -0.03259500116109848 0 0.2644670009613037
v -0.03255400061607361 0.005698999855667353 0.26447099447250366
v -0.024126000702381134 -0.03175099939107895 0.25391098856925964
v -0.016561999917030334 -0.03479599952697754 0.24030600488185883
v -0.0197369996458292 -0.03173999860882759 0.24517199397087097
v -0.016075000166893005 -0.040355000644922256 0.24329400062561035
v -0.016561999917030334 -0.03479599952697754 0.24030600488185883
v -0.024126000702381134 -0.03175099939107895 0.25391098856925964
v -0.0037539999466389418 -0.04276200011372566 0.22121700644493103
v -0.016561999917030334 -0.03479599952697754 0.24030600488185883
v -0.016075000166893005 -0.040355000644922256 0.24329400062561035
v -0.032010000199079514 -0.016728999093174934 0.26440998911857605
v -0.0197369996458292 -0.03173999860882759 0.24517199397087097
v -0.02608500048518181 -0.023343000560998917 0.2547760009765625
v -0.03073599934577942 -0.023475000634789467 0.2642979919910431
v -0.024126000702381134 -0.03175099939107895 0.25391098856925964
v -0.0197369996458292 -0.03173999860882759 0.24517199397087097
v -0.030959000810980797 -0.022621000185608864 0.2643359899520874
v -0.03073599934577942 -0.023475000634789467 0.2642979919910431
v -0.0197369996458292 -0.03173999860882759 0.24517199397087097
v -0.03116000071167946 -0.021764999255537987 0.26435500383377075
v -0.030959000810980797 -0.022621000185608864 0.2643359899520874
v -0.0197369996458292 -0.03173999860882759 0.24517199397087097
v -0.032010000199079514 -0.016728999093174934 0.26440998911857605
v -0.03116000071167946 -0.021764999255537987 0.26435500383377075
v -0.0197369996458292 -0.03173999860882759 0.24517199397087097
v -0.029291000217199326 -0.027874000370502472 0.2640640139579773
v -0.027571000158786774 -0.03175299987196922 0.26391199231147766
v -0.024126000702381134 -0.03175099939107895 0.25391098856925964
v -0.016075000166893005 -0.040355000644922256 0.24329400062561035
v -0.024126000702381134 -0.03175099939107895 0.25391098856925964
v -0.027571000158786774 -0.03175299987196922 0.26391199231147766
v -0.03073599934577942 -0.023475000634789467 0.2642979919910431
v -0.029291000217199326 -0.027874000370502472 0.2640640139579773
v -0.024126000702381134 -0.03175099939107895 0.25391098856925964
v -0.03140300139784813 -0.023677999153733253 0.2651500105857849
v -0.027571000158786774 -0.03175299987196922 0.26391199231147766
v -0.029291000217199326 -0.027874000370502472 0.2640640139579773
v -0.021901000291109085 -0.03981100022792816 0.26427599787712097
v -0.016075000166893005 -0.040355000644922256 0.24329400062561035
v -0.027571000158786774 -0.03175299987196922 0.26391199231147766
v -0.027844000607728958 -0.03189599886536598 0.2645590007305145
v -0.021901000291109085 -0.03981100022792816 0.26427599787712097
v -0.027571000158786774 -0.03175299987196922 0.26391199231147766
v -0.028418999165296555 -0.03175000101327896 0.26497599482536316
v -0.027844000607728958 -0.03189599886536598 0.2645590007305145
v -0.027571000158786774 -0.03175299987196922 0.26391199231147766
v -0.03140300139784813 -0.023677999153733253 0.2651500105857849
v -0.028418999165296555 -0.03175000101327896 0.26497599482536316
v -0.027571000158786774 -0.03175299987196922 0.26391199231147766
v -0.03140300139784813 -0.023677999153733253 0.2651500105857849
v -0.029291000217199326 -0.027874000370502472 0.2640640139579773
v -0.03073599934577942 -0.023475000634789467 0.2642979919910431
v -0.031846001744270325 -0.021897999569773674 0.26517799496650696
v -0.03073599934577942 -0.023475000634789467 0.2642979919910431
v -0.030959000810980797 -0.022621000185608864 0.2643359899520874
v -0.031846001744270325 -0.021897999569773674 0.26517799496650696
v -0.03140300139784813 -0.023677999153733253 0.2651500105857849
v -0.03073599934577942 -0.023475000634789467 0.2642979919910431
v -0.031846001744270325 -0.021897999569773674 0.26517799496650696
v -0.030959000810980797 -0.022621000185608864 0.2643359899520874
v -0.03116000071167946 -0.021764999255537987 0.26435500383377075
v -0.03316500037908554 -0.011481000110507011 0.2651650011539459
v -0.03116000071167946 -0.021764999255537987 0.26435500383377075
v -0.032010000199079514 -0.016728999093174934 0.26440998911857605
v -0.03316500037908554 -0.011481000110507011 0.2651650011539459
v -0.031846001744270325 -0.021897999569773674 0.26517799496650696
v -0.03116000071167946 -0.021764999255537987 0.26435500383377075
v -0.021219000220298767 -0.04048199951648712 0.26440900564193726
v -0.012140999548137188 -0.04506399855017662 0.24640299379825592
v -0.016075000166893005 -0.040355000644922256 0.24329400062561035
v -0.011483999900519848 -0.045044999569654465 0.24362899363040924
v -0.016075000166893005 -0.040355000644922256 0.24329400062561035
v -0.012140999548137188 -0.04506399855017662 0.24640299379825592
v -0.021901000291109085 -0.03981100022792816 0.26427599787712097
v -0.021219000220298767 -0.04048199951648712 0.26440900564193726
v -0.016075000166893005 -0.040355000644922256 0.24329400062561035
v -0.002311999909579754 -0.04499199986457825 0.22208000719547272
v -0.0037539999466389418 -0.04276200011372566 0.22121700644493103
v -0.016075000166893005 -0.040355000644922256 0.24329400062561035
v -0.008167999796569347 -0.04500500112771988 0.23369300365447998
v -0.002311999909579754 -0.04499199986457825 0.22208000719547272
v -0.016075000166893005 -0.040355000644922256 0.24329400062561035
v -0.011483999900519848 -0.045044999569654465 0.24362899363040924
v -0.008167999796569347 -0.04500500112771988 0.23369300365447998
v -0.016075000166893005 -0.040355000644922256 0.24329400062561035
v -0.014437000267207623 -0.04499899968504906 0.2669279873371124
v -0.013663000427186489 -0.04516199976205826 0.2571620047092438
v -0.012140999548137188 -0.04506399855017662 0.24640299379825592
v -0.012060999870300293 -0.04669399932026863 0.25295698642730713
v -0.012140999548137188 -0.04506399855017662 0.24640299379825592
v -0.013663000427186489 -0.04516199976205826 0.2571620047092438
v -0.021219000220298767 -0.04048199951648712 0.26440900564193726
v -0.014437000267207623 -0.04499899968504906 0.2669279873371124
v -0.012140999548137188 -0.04506399855017662 0.24640299379825592
v -0.009743000380694866 -0.04670599848031998 0.24108600616455078
v -0.011483999900519848 -0.045044999569654465 0.24362899363040924
v -0.012140999548137188 -0.04506399855017662 0.24640299379825592
v -0.012060999870300293 -0.04669399932026863 0.25295698642730713
v -0.009743000380694866 -0.04670599848031998 0.24108600616455078
v -0.012140999548137188 -0.04506399855017662 0.24640299379825592
v -0.014291999861598015 -0.04506000131368637 0.2670080065727234
v -0.013593999668955803 -0.04534899815917015 0.2653149962425232
v -0.013663000427186489 -0.04516199976205826 0.2571620047092438
v -0.01256600022315979 -0.0465719997882843 0.26040101051330566
v -0.013663000427186489 -0.04516199976205826 0.2571620047092438
v -0.013593999668955803 -0.04534899815917015 0.2653149962425232
v -0.0143649997189641 -0.04503000155091286 0.2669680118560791
v -0.014291999861598015 -0.04506000131368637 0.2670080065727234
v -0.013663000427186489 -0.04516199976205826 0.2571620047092438
v -0.014437000267207623 -0.04499899968504906 0.2669279873371124
v -0.0143649997189641 -0.04503000155091286 0.2669680118560791
v -0.013663000427186489 -0.04516199976205826 0.2571620047092438
v -0.01256600022315979 -0.0465719997882843 0.26040101051330566
v -0.012060999870300293 -0.04669399932026863 0.25295698642730713
v -0.013663000427186489 -0.04516199976205826 0.2571620047092438
v -0.013775999657809734 -0.045271001756191254 0.26705700159072876
v -0.013472000136971474 -0.04539500176906586 0.26604700088500977
v -0.013593999668955803 -0.04534899815917015 0.2653149962425232
v -0.012667999602854252 -0.045862000435590744 0.2664470076560974
v -0.013593999668955803 -0.04534899815917015 0.2653149962425232
v -0.013472000136971474 -0.04539500176906586 0.26604700088500977
v -0.014291999861598015 -0.04506000131368637 0.2670080065727234
v -0.013775999657809734 -0.045271001756191254 0.26705700159072876
v -0.013593999668955803 -0.04534899815917015 0.2653149962425232
v -0.012906000018119812 -0.045781999826431274 0.26515600085258484
v -0.01256600022315979 -0.0465719997882843 0.26040101051330566
v -0.013593999668955803 -0.04534899815917015 0.2653149962425232
v -0.012667999602854252 -0.045862000435590744 0.2664470076560974
v -0.012906000018119812 -0.045781999826431274 0.26515600085258484
v -0.013593999668955803 -0.04534899815917015 0.2653149962425232
v -0.013775999657809734 -0.045271001756191254 0.26705700159072876
v -0.01334100030362606 -0.04543999955058098 0.26677900552749634
v -0.013472000136971474 -0.04539500176906586 0.26604700088500977
v -0.012667999602854252 -0.045862000435590744 0.2664470076560974
v -0.013472000136971474 -0.04539500176906586 0.26604700088500977
v -0.01334100030362606 -0.04543999955058098 0.26677900552749634
v -0.014291999861598015 -0.04506000131368637 0.2670080065727234
v -0.01334100030362606 -0.04543999955058098 0.26677900552749634
v -0.013775999657809734 -0.045271001756191254 0.26705700159072876
v -0.014759000390768051 -0.04513600096106529 0.2678320109844208
v -0.01334100030362606 -0.04543999955058098 0.26677900552749634
v -0.014291999861598015 -0.04506000131368637 0.2670080065727234
v -0.012803999707102776 -0.045882001519203186 0.26735401153564453
v -0.012667999602854252 -0.045862000435590744 0.2664470076560974
v -0.01334100030362606 -0.04543999955058098 0.26677900552749634
v -0.014759000390768051 -0.04513600096106529 0.2678320109844208
v -0.012803999707102776 -0.045882001519203186 0.26735401153564453
v -0.01334100030362606 -0.04543999955058098 0.26677900552749634
v -0.015383999794721603 -0.045531999319791794 0.26830700039863586
v -0.014291999861598015 -0.04506000131368637 0.2670080065727234
v -0.0143649997189641 -0.04503000155091286 0.2669680118560791
v -0.014759000390768051 -0.04513600096106529 0.2678320109844208
v -0.014291999861598015 -0.04506000131368637 0.2670080065727234
v -0.015383999794721603 -0.045531999319791794 0.26830700039863586
v -0.015383999794721603 -0.045531999319791794 0.26830700039863586
v -0.0143649997189641 -0.04503000155091286 0.2669680118560791
v -0.014437000267207623 -0.04499899968504906 0.2669279873371124
v -0.022746000438928604 -0.0401809997856617 0.26559799909591675
v -0.014437000267207623 -0.04499899968504906 0.2669279873371124
v -0.021219000220298767 -0.04048199951648712 0.26440900564193726
v -0.015383999794721603 -0.045531999319791794 0.26830700039863586
v -0.014437000267207623 -0.04499899968504906 0.2669279873371124
v -0.022746000438928604 -0.0401809997856617 0.26559799909591675
v -0.022746000438928604 -0.0401809997856617 0.26559799909591675
v -0.021219000220298767 -0.04048199951648712 0.26440900564193726
v -0.021901000291109085 -0.03981100022792816 0.26427599787712097
v -0.028318999335169792 -0.03213199973106384 0.2650260031223297
v -0.022746000438928604 -0.0401809997856617 0.26559799909591675
v -0.021901000291109085 -0.03981100022792816 0.26427599787712097
v -0.027844000607728958 -0.03189599886536598 0.2645590007305145
v -0.028318999335169792 -0.03213199973106384 0.2650260031223297
v -0.021901000291109085 -0.03981100022792816 0.26427599787712097
v 0.018425999209284782 -0.044992998242378235 0.20068299770355225
v -0.0037539999466389418 -0.04276200011372566 0.22121700644493103
v -0.002311999909579754 -0.04499199986457825 0.22208000719547272
v -0.0018489999929443002 -0.04573100060224533 0.22235199809074402
v -0.002311999909579754 -0.04499199986457825 0.22208000719547272
v -0.008167999796569347 -0.04500500112771988 0.23369300365447998
v -0.0016710000345483422 -0.046620000153779984 0.2224539965391159
v 0.018425999209284782 -0.044992998242378235 0.20068299770355225
v -0.002311999909579754 -0.04499199986457825 0.22208000719547272
v -0.0018489999929443002 -0.04573100060224533 0.22235199809074402
v -0.0016710000345483422 -0.046620000153779984 0.2224539965391159
v -0.002311999909579754 -0.04499199986457825 0.22208000719547272
v -0.009743000380694866 -0.04670599848031998 0.24108600616455078
v -0.008167999796569347 -0.04500500112771988 0.23369300365447998
v -0.011483999900519848 -0.045044999569654465 0.24362899363040924
v -0.0018489999929443002 -0.04573100060224533 0.22235199809074402
v -0.008167999796569347 -0.04500500112771988 0.23369300365447998
v -0.0016710000345483422 -0.046620000153779984 0.2224539965391159
v -0.009743000380694866 -0.04670599848031998 0.24108600616455078
v -0.0016710000345483422 -0.046620000153779984 0.2224539965391159
v -0.008167999796569347 -0.04500500112771988 0.23369300365447998
v -0.029505999758839607 -0.03272499889135361 0.26520898938179016
v -0.023886000737547874 -0.041460998356342316 0.2656719982624054
v -0.022746000438928604 -0.0401809997856617 0.26559799909591675
v -0.015383999794721603 -0.045531999319791794 0.26830700039863586
v -0.022746000438928604 -0.0401809997856617 0.26559799909591675
v -0.023886000737547874 -0.041460998356342316 0.2656719982624054
v -0.028318999335169792 -0.03213199973106384 0.2650260031223297
v -0.029505999758839607 -0.03272499889135361 0.26520898938179016
v -0.022746000438928604 -0.0401809997856617 0.26559799909591675
v -0.030995000153779984 -0.03477700054645538 0.2644979953765869
v -0.023886000737547874 -0.041460998356342316 0.2656719982624054
v -0.029505999758839607 -0.03272499889135361 0.26520898938179016
v -0.015850000083446503 -0.04633999988436699 0.26853498816490173
v -0.015383999794721603 -0.045531999319791794 0.26830700039863586
v -0.023886000737547874 -0.041460998356342316 0.2656719982624054
v -0.023824000731110573 -0.04152899980545044 0.26568299531936646
v -0.015850000083446503 -0.04633999988436699 0.26853498816490173
v -0.023886000737547874 -0.041460998356342316 0.2656719982624054
v -0.03781300038099289 -0.04500799998641014 0.25558799505233765
v -0.023824000731110573 -0.04152899980545044 0.26568299531936646
v -0.023886000737547874 -0.041460998356342316 0.2656719982624054
v -0.030995000153779984 -0.03477700054645538 0.2644979953765869
v -0.03781300038099289 -0.04500799998641014 0.25558799505233765
v -0.023886000737547874 -0.041460998356342316 0.2656719982624054
v -0.0297240000218153 -0.03223799914121628 0.2652130126953125
v -0.029505999758839607 -0.03272499889135361 0.26520898938179016
v -0.028318999335169792 -0.03213199973106384 0.2650260031223297
v -0.03679100051522255 -0.0317469984292984 0.2633799910545349
v -0.029505999758839607 -0.03272499889135361 0.26520898938179016
v -0.0297240000218153 -0.03223799914121628 0.2652130126953125
v -0.030267000198364258 -0.03375000134110451 0.2648850083351135
v -0.030995000153779984 -0.03477700054645538 0.2644979953765869
v -0.029505999758839607 -0.03272499889135361 0.26520898938179016
v -0.03679100051522255 -0.0317469984292984 0.2633799910545349
v -0.030267000198364258 -0.03375000134110451 0.2648850083351135
v -0.029505999758839607 -0.03272499889135361 0.26520898938179016
v -0.028418999165296555 -0.03175000101327896 0.26497599482536316
v -0.028318999335169792 -0.03213199973106384 0.2650260031223297
v -0.027844000607728958 -0.03189599886536598 0.2645590007305145
v -0.02993600070476532 -0.03175000101327896 0.2652190029621124
v -0.0297240000218153 -0.03223799914121628 0.2652130126953125
v -0.028318999335169792 -0.03213199973106384 0.2650260031223297
v -0.029145000502467155 -0.03175000101327896 0.2652359902858734
v -0.02993600070476532 -0.03175000101327896 0.2652190029621124
v -0.028318999335169792 -0.03213199973106384 0.2650260031223297
v -0.028418999165296555 -0.03175000101327896 0.26497599482536316
v -0.029145000502467155 -0.03175000101327896 0.2652359902858734
v -0.028318999335169792 -0.03213199973106384 0.2650260031223297
v -0.015286999754607677 -0.045653000473976135 0.26842001080513
v -0.015383999794721603 -0.045531999319791794 0.26830700039863586
v -0.015850000083446503 -0.04633999988436699 0.26853498816490173
v -0.014759000390768051 -0.04513600096106529 0.2678320109844208
v -0.015383999794721603 -0.045531999319791794 0.26830700039863586
v -0.015286999754607677 -0.045653000473976135 0.26842001080513
v -0.02316500060260296 -0.04222400113940239 0.2658129930496216
v -0.016114000231027603 -0.047279998660087585 0.26827099919319153
v -0.015850000083446503 -0.04633999988436699 0.26853498816490173
v -0.015286999754607677 -0.045653000473976135 0.26842001080513
v -0.015850000083446503 -0.04633999988436699 0.26853498816490173
v -0.016114000231027603 -0.047279998660087585 0.26827099919319153
v -0.023824000731110573 -0.04152899980545044 0.26568299531936646
v -0.02316500060260296 -0.04222400113940239 0.2658129930496216
v -0.015850000083446503 -0.04633999988436699 0.26853498816490173
v -0.02510800026357174 -0.05362299829721451 0.2569980025291443
v -0.016114000231027603 -0.047279998660087585 0.26827099919319153
v -0.02316500060260296 -0.04222400113940239 0.2658129930496216
v -0.01603800058364868 -0.047315001487731934 0.26830899715423584
v -0.015286999754607677 -0.045653000473976135 0.26842001080513
v -0.016114000231027603 -0.047279998660087585 0.26827099919319153
v -0.014290000312030315 -0.05361099913716316 0.2651500105857849
v -0.01603800058364868 -0.047315001487731934 0.26830899715423584
v -0.016114000231027603 -0.047279998660087585 0.26827099919319153
v -0.02510800026357174 -0.05362299829721451 0.2569980025291443
v -0.014290000312030315 -0.05361099913716316 0.2651500105857849
v -0.016114000231027603 -0.047279998660087585 0.26827099919319153
v -0.02510800026357174 -0.05362299829721451 0.2569980025291443
v -0.02316500060260296 -0.04222400113940239 0.2658129930496216
v -0.023824000731110573 -0.04152899980545044 0.26568299531936646
v -0.03781300038099289 -0.04500799998641014 0.25558799505233765
v -0.02510800026357174 -0.05362299829721451 0.2569980025291443
v -0.023824000731110573 -0.04152899980545044 0.26568299531936646
v -0.03679100051522255 -0.0317469984292984 0.2633799910545349
v -0.0297240000218153 -0.03223799914121628 0.2652130126953125
v -0.02993600070476532 -0.03175000101327896 0.2652190029621124
v -0.0313199982047081 -0.02804199978709221 0.2653000056743622
v -0.02993600070476532 -0.03175000101327896 0.2652190029621124
v -0.029145000502467155 -0.03175000101327896 0.2652359902858734
v -0.03800100088119507 -0.028061000630259514 0.2638939917087555
v -0.02993600070476532 -0.03175000101327896 0.2652190029621124
v -0.0313199982047081 -0.02804199978709221 0.2653000056743622
v -0.03800100088119507 -0.028061000630259514 0.2638939917087555
v -0.03679100051522255 -0.0317469984292984 0.2633799910545349
v -0.02993600070476532 -0.03175000101327896 0.2652190029621124
v -0.03245500102639198 -0.023965999484062195 0.26542699337005615
v -0.029145000502467155 -0.03175000101327896 0.2652359902858734
v -0.028418999165296555 -0.03175000101327896 0.26497599482536316
v -0.03245500102639198 -0.023965999484062195 0.26542699337005615
v -0.0313199982047081 -0.02804199978709221 0.2653000056743622
v -0.029145000502467155 -0.03175000101327896 0.2652359902858734
v -0.03140300139784813 -0.023677999153733253 0.2651500105857849
v -0.03245500102639198 -0.023965999484062195 0.26542699337005615
v -0.028418999165296555 -0.03175000101327896 0.26497599482536316
v -0.03800100088119507 -0.028061000630259514 0.2638939917087555
v -0.0313199982047081 -0.02804199978709221 0.2653000056743622
v -0.03245500102639198 -0.023965999484062195 0.26542699337005615
v -0.032676998525857925 -0.02304000034928322 0.2654449939727783
v -0.03245500102639198 -0.023965999484062195 0.26542699337005615
v -0.03140300139784813 -0.023677999153733253 0.2651500105857849
v -0.05425399914383888 -0.012466000393033028 0.2558310031890869
v -0.03245500102639198 -0.023965999484062195 0.26542699337005615
v -0.032676998525857925 -0.02304000034928322 0.2654449939727783
v -0.05425399914383888 -0.012466000393033028 0.2558310031890869
v -0.03800100088119507 -0.028061000630259514 0.2638939917087555
v -0.03245500102639198 -0.023965999484062195 0.26542699337005615
v -0.032871998846530914 -0.022110000252723694 0.2654440104961395
v -0.032676998525857925 -0.02304000034928322 0.2654449939727783
v -0.03140300139784813 -0.023677999153733253 0.2651500105857849
v -0.031846001744270325 -0.021897999569773674 0.26517799496650696
v -0.032871998846530914 -0.022110000252723694 0.2654440104961395
v -0.03140300139784813 -0.023677999153733253 0.2651500105857849
v -0.05425399914383888 -0.012466000393033028 0.2558310031890869
v -0.032676998525857925 -0.02304000034928322 0.2654449939727783
v -0.032871998846530914 -0.022110000252723694 0.2654440104961395
v -0.033727001398801804 -0.01704300008714199 0.26537999510765076
v -0.032871998846530914 -0.022110000252723694 0.2654440104961395
v -0.031846001744270325 -0.021897999569773674 0.26517799496650696
v -0.05425399914383888 -0.012466000393033028 0.2558310031890869
v -0.032871998846530914 -0.022110000252723694 0.2654440104961395
v -0.033727001398801804 -0.01704300008714199 0.26537999510765076
v -0.03413299843668938 -0.011509000323712826 0.26534199714660645
v -0.033727001398801804 -0.01704300008714199 0.26537999510765076
v -0.031846001744270325 -0.021897999569773674 0.26517799496650696
v -0.03316500037908554 -0.011481000110507011 0.2651650011539459
v -0.03413299843668938 -0.011509000323712826 0.26534199714660645
v -0.031846001744270325 -0.021897999569773674 0.26517799496650696
v -0.05425399914383888 -0.012466000393033028 0.2558310031890869
v -0.033727001398801804 -0.01704300008714199 0.26537999510765076
v -0.03413299843668938 -0.011509000323712826 0.26534199714660645
v -0.03413499891757965 0.011443999595940113 0.26534199714660645
v -0.03413299843668938 -0.011509000323712826 0.26534199714660645
v -0.03316500037908554 -0.011481000110507011 0.2651650011539459
v -0.03413499891757965 0.011443999595940113 0.26534199714660645
v -0.03430800139904022 0 0.2653239965438843
v -0.03413299843668938 -0.011509000323712826 0.26534199714660645
v -0.05425399914383888 -0.012466000393033028 0.2558310031890869
v -0.03413299843668938 -0.011509000323712826 0.26534199714660645
v -0.03430800139904022 0 0.2653239965438843
v -0.03316599875688553 0.011416999623179436 0.2651650011539459
v -0.03413499891757965 0.011443999595940113 0.26534199714660645
v -0.03316500037908554 -0.011481000110507011 0.2651650011539459
v -0.05426499992609024 0.012458999641239643 0.25582000613212585
v -0.03430800139904022 0 0.2653239965438843
v -0.03413499891757965 0.011443999595940113 0.26534199714660645
v -0.05426499992609024 0.012458999641239643 0.25582000613212585
v -0.05425399914383888 -0.012466000393033028 0.2558310031890869
v -0.03430800139904022 0 0.2653239965438843
v -0.031835999339818954 0.021896999329328537 0.26517200469970703
v -0.03413499891757965 0.011443999595940113 0.26534199714660645
v -0.03316599875688553 0.011416999623179436 0.2651650011539459
v -0.032871998846530914 0.02211100049316883 0.2654440104961395
v -0.03372799977660179 0.01701200008392334 0.26537999510765076
v -0.03413499891757965 0.011443999595940113 0.26534199714660645
v -0.05426499992609024 0.012458999641239643 0.25582000613212585
v -0.03413499891757965 0.011443999595940113 0.26534199714660645
v -0.03372799977660179 0.01701200008392334 0.26537999510765076
v -0.031835999339818954 0.021896999329328537 0.26517200469970703
v -0.032871998846530914 0.02211100049316883 0.2654440104961395
v -0.03413499891757965 0.011443999595940113 0.26534199714660645
v -0.05426499992609024 0.012458999641239643 0.25582000613212585
v -0.03372799977660179 0.01701200008392334 0.26537999510765076
v -0.032871998846530914 0.02211100049316883 0.2654440104961395
v -0.03140399977564812 0.02367899939417839 0.2651500105857849
v -0.032871998846530914 0.02211100049316883 0.2654440104961395
v -0.031835999339818954 0.021896999329328537 0.26517200469970703
v -0.03245599940419197 0.023965999484062195 0.26542699337005615
v -0.032676998525857925 0.023041000589728355 0.2654449939727783
v -0.032871998846530914 0.02211100049316883 0.2654440104961395
v -0.05426499992609024 0.012458999641239643 0.25582000613212585
v -0.032871998846530914 0.02211100049316883 0.2654440104961395
v -0.032676998525857925 0.023041000589728355 0.2654449939727783
v -0.03140399977564812 0.02367899939417839 0.2651500105857849
v -0.03245599940419197 0.023965999484062195 0.26542699337005615
v -0.032871998846530914 0.02211100049316883 0.2654440104961395
v -0.05426499992609024 0.012458999641239643 0.25582000613212585
v -0.032676998525857925 0.023041000589728355 0.2654449939727783
v -0.03245599940419197 0.023965999484062195 0.26542699337005615
v -0.028317999094724655 0.03215600177645683 0.26502200961112976
v -0.03245599940419197 0.023965999484062195 0.26542699337005615
v -0.03140399977564812 0.02367899939417839 0.2651500105857849
v -0.02950900048017502 0.0327490009367466 0.2652049958705902
v -0.03245599940419197 0.023965999484062195 0.26542699337005615
v -0.031140999868512154 0.028598999604582787 0.26528400182724
v -0.028317999094724655 0.03215600177645683 0.26502200961112976
v -0.031140999868512154 0.028598999604582787 0.26528400182724
v -0.03245599940419197 0.023965999484062195 0.26542699337005615
v -0.030243000015616417 0.03382600098848343 0.2648789882659912
v -0.03245599940419197 0.023965999484062195 0.26542699337005615
v -0.02950900048017502 0.0327490009367466 0.2652049958705902
v -0.030995000153779984 0.03477799892425537 0.2644979953765869
v -0.03245599940419197 0.023965999484062195 0.26542699337005615
v -0.030243000015616417 0.03382600098848343 0.2648789882659912
v -0.04546799883246422 0.033574000000953674 0.2578369975090027
v -0.03245599940419197 0.023965999484062195 0.26542699337005615
v -0.030995000153779984 0.03477799892425537 0.2644979953765869
v -0.05426499992609024 0.012458999641239643 0.25582000613212585
v -0.03245599940419197 0.023965999484062195 0.26542699337005615
v -0.04546799883246422 0.033574000000953674 0.2578369975090027
v -0.027845999225974083 0.03192099928855896 0.26455599069595337
v -0.028317999094724655 0.03215600177645683 0.26502200961112976
v -0.03140399977564812 0.02367899939417839 0.2651500105857849
v -0.028317999094724655 0.03215600177645683 0.26502200961112976
v -0.02950900048017502 0.0327490009367466 0.2652049958705902
v -0.031140999868512154 0.028598999604582787 0.26528400182724
v -0.022749999538064003 0.04021099954843521 0.2655879855155945
v -0.02950900048017502 0.0327490009367466 0.2652049958705902
v -0.028317999094724655 0.03215600177645683 0.26502200961112976
v -0.02389100007712841 0.041492998600006104 0.26566100120544434
v -0.02950900048017502 0.0327490009367466 0.2652049958705902
v -0.022749999538064003 0.04021099954843521 0.2655879855155945
v -0.030243000015616417 0.03382600098848343 0.2648789882659912
v -0.02950900048017502 0.0327490009367466 0.2652049958705902
v -0.02389100007712841 0.041492998600006104 0.26566100120544434
v -0.022749999538064003 0.04021099954843521 0.2655879855155945
v -0.028317999094724655 0.03215600177645683 0.26502200961112976
v -0.027845999225974083 0.03192099928855896 0.26455599069595337
v -0.01584699936211109 0.04636099934577942 0.26852700114250183
v -0.02389100007712841 0.041492998600006104 0.26566100120544434
v -0.022749999538064003 0.04021099954843521 0.2655879855155945
v -0.015382999554276466 0.045552000403404236 0.2682980000972748
v -0.01584699936211109 0.04636099934577942 0.26852700114250183
v -0.022749999538064003 0.04021099954843521 0.2655879855155945
v -0.016109999269247055 0.04730299860239029 0.2682630121707916
v -0.023825999349355698 0.041565001010894775 0.2656730115413666
v -0.02389100007712841 0.041492998600006104 0.26566100120544434
v -0.030995000153779984 0.03477799892425537 0.2644979953765869
v -0.02389100007712841 0.041492998600006104 0.26566100120544434
v -0.023825999349355698 0.041565001010894775 0.2656730115413666
v -0.01584699936211109 0.04636099934577942 0.26852700114250183
v -0.016109999269247055 0.04730299860239029 0.2682630121707916
v -0.02389100007712841 0.041492998600006104 0.26566100120544434
v -0.030995000153779984 0.03477799892425537 0.2644979953765869
v -0.030243000015616417 0.03382600098848343 0.2648789882659912
v -0.02389100007712841 0.041492998600006104 0.26566100120544434
v -0.025097999721765518 0.053633999079465866 0.25699400901794434
v -0.023825999349355698 0.041565001010894775 0.2656730115413666
v -0.016109999269247055 0.04730299860239029 0.2682630121707916
v -0.030995000153779984 0.03477799892425537 0.2644979953765869
v -0.023825999349355698 0.041565001010894775 0.2656730115413666
v -0.025097999721765518 0.053633999079465866 0.25699400901794434
v -0.01145699992775917 0.05867199972271919 0.2606959939002991
v -0.016109999269247055 0.04730299860239029 0.2682630121707916
v -0.015294999815523624 0.04766000062227249 0.26868999004364014
v -0.025097999721765518 0.053633999079465866 0.25699400901794434
v -0.016109999269247055 0.04730299860239029 0.2682630121707916
v -0.01145699992775917 0.05867199972271919 0.2606959939002991
v -0.022324999794363976 0.059537000954151154 0.24367399513721466
v -0.01145699992775917 0.05867199972271919 0.2606959939002991
v -0.0036349999718368053 0.06339599937200546 0.24914999306201935
v -0.025097999721765518 0.053633999079465866 0.25699400901794434
v -0.01145699992775917 0.05867199972271919 0.2606959939002991
v -0.022324999794363976 0.059537000954151154 0.24367399513721466
v -0.0018390000332146883 0.06347300112247467 0.2490449994802475
v -0.0036349999718368053 0.06339599937200546 0.24914999306201935
v -0.0018609999679028988 0.06347300112247467 0.24991700053215027
v -0.023226000368595123 0.0621660016477108 0.19894999265670776
v -0.0036349999718368053 0.06339599937200546 0.24914999306201935
v -0.0018390000332146883 0.06347300112247467 0.2490449994802475
v -0.022324999794363976 0.059537000954151154 0.24367399513721466
v -0.0036349999718368053 0.06339599937200546 0.24914999306201935
v -0.023226000368595123 0.0621660016477108 0.19894999265670776
v -0.02326199971139431 0.059186000376939774 0.24348899722099304
v -0.04127800092101097 0.05194300040602684 0.20215299725532532
v -0.039636000990867615 0.049876999109983444 0.2413260042667389
v -0.06721600145101547 0.032951001077890396 0.1490429937839508
v -0.039636000990867615 0.049876999109983444 0.2413260042667389
v -0.04127800092101097 0.05194300040602684 0.20215299725532532
v -0.037863001227378845 0.04509900137782097 0.25544899702072144
v -0.02326199971139431 0.059186000376939774 0.24348899722099304
v -0.039636000990867615 0.049876999109983444 0.2413260042667389
v -0.0496239997446537 0.03664400056004524 0.2500919997692108
v -0.037863001227378845 0.04509900137782097 0.25544899702072144
v -0.039636000990867615 0.049876999109983444 0.2413260042667389
v -0.04580099880695343 0.04429800063371658 0.2409600019454956
v -0.0496239997446537 0.03664400056004524 0.2500919997692108
v -0.039636000990867615 0.049876999109983444 0.2413260042667389
v -0.06721600145101547 0.032951001077890396 0.1490429937839508
v -0.04580099880695343 0.04429800063371658 0.2409600019454956
v -0.039636000990867615 0.049876999109983444 0.2413260042667389
v -0.022324999794363976 0.059537000954151154 0.24367399513721466
v -0.023226000368595123 0.0621660016477108 0.19894999265670776
v -0.04127800092101097 0.05194300040602684 0.20215299725532532
v -0.04178899899125099 0.05258699879050255 0.19492000341415405
v -0.04127800092101097 0.05194300040602684 0.20215299725532532
v -0.023226000368595123 0.0621660016477108 0.19894999265670776
v -0.02326199971139431 0.059186000376939774 0.24348899722099304
v -0.022324999794363976 0.059537000954151154 0.24367399513721466
v -0.04127800092101097 0.05194300040602684 0.20215299725532532
v -0.06721600145101547 0.032951001077890396 0.1490429937839508
v -0.04127800092101097 0.05194300040602684 0.20215299725532532
v -0.04178899899125099 0.05258699879050255 0.19492000341415405
v -0.03305700048804283 0.06528399884700775 0.15567299723625183
v -0.04657299816608429 0.05860700085759163 0.1490429937839508
v -0.023226000368595123 0.0621660016477108 0.19894999265670776
v -0.04178899899125099 0.05258699879050255 0.19492000341415405
v -0.023226000368595123 0.0621660016477108 0.19894999265670776
v -0.04657299816608429 0.05860700085759163 0.1490429937839508
v -0.03038099966943264 0.06618300080299377 0.15693700313568115
v -0.03305700048804283 0.06528399884700775 0.15567299723625183
v -0.023226000368595123 0.0621660016477108 0.19894999265670776
v -0.01843399927020073 0.06898099929094315 0.16196100413799286
v -0.03038099966943264 0.06618300080299377 0.15693700313568115
v -0.023226000368595123 0.0621660016477108 0.19894999265670776
v -0.037863001227378845 0.04509900137782097 0.25544899702072144
v -0.022324999794363976 0.059537000954151154 0.24367399513721466
v -0.02326199971139431 0.059186000376939774 0.24348899722099304
v -0.037863001227378845 0.04509900137782097 0.25544899702072144
v -0.025097999721765518 0.053633999079465866 0.25699400901794434
v -0.022324999794363976 0.059537000954151154 0.24367399513721466
v -0.03950800001621246 0.06602700054645538 0.13171899318695068
v -0.04657299816608429 0.05860700085759163 0.1490429937839508
v -0.03305700048804283 0.06528399884700775 0.15567299723625183
v -0.06721600145101547 0.032951001077890396 0.1490429937839508
v -0.04178899899125099 0.05258699879050255 0.19492000341415405
v -0.04657299816608429 0.05860700085759163 0.1490429937839508
v -0.05825699865818024 0.05365300178527832 0.12315800040960312
v -0.06721600145101547 0.032951001077890396 0.1490429937839508
v -0.04657299816608429 0.05860700085759163 0.1490429937839508
v -0.03950800001621246 0.06602700054645538 0.13171899318695068
v -0.05825699865818024 0.05365300178527832 0.12315800040960312
v -0.04657299816608429 0.05860700085759163 0.1490429937839508
v -0.03950800001621246 0.06602700054645538 0.13171899318695068
v -0.03305700048804283 0.06528399884700775 0.15567299723625183
v -0.03038099966943264 0.06618300080299377 0.15693700313568115
v -0.007474999874830246 0.0711200013756752 0.15167400240898132
v -0.03038099966943264 0.06618300080299377 0.15693700313568115
v -0.01843399927020073 0.06898099929094315 0.16196100413799286
v -0.0167820006608963 0.0711200013756752 0.12890399992465973
v -0.03950800001621246 0.06602700054645538 0.13171899318695068
v -0.03038099966943264 0.06618300080299377 0.15693700313568115
v -0.013931999914348125 0.0711200013756752 0.13839100301265717
v -0.0167820006608963 0.0711200013756752 0.12890399992465973
v -0.03038099966943264 0.06618300080299377 0.15693700313568115
v -0.010824999772012234 0.0711200013756752 0.14593000710010529
v -0.013931999914348125 0.0711200013756752 0.13839100301265717
v -0.03038099966943264 0.06618300080299377 0.15693700313568115
v -0.007474999874830246 0.0711200013756752 0.15167400240898132
v -0.010824999772012234 0.0711200013756752 0.14593000710010529
v -0.03038099966943264 0.06618300080299377 0.15693700313568115
v -0.0038030000869184732 0.0711200013756752 0.15549799799919128
v -0.007474999874830246 0.0711200013756752 0.15167400240898132
v -0.01843399927020073 0.06898099929094315 0.16196100413799286
v -0.037863001227378845 0.04509900137782097 0.25544899702072144
v -0.030995000153779984 0.03477799892425537 0.2644979953765869
v -0.025097999721765518 0.053633999079465866 0.25699400901794434
v -0.04546799883246422 0.033574000000953674 0.2578369975090027
v -0.030995000153779984 0.03477799892425537 0.2644979953765869
v -0.037863001227378845 0.04509900137782097 0.25544899702072144
v -0.0496239997446537 0.03664400056004524 0.2500919997692108
v -0.04546799883246422 0.033574000000953674 0.2578369975090027
v -0.037863001227378845 0.04509900137782097 0.25544899702072144
v -0.05942000076174736 0.01675800047814846 0.2475080043077469
v -0.04546799883246422 0.033574000000953674 0.2578369975090027
v -0.0496239997446537 0.03664400056004524 0.2500919997692108
v -0.05426499992609024 0.012458999641239643 0.25582000613212585
v -0.04546799883246422 0.033574000000953674 0.2578369975090027
v -0.05460200086236 0.01223399955779314 0.25547900795936584
v -0.05942000076174736 0.01675800047814846 0.2475080043077469
v -0.05460200086236 0.01223399955779314 0.25547900795936584
v -0.04546799883246422 0.033574000000953674 0.2578369975090027
v -0.04580099880695343 0.04429800063371658 0.2409600019454956
v -0.05126100033521652 0.03785200044512749 0.24085700511932373
v -0.0496239997446537 0.03664400056004524 0.2500919997692108
v -0.05942000076174736 0.01675800047814846 0.2475080043077469
v -0.0496239997446537 0.03664400056004524 0.2500919997692108
v -0.05126100033521652 0.03785200044512749 0.24085700511932373
v -0.06721600145101547 0.032951001077890396 0.1490429937839508
v -0.05126100033521652 0.03785200044512749 0.24085700511932373
v -0.04580099880695343 0.04429800063371658 0.2409600019454956
v -0.06721600145101547 0.032951001077890396 0.1490429937839508
v -0.06007000058889389 0.02145100012421608 0.23884700238704681
v -0.05126100033521652 0.03785200044512749 0.24085700511932373
v -0.05942000076174736 0.01675800047814846 0.2475080043077469
v -0.05126100033521652 0.03785200044512749 0.24085700511932373
v -0.06007000058889389 0.02145100012421608 0.23884700238704681
v -0.07485199719667435 0.0009190000128000975 0.1490429937839508
v -0.060460999608039856 0.020346999168395996 0.23862600326538086
v -0.06007000058889389 0.02145100012421608 0.23884700238704681
v -0.05942000076174736 0.01675800047814846 0.2475080043077469
v -0.06007000058889389 0.02145100012421608 0.23884700238704681
v -0.060460999608039856 0.020346999168395996 0.23862600326538086
v -0.06721600145101547 0.032951001077890396 0.1490429937839508
v -0.07485199719667435 0.0009190000128000975 0.1490429937839508
v -0.06007000058889389 0.02145100012421608 0.23884700238704681
v -0.06397499889135361 0.0003929999948013574 0.23387500643730164
v -0.060460999608039856 0.020346999168395996 0.23862600326538086
v -0.06396699696779251 0.0007859999896027148 0.23397499322891235
v -0.07485199719667435 0.0009190000128000975 0.1490429937839508
v -0.06396699696779251 0.0007859999896027148 0.23397499322891235
v -0.060460999608039856 0.020346999168395996 0.23862600326538086
v -0.06397999823093414 0 0.23377400636672974
v -0.060460999608039856 0.020346999168395996 0.23862600326538086
v -0.06397499889135361 0.0003929999948013574 0.23387500643730164
v -0.05942000076174736 0.01675800047814846 0.2475080043077469
v -0.060460999608039856 0.020346999168395996 0.23862600326538086
v -0.06397999823093414 0 0.23377400636672974
v -0.07312499731779099 -0.016016000881791115 0.1490429937839508
v -0.06397499889135361 0.0003929999948013574 0.23387500643730164
v -0.06396699696779251 0.0007859999896027148 0.23397499322891235
v -0.07485199719667435 0.0009190000128000975 0.1490429937839508
v -0.07312499731779099 -0.016016000881791115 0.1490429937839508
v -0.06396699696779251 0.0007859999896027148 0.23397499322891235
v -0.07312499731779099 -0.016016000881791115 0.1490429937839508
v -0.06397999823093414 0 0.23377400636672974
v -0.06397499889135361 0.0003929999948013574 0.23387500643730164
v -0.07312499731779099 -0.016016000881791115 0.1490429937839508
v -0.061514001339673996 -0.016990000382065773 0.23790700733661652
v -0.06397999823093414 0 0.23377400636672974
v -0.05942000076174736 -0.01675800047814846 0.2475080043077469
v -0.06397999823093414 0 0.23377400636672974
v -0.061514001339673996 -0.016990000382065773 0.23790700733661652
v -0.06116500124335289 -0.006453999783843756 0.24577699601650238
v -0.06397999823093414 0 0.23377400636672974
v -0.05942000076174736 -0.01675800047814846 0.2475080043077469
v -0.061170000582933426 0.006448000203818083 0.24576599895954132
v -0.06397999823093414 0 0.23377400636672974
v -0.06116500124335289 -0.006453999783843756 0.24577699601650238
v -0.05942000076174736 0.01675800047814846 0.2475080043077469
v -0.06397999823093414 0 0.23377400636672974
v -0.061170000582933426 0.006448000203818083 0.24576599895954132
v -0.06761600077152252 -0.03212200105190277 0.1490429937839508
v -0.06044299900531769 -0.020397000014781952 0.2386389970779419
v -0.061514001339673996 -0.016990000382065773 0.23790700733661652
v -0.05942000076174736 -0.01675800047814846 0.2475080043077469
v -0.061514001339673996 -0.016990000382065773 0.23790700733661652
v -0.06044299900531769 -0.020397000014781952 0.2386389970779419
v -0.07312499731779099 -0.016016000881791115 0.1490429937839508
v -0.06761600077152252 -0.03212200105190277 0.1490429937839508
v -0.061514001339673996 -0.016990000382065773 0.23790700733661652
v -0.06761600077152252 -0.03212200105190277 0.1490429937839508
v -0.055261000990867615 -0.03175000101327896 0.24049200117588043
v -0.06044299900531769 -0.020397000014781952 0.2386389970779419
v -0.05190100148320198 -0.03175000101327896 0.25170499086380005
v -0.06044299900531769 -0.020397000014781952 0.2386389970779419
v -0.055261000990867615 -0.03175000101327896 0.24049200117588043
v -0.05942000076174736 -0.01675800047814846 0.2475080043077469
v -0.06044299900531769 -0.020397000014781952 0.2386389970779419
v -0.05190100148320198 -0.03175000101327896 0.25170499086380005
v -0.05860999971628189 -0.046567998826503754 0.1490429937839508
v -0.05329199880361557 -0.034940000623464584 0.24076500535011292
v -0.055261000990867615 -0.03175000101327896 0.24049200117588043
v -0.050592999905347824 -0.037358999252319336 0.24658900499343872
v -0.055261000990867615 -0.03175000101327896 0.24049200117588043
v -0.05329199880361557 -0.034940000623464584 0.24076500535011292
v -0.06761600077152252 -0.03212200105190277 0.1490429937839508
v -0.05860999971628189 -0.046567998826503754 0.1490429937839508
v -0.055261000990867615 -0.03175000101327896 0.24049200117588043
v -0.05190100148320198 -0.03175000101327896 0.25170499086380005
v -0.055261000990867615 -0.03175000101327896 0.24049200117588043
v -0.050592999905347824 -0.037358999252319336 0.24658900499343872
v -0.05860999971628189 -0.046567998826503754 0.1490429937839508
v -0.05126100033521652 -0.03785200044512749 0.24085700511932373
v -0.05329199880361557 -0.034940000623464584 0.24076500535011292
v -0.050592999905347824 -0.037358999252319336 0.24658900499343872
v -0.05329199880361557 -0.034940000623464584 0.24076500535011292
v -0.05126100033521652 -0.03785200044512749 0.24085700511932373
v -0.05860999971628189 -0.046567998826503754 0.1490429937839508
v -0.045802000910043716 -0.0442969985306263 0.2409600019454956
v -0.05126100033521652 -0.03785200044512749 0.24085700511932373
v -0.050592999905347824 -0.037358999252319336 0.24658900499343872
v -0.05126100033521652 -0.03785200044512749 0.24085700511932373
v -0.045802000910043716 -0.0442969985306263 0.2409600019454956
v -0.041283998638391495 -0.05194900184869766 0.20207400619983673
v -0.0396369993686676 -0.049876000732183456 0.2413260042667389
v -0.045802000910043716 -0.0442969985306263 0.2409600019454956
v -0.050592999905347824 -0.037358999252319336 0.24658900499343872
v -0.045802000910043716 -0.0442969985306263 0.2409600019454956
v -0.0396369993686676 -0.049876000732183456 0.2413260042667389
v -0.04178899899125099 -0.052583999931812286 0.1949400007724762
v -0.041283998638391495 -0.05194900184869766 0.20207400619983673
v -0.045802000910043716 -0.0442969985306263 0.2409600019454956
v -0.046574000269174576 -0.058605000376701355 0.1490429937839508
v -0.04178899899125099 -0.052583999931812286 0.1949400007724762
v -0.045802000910043716 -0.0442969985306263 0.2409600019454956
v -0.05860999971628189 -0.046567998826503754 0.1490429937839508
v -0.046574000269174576 -0.058605000376701355 0.1490429937839508
v -0.045802000910043716 -0.0442969985306263 0.2409600019454956
v -0.029795000329613686 -0.05930300056934357 0.20049799978733063
v -0.0396369993686676 -0.049876000732183456 0.2413260042667389
v -0.041283998638391495 -0.05194900184869766 0.20207400619983673
v -0.02339800074696541 -0.059133000671863556 0.2434619963169098
v -0.0396369993686676 -0.049876000732183456 0.2413260042667389
v -0.029795000329613686 -0.05930300056934357 0.20049799978733063
v -0.03781300038099289 -0.04500799998641014 0.25558799505233765
v -0.0396369993686676 -0.049876000732183456 0.2413260042667389
v -0.02339800074696541 -0.059133000671863556 0.2434619963169098
v -0.050592999905347824 -0.037358999252319336 0.24658900499343872
v -0.0396369993686676 -0.049876000732183456 0.2413260042667389
v -0.03781300038099289 -0.04500799998641014 0.25558799505233765
v -0.027264999225735664 -0.0670970007777214 0.15834400057792664
v -0.041283998638391495 -0.05194900184869766 0.20207400619983673
v -0.04178899899125099 -0.052583999931812286 0.1949400007724762
v -0.029795000329613686 -0.05930300056934357 0.20049799978733063
v -0.041283998638391495 -0.05194900184869766 0.20207400619983673
v -0.027264999225735664 -0.0670970007777214 0.15834400057792664
v -0.027264999225735664 -0.0670970007777214 0.15834400057792664
v -0.04178899899125099 -0.052583999931812286 0.1949400007724762
v -0.046574000269174576 -0.058605000376701355 0.1490429937839508
v -0.05392900109291077 -0.055528998374938965 0.13565799593925476
v -0.046574000269174576 -0.058605000376701355 0.1490429937839508
v -0.05860999971628189 -0.046567998826503754 0.1490429937839508
v -0.036740999668836594 -0.06640800088644028 0.13902099430561066
v -0.046574000269174576 -0.058605000376701355 0.1490429937839508
v -0.05392900109291077 -0.055528998374938965 0.13565799593925476
v -0.036740999668836594 -0.06640800088644028 0.13902099430561066
v -0.027264999225735664 -0.0670970007777214 0.15834400057792664
v -0.046574000269174576 -0.058605000376701355 0.1490429937839508
v -0.06268399953842163 -0.05173100158572197 0.08663900196552277
v -0.05860999971628189 -0.046567998826503754 0.1490429937839508
v -0.06761600077152252 -0.03212200105190277 0.1490429937839508
v -0.0595179982483387 -0.05310399830341339 0.11810799688100815
v -0.05392900109291077 -0.055528998374938965 0.13565799593925476
v -0.05860999971628189 -0.046567998826503754 0.1490429937839508
v -0.06268399953842163 -0.05173100158572197 0.08663900196552277
v -0.0595179982483387 -0.05310399830341339 0.11810799688100815
v -0.05860999971628189 -0.046567998826503754 0.1490429937839508
v -0.07903599739074707 -0.01893400028347969 0.08651900291442871
v -0.06761600077152252 -0.03212200105190277 0.1490429937839508
v -0.07312499731779099 -0.016016000881791115 0.1490429937839508
v -0.07903599739074707 -0.01893400028347969 0.08651900291442871
v -0.06268399953842163 -0.05173100158572197 0.08663900196552277
v -0.06761600077152252 -0.03212200105190277 0.1490429937839508
v -0.07903599739074707 -0.01893400028347969 0.08651900291442871
v -0.07312499731779099 -0.016016000881791115 0.1490429937839508
v -0.07485199719667435 0.0009190000128000975 0.1490429937839508
v -0.07914099842309952 0.018489999696612358 0.08651900291442871
v -0.07485199719667435 0.0009190000128000975 0.1490429937839508
v -0.06721600145101547 0.032951001077890396 0.1490429937839508
v -0.07914099842309952 0.018489999696612358 0.08651900291442871
v -0.07903599739074707 -0.01893400028347969 0.08651900291442871
v -0.07485199719667435 0.0009190000128000975 0.1490429937839508
v -0.06268099695444107 0.05173499882221222 0.08673900365829468
v -0.07914099842309952 0.018489999696612358 0.08651900291442871
v -0.06721600145101547 0.032951001077890396 0.1490429937839508
v -0.06157200038433075 0.05220799893140793 0.10646399855613708
v -0.06268099695444107 0.05173499882221222 0.08673900365829468
v -0.06721600145101547 0.032951001077890396 0.1490429937839508
v -0.05825699865818024 0.05365300178527832 0.12315800040960312
v -0.06157200038433075 0.05220799893140793 0.10646399855613708
v -0.06721600145101547 0.032951001077890396 0.1490429937839508
v -0.04128300026059151 -0.06640700250864029 0.11811000108718872
v -0.05392900109291077 -0.055528998374938965 0.13565799593925476
v -0.0595179982483387 -0.05310399830341339 0.11810799688100815
v -0.036740999668836594 -0.06640800088644028 0.13902099430561066
v -0.05392900109291077 -0.055528998374938965 0.13565799593925476
v -0.04128300026059151 -0.06640700250864029 0.11811000108718872
v -0.042107999324798584 -0.06603100150823593 0.11811000108718872
v -0.0595179982483387 -0.05310399830341339 0.11810799688100815
v -0.06268399953842163 -0.05173100158572197 0.08663900196552277
v -0.04128300026059151 -0.06640700250864029 0.11811000108718872
v -0.0595179982483387 -0.05310399830341339 0.11810799688100815
v -0.042107999324798584 -0.06603100150823593 0.11811000108718872
v -0.06239999830722809 -0.05185599997639656 0.07948900014162064
v -0.06268399953842163 -0.05173100158572197 0.08663900196552277
v -0.07903599739074707 -0.01893400028347969 0.08651900291442871
v -0.042107999324798584 -0.06603100150823593 0.11811000108718872
v -0.06268399953842163 -0.05173100158572197 0.08663900196552277
v -0.06239999830722809 -0.05185599997639656 0.07948900014162064
v -0.044089000672101974 0.06602700054645538 0.07944999635219574
v -0.06268099695444107 0.05173499882221222 0.08673900365829468
v -0.06157200038433075 0.05220799893140793 0.10646399855613708
v -0.044089000672101974 0.06602700054645538 0.07944999635219574
v -0.06262200325727463 0.05175599828362465 0.08397900313138962
v -0.06268099695444107 0.05173499882221222 0.08673900365829468
v -0.04357700049877167 0.06602700054645538 0.10570800304412842
v -0.06157200038433075 0.05220799893140793 0.10646399855613708
v -0.05825699865818024 0.05365300178527832 0.12315800040960312
v -0.04357700049877167 0.06602700054645538 0.10570800304412842
v -0.044089000672101974 0.06602700054645538 0.07944999635219574
v -0.06157200038433075 0.05220799893140793 0.10646399855613708
v -0.03950800001621246 0.06602700054645538 0.13171899318695068
v -0.04357700049877167 0.06602700054645538 0.10570800304412842
v -0.05825699865818024 0.05365300178527832 0.12315800040960312
v -0.04113199934363365 0.06602700054645538 0.05332000181078911
v -0.05613899976015091 0.054572999477386475 0.04733100160956383
v -0.06048800051212311 0.052678998559713364 0.06389199942350388
v -0.04113199934363365 0.06602700054645538 0.05332000181078911
v -0.034042999148368835 0.06603199988603592 0.0277670007199049
v -0.05613899976015091 0.054572999477386475 0.04733100160956383
v -0.044089000672101974 0.06602700054645538 0.07944999635219574
v -0.06048800051212311 0.052678998559713364 0.06389199942350388
v -0.06262200325727463 0.05175599828362465 0.08397900313138962
v -0.044089000672101974 0.06602700054645538 0.07944999635219574
v -0.04113199934363365 0.06602700054645538 0.05332000181078911
v -0.06048800051212311 0.052678998559713364 0.06389199942350388
v -0.04365900158882141 -0.06602700054645538 0.07257000356912613
v -0.06239999830722809 -0.05185599997639656 0.07948900014162064
v -0.055622000247240067 -0.05479799956083298 0.045896999537944794
v -0.04365900158882141 -0.06602700054645538 0.07257000356912613
v -0.042107999324798584 -0.06603100150823593 0.11811000108718872
v -0.06239999830722809 -0.05185599997639656 0.07948900014162064
v -0.029062999412417412 0.0682080015540123 0.0297240000218153
v -0.034042999148368835 0.06603199988603592 0.0277670007199049
v -0.04113199934363365 0.06602700054645538 0.05332000181078911
v -0.019689999520778656 0.0711200013756752 0.06298000365495682
v -0.04113199934363365 0.06602700054645538 0.05332000181078911
v -0.044089000672101974 0.06602700054645538 0.07944999635219574
v -0.0210999995470047 0.07038400322198868 0.032853998243808746
v -0.029062999412417412 0.0682080015540123 0.0297240000218153
v -0.04113199934363365 0.06602700054645538 0.05332000181078911
v -0.012884000316262245 0.0711200013756752 0.036084000021219254
v -0.0210999995470047 0.07038400322198868 0.032853998243808746
v -0.04113199934363365 0.06602700054645538 0.05332000181078911
v -0.01722100004553795 0.0711200013756752 0.05015400052070618
v -0.012884000316262245 0.0711200013756752 0.036084000021219254
v -0.04113199934363365 0.06602700054645538 0.05332000181078911
v -0.019689999520778656 0.0711200013756752 0.06298000365495682
v -0.01722100004553795 0.0711200013756752 0.05015400052070618
v -0.04113199934363365 0.06602700054645538 0.05332000181078911
v -0.021515000611543655 0.0711200013756752 0.08489599823951721
v -0.044089000672101974 0.06602700054645538 0.07944999635219574
v -0.04357700049877167 0.06602700054645538 0.10570800304412842
v -0.021515000611543655 0.0711200013756752 0.08489599823951721
v -0.019689999520778656 0.0711200013756752 0.06298000365495682
v -0.044089000672101974 0.06602700054645538 0.07944999635219574
v -0.019238000735640526 0.0711200013756752 0.11715500056743622
v -0.04357700049877167 0.06602700054645538 0.10570800304412842
v -0.03950800001621246 0.06602700054645538 0.13171899318695068
v -0.02100300043821335 0.0711200013756752 0.10268799960613251
v -0.021515000611543655 0.0711200013756752 0.08489599823951721
v -0.04357700049877167 0.06602700054645538 0.10570800304412842
v -0.019238000735640526 0.0711200013756752 0.11715500056743622
v -0.02100300043821335 0.0711200013756752 0.10268799960613251
v -0.04357700049877167 0.06602700054645538 0.10570800304412842
v -0.0167820006608963 0.0711200013756752 0.12890399992465973
v -0.019238000735640526 0.0711200013756752 0.11715500056743622
v -0.03950800001621246 0.06602700054645538 0.13171899318695068
v 0.012884000316262245 0.0711200013756752 0.036084000021219254
v -0.012884000316262245 0.0711200013756752 0.036084000021219254
v -0.01722100004553795 0.0711200013756752 0.05015400052070618
v 0.0102530000731349 0.0711200013756752 0.02921999990940094
v -0.012884000316262245 0.0711200013756752 0.036084000021219254
v 0.012884000316262245 0.0711200013756752 0.036084000021219254
v -0.011251999996602535 0.0711200013756752 0.03186599910259247
v -0.012884000316262245 0.0711200013756752 0.036084000021219254
v 0.0102530000731349 0.0711200013756752 0.02921999990940094
v -0.011251999996602535 0.0711200013756752 0.03186599910259247
v 0 0.07111100107431412 0.003541999962180853
v -0.012884000316262245 0.0711200013756752 0.036084000021219254
v 0.019393999129533768 0.0711200013756752 0.061103999614715576
v -0.01722100004553795 0.0711200013756752 0.05015400052070618
v -0.019689999520778656 0.0711200013756752 0.06298000365495682
v 0.012884000316262245 0.0711200013756752 0.036084000021219254
v -0.01722100004553795 0.0711200013756752 0.05015400052070618
v 0.019393999129533768 0.0711200013756752 0.061103999614715576
v 0.021418999880552292 0.0711200013756752 0.0817440003156662
v -0.019689999520778656 0.0711200013756752 0.06298000365495682
v -0.021515000611543655 0.0711200013756752 0.08489599823951721
v 0.019393999129533768 0.0711200013756752 0.061103999614715576
v -0.019689999520778656 0.0711200013756752 0.06298000365495682
v 0.021418999880552292 0.0711200013756752 0.0817440003156662
v 0.021275000646710396 0.0711200013756752 0.09862300008535385
v -0.021515000611543655 0.0711200013756752 0.08489599823951721
v -0.02100300043821335 0.0711200013756752 0.10268799960613251
v 0.021418999880552292 0.0711200013756752 0.0817440003156662
v -0.021515000611543655 0.0711200013756752 0.08489599823951721
v 0.021275000646710396 0.0711200013756752 0.09862300008535385
v 0.019938999786973 0.0711200013756752 0.11255399882793427
v -0.02100300043821335 0.0711200013756752 0.10268799960613251
v -0.019238000735640526 0.0711200013756752 0.11715500056743622
v 0.021275000646710396 0.0711200013756752 0.09862300008535385
v -0.02100300043821335 0.0711200013756752 0.10268799960613251
v 0.019938999786973 0.0711200013756752 0.11255399882793427
v 0.01791200041770935 0.0711200013756752 0.12409300357103348
v -0.019238000735640526 0.0711200013756752 0.11715500056743622
v -0.0167820006608963 0.0711200013756752 0.12890399992465973
v 0.019938999786973 0.0711200013756752 0.11255399882793427
v -0.019238000735640526 0.0711200013756752 0.11715500056743622
v 0.01791200041770935 0.0711200013756752 0.12409300357103348
v 0.015478000044822693 0.0711200013756752 0.13363100588321686
v -0.0167820006608963 0.0711200013756752 0.12890399992465973
v -0.013931999914348125 0.0711200013756752 0.13839100301265717
v 0.01791200041770935 0.0711200013756752 0.12409300357103348
v -0.0167820006608963 0.0711200013756752 0.12890399992465973
v 0.015478000044822693 0.0711200013756752 0.13363100588321686
v 0.012787999585270882 0.0711200013756752 0.14145000278949738
v -0.013931999914348125 0.0711200013756752 0.13839100301265717
v -0.010824999772012234 0.0711200013756752 0.14593000710010529
v 0.015478000044822693 0.0711200013756752 0.13363100588321686
v -0.013931999914348125 0.0711200013756752 0.13839100301265717
v 0.012787999585270882 0.0711200013756752 0.14145000278949738
v 0.00990500021725893 0.0711200013756752 0.14773599803447723
v -0.010824999772012234 0.0711200013756752 0.14593000710010529
v -0.007474999874830246 0.0711200013756752 0.15167400240898132
v 0.012787999585270882 0.0711200013756752 0.14145000278949738
v -0.010824999772012234 0.0711200013756752 0.14593000710010529
v 0.00990500021725893 0.0711200013756752 0.14773599803447723
v 0.006808999925851822 0.0711200013756752 0.1525540053844452
v -0.007474999874830246 0.0711200013756752 0.15167400240898132
v -0.0038030000869184732 0.0711200013756752 0.15549799799919128
v 0.00990500021725893 0.0711200013756752 0.14773599803447723
v -0.007474999874830246 0.0711200013756752 0.15167400240898132
v 0.006808999925851822 0.0711200013756752 0.1525540053844452
v 0 0.07093899697065353 0.1612270027399063
v 0 0.0711200013756752 0.1568319946527481
v -0.0038030000869184732 0.0711200013756752 0.15549799799919128
v 0.0034409998916089535 0.0711200013756752 0.15573899447917938
v -0.0038030000869184732 0.0711200013756752 0.15549799799919128
v 0 0.0711200013756752 0.1568319946527481
v 0.006808999925851822 0.0711200013756752 0.1525540053844452
v -0.0038030000869184732 0.0711200013756752 0.15549799799919128
v 0.0034409998916089535 0.0711200013756752 0.15573899447917938
v 0.019938999786973 0.0711200013756752 0.11255399882793427
v 0.04089599847793579 0.06602700054645538 0.125218003988266
v 0.04425999894738197 0.06602700054645538 0.09255599975585938
v 0.015478000044822693 0.0711200013756752 0.13363100588321686
v 0.012787999585270882 0.0711200013756752 0.14145000278949738
v 0.04089599847793579 0.06602700054645538 0.125218003988266
v 0.01791200041770935 0.0711200013756752 0.12409300357103348
v 0.015478000044822693 0.0711200013756752 0.13363100588321686
v 0.04089599847793579 0.06602700054645538 0.125218003988266
v 0.019938999786973 0.0711200013756752 0.11255399882793427
v 0.01791200041770935 0.0711200013756752 0.12409300357103348
v 0.04089599847793579 0.06602700054645538 0.125218003988266
v 0.021418999880552292 0.0711200013756752 0.0817440003156662
v 0.04425999894738197 0.06602700054645538 0.09255599975585938
v 0.04221000149846077 0.06602700054645538 0.059804998338222504
v 0.021275000646710396 0.0711200013756752 0.09862300008535385
v 0.019938999786973 0.0711200013756752 0.11255399882793427
v 0.04425999894738197 0.06602700054645538 0.09255599975585938
v 0.021418999880552292 0.0711200013756752 0.0817440003156662
v 0.021275000646710396 0.0711200013756752 0.09862300008535385
v 0.04425999894738197 0.06602700054645538 0.09255599975585938
v 0.019393999129533768 0.0711200013756752 0.061103999614715576
v 0.04221000149846077 0.06602700054645538 0.059804998338222504
v 0.034026000648736954 0.066041000187397 0.027773000299930573
v 0.019393999129533768 0.0711200013756752 0.061103999614715576
v 0.021418999880552292 0.0711200013756752 0.0817440003156662
v 0.04221000149846077 0.06602700054645538 0.059804998338222504
v 0.029006000608205795 0.06822899729013443 0.029746999964118004
v 0.019393999129533768 0.0711200013756752 0.061103999614715576
v 0.034026000648736954 0.066041000187397 0.027773000299930573
v 0.029006000608205795 0.06822899729013443 0.029746999964118004
v 0.012884000316262245 0.0711200013756752 0.036084000021219254
v 0.019393999129533768 0.0711200013756752 0.061103999614715576
v 0.02543500065803528 0.06822899729013443 0.020339999347925186
v 0.012884000316262245 0.0711200013756752 0.036084000021219254
v 0.029006000608205795 0.06822899729013443 0.029746999964118004
v 0.02543500065803528 0.06822899729013443 0.020339999347925186
v 0.0102530000731349 0.0711200013756752 0.02921999990940094
v 0.012884000316262245 0.0711200013756752 0.036084000021219254
v 0.02543500065803528 0.06822899729013443 0.020339999347925186
v 0.008190999738872051 0.0711200013756752 0.02362300083041191
v 0.0102530000731349 0.0711200013756752 0.02921999990940094
v -0.009846000000834465 0.0711200013756752 0.028126999735832214
v 0.0102530000731349 0.0711200013756752 0.02921999990940094
v 0.008190999738872051 0.0711200013756752 0.02362300083041191
v -0.011251999996602535 0.0711200013756752 0.03186599910259247
v 0.0102530000731349 0.0711200013756752 0.02921999990940094
v -0.009846000000834465 0.0711200013756752 0.028126999735832214
v -0.007555000018328428 0.0711200013756752 0.021870000287890434
v 0.008190999738872051 0.0711200013756752 0.02362300083041191
v 0.006541000213474035 0.0711200013756752 0.01905299909412861
v -0.008623999543488026 0.0711200013756752 0.024810999631881714
v 0.008190999738872051 0.0711200013756752 0.02362300083041191
v -0.007555000018328428 0.0711200013756752 0.021870000287890434
v -0.009846000000834465 0.0711200013756752 0.028126999735832214
v 0.008190999738872051 0.0711200013756752 0.02362300083041191
v -0.008623999543488026 0.0711200013756752 0.024810999631881714
v -0.005783999804407358 0.0711200013756752 0.016950000077486038
v 0.006541000213474035 0.0711200013756752 0.01905299909412861
v 0.00519599998369813 0.0711200013756752 0.015316000208258629
v -0.006616000086069107 0.0711200013756752 0.019262999296188354
v 0.006541000213474035 0.0711200013756752 0.01905299909412861
v -0.005783999804407358 0.0711200013756752 0.016950000077486038
v -0.007555000018328428 0.0711200013756752 0.021870000287890434
v 0.006541000213474035 0.0711200013756752 0.01905299909412861
v -0.006616000086069107 0.0711200013756752 0.019262999296188354
v -0.005044999998062849 0.0711200013756752 0.014898999594151974
v 0.00519599998369813 0.0711200013756752 0.015316000208258629
v 0.004081999883055687 0.0711200013756752 0.012267000041902065
v -0.005783999804407358 0.0711200013756752 0.016950000077486038
v 0.00519599998369813 0.0711200013756752 0.015316000208258629
v -0.005044999998062849 0.0711200013756752 0.014898999594151974
v -0.003785999957472086 0.0711200013756752 0.011471999809145927
v 0.004081999883055687 0.0711200013756752 0.012267000041902065
v 0.003143999958410859 0.0711200013756752 0.009793000295758247
v -0.0043830000795423985 0.0711200013756752 0.01308200042694807
v 0.004081999883055687 0.0711200013756752 0.012267000041902065
v -0.003785999957472086 0.0711200013756752 0.011471999809145927
v -0.005044999998062849 0.0711200013756752 0.014898999594151974
v 0.004081999883055687 0.0711200013756752 0.012267000041902065
v -0.0043830000795423985 0.0711200013756752 0.01308200042694807
v -0.0027469999622553587 0.0711200013756752 0.008797000162303448
v 0.003143999958410859 0.0711200013756752 0.009793000295758247
v 0.0023320000618696213 0.0711200013756752 0.0078039998188614845
v -0.003244000021368265 0.0711200013756752 0.010049999691545963
v 0.003143999958410859 0.0711200013756752 0.009793000295758247
v -0.0027469999622553587 0.0711200013756752 0.008797000162303448
v -0.003785999957472086 0.0711200013756752 0.011471999809145927
v 0.003143999958410859 0.0711200013756752 0.009793000295758247
v -0.003244000021368265 0.0711200013756752 0.010049999691545963
v -0.00228599994443357 0.0711200013756752 0.007697999943047762
v 0.0023320000618696213 0.0711200013756752 0.0078039998188614845
v 0.001597000053152442 0.0711200013756752 0.0062339999713003635
v -0.0027469999622553587 0.0711200013756752 0.008797000162303448
v 0.0023320000618696213 0.0711200013756752 0.0078039998188614845
v -0.00228599994443357 0.0711200013756752 0.007697999943047762
v -0.0014280000468716025 0.0711200013756752 0.005921999923884869
v 0.001597000053152442 0.0711200013756752 0.0062339999713003635
v 0.0008640000014565885 0.0711200013756752 0.0050650001503527164
v -0.001851000008173287 0.0711200013756752 0.006742000114172697
v 0.001597000053152442 0.0711200013756752 0.0062339999713003635
v -0.0014280000468716025 0.0711200013756752 0.005921999923884869
v -0.00228599994443357 0.0711200013756752 0.007697999943047762
v 0.001597000053152442 0.0711200013756752 0.0062339999713003635
v -0.001851000008173287 0.0711200013756752 0.006742000114172697
v 0 0.07111100107431412 0.003541999962180853
v 0 0.0711200013756752 0.004513000138103962
v 0.0008640000014565885 0.0711200013756752 0.0050650001503527164
v -0.0005300000193528831 0.0711200013756752 0.004726999904960394
v 0.0008640000014565885 0.0711200013756752 0.0050650001503527164
v 0 0.0711200013756752 0.004513000138103962
v -0.000999000039882958 0.0711200013756752 0.005239000078290701
v 0.0008640000014565885 0.0711200013756752 0.0050650001503527164
v -0.0005300000193528831 0.0711200013756752 0.004726999904960394
v -0.0014280000468716025 0.0711200013756752 0.005921999923884869
v 0.0008640000014565885 0.0711200013756752 0.0050650001503527164
v -0.000999000039882958 0.0711200013756752 0.005239000078290701
v -0.0005300000193528831 0.0711200013756752 0.004726999904960394
v 0 0.0711200013756752 0.004513000138103962
v 0 0.07111100107431412 0.003541999962180853
v -0.000999000039882958 0.0711200013756752 0.005239000078290701
v -0.0005300000193528831 0.0711200013756752 0.004726999904960394
v 0 0.07111100107431412 0.003541999962180853
v -0.0014280000468716025 0.0711200013756752 0.005921999923884869
v -0.000999000039882958 0.0711200013756752 0.005239000078290701
v 0 0.07111100107431412 0.003541999962180853
v -0.001851000008173287 0.0711200013756752 0.006742000114172697
v -0.0014280000468716025 0.0711200013756752 0.005921999923884869
v 0 0.07111100107431412 0.003541999962180853
v -0.00228599994443357 0.0711200013756752 0.007697999943047762
v -0.001851000008173287 0.0711200013756752 0.006742000114172697
v 0 0.07111100107431412 0.003541999962180853
v -0.0027469999622553587 0.0711200013756752 0.008797000162303448
v -0.00228599994443357 0.0711200013756752 0.007697999943047762
v 0 0.07111100107431412 0.003541999962180853
v -0.003244000021368265 0.0711200013756752 0.010049999691545963
v -0.0027469999622553587 0.0711200013756752 0.008797000162303448
v 0 0.07111100107431412 0.003541999962180853
v -0.003785999957472086 0.0711200013756752 0.011471999809145927
v -0.003244000021368265 0.0711200013756752 0.010049999691545963
v 0 0.07111100107431412 0.003541999962180853
v -0.0043830000795423985 0.0711200013756752 0.01308200042694807
v -0.003785999957472086 0.0711200013756752 0.011471999809145927
v 0 0.07111100107431412 0.003541999962180853
v -0.005044999998062849 0.0711200013756752 0.014898999594151974
v -0.0043830000795423985 0.0711200013756752 0.01308200042694807
v 0 0.07111100107431412 0.003541999962180853
v -0.005783999804407358 0.0711200013756752 0.016950000077486038
v -0.005044999998062849 0.0711200013756752 0.014898999594151974
v 0 0.07111100107431412 0.003541999962180853
v -0.006616000086069107 0.0711200013756752 0.019262999296188354
v -0.005783999804407358 0.0711200013756752 0.016950000077486038
v 0 0.07111100107431412 0.003541999962180853
v -0.007555000018328428 0.0711200013756752 0.021870000287890434
v -0.006616000086069107 0.0711200013756752 0.019262999296188354
v 0 0.07111100107431412 0.003541999962180853
v -0.008623999543488026 0.0711200013756752 0.024810999631881714
v -0.007555000018328428 0.0711200013756752 0.021870000287890434
v 0 0.07111100107431412 0.003541999962180853
v -0.009846000000834465 0.0711200013756752 0.028126999735832214
v -0.008623999543488026 0.0711200013756752 0.024810999631881714
v 0 0.07111100107431412 0.003541999962180853
v -0.011251999996602535 0.0711200013756752 0.03186599910259247
v -0.009846000000834465 0.0711200013756752 0.028126999735832214
v 0 0.07111100107431412 0.003541999962180853
v -0.021490000188350677 -0.0711200013756752 0.09353400021791458
v -0.042107999324798584 -0.06603100150823593 0.11811000108718872
v -0.04365900158882141 -0.06602700054645538 0.07257000356912613
v -0.021490000188350677 -0.0711200013756752 0.09353400021791458
v -0.04128300026059151 -0.06640700250864029 0.11811000108718872
v -0.042107999324798584 -0.06603100150823593 0.11811000108718872
v -0.020715000107884407 -0.0711200013756752 0.07134199887514114
v -0.021490000188350677 -0.0711200013756752 0.09353400021791458
v -0.04365900158882141 -0.06602700054645538 0.07257000356912613
v -0.021490000188350677 -0.0711200013756752 0.09353400021791458
v -0.019075000658631325 -0.0711200013756752 0.11811000108718872
v -0.04128300026059151 -0.06640700250864029 0.11811000108718872
v -0.036740999668836594 -0.06640800088644028 0.13902099430561066
v -0.04128300026059151 -0.06640700250864029 0.11811000108718872
v -0.019075000658631325 -0.0711200013756752 0.11811000108718872
v -0.01523400004953146 -0.0711200013756752 0.13443799316883087
v -0.036740999668836594 -0.06640800088644028 0.13902099430561066
v -0.019075000658631325 -0.0711200013756752 0.11811000108718872
v -0.01070799957960844 -0.0711200013756752 0.14617100358009338
v -0.027264999225735664 -0.0670970007777214 0.15834400057792664
v -0.036740999668836594 -0.06640800088644028 0.13902099430561066
v -0.005619999952614307 -0.0711200013756752 0.1539209932088852
v -0.017969999462366104 -0.0690540000796318 0.16213299334049225
v -0.027264999225735664 -0.0670970007777214 0.15834400057792664
v -0.016057999804615974 -0.06439799815416336 0.19712400436401367
v -0.027264999225735664 -0.0670970007777214 0.15834400057792664
v -0.017969999462366104 -0.0690540000796318 0.16213299334049225
v -0.01070799957960844 -0.0711200013756752 0.14617100358009338
v -0.005619999952614307 -0.0711200013756752 0.1539209932088852
v -0.027264999225735664 -0.0670970007777214 0.15834400057792664
v -0.029795000329613686 -0.05930300056934357 0.20049799978733063
v -0.027264999225735664 -0.0670970007777214 0.15834400057792664
v -0.016057999804615974 -0.06439799815416336 0.19712400436401367
v -0.01523400004953146 -0.0711200013756752 0.13443799316883087
v -0.01070799957960844 -0.0711200013756752 0.14617100358009338
v -0.036740999668836594 -0.06640800088644028 0.13902099430561066
v -0.0025859999004751444 -0.0634939968585968 0.24218299984931946
v 0 -0.0658549964427948 0.20015299320220947
v 0 -0.06369499862194061 0.234948992729187
v -0.0025859999004751444 -0.0634939968585968 0.24218299984931946
v 0 -0.06369499862194061 0.234948992729187
v -0.0039610001258552074 -0.06337600201368332 0.2490220069885254
v -0.0025969999842345715 -0.0630199983716011 0.24918100237846375
v -0.0039610001258552074 -0.06337600201368332 0.2490220069885254
v 0 -0.06369499862194061 0.234948992729187
v 0.0012169999536126852 -0.0632610023021698 0.23544800281524658
v -0.0025969999842345715 -0.0630199983716011 0.24918100237846375
v 0 -0.06369499862194061 0.234948992729187
v 0.007964000105857849 -0.06379300355911255 0.221327006816864
v 0.0012169999536126852 -0.0632610023021698 0.23544800281524658
v 0 -0.06369499862194061 0.234948992729187
v 0.003415999934077263 -0.06383799761533737 0.22824600338935852
v 0.007964000105857849 -0.06379300355911255 0.221327006816864
v 0 -0.06369499862194061 0.234948992729187
v -0.0025859999004751444 -0.0634939968585968 0.24218299984931946
v 0 -0.06635499745607376 0.19522300362586975
v 0 -0.0658549964427948 0.20015299320220947
v -0.0039610001258552074 -0.06337600201368332 0.2490220069885254
v -0.016057999804615974 -0.06439799815416336 0.19712400436401367
v 0 -0.06635499745607376 0.19522300362586975
v -0.0025859999004751444 -0.0634939968585968 0.24218299984931946
v -0.0039610001258552074 -0.06337600201368332 0.2490220069885254
v 0 -0.06635499745607376 0.19522300362586975
v -0.02339800074696541 -0.059133000671863556 0.2434619963169098
v -0.029795000329613686 -0.05930300056934357 0.20049799978733063
v -0.016057999804615974 -0.06439799815416336 0.19712400436401367
v -0.022342000156641006 -0.05953099951148033 0.2436700016260147
v -0.02339800074696541 -0.059133000671863556 0.2434619963169098
v -0.016057999804615974 -0.06439799815416336 0.19712400436401367
v -0.0039610001258552074 -0.06337600201368332 0.2490220069885254
v -0.022342000156641006 -0.05953099951148033 0.2436700016260147
v -0.016057999804615974 -0.06439799815416336 0.19712400436401367
v -0.02510800026357174 -0.05362299829721451 0.2569980025291443
v -0.02339800074696541 -0.059133000671863556 0.2434619963169098
v -0.022342000156641006 -0.05953099951148033 0.2436700016260147
v -0.03781300038099289 -0.04500799998641014 0.25558799505233765
v -0.02339800074696541 -0.059133000671863556 0.2434619963169098
v -0.02510800026357174 -0.05362299829721451 0.2569980025291443
v -0.004081999883055687 -0.06335800141096115 0.2497899979352951
v -0.022342000156641006 -0.05953099951148033 0.2436700016260147
v -0.0039610001258552074 -0.06337600201368332 0.2490220069885254
v -0.011504000052809715 -0.05861100181937218 0.26076701283454895
v -0.022342000156641006 -0.05953099951148033 0.2436700016260147
v -0.004081999883055687 -0.06335800141096115 0.2497899979352951
v -0.02510800026357174 -0.05362299829721451 0.2569980025291443
v -0.022342000156641006 -0.05953099951148033 0.2436700016260147
v -0.011504000052809715 -0.05861100181937218 0.26076701283454895
v -0.0027050001081079245 -0.06300599873065948 0.24997200071811676
v -0.0039610001258552074 -0.06337600201368332 0.2490220069885254
v -0.0025969999842345715 -0.0630199983716011 0.24918100237846375
v -0.004081999883055687 -0.06335800141096115 0.2497899979352951
v -0.0039610001258552074 -0.06337600201368332 0.2490220069885254
v -0.0027050001081079245 -0.06300599873065948 0.24997200071811676
v 0.0012169999536126852 -0.0632610023021698 0.23544800281524658
v -0.0017030000453814864 -0.06192300096154213 0.24927900731563568
v -0.0025969999842345715 -0.0630199983716011 0.24918100237846375
v -0.0027050001081079245 -0.06300599873065948 0.24997200071811676
v -0.0025969999842345715 -0.0630199983716011 0.24918100237846375
v -0.0017030000453814864 -0.06192300096154213 0.24927900731563568
v 0.001986999996006489 -0.06214600056409836 0.2357410043478012
v -0.0016240000259131193 -0.06050499901175499 0.2492779940366745
v -0.0017030000453814864 -0.06192300096154213 0.24927900731563568
v -0.001803999999538064 -0.06190500035881996 0.25005999207496643
v -0.0017030000453814864 -0.06192300096154213 0.24927900731563568
v -0.0016240000259131193 -0.06050499901175499 0.2492779940366745
v 0.0012169999536126852 -0.0632610023021698 0.23544800281524658
v 0.001986999996006489 -0.06214600056409836 0.2357410043478012
v -0.0017030000453814864 -0.06192300096154213 0.24927900731563568
v -0.0027050001081079245 -0.06300599873065948 0.24997200071811676
v -0.0017030000453814864 -0.06192300096154213 0.24927900731563568
v -0.001803999999538064 -0.06190500035881996 0.25005999207496643
v -0.0011050000321120024 -0.059425000101327896 0.24247999489307404
v -0.002391000045463443 -0.05931499972939491 0.2491769939661026
v -0.0016240000259131193 -0.06050499901175499 0.2492779940366745
v -0.00171999994199723 -0.060492999851703644 0.2500210106372833
v -0.0016240000259131193 -0.06050499901175499 0.2492779940366745
v -0.002391000045463443 -0.05931499972939491 0.2491769939661026
v 0.001319000031799078 -0.059613000601530075 0.23538999259471893
v -0.0011050000321120024 -0.059425000101327896 0.24247999489307404
v -0.0016240000259131193 -0.06050499901175499 0.2492779940366745
v 0.0020260000601410866 -0.060759998857975006 0.2357189953327179
v 0.001319000031799078 -0.059613000601530075 0.23538999259471893
v -0.0016240000259131193 -0.06050499901175499 0.2492779940366745
v 0.001986999996006489 -0.06214600056409836 0.2357410043478012
v 0.0020260000601410866 -0.060759998857975006 0.2357189953327179
v -0.0016240000259131193 -0.06050499901175499 0.2492779940366745
v -0.001803999999538064 -0.06190500035881996 0.25005999207496643
v -0.0016240000259131193 -0.06050499901175499 0.2492779940366745
v -0.00171999994199723 -0.060492999851703644 0.2500210106372833
v -0.010215999558568 -0.051309000700712204 0.25527000427246094
v -0.002391000045463443 -0.05931499972939491 0.2491769939661026
v -0.0011050000321120024 -0.059425000101327896 0.24247999489307404
v -0.002481000032275915 -0.05930100008845329 0.24987100064754486
v -0.002391000045463443 -0.05931499972939491 0.2491769939661026
v -0.0024339999072253704 -0.05931000038981438 0.24952399730682373
v -0.010215999558568 -0.051309000700712204 0.25527000427246094
v -0.0024339999072253704 -0.05931000038981438 0.24952399730682373
v -0.002391000045463443 -0.05931499972939491 0.2491769939661026
v -0.00171999994199723 -0.060492999851703644 0.2500210106372833
v -0.002391000045463443 -0.05931499972939491 0.2491769939661026
v -0.002481000032275915 -0.05930100008845329 0.24987100064754486
v -0.006417000200599432 -0.05378499999642372 0.24004699289798737
v -0.0011050000321120024 -0.059425000101327896 0.24247999489307404
v 0.001319000031799078 -0.059613000601530075 0.23538999259471893
v -0.006417000200599432 -0.05378499999642372 0.24004699289798737
v -0.010215999558568 -0.051309000700712204 0.25527000427246094
v -0.0011050000321120024 -0.059425000101327896 0.24247999489307404
v 0.004532999824732542 -0.059751998633146286 0.22882400453090668
v 0.001319000031799078 -0.059613000601530075 0.23538999259471893
v 0.0020260000601410866 -0.060759998857975006 0.2357189953327179
v -0.006417000200599432 -0.05378499999642372 0.24004699289798737
v 0.001319000031799078 -0.059613000601530075 0.23538999259471893
v 0.004532999824732542 -0.059751998633146286 0.22882400453090668
v 0.00950899999588728 -0.062130000442266464 0.22245900332927704
v 0.0020260000601410866 -0.060759998857975006 0.2357189953327179
v 0.001986999996006489 -0.06214600056409836 0.2357410043478012
v 0.008825999684631824 -0.05972300097346306 0.22203999757766724
v 0.004532999824732542 -0.059751998633146286 0.22882400453090668
v 0.0020260000601410866 -0.060759998857975006 0.2357189953327179
v 0.00950899999588728 -0.062130000442266464 0.22245900332927704
v 0.008825999684631824 -0.05972300097346306 0.22203999757766724
v 0.0020260000601410866 -0.060759998857975006 0.2357189953327179
v 0.00950899999588728 -0.062130000442266464 0.22245900332927704
v 0.001986999996006489 -0.06214600056409836 0.2357410043478012
v 0.0012169999536126852 -0.0632610023021698 0.23544800281524658
v 0.00950899999588728 -0.062130000442266464 0.22245900332927704
v 0.0012169999536126852 -0.0632610023021698 0.23544800281524658
v 0.007964000105857849 -0.06379300355911255 0.221327006816864
v 0.03617500141263008 -0.05790200084447861 0.19631099700927734
v 0.00950899999588728 -0.062130000442266464 0.22245900332927704
v 0.007964000105857849 -0.06379300355911255 0.221327006816864
v 0.020976999774575233 -0.06242699921131134 0.2066359966993332
v 0.007964000105857849 -0.06379300355911255 0.221327006816864
v 0.017280999571084976 -0.06323199719190598 0.20579899847507477
v 0.03558100014925003 -0.05837300047278404 0.1951490044593811
v 0.007964000105857849 -0.06379300355911255 0.221327006816864
v 0.020976999774575233 -0.06242699921131134 0.2066359966993332
v 0.03617500141263008 -0.05790200084447861 0.19631099700927734
v 0.007964000105857849 -0.06379300355911255 0.221327006816864
v 0.03558100014925003 -0.05837300047278404 0.1951490044593811
v 0.001062000053934753 -0.05468999966979027 0.22405000030994415
v 0.004532999824732542 -0.059751998633146286 0.22882400453090668
v 0.008825999684631824 -0.05972300097346306 0.22203999757766724
v 0.001062000053934753 -0.05468999966979027 0.22405000030994415
v -0.006417000200599432 -0.05378499999642372 0.24004699289798737
v 0.004532999824732542 -0.059751998633146286 0.22882400453090668
v 0.021455999463796616 -0.05843999981880188 0.20788800716400146
v 0.008825999684631824 -0.05972300097346306 0.22203999757766724
v 0.00950899999588728 -0.062130000442266464 0.22245900332927704
v 0.01573999971151352 -0.05469299852848053 0.20737600326538086
v 0.001062000053934753 -0.05468999966979027 0.22405000030994415
v 0.008825999684631824 -0.05972300097346306 0.22203999757766724
v 0.021455999463796616 -0.05843999981880188 0.20788800716400146
v 0.01573999971151352 -0.05469299852848053 0.20737600326538086
v 0.008825999684631824 -0.05972300097346306 0.22203999757766724
v 0.036313001066446304 -0.05688200145959854 0.19711600244045258
v 0.00950899999588728 -0.062130000442266464 0.22245900332927704
v 0.03617500141263008 -0.05790200084447861 0.19631099700927734
v 0.03542400151491165 -0.05469299852848053 0.1970749944448471
v 0.00950899999588728 -0.062130000442266464 0.22245900332927704
v 0.036313001066446304 -0.05688200145959854 0.19711600244045258
v 0.021455999463796616 -0.05843999981880188 0.20788800716400146
v 0.00950899999588728 -0.062130000442266464 0.22245900332927704
v 0.03542400151491165 -0.05469299852848053 0.1970749944448471
v 0.020976999774575233 -0.06242699921131134 0.2066359966993332
v 0.017280999571084976 -0.06323199719190598 0.20579899847507477
v 0.026743000373244286 -0.061448000371456146 0.19394999742507935
v 0.03558100014925003 -0.05837300047278404 0.1951490044593811
v 0.020976999774575233 -0.06242699921131134 0.2066359966993332
v 0.026743000373244286 -0.061448000371456146 0.19394999742507935
v 0.03617500141263008 -0.05790200084447861 0.19631099700927734
v 0.03558100014925003 -0.05837300047278404 0.1951490044593811
v 0.04189499840140343 -0.05554699897766113 0.19148600101470947
v 0.047853998839855194 -0.051649000495672226 0.19131599366664886
v 0.036313001066446304 -0.05688200145959854 0.19711600244045258
v 0.03617500141263008 -0.05790200084447861 0.19631099700927734
v 0.041423000395298004 -0.0523810014128685 0.19390800595283508
v 0.03542400151491165 -0.05469299852848053 0.1970749944448471
v 0.036313001066446304 -0.05688200145959854 0.19711600244045258
v 0.04688899964094162 -0.04975799843668938 0.1920190006494522
v 0.041423000395298004 -0.0523810014128685 0.19390800595283508
v 0.036313001066446304 -0.05688200145959854 0.19711600244045258
v 0.047853998839855194 -0.051649000495672226 0.19131599366664886
v 0.04688899964094162 -0.04975799843668938 0.1920190006494522
v 0.036313001066446304 -0.05688200145959854 0.19711600244045258
v 0.018866000697016716 -0.04662200063467026 0.20128299295902252
v 0.03542400151491165 -0.05469299852848053 0.1970749944448471
v 0.041423000395298004 -0.0523810014128685 0.19390800595283508
v 0.01573999971151352 -0.05469299852848053 0.20737600326538086
v 0.03542400151491165 -0.05469299852848053 0.1970749944448471
v 0.018866000697016716 -0.04662200063467026 0.20128299295902252
v 0.021455999463796616 -0.05843999981880188 0.20788800716400146
v 0.03542400151491165 -0.05469299852848053 0.1970749944448471
v 0.01573999971151352 -0.05469299852848053 0.20737600326538086
v 0.018866000697016716 -0.04662200063467026 0.20128299295902252
v 0.041423000395298004 -0.0523810014128685 0.19390800595283508
v 0.04688899964094162 -0.04975799843668938 0.1920190006494522
v 0.04739899933338165 -0.04949500039219856 0.1918960064649582
v 0.04688899964094162 -0.04975799843668938 0.1920190006494522
v 0.047853998839855194 -0.051649000495672226 0.19131599366664886
v 0.047944001853466034 -0.04793800041079521 0.19154100120067596
v 0.04688899964094162 -0.04975799843668938 0.1920190006494522
v 0.04739899933338165 -0.04949500039219856 0.1918960064649582
v 0.04685499891638756 -0.048204999417066574 0.19168399274349213
v 0.018866000697016716 -0.04662200063467026 0.20128299295902252
v 0.04688899964094162 -0.04975799843668938 0.1920190006494522
v 0.047944001853466034 -0.04793800041079521 0.19154100120067596
v 0.04685499891638756 -0.048204999417066574 0.19168399274349213
v 0.04688899964094162 -0.04975799843668938 0.1920190006494522
v 0.048858001828193665 -0.051079001277685165 0.1910189986228943
v 0.04739899933338165 -0.04949500039219856 0.1918960064649582
v 0.047853998839855194 -0.051649000495672226 0.19131599366664886
v 0.048858001828193665 -0.051079001277685165 0.1910189986228943
v 0.047901999205350876 -0.049233999103307724 0.19178099930286407
v 0.04739899933338165 -0.04949500039219856 0.1918960064649582
v 0.047944001853466034 -0.04793800041079521 0.19154100120067596
v 0.04739899933338165 -0.04949500039219856 0.1918960064649582
v 0.047901999205350876 -0.049233999103307724 0.19178099930286407
v 0.048833999782800674 -0.04879400134086609 0.1915760040283203
v 0.047901999205350876 -0.049233999103307724 0.19178099930286407
v 0.048858001828193665 -0.051079001277685165 0.1910189986228943
v 0.04977300018072128 -0.04832199960947037 0.19134099781513214
v 0.047901999205350876 -0.049233999103307724 0.19178099930286407
v 0.048833999782800674 -0.04879400134086609 0.1915760040283203
v 0.047944001853466034 -0.04793800041079521 0.19154100120067596
v 0.047901999205350876 -0.049233999103307724 0.19178099930286407
v 0.04977300018072128 -0.04832199960947037 0.19134099781513214
v 0.04977300018072128 -0.04832199960947037 0.19134099781513214
v 0.048833999782800674 -0.04879400134086609 0.1915760040283203
v 0.048858001828193665 -0.051079001277685165 0.1910189986228943
v 0.05067000165581703 -0.050009001046419144 0.19042399525642395
v 0.04977300018072128 -0.04832199960947037 0.19134099781513214
v 0.048858001828193665 -0.051079001277685165 0.1910189986228943
v 0.05130000039935112 -0.047478001564741135 0.19089899957180023
v 0.04977300018072128 -0.04832199960947037 0.19134099781513214
v 0.05067000165581703 -0.050009001046419144 0.19042399525642395
v 0.04976499825716019 -0.04747899994254112 0.19124199450016022
v 0.04977300018072128 -0.04832199960947037 0.19134099781513214
v 0.05130000039935112 -0.047478001564741135 0.19089899957180023
v 0.047944001853466034 -0.04793800041079521 0.19154100120067596
v 0.04977300018072128 -0.04832199960947037 0.19134099781513214
v 0.04976499825716019 -0.04747899994254112 0.19124199450016022
v 0.052682001143693924 -0.04659700021147728 0.19042199850082397
v 0.05130000039935112 -0.047478001564741135 0.19089899957180023
v 0.05067000165581703 -0.050009001046419144 0.19042399525642395
v 0.0528549998998642 -0.04666199907660484 0.1903589963912964
v 0.052682001143693924 -0.04659700021147728 0.19042199850082397
v 0.05067000165581703 -0.050009001046419144 0.19042399525642395
v 0.05302099883556366 -0.046727001667022705 0.19028599560260773
v 0.0528549998998642 -0.04666199907660484 0.1903589963912964
v 0.05067000165581703 -0.050009001046419144 0.19042399525642395
v 0.05363500118255615 -0.047988999634981155 0.18913200497627258
v 0.05302099883556366 -0.046727001667022705 0.19028599560260773
v 0.05067000165581703 -0.050009001046419144 0.19042399525642395
v 0.051270000636577606 -0.046626001596450806 0.19085800647735596
v 0.05130000039935112 -0.047478001564741135 0.19089899957180023
v 0.052682001143693924 -0.04659700021147728 0.19042199850082397
v 0.04976699873805046 -0.04663199931383133 0.19119900465011597
v 0.04976499825716019 -0.04747899994254112 0.19124199450016022
v 0.05130000039935112 -0.047478001564741135 0.19089899957180023
v 0.051270000636577606 -0.046626001596450806 0.19085800647735596
v 0.04976699873805046 -0.04663199931383133 0.19119900465011597
v 0.05130000039935112 -0.047478001564741135 0.19089899957180023
v 0.052956998348236084 -0.046500999480485916 0.190311998128891
v 0.052682001143693924 -0.04659700021147728 0.19042199850082397
v 0.0528549998998642 -0.04666199907660484 0.1903589963912964
v 0.052786000072956085 -0.046434998512268066 0.19036999344825745
v 0.051270000636577606 -0.046626001596450806 0.19085800647735596
v 0.052682001143693924 -0.04659700021147728 0.19042199850082397
v 0.052956998348236084 -0.046500999480485916 0.190311998128891
v 0.052786000072956085 -0.046434998512268066 0.19036999344825745
v 0.052682001143693924 -0.04659700021147728 0.19042199850082397
v 0.052956998348236084 -0.046500999480485916 0.190311998128891
v 0.0528549998998642 -0.04666199907660484 0.1903589963912964
v 0.05302099883556366 -0.046727001667022705 0.19028599560260773
v 0.05375099927186966 -0.04699400067329407 0.18977800011634827
v 0.05302099883556366 -0.046727001667022705 0.19028599560260773
v 0.05363500118255615 -0.047988999634981155 0.18913200497627258
v 0.05375099927186966 -0.04699400067329407 0.18977800011634827
v 0.05415499955415726 -0.04607300087809563 0.18950200080871582
v 0.05302099883556366 -0.046727001667022705 0.19028599560260773
v 0.052956998348236084 -0.046500999480485916 0.190311998128891
v 0.05302099883556366 -0.046727001667022705 0.19028599560260773
v 0.05415499955415726 -0.04607300087809563 0.18950200080871582
v 0.05375099927186966 -0.04699400067329407 0.18977800011634827
v 0.05363500118255615 -0.047988999634981155 0.18913200497627258
v 0.054235998541116714 -0.047242000699043274 0.18910500407218933
v 0.05454099923372269 -0.04742100089788437 0.1879580020904541
v 0.054235998541116714 -0.047242000699043274 0.18910500407218933
v 0.05363500118255615 -0.047988999634981155 0.18913200497627258
v 0.047944001853466034 -0.04793800041079521 0.19154100120067596
v 0.04976499825716019 -0.04747899994254112 0.19124199450016022
v 0.04976699873805046 -0.04663199931383133 0.19119900465011597
v 0.052786000072956085 -0.046434998512268066 0.19036999344825745
v 0.04976699873805046 -0.04663199931383133 0.19119900465011597
v 0.051270000636577606 -0.046626001596450806 0.19085800647735596
v 0.052786000072956085 -0.046434998512268066 0.19036999344825745
v 0.05288200080394745 -0.04627799987792969 0.19030800461769104
v 0.04976699873805046 -0.04663199931383133 0.19119900465011597
v 0.04972900077700615 -0.04573199898004532 0.1910019963979721
v 0.04976699873805046 -0.04663199931383133 0.19119900465011597
v 0.05288200080394745 -0.04627799987792969 0.19030800461769104
v 0.048923999071121216 -0.04662900045514107 0.19133299589157104
v 0.04976699873805046 -0.04663199931383133 0.19119900465011597
v 0.04972900077700615 -0.04573199898004532 0.1910019963979721
v 0.048923999071121216 -0.04662900045514107 0.19133299589157104
v 0.047944001853466034 -0.04793800041079521 0.19154100120067596
v 0.04976699873805046 -0.04663199931383133 0.19119900465011597
v 0.04972900077700615 -0.04573199898004532 0.1910019963979721
v 0.05116799846291542 -0.04499100148677826 0.1901170015335083
v 0.04963099956512451 -0.04498500004410744 0.19047099351882935
v 0.0480399988591671 -0.04572800174355507 0.19122600555419922
v 0.04972900077700615 -0.04573199898004532 0.1910019963979721
v 0.04963099956512451 -0.04498500004410744 0.19047099351882935
v 0.047986000776290894 -0.04499100148677826 0.19069300591945648
v 0.04963099956512451 -0.04498500004410744 0.19047099351882935
v 0.048820000141859055 -0.04498700052499771 0.19059999287128448
v 0.0480399988591671 -0.04572800174355507 0.19122600555419922
v 0.04963099956512451 -0.04498500004410744 0.19047099351882935
v 0.047986000776290894 -0.04499100148677826 0.19069300591945648
v 0.04972900077700615 -0.04573199898004532 0.1910019963979721
v 0.052712999284267426 -0.0450269989669323 0.1896120011806488
v 0.05116799846291542 -0.04499100148677826 0.1901170015335083
v 0.05057400092482567 -0.03890100121498108 0.18772700428962708
v 0.05116799846291542 -0.04499100148677826 0.1901170015335083
v 0.052712999284267426 -0.0450269989669323 0.1896120011806488
v 0.04972900077700615 -0.04573199898004532 0.1910019963979721
v 0.05283400043845177 -0.045593999326229095 0.1900549978017807
v 0.052712999284267426 -0.0450269989669323 0.1896120011806488
v 0.05311400070786476 -0.04504099860787392 0.18945099413394928
v 0.052712999284267426 -0.0450269989669323 0.1896120011806488
v 0.05283400043845177 -0.045593999326229095 0.1900549978017807
v 0.05311400070786476 -0.04504099860787392 0.18945099413394928
v 0.05057400092482567 -0.03890100121498108 0.18772700428962708
v 0.052712999284267426 -0.0450269989669323 0.1896120011806488
v 0.04972900077700615 -0.04573199898004532 0.1910019963979721
v 0.05288200080394745 -0.04627799987792969 0.19030800461769104
v 0.05283400043845177 -0.045593999326229095 0.1900549978017807
v 0.053293999284505844 -0.045591000467538834 0.18986199796199799
v 0.05283400043845177 -0.045593999326229095 0.1900549978017807
v 0.05288200080394745 -0.04627799987792969 0.19030800461769104
v 0.05311400070786476 -0.04504099860787392 0.18945099413394928
v 0.05283400043845177 -0.045593999326229095 0.1900549978017807
v 0.05349599942564964 -0.04504900053143501 0.18927699327468872
v 0.053293999284505844 -0.045591000467538834 0.18986199796199799
v 0.05349599942564964 -0.04504900053143501 0.18927699327468872
v 0.05283400043845177 -0.045593999326229095 0.1900549978017807
v 0.052956998348236084 -0.046500999480485916 0.190311998128891
v 0.05288200080394745 -0.04627799987792969 0.19030800461769104
v 0.052786000072956085 -0.046434998512268066 0.19036999344825745
v 0.05415499955415726 -0.04607300087809563 0.18950200080871582
v 0.053293999284505844 -0.045591000467538834 0.18986199796199799
v 0.05288200080394745 -0.04627799987792969 0.19030800461769104
v 0.052956998348236084 -0.046500999480485916 0.190311998128891
v 0.05415499955415726 -0.04607300087809563 0.18950200080871582
v 0.05288200080394745 -0.04627799987792969 0.19030800461769104
v 0.04806400090456009 -0.04662400111556053 0.19143100082874298
v 0.04972900077700615 -0.04573199898004532 0.1910019963979721
v 0.0480399988591671 -0.04572800174355507 0.19122600555419922
v 0.048923999071121216 -0.04662900045514107 0.19133299589157104
v 0.04972900077700615 -0.04573199898004532 0.1910019963979721
v 0.04806400090456009 -0.04662400111556053 0.19143100082874298
v 0.047846999019384384 -0.042750999331474304 0.1890140026807785
v 0.047986000776290894 -0.04499100148677826 0.19069300591945648
v 0.048820000141859055 -0.04498700052499771 0.19059999287128448
v -0.05460200086236 0.01223399955779314 0.25547900795936584
v -0.061170000582933426 0.006448000203818083 0.24576599895954132
v -0.06116500124335289 -0.006453999783843756 0.24577699601650238
v 0.0479779988527298 -0.04573100060224533 0.19123299419879913
v 0.0480399988591671 -0.04572800174355507 0.19122600555419922
v 0.047986000776290894 -0.04499100148677826 0.19069300591945648
v 0.053853001445531845 -0.044902998954057693 0.18890799582004547
v 0.052969999611377716 -0.03795500099658966 0.18682199716567993
v 0.05057400092482567 -0.03890100121498108 0.18772700428962708
v 0.05538700148463249 -0.03175000101327896 0.1864279955625534
v 0.05057400092482567 -0.03890100121498108 0.18772700428962708
v 0.052969999611377716 -0.03795500099658966 0.18682199716567993
v 0.05349599942564964 -0.04504900053143501 0.18927699327468872
v 0.053853001445531845 -0.044902998954057693 0.18890799582004547
v 0.05057400092482567 -0.03890100121498108 0.18772700428962708
v 0.05311400070786476 -0.04504099860787392 0.18945099413394928
v 0.05349599942564964 -0.04504900053143501 0.18927699327468872
v 0.05057400092482567 -0.03890100121498108 0.18772700428962708
v 0.05532500147819519 -0.04334099963307381 0.1862500011920929
v 0.05487700179219246 -0.0372450016438961 0.18554599583148956
v 0.052969999611377716 -0.03795500099658966 0.18682199716567993
v 0.05538700148463249 -0.03175000101327896 0.1864279955625534
v 0.052969999611377716 -0.03795500099658966 0.18682199716567993
v 0.05487700179219246 -0.0372450016438961 0.18554599583148956
v 0.05409799888730049 -0.04470599815249443 0.18853400647640228
v 0.05532500147819519 -0.04334099963307381 0.1862500011920929
v 0.052969999611377716 -0.03795500099658966 0.18682199716567993
v 0.053853001445531845 -0.044902998954057693 0.18890799582004547
v 0.05409799888730049 -0.04470599815249443 0.18853400647640228
v 0.052969999611377716 -0.03795500099658966 0.18682199716567993
v 0.05630199983716011 -0.04227900132536888 0.18404999375343323
v 0.05579200014472008 -0.039542000740766525 0.18378299474716187
v 0.05487700179219246 -0.0372450016438961 0.18554599583148956
v 0.05532500147819519 -0.04334099963307381 0.1862500011920929
v 0.05630199983716011 -0.04227900132536888 0.18404999375343323
v 0.05487700179219246 -0.0372450016438961 0.18554599583148956
v 0.0585240013897419 -0.038968998938798904 0.1774349957704544
v 0.05579200014472008 -0.039542000740766525 0.18378299474716187
v 0.05630199983716011 -0.04227900132536888 0.18404999375343323
v 0.055153001099824905 -0.04605700075626373 0.1879200041294098
v 0.05630199983716011 -0.04227900132536888 0.18404999375343323
v 0.05532500147819519 -0.04334099963307381 0.1862500011920929
v 0.05657799914479256 -0.04331300035119057 0.18347999453544617
v 0.05630199983716011 -0.04227900132536888 0.18404999375343323
v 0.055153001099824905 -0.04605700075626373 0.1879200041294098
v 0.0585240013897419 -0.038968998938798904 0.1774349957704544
v 0.05630199983716011 -0.04227900132536888 0.18404999375343323
v 0.05657799914479256 -0.04331300035119057 0.18347999453544617
v 0.055153001099824905 -0.04605700075626373 0.1879200041294098
v 0.05532500147819519 -0.04334099963307381 0.1862500011920929
v 0.05409799888730049 -0.04470599815249443 0.18853400647640228
v 0.05349599942564964 -0.04504900053143501 0.18927699327468872
v 0.05409799888730049 -0.04470599815249443 0.18853400647640228
v 0.053853001445531845 -0.044902998954057693 0.18890799582004547
v 0.05415499955415726 -0.04607300087809563 0.18950200080871582
v 0.05409799888730049 -0.04470599815249443 0.18853400647640228
v 0.05349599942564964 -0.04504900053143501 0.18927699327468872
v 0.055153001099824905 -0.04605700075626373 0.1879200041294098
v 0.05409799888730049 -0.04470599815249443 0.18853400647640228
v 0.05415499955415726 -0.04607300087809563 0.18950200080871582
v 0.05415499955415726 -0.04607300087809563 0.18950200080871582
v 0.05349599942564964 -0.04504900053143501 0.18927699327468872
v 0.053293999284505844 -0.045591000467538834 0.18986199796199799
v 0.05375099927186966 -0.04699400067329407 0.18977800011634827
v 0.054235998541116714 -0.047242000699043274 0.18910500407218933
v 0.05415499955415726 -0.04607300087809563 0.18950200080871582
v 0.055153001099824905 -0.04605700075626373 0.1879200041294098
v 0.05415499955415726 -0.04607300087809563 0.18950200080871582
v 0.054235998541116714 -0.047242000699043274 0.18910500407218933
v 0.055153001099824905 -0.04605700075626373 0.1879200041294098
v 0.054235998541116714 -0.047242000699043274 0.18910500407218933
v 0.05454099923372269 -0.04742100089788437 0.1879580020904541
v 0.04681999981403351 -0.04572699964046478 0.19133999943733215
v 0.04792900010943413 -0.04499199986457825 0.19069799780845642
v 0.04734700173139572 -0.04499199986457825 0.19075000286102295
v -0.05460200086236 0.01223399955779314 0.25547900795936584
v -0.06116500124335289 -0.006453999783843756 0.24577699601650238
v -0.05460200086236 -0.01223399955779314 0.25547900795936584
v 0.04681999981403351 -0.04572699964046478 0.19133999943733215
v 0.0479779988527298 -0.04573100060224533 0.19123299419879913
v 0.04792900010943413 -0.04499199986457825 0.19069799780845642
v 0.04681999981403351 -0.04572699964046478 0.19133999943733215
v 0.04734700173139572 -0.04499199986457825 0.19075000286102295
v 0.0467660017311573 -0.04499199986457825 0.19080699980258942
v 0.04681999981403351 -0.04572699964046478 0.19133999943733215
v 0.0467660017311573 -0.04499199986457825 0.19080699980258942
v 0.03202499821782112 -0.044992998242378235 0.19407899677753448
v 0.018866000697016716 -0.04662200063467026 0.20128299295902252
v 0.03202499821782112 -0.044992998242378235 0.19407899677753448
v 0.018425999209284782 -0.044992998242378235 0.20068299770355225
v 0.04681999981403351 -0.04572699964046478 0.19133999943733215
v 0.03202499821782112 -0.044992998242378235 0.19407899677753448
v 0.04684099927544594 -0.04662099853157997 0.1915459930896759
v 0.018866000697016716 -0.04662200063467026 0.20128299295902252
v 0.04684099927544594 -0.04662099853157997 0.1915459930896759
v 0.03202499821782112 -0.044992998242378235 0.19407899677753448
v -0.0016710000345483422 -0.046620000153779984 0.2224539965391159
v 0.018866000697016716 -0.04662200063467026 0.20128299295902252
v 0.018425999209284782 -0.044992998242378235 0.20068299770355225
v 0.0479779988527298 -0.04573100060224533 0.19123299419879913
v 0.047986000776290894 -0.04499100148677826 0.19069300591945648
v 0.04792900010943413 -0.04499199986457825 0.19069799780845642
v -0.06116500124335289 -0.006453999783843756 0.24577699601650238
v -0.05942000076174736 -0.01675800047814846 0.2475080043077469
v -0.05460200086236 -0.01223399955779314 0.25547900795936584
v -0.05190100148320198 -0.03175000101327896 0.25170499086380005
v -0.050592999905347824 -0.037358999252319336 0.24658900499343872
v -0.048920001834630966 -0.03612399846315384 0.2519319951534271
v 0.04799899831414223 -0.046622999012470245 0.19143599271774292
v 0.04806400090456009 -0.04662400111556053 0.19143100082874298
v 0.0480399988591671 -0.04572800174355507 0.19122600555419922
v 0.0479779988527298 -0.04573100060224533 0.19123299419879913
v 0.04799899831414223 -0.046622999012470245 0.19143599271774292
v 0.0480399988591671 -0.04572800174355507 0.19122600555419922
v -0.05426499992609024 0.012458999641239643 0.25582000613212585
v -0.05460200086236 -0.01223399955779314 0.25547900795936584
v -0.05425399914383888 -0.012466000393033028 0.2558310031890869
v 0.048923999071121216 -0.04662900045514107 0.19133299589157104
v 0.04806400090456009 -0.04662400111556053 0.19143100082874298
v 0.047944001853466034 -0.04793800041079521 0.19154100120067596
v -0.05460200086236 -0.01223399955779314 0.25547900795936584
v -0.05942000076174736 -0.01675800047814846 0.2475080043077469
v -0.05190100148320198 -0.03175000101327896 0.25170499086380005
v 0.047944001853466034 -0.04793800041079521 0.19154100120067596
v 0.04806400090456009 -0.04662400111556053 0.19143100082874298
v 0.04799899831414223 -0.046622999012470245 0.19143599271774292
v 0.04684099927544594 -0.04662099853157997 0.1915459930896759
v 0.04799899831414223 -0.046622999012470245 0.19143599271774292
v 0.0479779988527298 -0.04573100060224533 0.19123299419879913
v 0.04684099927544594 -0.04662099853157997 0.1915459930896759
v 0.04742199927568436 -0.04662200063467026 0.19148899614810944
v 0.04799899831414223 -0.046622999012470245 0.19143599271774292
v 0.04685499891638756 -0.048204999417066574 0.19168399274349213
v 0.04799899831414223 -0.046622999012470245 0.19143599271774292
v 0.04742199927568436 -0.04662200063467026 0.19148899614810944
v 0.047944001853466034 -0.04793800041079521 0.19154100120067596
v 0.04799899831414223 -0.046622999012470245 0.19143599271774292
v 0.04685499891638756 -0.048204999417066574 0.19168399274349213
v 0.04681999981403351 -0.04572699964046478 0.19133999943733215
v 0.04684099927544594 -0.04662099853157997 0.1915459930896759
v 0.0479779988527298 -0.04573100060224533 0.19123299419879913
v 0.04685499891638756 -0.048204999417066574 0.19168399274349213
v 0.04742199927568436 -0.04662200063467026 0.19148899614810944
v 0.04684099927544594 -0.04662099853157997 0.1915459930896759
v 0.04685499891638756 -0.048204999417066574 0.19168399274349213
v 0.04684099927544594 -0.04662099853157997 0.1915459930896759
v 0.018866000697016716 -0.04662200063467026 0.20128299295902252
v 0.01573999971151352 -0.05469299852848053 0.20737600326538086
v 0.018866000697016716 -0.04662200063467026 0.20128299295902252
v -0.0016710000345483422 -0.046620000153779984 0.2224539965391159
v -0.0009139999747276306 -0.05093500018119812 0.2228890061378479
v -0.0016710000345483422 -0.046620000153779984 0.2224539965391159
v -0.009743000380694866 -0.04670599848031998 0.24108600616455078
v 0.01573999971151352 -0.05469299852848053 0.20737600326538086
v -0.0016710000345483422 -0.046620000153779984 0.2224539965391159
v 0.001062000053934753 -0.05468999966979027 0.22405000030994415
v -0.0009139999747276306 -0.05093500018119812 0.2228890061378479
v 0.001062000053934753 -0.05468999966979027 0.22405000030994415
v -0.0016710000345483422 -0.046620000153779984 0.2224539965391159
v -0.006417000200599432 -0.05378499999642372 0.24004699289798737
v -0.009743000380694866 -0.04670599848031998 0.24108600616455078
v -0.012060999870300293 -0.04669399932026863 0.25295698642730713
v 0.001062000053934753 -0.05468999966979027 0.22405000030994415
v -0.009743000380694866 -0.04670599848031998 0.24108600616455078
v -0.006417000200599432 -0.05378499999642372 0.24004699289798737
v -0.0009139999747276306 -0.05093500018119812 0.2228890061378479
v -0.009743000380694866 -0.04670599848031998 0.24108600616455078
v 0.001062000053934753 -0.05468999966979027 0.22405000030994415
v -0.010215999558568 -0.051309000700712204 0.25527000427246094
v -0.012060999870300293 -0.04669399932026863 0.25295698642730713
v -0.01256600022315979 -0.0465719997882843 0.26040101051330566
v -0.006417000200599432 -0.05378499999642372 0.24004699289798737
v -0.012060999870300293 -0.04669399932026863 0.25295698642730713
v -0.010215999558568 -0.051309000700712204 0.25527000427246094
v -0.012906000018119812 -0.045781999826431274 0.26515600085258484
v -0.012415999546647072 -0.04644300043582916 0.26501700282096863
v -0.01256600022315979 -0.0465719997882843 0.26040101051330566
v -0.011297999881207943 -0.049198001623153687 0.2615239918231964
v -0.01256600022315979 -0.0465719997882843 0.26040101051330566
v -0.012415999546647072 -0.04644300043582916 0.26501700282096863
v -0.010215999558568 -0.051309000700712204 0.25527000427246094
v -0.01256600022315979 -0.0465719997882843 0.26040101051330566
v -0.011297999881207943 -0.049198001623153687 0.2615239918231964
v -0.012312999926507473 -0.04648200049996376 0.2655639946460724
v -0.012415999546647072 -0.04644300043582916 0.26501700282096863
v -0.012906000018119812 -0.045781999826431274 0.26515600085258484
v -0.00724499998614192 -0.05462300032377243 0.26193898916244507
v -0.012415999546647072 -0.04644300043582916 0.26501700282096863
v -0.012312999926507473 -0.04648200049996376 0.2655639946460724
v -0.011297999881207943 -0.049198001623153687 0.2615239918231964
v -0.012415999546647072 -0.04644300043582916 0.26501700282096863
v -0.00724499998614192 -0.05462300032377243 0.26193898916244507
v -0.012203999795019627 -0.04652100056409836 0.2661130130290985
v -0.012312999926507473 -0.04648200049996376 0.2655639946460724
v -0.012906000018119812 -0.045781999826431274 0.26515600085258484
v -0.012667999602854252 -0.045862000435590744 0.2664470076560974
v -0.012203999795019627 -0.04652100056409836 0.2661130130290985
v -0.012906000018119812 -0.045781999826431274 0.26515600085258484
v -0.00724499998614192 -0.05462300032377243 0.26193898916244507
v -0.012312999926507473 -0.04648200049996376 0.2655639946460724
v -0.012203999795019627 -0.04652100056409836 0.2661130130290985
v -0.012803999707102776 -0.045882001519203186 0.26735401153564453
v -0.012203999795019627 -0.04652100056409836 0.2661130130290985
v -0.012667999602854252 -0.045862000435590744 0.2664470076560974
v -0.012248000130057335 -0.04650599882006645 0.26698100566864014
v -0.00724499998614192 -0.05462300032377243 0.26193898916244507
v -0.012203999795019627 -0.04652100056409836 0.2661130130290985
v -0.012803999707102776 -0.045882001519203186 0.26735401153564453
v -0.012248000130057335 -0.04650599882006645 0.26698100566864014
v -0.012203999795019627 -0.04652100056409836 0.2661130130290985
v -0.010215999558568 -0.051309000700712204 0.25527000427246094
v -0.002481000032275915 -0.05930100008845329 0.24987100064754486
v -0.0024339999072253704 -0.05931000038981438 0.24952399730682373
v -0.003745999885722995 -0.05846099928021431 0.25527000427246094
v -0.002481000032275915 -0.05930100008845329 0.24987100064754486
v -0.0029899999499320984 -0.059046998620033264 0.2526110112667084
v -0.010215999558568 -0.051309000700712204 0.25527000427246094
v -0.0029899999499320984 -0.059046998620033264 0.2526110112667084
v -0.002481000032275915 -0.05930100008845329 0.24987100064754486
v -0.00171999994199723 -0.060492999851703644 0.2500210106372833
v -0.002481000032275915 -0.05930100008845329 0.24987100064754486
v -0.003745999885722995 -0.05846099928021431 0.25527000427246094
v -0.010215999558568 -0.051309000700712204 0.25527000427246094
v -0.003745999885722995 -0.05846099928021431 0.25527000427246094
v -0.0029899999499320984 -0.059046998620033264 0.2526110112667084
v -0.011297999881207943 -0.049198001623153687 0.2615239918231964
v -0.006649000104516745 -0.05537699908018112 0.26111900806427
v -0.003745999885722995 -0.05846099928021431 0.25527000427246094
v -0.006816999986767769 -0.05743800103664398 0.2629289925098419
v -0.003745999885722995 -0.05846099928021431 0.25527000427246094
v -0.006649000104516745 -0.05537699908018112 0.26111900806427
v -0.010215999558568 -0.051309000700712204 0.25527000427246094
v -0.011297999881207943 -0.049198001623153687 0.2615239918231964
v -0.003745999885722995 -0.05846099928021431 0.25527000427246094
v -0.006816999986767769 -0.05743800103664398 0.2629289925098419
v -0.00171999994199723 -0.060492999851703644 0.2500210106372833
v -0.003745999885722995 -0.05846099928021431 0.25527000427246094
v -0.011297999881207943 -0.049198001623153687 0.2615239918231964
v -0.00724499998614192 -0.05462300032377243 0.26193898916244507
v -0.006649000104516745 -0.05537699908018112 0.26111900806427
v -0.012248000130057335 -0.04650599882006645 0.26698100566864014
v -0.006649000104516745 -0.05537699908018112 0.26111900806427
v -0.00724499998614192 -0.05462300032377243 0.26193898916244507
v -0.012567000463604927 -0.04662799835205078 0.2677780091762543
v -0.006816999986767769 -0.05743800103664398 0.2629289925098419
v -0.006649000104516745 -0.05537699908018112 0.26111900806427
v -0.012248000130057335 -0.04650599882006645 0.26698100566864014
v -0.012567000463604927 -0.04662799835205078 0.2677780091762543
v -0.006649000104516745 -0.05537699908018112 0.26111900806427
v -0.006816999986767769 -0.05743800103664398 0.2629289925098419
v -0.001803999999538064 -0.06190500035881996 0.25005999207496643
v -0.00171999994199723 -0.060492999851703644 0.2500210106372833
v -0.006816999986767769 -0.05743800103664398 0.2629289925098419
v -0.0027050001081079245 -0.06300599873065948 0.24997200071811676
v -0.001803999999538064 -0.06190500035881996 0.25005999207496643
v -0.00914399977773428 -0.05878400057554245 0.2623319923877716
v -0.004081999883055687 -0.06335800141096115 0.2497899979352951
v -0.0027050001081079245 -0.06300599873065948 0.24997200071811676
v -0.006816999986767769 -0.05743800103664398 0.2629289925098419
v -0.00914399977773428 -0.05878400057554245 0.2623319923877716
v -0.0027050001081079245 -0.06300599873065948 0.24997200071811676
v -0.011504000052809715 -0.05861100181937218 0.26076701283454895
v -0.004081999883055687 -0.06335800141096115 0.2497899979352951
v -0.00914399977773428 -0.05878400057554245 0.2623319923877716
v -0.012546000070869923 -0.05398700013756752 0.2661159932613373
v -0.00914399977773428 -0.05878400057554245 0.2623319923877716
v -0.006816999986767769 -0.05743800103664398 0.2629289925098419
v -0.011504000052809715 -0.05861100181937218 0.26076701283454895
v -0.00914399977773428 -0.05878400057554245 0.2623319923877716
v -0.012546000070869923 -0.05398700013756752 0.2661159932613373
v -0.015961000695824623 -0.04735000059008598 0.26834800839424133
v -0.012546000070869923 -0.05398700013756752 0.2661159932613373
v -0.006816999986767769 -0.05743800103664398 0.2629289925098419
v -0.014101999811828136 -0.04706199839711189 0.2688109874725342
v -0.015961000695824623 -0.04735000059008598 0.26834800839424133
v -0.006816999986767769 -0.05743800103664398 0.2629289925098419
v -0.012567000463604927 -0.04662799835205078 0.2677780091762543
v -0.014101999811828136 -0.04706199839711189 0.2688109874725342
v -0.006816999986767769 -0.05743800103664398 0.2629289925098419
v -0.014290000312030315 -0.05361099913716316 0.2651500105857849
v -0.012546000070869923 -0.05398700013756752 0.2661159932613373
v -0.015961000695824623 -0.04735000059008598 0.26834800839424133
v -0.014290000312030315 -0.05361099913716316 0.2651500105857849
v -0.011504000052809715 -0.05861100181937218 0.26076701283454895
v -0.012546000070869923 -0.05398700013756752 0.2661159932613373
v -0.015286999754607677 -0.045653000473976135 0.26842001080513
v -0.015961000695824623 -0.04735000059008598 0.26834800839424133
v -0.014101999811828136 -0.04706199839711189 0.2688109874725342
v -0.01603800058364868 -0.047315001487731934 0.26830899715423584
v -0.015961000695824623 -0.04735000059008598 0.26834800839424133
v -0.015286999754607677 -0.045653000473976135 0.26842001080513
v -0.014290000312030315 -0.05361099913716316 0.2651500105857849
v -0.015961000695824623 -0.04735000059008598 0.26834800839424133
v -0.01603800058364868 -0.047315001487731934 0.26830899715423584
v -0.015286999754607677 -0.045653000473976135 0.26842001080513
v -0.014101999811828136 -0.04706199839711189 0.2688109874725342
v -0.012567000463604927 -0.04662799835205078 0.2677780091762543
v -0.012803999707102776 -0.045882001519203186 0.26735401153564453
v -0.012567000463604927 -0.04662799835205078 0.2677780091762543
v -0.012248000130057335 -0.04650599882006645 0.26698100566864014
v -0.014759000390768051 -0.04513600096106529 0.2678320109844208
v -0.012567000463604927 -0.04662799835205078 0.2677780091762543
v -0.012803999707102776 -0.045882001519203186 0.26735401153564453
v -0.014759000390768051 -0.04513600096106529 0.2678320109844208
v -0.015286999754607677 -0.045653000473976135 0.26842001080513
v -0.012567000463604927 -0.04662799835205078 0.2677780091762543
v -0.02510800026357174 -0.05362299829721451 0.2569980025291443
v -0.011504000052809715 -0.05861100181937218 0.26076701283454895
v -0.014290000312030315 -0.05361099913716316 0.2651500105857849
v -0.04299699887633324 -0.03175000101327896 0.26051899790763855
v -0.03781300038099289 -0.04500799998641014 0.25558799505233765
v -0.030995000153779984 -0.03477700054645538 0.2644979953765869
v -0.048920001834630966 -0.03612399846315384 0.2519319951534271
v -0.03781300038099289 -0.04500799998641014 0.25558799505233765
v -0.04299699887633324 -0.03175000101327896 0.26051899790763855
v -0.048920001834630966 -0.03612399846315384 0.2519319951534271
v -0.050592999905347824 -0.037358999252319336 0.24658900499343872
v -0.03781300038099289 -0.04500799998641014 0.25558799505233765
v -0.03679100051522255 -0.0317469984292984 0.2633799910545349
v -0.030995000153779984 -0.03477700054645538 0.2644979953765869
v -0.030267000198364258 -0.03375000134110451 0.2648850083351135
v -0.03679100051522255 -0.0317469984292984 0.2633799910545349
v -0.04299699887633324 -0.03175000101327896 0.26051899790763855
v -0.030995000153779984 -0.03477700054645538 0.2644979953765869
v -0.03800100088119507 -0.028061000630259514 0.2638939917087555
v -0.04299699887633324 -0.03175000101327896 0.26051899790763855
v -0.03679100051522255 -0.0317469984292984 0.2633799910545349
v -0.05190100148320198 -0.03175000101327896 0.25170499086380005
v -0.048920001834630966 -0.03612399846315384 0.2519319951534271
v -0.04299699887633324 -0.03175000101327896 0.26051899790763855
v -0.05425399914383888 -0.012466000393033028 0.2558310031890869
v -0.04299699887633324 -0.03175000101327896 0.26051899790763855
v -0.03800100088119507 -0.028061000630259514 0.2638939917087555
v -0.05460200086236 -0.01223399955779314 0.25547900795936584
v -0.05190100148320198 -0.03175000101327896 0.25170499086380005
v -0.04299699887633324 -0.03175000101327896 0.26051899790763855
v -0.05425399914383888 -0.012466000393033028 0.2558310031890869
v -0.05460200086236 -0.01223399955779314 0.25547900795936584
v -0.04299699887633324 -0.03175000101327896 0.26051899790763855
vt 0.908043384552002 0.2871592044830322
vt 0.8192815780639648 0.30063799023628235
vt 0.8223463296890259 0.3022514879703522
vt 0.8155472874641418 0.2993130087852478
vt 0.8223463296890259 0.3022514879703522
vt 0.8192815780639648 0.30063799023628235
vt 0.8230369091033936 0.7336937189102173
vt 0.8223463296890259 0.3022514879703522
vt 0.8223463296890259 0.7339925765991211
vt 0.8216841816902161 0.30258721113204956
vt 0.8223463296890259 0.7339925765991211
vt 0.8223463296890259 0.3022514879703522
vt 0.8237276077270508 0.7333946824073792
vt 0.8223463296890259 0.3022514879703522
vt 0.8230369091033936 0.7336937189102173
vt 0.908043384552002 0.2871592044830322
vt 0.8223463296890259 0.3022514879703522
vt 0.8237276077270508 0.7333946824073792
vt 0.8155472874641418 0.2993130087852478
vt 0.8216841816902161 0.30258721113204956
vt 0.8223463296890259 0.3022514879703522
vt 0.908043384552002 0.2871592044830322
vt 0.8162165284156799 0.2989802062511444
vt 0.8192815780639648 0.30063799023628235
vt 0.8155472874641418 0.2993130087852478
vt 0.8192815780639648 0.30063799023628235
vt 0.8162165284156799 0.2989802062511444
vt 0.908043384552002 0.2871592044830322
vt 0.8323649764060974 0.2871811091899872
vt 0.8162165284156799 0.2989802062511444
vt 0.7660256028175354 0.2421911060810089
vt 0.8162165284156799 0.2989802062511444
vt 0.8323649764060974 0.2871811091899872
vt 0.809809684753418 0.2969259023666382
vt 0.8155472874641418 0.2993130087852478
vt 0.8162165284156799 0.2989802062511444
vt 0.8138983845710754 0.29773879051208496
vt 0.809809684753418 0.2969259023666382
vt 0.8162165284156799 0.2989802062511444
vt 0.7660256028175354 0.2421911060810089
vt 0.8138983845710754 0.29773879051208496
vt 0.8162165284156799 0.2989802062511444
vt 0.908043384552002 0.2871592044830322
vt 0.8496348261833191 0.2698689103126526
vt 0.8323649764060974 0.2871811091899872
vt 0.8203634023666382 0.23852169513702393
vt 0.8323649764060974 0.2871811091899872
vt 0.8496348261833191 0.2698689103126526
vt 0.8203634023666382 0.23852169513702393
vt 0.7660256028175354 0.2421911060810089
vt 0.8323649764060974 0.2871811091899872
vt 0.908043384552002 0.2871592044830322
vt 0.8696638941764832 0.2525014877319336
vt 0.8496348261833191 0.2698689103126526
vt 0.8376333713531494 0.24122239649295807
vt 0.8496348261833191 0.2698689103126526
vt 0.8696638941764832 0.2525014877319336
vt 0.8376333713531494 0.24122239649295807
vt 0.8203634023666382 0.23852169513702393
vt 0.8496348261833191 0.2698689103126526
vt 0.9737172722816467 0.3327324092388153
vt 0.9265468716621399 0.30365800857543945
vt 0.8696638941764832 0.2525014877319336
vt 0.8473563194274902 0.22521010041236877
vt 0.8696638941764832 0.2525014877319336
vt 0.9265468716621399 0.30365800857543945
vt 0.908043384552002 0.2871592044830322
vt 0.9737172722816467 0.3327324092388153
vt 0.8696638941764832 0.2525014877319336
vt 0.8473563194274902 0.22521010041236877
vt 0.8376333713531494 0.24122239649295807
vt 0.8696638941764832 0.2525014877319336
vt 1 0.42947739362716675
vt 0.9484049081802368 0.39742371439933777
vt 0.9265468716621399 0.30365800857543945
vt 0.8029552102088928 0.25166091322898865
vt 0.9265468716621399 0.30365800857543945
vt 0.9484049081802368 0.39742371439933777
vt 0.9737172722816467 0.3327324092388153
vt 1 0.42947739362716675
vt 0.9265468716621399 0.30365800857543945
vt 0.7815536856651306 0.18229800462722778
vt 0.9265468716621399 0.30365800857543945
vt 0.7618148922920227 0.17159689962863922
vt 0.8029552102088928 0.25166091322898865
vt 0.7618148922920227 0.17159689962863922
vt 0.9265468716621399 0.30365800857543945
vt 0.8473563194274902 0.22521010041236877
vt 0.9265468716621399 0.30365800857543945
vt 0.7815536856651306 0.18229800462722778
vt 0.9777278900146484 0.5515950918197632
vt 0.9287130832672119 0.5131990909576416
vt 0.9484049081802368 0.39742371439933777
vt 0.803053081035614 0.3708660900592804
vt 0.9484049081802368 0.39742371439933777
vt 0.9287130832672119 0.5131990909576416
vt 1 0.42947739362716675
vt 0.9777278900146484 0.5515950918197632
vt 0.9484049081802368 0.39742371439933777
vt 0.8029552102088928 0.25166091322898865
vt 0.9484049081802368 0.39742371439933777
vt 0.803053081035614 0.3708660900592804
vt 0.9777278900146484 0.5515950918197632
vt 0.8714144825935364 0.6234728097915649
vt 0.9287130832672119 0.5131990909576416
vt 0.8451794981956482 0.5645635724067688
vt 0.9287130832672119 0.5131990909576416
vt 0.8714144825935364 0.6234728097915649
vt 0.7667626142501831 0.5032755136489868
vt 0.803053081035614 0.3708660900592804
vt 0.9287130832672119 0.5131990909576416
vt 0.8451794981956482 0.5645635724067688
vt 0.7667626142501831 0.5032755136489868
vt 0.9287130832672119 0.5131990909576416
vt 0.9125018119812012 0.6637719869613647
vt 0.8608400821685791 0.6624041795730591
vt 0.8714144825935364 0.6234728097915649
vt 0.8382493257522583 0.6498060822486877
vt 0.8714144825935364 0.6234728097915649
vt 0.8608400821685791 0.6624041795730591
vt 0.9777278900146484 0.5515950918197632
vt 0.9125018119812012 0.6637719869613647
vt 0.8714144825935364 0.6234728097915649
vt 0.7768440842628479 0.6033266186714172
vt 0.8451794981956482 0.5645635724067688
vt 0.8714144825935364 0.6234728097915649
vt 0.8382493257522583 0.6498060822486877
vt 0.7768440842628479 0.6033266186714172
vt 0.8714144825935364 0.6234728097915649
vt 0.9125018119812012 0.6637719869613647
vt 0.850426197052002 0.6885761022567749
vt 0.8608400821685791 0.6624041795730591
vt 0.835227906703949 0.6748970746994019
vt 0.8608400821685791 0.6624041795730591
vt 0.850426197052002 0.6885761022567749
vt 0.8204628229141235 0.6603031754493713
vt 0.8382493257522583 0.6498060822486877
vt 0.8608400821685791 0.6624041795730591
vt 0.835227906703949 0.6748970746994019
vt 0.8204628229141235 0.6603031754493713
vt 0.8608400821685791 0.6624041795730591
vt 0.8237276077270508 0.7333946824073792
vt 0.8501253724098206 0.6892263889312744
vt 0.850426197052002 0.6885761022567749
vt 0.835227906703949 0.6748970746994019
vt 0.850426197052002 0.6885761022567749
vt 0.8501253724098206 0.6892263889312744
vt 0.9125018119812012 0.6637719869613647
vt 0.8237276077270508 0.7333946824073792
vt 0.850426197052002 0.6885761022567749
vt 0.8237276077270508 0.7333946824073792
vt 0.8328567743301392 0.7181137800216675
vt 0.8501253724098206 0.6892263889312744
vt 0.7969995141029358 0.7120785117149353
vt 0.8501253724098206 0.6892263889312744
vt 0.8328567743301392 0.7181137800216675
vt 0.7909438014030457 0.7065123915672302
vt 0.7835168838500977 0.6996685862541199
vt 0.8501253724098206 0.6892263889312744
vt 0.835227906703949 0.6748970746994019
vt 0.8501253724098206 0.6892263889312744
vt 0.7835168838500977 0.6996685862541199
vt 0.7969995141029358 0.7120785117149353
vt 0.7909438014030457 0.7065123915672302
vt 0.8501253724098206 0.6892263889312744
vt 0.8237276077270508 0.7333946824073792
vt 0.8173149228096008 0.7308186888694763
vt 0.8328567743301392 0.7181137800216675
vt 0.8107916712760925 0.7258676290512085
vt 0.8328567743301392 0.7181137800216675
vt 0.8173149228096008 0.7308186888694763
vt 0.8018804788589478 0.716620922088623
vt 0.7969995141029358 0.7120785117149353
vt 0.8328567743301392 0.7181137800216675
vt 0.8057441115379333 0.7203323841094971
vt 0.8018804788589478 0.716620922088623
vt 0.8328567743301392 0.7181137800216675
vt 0.8086984157562256 0.723371684551239
vt 0.8057441115379333 0.7203323841094971
vt 0.8328567743301392 0.7181137800216675
vt 0.8107916712760925 0.7258676290512085
vt 0.8086984157562256 0.723371684551239
vt 0.8328567743301392 0.7181137800216675
vt 0.8230369091033936 0.7336937189102173
vt 0.8166366219520569 0.731128990650177
vt 0.8173149228096008 0.7308186888694763
vt 0.811886191368103 0.727923572063446
vt 0.8173149228096008 0.7308186888694763
vt 0.8166366219520569 0.731128990650177
vt 0.8237276077270508 0.7333946824073792
vt 0.8230369091033936 0.7336937189102173
vt 0.8173149228096008 0.7308186888694763
vt 0.811886191368103 0.727923572063446
vt 0.8107916712760925 0.7258676290512085
vt 0.8173149228096008 0.7308186888694763
vt 0.8191503286361694 0.7326917052268982
vt 0.8159533739089966 0.7314348816871643
vt 0.8166366219520569 0.731128990650177
vt 0.811886191368103 0.727923572063446
vt 0.8166366219520569 0.731128990650177
vt 0.8159533739089966 0.7314348816871643
vt 0.8223463296890259 0.7339925765991211
vt 0.8191503286361694 0.7326917052268982
vt 0.8166366219520569 0.731128990650177
vt 0.8230369091033936 0.7336937189102173
vt 0.8223463296890259 0.7339925765991211
vt 0.8166366219520569 0.731128990650177
vt 0.7359297871589661 0.7419669032096863
vt 0.8159533739089966 0.7314348816871643
vt 0.8191503286361694 0.7326917052268982
vt 0.788953423500061 0.737251877784729
vt 0.8159533739089966 0.7314348816871643
vt 0.7359297871589661 0.7419669032096863
vt 0.6995661854743958 0.7091373205184937
vt 0.8159533739089966 0.7314348816871643
vt 0.788953423500061 0.737251877784729
vt 0.8135355710983276 0.7304710149765015
vt 0.8159533739089966 0.7314348816871643
vt 0.6995661854743958 0.7091373205184937
vt 0.8135355710983276 0.7304710149765015
vt 0.811886191368103 0.727923572063446
vt 0.8159533739089966 0.7314348816871643
vt 0.7359297871589661 0.7419669032096863
vt 0.8191503286361694 0.7326917052268982
vt 0.8223463296890259 0.7339925765991211
vt 0.8210222721099854 0.3029201030731201
vt 0.7359297871589661 0.7419669032096863
vt 0.8223463296890259 0.7339925765991211
vt 0.8216841816902161 0.30258721113204956
vt 0.8210222721099854 0.3029201030731201
vt 0.8223463296890259 0.7339925765991211
vt 0.908043384552002 0.2871592044830322
vt 0.8237276077270508 0.7333946824073792
vt 0.9125018119812012 0.6637719869613647
vt 0.9737172722816467 0.3327324092388153
vt 0.9125018119812012 0.6637719869613647
vt 0.9777278900146484 0.5515950918197632
vt 0.908043384552002 0.2871592044830322
vt 0.9125018119812012 0.6637719869613647
vt 0.9737172722816467 0.3327324092388153
vt 0.9737172722816467 0.3327324092388153
vt 0.9777278900146484 0.5515950918197632
vt 1 0.42947739362716675
vt 0.7378172874450684 0.37280139327049255
vt 0.6750540733337402 0.6896042227745056
vt 0.7359297871589661 0.7419669032096863
vt 0.6565842032432556 0.7195402979850769
vt 0.7359297871589661 0.7419669032096863
vt 0.6750540733337402 0.6896042227745056
vt 0.8210222721099854 0.3029201030731201
vt 0.7378172874450684 0.37280139327049255
vt 0.7359297871589661 0.7419669032096863
vt 0.7388982176780701 0.7368677854537964
vt 0.788953423500061 0.737251877784729
vt 0.7359297871589661 0.7419669032096863
vt 0.6565842032432556 0.7195402979850769
vt 0.7388982176780701 0.7368677854537964
vt 0.7359297871589661 0.7419669032096863
vt 0.6773781776428223 0.4781518876552582
vt 0.6543288826942444 0.5931615829467773
vt 0.6750540733337402 0.6896042227745056
vt 0.6050251126289368 0.6623067855834961
vt 0.6750540733337402 0.6896042227745056
vt 0.6543288826942444 0.5931615829467773
vt 0.7378172874450684 0.37280139327049255
vt 0.6773781776428223 0.4781518876552582
vt 0.6750540733337402 0.6896042227745056
vt 0.6050251126289368 0.6623067855834961
vt 0.6565842032432556 0.7195402979850769
vt 0.6750540733337402 0.6896042227745056
vt 0.5885475277900696 0.56928551197052
vt 0.6543288826942444 0.5931615829467773
vt 0.6773781776428223 0.4781518876552582
vt 0.5885475277900696 0.56928551197052
vt 0.6050251126289368 0.6623067855834961
vt 0.6543288826942444 0.5931615829467773
vt 0.6623005867004395 0.3576160967350006
vt 0.6773781776428223 0.4781518876552582
vt 0.7378172874450684 0.37280139327049255
vt 0.6092274188995361 0.4604690968990326
vt 0.5885475277900696 0.56928551197052
vt 0.6773781776428223 0.4781518876552582
vt 0.6623005867004395 0.3576160967350006
vt 0.6092274188995361 0.4604690968990326
vt 0.6773781776428223 0.4781518876552582
vt 0.7432324886322021 0.3238328993320465
vt 0.7378172874450684 0.37280139327049255
vt 0.8210222721099854 0.3029201030731201
vt 0.7082201838493347 0.33744218945503235
vt 0.6623005867004395 0.3576160967350006
vt 0.7378172874450684 0.37280139327049255
vt 0.7432324886322021 0.3238328993320465
vt 0.7082201838493347 0.33744218945503235
vt 0.7378172874450684 0.37280139327049255
vt 0.814868688583374 0.29964348673820496
vt 0.8210222721099854 0.3029201030731201
vt 0.8216841816902161 0.30258721113204956
vt 0.7441655993461609 0.323498010635376
vt 0.7432324886322021 0.3238328993320465
vt 0.8210222721099854 0.3029201030731201
vt 0.7901707887649536 0.30843350291252136
vt 0.7441655993461609 0.323498010635376
vt 0.8210222721099854 0.3029201030731201
vt 0.814868688583374 0.29964348673820496
vt 0.7901707887649536 0.30843350291252136
vt 0.8210222721099854 0.3029201030731201
vt 0.8155472874641418 0.2993130087852478
vt 0.814868688583374 0.29964348673820496
vt 0.8216841816902161 0.30258721113204956
vt 0.6877201795578003 0.7192760109901428
vt 0.788953423500061 0.737251877784729
vt 0.7388982176780701 0.7368677854537964
vt 0.6995661854743958 0.7091373205184937
vt 0.788953423500061 0.737251877784729
vt 0.6877201795578003 0.7192760109901428
vt 0.6694331765174866 0.7249686121940613
vt 0.7388982176780701 0.7368677854537964
vt 0.6565842032432556 0.7195402979850769
vt 0.6764110922813416 0.7243772149085999
vt 0.7388982176780701 0.7368677854537964
vt 0.6694331765174866 0.7249686121940613
vt 0.6877201795578003 0.7192760109901428
vt 0.7388982176780701 0.7368677854537964
vt 0.6764110922813416 0.7243772149085999
vt 0.5675055980682373 0.6916912198066711
vt 0.6565842032432556 0.7195402979850769
vt 0.6050251126289368 0.6623067855834961
vt 0.6694331765174866 0.7249686121940613
vt 0.6565842032432556 0.7195402979850769
vt 0.5675055980682373 0.6916912198066711
vt 0.4160971939563751 0.5617706775665283
vt 0.6050251126289368 0.6623067855834961
vt 0.5885475277900696 0.56928551197052
vt 0.449766606092453 0.6466636061668396
vt 0.6050251126289368 0.6623067855834961
vt 0.4160971939563751 0.5617706775665283
vt 0.45719170570373535 0.6497368812561035
vt 0.6050251126289368 0.6623067855834961
vt 0.449766606092453 0.6466636061668396
vt 0.5146815180778503 0.6724545955657959
vt 0.5675055980682373 0.6916912198066711
vt 0.6050251126289368 0.6623067855834961
vt 0.45719170570373535 0.6497368812561035
vt 0.5146815180778503 0.6724545955657959
vt 0.6050251126289368 0.6623067855834961
vt 0.4208124876022339 0.4477185904979706
vt 0.5885475277900696 0.56928551197052
vt 0.6092274188995361 0.4604690968990326
vt 0.4160971939563751 0.5617706775665283
vt 0.5885475277900696 0.56928551197052
vt 0.4208124876022339 0.4477185904979706
vt 0.5803161263465881 0.3612349033355713
vt 0.6092274188995361 0.4604690968990326
vt 0.6623005867004395 0.3576160967350006
vt 0.4802381098270416 0.33808091282844543
vt 0.4208124876022339 0.4477185904979706
vt 0.6092274188995361 0.4604690968990326
vt 0.5803161263465881 0.3612349033355713
vt 0.4802381098270416 0.33808091282844543
vt 0.6092274188995361 0.4604690968990326
vt 0.6752911806106567 0.3242343068122864
vt 0.6623005867004395 0.3576160967350006
vt 0.7082201838493347 0.33744218945503235
vt 0.5419762134552002 0.28192949295043945
vt 0.6623005867004395 0.3576160967350006
vt 0.6752911806106567 0.3242343068122864
vt 0.5419762134552002 0.28192949295043945
vt 0.5803161263465881 0.3612349033355713
vt 0.6623005867004395 0.3576160967350006
vt 0.7134432792663574 0.31647101044654846
vt 0.7082201838493347 0.33744218945503235
vt 0.7432324886322021 0.3238328993320465
vt 0.6822527050971985 0.3095071017742157
vt 0.7082201838493347 0.33744218945503235
vt 0.7134432792663574 0.31647101044654846
vt 0.6752911806106567 0.3242343068122864
vt 0.7082201838493347 0.33744218945503235
vt 0.6822527050971985 0.3095071017742157
vt 0.7134432792663574 0.31647101044654846
vt 0.7432324886322021 0.3238328993320465
vt 0.7441655993461609 0.323498010635376
vt 0.7747156023979187 0.2901267111301422
vt 0.7441655993461609 0.323498010635376
vt 0.7901707887649536 0.30843350291252136
vt 0.7422546744346619 0.2824636995792389
vt 0.7134432792663574 0.31647101044654846
vt 0.7441655993461609 0.323498010635376
vt 0.7519217729568481 0.28473448753356934
vt 0.7422546744346619 0.2824636995792389
vt 0.7441655993461609 0.323498010635376
vt 0.7604616284370422 0.2867541015148163
vt 0.7519217729568481 0.28473448753356934
vt 0.7441655993461609 0.323498010635376
vt 0.7680152058601379 0.2885439991950989
vt 0.7604616284370422 0.2867541015148163
vt 0.7441655993461609 0.323498010635376
vt 0.7747156023979187 0.2901267111301422
vt 0.7680152058601379 0.2885439991950989
vt 0.7441655993461609 0.323498010635376
vt 0.8018649220466614 0.29609671235084534
vt 0.7901707887649536 0.30843350291252136
vt 0.814868688583374 0.29964348673820496
vt 0.7806587815284729 0.29151850938796997
vt 0.7747156023979187 0.2901267111301422
vt 0.7901707887649536 0.30843350291252136
vt 0.7859402894973755 0.2927381992340088
vt 0.7806587815284729 0.29151850938796997
vt 0.7901707887649536 0.30843350291252136
vt 0.7906404137611389 0.29379668831825256
vt 0.7859402894973755 0.2927381992340088
vt 0.7901707887649536 0.30843350291252136
vt 0.7948226928710938 0.2947064936161041
vt 0.7906404137611389 0.29379668831825256
vt 0.7901707887649536 0.30843350291252136
vt 0.7985432147979736 0.2954714894294739
vt 0.7948226928710938 0.2947064936161041
vt 0.7901707887649536 0.30843350291252136
vt 0.8018649220466614 0.29609671235084534
vt 0.7985432147979736 0.2954714894294739
vt 0.7901707887649536 0.30843350291252136
vt 0.809809684753418 0.2969259023666382
vt 0.814868688583374 0.29964348673820496
vt 0.8155472874641418 0.2993130087852478
vt 0.8048288822174072 0.29657140374183655
vt 0.8018649220466614 0.29609671235084534
vt 0.814868688583374 0.29964348673820496
vt 0.8074764013290405 0.29687538743019104
vt 0.8048288822174072 0.29657140374183655
vt 0.814868688583374 0.29964348673820496
vt 0.809809684753418 0.2969259023666382
vt 0.8074764013290405 0.29687538743019104
vt 0.814868688583374 0.29964348673820496
vt 0.7046626806259155 0.273926705121994
vt 0.6822527050971985 0.3095071017742157
vt 0.7134432792663574 0.31647101044654846
vt 0.7188454270362854 0.2770814001560211
vt 0.7046626806259155 0.273926705121994
vt 0.7134432792663574 0.31647101044654846
vt 0.7312948703765869 0.27991989254951477
vt 0.7188454270362854 0.2770814001560211
vt 0.7134432792663574 0.31647101044654846
vt 0.7422546744346619 0.2824636995792389
vt 0.7312948703765869 0.27991989254951477
vt 0.7134432792663574 0.31647101044654846
vt 0.5987213850021362 0.24012580513954163
vt 0.6822527050971985 0.3095071017742157
vt 0.7046626806259155 0.273926705121994
vt 0.5987213850021362 0.24012580513954163
vt 0.6752911806106567 0.3242343068122864
vt 0.6822527050971985 0.3095071017742157
vt 0.7660256028175354 0.2421911060810089
vt 0.7046626806259155 0.273926705121994
vt 0.7188454270362854 0.2770814001560211
vt 0.6973233819007874 0.18766090273857117
vt 0.7046626806259155 0.273926705121994
vt 0.7660256028175354 0.2421911060810089
vt 0.5987213850021362 0.24012580513954163
vt 0.7046626806259155 0.273926705121994
vt 0.6973233819007874 0.18766090273857117
vt 0.776460587978363 0.2539435029029846
vt 0.7188454270362854 0.2770814001560211
vt 0.7312948703765869 0.27991989254951477
vt 0.776460587978363 0.2539435029029846
vt 0.7660256028175354 0.2421911060810089
vt 0.7188454270362854 0.2770814001560211
vt 0.776460587978363 0.2539435029029846
vt 0.7312948703765869 0.27991989254951477
vt 0.7422546744346619 0.2824636995792389
vt 0.7851120829582214 0.2633655071258545
vt 0.7422546744346619 0.2824636995792389
vt 0.7519217729568481 0.28473448753356934
vt 0.776460587978363 0.2539435029029846
vt 0.7422546744346619 0.2824636995792389
vt 0.7851120829582214 0.2633655071258545
vt 0.7851120829582214 0.2633655071258545
vt 0.7519217729568481 0.28473448753356934
vt 0.7604616284370422 0.2867541015148163
vt 0.7922192811965942 0.2709782123565674
vt 0.7604616284370422 0.2867541015148163
vt 0.7680152058601379 0.2885439991950989
vt 0.7851120829582214 0.2633655071258545
vt 0.7604616284370422 0.2867541015148163
vt 0.7922192811965942 0.2709782123565674
vt 0.7980238795280457 0.27717509865760803
vt 0.7680152058601379 0.2885439991950989
vt 0.7747156023979187 0.2901267111301422
vt 0.7922192811965942 0.2709782123565674
vt 0.7680152058601379 0.2885439991950989
vt 0.7980238795280457 0.27717509865760803
vt 0.7980238795280457 0.27717509865760803
vt 0.7747156023979187 0.2901267111301422
vt 0.7806587815284729 0.29151850938796997
vt 0.8027058839797974 0.2822344899177551
vt 0.7806587815284729 0.29151850938796997
vt 0.7859402894973755 0.2927381992340088
vt 0.7980238795280457 0.27717509865760803
vt 0.7806587815284729 0.29151850938796997
vt 0.8027058839797974 0.2822344899177551
vt 0.8027058839797974 0.2822344899177551
vt 0.7859402894973755 0.2927381992340088
vt 0.7906404137611389 0.29379668831825256
vt 0.80641108751297 0.2863706946372986
vt 0.7906404137611389 0.29379668831825256
vt 0.7948226928710938 0.2947064936161041
vt 0.8027058839797974 0.2822344899177551
vt 0.7906404137611389 0.29379668831825256
vt 0.80641108751297 0.2863706946372986
vt 0.809249997138977 0.28975871205329895
vt 0.7948226928710938 0.2947064936161041
vt 0.7985432147979736 0.2954714894294739
vt 0.80641108751297 0.2863706946372986
vt 0.7948226928710938 0.2947064936161041
vt 0.809249997138977 0.28975871205329895
vt 0.809249997138977 0.28975871205329895
vt 0.7985432147979736 0.2954714894294739
vt 0.8018649220466614 0.29609671235084534
vt 0.8112636804580688 0.2925441861152649
vt 0.8018649220466614 0.29609671235084534
vt 0.8048288822174072 0.29657140374183655
vt 0.809249997138977 0.28975871205329895
vt 0.8018649220466614 0.29609671235084534
vt 0.8112636804580688 0.2925441861152649
vt 0.8112636804580688 0.2925441861152649
vt 0.8048288822174072 0.29657140374183655
vt 0.8074764013290405 0.29687538743019104
vt 0.8123176097869873 0.2948387861251831
vt 0.8074764013290405 0.29687538743019104
vt 0.809809684753418 0.2969259023666382
vt 0.8112636804580688 0.2925441861152649
vt 0.8074764013290405 0.29687538743019104
vt 0.8123176097869873 0.2948387861251831
vt 0.8138983845710754 0.29773879051208496
vt 0.8115785717964172 0.29654619097709656
vt 0.809809684753418 0.2969259023666382
vt 0.8123176097869873 0.2948387861251831
vt 0.809809684753418 0.2969259023666382
vt 0.8115785717964172 0.29654619097709656
vt 0.8123176097869873 0.2948387861251831
vt 0.8115785717964172 0.29654619097709656
vt 0.8138983845710754 0.29773879051208496
vt 0.776460587978363 0.2539435029029846
vt 0.8138983845710754 0.29773879051208496
vt 0.7660256028175354 0.2421911060810089
vt 0.8112636804580688 0.2925441861152649
vt 0.8123176097869873 0.2948387861251831
vt 0.8138983845710754 0.29773879051208496
vt 0.809249997138977 0.28975871205329895
vt 0.8112636804580688 0.2925441861152649
vt 0.8138983845710754 0.29773879051208496
vt 0.80641108751297 0.2863706946372986
vt 0.809249997138977 0.28975871205329895
vt 0.8138983845710754 0.29773879051208496
vt 0.8027058839797974 0.2822344899177551
vt 0.80641108751297 0.2863706946372986
vt 0.8138983845710754 0.29773879051208496
vt 0.7980238795280457 0.27717509865760803
vt 0.8027058839797974 0.2822344899177551
vt 0.8138983845710754 0.29773879051208496
vt 0.7922192811965942 0.2709782123565674
vt 0.7980238795280457 0.27717509865760803
vt 0.8138983845710754 0.29773879051208496
vt 0.7851120829582214 0.2633655071258545
vt 0.7922192811965942 0.2709782123565674
vt 0.8138983845710754 0.29773879051208496
vt 0.776460587978363 0.2539435029029846
vt 0.7851120829582214 0.2633655071258545
vt 0.8138983845710754 0.29773879051208496
vt 0.5987213850021362 0.24012580513954163
vt 0.5419762134552002 0.28192949295043945
vt 0.6752911806106567 0.3242343068122864
vt 0.7501444220542908 0.17158129811286926
vt 0.7660256028175354 0.2421911060810089
vt 0.8203634023666382 0.23852169513702393
vt 0.6973233819007874 0.18766090273857117
vt 0.7660256028175354 0.2421911060810089
vt 0.7501444220542908 0.17158129811286926
vt 0.7501444220542908 0.17158129811286926
vt 0.8203634023666382 0.23852169513702393
vt 0.8376333713531494 0.24122239649295807
vt 0.7501444220542908 0.17158129811286926
vt 0.8376333713531494 0.24122239649295807
vt 0.8473563194274902 0.22521010041236877
vt 0.7501444220542908 0.17158129811286926
vt 0.7618148922920227 0.17159689962863922
vt 0.6716940999031067 0.1290099024772644
vt 0.6071290969848633 0.13882850110530853
vt 0.6716940999031067 0.1290099024772644
vt 0.7618148922920227 0.17159689962863922
vt 0.629102885723114 0.11297299712896347
vt 0.7501444220542908 0.17158129811286926
vt 0.6716940999031067 0.1290099024772644
vt 0.6407557725906372 0.11629509925842285
vt 0.629102885723114 0.11297299712896347
vt 0.6716940999031067 0.1290099024772644
vt 0.6071290969848633 0.13882850110530853
vt 0.6407557725906372 0.11629509925842285
vt 0.6716940999031067 0.1290099024772644
vt 0.7501444220542908 0.17158129811286926
vt 0.7815536856651306 0.18229800462722778
vt 0.7618148922920227 0.17159689962863922
vt 0.6071290969848633 0.13882850110530853
vt 0.7618148922920227 0.17159689962863922
vt 0.8029552102088928 0.25166091322898865
vt 0.7501444220542908 0.17158129811286926
vt 0.8473563194274902 0.22521010041236877
vt 0.7815536856651306 0.18229800462722778
vt 0.6427866816520691 0.15782150626182556
vt 0.7501444220542908 0.17158129811286926
vt 0.629102885723114 0.11297299712896347
vt 0.6427866816520691 0.15782150626182556
vt 0.6973233819007874 0.18766090273857117
vt 0.7501444220542908 0.17158129811286926
vt 0.6427866816520691 0.15782150626182556
vt 0.629102885723114 0.11297299712896347
vt 0.6270943880081177 0.11294090002775192
vt 0.6407557725906372 0.11629509925842285
vt 0.6270943880081177 0.11294090002775192
vt 0.629102885723114 0.11297299712896347
vt 0.5732920169830322 0.12850169837474823
vt 0.6427866816520691 0.15782150626182556
vt 0.6270943880081177 0.11294090002775192
vt 0.5853607058525085 0.09817103296518326
vt 0.5732920169830322 0.12850169837474823
vt 0.6270943880081177 0.11294090002775192
vt 0.6407557725906372 0.11629509925842285
vt 0.5853607058525085 0.09817103296518326
vt 0.6270943880081177 0.11294090002775192
vt 0.5405563712120056 0.21322029829025269
vt 0.6973233819007874 0.18766090273857117
vt 0.6427866816520691 0.15782150626182556
vt 0.5987213850021362 0.24012580513954163
vt 0.6973233819007874 0.18766090273857117
vt 0.5405563712120056 0.21322029829025269
vt 0.5405563712120056 0.21322029829025269
vt 0.6427866816520691 0.15782150626182556
vt 0.5732920169830322 0.12850169837474823
vt 0.5458031296730042 0.11912029981613159
vt 0.5732920169830322 0.12850169837474823
vt 0.5853607058525085 0.09817103296518326
vt 0.4826287031173706 0.17865429818630219
vt 0.5732920169830322 0.12850169837474823
vt 0.5458031296730042 0.11912029981613159
vt 0.5405563712120056 0.21322029829025269
vt 0.5732920169830322 0.12850169837474823
vt 0.4826287031173706 0.17865429818630219
vt 0.6112846732139587 0.10507649928331375
vt 0.5409135222434998 0.08521567285060883
vt 0.5853607058525085 0.09817103296518326
vt 0.5458031296730042 0.11912029981613159
vt 0.5853607058525085 0.09817103296518326
vt 0.5409135222434998 0.08521567285060883
vt 0.6407557725906372 0.11629509925842285
vt 0.6112846732139587 0.10507649928331375
vt 0.5853607058525085 0.09817103296518326
vt 0.51057368516922 0.07655415683984756
vt 0.4924691915512085 0.07511526346206665
vt 0.5409135222434998 0.08521567285060883
vt 0.4987717866897583 0.10609039664268494
vt 0.5409135222434998 0.08521567285060883
vt 0.4924691915512085 0.07511526346206665
vt 0.5573384165763855 0.08720259368419647
vt 0.51057368516922 0.07655415683984756
vt 0.5409135222434998 0.08521567285060883
vt 0.6112846732139587 0.10507649928331375
vt 0.5573384165763855 0.08720259368419647
vt 0.5409135222434998 0.08521567285060883
vt 0.5210180878639221 0.11174049973487854
vt 0.5458031296730042 0.11912029981613159
vt 0.5409135222434998 0.08521567285060883
vt 0.4987717866897583 0.10609039664268494
vt 0.5210180878639221 0.11174049973487854
vt 0.5409135222434998 0.08521567285060883
vt 0.3857167959213257 0.043111640959978104
vt 0.4924691915512085 0.07511526346206665
vt 0.51057368516922 0.07655415683984756
vt 0.47889769077301025 0.10199149698019028
vt 0.4987717866897583 0.10609039664268494
vt 0.4924691915512085 0.07511526346206665
vt 0.4644249975681305 0.07544063031673431
vt 0.47889769077301025 0.10199149698019028
vt 0.4924691915512085 0.07511526346206665
vt 0.32984858751296997 0.034158241003751755
vt 0.4644249975681305 0.07544063031673431
vt 0.4924691915512085 0.07511526346206665
vt 0.3857167959213257 0.043111640959978104
vt 0.32984858751296997 0.034158241003751755
vt 0.4924691915512085 0.07511526346206665
vt 0.3857167959213257 0.043111640959978104
vt 0.51057368516922 0.07655415683984756
vt 0.5573384165763855 0.08720259368419647
vt 0.6071290969848633 0.13882850110530853
vt 0.5573384165763855 0.08720259368419647
vt 0.6112846732139587 0.10507649928331375
vt 0.5130894780158997 0.07645530253648758
vt 0.5573384165763855 0.08720259368419647
vt 0.6071290969848633 0.13882850110530853
vt 0.3857167959213257 0.043111640959978104
vt 0.5573384165763855 0.08720259368419647
vt 0.5130894780158997 0.07645530253648758
vt 0.6071290969848633 0.13882850110530853
vt 0.6112846732139587 0.10507649928331375
vt 0.6407557725906372 0.11629509925842285
vt 0.4486851096153259 0.15233249962329865
vt 0.5458031296730042 0.11912029981613159
vt 0.5210180878639221 0.11174049973487854
vt 0.4486851096153259 0.15233249962329865
vt 0.4826287031173706 0.17865429818630219
vt 0.5458031296730042 0.11912029981613159
vt 0.4486851096153259 0.15233249962329865
vt 0.5210180878639221 0.11174049973487854
vt 0.4987717866897583 0.10609039664268494
vt 0.428101509809494 0.13079899549484253
vt 0.4987717866897583 0.10609039664268494
vt 0.47889769077301025 0.10199149698019028
vt 0.4486851096153259 0.15233249962329865
vt 0.4987717866897583 0.10609039664268494
vt 0.428101509809494 0.13079899549484253
vt 0.4644249975681305 0.07544063031673431
vt 0.44595369696617126 0.09838274866342545
vt 0.47889769077301025 0.10199149698019028
vt 0.41930660605430603 0.11359389871358871
vt 0.47889769077301025 0.10199149698019028
vt 0.44595369696617126 0.09838274866342545
vt 0.428101509809494 0.13079899549484253
vt 0.47889769077301025 0.10199149698019028
vt 0.41930660605430603 0.11359389871358871
vt 0.4128541052341461 0.0966387391090393
vt 0.42476290464401245 0.10206060111522675
vt 0.44595369696617126 0.09838274866342545
vt 0.41930660605430603 0.11359389871358871
vt 0.44595369696617126 0.09838274866342545
vt 0.42476290464401245 0.10206060111522675
vt 0.400949090719223 0.09234201163053513
vt 0.4128541052341461 0.0966387391090393
vt 0.44595369696617126 0.09838274866342545
vt 0.4275777041912079 0.08146973699331284
vt 0.400949090719223 0.09234201163053513
vt 0.44595369696617126 0.09838274866342545
vt 0.4644249975681305 0.07544063031673431
vt 0.4275777041912079 0.08146973699331284
vt 0.44595369696617126 0.09838274866342545
vt 0.3678432106971741 0.12542350590229034
vt 0.42476290464401245 0.10206060111522675
vt 0.4128541052341461 0.0966387391090393
vt 0.41930660605430603 0.11359389871358871
vt 0.42476290464401245 0.10206060111522675
vt 0.3678432106971741 0.12542350590229034
vt 0.3678432106971741 0.12542350590229034
vt 0.4128541052341461 0.0966387391090393
vt 0.400949090719223 0.09234201163053513
vt 0.3187643885612488 0.06380703300237656
vt 0.400949090719223 0.09234201163053513
vt 0.4275777041912079 0.08146973699331284
vt 0.2753377854824066 0.08947136253118515
vt 0.3678432106971741 0.12542350590229034
vt 0.400949090719223 0.09234201163053513
vt 0.2753377854824066 0.08947136253118515
vt 0.400949090719223 0.09234201163053513
vt 0.3187643885612488 0.06380703300237656
vt 0.32984858751296997 0.034158241003751755
vt 0.4275777041912079 0.08146973699331284
vt 0.4644249975681305 0.07544063031673431
vt 0.30490100383758545 0.0584518201649189
vt 0.4275777041912079 0.08146973699331284
vt 0.20554329454898834 0.015692979097366333
vt 0.2329585999250412 0.019979070872068405
vt 0.20554329454898834 0.015692979097366333
vt 0.4275777041912079 0.08146973699331284
vt 0.3187643885612488 0.06380703300237656
vt 0.4275777041912079 0.08146973699331284
vt 0.30490100383758545 0.0584518201649189
vt 0.2329585999250412 0.019979070872068405
vt 0.4275777041912079 0.08146973699331284
vt 0.26357340812683105 0.023524610325694084
vt 0.32984858751296997 0.034158241003751755
vt 0.26357340812683105 0.023524610325694084
vt 0.4275777041912079 0.08146973699331284
vt 0.803053081035614 0.3708660900592804
vt 0.624530017375946 0.23234060406684875
vt 0.6245462894439697 0.23086360096931458
vt 0.6225618720054626 0.2302180975675583
vt 0.6245462894439697 0.23086360096931458
vt 0.624530017375946 0.23234060406684875
vt 0.8029552102088928 0.25166091322898865
vt 0.803053081035614 0.3708660900592804
vt 0.6245462894439697 0.23086360096931458
vt 0.6071290969848633 0.13882850110530853
vt 0.8029552102088928 0.25166091322898865
vt 0.6245462894439697 0.23086360096931458
vt 0.544379472732544 0.1215720996260643
vt 0.6071290969848633 0.13882850110530853
vt 0.6245462894439697 0.23086360096931458
vt 0.5447775721549988 0.12251900136470795
vt 0.544379472732544 0.1215720996260643
vt 0.6245462894439697 0.23086360096931458
vt 0.545171320438385 0.12346869707107544
vt 0.5447775721549988 0.12251900136470795
vt 0.6245462894439697 0.23086360096931458
vt 0.5855705738067627 0.1713304966688156
vt 0.545171320438385 0.12346869707107544
vt 0.6245462894439697 0.23086360096931458
vt 0.6225618720054626 0.2302180975675583
vt 0.5855705738067627 0.1713304966688156
vt 0.6245462894439697 0.23086360096931458
vt 0.803053081035614 0.3708660900592804
vt 0.6245030164718628 0.23383329808712006
vt 0.624530017375946 0.23234060406684875
vt 0.6235362887382507 0.23202820122241974
vt 0.624530017375946 0.23234060406684875
vt 0.6245030164718628 0.23383329808712006
vt 0.6235362887382507 0.23202820122241974
vt 0.6225618720054626 0.2302180975675583
vt 0.624530017375946 0.23234060406684875
vt 0.803053081035614 0.3708660900592804
vt 0.6030470132827759 0.35036730766296387
vt 0.6245030164718628 0.23383329808712006
vt 0.5841982960700989 0.2774446904659271
vt 0.6245030164718628 0.23383329808712006
vt 0.6030470132827759 0.35036730766296387
vt 0.5708795189857483 0.18535660207271576
vt 0.6235362887382507 0.23202820122241974
vt 0.6245030164718628 0.23383329808712006
vt 0.5691617727279663 0.25362110137939453
vt 0.5708795189857483 0.18535660207271576
vt 0.6245030164718628 0.23383329808712006
vt 0.5841982960700989 0.2774446904659271
vt 0.5691617727279663 0.25362110137939453
vt 0.6245030164718628 0.23383329808712006
vt 0.6496661901473999 0.4657750129699707
vt 0.5472059845924377 0.464125394821167
vt 0.6030470132827759 0.35036730766296387
vt 0.538680911064148 0.32447418570518494
vt 0.6030470132827759 0.35036730766296387
vt 0.5472059845924377 0.464125394821167
vt 0.7591279149055481 0.49948549270629883
vt 0.6496661901473999 0.4657750129699707
vt 0.6030470132827759 0.35036730766296387
vt 0.803053081035614 0.3708660900592804
vt 0.7591279149055481 0.49948549270629883
vt 0.6030470132827759 0.35036730766296387
vt 0.5391573905944824 0.322936087846756
vt 0.6030470132827759 0.35036730766296387
vt 0.538680911064148 0.32447418570518494
vt 0.5391573905944824 0.322936087846756
vt 0.5396289229393005 0.32140690088272095
vt 0.6030470132827759 0.35036730766296387
vt 0.5841982960700989 0.2774446904659271
vt 0.6030470132827759 0.35036730766296387
vt 0.5396289229393005 0.32140690088272095
vt 0.5982686281204224 0.5259947180747986
vt 0.5472059845924377 0.464125394821167
vt 0.6496661901473999 0.4657750129699707
vt 0.538680911064148 0.32447418570518494
vt 0.5472059845924377 0.464125394821167
vt 0.510199785232544 0.37462860345840454
vt 0.5016598105430603 0.4400734007358551
vt 0.510199785232544 0.37462860345840454
vt 0.5472059845924377 0.464125394821167
vt 0.49168848991394043 0.49600130319595337
vt 0.5016598105430603 0.4400734007358551
vt 0.5472059845924377 0.464125394821167
vt 0.5982686281204224 0.5259947180747986
vt 0.49168848991394043 0.49600130319595337
vt 0.5472059845924377 0.464125394821167
vt 0.6956018805503845 0.5618637204170227
vt 0.6496661901473999 0.4657750129699707
vt 0.7591279149055481 0.49948549270629883
vt 0.6956018805503845 0.5618637204170227
vt 0.5982686281204224 0.5259947180747986
vt 0.6496661901473999 0.4657750129699707
vt 0.7667626142501831 0.5032755136489868
vt 0.7591279149055481 0.49948549270629883
vt 0.803053081035614 0.3708660900592804
vt 0.6956018805503845 0.5618637204170227
vt 0.7591279149055481 0.49948549270629883
vt 0.7667626142501831 0.5032755136489868
vt 0.5440906286239624 0.12092039734125137
vt 0.6071290969848633 0.13882850110530853
vt 0.544379472732544 0.1215720996260643
vt 0.46877580881118774 0.06404399126768112
vt 0.5130894780158997 0.07645530253648758
vt 0.6071290969848633 0.13882850110530853
vt 0.5181725025177002 0.09001729637384415
vt 0.46877580881118774 0.06404399126768112
vt 0.6071290969848633 0.13882850110530853
vt 0.5437840223312378 0.12025400251150131
vt 0.5181725025177002 0.09001729637384415
vt 0.6071290969848633 0.13882850110530853
vt 0.5440906286239624 0.12092039734125137
vt 0.5437840223312378 0.12025400251150131
vt 0.6071290969848633 0.13882850110530853
vt 0.7768440842628479 0.6033266186714172
vt 0.7667626142501831 0.5032755136489868
vt 0.8451794981956482 0.5645635724067688
vt 0.7768440842628479 0.6033266186714172
vt 0.6956018805503845 0.5618637204170227
vt 0.7667626142501831 0.5032755136489868
vt 0.5439655780792236 0.12144400179386139
vt 0.544379472732544 0.1215720996260643
vt 0.5447775721549988 0.12251900136470795
vt 0.5439655780792236 0.12144400179386139
vt 0.5440906286239624 0.12092039734125137
vt 0.544379472732544 0.1215720996260643
vt 0.5443586111068726 0.12238439917564392
vt 0.5447775721549988 0.12251900136470795
vt 0.545171320438385 0.12346869707107544
vt 0.5439655780792236 0.12144400179386139
vt 0.5447775721549988 0.12251900136470795
vt 0.543554425239563 0.12131120264530182
vt 0.5443586111068726 0.12238439917564392
vt 0.543554425239563 0.12131120264530182
vt 0.5447775721549988 0.12251900136470795
vt 0.5316944122314453 0.13233740627765656
vt 0.545171320438385 0.12346869707107544
vt 0.5855705738067627 0.1713304966688156
vt 0.5316944122314453 0.13233740627765656
vt 0.5443586111068726 0.12238439917564392
vt 0.545171320438385 0.12346869707107544
vt 0.5708795189857483 0.18535660207271576
vt 0.5855705738067627 0.1713304966688156
vt 0.6225618720054626 0.2302180975675583
vt 0.5316944122314453 0.13233740627765656
vt 0.5855705738067627 0.1713304966688156
vt 0.5154457092285156 0.14640580117702484
vt 0.5708795189857483 0.18535660207271576
vt 0.5154457092285156 0.14640580117702484
vt 0.5855705738067627 0.1713304966688156
vt 0.5708795189857483 0.18535660207271576
vt 0.6225618720054626 0.2302180975675583
vt 0.6235362887382507 0.23202820122241974
vt 0.3857167959213257 0.043111640959978104
vt 0.5130894780158997 0.07645530253648758
vt 0.46877580881118774 0.06404399126768112
vt 0.4578956961631775 0.058713119477033615
vt 0.46877580881118774 0.06404399126768112
vt 0.5181725025177002 0.09001729637384415
vt 0.42887070775032043 0.043439000844955444
vt 0.46877580881118774 0.06404399126768112
vt 0.4578956961631775 0.058713119477033615
vt 0.40347880125045776 0.03838422894477844
vt 0.3857167959213257 0.043111640959978104
vt 0.46877580881118774 0.06404399126768112
vt 0.42887070775032043 0.043439000844955444
vt 0.40347880125045776 0.03838422894477844
vt 0.46877580881118774 0.06404399126768112
vt 0.5336952805519104 0.10915160179138184
vt 0.5181725025177002 0.09001729637384415
vt 0.5437840223312378 0.12025400251150131
vt 0.4492321014404297 0.04855727031826973
vt 0.4578956961631775 0.058713119477033615
vt 0.5181725025177002 0.09001729637384415
vt 0.4508802890777588 0.049030669033527374
vt 0.4492321014404297 0.04855727031826973
vt 0.5181725025177002 0.09001729637384415
vt 0.4525046944618225 0.04950645938515663
vt 0.4508802890777588 0.049030669033527374
vt 0.5181725025177002 0.09001729637384415
vt 0.4552854895591736 0.05038055032491684
vt 0.4525046944618225 0.04950645938515663
vt 0.5181725025177002 0.09001729637384415
vt 0.45809099078178406 0.051368601620197296
vt 0.4552854895591736 0.05038055032491684
vt 0.5181725025177002 0.09001729637384415
vt 0.46296849846839905 0.05334359034895897
vt 0.45809099078178406 0.051368601620197296
vt 0.5181725025177002 0.09001729637384415
vt 0.4676206111907959 0.05557850003242493
vt 0.46296849846839905 0.05334359034895897
vt 0.5181725025177002 0.09001729637384415
vt 0.4697575867176056 0.05677567049860954
vt 0.4676206111907959 0.05557850003242493
vt 0.5181725025177002 0.09001729637384415
vt 0.4720042943954468 0.05816837027668953
vt 0.4697575867176056 0.05677567049860954
vt 0.5181725025177002 0.09001729637384415
vt 0.47973960638046265 0.0650063008069992
vt 0.4720042943954468 0.05816837027668953
vt 0.5181725025177002 0.09001729637384415
vt 0.4868766963481903 0.0713907927274704
vt 0.47973960638046265 0.0650063008069992
vt 0.5181725025177002 0.09001729637384415
vt 0.5110105276107788 0.09199578315019608
vt 0.4868766963481903 0.0713907927274704
vt 0.5181725025177002 0.09001729637384415
vt 0.5336952805519104 0.10915160179138184
vt 0.5110105276107788 0.09199578315019608
vt 0.5181725025177002 0.09001729637384415
vt 0.5439655780792236 0.12144400179386139
vt 0.5437840223312378 0.12025400251150131
vt 0.5440906286239624 0.12092039734125137
vt 0.5430712103843689 0.12000159919261932
vt 0.5437840223312378 0.12025400251150131
vt 0.5439655780792236 0.12144400179386139
vt 0.5381724238395691 0.11443670094013214
vt 0.5437840223312378 0.12025400251150131
vt 0.5430712103843689 0.12000159919261932
vt 0.5381724238395691 0.11443670094013214
vt 0.5336952805519104 0.10915160179138184
vt 0.5437840223312378 0.12025400251150131
vt 0.543554425239563 0.12131120264530182
vt 0.5423607230186462 0.11974780261516571
vt 0.542958676815033 0.12052710354328156
vt 0.5430712103843689 0.12000159919261932
vt 0.542958676815033 0.12052710354328156
vt 0.5423607230186462 0.11974780261516571
vt 0.5167397856712341 0.11211449652910233
vt 0.5423607230186462 0.11974780261516571
vt 0.543554425239563 0.12131120264530182
vt 0.5381724238395691 0.11443670094013214
vt 0.5430712103843689 0.12000159919261932
vt 0.5423607230186462 0.11974780261516571
vt 0.5381724238395691 0.11443670094013214
vt 0.5423607230186462 0.11974780261516571
vt 0.5336952805519104 0.10915160179138184
vt 0.5103753805160522 0.10030079632997513
vt 0.5336952805519104 0.10915160179138184
vt 0.5423607230186462 0.11974780261516571
vt 0.5103753805160522 0.10030079632997513
vt 0.5423607230186462 0.11974780261516571
vt 0.5167397856712341 0.11211449652910233
vt 0.5430712103843689 0.12000159919261932
vt 0.543554425239563 0.12131120264530182
vt 0.542958676815033 0.12052710354328156
vt 0.5430712103843689 0.12000159919261932
vt 0.5439655780792236 0.12144400179386139
vt 0.543554425239563 0.12131120264530182
vt 0.5294724702835083 0.1301169991493225
vt 0.5167397856712341 0.11211449652910233
vt 0.543554425239563 0.12131120264530182
vt 0.5316944122314453 0.13233740627765656
vt 0.5294724702835083 0.1301169991493225
vt 0.543554425239563 0.12131120264530182
vt 0.5316944122314453 0.13233740627765656
vt 0.543554425239563 0.12131120264530182
vt 0.5443586111068726 0.12238439917564392
vt 0.42887070775032043 0.043439000844955444
vt 0.4578956961631775 0.058713119477033615
vt 0.4492321014404297 0.04855727031826973
vt 0.4525046944618225 0.04950645938515663
vt 0.4492321014404297 0.04855727031826973
vt 0.4508802890777588 0.049030669033527374
vt 0.4435867965221405 0.04738502949476242
vt 0.4492321014404297 0.04855727031826973
vt 0.4525046944618225 0.04950645938515663
vt 0.4016106128692627 0.03734242916107178
vt 0.42887070775032043 0.043439000844955444
vt 0.4492321014404297 0.04855727031826973
vt 0.4435867965221405 0.04738502949476242
vt 0.4016106128692627 0.03734242916107178
vt 0.4492321014404297 0.04855727031826973
vt 0.45287829637527466 0.049789510667324066
vt 0.4525046944618225 0.04950645938515663
vt 0.4552854895591736 0.05038055032491684
vt 0.44683951139450073 0.048165030777454376
vt 0.4435867965221405 0.04738502949476242
vt 0.4525046944618225 0.04950645938515663
vt 0.45287829637527466 0.049789510667324066
vt 0.44683951139450073 0.048165030777454376
vt 0.4525046944618225 0.04950645938515663
vt 0.45287829637527466 0.049789510667324066
vt 0.4552854895591736 0.05038055032491684
vt 0.45809099078178406 0.051368601620197296
vt 0.4636428952217102 0.053761858493089676
vt 0.45809099078178406 0.051368601620197296
vt 0.46296849846839905 0.05334359034895897
vt 0.4636428952217102 0.053761858493089676
vt 0.45287829637527466 0.049789510667324066
vt 0.45809099078178406 0.051368601620197296
vt 0.4636428952217102 0.053761858493089676
vt 0.46296849846839905 0.05334359034895897
vt 0.4676206111907959 0.05557850003242493
vt 0.4720042943954468 0.05816837027668953
vt 0.4676206111907959 0.05557850003242493
vt 0.4697575867176056 0.05677567049860954
vt 0.46912550926208496 0.05594202131032944
vt 0.4676206111907959 0.05557850003242493
vt 0.4720042943954468 0.05816837027668953
vt 0.46912550926208496 0.05594202131032944
vt 0.4636428952217102 0.053761858493089676
vt 0.4676206111907959 0.05557850003242493
vt 0.4862818121910095 0.07243706285953522
vt 0.4720042943954468 0.05816837027668953
vt 0.47973960638046265 0.0650063008069992
vt 0.47060561180114746 0.05943083018064499
vt 0.46912550926208496 0.05594202131032944
vt 0.4720042943954468 0.05816837027668953
vt 0.4862818121910095 0.07243706285953522
vt 0.47060561180114746 0.05943083018064499
vt 0.4720042943954468 0.05816837027668953
vt 0.4862818121910095 0.07243706285953522
vt 0.47973960638046265 0.0650063008069992
vt 0.4868766963481903 0.0713907927274704
vt 0.507557213306427 0.09204774349927902
vt 0.4868766963481903 0.0713907927274704
vt 0.5110105276107788 0.09199578315019608
vt 0.507557213306427 0.09204774349927902
vt 0.4862818121910095 0.07243706285953522
vt 0.4868766963481903 0.0713907927274704
vt 0.507557213306427 0.09204774349927902
vt 0.5110105276107788 0.09199578315019608
vt 0.5336952805519104 0.10915160179138184
vt 0.4830566942691803 0.08508244156837463
vt 0.5336952805519104 0.10915160179138184
vt 0.5103753805160522 0.10030079632997513
vt 0.507557213306427 0.09204774349927902
vt 0.5336952805519104 0.10915160179138184
vt 0.4830566942691803 0.08508244156837463
vt 0.48505979776382446 0.09967520087957382
vt 0.5167397856712341 0.11211449652910233
vt 0.4863339066505432 0.10659319907426834
vt 0.5294724702835083 0.1301169991493225
vt 0.4863339066505432 0.10659319907426834
vt 0.5167397856712341 0.11211449652910233
vt 0.48505979776382446 0.09967520087957382
vt 0.4863339066505432 0.10659319907426834
vt 0.48317670822143555 0.09304411709308624
vt 0.4755750000476837 0.0911707729101181
vt 0.48317670822143555 0.09304411709308624
vt 0.4863339066505432 0.10659319907426834
vt 0.486752986907959 0.12929010391235352
vt 0.4863339066505432 0.10659319907426834
vt 0.48718270659446716 0.11781559884548187
vt 0.512431800365448 0.14456400275230408
vt 0.48718270659446716 0.11781559884548187
vt 0.4863339066505432 0.10659319907426834
vt 0.47376200556755066 0.1066955029964447
vt 0.4863339066505432 0.10659319907426834
vt 0.486752986907959 0.12929010391235352
vt 0.5294724702835083 0.1301169991493225
vt 0.512431800365448 0.14456400275230408
vt 0.4863339066505432 0.10659319907426834
vt 0.47376200556755066 0.1066955029964447
vt 0.4755750000476837 0.0911707729101181
vt 0.4863339066505432 0.10659319907426834
vt 0.48317670822143555 0.09304411709308624
vt 0.5103753805160522 0.10030079632997513
vt 0.5167397856712341 0.11211449652910233
vt 0.48505979776382446 0.09967520087957382
vt 0.48317670822143555 0.09304411709308624
vt 0.5167397856712341 0.11211449652910233
vt 0.4830566942691803 0.08508244156837463
vt 0.5103753805160522 0.10030079632997513
vt 0.48317670822143555 0.09304411709308624
vt 0.4830566942691803 0.08508244156837463
vt 0.48317670822143555 0.09304411709308624
vt 0.4755750000476837 0.0911707729101181
vt 0.499531090259552 0.1367274969816208
vt 0.486752986907959 0.12929010391235352
vt 0.48718270659446716 0.11781559884548187
vt 0.512431800365448 0.14456400275230408
vt 0.499531090259552 0.1367274969816208
vt 0.48718270659446716 0.11781559884548187
vt 0.48748481273651123 0.20780250430107117
vt 0.486752986907959 0.12929010391235352
vt 0.499531090259552 0.1367274969816208
vt 0.48140668869018555 0.28708308935165405
vt 0.486752986907959 0.12929010391235352
vt 0.48748481273651123 0.20780250430107117
vt 0.47593021392822266 0.13048020005226135
vt 0.486752986907959 0.12929010391235352
vt 0.48140668869018555 0.28708308935165405
vt 0.47376200556755066 0.1066955029964447
vt 0.486752986907959 0.12929010391235352
vt 0.47593021392822266 0.13048020005226135
vt 0.49483001232147217 0.28149810433387756
vt 0.499531090259552 0.1367274969816208
vt 0.512431800365448 0.14456400275230408
vt 0.48140668869018555 0.28708308935165405
vt 0.48748481273651123 0.20780250430107117
vt 0.499531090259552 0.1367274969816208
vt 0.49483001232147217 0.28149810433387756
vt 0.48140668869018555 0.28708308935165405
vt 0.499531090259552 0.1367274969816208
vt 0.513938307762146 0.14548669755458832
vt 0.512431800365448 0.14456400275230408
vt 0.5294724702835083 0.1301169991493225
vt 0.5083305835723877 0.2761040925979614
vt 0.512431800365448 0.14456400275230408
vt 0.513938307762146 0.14548669755458832
vt 0.5083305835723877 0.2761040925979614
vt 0.49483001232147217 0.28149810433387756
vt 0.512431800365448 0.14456400275230408
vt 0.5154457092285156 0.14640580117702484
vt 0.513938307762146 0.14548669755458832
vt 0.5294724702835083 0.1301169991493225
vt 0.5316944122314453 0.13233740627765656
vt 0.5154457092285156 0.14640580117702484
vt 0.5294724702835083 0.1301169991493225
vt 0.5099021196365356 0.27550220489501953
vt 0.513938307762146 0.14548669755458832
vt 0.5154457092285156 0.14640580117702484
vt 0.5099021196365356 0.27550220489501953
vt 0.5083305835723877 0.2761040925979614
vt 0.513938307762146 0.14548669755458832
vt 0.5114709138870239 0.2749113142490387
vt 0.5154457092285156 0.14640580117702484
vt 0.5708795189857483 0.18535660207271576
vt 0.5114709138870239 0.2749113142490387
vt 0.5099021196365356 0.27550220489501953
vt 0.5154457092285156 0.14640580117702484
vt 0.5691617727279663 0.25362110137939453
vt 0.5114709138870239 0.2749113142490387
vt 0.5708795189857483 0.18535660207271576
vt 0.48006778955459595 0.3085702061653137
vt 0.48140668869018555 0.28708308935165405
vt 0.49483001232147217 0.28149810433387756
vt 0.47045719623565674 0.28698650002479553
vt 0.47593021392822266 0.13048020005226135
vt 0.48140668869018555 0.28708308935165405
vt 0.45761609077453613 0.3376340866088867
vt 0.47045719623565674 0.28698650002479553
vt 0.48140668869018555 0.28708308935165405
vt 0.458292692899704 0.33730548620224
vt 0.45761609077453613 0.3376340866088867
vt 0.48140668869018555 0.28708308935165405
vt 0.4669618010520935 0.3340452015399933
vt 0.458292692899704 0.33730548620224
vt 0.48140668869018555 0.28708308935165405
vt 0.48006778955459595 0.3085702061653137
vt 0.4669618010520935 0.3340452015399933
vt 0.48140668869018555 0.28708308935165405
vt 0.5244516730308533 0.2990540862083435
vt 0.49483001232147217 0.28149810433387756
vt 0.5083305835723877 0.2761040925979614
vt 0.5244516730308533 0.2990540862083435
vt 0.48006778955459595 0.3085702061653137
vt 0.49483001232147217 0.28149810433387756
vt 0.5244516730308533 0.2990540862083435
vt 0.5083305835723877 0.2761040925979614
vt 0.5099021196365356 0.27550220489501953
vt 0.5244516730308533 0.2990540862083435
vt 0.5099021196365356 0.27550220489501953
vt 0.5114709138870239 0.2749113142490387
vt 0.5268583297729492 0.2971912920475006
vt 0.5114709138870239 0.2749113142490387
vt 0.5691617727279663 0.25362110137939453
vt 0.5268583297729492 0.2971912920475006
vt 0.5244516730308533 0.2990540862083435
vt 0.5114709138870239 0.2749113142490387
vt 0.5268583297729492 0.2971912920475006
vt 0.5691617727279663 0.25362110137939453
vt 0.5396289229393005 0.32140690088272095
vt 0.5841982960700989 0.2774446904659271
vt 0.5396289229393005 0.32140690088272095
vt 0.5691617727279663 0.25362110137939453
vt 0.4672335088253021 0.21141290664672852
vt 0.4669896960258484 0.13404810428619385
vt 0.47593021392822266 0.13048020005226135
vt 0.4656876027584076 0.12196890264749527
vt 0.47593021392822266 0.13048020005226135
vt 0.4669896960258484 0.13404810428619385
vt 0.46141690015792847 0.2894502878189087
vt 0.4672335088253021 0.21141290664672852
vt 0.47593021392822266 0.13048020005226135
vt 0.47045719623565674 0.28698650002479553
vt 0.46141690015792847 0.2894502878189087
vt 0.47593021392822266 0.13048020005226135
vt 0.4627079963684082 0.1101687029004097
vt 0.47593021392822266 0.13048020005226135
vt 0.4656876027584076 0.12196890264749527
vt 0.47376200556755066 0.1066955029964447
vt 0.47593021392822266 0.13048020005226135
vt 0.4627079963684082 0.1101687029004097
vt 0.46141690015792847 0.2894502878189087
vt 0.4669896960258484 0.13404810428619385
vt 0.4672335088253021 0.21141290664672852
vt 0.4548059105873108 0.31808510422706604
vt 0.4669896960258484 0.13404810428619385
vt 0.46141690015792847 0.2894502878189087
vt 0.4656876027584076 0.12196890264749527
vt 0.4669896960258484 0.13404810428619385
vt 0.4548059105873108 0.31808510422706604
vt 0.4548059105873108 0.31808510422706604
vt 0.46141690015792847 0.2894502878189087
vt 0.47045719623565674 0.28698650002479553
vt 0.45761609077453613 0.3376340866088867
vt 0.4405891001224518 0.3494940996170044
vt 0.47045719623565674 0.28698650002479553
vt 0.4548059105873108 0.31808510422706604
vt 0.47045719623565674 0.28698650002479553
vt 0.4405891001224518 0.3494940996170044
vt 0.45686060190200806 0.34952959418296814
vt 0.4405891001224518 0.3494940996170044
vt 0.45761609077453613 0.3376340866088867
vt 0.45764750242233276 0.09861353784799576
vt 0.4548059105873108 0.31808510422706604
vt 0.4405891001224518 0.3494940996170044
vt 0.4335067868232727 0.3622801899909973
vt 0.4405891001224518 0.3494940996170044
vt 0.45686060190200806 0.34952959418296814
vt 0.3691706955432892 0.3823145031929016
vt 0.4405891001224518 0.3494940996170044
vt 0.4335067868232727 0.3622801899909973
vt 0.3362621068954468 0.37650591135025024
vt 0.4405891001224518 0.3494940996170044
vt 0.3691706955432892 0.3823145031929016
vt 0.45059260725975037 0.08843851089477539
vt 0.4405891001224518 0.3494940996170044
vt 0.3362621068954468 0.37650591135025024
vt 0.45059260725975037 0.08843851089477539
vt 0.45764750242233276 0.09861353784799576
vt 0.4405891001224518 0.3494940996170044
vt 0.4741632044315338 0.3427388072013855
vt 0.45761609077453613 0.3376340866088867
vt 0.458292692899704 0.33730548620224
vt 0.45686060190200806 0.34952959418296814
vt 0.45761609077453613 0.3376340866088867
vt 0.4741632044315338 0.3427388072013855
vt 0.4741632044315338 0.3427388072013855
vt 0.458292692899704 0.33730548620224
vt 0.4669618010520935 0.3340452015399933
vt 0.48006778955459595 0.3085702061653137
vt 0.47489479184150696 0.3326996862888336
vt 0.4669618010520935 0.3340452015399933
vt 0.4741632044315338 0.3427388072013855
vt 0.4669618010520935 0.3340452015399933
vt 0.47489479184150696 0.3326996862888336
vt 0.5244516730308533 0.2990540862083435
vt 0.47489479184150696 0.3326996862888336
vt 0.48006778955459595 0.3085702061653137
vt 0.5016304850578308 0.34515029191970825
vt 0.4741632044315338 0.3427388072013855
vt 0.47489479184150696 0.3326996862888336
vt 0.5016304850578308 0.34515029191970825
vt 0.47489479184150696 0.3326996862888336
vt 0.5271039009094238 0.33986741304397583
vt 0.5031747221946716 0.3355138897895813
vt 0.5271039009094238 0.33986741304397583
vt 0.47489479184150696 0.3326996862888336
vt 0.5031747221946716 0.3355138897895813
vt 0.47489479184150696 0.3326996862888336
vt 0.5378412008285522 0.3241254985332489
vt 0.5244516730308533 0.2990540862083435
vt 0.5378412008285522 0.3241254985332489
vt 0.47489479184150696 0.3326996862888336
vt 0.4627079963684082 0.1101687029004097
vt 0.4656876027584076 0.12196890264749527
vt 0.4548059105873108 0.31808510422706604
vt 0.45764750242233276 0.09861353784799576
vt 0.4627079963684082 0.1101687029004097
vt 0.4548059105873108 0.31808510422706604
vt 0.45686060190200806 0.34952959418296814
vt 0.4741632044315338 0.3427388072013855
vt 0.4743941128253937 0.3508669137954712
vt 0.5016304850578308 0.34515029191970825
vt 0.4743941128253937 0.3508669137954712
vt 0.4741632044315338 0.3427388072013855
vt 0.46460819244384766 0.3530142903327942
vt 0.45686060190200806 0.34952959418296814
vt 0.4743941128253937 0.3508669137954712
vt 0.4621613919734955 0.3573811948299408
vt 0.46460819244384766 0.3530142903327942
vt 0.4743941128253937 0.3508669137954712
vt 0.47500771284103394 0.35157808661460876
vt 0.4621613919734955 0.3573811948299408
vt 0.4743941128253937 0.3508669137954712
vt 0.5016304850578308 0.34515029191970825
vt 0.47500771284103394 0.35157808661460876
vt 0.4743941128253937 0.3508669137954712
vt 0.4564143121242523 0.35564228892326355
vt 0.4525618851184845 0.3568665087223053
vt 0.45686060190200806 0.34952959418296814
vt 0.4335067868232727 0.3622801899909973
vt 0.45686060190200806 0.34952959418296814
vt 0.4525618851184845 0.3568665087223053
vt 0.46460819244384766 0.3530142903327942
vt 0.4564143121242523 0.35564228892326355
vt 0.45686060190200806 0.34952959418296814
vt 0.4516980051994324 0.36152440309524536
vt 0.4525618851184845 0.3568665087223053
vt 0.4564143121242523 0.35564228892326355
vt 0.4333113133907318 0.3623928129673004
vt 0.4525618851184845 0.3568665087223053
vt 0.4449510872364044 0.3583652973175049
vt 0.4516980051994324 0.36152440309524536
vt 0.4449510872364044 0.3583652973175049
vt 0.4525618851184845 0.3568665087223053
vt 0.4333113133907318 0.3623928129673004
vt 0.4335067868232727 0.3622801899909973
vt 0.4525618851184845 0.3568665087223053
vt 0.4621613919734955 0.3573811948299408
vt 0.4564143121242523 0.35564228892326355
vt 0.46460819244384766 0.3530142903327942
vt 0.4621613919734955 0.3573811948299408
vt 0.4516980051994324 0.36152440309524536
vt 0.4564143121242523 0.35564228892326355
vt 0.4196147918701172 0.3615109920501709
vt 0.4333113133907318 0.3623928129673004
vt 0.4449510872364044 0.3583652973175049
vt 0.44282281398773193 0.3544977009296417
vt 0.4196147918701172 0.3615109920501709
vt 0.4449510872364044 0.3583652973175049
vt 0.4488970935344696 0.358572393655777
vt 0.44282281398773193 0.3544977009296417
vt 0.4449510872364044 0.3583652973175049
vt 0.4516980051994324 0.36152440309524536
vt 0.4488970935344696 0.358572393655777
vt 0.4449510872364044 0.3583652973175049
vt 0.3264760971069336 0.3855080008506775
vt 0.4335067868232727 0.3622801899909973
vt 0.4333113133907318 0.3623928129673004
vt 0.3691706955432892 0.3823145031929016
vt 0.4335067868232727 0.3622801899909973
vt 0.3264760971069336 0.3855080008506775
vt 0.3264760971069336 0.3855080008506775
vt 0.4333113133907318 0.3623928129673004
vt 0.4196147918701172 0.3615109920501709
vt 0.44282281398773193 0.3544977009296417
vt 0.43113788962364197 0.357279509305954
vt 0.4196147918701172 0.3615109920501709
vt 0.4484789967536926 0.3432387113571167
vt 0.4196147918701172 0.3615109920501709
vt 0.43113788962364197 0.357279509305954
vt 0.4593009054660797 0.33122318983078003
vt 0.3264760971069336 0.3855080008506775
vt 0.4196147918701172 0.3615109920501709
vt 0.4484789967536926 0.3432387113571167
vt 0.4593009054660797 0.33122318983078003
vt 0.4196147918701172 0.3615109920501709
vt 0.4484789967536926 0.3432387113571167
vt 0.43113788962364197 0.357279509305954
vt 0.44282281398773193 0.3544977009296417
vt 0.4484789967536926 0.3432387113571167
vt 0.44282281398773193 0.3544977009296417
vt 0.4488970935344696 0.358572393655777
vt 0.44906848669052124 0.3589741885662079
vt 0.4488970935344696 0.358572393655777
vt 0.4516980051994324 0.36152440309524536
vt 0.4593009054660797 0.33122318983078003
vt 0.4488970935344696 0.358572393655777
vt 0.44906848669052124 0.3589741885662079
vt 0.4484789967536926 0.3432387113571167
vt 0.4488970935344696 0.358572393655777
vt 0.4593009054660797 0.33122318983078003
vt 0.4608233869075775 0.36661720275878906
vt 0.4516980051994324 0.36152440309524536
vt 0.4621613919734955 0.3573811948299408
vt 0.4493921995162964 0.36969518661499023
vt 0.44906848669052124 0.3589741885662079
vt 0.4516980051994324 0.36152440309524536
vt 0.4608233869075775 0.36661720275878906
vt 0.4493921995162964 0.36969518661499023
vt 0.4516980051994324 0.36152440309524536
vt 0.4684543013572693 0.363084614276886
vt 0.4621613919734955 0.3573811948299408
vt 0.47500771284103394 0.35157808661460876
vt 0.4684543013572693 0.363084614276886
vt 0.4608233869075775 0.36661720275878906
vt 0.4621613919734955 0.3573811948299408
vt 0.4766390025615692 0.3547844886779785
vt 0.4684543013572693 0.363084614276886
vt 0.47500771284103394 0.35157808661460876
vt 0.5016304850578308 0.34515029191970825
vt 0.4766390025615692 0.3547844886779785
vt 0.47500771284103394 0.35157808661460876
vt 0.4493921995162964 0.36969518661499023
vt 0.4470146894454956 0.3653874099254608
vt 0.44906848669052124 0.3589741885662079
vt 0.46447131037712097 0.3356595039367676
vt 0.44906848669052124 0.3589741885662079
vt 0.4470146894454956 0.3653874099254608
vt 0.46447131037712097 0.3356595039367676
vt 0.4593009054660797 0.33122318983078003
vt 0.44906848669052124 0.3589741885662079
vt 0.42601969838142395 0.3764190077781677
vt 0.4470146894454956 0.3653874099254608
vt 0.4493921995162964 0.36969518661499023
vt 0.42601969838142395 0.3764190077781677
vt 0.45324718952178955 0.35399729013442993
vt 0.4470146894454956 0.3653874099254608
vt 0.46447131037712097 0.3356595039367676
vt 0.4470146894454956 0.3653874099254608
vt 0.45324718952178955 0.35399729013442993
vt 0.4337466061115265 0.38573721051216125
vt 0.4493921995162964 0.36969518661499023
vt 0.4608233869075775 0.36661720275878906
vt 0.4337466061115265 0.38573721051216125
vt 0.42601969838142395 0.3764190077781677
vt 0.4493921995162964 0.36969518661499023
vt 0.4339052140712738 0.38595330715179443
vt 0.4608233869075775 0.36661720275878906
vt 0.4684543013572693 0.363084614276886
vt 0.4339052140712738 0.38595330715179443
vt 0.4337466061115265 0.38573721051216125
vt 0.4608233869075775 0.36661720275878906
vt 0.4766390025615692 0.3547844886779785
vt 0.4770391881465912 0.3593766987323761
vt 0.4684543013572693 0.363084614276886
vt 0.4339052140712738 0.38595330715179443
vt 0.4684543013572693 0.363084614276886
vt 0.4770391881465912 0.3593766987323761
vt 0.5031322836875916 0.3493573069572449
vt 0.4770391881465912 0.3593766987323761
vt 0.4766390025615692 0.3547844886779785
vt 0.4339052140712738 0.38595330715179443
vt 0.4770391881465912 0.3593766987323761
vt 0.5031322836875916 0.3493573069572449
vt 0.5016304850578308 0.34515029191970825
vt 0.5031322836875916 0.3493573069572449
vt 0.4766390025615692 0.3547844886779785
vt 0.5016304850578308 0.34515029191970825
vt 0.5271039009094238 0.33986741304397583
vt 0.5031322836875916 0.3493573069572449
vt 0.45609360933303833 0.41645321249961853
vt 0.5031322836875916 0.3493573069572449
vt 0.5271039009094238 0.33986741304397583
vt 0.45609360933303833 0.41645321249961853
vt 0.4339052140712738 0.38595330715179443
vt 0.5031322836875916 0.3493573069572449
vt 0.510199785232544 0.37462860345840454
vt 0.45609360933303833 0.41645321249961853
vt 0.5271039009094238 0.33986741304397583
vt 0.5326681733131409 0.33189359307289124
vt 0.510199785232544 0.37462860345840454
vt 0.5271039009094238 0.33986741304397583
vt 0.5031747221946716 0.3355138897895813
vt 0.5326681733131409 0.33189359307289124
vt 0.5271039009094238 0.33986741304397583
vt 0.44714149832725525 0.359706312417984
vt 0.4644274115562439 0.34163668751716614
vt 0.45324718952178955 0.35399729013442993
vt 0.46447131037712097 0.3356595039367676
vt 0.45324718952178955 0.35399729013442993
vt 0.4644274115562439 0.34163668751716614
vt 0.42601969838142395 0.3764190077781677
vt 0.44714149832725525 0.359706312417984
vt 0.45324718952178955 0.35399729013442993
vt 0.4322468042373657 0.3497160077095032
vt 0.4644274115562439 0.34163668751716614
vt 0.44714149832725525 0.359706312417984
vt 0.49129369854927063 0.29279738664627075
vt 0.46447131037712097 0.3356595039367676
vt 0.4644274115562439 0.34163668751716614
vt 0.4322468042373657 0.3497160077095032
vt 0.49129369854927063 0.29279738664627075
vt 0.4644274115562439 0.34163668751716614
vt 0.4000684916973114 0.3886643052101135
vt 0.44714149832725525 0.359706312417984
vt 0.42601969838142395 0.3764190077781677
vt 0.4000684916973114 0.3886643052101135
vt 0.4322468042373657 0.3497160077095032
vt 0.44714149832725525 0.359706312417984
vt 0.37624409794807434 0.4177362024784088
vt 0.42601969838142395 0.3764190077781677
vt 0.4337466061115265 0.38573721051216125
vt 0.3868776857852936 0.39772629737854004
vt 0.42601969838142395 0.3764190077781677
vt 0.37624409794807434 0.4177362024784088
vt 0.4000684916973114 0.3886643052101135
vt 0.42601969838142395 0.3764190077781677
vt 0.3868776857852936 0.39772629737854004
vt 0.3731667995452881 0.44056370854377747
vt 0.4337466061115265 0.38573721051216125
vt 0.4339052140712738 0.38595330715179443
vt 0.37624409794807434 0.4177362024784088
vt 0.4337466061115265 0.38573721051216125
vt 0.3731667995452881 0.44056370854377747
vt 0.3731667995452881 0.44056370854377747
vt 0.4339052140712738 0.38595330715179443
vt 0.45609360933303833 0.41645321249961853
vt 0.5016598105430603 0.4400734007358551
vt 0.45609360933303833 0.41645321249961853
vt 0.510199785232544 0.37462860345840454
vt 0.49168848991394043 0.49600130319595337
vt 0.45609360933303833 0.41645321249961853
vt 0.5016598105430603 0.4400734007358551
vt 0.4831697940826416 0.4999051094055176
vt 0.3731667995452881 0.44056370854377747
vt 0.45609360933303833 0.41645321249961853
vt 0.49168848991394043 0.49600130319595337
vt 0.4831697940826416 0.4999051094055176
vt 0.45609360933303833 0.41645321249961853
vt 0.5382568836212158 0.3242991864681244
vt 0.538680911064148 0.32447418570518494
vt 0.510199785232544 0.37462860345840454
vt 0.5378412008285522 0.3241254985332489
vt 0.5382568836212158 0.3242991864681244
vt 0.510199785232544 0.37462860345840454
vt 0.5326681733131409 0.33189359307289124
vt 0.5378412008285522 0.3241254985332489
vt 0.510199785232544 0.37462860345840454
vt 0.5378412008285522 0.3241254985332489
vt 0.538680911064148 0.32447418570518494
vt 0.5382568836212158 0.3242991864681244
vt 0.5387306809425354 0.3227689862251282
vt 0.538680911064148 0.32447418570518494
vt 0.5378412008285522 0.3241254985332489
vt 0.5391573905944824 0.322936087846756
vt 0.538680911064148 0.32447418570518494
vt 0.5387306809425354 0.3227689862251282
vt 0.5031747221946716 0.3355138897895813
vt 0.5378412008285522 0.3241254985332489
vt 0.5326681733131409 0.33189359307289124
vt 0.5387306809425354 0.3227689862251282
vt 0.5378412008285522 0.3241254985332489
vt 0.5244516730308533 0.2990540862083435
vt 0.5396289229393005 0.32140690088272095
vt 0.5387306809425354 0.3227689862251282
vt 0.5244516730308533 0.2990540862083435
vt 0.5268583297729492 0.2971912920475006
vt 0.5396289229393005 0.32140690088272095
vt 0.5244516730308533 0.2990540862083435
vt 0.5391573905944824 0.322936087846756
vt 0.5387306809425354 0.3227689862251282
vt 0.5396289229393005 0.32140690088272095
vt 0.2966825067996979 0.49041810631752014
vt 0.26207420229911804 0.4714919924736023
vt 0.136701300740242 0.4107995927333832
vt 0.13213349878787994 0.41312891244888306
vt 0.136701300740242 0.4107995927333832
vt 0.26207420229911804 0.4714919924736023
vt 0.19002190232276917 0.42753228545188904
vt 0.2966825067996979 0.49041810631752014
vt 0.136701300740242 0.4107995927333832
vt 0.2335692048072815 0.4187147915363312
vt 0.19002190232276917 0.42753228545188904
vt 0.136701300740242 0.4107995927333832
vt 0.14849840104579926 0.40449801087379456
vt 0.2335692048072815 0.4187147915363312
vt 0.136701300740242 0.4107995927333832
vt 0.1232403963804245 0.39974111318588257
vt 0.14849840104579926 0.40449801087379456
vt 0.136701300740242 0.4107995927333832
vt 0.1277357041835785 0.40421828627586365
vt 0.136701300740242 0.4107995927333832
vt 0.13406039774417877 0.40964630246162415
vt 0.13213349878787994 0.41312891244888306
vt 0.13406039774417877 0.40964630246162415
vt 0.136701300740242 0.4107995927333832
vt 0.1277357041835785 0.40421828627586365
vt 0.1232403963804245 0.39974111318588257
vt 0.136701300740242 0.4107995927333832
vt 0.13213349878787994 0.41312891244888306
vt 0.26207420229911804 0.4714919924736023
vt 0.2966825067996979 0.49041810631752014
vt 0.25432899594306946 0.43996620178222656
vt 0.323986291885376 0.4693480134010315
vt 0.2966825067996979 0.49041810631752014
vt 0.38178470730781555 0.5411853790283203
vt 0.2966825067996979 0.49041810631752014
vt 0.323986291885376 0.4693480134010315
vt 0.22687360644340515 0.4356774091720581
vt 0.25432899594306946 0.43996620178222656
vt 0.2966825067996979 0.49041810631752014
vt 0.19002190232276917 0.42753228545188904
vt 0.22687360644340515 0.4356774091720581
vt 0.2966825067996979 0.49041810631752014
vt 0.347128689289093 0.5634871125221252
vt 0.2966825067996979 0.49041810631752014
vt 0.38178470730781555 0.5411853790283203
vt 0.2302241027355194 0.501174807548523
vt 0.13213349878787994 0.41312891244888306
vt 0.2966825067996979 0.49041810631752014
vt 0.347128689289093 0.5634871125221252
vt 0.2302241027355194 0.501174807548523
vt 0.2966825067996979 0.49041810631752014
vt 0.25432899594306946 0.43996620178222656
vt 0.34773579239845276 0.443199098110199
vt 0.323986291885376 0.4693480134010315
vt 0.437364399433136 0.5183792114257812
vt 0.323986291885376 0.4693480134010315
vt 0.34773579239845276 0.443199098110199
vt 0.437364399433136 0.5183792114257812
vt 0.38178470730781555 0.5411853790283203
vt 0.323986291885376 0.4693480134010315
vt 0.3064107894897461 0.4350554943084717
vt 0.34773579239845276 0.443199098110199
vt 0.25432899594306946 0.43996620178222656
vt 0.437364399433136 0.5183792114257812
vt 0.34773579239845276 0.443199098110199
vt 0.3731667995452881 0.44056370854377747
vt 0.37624409794807434 0.4177362024784088
vt 0.3731667995452881 0.44056370854377747
vt 0.34773579239845276 0.443199098110199
vt 0.37624409794807434 0.4177362024784088
vt 0.34773579239845276 0.443199098110199
vt 0.3064107894897461 0.4350554943084717
vt 0.3064107894897461 0.4350554943084717
vt 0.25432899594306946 0.43996620178222656
vt 0.22687360644340515 0.4356774091720581
vt 0.2335692048072815 0.4187147915363312
vt 0.22687360644340515 0.4356774091720581
vt 0.19002190232276917 0.42753228545188904
vt 0.2836037874221802 0.41996240615844727
vt 0.3064107894897461 0.4350554943084717
vt 0.22687360644340515 0.4356774091720581
vt 0.2335692048072815 0.4187147915363312
vt 0.2836037874221802 0.41996240615844727
vt 0.22687360644340515 0.4356774091720581
vt 0.4831697940826416 0.4999051094055176
vt 0.437364399433136 0.5183792114257812
vt 0.3731667995452881 0.44056370854377747
vt 0.39412230253219604 0.548369824886322
vt 0.38178470730781555 0.5411853790283203
vt 0.437364399433136 0.5183792114257812
vt 0.40094059705734253 0.5606420040130615
vt 0.347128689289093 0.5634871125221252
vt 0.38178470730781555 0.5411853790283203
vt 0.39412230253219604 0.548369824886322
vt 0.40094059705734253 0.5606420040130615
vt 0.38178470730781555 0.5411853790283203
vt 0.4355306029319763 0.5512620210647583
vt 0.437364399433136 0.5183792114257812
vt 0.4831697940826416 0.4999051094055176
vt 0.39412230253219604 0.548369824886322
vt 0.437364399433136 0.5183792114257812
vt 0.4065572917461395 0.5543649196624756
vt 0.4181702136993408 0.551486611366272
vt 0.4065572917461395 0.5543649196624756
vt 0.437364399433136 0.5183792114257812
vt 0.4355306029319763 0.5512620210647583
vt 0.4181702136993408 0.551486611366272
vt 0.437364399433136 0.5183792114257812
vt 0.5982686281204224 0.5259947180747986
vt 0.4831697940826416 0.4999051094055176
vt 0.49168848991394043 0.49600130319595337
vt 0.48162010312080383 0.5575380921363831
vt 0.4831697940826416 0.4999051094055176
vt 0.5982686281204224 0.5259947180747986
vt 0.45680519938468933 0.5533738136291504
vt 0.4355306029319763 0.5512620210647583
vt 0.4831697940826416 0.4999051094055176
vt 0.48162010312080383 0.5575380921363831
vt 0.45680519938468933 0.5533738136291504
vt 0.4831697940826416 0.4999051094055176
vt 0.33889448642730713 0.4128448963165283
vt 0.37624409794807434 0.4177362024784088
vt 0.3064107894897461 0.4350554943084717
vt 0.3344961106777191 0.4137724041938782
vt 0.33889448642730713 0.4128448963165283
vt 0.3064107894897461 0.4350554943084717
vt 0.2836037874221802 0.41996240615844727
vt 0.3344961106777191 0.4137724041938782
vt 0.3064107894897461 0.4350554943084717
vt 0.33889448642730713 0.4128448963165283
vt 0.3868776857852936 0.39772629737854004
vt 0.37624409794807434 0.4177362024784088
vt 0.4000684916973114 0.3886643052101135
vt 0.3868776857852936 0.39772629737854004
vt 0.33889448642730713 0.4128448963165283
vt 0.4000684916973114 0.3886643052101135
vt 0.33889448642730713 0.4128448963165283
vt 0.3344961106777191 0.4137724041938782
vt 0.2979283928871155 0.3979929983615875
vt 0.3344961106777191 0.4137724041938782
vt 0.2836037874221802 0.41996240615844727
vt 0.32945480942726135 0.38711339235305786
vt 0.4000684916973114 0.3886643052101135
vt 0.3344961106777191 0.4137724041938782
vt 0.2979283928871155 0.3979929983615875
vt 0.32945480942726135 0.38711339235305786
vt 0.3344961106777191 0.4137724041938782
vt 0.25934699177742004 0.4017867147922516
vt 0.2836037874221802 0.41996240615844727
vt 0.2335692048072815 0.4187147915363312
vt 0.25934699177742004 0.4017867147922516
vt 0.2979283928871155 0.3979929983615875
vt 0.2836037874221802 0.41996240615844727
vt 0.14849840104579926 0.40449801087379456
vt 0.15942050516605377 0.4029158055782318
vt 0.2335692048072815 0.4187147915363312
vt 0.2193412035703659 0.39796170592308044
vt 0.2335692048072815 0.4187147915363312
vt 0.15942050516605377 0.4029158055782318
vt 0.2193412035703659 0.39796170592308044
vt 0.25934699177742004 0.4017867147922516
vt 0.2335692048072815 0.4187147915363312
vt 0.13365699350833893 0.3967810869216919
vt 0.15942050516605377 0.4029158055782318
vt 0.14849840104579926 0.40449801087379456
vt 0.13365699350833893 0.3967810869216919
vt 0.1512794941663742 0.39987310767173767
vt 0.15942050516605377 0.4029158055782318
vt 0.2193412035703659 0.39796170592308044
vt 0.15942050516605377 0.4029158055782318
vt 0.1512794941663742 0.39987310767173767
vt 0.1232403963804245 0.39974111318588257
vt 0.13365699350833893 0.3967810869216919
vt 0.14849840104579926 0.40449801087379456
vt 0.1277357041835785 0.40421828627586365
vt 0.13406039774417877 0.40964630246162415
vt 0.13146349787712097 0.4085122048854828
vt 0.13213349878787994 0.41312891244888306
vt 0.13146349787712097 0.4085122048854828
vt 0.13406039774417877 0.40964630246162415
vt 0.10232769697904587 0.4030947983264923
vt 0.1277357041835785 0.40421828627586365
vt 0.13146349787712097 0.4085122048854828
vt 0.1294115036725998 0.4119948148727417
vt 0.10232769697904587 0.4030947983264923
vt 0.13146349787712097 0.4085122048854828
vt 0.13213349878787994 0.41312891244888306
vt 0.1294115036725998 0.4119948148727417
vt 0.13146349787712097 0.4085122048854828
vt 0.13365699350833893 0.3967810869216919
vt 0.14342080056667328 0.39659959077835083
vt 0.1512794941663742 0.39987310767173767
vt 0.2193412035703659 0.39796170592308044
vt 0.1512794941663742 0.39987310767173767
vt 0.14342080056667328 0.39659959077835083
vt 0.12258929759263992 0.398565411567688
vt 0.14342080056667328 0.39659959077835083
vt 0.13365699350833893 0.3967810869216919
vt 0.1628292053937912 0.3954117000102997
vt 0.2193412035703659 0.39796170592308044
vt 0.14342080056667328 0.39659959077835083
vt 0.105069600045681 0.3737286925315857
vt 0.1628292053937912 0.3954117000102997
vt 0.14342080056667328 0.39659959077835083
vt 0.10414840281009674 0.37946608662605286
vt 0.105069600045681 0.3737286925315857
vt 0.14342080056667328 0.39659959077835083
vt 0.10684599727392197 0.3820405900478363
vt 0.10414840281009674 0.37946608662605286
vt 0.14342080056667328 0.39659959077835083
vt 0.12182330340147018 0.39738258719444275
vt 0.10684599727392197 0.3820405900478363
vt 0.14342080056667328 0.39659959077835083
vt 0.12258929759263992 0.398565411567688
vt 0.12182330340147018 0.39738258719444275
vt 0.14342080056667328 0.39659959077835083
vt 0.12258929759263992 0.398565411567688
vt 0.13365699350833893 0.3967810869216919
vt 0.1232403963804245 0.39974111318588257
vt 0.10232769697904587 0.4030947983264923
vt 0.1232403963804245 0.39974111318588257
vt 0.1277357041835785 0.40421828627586365
vt 0.1114749014377594 0.39836791157722473
vt 0.1232403963804245 0.39974111318588257
vt 0.10232769697904587 0.4030947983264923
vt 0.10006660223007202 0.39570099115371704
vt 0.1232403963804245 0.39974111318588257
vt 0.1114749014377594 0.39836791157722473
vt 0.07492409646511078 0.37851110100746155
vt 0.1232403963804245 0.39974111318588257
vt 0.10006660223007202 0.39570099115371704
vt 0.07492409646511078 0.37851110100746155
vt 0.12258929759263992 0.398565411567688
vt 0.1232403963804245 0.39974111318588257
vt 0.06570731848478317 0.3773222863674164
vt 0.04380739852786064 0.3493621051311493
vt 0.043492261320352554 0.34752708673477173
vt 0.04506815969944 0.3438219130039215
vt 0.043492261320352554 0.34752708673477173
vt 0.04380739852786064 0.3493621051311493
vt 0.04360472038388252 0.33828601241111755
vt 0.06570731848478317 0.3773222863674164
vt 0.043492261320352554 0.34752708673477173
vt 0.04469718039035797 0.34088629484176636
vt 0.043492261320352554 0.34752708673477173
vt 0.04506815969944 0.3438219130039215
vt 0.04326990991830826 0.34675168991088867
vt 0.043492261320352554 0.34752708673477173
vt 0.04469718039035797 0.34088629484176636
vt 0.042888201773166656 0.34227150678634644
vt 0.04360472038388252 0.33828601241111755
vt 0.043492261320352554 0.34752708673477173
vt 0.043097831308841705 0.34596559405326843
vt 0.043492261320352554 0.34752708673477173
vt 0.04326990991830826 0.34675168991088867
vt 0.042888201773166656 0.34227150678634644
vt 0.043492261320352554 0.34752708673477173
vt 0.043097831308841705 0.34596559405326843
vt 0.06570731848478317 0.3773222863674164
vt 0.0434860996901989 0.3505665957927704
vt 0.04380739852786064 0.3493621051311493
vt 0.04506815969944 0.3438219130039215
vt 0.04380739852786064 0.3493621051311493
vt 0.0434860996901989 0.3505665957927704
vt 0.06570731848478317 0.3773222863674164
vt 0.07677064090967178 0.3906446099281311
vt 0.0434860996901989 0.3505665957927704
vt 0.07414241135120392 0.39408978819847107
vt 0.0434860996901989 0.3505665957927704
vt 0.07677064090967178 0.3906446099281311
vt 0.04255478084087372 0.3477989137172699
vt 0.04506815969944 0.3438219130039215
vt 0.0434860996901989 0.3505665957927704
vt 0.04255478084087372 0.3477989137172699
vt 0.0434860996901989 0.3505665957927704
vt 0.04249536991119385 0.35169029235839844
vt 0.04303703084588051 0.35120889544487
vt 0.04249536991119385 0.35169029235839844
vt 0.0434860996901989 0.3505665957927704
vt 0.07414241135120392 0.39408978819847107
vt 0.04303703084588051 0.35120889544487
vt 0.0434860996901989 0.3505665957927704
vt 0.10006660223007202 0.39570099115371704
vt 0.10232769697904587 0.4030947983264923
vt 0.07677064090967178 0.3906446099281311
vt 0.07414241135120392 0.39408978819847107
vt 0.07677064090967178 0.3906446099281311
vt 0.10232769697904587 0.4030947983264923
vt 0.06570731848478317 0.3773222863674164
vt 0.10006660223007202 0.39570099115371704
vt 0.07677064090967178 0.3906446099281311
vt 0.10006660223007202 0.39570099115371704
vt 0.1114749014377594 0.39836791157722473
vt 0.10232769697904587 0.4030947983264923
vt 0.12744499742984772 0.41512060165405273
vt 0.07414241135120392 0.39408978819847107
vt 0.10232769697904587 0.4030947983264923
vt 0.1294115036725998 0.4119948148727417
vt 0.12744499742984772 0.41512060165405273
vt 0.10232769697904587 0.4030947983264923
vt 0.07492409646511078 0.37851110100746155
vt 0.10006660223007202 0.39570099115371704
vt 0.06570731848478317 0.3773222863674164
vt 0.07492409646511078 0.37851110100746155
vt 0.06570731848478317 0.3773222863674164
vt 0.04360472038388252 0.33828601241111755
vt 0.05198159068822861 0.34218451380729675
vt 0.05208154022693634 0.34064579010009766
vt 0.05152219906449318 0.33857429027557373
vt 0.11349230259656906 0.35693758726119995
vt 0.05152219906449318 0.33857429027557373
vt 0.05208154022693634 0.34064579010009766
vt 0.04469718039035797 0.34088629484176636
vt 0.05198159068822861 0.34218451380729675
vt 0.05152219906449318 0.33857429027557373
vt 0.04460379108786583 0.33215218782424927
vt 0.04469718039035797 0.34088629484176636
vt 0.05152219906449318 0.33857429027557373
vt 0.05064354091882706 0.33455559611320496
vt 0.05152219906449318 0.33857429027557373
vt 0.11349230259656906 0.35693758726119995
vt 0.04460379108786583 0.33215218782424927
vt 0.05152219906449318 0.33857429027557373
vt 0.05064354091882706 0.33455559611320496
vt 0.11349230259656906 0.35693758726119995
vt 0.05208154022693634 0.34064579010009766
vt 0.05198159068822861 0.34218451380729675
vt 0.04469718039035797 0.34088629484176636
vt 0.04506815969944 0.3438219130039215
vt 0.05198159068822861 0.34218451380729675
vt 0.05166168883442879 0.3429498076438904
vt 0.05198159068822861 0.34218451380729675
vt 0.04506815969944 0.3438219130039215
vt 0.05166168883442879 0.3429498076438904
vt 0.11349230259656906 0.35693758726119995
vt 0.05198159068822861 0.34218451380729675
vt 0.04458333179354668 0.34475329518318176
vt 0.05166168883442879 0.3429498076438904
vt 0.04506815969944 0.3438219130039215
vt 0.04458333179354668 0.34475329518318176
vt 0.04506815969944 0.3438219130039215
vt 0.04255478084087372 0.3477989137172699
vt 0.04460379108786583 0.33215218782424927
vt 0.04360472038388252 0.33828601241111755
vt 0.04469718039035797 0.34088629484176636
vt 0.042888201773166656 0.34227150678634644
vt 0.04469718039035797 0.34088629484176636
vt 0.04360472038388252 0.33828601241111755
vt 0.043097831308841705 0.34596559405326843
vt 0.04326990991830826 0.34675168991088867
vt 0.04469718039035797 0.34088629484176636
vt 0.042888201773166656 0.34227150678634644
vt 0.043097831308841705 0.34596559405326843
vt 0.04469718039035797 0.34088629484176636
vt 0.05070871114730835 0.3256272077560425
vt 0.11349230259656906 0.35693758726119995
vt 0.049469608813524246 0.321676105260849
vt 0.4032424986362457 0.185309499502182
vt 0.049469608813524246 0.321676105260849
vt 0.11349230259656906 0.35693758726119995
vt 0.044754210859537125 0.3313176929950714
vt 0.05070871114730835 0.3256272077560425
vt 0.049469608813524246 0.321676105260849
vt 0.0436454601585865 0.3242897093296051
vt 0.044754210859537125 0.3313176929950714
vt 0.049469608813524246 0.321676105260849
vt 0.04757438972592354 0.31641221046447754
vt 0.0436454601585865 0.3242897093296051
vt 0.049469608813524246 0.321676105260849
vt 0.2897759974002838 0.15391969680786133
vt 0.04757438972592354 0.31641221046447754
vt 0.049469608813524246 0.321676105260849
vt 0.4032424986362457 0.185309499502182
vt 0.2897759974002838 0.15391969680786133
vt 0.049469608813524246 0.321676105260849
vt 0.051250770688056946 0.3435451090335846
vt 0.0944133773446083 0.3607726991176605
vt 0.11349230259656906 0.35693758726119995
vt 0.1358651965856552 0.36575210094451904
vt 0.11349230259656906 0.35693758726119995
vt 0.0944133773446083 0.3607726991176605
vt 0.05166168883442879 0.3429498076438904
vt 0.051250770688056946 0.3435451090335846
vt 0.11349230259656906 0.35693758726119995
vt 0.05101371929049492 0.33015599846839905
vt 0.05064354091882706 0.33455559611320496
vt 0.11349230259656906 0.35693758726119995
vt 0.05109737068414688 0.32964828610420227
vt 0.05101371929049492 0.33015599846839905
vt 0.11349230259656906 0.35693758726119995
vt 0.05113869905471802 0.32911691069602966
vt 0.05109737068414688 0.32964828610420227
vt 0.11349230259656906 0.35693758726119995
vt 0.05070871114730835 0.3256272077560425
vt 0.05113869905471802 0.32911691069602966
vt 0.11349230259656906 0.35693758726119995
vt 0.4032424986362457 0.185309499502182
vt 0.11349230259656906 0.35693758726119995
vt 0.1358651965856552 0.36575210094451904
vt 0.03264473006129265 0.3211854100227356
vt 0.09334257245063782 0.3516818881034851
vt 0.0944133773446083 0.3607726991176605
vt 0.21615859866142273 0.38764119148254395
vt 0.0944133773446083 0.3607726991176605
vt 0.09334257245063782 0.3516818881034851
vt 0.04291006177663803 0.33990558981895447
vt 0.03264473006129265 0.3211854100227356
vt 0.0944133773446083 0.3607726991176605
vt 0.044025968760252 0.3411236107349396
vt 0.04291006177663803 0.33990558981895447
vt 0.0944133773446083 0.3607726991176605
vt 0.051250770688056946 0.3435451090335846
vt 0.044025968760252 0.3411236107349396
vt 0.0944133773446083 0.3607726991176605
vt 0.21615859866142273 0.38764119148254395
vt 0.21862690150737762 0.38505691289901733
vt 0.0944133773446083 0.3607726991176605
vt 0.1358651965856552 0.36575210094451904
vt 0.0944133773446083 0.3607726991176605
vt 0.21862690150737762 0.38505691289901733
vt 0.024755269289016724 0.2597920000553131
vt 0.10796400159597397 0.33618760108947754
vt 0.09334257245063782 0.3516818881034851
vt 0.2156561017036438 0.38341519236564636
vt 0.09334257245063782 0.3516818881034851
vt 0.10796400159597397 0.33618760108947754
vt 0.024590739980340004 0.2770206034183502
vt 0.024755269289016724 0.2597920000553131
vt 0.09334257245063782 0.3516818881034851
vt 0.025432640686631203 0.29229530692100525
vt 0.024590739980340004 0.2770206034183502
vt 0.09334257245063782 0.3516818881034851
vt 0.025734469294548035 0.29487329721450806
vt 0.025432640686631203 0.29229530692100525
vt 0.09334257245063782 0.3516818881034851
vt 0.026151549071073532 0.2974399924278259
vt 0.025734469294548035 0.29487329721450806
vt 0.09334257245063782 0.3516818881034851
vt 0.02910703979432583 0.3103379011154175
vt 0.026151549071073532 0.2974399924278259
vt 0.09334257245063782 0.3516818881034851
vt 0.03264473006129265 0.3211854100227356
vt 0.02910703979432583 0.3103379011154175
vt 0.09334257245063782 0.3516818881034851
vt 0.2156561017036438 0.38341519236564636
vt 0.21615859866142273 0.38764119148254395
vt 0.09334257245063782 0.3516818881034851
vt 0.21892230212688446 0.31227049231529236
vt 0.10796400159597397 0.33618760108947754
vt 0.024755269289016724 0.2597920000553131
vt 0.12251219898462296 0.3449789881706238
vt 0.2156561017036438 0.38341519236564636
vt 0.10796400159597397 0.33618760108947754
vt 0.12251219898462296 0.3449789881706238
vt 0.10796400159597397 0.33618760108947754
vt 0.21575069427490234 0.3760972023010254
vt 0.21892230212688446 0.31227049231529236
vt 0.21575069427490234 0.3760972023010254
vt 0.10796400159597397 0.33618760108947754
vt 0.0213149506598711 0.2925367057323456
vt 0.024755269289016724 0.2597920000553131
vt 0.024590739980340004 0.2770206034183502
vt 0.025987019762396812 0.241361603140831
vt 0.21892230212688446 0.31227049231529236
vt 0.024755269289016724 0.2597920000553131
vt 0.020965030416846275 0.2599312961101532
vt 0.025987019762396812 0.241361603140831
vt 0.024755269289016724 0.2597920000553131
vt 0.0213149506598711 0.2925367057323456
vt 0.020965030416846275 0.2599312961101532
vt 0.024755269289016724 0.2597920000553131
vt 0.0213149506598711 0.2925367057323456
vt 0.024590739980340004 0.2770206034183502
vt 0.025432640686631203 0.29229530692100525
vt 0.0213149506598711 0.2925367057323456
vt 0.025432640686631203 0.29229530692100525
vt 0.025734469294548035 0.29487329721450806
vt 0.021928930655121803 0.29785868525505066
vt 0.025734469294548035 0.29487329721450806
vt 0.026151549071073532 0.2974399924278259
vt 0.021928930655121803 0.29785868525505066
vt 0.0213149506598711 0.2925367057323456
vt 0.025734469294548035 0.29487329721450806
vt 0.029968809336423874 0.321135014295578
vt 0.026151549071073532 0.2974399924278259
vt 0.02910703979432583 0.3103379011154175
vt 0.029968809336423874 0.321135014295578
vt 0.021928930655121803 0.29785868525505066
vt 0.026151549071073532 0.2974399924278259
vt 0.029968809336423874 0.321135014295578
vt 0.02910703979432583 0.3103379011154175
vt 0.03264473006129265 0.3211854100227356
vt 0.029968809336423874 0.321135014295578
vt 0.03264473006129265 0.3211854100227356
vt 0.04291006177663803 0.33990558981895447
vt 0.0367264598608017 0.3404844105243683
vt 0.04291006177663803 0.33990558981895447
vt 0.044025968760252 0.3411236107349396
vt 0.0367264598608017 0.3404844105243683
vt 0.029968809336423874 0.321135014295578
vt 0.04291006177663803 0.33990558981895447
vt 0.04458333179354668 0.34475329518318176
vt 0.044025968760252 0.3411236107349396
vt 0.051250770688056946 0.3435451090335846
vt 0.04458333179354668 0.34475329518318176
vt 0.0367264598608017 0.3404844105243683
vt 0.044025968760252 0.3411236107349396
vt 0.04458333179354668 0.34475329518318176
vt 0.051250770688056946 0.3435451090335846
vt 0.05166168883442879 0.3429498076438904
vt 0.04460379108786583 0.33215218782424927
vt 0.05064354091882706 0.33455559611320496
vt 0.05101371929049492 0.33015599846839905
vt 0.05113869905471802 0.32911691069602966
vt 0.05101371929049492 0.33015599846839905
vt 0.05109737068414688 0.32964828610420227
vt 0.04460379108786583 0.33215218782424927
vt 0.05101371929049492 0.33015599846839905
vt 0.05113869905471802 0.32911691069602966
vt 0.044754210859537125 0.3313176929950714
vt 0.05113869905471802 0.32911691069602966
vt 0.05070871114730835 0.3256272077560425
vt 0.04460379108786583 0.33215218782424927
vt 0.05113869905471802 0.32911691069602966
vt 0.044754210859537125 0.3313176929950714
vt 0.29450199007987976 0.3910011053085327
vt 0.21862690150737762 0.38505691289901733
vt 0.21615859866142273 0.38764119148254395
vt 0.466095507144928 0.2306378036737442
vt 0.1358651965856552 0.36575210094451904
vt 0.21862690150737762 0.38505691289901733
vt 0.48541250824928284 0.28284579515457153
vt 0.21862690150737762 0.38505691289901733
vt 0.3264760971069336 0.3855080008506775
vt 0.29450199007987976 0.3910011053085327
vt 0.3264760971069336 0.3855080008506775
vt 0.21862690150737762 0.38505691289901733
vt 0.48541250824928284 0.28284579515457153
vt 0.466095507144928 0.2306378036737442
vt 0.21862690150737762 0.38505691289901733
vt 0.3362621068954468 0.37650591135025024
vt 0.21615859866142273 0.38764119148254395
vt 0.2156561017036438 0.38341519236564636
vt 0.3362621068954468 0.37650591135025024
vt 0.29450199007987976 0.3910011053085327
vt 0.21615859866142273 0.38764119148254395
vt 0.12251219898462296 0.3449789881706238
vt 0.21575069427490234 0.3760972023010254
vt 0.2156561017036438 0.38341519236564636
vt 0.3362621068954468 0.37650591135025024
vt 0.2156561017036438 0.38341519236564636
vt 0.21575069427490234 0.3760972023010254
vt 0.34839630126953125 0.11679500341415405
vt 0.3362621068954468 0.37650591135025024
vt 0.21575069427490234 0.3760972023010254
vt 0.21892230212688446 0.31227049231529236
vt 0.34839630126953125 0.11679500341415405
vt 0.21575069427490234 0.3760972023010254
vt 0.466095507144928 0.2306378036737442
vt 0.4032424986362457 0.185309499502182
vt 0.1358651965856552 0.36575210094451904
vt 0.043489281088113785 0.3340466022491455
vt 0.04376189038157463 0.33738210797309875
vt 0.044754210859537125 0.3313176929950714
vt 0.04460379108786583 0.33215218782424927
vt 0.044754210859537125 0.3313176929950714
vt 0.04376189038157463 0.33738210797309875
vt 0.04242384061217308 0.3301335871219635
vt 0.043489281088113785 0.3340466022491455
vt 0.044754210859537125 0.3313176929950714
vt 0.04219214990735054 0.32706978917121887
vt 0.04242384061217308 0.3301335871219635
vt 0.044754210859537125 0.3313176929950714
vt 0.0436454601585865 0.3242897093296051
vt 0.04219214990735054 0.32706978917121887
vt 0.044754210859537125 0.3313176929950714
vt 0.06297437846660614 0.35732629895210266
vt 0.04376189038157463 0.33738210797309875
vt 0.043489281088113785 0.3340466022491455
vt 0.07438144832849503 0.37671521306037903
vt 0.04376189038157463 0.33738210797309875
vt 0.06297437846660614 0.35732629895210266
vt 0.043703678995370865 0.33784469962120056
vt 0.04376189038157463 0.33738210797309875
vt 0.07438144832849503 0.37671521306037903
vt 0.04460379108786583 0.33215218782424927
vt 0.04376189038157463 0.33738210797309875
vt 0.043703678995370865 0.33784469962120056
vt 0.06297437846660614 0.35732629895210266
vt 0.043489281088113785 0.3340466022491455
vt 0.04242384061217308 0.3301335871219635
vt 0.03947947174310684 0.32225820422172546
vt 0.04242384061217308 0.3301335871219635
vt 0.04219214990735054 0.32706978917121887
vt 0.03947947174310684 0.32225820422172546
vt 0.04051411151885986 0.3248802125453949
vt 0.04242384061217308 0.3301335871219635
vt 0.06297437846660614 0.35732629895210266
vt 0.04242384061217308 0.3301335871219635
vt 0.04051411151885986 0.3248802125453949
vt 0.03959690034389496 0.31375640630722046
vt 0.04219214990735054 0.32706978917121887
vt 0.0436454601585865 0.3242897093296051
vt 0.038318850100040436 0.31932419538497925
vt 0.03947947174310684 0.32225820422172546
vt 0.04219214990735054 0.32706978917121887
vt 0.03959690034389496 0.31375640630722046
vt 0.038318850100040436 0.31932419538497925
vt 0.04219214990735054 0.32706978917121887
vt 0.04757438972592354 0.31641221046447754
vt 0.04544530063867569 0.31098678708076477
vt 0.0436454601585865 0.3242897093296051
vt 0.03959690034389496 0.31375640630722046
vt 0.0436454601585865 0.3242897093296051
vt 0.04544530063867569 0.31098678708076477
vt 0.2897759974002838 0.15391969680786133
vt 0.04544530063867569 0.31098678708076477
vt 0.04757438972592354 0.31641221046447754
vt 0.03693807125091553 0.31031671166419983
vt 0.03959690034389496 0.31375640630722046
vt 0.04544530063867569 0.31098678708076477
vt 0.2897759974002838 0.15391969680786133
vt 0.04426361992955208 0.30864840745925903
vt 0.04544530063867569 0.31098678708076477
vt 0.03693807125091553 0.31031671166419983
vt 0.04544530063867569 0.31098678708076477
vt 0.04426361992955208 0.30864840745925903
vt 0.06297437846660614 0.35732629895210266
vt 0.04051411151885986 0.3248802125453949
vt 0.03947947174310684 0.32225820422172546
vt 0.06783144176006317 0.35004928708076477
vt 0.03947947174310684 0.32225820422172546
vt 0.038318850100040436 0.31932419538497925
vt 0.06783144176006317 0.35004928708076477
vt 0.08838079124689102 0.36126041412353516
vt 0.03947947174310684 0.32225820422172546
vt 0.06297437846660614 0.35732629895210266
vt 0.03947947174310684 0.32225820422172546
vt 0.08838079124689102 0.36126041412353516
vt 0.037398070096969604 0.3178246021270752
vt 0.038318850100040436 0.31932419538497925
vt 0.03959690034389496 0.31375640630722046
vt 0.06783144176006317 0.35004928708076477
vt 0.038318850100040436 0.31932419538497925
vt 0.050819188356399536 0.3346548080444336
vt 0.042928941547870636 0.3280281126499176
vt 0.050819188356399536 0.3346548080444336
vt 0.038318850100040436 0.31932419538497925
vt 0.037398070096969604 0.3178246021270752
vt 0.042928941547870636 0.3280281126499176
vt 0.038318850100040436 0.31932419538497925
vt 0.03630043938755989 0.3163079023361206
vt 0.03959690034389496 0.31375640630722046
vt 0.03693807125091553 0.31031671166419983
vt 0.037398070096969604 0.3178246021270752
vt 0.03959690034389496 0.31375640630722046
vt 0.03630043938755989 0.3163079023361206
vt 0.4593009054660797 0.33122318983078003
vt 0.48541250824928284 0.28284579515457153
vt 0.3264760971069336 0.3855080008506775
vt 0.29450199007987976 0.3910011053085327
vt 0.3691706955432892 0.3823145031929016
vt 0.3264760971069336 0.3855080008506775
vt 0.2897759974002838 0.15391969680786133
vt 0.042659301310777664 0.3064908981323242
vt 0.04426361992955208 0.30864840745925903
vt 0.03693807125091553 0.31031671166419983
vt 0.04426361992955208 0.30864840745925903
vt 0.042659301310777664 0.3064908981323242
vt 0.2897759974002838 0.15391969680786133
vt 0.02273287996649742 0.24563850462436676
vt 0.042659301310777664 0.3064908981323242
vt 0.03693807125091553 0.31031671166419983
vt 0.042659301310777664 0.3064908981323242
vt 0.02273287996649742 0.24563850462436676
vt 0.16508589684963226 0.15555620193481445
vt 0.06675586849451065 0.1897605061531067
vt 0.02273287996649742 0.24563850462436676
vt 0.017540400847792625 0.2429260015487671
vt 0.02273287996649742 0.24563850462436676
vt 0.06675586849451065 0.1897605061531067
vt 0.2897759974002838 0.15391969680786133
vt 0.16508589684963226 0.15555620193481445
vt 0.02273287996649742 0.24563850462436676
vt 0.03693807125091553 0.31031671166419983
vt 0.02273287996649742 0.24563850462436676
vt 0.017540400847792625 0.2429260015487671
vt 0.07415671646595001 0.1831783950328827
vt 0.06675586849451065 0.1897605061531067
vt 0.16508589684963226 0.15555620193481445
vt 0.017540400847792625 0.2429260015487671
vt 0.06675586849451065 0.1897605061531067
vt 0.07415671646595001 0.1831783950328827
vt 0.1914132982492447 0.15180009603500366
vt 0.16508589684963226 0.15555620193481445
vt 0.2897759974002838 0.15391969680786133
vt 0.07415671646595001 0.1831783950328827
vt 0.16508589684963226 0.15555620193481445
vt 0.1914132982492447 0.15180009603500366
vt 0.33002570271492004 0.16046500205993652
vt 0.2897759974002838 0.15391969680786133
vt 0.4032424986362457 0.185309499502182
vt 0.1914132982492447 0.15180009603500366
vt 0.2897759974002838 0.15391969680786133
vt 0.33002570271492004 0.16046500205993652
vt 0.44191670417785645 0.20589059591293335
vt 0.4032424986362457 0.185309499502182
vt 0.466095507144928 0.2306378036737442
vt 0.33002570271492004 0.16046500205993652
vt 0.4032424986362457 0.185309499502182
vt 0.44191670417785645 0.20589059591293335
vt 0.4907439053058624 0.27157819271087646
vt 0.466095507144928 0.2306378036737442
vt 0.48541250824928284 0.28284579515457153
vt 0.44191670417785645 0.20589059591293335
vt 0.466095507144928 0.2306378036737442
vt 0.4907439053058624 0.27157819271087646
vt 0.4907439053058624 0.27157819271087646
vt 0.48541250824928284 0.28284579515457153
vt 0.4593009054660797 0.33122318983078003
vt 0.4907439053058624 0.27157819271087646
vt 0.4593009054660797 0.33122318983078003
vt 0.46447131037712097 0.3356595039367676
vt 0.49129369854927063 0.29279738664627075
vt 0.4907439053058624 0.27157819271087646
vt 0.46447131037712097 0.3356595039367676
vt 0.4728214144706726 0.24004429578781128
vt 0.44191670417785645 0.20589059591293335
vt 0.4907439053058624 0.27157819271087646
vt 0.49129369854927063 0.29279738664627075
vt 0.4728214144706726 0.24004429578781128
vt 0.4907439053058624 0.27157819271087646
vt 0.4070081114768982 0.19203269481658936
vt 0.33002570271492004 0.16046500205993652
vt 0.44191670417785645 0.20589059591293335
vt 0.40876269340515137 0.1928659975528717
vt 0.4070081114768982 0.19203269481658936
vt 0.44191670417785645 0.20589059591293335
vt 0.41050589084625244 0.19370779395103455
vt 0.40876269340515137 0.1928659975528717
vt 0.44191670417785645 0.20589059591293335
vt 0.4728214144706726 0.24004429578781128
vt 0.41050589084625244 0.19370779395103455
vt 0.44191670417785645 0.20589059591293335
vt 0.29014480113983154 0.15977950394153595
vt 0.1914132982492447 0.15180009603500366
vt 0.33002570271492004 0.16046500205993652
vt 0.4070081114768982 0.19203269481658936
vt 0.29014480113983154 0.15977950394153595
vt 0.33002570271492004 0.16046500205993652
vt 0.16193029284477234 0.1614823043346405
vt 0.07415671646595001 0.1831783950328827
vt 0.1914132982492447 0.15180009603500366
vt 0.29014480113983154 0.15977950394153595
vt 0.16193029284477234 0.1614823043346405
vt 0.1914132982492447 0.15180009603500366
vt 0.06087727099657059 0.19657790660858154
vt 0.017540400847792625 0.2429260015487671
vt 0.07415671646595001 0.1831783950328827
vt 0.16193029284477234 0.1614823043346405
vt 0.06087727099657059 0.19657790660858154
vt 0.07415671646595001 0.1831783950328827
vt 0.01569465920329094 0.2538573145866394
vt 0.03693807125091553 0.31031671166419983
vt 0.017540400847792625 0.2429260015487671
vt 0.06087727099657059 0.19657790660858154
vt 0.01569465920329094 0.2538573145866394
vt 0.017540400847792625 0.2429260015487671
vt 0.01569465920329094 0.2538573145866394
vt 0.03630043938755989 0.3163079023361206
vt 0.03693807125091553 0.31031671166419983
vt 0.041321441531181335 0.3253292143344879
vt 0.03630043938755989 0.3163079023361206
vt 0.01569465920329094 0.2538573145866394
vt 0.042928941547870636 0.3280281126499176
vt 0.03630043938755989 0.3163079023361206
vt 0.041321441531181335 0.3253292143344879
vt 0.037398070096969604 0.3178246021270752
vt 0.03630043938755989 0.3163079023361206
vt 0.042928941547870636 0.3280281126499176
vt 0.082794688642025 0.2852095067501068
vt 0.01569465920329094 0.2538573145866394
vt 0.06087727099657059 0.19657790660858154
vt 0.0492810383439064 0.33249878883361816
vt 0.041321441531181335 0.3253292143344879
vt 0.01569465920329094 0.2538573145866394
vt 0.06246073171496391 0.33819839358329773
vt 0.0492810383439064 0.33249878883361816
vt 0.01569465920329094 0.2538573145866394
vt 0.07115393877029419 0.33924660086631775
vt 0.06246073171496391 0.33819839358329773
vt 0.01569465920329094 0.2538573145866394
vt 0.082794688642025 0.2852095067501068
vt 0.07115393877029419 0.33924660086631775
vt 0.01569465920329094 0.2538573145866394
vt 0.1571418046951294 0.24725669622421265
vt 0.06087727099657059 0.19657790660858154
vt 0.16193029284477234 0.1614823043346405
vt 0.1571418046951294 0.24725669622421265
vt 0.082794688642025 0.2852095067501068
vt 0.06087727099657059 0.19657790660858154
vt 0.2671603858470917 0.2400389015674591
vt 0.16193029284477234 0.1614823043346405
vt 0.29014480113983154 0.15977950394153595
vt 0.2671603858470917 0.2400389015674591
vt 0.1571418046951294 0.24725669622421265
vt 0.16193029284477234 0.1614823043346405
vt 0.2671603858470917 0.2400389015674591
vt 0.29014480113983154 0.15977950394153595
vt 0.4070081114768982 0.19203269481658936
vt 0.2671603858470917 0.2400389015674591
vt 0.4070081114768982 0.19203269481658936
vt 0.40876269340515137 0.1928659975528717
vt 0.2671603858470917 0.2400389015674591
vt 0.40876269340515137 0.1928659975528717
vt 0.41050589084625244 0.19370779395103455
vt 0.393111914396286 0.23199430108070374
vt 0.41050589084625244 0.19370779395103455
vt 0.4728214144706726 0.24004429578781128
vt 0.2671603858470917 0.2400389015674591
vt 0.41050589084625244 0.19370779395103455
vt 0.393111914396286 0.23199430108070374
vt 0.4221811890602112 0.3055129945278168
vt 0.4728214144706726 0.24004429578781128
vt 0.49129369854927063 0.29279738664627075
vt 0.37060579657554626 0.2665219008922577
vt 0.393111914396286 0.23199430108070374
vt 0.4728214144706726 0.24004429578781128
vt 0.4221811890602112 0.3055129945278168
vt 0.37060579657554626 0.2665219008922577
vt 0.4728214144706726 0.24004429578781128
vt 0.4322468042373657 0.3497160077095032
vt 0.4221811890602112 0.3055129945278168
vt 0.49129369854927063 0.29279738664627075
vt 0.2671603858470917 0.2400389015674591
vt 0.393111914396286 0.23199430108070374
vt 0.37060579657554626 0.2665219008922577
vt 0.3447495102882385 0.29463329911231995
vt 0.37060579657554626 0.2665219008922577
vt 0.4221811890602112 0.3055129945278168
vt 0.28150030970573425 0.3027777075767517
vt 0.37060579657554626 0.2665219008922577
vt 0.3447495102882385 0.29463329911231995
vt 0.28150030970573425 0.3027777075767517
vt 0.2671603858470917 0.2400389015674591
vt 0.37060579657554626 0.2665219008922577
vt 0.35406699776649475 0.35105881094932556
vt 0.4221811890602112 0.3055129945278168
vt 0.4322468042373657 0.3497160077095032
vt 0.3175554871559143 0.3142333924770355
vt 0.3447495102882385 0.29463329911231995
vt 0.4221811890602112 0.3055129945278168
vt 0.3429793119430542 0.3311868906021118
vt 0.3175554871559143 0.3142333924770355
vt 0.4221811890602112 0.3055129945278168
vt 0.35406699776649475 0.35105881094932556
vt 0.3429793119430542 0.3311868906021118
vt 0.4221811890602112 0.3055129945278168
vt 0.3492150902748108 0.37067970633506775
vt 0.4322468042373657 0.3497160077095032
vt 0.4000684916973114 0.3886643052101135
vt 0.3492150902748108 0.37067970633506775
vt 0.35406699776649475 0.35105881094932556
vt 0.4322468042373657 0.3497160077095032
vt 0.32945480942726135 0.38711339235305786
vt 0.3492150902748108 0.37067970633506775
vt 0.4000684916973114 0.3886643052101135
vt 0.28150030970573425 0.3027777075767517
vt 0.3447495102882385 0.29463329911231995
vt 0.3175554871559143 0.3142333924770355
vt 0.1839115023612976 0.3871189057826996
vt 0.3175554871559143 0.3142333924770355
vt 0.3429793119430542 0.3311868906021118
vt 0.15809190273284912 0.3707779049873352
vt 0.3175554871559143 0.3142333924770355
vt 0.1839115023612976 0.3871189057826996
vt 0.28150030970573425 0.3027777075767517
vt 0.3175554871559143 0.3142333924770355
vt 0.15809190273284912 0.3707779049873352
vt 0.2193412035703659 0.39796170592308044
vt 0.3429793119430542 0.3311868906021118
vt 0.35406699776649475 0.35105881094932556
vt 0.1839115023612976 0.3871189057826996
vt 0.3429793119430542 0.3311868906021118
vt 0.2193412035703659 0.39796170592308044
vt 0.25934699177742004 0.4017867147922516
vt 0.35406699776649475 0.35105881094932556
vt 0.3492150902748108 0.37067970633506775
vt 0.2193412035703659 0.39796170592308044
vt 0.35406699776649475 0.35105881094932556
vt 0.25934699177742004 0.4017867147922516
vt 0.2979283928871155 0.3979929983615875
vt 0.3492150902748108 0.37067970633506775
vt 0.32945480942726135 0.38711339235305786
vt 0.25934699177742004 0.4017867147922516
vt 0.3492150902748108 0.37067970633506775
vt 0.2979283928871155 0.3979929983615875
vt 0.1628292053937912 0.3954117000102997
vt 0.1839115023612976 0.3871189057826996
vt 0.2193412035703659 0.39796170592308044
vt 0.105069600045681 0.3737286925315857
vt 0.1839115023612976 0.3871189057826996
vt 0.1628292053937912 0.3954117000102997
vt 0.15809190273284912 0.3707779049873352
vt 0.1839115023612976 0.3871189057826996
vt 0.105069600045681 0.3737286925315857
vt 0.042928941547870636 0.3280281126499176
vt 0.041321441531181335 0.3253292143344879
vt 0.0492810383439064 0.33249878883361816
vt 0.05008517950773239 0.3335466980934143
vt 0.0492810383439064 0.33249878883361816
vt 0.06246073171496391 0.33819839358329773
vt 0.05008517950773239 0.3335466980934143
vt 0.042928941547870636 0.3280281126499176
vt 0.0492810383439064 0.33249878883361816
vt 0.06247682124376297 0.33893778920173645
vt 0.06246073171496391 0.33819839358329773
vt 0.07115393877029419 0.33924660086631775
vt 0.050819188356399536 0.3346548080444336
vt 0.06246073171496391 0.33819839358329773
vt 0.06247682124376297 0.33893778920173645
vt 0.05008517950773239 0.3335466980934143
vt 0.06246073171496391 0.33819839358329773
vt 0.050819188356399536 0.3346548080444336
vt 0.076909139752388 0.3390670120716095
vt 0.07115393877029419 0.33924660086631775
vt 0.082794688642025 0.2852095067501068
vt 0.06247682124376297 0.33893778920173645
vt 0.07115393877029419 0.33924660086631775
vt 0.076909139752388 0.3390670120716095
vt 0.16850030422210693 0.31423911452293396
vt 0.082794688642025 0.2852095067501068
vt 0.1571418046951294 0.24725669622421265
vt 0.14581020176410675 0.35116249322891235
vt 0.076909139752388 0.3390670120716095
vt 0.082794688642025 0.2852095067501068
vt 0.1493707001209259 0.3312877118587494
vt 0.14581020176410675 0.35116249322891235
vt 0.082794688642025 0.2852095067501068
vt 0.16850030422210693 0.31423911452293396
vt 0.1493707001209259 0.3312877118587494
vt 0.082794688642025 0.2852095067501068
vt 0.2004265934228897 0.30274438858032227
vt 0.1571418046951294 0.24725669622421265
vt 0.2671603858470917 0.2400389015674591
vt 0.2004265934228897 0.30274438858032227
vt 0.16850030422210693 0.31423911452293396
vt 0.1571418046951294 0.24725669622421265
vt 0.24020390212535858 0.29869648814201355
vt 0.2004265934228897 0.30274438858032227
vt 0.2671603858470917 0.2400389015674591
vt 0.28150030970573425 0.3027777075767517
vt 0.24020390212535858 0.29869648814201355
vt 0.2671603858470917 0.2400389015674591
vt 0.15809190273284912 0.3707779049873352
vt 0.08940470218658447 0.35827168822288513
vt 0.076909139752388 0.3390670120716095
vt 0.08181984722614288 0.3502396047115326
vt 0.076909139752388 0.3390670120716095
vt 0.08940470218658447 0.35827168822288513
vt 0.14581020176410675 0.35116249322891235
vt 0.15809190273284912 0.3707779049873352
vt 0.076909139752388 0.3390670120716095
vt 0.06783144176006317 0.35004928708076477
vt 0.076909139752388 0.3390670120716095
vt 0.08181984722614288 0.3502396047115326
vt 0.06783144176006317 0.35004928708076477
vt 0.06247682124376297 0.33893778920173645
vt 0.076909139752388 0.3390670120716095
vt 0.15809190273284912 0.3707779049873352
vt 0.105069600045681 0.3737286925315857
vt 0.08940470218658447 0.35827168822288513
vt 0.08838079124689102 0.36126041412353516
vt 0.08940470218658447 0.35827168822288513
vt 0.105069600045681 0.3737286925315857
vt 0.08181984722614288 0.3502396047115326
vt 0.08940470218658447 0.35827168822288513
vt 0.08838079124689102 0.36126041412353516
vt 0.10414840281009674 0.37946608662605286
vt 0.08838079124689102 0.36126041412353516
vt 0.105069600045681 0.3737286925315857
vt 0.28150030970573425 0.3027777075767517
vt 0.15809190273284912 0.3707779049873352
vt 0.14581020176410675 0.35116249322891235
vt 0.24020390212535858 0.29869648814201355
vt 0.14581020176410675 0.35116249322891235
vt 0.1493707001209259 0.3312877118587494
vt 0.28150030970573425 0.3027777075767517
vt 0.14581020176410675 0.35116249322891235
vt 0.24020390212535858 0.29869648814201355
vt 0.2004265934228897 0.30274438858032227
vt 0.1493707001209259 0.3312877118587494
vt 0.16850030422210693 0.31423911452293396
vt 0.24020390212535858 0.29869648814201355
vt 0.1493707001209259 0.3312877118587494
vt 0.2004265934228897 0.30274438858032227
vt 0.06297437846660614 0.35732629895210266
vt 0.08838079124689102 0.36126041412353516
vt 0.10414840281009674 0.37946608662605286
vt 0.06783144176006317 0.35004928708076477
vt 0.08181984722614288 0.3502396047115326
vt 0.08838079124689102 0.36126041412353516
vt 0.07438144832849503 0.37671521306037903
vt 0.10414840281009674 0.37946608662605286
vt 0.10684599727392197 0.3820405900478363
vt 0.07438144832849503 0.37671521306037903
vt 0.06297437846660614 0.35732629895210266
vt 0.10414840281009674 0.37946608662605286
vt 0.07438144832849503 0.37671521306037903
vt 0.10684599727392197 0.3820405900478363
vt 0.12182330340147018 0.39738258719444275
vt 0.07492409646511078 0.37851110100746155
vt 0.12182330340147018 0.39738258719444275
vt 0.12258929759263992 0.398565411567688
vt 0.07492409646511078 0.37851110100746155
vt 0.07438144832849503 0.37671521306037903
vt 0.12182330340147018 0.39738258719444275
vt 0.06783144176006317 0.35004928708076477
vt 0.050819188356399536 0.3346548080444336
vt 0.06247682124376297 0.33893778920173645
vt 0.05008517950773239 0.3335466980934143
vt 0.050819188356399536 0.3346548080444336
vt 0.042928941547870636 0.3280281126499176
vt 0.04360472038388252 0.33828601241111755
vt 0.043703678995370865 0.33784469962120056
vt 0.07438144832849503 0.37671521306037903
vt 0.07492409646511078 0.37851110100746155
vt 0.04360472038388252 0.33828601241111755
vt 0.07438144832849503 0.37671521306037903
vt 0.04460379108786583 0.33215218782424927
vt 0.043703678995370865 0.33784469962120056
vt 0.04360472038388252 0.33828601241111755
vt 0.3362621068954468 0.37650591135025024
vt 0.3691706955432892 0.3823145031929016
vt 0.29450199007987976 0.3910011053085327
vt 0.34839630126953125 0.11679500341415405
vt 0.45059260725975037 0.08843851089477539
vt 0.3362621068954468 0.37650591135025024
vt 0.4588930010795593 0.08893229067325592
vt 0.4627079963684082 0.1101687029004097
vt 0.45764750242233276 0.09861353784799576
vt 0.47376200556755066 0.1066955029964447
vt 0.4627079963684082 0.1101687029004097
vt 0.4588930010795593 0.08893229067325592
vt 0.4588930010795593 0.08893229067325592
vt 0.45764750242233276 0.09861353784799576
vt 0.45059260725975037 0.08843851089477539
vt 0.44894909858703613 0.07878060638904572
vt 0.45059260725975037 0.08843851089477539
vt 0.34839630126953125 0.11679500341415405
vt 0.45438361167907715 0.06536872684955597
vt 0.45059260725975037 0.08843851089477539
vt 0.4495643079280853 0.06708204001188278
vt 0.44718611240386963 0.06805170327425003
vt 0.4495643079280853 0.06708204001188278
vt 0.45059260725975037 0.08843851089477539
vt 0.4588930010795593 0.08893229067325592
vt 0.45059260725975037 0.08843851089477539
vt 0.45438361167907715 0.06536872684955597
vt 0.44894909858703613 0.07878060638904572
vt 0.44718611240386963 0.06805170327425003
vt 0.45059260725975037 0.08843851089477539
vt 0.22669829428195953 0.1822299063205719
vt 0.23127660155296326 0.11611969769001007
vt 0.34839630126953125 0.11679500341415405
vt 0.3442421853542328 0.09683942794799805
vt 0.34839630126953125 0.11679500341415405
vt 0.23127660155296326 0.11611969769001007
vt 0.22258339822292328 0.2475017011165619
vt 0.22669829428195953 0.1822299063205719
vt 0.34839630126953125 0.11679500341415405
vt 0.21892230212688446 0.31227049231529236
vt 0.22258339822292328 0.2475017011165619
vt 0.34839630126953125 0.11679500341415405
vt 0.44894909858703613 0.07878060638904572
vt 0.34839630126953125 0.11679500341415405
vt 0.4448535144329071 0.06909876316785812
vt 0.011936619877815247 0.3361993134021759
vt 0.015785669907927513 0.3074967861175537
vt 0.00030957700801081955 0.3046148121356964
vt 0.44310709834098816 0.06992744654417038
vt 0.4446980953216553 0.06916990131139755
vt 0.34839630126953125 0.11679500341415405
vt 0 0.304441899061203
vt 0.00030957700801081955 0.3046148121356964
vt 0.006733607966452837 0.22583889961242676
vt 0.4415053129196167 0.07067616283893585
vt 0.44310709834098816 0.06992744654417038
vt 0.34839630126953125 0.11679500341415405
vt 0.3959727883338928 0.08697477728128433
vt 0.4415053129196167 0.07067616283893585
vt 0.34839630126953125 0.11679500341415405
vt 0.3442421853542328 0.09683942794799805
vt 0.3959727883338928 0.08697477728128433
vt 0.34839630126953125 0.11679500341415405
vt 0.4446980953216553 0.06916990131139755
vt 0.4448535144329071 0.06909876316785812
vt 0.34839630126953125 0.11679500341415405
vt 0.17935959994792938 0.1156684011220932
vt 0.23127660155296326 0.11611969769001007
vt 0.22669829428195953 0.1822299063205719
vt 0.14498600363731384 0.12252280116081238
vt 0.23127660155296326 0.11611969769001007
vt 0.17935959994792938 0.1156684011220932
vt 0.23218609392642975 0.1061697006225586
vt 0.23127660155296326 0.11611969769001007
vt 0.14498600363731384 0.12252280116081238
vt 0.3442421853542328 0.09683942794799805
vt 0.23127660155296326 0.11611969769001007
vt 0.23218609392642975 0.1061697006225586
vt 0.030660690739750862 0.1855178028345108
vt 0.22669829428195953 0.1822299063205719
vt 0.22258339822292328 0.2475017011165619
vt 0.07741106301546097 0.15205490589141846
vt 0.22669829428195953 0.1822299063205719
vt 0.030660690739750862 0.1855178028345108
vt 0.14498600363731384 0.12252280116081238
vt 0.17935959994792938 0.1156684011220932
vt 0.22669829428195953 0.1822299063205719
vt 0.12259189784526825 0.12984949350357056
vt 0.14498600363731384 0.12252280116081238
vt 0.22669829428195953 0.1822299063205719
vt 0.07741106301546097 0.15205490589141846
vt 0.12259189784526825 0.12984949350357056
vt 0.22669829428195953 0.1822299063205719
vt 0.027378330007195473 0.2228730022907257
vt 0.22258339822292328 0.2475017011165619
vt 0.21892230212688446 0.31227049231529236
vt 0.028939729556441307 0.2042219042778015
vt 0.030660690739750862 0.1855178028345108
vt 0.22258339822292328 0.2475017011165619
vt 0.027378330007195473 0.2228730022907257
vt 0.028939729556441307 0.2042219042778015
vt 0.22258339822292328 0.2475017011165619
vt 0.025987019762396812 0.241361603140831
vt 0.027378330007195473 0.2228730022907257
vt 0.21892230212688446 0.31227049231529236
vt 0.020965030416846275 0.2599312961101532
vt 0.030660690739750862 0.1855178028345108
vt 0.028939729556441307 0.2042219042778015
vt 0.03320585936307907 0.16807690262794495
vt 0.07741106301546097 0.15205490589141846
vt 0.030660690739750862 0.1855178028345108
vt 0.026908600702881813 0.1855316013097763
vt 0.03320585936307907 0.16807690262794495
vt 0.030660690739750862 0.1855178028345108
vt 0.020965030416846275 0.2599312961101532
vt 0.026908600702881813 0.1855316013097763
vt 0.030660690739750862 0.1855178028345108
vt 0.020965030416846275 0.2599312961101532
vt 0.028939729556441307 0.2042219042778015
vt 0.027378330007195473 0.2228730022907257
vt 0.020965030416846275 0.2599312961101532
vt 0.027378330007195473 0.2228730022907257
vt 0.025987019762396812 0.241361603140831
vt 0.08654815703630447 0.12370570003986359
vt 0.14498600363731384 0.12252280116081238
vt 0.12259189784526825 0.12984949350357056
vt 0.13859349489212036 0.10003720223903656
vt 0.14498600363731384 0.12252280116081238
vt 0.08654815703630447 0.12370570003986359
vt 0.23218609392642975 0.1061697006225586
vt 0.14498600363731384 0.12252280116081238
vt 0.13859349489212036 0.10003720223903656
vt 0.03320585936307907 0.16807690262794495
vt 0.12259189784526825 0.12984949350357056
vt 0.07741106301546097 0.15205490589141846
vt 0.03821295127272606 0.14480869472026825
vt 0.08654815703630447 0.12370570003986359
vt 0.12259189784526825 0.12984949350357056
vt 0.03736528009176254 0.1478032022714615
vt 0.03821295127272606 0.14480869472026825
vt 0.12259189784526825 0.12984949350357056
vt 0.03662491962313652 0.15080100297927856
vt 0.03736528009176254 0.1478032022714615
vt 0.12259189784526825 0.12984949350357056
vt 0.03320585936307907 0.16807690262794495
vt 0.03662491962313652 0.15080100297927856
vt 0.12259189784526825 0.12984949350357056
vt 0.04337522014975548 0.129039004445076
vt 0.04879223182797432 0.1144493967294693
vt 0.08654815703630447 0.12370570003986359
vt 0.13859349489212036 0.10003720223903656
vt 0.08654815703630447 0.12370570003986359
vt 0.04879223182797432 0.1144493967294693
vt 0.03821295127272606 0.14480869472026825
vt 0.04337522014975548 0.129039004445076
vt 0.08654815703630447 0.12370570003986359
vt 0.03416460007429123 0.1438990980386734
vt 0.04879223182797432 0.1144493967294693
vt 0.04337522014975548 0.129039004445076
vt 0.0628766119480133 0.08023063838481903
vt 0.13859349489212036 0.10003720223903656
vt 0.04879223182797432 0.1144493967294693
vt 0.04626176133751869 0.11346430331468582
vt 0.0628766119480133 0.08023063838481903
vt 0.04879223182797432 0.1144493967294693
vt 0.04364506155252457 0.11415330320596695
vt 0.04626176133751869 0.11346430331468582
vt 0.04879223182797432 0.1144493967294693
vt 0.03416460007429123 0.1438990980386734
vt 0.04364506155252457 0.11415330320596695
vt 0.04879223182797432 0.1144493967294693
vt 0.03416460007429123 0.1438990980386734
vt 0.04337522014975548 0.129039004445076
vt 0.03821295127272606 0.14480869472026825
vt 0.032600220292806625 0.15018269419670105
vt 0.03821295127272606 0.14480869472026825
vt 0.03736528009176254 0.1478032022714615
vt 0.032600220292806625 0.15018269419670105
vt 0.03416460007429123 0.1438990980386734
vt 0.03821295127272606 0.14480869472026825
vt 0.032600220292806625 0.15018269419670105
vt 0.03736528009176254 0.1478032022714615
vt 0.03662491962313652 0.15080100297927856
vt 0.026908600702881813 0.1855316013097763
vt 0.03662491962313652 0.15080100297927856
vt 0.03320585936307907 0.16807690262794495
vt 0.026908600702881813 0.1855316013097763
vt 0.032600220292806625 0.15018269419670105
vt 0.03662491962313652 0.15080100297927856
vt 0.06423196196556091 0.07693397253751755
vt 0.13974539935588837 0.07517138868570328
vt 0.13859349489212036 0.10003720223903656
vt 0.14940869808197021 0.07824402302503586
vt 0.13859349489212036 0.10003720223903656
vt 0.13974539935588837 0.07517138868570328
vt 0.0628766119480133 0.08023063838481903
vt 0.06423196196556091 0.07693397253751755
vt 0.13859349489212036 0.10003720223903656
vt 0.23354679346084595 0.09591566026210785
vt 0.23218609392642975 0.1061697006225586
vt 0.13859349489212036 0.10003720223903656
vt 0.18615520000457764 0.08775577694177628
vt 0.23354679346084595 0.09591566026210785
vt 0.13859349489212036 0.10003720223903656
vt 0.14940869808197021 0.07824402302503586
vt 0.18615520000457764 0.08775577694177628
vt 0.13859349489212036 0.10003720223903656
vt 0.07364446669816971 0.049208711832761765
vt 0.10450959950685501 0.061651811003685
vt 0.13974539935588837 0.07517138868570328
vt 0.12103070318698883 0.0605405792593956
vt 0.13974539935588837 0.07517138868570328
vt 0.10450959950685501 0.061651811003685
vt 0.06423196196556091 0.07693397253751755
vt 0.07364446669816971 0.049208711832761765
vt 0.13974539935588837 0.07517138868570328
vt 0.1612870991230011 0.07414539158344269
vt 0.14940869808197021 0.07824402302503586
vt 0.13974539935588837 0.07517138868570328
vt 0.12103070318698883 0.0605405792593956
vt 0.1612870991230011 0.07414539158344269
vt 0.13974539935588837 0.07517138868570328
vt 0.07375951111316681 0.04868939891457558
vt 0.08050981163978577 0.049211591482162476
vt 0.10450959950685501 0.061651811003685
vt 0.09781277179718018 0.050946950912475586
vt 0.10450959950685501 0.061651811003685
vt 0.08050981163978577 0.049211591482162476
vt 0.07370089739561081 0.04894820973277092
vt 0.07375951111316681 0.04868939891457558
vt 0.10450959950685501 0.061651811003685
vt 0.07364446669816971 0.049208711832761765
vt 0.07370089739561081 0.04894820973277092
vt 0.10450959950685501 0.061651811003685
vt 0.09781277179718018 0.050946950912475586
vt 0.12103070318698883 0.0605405792593956
vt 0.10450959950685501 0.061651811003685
vt 0.0748712494969368 0.047201719135046005
vt 0.07862473279237747 0.04783011972904205
vt 0.08050981163978577 0.049211591482162476
vt 0.07942648977041245 0.04460429027676582
vt 0.08050981163978577 0.049211591482162476
vt 0.07862473279237747 0.04783011972904205
vt 0.07375951111316681 0.04868939891457558
vt 0.0748712494969368 0.047201719135046005
vt 0.08050981163978577 0.049211591482162476
vt 0.08269751816987991 0.04707247018814087
vt 0.09781277179718018 0.050946950912475586
vt 0.08050981163978577 0.049211591482162476
vt 0.07942648977041245 0.04460429027676582
vt 0.08269751816987991 0.04707247018814087
vt 0.08050981163978577 0.049211591482162476
vt 0.0748712494969368 0.047201719135046005
vt 0.07675932347774506 0.046437811106443405
vt 0.07862473279237747 0.04783011972904205
vt 0.07942648977041245 0.04460429027676582
vt 0.07862473279237747 0.04783011972904205
vt 0.07675932347774506 0.046437811106443405
vt 0.07375951111316681 0.04868939891457558
vt 0.07675932347774506 0.046437811106443405
vt 0.0748712494969368 0.047201719135046005
vt 0.07022680342197418 0.04793145880103111
vt 0.07675932347774506 0.046437811106443405
vt 0.07375951111316681 0.04868939891457558
vt 0.07640721648931503 0.043423108756542206
vt 0.07942648977041245 0.04460429027676582
vt 0.07675932347774506 0.046437811106443405
vt 0.07022680342197418 0.04793145880103111
vt 0.07640721648931503 0.043423108756542206
vt 0.07675932347774506 0.046437811106443405
vt 0.0674445703625679 0.046891648322343826
vt 0.07375951111316681 0.04868939891457558
vt 0.07370089739561081 0.04894820973277092
vt 0.07022680342197418 0.04793145880103111
vt 0.07375951111316681 0.04868939891457558
vt 0.0674445703625679 0.046891648322343826
vt 0.0674445703625679 0.046891648322343826
vt 0.07370089739561081 0.04894820973277092
vt 0.07364446669816971 0.049208711832761765
vt 0.05706021934747696 0.07837337255477905
vt 0.07364446669816971 0.049208711832761765
vt 0.06423196196556091 0.07693397253751755
vt 0.0674445703625679 0.046891648322343826
vt 0.07364446669816971 0.049208711832761765
vt 0.05706021934747696 0.07837337255477905
vt 0.05706021934747696 0.07837337255477905
vt 0.06423196196556091 0.07693397253751755
vt 0.0628766119480133 0.08023063838481903
vt 0.04382329061627388 0.11272359639406204
vt 0.05706021934747696 0.07837337255477905
vt 0.0628766119480133 0.08023063838481903
vt 0.04626176133751869 0.11346430331468582
vt 0.04382329061627388 0.11272359639406204
vt 0.0628766119480133 0.08023063838481903
vt 0.3442421853542328 0.09683942794799805
vt 0.23218609392642975 0.1061697006225586
vt 0.23354679346084595 0.09591566026210785
vt 0.23400279879570007 0.09255701303482056
vt 0.23354679346084595 0.09591566026210785
vt 0.18615520000457764 0.08775577694177628
vt 0.23429889976978302 0.0893678367137909
vt 0.3442421853542328 0.09683942794799805
vt 0.23354679346084595 0.09591566026210785
vt 0.23400279879570007 0.09255701303482056
vt 0.23429889976978302 0.0893678367137909
vt 0.23354679346084595 0.09591566026210785
vt 0.1612870991230011 0.07414539158344269
vt 0.18615520000457764 0.08775577694177628
vt 0.14940869808197021 0.07824402302503586
vt 0.23400279879570007 0.09255701303482056
vt 0.18615520000457764 0.08775577694177628
vt 0.23429889976978302 0.0893678367137909
vt 0.1612870991230011 0.07414539158344269
vt 0.23429889976978302 0.0893678367137909
vt 0.18615520000457764 0.08775577694177628
vt 0.04067407175898552 0.11225549876689911
vt 0.05450649932026863 0.07583565264940262
vt 0.05706021934747696 0.07837337255477905
vt 0.0674445703625679 0.046891648322343826
vt 0.05706021934747696 0.07837337255477905
vt 0.05450649932026863 0.07583565264940262
vt 0.04382329061627388 0.11272359639406204
vt 0.04067407175898552 0.11225549876689911
vt 0.05706021934747696 0.07837337255477905
vt 0.039866939187049866 0.10883940011262894
vt 0.05450649932026863 0.07583565264940262
vt 0.04067407175898552 0.11225549876689911
vt 0.06587284058332443 0.04467254877090454
vt 0.0674445703625679 0.046891648322343826
vt 0.05450649932026863 0.07583565264940262
vt 0.054634660482406616 0.07551553845405579
vt 0.06587284058332443 0.04467254877090454
vt 0.05450649932026863 0.07583565264940262
vt 0.05312412977218628 0.09866689145565033
vt 0.054634660482406616 0.07551553845405579
vt 0.05450649932026863 0.07583565264940262
vt 0.039866939187049866 0.10883940011262894
vt 0.05312412977218628 0.09866689145565033
vt 0.05450649932026863 0.07583565264940262
vt 0.040034450590610504 0.11410930007696152
vt 0.04067407175898552 0.11225549876689911
vt 0.04382329061627388 0.11272359639406204
vt 0.029057959094643593 0.12820890545845032
vt 0.04067407175898552 0.11225549876689911
vt 0.040034450590610504 0.11410930007696152
vt 0.04013757035136223 0.11052809655666351
vt 0.039866939187049866 0.10883940011262894
vt 0.04067407175898552 0.11225549876689911
vt 0.029057959094643593 0.12820890545845032
vt 0.04013757035136223 0.11052809655666351
vt 0.04067407175898552 0.11225549876689911
vt 0.04364506155252457 0.11415330320596695
vt 0.04382329061627388 0.11272359639406204
vt 0.04626176133751869 0.11346430331468582
vt 0.03940238058567047 0.11595519632101059
vt 0.040034450590610504 0.11410930007696152
vt 0.04382329061627388 0.11272359639406204
vt 0.04118452966213226 0.11481259763240814
vt 0.03940238058567047 0.11595519632101059
vt 0.04382329061627388 0.11272359639406204
vt 0.04364506155252457 0.11415330320596695
vt 0.04118452966213226 0.11481259763240814
vt 0.04382329061627388 0.11272359639406204
vt 0.06736311316490173 0.04620343819260597
vt 0.0674445703625679 0.046891648322343826
vt 0.06587284058332443 0.04467254877090454
vt 0.07022680342197418 0.04793145880103111
vt 0.0674445703625679 0.046891648322343826
vt 0.06736311316490173 0.04620343819260597
vt 0.055949270725250244 0.07218191772699356
vt 0.06627441942691803 0.042456720024347305
vt 0.06587284058332443 0.04467254877090454
vt 0.06736311316490173 0.04620343819260597
vt 0.06587284058332443 0.04467254877090454
vt 0.06627441942691803 0.042456720024347305
vt 0.054634660482406616 0.07551553845405579
vt 0.055949270725250244 0.07218191772699356
vt 0.06587284058332443 0.04467254877090454
vt 0.08032601326704025 0.05160873010754585
vt 0.06627441942691803 0.042456720024347305
vt 0.055949270725250244 0.07218191772699356
vt 0.06634674221277237 0.0421806201338768
vt 0.06736311316490173 0.04620343819260597
vt 0.06627441942691803 0.042456720024347305
vt 0.08134932816028595 0.02431604079902172
vt 0.06634674221277237 0.0421806201338768
vt 0.06627441942691803 0.042456720024347305
vt 0.08032601326704025 0.05160873010754585
vt 0.08134932816028595 0.02431604079902172
vt 0.06627441942691803 0.042456720024347305
vt 0.08032601326704025 0.05160873010754585
vt 0.055949270725250244 0.07218191772699356
vt 0.054634660482406616 0.07551553845405579
vt 0.05312412977218628 0.09866689145565033
vt 0.08032601326704025 0.05160873010754585
vt 0.054634660482406616 0.07551553845405579
vt 0.029057959094643593 0.12820890545845032
vt 0.040034450590610504 0.11410930007696152
vt 0.03940238058567047 0.11595519632101059
vt 0.03501642867922783 0.12961989641189575
vt 0.03940238058567047 0.11595519632101059
vt 0.04118452966213226 0.11481259763240814
vt 0.02379493974149227 0.1409115046262741
vt 0.03940238058567047 0.11595519632101059
vt 0.03501642867922783 0.12961989641189575
vt 0.02379493974149227 0.1409115046262741
vt 0.029057959094643593 0.12820890545845032
vt 0.03940238058567047 0.11595519632101059
vt 0.03096986934542656 0.14406539499759674
vt 0.04118452966213226 0.11481259763240814
vt 0.04364506155252457 0.11415330320596695
vt 0.03096986934542656 0.14406539499759674
vt 0.03501642867922783 0.12961989641189575
vt 0.04118452966213226 0.11481259763240814
vt 0.03416460007429123 0.1438990980386734
vt 0.03096986934542656 0.14406539499759674
vt 0.04364506155252457 0.11415330320596695
vt 0.02379493974149227 0.1409115046262741
vt 0.03501642867922783 0.12961989641189575
vt 0.03096986934542656 0.14406539499759674
vt 0.030165119096636772 0.1473156064748764
vt 0.03096986934542656 0.14406539499759674
vt 0.03416460007429123 0.1438990980386734
vt 0.006540469825267792 0.22414900362491608
vt 0.03096986934542656 0.14406539499759674
vt 0.030165119096636772 0.1473156064748764
vt 0.006540469825267792 0.22414900362491608
vt 0.02379493974149227 0.1409115046262741
vt 0.03096986934542656 0.14406539499759674
vt 0.029478609561920166 0.15056879818439484
vt 0.030165119096636772 0.1473156064748764
vt 0.03416460007429123 0.1438990980386734
vt 0.032600220292806625 0.15018269419670105
vt 0.029478609561920166 0.15056879818439484
vt 0.03416460007429123 0.1438990980386734
vt 0.006540469825267792 0.22414900362491608
vt 0.030165119096636772 0.1473156064748764
vt 0.029478609561920166 0.15056879818439484
vt 0.026389390230178833 0.16811059415340424
vt 0.029478609561920166 0.15056879818439484
vt 0.032600220292806625 0.15018269419670105
vt 0.006540469825267792 0.22414900362491608
vt 0.029478609561920166 0.15056879818439484
vt 0.026389390230178833 0.16811059415340424
vt 0.024135319516062737 0.1865410953760147
vt 0.026389390230178833 0.16811059415340424
vt 0.032600220292806625 0.15018269419670105
vt 0.026908600702881813 0.1855316013097763
vt 0.024135319516062737 0.1865410953760147
vt 0.032600220292806625 0.15018269419670105
vt 0.006540469825267792 0.22414900362491608
vt 0.026389390230178833 0.16811059415340424
vt 0.024135319516062737 0.1865410953760147
vt 0.01815658062696457 0.2611035108566284
vt 0.024135319516062737 0.1865410953760147
vt 0.026908600702881813 0.1855316013097763
vt 0.01815658062696457 0.2611035108566284
vt 0.02079791948199272 0.22405360639095306
vt 0.024135319516062737 0.1865410953760147
vt 0.006540469825267792 0.22414900362491608
vt 0.024135319516062737 0.1865410953760147
vt 0.02079791948199272 0.22405360639095306
vt 0.020965030416846275 0.2599312961101532
vt 0.01815658062696457 0.2611035108566284
vt 0.026908600702881813 0.1855316013097763
vt 0 0.304441899061203
vt 0.02079791948199272 0.22405360639095306
vt 0.01815658062696457 0.2611035108566284
vt 0 0.304441899061203
vt 0.006540469825267792 0.22414900362491608
vt 0.02079791948199272 0.22405360639095306
vt 0.0213149506598711 0.2925367057323456
vt 0.01815658062696457 0.2611035108566284
vt 0.020965030416846275 0.2599312961101532
vt 0.017999209463596344 0.294281005859375
vt 0.017530670389533043 0.2787523865699768
vt 0.01815658062696457 0.2611035108566284
vt 0 0.304441899061203
vt 0.01815658062696457 0.2611035108566284
vt 0.017530670389533043 0.2787523865699768
vt 0.0213149506598711 0.2925367057323456
vt 0.017999209463596344 0.294281005859375
vt 0.01815658062696457 0.2611035108566284
vt 0 0.304441899061203
vt 0.017530670389533043 0.2787523865699768
vt 0.017999209463596344 0.294281005859375
vt 0.021928930655121803 0.29785868525505066
vt 0.017999209463596344 0.294281005859375
vt 0.0213149506598711 0.2925367057323456
vt 0.01853848062455654 0.2998588979244232
vt 0.018208639696240425 0.2970818877220154
vt 0.017999209463596344 0.294281005859375
vt 0 0.304441899061203
vt 0.017999209463596344 0.294281005859375
vt 0.018208639696240425 0.2970818877220154
vt 0.021928930655121803 0.29785868525505066
vt 0.01853848062455654 0.2998588979244232
vt 0.017999209463596344 0.294281005859375
vt 0 0.304441899061203
vt 0.018208639696240425 0.2970818877220154
vt 0.01853848062455654 0.2998588979244232
vt 0.027367400005459785 0.32192379236221313
vt 0.01853848062455654 0.2998588979244232
vt 0.021928930655121803 0.29785868525505066
vt 0.023841239511966705 0.32525819540023804
vt 0.01853848062455654 0.2998588979244232
vt 0.02084561064839363 0.3135905861854553
vt 0.027367400005459785 0.32192379236221313
vt 0.02084561064839363 0.3135905861854553
vt 0.01853848062455654 0.2998588979244232
vt 0.022824279963970184 0.3302699029445648
vt 0.01853848062455654 0.2998588979244232
vt 0.023841239511966705 0.32525819540023804
vt 0.02196628972887993 0.33496299386024475
vt 0.01853848062455654 0.2998588979244232
vt 0.022824279963970184 0.3302699029445648
vt 0.008669759146869183 0.35920068621635437
vt 0.01853848062455654 0.2998588979244232
vt 0.02196628972887993 0.33496299386024475
vt 0 0.304441899061203
vt 0.01853848062455654 0.2998588979244232
vt 0.008669759146869183 0.35920068621635437
vt 0.029968809336423874 0.321135014295578
vt 0.027367400005459785 0.32192379236221313
vt 0.021928930655121803 0.29785868525505066
vt 0.027367400005459785 0.32192379236221313
vt 0.023841239511966705 0.32525819540023804
vt 0.02084561064839363 0.3135905861854553
vt 0.0367264598608017 0.3404844105243683
vt 0.023841239511966705 0.32525819540023804
vt 0.027367400005459785 0.32192379236221313
vt 0.033455830067396164 0.3462198078632355
vt 0.023841239511966705 0.32525819540023804
vt 0.0367264598608017 0.3404844105243683
vt 0.022824279963970184 0.3302699029445648
vt 0.023841239511966705 0.32525819540023804
vt 0.033455830067396164 0.3462198078632355
vt 0.0367264598608017 0.3404844105243683
vt 0.027367400005459785 0.32192379236221313
vt 0.029968809336423874 0.321135014295578
vt 0.04255478084087372 0.3477989137172699
vt 0.033455830067396164 0.3462198078632355
vt 0.0367264598608017 0.3404844105243683
vt 0.04458333179354668 0.34475329518318176
vt 0.04255478084087372 0.3477989137172699
vt 0.0367264598608017 0.3404844105243683
vt 0.04249536991119385 0.35169029235839844
vt 0.03355458006262779 0.34635689854621887
vt 0.033455830067396164 0.3462198078632355
vt 0.02196628972887993 0.33496299386024475
vt 0.033455830067396164 0.3462198078632355
vt 0.03355458006262779 0.34635689854621887
vt 0.04255478084087372 0.3477989137172699
vt 0.04249536991119385 0.35169029235839844
vt 0.033455830067396164 0.3462198078632355
vt 0.02196628972887993 0.33496299386024475
vt 0.022824279963970184 0.3302699029445648
vt 0.033455830067396164 0.3462198078632355
vt 0.05404113978147507 0.40019020438194275
vt 0.03355458006262779 0.34635689854621887
vt 0.04249536991119385 0.35169029235839844
vt 0.02196628972887993 0.33496299386024475
vt 0.03355458006262779 0.34635689854621887
vt 0.05404113978147507 0.40019020438194275
vt 0.07414241135120392 0.39408978819847107
vt 0.04249536991119385 0.35169029235839844
vt 0.04303703084588051 0.35120889544487
vt 0.05404113978147507 0.40019020438194275
vt 0.04249536991119385 0.35169029235839844
vt 0.07414241135120392 0.39408978819847107
vt 0.09982164204120636 0.4339506924152374
vt 0.07414241135120392 0.39408978819847107
vt 0.12744499742984772 0.41512060165405273
vt 0.05404113978147507 0.40019020438194275
vt 0.07414241135120392 0.39408978819847107
vt 0.09982164204120636 0.4339506924152374
vt 0.13213349878787994 0.41312891244888306
vt 0.12744499742984772 0.41512060165405273
vt 0.1294115036725998 0.4119948148727417
vt 0.2302241027355194 0.501174807548523
vt 0.12744499742984772 0.41512060165405273
vt 0.13213349878787994 0.41312891244888306
vt 0.09982164204120636 0.4339506924152374
vt 0.12744499742984772 0.41512060165405273
vt 0.2302241027355194 0.501174807548523
vt 0.09822030365467072 0.4342358112335205
vt 0.17981980741024017 0.4859446883201599
vt 0.06810227781534195 0.4272085130214691
vt 0.27342331409454346 0.5207821726799011
vt 0.06810227781534195 0.4272085130214691
vt 0.17981980741024017 0.4859446883201599
vt 0.030712150037288666 0.39053139090538025
vt 0.09822030365467072 0.4342358112335205
vt 0.06810227781534195 0.4272085130214691
vt 0.021636249497532845 0.384985089302063
vt 0.030712150037288666 0.39053139090538025
vt 0.06810227781534195 0.4272085130214691
vt 0.05610327050089836 0.4171600043773651
vt 0.021636249497532845 0.384985089302063
vt 0.06810227781534195 0.4272085130214691
vt 0.27342331409454346 0.5207821726799011
vt 0.05610327050089836 0.4171600043773651
vt 0.06810227781534195 0.4272085130214691
vt 0.09982164204120636 0.4339506924152374
vt 0.2302241027355194 0.501174807548523
vt 0.17981980741024017 0.4859446883201599
vt 0.19949489831924438 0.4976944029331207
vt 0.17981980741024017 0.4859446883201599
vt 0.2302241027355194 0.501174807548523
vt 0.09822030365467072 0.4342358112335205
vt 0.09982164204120636 0.4339506924152374
vt 0.17981980741024017 0.4859446883201599
vt 0.27342331409454346 0.5207821726799011
vt 0.17981980741024017 0.4859446883201599
vt 0.19949489831924438 0.4976944029331207
vt 0.33014369010925293 0.5764927864074707
vt 0.3175466060638428 0.5786619186401367
vt 0.2302241027355194 0.501174807548523
vt 0.19949489831924438 0.4976944029331207
vt 0.2302241027355194 0.501174807548523
vt 0.3175466060638428 0.5786619186401367
vt 0.33287250995635986 0.5747269988059998
vt 0.33014369010925293 0.5764927864074707
vt 0.2302241027355194 0.501174807548523
vt 0.347128689289093 0.5634871125221252
vt 0.33287250995635986 0.5747269988059998
vt 0.2302241027355194 0.501174807548523
vt 0.030712150037288666 0.39053139090538025
vt 0.09982164204120636 0.4339506924152374
vt 0.09822030365467072 0.4342358112335205
vt 0.030712150037288666 0.39053139090538025
vt 0.05404113978147507 0.40019020438194275
vt 0.09982164204120636 0.4339506924152374
vt 0.38134899735450745 0.6147900819778442
vt 0.3175466060638428 0.5786619186401367
vt 0.33014369010925293 0.5764927864074707
vt 0.27342331409454346 0.5207821726799011
vt 0.19949489831924438 0.4976944029331207
vt 0.3175466060638428 0.5786619186401367
vt 0.3621312975883484 0.6065096259117126
vt 0.27342331409454346 0.5207821726799011
vt 0.3175466060638428 0.5786619186401367
vt 0.38134899735450745 0.6147900819778442
vt 0.3621312975883484 0.6065096259117126
vt 0.3175466060638428 0.5786619186401367
vt 0.38134899735450745 0.6147900819778442
vt 0.33014369010925293 0.5764927864074707
vt 0.33287250995635986 0.5747269988059998
vt 0.4026899039745331 0.5697522163391113
vt 0.33287250995635986 0.5747269988059998
vt 0.347128689289093 0.5634871125221252
vt 0.44338008761405945 0.6080871820449829
vt 0.38134899735450745 0.6147900819778442
vt 0.33287250995635986 0.5747269988059998
vt 0.42404600977897644 0.593466579914093
vt 0.44338008761405945 0.6080871820449829
vt 0.33287250995635986 0.5747269988059998
vt 0.41060128808021545 0.5807266235351562
vt 0.42404600977897644 0.593466579914093
vt 0.33287250995635986 0.5747269988059998
vt 0.4026899039745331 0.5697522163391113
vt 0.41060128808021545 0.5807266235351562
vt 0.33287250995635986 0.5747269988059998
vt 0.40094059705734253 0.5606420040130615
vt 0.4026899039745331 0.5697522163391113
vt 0.347128689289093 0.5634871125221252
vt 0.030712150037288666 0.39053139090538025
vt 0.02196628972887993 0.33496299386024475
vt 0.05404113978147507 0.40019020438194275
vt 0.008669759146869183 0.35920068621635437
vt 0.02196628972887993 0.33496299386024475
vt 0.030712150037288666 0.39053139090538025
vt 0.021636249497532845 0.384985089302063
vt 0.008669759146869183 0.35920068621635437
vt 0.030712150037288666 0.39053139090538025
vt 0.011936619877815247 0.3361993134021759
vt 0.008669759146869183 0.35920068621635437
vt 0.021636249497532845 0.384985089302063
vt 0 0.304441899061203
vt 0.008669759146869183 0.35920068621635437
vt 0.00030957700801081955 0.3046148121356964
vt 0.011936619877815247 0.3361993134021759
vt 0.00030957700801081955 0.3046148121356964
vt 0.008669759146869183 0.35920068621635437
vt 0.05610327050089836 0.4171600043773651
vt 0.04528434947133064 0.4031018912792206
vt 0.021636249497532845 0.384985089302063
vt 0.011936619877815247 0.3361993134021759
vt 0.021636249497532845 0.384985089302063
vt 0.04528434947133064 0.4031018912792206
vt 0.27342331409454346 0.5207821726799011
vt 0.04528434947133064 0.4031018912792206
vt 0.05610327050089836 0.4171600043773651
vt 0.27342331409454346 0.5207821726799011
vt 0.03503789007663727 0.36357080936431885
vt 0.04528434947133064 0.4031018912792206
vt 0.011936619877815247 0.3361993134021759
vt 0.04528434947133064 0.4031018912792206
vt 0.03503789007663727 0.36357080936431885
vt 0.2613404095172882 0.42937639355659485
vt 0.03507345914840698 0.36078691482543945
vt 0.03503789007663727 0.36357080936431885
vt 0.011936619877815247 0.3361993134021759
vt 0.03503789007663727 0.36357080936431885
vt 0.03507345914840698 0.36078691482543945
vt 0.27342331409454346 0.5207821726799011
vt 0.2613404095172882 0.42937639355659485
vt 0.03503789007663727 0.36357080936431885
vt 0.04601537063717842 0.3073982894420624
vt 0.03507345914840698 0.36078691482543945
vt 0.045643601566553116 0.3085114061832428
vt 0.2613404095172882 0.42937639355659485
vt 0.045643601566553116 0.3085114061832428
vt 0.03507345914840698 0.36078691482543945
vt 0.046396881341934204 0.3062830865383148
vt 0.03507345914840698 0.36078691482543945
vt 0.04601537063717842 0.3073982894420624
vt 0.011936619877815247 0.3361993134021759
vt 0.03507345914840698 0.36078691482543945
vt 0.046396881341934204 0.3062830865383148
vt 0.2681350111961365 0.3749502897262573
vt 0.04601537063717842 0.3073982894420624
vt 0.045643601566553116 0.3085114061832428
vt 0.2613404095172882 0.42937639355659485
vt 0.2681350111961365 0.3749502897262573
vt 0.045643601566553116 0.3085114061832428
vt 0.2681350111961365 0.3749502897262573
vt 0.046396881341934204 0.3062830865383148
vt 0.04601537063717842 0.3073982894420624
vt 0.2681350111961365 0.3749502897262573
vt 0.044070079922676086 0.24360759556293488
vt 0.046396881341934204 0.3062830865383148
vt 0.020552530884742737 0.22869570553302765
vt 0.046396881341934204 0.3062830865383148
vt 0.044070079922676086 0.24360759556293488
vt 0.01907140016555786 0.2661353051662445
vt 0.046396881341934204 0.3062830865383148
vt 0.020552530884742737 0.22869570553302765
vt 0.015785669907927513 0.3074967861175537
vt 0.046396881341934204 0.3062830865383148
vt 0.01907140016555786 0.2661353051662445
vt 0.011936619877815247 0.3361993134021759
vt 0.046396881341934204 0.3062830865383148
vt 0.015785669907927513 0.3074967861175537
vt 0.28330790996551514 0.318831205368042
vt 0.045197319239377975 0.2304372936487198
vt 0.044070079922676086 0.24360759556293488
vt 0.020552530884742737 0.22869570553302765
vt 0.044070079922676086 0.24360759556293488
vt 0.045197319239377975 0.2304372936487198
vt 0.2681350111961365 0.3749502897262573
vt 0.28330790996551514 0.318831205368042
vt 0.044070079922676086 0.24360759556293488
vt 0.28330790996551514 0.318831205368042
vt 0.05432548001408577 0.1852198988199234
vt 0.045197319239377975 0.2304372936487198
vt 0.029072260484099388 0.16535569727420807
vt 0.045197319239377975 0.2304372936487198
vt 0.05432548001408577 0.1852198988199234
vt 0.020552530884742737 0.22869570553302765
vt 0.045197319239377975 0.2304372936487198
vt 0.029072260484099388 0.16535569727420807
vt 0.30609479546546936 0.26361310482025146
vt 0.05877818912267685 0.17216390371322632
vt 0.05432548001408577 0.1852198988199234
vt 0.04848086088895798 0.15292979776859283
vt 0.05432548001408577 0.1852198988199234
vt 0.05877818912267685 0.17216390371322632
vt 0.28330790996551514 0.318831205368042
vt 0.30609479546546936 0.26361310482025146
vt 0.05432548001408577 0.1852198988199234
vt 0.029072260484099388 0.16535569727420807
vt 0.05432548001408577 0.1852198988199234
vt 0.04848086088895798 0.15292979776859283
vt 0.30609479546546936 0.26361310482025146
vt 0.06383257359266281 0.1601428985595703
vt 0.05877818912267685 0.17216390371322632
vt 0.04848086088895798 0.15292979776859283
vt 0.05877818912267685 0.17216390371322632
vt 0.06383257359266281 0.1601428985595703
vt 0.30609479546546936 0.26361310482025146
vt 0.07751180231571198 0.13235099613666534
vt 0.06383257359266281 0.1601428985595703
vt 0.04848086088895798 0.15292979776859283
vt 0.06383257359266281 0.1601428985595703
vt 0.07751180231571198 0.13235099613666534
vt 0.20073339343070984 0.15538430213928223
vt 0.0918533131480217 0.10589610040187836
vt 0.07751180231571198 0.13235099613666534
vt 0.04848086088895798 0.15292979776859283
vt 0.07751180231571198 0.13235099613666534
vt 0.0918533131480217 0.10589610040187836
vt 0.2196885049343109 0.16367420554161072
vt 0.20073339343070984 0.15538430213928223
vt 0.07751180231571198 0.13235099613666534
vt 0.3354282081127167 0.211839497089386
vt 0.2196885049343109 0.16367420554161072
vt 0.07751180231571198 0.13235099613666534
vt 0.30609479546546936 0.26361310482025146
vt 0.3354282081127167 0.211839497089386
vt 0.07751180231571198 0.13235099613666534
vt 0.2330338954925537 0.11933489888906479
vt 0.0918533131480217 0.10589610040187836
vt 0.20073339343070984 0.15538430213928223
vt 0.12516550719738007 0.051217589527368546
vt 0.0918533131480217 0.10589610040187836
vt 0.2330338954925537 0.11933489888906479
vt 0.05312412977218628 0.09866689145565033
vt 0.0918533131480217 0.10589610040187836
vt 0.12516550719738007 0.051217589527368546
vt 0.04848086088895798 0.15292979776859283
vt 0.0918533131480217 0.10589610040187836
vt 0.05312412977218628 0.09866689145565033
vt 0.3561609089374542 0.1487949937582016
vt 0.20073339343070984 0.15538430213928223
vt 0.2196885049343109 0.16367420554161072
vt 0.2330338954925537 0.11933489888906479
vt 0.20073339343070984 0.15538430213928223
vt 0.3561609089374542 0.1487949937582016
vt 0.3561609089374542 0.1487949937582016
vt 0.2196885049343109 0.16367420554161072
vt 0.3354282081127167 0.211839497089386
vt 0.3539173901081085 0.24756909906864166
vt 0.3354282081127167 0.211839497089386
vt 0.30609479546546936 0.26361310482025146
vt 0.38591259717941284 0.1885845959186554
vt 0.3354282081127167 0.211839497089386
vt 0.3539173901081085 0.24756909906864166
vt 0.38591259717941284 0.1885845959186554
vt 0.3561609089374542 0.1487949937582016
vt 0.3354282081127167 0.211839497089386
vt 0.46133318543434143 0.33020299673080444
vt 0.30609479546546936 0.26361310482025146
vt 0.28330790996551514 0.318831205368042
vt 0.3871817886829376 0.2838008999824524
vt 0.3539173901081085 0.24756909906864166
vt 0.30609479546546936 0.26361310482025146
vt 0.46133318543434143 0.33020299673080444
vt 0.3871817886829376 0.2838008999824524
vt 0.30609479546546936 0.26361310482025146
vt 0.4208124876022339 0.4477185904979706
vt 0.28330790996551514 0.318831205368042
vt 0.2681350111961365 0.3749502897262573
vt 0.4208124876022339 0.4477185904979706
vt 0.46133318543434143 0.33020299673080444
vt 0.28330790996551514 0.318831205368042
vt 0.4208124876022339 0.4477185904979706
vt 0.2681350111961365 0.3749502897262573
vt 0.2613404095172882 0.42937639355659485
vt 0.4160971939563751 0.5617706775665283
vt 0.2613404095172882 0.42937639355659485
vt 0.27342331409454346 0.5207821726799011
vt 0.4160971939563751 0.5617706775665283
vt 0.4208124876022339 0.4477185904979706
vt 0.2613404095172882 0.42937639355659485
vt 0.449766606092453 0.6466636061668396
vt 0.4160971939563751 0.5617706775665283
vt 0.27342331409454346 0.5207821726799011
vt 0.3997325003147125 0.6247485280036926
vt 0.449766606092453 0.6466636061668396
vt 0.27342331409454346 0.5207821726799011
vt 0.3621312975883484 0.6065096259117126
vt 0.3997325003147125 0.6247485280036926
vt 0.27342331409454346 0.5207821726799011
vt 0.43056720495224 0.22119130194187164
vt 0.3539173901081085 0.24756909906864166
vt 0.3871817886829376 0.2838008999824524
vt 0.38591259717941284 0.1885845959186554
vt 0.3539173901081085 0.24756909906864166
vt 0.43056720495224 0.22119130194187164
vt 0.4286245107650757 0.22335879504680634
vt 0.3871817886829376 0.2838008999824524
vt 0.46133318543434143 0.33020299673080444
vt 0.43056720495224 0.22119130194187164
vt 0.3871817886829376 0.2838008999824524
vt 0.4286245107650757 0.22335879504680634
vt 0.4802381098270416 0.33808091282844543
vt 0.46133318543434143 0.33020299673080444
vt 0.4208124876022339 0.4477185904979706
vt 0.4286245107650757 0.22335879504680634
vt 0.46133318543434143 0.33020299673080444
vt 0.4802381098270416 0.33808091282844543
vt 0.5115377902984619 0.6794580817222595
vt 0.449766606092453 0.6466636061668396
vt 0.3997325003147125 0.6247485280036926
vt 0.5115377902984619 0.6794580817222595
vt 0.45719170570373535 0.6497368812561035
vt 0.449766606092453 0.6466636061668396
vt 0.4426235854625702 0.6493840217590332
vt 0.3997325003147125 0.6247485280036926
vt 0.3621312975883484 0.6065096259117126
vt 0.4426235854625702 0.6493840217590332
vt 0.5115377902984619 0.6794580817222595
vt 0.3997325003147125 0.6247485280036926
vt 0.38134899735450745 0.6147900819778442
vt 0.4426235854625702 0.6493840217590332
vt 0.3621312975883484 0.6065096259117126
vt 0.5869389772415161 0.7049667239189148
vt 0.5675055980682373 0.6916912198066711
vt 0.5146815180778503 0.6724545955657959
vt 0.5869389772415161 0.7049667239189148
vt 0.6694331765174866 0.7249686121940613
vt 0.5675055980682373 0.6916912198066711
vt 0.5115377902984619 0.6794580817222595
vt 0.5146815180778503 0.6724545955657959
vt 0.45719170570373535 0.6497368812561035
vt 0.5115377902984619 0.6794580817222595
vt 0.5869389772415161 0.7049667239189148
vt 0.5146815180778503 0.6724545955657959
vt 0.5419762134552002 0.28192949295043945
vt 0.4802381098270416 0.33808091282844543
vt 0.5803161263465881 0.3612349033355713
vt 0.5419762134552002 0.28192949295043945
vt 0.4286245107650757 0.22335879504680634
vt 0.4802381098270416 0.33808091282844543
vt 0.6764110922813416 0.7243772149085999
vt 0.6694331765174866 0.7249686121940613
vt 0.5869389772415161 0.7049667239189148
vt 0.6133589744567871 0.6869503855705261
vt 0.5869389772415161 0.7049667239189148
vt 0.5115377902984619 0.6794580817222595
vt 0.6877201795578003 0.7192760109901428
vt 0.6764110922813416 0.7243772149085999
vt 0.5869389772415161 0.7049667239189148
vt 0.6995661854743958 0.7091373205184937
vt 0.6877201795578003 0.7192760109901428
vt 0.5869389772415161 0.7049667239189148
vt 0.6527431011199951 0.6984338164329529
vt 0.6995661854743958 0.7091373205184937
vt 0.5869389772415161 0.7049667239189148
vt 0.6133589744567871 0.6869503855705261
vt 0.6527431011199951 0.6984338164329529
vt 0.5869389772415161 0.7049667239189148
vt 0.5511121153831482 0.6643944978713989
vt 0.5115377902984619 0.6794580817222595
vt 0.4426235854625702 0.6493840217590332
vt 0.5511121153831482 0.6643944978713989
vt 0.6133589744567871 0.6869503855705261
vt 0.5115377902984619 0.6794580817222595
vt 0.4696634113788605 0.6247345805168152
vt 0.4426235854625702 0.6493840217590332
vt 0.38134899735450745 0.6147900819778442
vt 0.5046669244766235 0.6435167193412781
vt 0.5511121153831482 0.6643944978713989
vt 0.4426235854625702 0.6493840217590332
vt 0.4696634113788605 0.6247345805168152
vt 0.5046669244766235 0.6435167193412781
vt 0.4426235854625702 0.6493840217590332
vt 0.44338008761405945 0.6080871820449829
vt 0.4696634113788605 0.6247345805168152
vt 0.38134899735450745 0.6147900819778442
vt 0.7635607123374939 0.6806133985519409
vt 0.6995661854743958 0.7091373205184937
vt 0.6527431011199951 0.6984338164329529
vt 0.7744730114936829 0.6911938190460205
vt 0.6995661854743958 0.7091373205184937
vt 0.7635607123374939 0.6806133985519409
vt 0.7143476009368896 0.7119669914245605
vt 0.6995661854743958 0.7091373205184937
vt 0.7744730114936829 0.6911938190460205
vt 0.7143476009368896 0.7119669914245605
vt 0.8135355710983276 0.7304710149765015
vt 0.6995661854743958 0.7091373205184937
vt 0.7152739763259888 0.6448802947998047
vt 0.6527431011199951 0.6984338164329529
vt 0.6133589744567871 0.6869503855705261
vt 0.7635607123374939 0.6806133985519409
vt 0.6527431011199951 0.6984338164329529
vt 0.7152739763259888 0.6448802947998047
vt 0.6660153865814209 0.6186097264289856
vt 0.6133589744567871 0.6869503855705261
vt 0.5511121153831482 0.6643944978713989
vt 0.7152739763259888 0.6448802947998047
vt 0.6133589744567871 0.6869503855705261
vt 0.6660153865814209 0.6186097264289856
vt 0.6204835176467896 0.5988895893096924
vt 0.5511121153831482 0.6643944978713989
vt 0.5046669244766235 0.6435167193412781
vt 0.6660153865814209 0.6186097264289856
vt 0.5511121153831482 0.6643944978713989
vt 0.6204835176467896 0.5988895893096924
vt 0.5793464183807373 0.5838630795478821
vt 0.5046669244766235 0.6435167193412781
vt 0.4696634113788605 0.6247345805168152
vt 0.6204835176467896 0.5988895893096924
vt 0.5046669244766235 0.6435167193412781
vt 0.5793464183807373 0.5838630795478821
vt 0.5426220893859863 0.5724077224731445
vt 0.4696634113788605 0.6247345805168152
vt 0.44338008761405945 0.6080871820449829
vt 0.5793464183807373 0.5838630795478821
vt 0.4696634113788605 0.6247345805168152
vt 0.5426220893859863 0.5724077224731445
vt 0.5101370215415955 0.5637915134429932
vt 0.44338008761405945 0.6080871820449829
vt 0.42404600977897644 0.593466579914093
vt 0.5426220893859863 0.5724077224731445
vt 0.44338008761405945 0.6080871820449829
vt 0.5101370215415955 0.5637915134429932
vt 0.48162010312080383 0.5575380921363831
vt 0.42404600977897644 0.593466579914093
vt 0.41060128808021545 0.5807266235351562
vt 0.5101370215415955 0.5637915134429932
vt 0.42404600977897644 0.593466579914093
vt 0.48162010312080383 0.5575380921363831
vt 0.45680519938468933 0.5533738136291504
vt 0.41060128808021545 0.5807266235351562
vt 0.4026899039745331 0.5697522163391113
vt 0.48162010312080383 0.5575380921363831
vt 0.41060128808021545 0.5807266235351562
vt 0.45680519938468933 0.5533738136291504
vt 0.4355306029319763 0.5512620210647583
vt 0.4026899039745331 0.5697522163391113
vt 0.40094059705734253 0.5606420040130615
vt 0.45680519938468933 0.5533738136291504
vt 0.4026899039745331 0.5697522163391113
vt 0.4355306029319763 0.5512620210647583
vt 0.39412230253219604 0.548369824886322
vt 0.4065572917461395 0.5543649196624756
vt 0.40094059705734253 0.5606420040130615
vt 0.4181702136993408 0.551486611366272
vt 0.40094059705734253 0.5606420040130615
vt 0.4065572917461395 0.5543649196624756
vt 0.4355306029319763 0.5512620210647583
vt 0.40094059705734253 0.5606420040130615
vt 0.4181702136993408 0.551486611366272
vt 0.5793464183807373 0.5838630795478821
vt 0.5982686281204224 0.5259947180747986
vt 0.6956018805503845 0.5618637204170227
vt 0.5101370215415955 0.5637915134429932
vt 0.48162010312080383 0.5575380921363831
vt 0.5982686281204224 0.5259947180747986
vt 0.5426220893859863 0.5724077224731445
vt 0.5101370215415955 0.5637915134429932
vt 0.5982686281204224 0.5259947180747986
vt 0.5793464183807373 0.5838630795478821
vt 0.5426220893859863 0.5724077224731445
vt 0.5982686281204224 0.5259947180747986
vt 0.6660153865814209 0.6186097264289856
vt 0.6956018805503845 0.5618637204170227
vt 0.7768440842628479 0.6033266186714172
vt 0.6204835176467896 0.5988895893096924
vt 0.5793464183807373 0.5838630795478821
vt 0.6956018805503845 0.5618637204170227
vt 0.6660153865814209 0.6186097264289856
vt 0.6204835176467896 0.5988895893096924
vt 0.6956018805503845 0.5618637204170227
vt 0.7152739763259888 0.6448802947998047
vt 0.7768440842628479 0.6033266186714172
vt 0.8382493257522583 0.6498060822486877
vt 0.7152739763259888 0.6448802947998047
vt 0.6660153865814209 0.6186097264289856
vt 0.7768440842628479 0.6033266186714172
vt 0.8204628229141235 0.6603031754493713
vt 0.7152739763259888 0.6448802947998047
vt 0.8382493257522583 0.6498060822486877
vt 0.8204628229141235 0.6603031754493713
vt 0.7635607123374939 0.6806133985519409
vt 0.7152739763259888 0.6448802947998047
vt 0.835227906703949 0.6748970746994019
vt 0.7635607123374939 0.6806133985519409
vt 0.8204628229141235 0.6603031754493713
vt 0.835227906703949 0.6748970746994019
vt 0.7744730114936829 0.6911938190460205
vt 0.7635607123374939 0.6806133985519409
vt 0.835227906703949 0.6748970746994019
vt 0.7835168838500977 0.6996685862541199
vt 0.7744730114936829 0.6911938190460205
vt 0.7273241877555847 0.7145146131515503
vt 0.7744730114936829 0.6911938190460205
vt 0.7835168838500977 0.6996685862541199
vt 0.7143476009368896 0.7119669914245605
vt 0.7744730114936829 0.6911938190460205
vt 0.7273241877555847 0.7145146131515503
vt 0.7488325238227844 0.7188345789909363
vt 0.7835168838500977 0.6996685862541199
vt 0.7909438014030457 0.7065123915672302
vt 0.7387508153915405 0.7167972922325134
vt 0.7835168838500977 0.6996685862541199
vt 0.7488325238227844 0.7188345789909363
vt 0.7273241877555847 0.7145146131515503
vt 0.7835168838500977 0.6996685862541199
vt 0.7387508153915405 0.7167972922325134
vt 0.7656211853027344 0.7222548723220825
vt 0.7909438014030457 0.7065123915672302
vt 0.7969995141029358 0.7120785117149353
vt 0.7577351927757263 0.720647394657135
vt 0.7909438014030457 0.7065123915672302
vt 0.7656211853027344 0.7222548723220825
vt 0.7488325238227844 0.7188345789909363
vt 0.7909438014030457 0.7065123915672302
vt 0.7577351927757263 0.720647394657135
vt 0.7726089954376221 0.7236772775650024
vt 0.7969995141029358 0.7120785117149353
vt 0.8018804788589478 0.716620922088623
vt 0.7656211853027344 0.7222548723220825
vt 0.7969995141029358 0.7120785117149353
vt 0.7726089954376221 0.7236772775650024
vt 0.7843284010887146 0.7260243892669678
vt 0.8018804788589478 0.716620922088623
vt 0.8057441115379333 0.7203323841094971
vt 0.7788116931915283 0.7249283194541931
vt 0.8018804788589478 0.716620922088623
vt 0.7843284010887146 0.7260243892669678
vt 0.7726089954376221 0.7236772775650024
vt 0.8018804788589478 0.716620922088623
vt 0.7788116931915283 0.7249283194541931
vt 0.7936015129089355 0.7277929782867432
vt 0.8057441115379333 0.7203323841094971
vt 0.8086984157562256 0.723371684551239
vt 0.7892338037490845 0.7269759774208069
vt 0.8057441115379333 0.7203323841094971
vt 0.7936015129089355 0.7277929782867432
vt 0.7843284010887146 0.7260243892669678
vt 0.8057441115379333 0.7203323841094971
vt 0.7892338037490845 0.7269759774208069
vt 0.7974922060966492 0.7284820079803467
vt 0.8086984157562256 0.723371684551239
vt 0.8107916712760925 0.7258676290512085
vt 0.7936015129089355 0.7277929782867432
vt 0.8086984157562256 0.723371684551239
vt 0.7974922060966492 0.7284820079803467
vt 0.8040562272071838 0.729472815990448
vt 0.8107916712760925 0.7258676290512085
vt 0.811886191368103 0.727923572063446
vt 0.800959587097168 0.7290443778038025
vt 0.8107916712760925 0.7258676290512085
vt 0.8040562272071838 0.729472815990448
vt 0.7974922060966492 0.7284820079803467
vt 0.8107916712760925 0.7258676290512085
vt 0.800959587097168 0.7290443778038025
vt 0.8135355710983276 0.7304710149765015
vt 0.8111158013343811 0.7294523119926453
vt 0.811886191368103 0.727923572063446
vt 0.8092659115791321 0.7297931909561157
vt 0.811886191368103 0.727923572063446
vt 0.8111158013343811 0.7294523119926453
vt 0.8068249225616455 0.7297468185424805
vt 0.811886191368103 0.727923572063446
vt 0.8092659115791321 0.7297931909561157
vt 0.8040562272071838 0.729472815990448
vt 0.811886191368103 0.727923572063446
vt 0.8068249225616455 0.7297468185424805
vt 0.8092659115791321 0.7297931909561157
vt 0.8111158013343811 0.7294523119926453
vt 0.8135355710983276 0.7304710149765015
vt 0.8068249225616455 0.7297468185424805
vt 0.8092659115791321 0.7297931909561157
vt 0.8135355710983276 0.7304710149765015
vt 0.8040562272071838 0.729472815990448
vt 0.8068249225616455 0.7297468185424805
vt 0.8135355710983276 0.7304710149765015
vt 0.800959587097168 0.7290443778038025
vt 0.8040562272071838 0.729472815990448
vt 0.8135355710983276 0.7304710149765015
vt 0.7974922060966492 0.7284820079803467
vt 0.800959587097168 0.7290443778038025
vt 0.8135355710983276 0.7304710149765015
vt 0.7936015129089355 0.7277929782867432
vt 0.7974922060966492 0.7284820079803467
vt 0.8135355710983276 0.7304710149765015
vt 0.7892338037490845 0.7269759774208069
vt 0.7936015129089355 0.7277929782867432
vt 0.8135355710983276 0.7304710149765015
vt 0.7843284010887146 0.7260243892669678
vt 0.7892338037490845 0.7269759774208069
vt 0.8135355710983276 0.7304710149765015
vt 0.7788116931915283 0.7249283194541931
vt 0.7843284010887146 0.7260243892669678
vt 0.8135355710983276 0.7304710149765015
vt 0.7726089954376221 0.7236772775650024
vt 0.7788116931915283 0.7249283194541931
vt 0.8135355710983276 0.7304710149765015
vt 0.7656211853027344 0.7222548723220825
vt 0.7726089954376221 0.7236772775650024
vt 0.8135355710983276 0.7304710149765015
vt 0.7577351927757263 0.720647394657135
vt 0.7656211853027344 0.7222548723220825
vt 0.8135355710983276 0.7304710149765015
vt 0.7488325238227844 0.7188345789909363
vt 0.7577351927757263 0.720647394657135
vt 0.8135355710983276 0.7304710149765015
vt 0.7387508153915405 0.7167972922325134
vt 0.7488325238227844 0.7188345789909363
vt 0.8135355710983276 0.7304710149765015
vt 0.7273241877555847 0.7145146131515503
vt 0.7387508153915405 0.7167972922325134
vt 0.8135355710983276 0.7304710149765015
vt 0.7143476009368896 0.7119669914245605
vt 0.7273241877555847 0.7145146131515503
vt 0.8135355710983276 0.7304710149765015
vt 0.5405563712120056 0.21322029829025269
vt 0.4286245107650757 0.22335879504680634
vt 0.5419762134552002 0.28192949295043945
vt 0.5405563712120056 0.21322029829025269
vt 0.43056720495224 0.22119130194187164
vt 0.4286245107650757 0.22335879504680634
vt 0.5987213850021362 0.24012580513954163
vt 0.5405563712120056 0.21322029829025269
vt 0.5419762134552002 0.28192949295043945
vt 0.5405563712120056 0.21322029829025269
vt 0.4826287031173706 0.17865429818630219
vt 0.43056720495224 0.22119130194187164
vt 0.38591259717941284 0.1885845959186554
vt 0.43056720495224 0.22119130194187164
vt 0.4826287031173706 0.17865429818630219
vt 0.4486851096153259 0.15233249962329865
vt 0.38591259717941284 0.1885845959186554
vt 0.4826287031173706 0.17865429818630219
vt 0.428101509809494 0.13079899549484253
vt 0.3561609089374542 0.1487949937582016
vt 0.38591259717941284 0.1885845959186554
vt 0.41930660605430603 0.11359389871358871
vt 0.3678432106971741 0.12542350590229034
vt 0.3561609089374542 0.1487949937582016
vt 0.2753377854824066 0.08947136253118515
vt 0.3561609089374542 0.1487949937582016
vt 0.3678432106971741 0.12542350590229034
vt 0.428101509809494 0.13079899549484253
vt 0.41930660605430603 0.11359389871358871
vt 0.3561609089374542 0.1487949937582016
vt 0.2330338954925537 0.11933489888906479
vt 0.3561609089374542 0.1487949937582016
vt 0.2753377854824066 0.08947136253118515
vt 0.4486851096153259 0.15233249962329865
vt 0.428101509809494 0.13079899549484253
vt 0.38591259717941284 0.1885845959186554
vt 0.17844970524311066 0.009607234038412571
vt 0.30490100383758545 0.0584518201649189
vt 0.20554329454898834 0.015692979097366333
vt 0.17844970524311066 0.009607234038412571
vt 0.20554329454898834 0.015692979097366333
vt 0.15526419878005981 0.0020509010646492243
vt 0.15793399512767792 0.0009504409972578287
vt 0.15526419878005981 0.0020509010646492243
vt 0.20554329454898834 0.015692979097366333
vt 0.20689409971237183 0.014572789892554283
vt 0.15793399512767792 0.0009504409972578287
vt 0.20554329454898834 0.015692979097366333
vt 0.26357340812683105 0.023524610325694084
vt 0.20689409971237183 0.014572789892554283
vt 0.20554329454898834 0.015692979097366333
vt 0.2329585999250412 0.019979070872068405
vt 0.26357340812683105 0.023524610325694084
vt 0.20554329454898834 0.015692979097366333
vt 0.17844970524311066 0.009607234038412571
vt 0.3187643885612488 0.06380703300237656
vt 0.30490100383758545 0.0584518201649189
vt 0.15526419878005981 0.0020509010646492243
vt 0.2753377854824066 0.08947136253118515
vt 0.3187643885612488 0.06380703300237656
vt 0.17844970524311066 0.009607234038412571
vt 0.15526419878005981 0.0020509010646492243
vt 0.3187643885612488 0.06380703300237656
vt 0.12516550719738007 0.051217589527368546
vt 0.2330338954925537 0.11933489888906479
vt 0.2753377854824066 0.08947136253118515
vt 0.12709680199623108 0.04818122088909149
vt 0.12516550719738007 0.051217589527368546
vt 0.2753377854824066 0.08947136253118515
vt 0.15526419878005981 0.0020509010646492243
vt 0.12709680199623108 0.04818122088909149
vt 0.2753377854824066 0.08947136253118515
vt 0.08032601326704025 0.05160873010754585
vt 0.12516550719738007 0.051217589527368546
vt 0.12709680199623108 0.04818122088909149
vt 0.05312412977218628 0.09866689145565033
vt 0.12516550719738007 0.051217589527368546
vt 0.08032601326704025 0.05160873010754585
vt 0.15273140370845795 0.001166429021395743
vt 0.12709680199623108 0.04818122088909149
vt 0.15526419878005981 0.0020509010646492243
vt 0.10201310366392136 0.010889009572565556
vt 0.12709680199623108 0.04818122088909149
vt 0.15273140370845795 0.001166429021395743
vt 0.08032601326704025 0.05160873010754585
vt 0.12709680199623108 0.04818122088909149
vt 0.10201310366392136 0.010889009572565556
vt 0.1553640067577362 0
vt 0.15526419878005981 0.0020509010646492243
vt 0.15793399512767792 0.0009504409972578287
vt 0.15273140370845795 0.001166429021395743
vt 0.15526419878005981 0.0020509010646492243
vt 0.1553640067577362 0
vt 0.20689409971237183 0.014572789892554283
vt 0.15952059626579285 0.002944811014458537
vt 0.15793399512767792 0.0009504409972578287
vt 0.1553640067577362 0
vt 0.15793399512767792 0.0009504409972578287
vt 0.15952059626579285 0.002944811014458537
vt 0.2076507955789566 0.016522850841283798
vt 0.159408301115036 0.007279987912625074
vt 0.15952059626579285 0.002944811014458537
vt 0.15699389576911926 0.0020111610647290945
vt 0.15952059626579285 0.002944811014458537
vt 0.159408301115036 0.007279987912625074
vt 0.20689409971237183 0.014572789892554283
vt 0.2076507955789566 0.016522850841283798
vt 0.15952059626579285 0.002944811014458537
vt 0.1553640067577362 0
vt 0.15952059626579285 0.002944811014458537
vt 0.15699389576911926 0.0020111610647290945
vt 0.1802435964345932 0.019773509353399277
vt 0.1576416939496994 0.012277590110898018
vt 0.159408301115036 0.007279987912625074
vt 0.1570046991109848 0.006376293022185564
vt 0.159408301115036 0.007279987912625074
vt 0.1576416939496994 0.012277590110898018
vt 0.2065863013267517 0.025917569175362587
vt 0.1802435964345932 0.019773509353399277
vt 0.159408301115036 0.007279987912625074
vt 0.20753470063209534 0.02083398960530758
vt 0.2065863013267517 0.025917569175362587
vt 0.159408301115036 0.007279987912625074
vt 0.2076507955789566 0.016522850841283798
vt 0.20753470063209534 0.02083398960530758
vt 0.159408301115036 0.007279987912625074
vt 0.15699389576911926 0.0020111610647290945
vt 0.159408301115036 0.007279987912625074
vt 0.1570046991109848 0.006376293022185564
vt 0.11958230286836624 0.03998547047376633
vt 0.1576416939496994 0.012277590110898018
vt 0.1802435964345932 0.019773509353399277
vt 0.1553947925567627 0.01144407968968153
vt 0.1576416939496994 0.012277590110898018
vt 0.15652340650558472 0.011851719580590725
vt 0.11958230286836624 0.03998547047376633
vt 0.15652340650558472 0.011851719580590725
vt 0.1576416939496994 0.012277590110898018
vt 0.1570046991109848 0.006376293022185564
vt 0.1576416939496994 0.012277590110898018
vt 0.1553947925567627 0.01144407968968153
vt 0.17362770438194275 0.048611611127853394
vt 0.1802435964345932 0.019773509353399277
vt 0.2065863013267517 0.025917569175362587
vt 0.17362770438194275 0.048611611127853394
vt 0.11958230286836624 0.03998547047376633
vt 0.1802435964345932 0.019773509353399277
vt 0.2331814020872116 0.03030361980199814
vt 0.2065863013267517 0.025917569175362587
vt 0.20753470063209534 0.02083398960530758
vt 0.17362770438194275 0.048611611127853394
vt 0.2065863013267517 0.025917569175362587
vt 0.2331814020872116 0.03030361980199814
vt 0.2637253999710083 0.024868130683898926
vt 0.20753470063209534 0.02083398960530758
vt 0.2076507955789566 0.016522850841283798
vt 0.26286581158638 0.033968180418014526
vt 0.2331814020872116 0.03030361980199814
vt 0.20753470063209534 0.02083398960530758
vt 0.2637253999710083 0.024868130683898926
vt 0.26286581158638 0.033968180418014526
vt 0.20753470063209534 0.02083398960530758
vt 0.2637253999710083 0.024868130683898926
vt 0.2076507955789566 0.016522850841283798
vt 0.20689409971237183 0.014572789892554283
vt 0.2637253999710083 0.024868130683898926
vt 0.20689409971237183 0.014572789892554283
vt 0.26357340812683105 0.023524610325694084
vt 0.4016106128692627 0.03734242916107178
vt 0.2637253999710083 0.024868130683898926
vt 0.26357340812683105 0.023524610325694084
vt 0.33626168966293335 0.030187079682946205
vt 0.26357340812683105 0.023524610325694084
vt 0.32984858751296997 0.034158241003751755
vt 0.40347880125045776 0.03838422894477844
vt 0.26357340812683105 0.023524610325694084
vt 0.33626168966293335 0.030187079682946205
vt 0.4016106128692627 0.03734242916107178
vt 0.26357340812683105 0.023524610325694084
vt 0.40347880125045776 0.03838422894477844
vt 0.23771019279956818 0.0579257607460022
vt 0.2331814020872116 0.03030361980199814
vt 0.26286581158638 0.033968180418014526
vt 0.23771019279956818 0.0579257607460022
vt 0.17362770438194275 0.048611611127853394
vt 0.2331814020872116 0.03030361980199814
vt 0.3332589864730835 0.040158141404390335
vt 0.26286581158638 0.033968180418014526
vt 0.2637253999710083 0.024868130683898926
vt 0.32033559679985046 0.06075190007686615
vt 0.23771019279956818 0.0579257607460022
vt 0.26286581158638 0.033968180418014526
vt 0.3332589864730835 0.040158141404390335
vt 0.32033559679985046 0.06075190007686615
vt 0.26286581158638 0.033968180418014526
vt 0.3995509147644043 0.03918519988656044
vt 0.2637253999710083 0.024868130683898926
vt 0.4016106128692627 0.03734242916107178
vt 0.3971923887729645 0.04738035053014755
vt 0.2637253999710083 0.024868130683898926
vt 0.3995509147644043 0.03918519988656044
vt 0.3332589864730835 0.040158141404390335
vt 0.2637253999710083 0.024868130683898926
vt 0.3971923887729645 0.04738035053014755
vt 0.33626168966293335 0.030187079682946205
vt 0.32984858751296997 0.034158241003751755
vt 0.3857167959213257 0.043111640959978104
vt 0.40347880125045776 0.03838422894477844
vt 0.33626168966293335 0.030187079682946205
vt 0.3857167959213257 0.043111640959978104
vt 0.4016106128692627 0.03734242916107178
vt 0.40347880125045776 0.03838422894477844
vt 0.42887070775032043 0.043439000844955444
vt 0.4435867965221405 0.04738502949476242
vt 0.3995509147644043 0.03918519988656044
vt 0.4016106128692627 0.03734242916107178
vt 0.4205184876918793 0.050587598234415054
vt 0.3971923887729645 0.04738035053014755
vt 0.3995509147644043 0.03918519988656044
vt 0.4389936029911041 0.05371943861246109
vt 0.4205184876918793 0.050587598234415054
vt 0.3995509147644043 0.03918519988656044
vt 0.4435867965221405 0.04738502949476242
vt 0.4389936029911041 0.05371943861246109
vt 0.3995509147644043 0.03918519988656044
vt 0.3438592851161957 0.09025494754314423
vt 0.3971923887729645 0.04738035053014755
vt 0.4205184876918793 0.050587598234415054
vt 0.32033559679985046 0.06075190007686615
vt 0.3971923887729645 0.04738035053014755
vt 0.3438592851161957 0.09025494754314423
vt 0.3332589864730835 0.040158141404390335
vt 0.3971923887729645 0.04738035053014755
vt 0.32033559679985046 0.06075190007686615
vt 0.3438592851161957 0.09025494754314423
vt 0.4205184876918793 0.050587598234415054
vt 0.4389936029911041 0.05371943861246109
vt 0.44057008624076843 0.053993649780750275
vt 0.4389936029911041 0.05371943861246109
vt 0.4435867965221405 0.04738502949476242
vt 0.44272759556770325 0.05863383039832115
vt 0.4389936029911041 0.05371943861246109
vt 0.44057008624076843 0.053993649780750275
vt 0.43965840339660645 0.05914667993783951
vt 0.3438592851161957 0.09025494754314423
vt 0.4389936029911041 0.05371943861246109
vt 0.44272759556770325 0.05863383039832115
vt 0.43965840339660645 0.05914667993783951
vt 0.4389936029911041 0.05371943861246109
vt 0.44683951139450073 0.048165030777454376
vt 0.44057008624076843 0.053993649780750275
vt 0.4435867965221405 0.04738502949476242
vt 0.44683951139450073 0.048165030777454376
vt 0.44210800528526306 0.05426020920276642
vt 0.44057008624076843 0.053993649780750275
vt 0.44272759556770325 0.05863383039832115
vt 0.44057008624076843 0.053993649780750275
vt 0.44210800528526306 0.05426020920276642
vt 0.44494208693504333 0.05460524931550026
vt 0.44210800528526306 0.05426020920276642
vt 0.44683951139450073 0.048165030777454376
vt 0.447876513004303 0.0550847202539444
vt 0.44210800528526306 0.05426020920276642
vt 0.44494208693504333 0.05460524931550026
vt 0.44272759556770325 0.05863383039832115
vt 0.44210800528526306 0.05426020920276642
vt 0.447876513004303 0.0550847202539444
vt 0.447876513004303 0.0550847202539444
vt 0.44494208693504333 0.05460524931550026
vt 0.44683951139450073 0.048165030777454376
vt 0.45287829637527466 0.049789510667324066
vt 0.447876513004303 0.0550847202539444
vt 0.44683951139450073 0.048165030777454376
vt 0.4528130888938904 0.056192781776189804
vt 0.447876513004303 0.0550847202539444
vt 0.45287829637527466 0.049789510667324066
vt 0.44803309440612793 0.057900719344615936
vt 0.447876513004303 0.0550847202539444
vt 0.4528130888938904 0.056192781776189804
vt 0.44272759556770325 0.05863383039832115
vt 0.447876513004303 0.0550847202539444
vt 0.44803309440612793 0.057900719344615936
vt 0.45748910307884216 0.05767808109521866
vt 0.4528130888938904 0.056192781776189804
vt 0.45287829637527466 0.049789510667324066
vt 0.4581046998500824 0.05731454864144325
vt 0.45748910307884216 0.05767808109521866
vt 0.45287829637527466 0.049789510667324066
vt 0.4587307870388031 0.05697527155280113
vt 0.4581046998500824 0.05731454864144325
vt 0.45287829637527466 0.049789510667324066
vt 0.4636428952217102 0.053761858493089676
vt 0.4587307870388031 0.05697527155280113
vt 0.45287829637527466 0.049789510667324066
vt 0.45275211334228516 0.05898791924118996
vt 0.4528130888938904 0.056192781776189804
vt 0.45748910307884216 0.05767808109521866
vt 0.44805678725242615 0.06063605099916458
vt 0.44803309440612793 0.057900719344615936
vt 0.4528130888938904 0.056192781776189804
vt 0.45275211334228516 0.05898791924118996
vt 0.44805678725242615 0.06063605099916458
vt 0.4528130888938904 0.056192781776189804
vt 0.4584718942642212 0.057744741439819336
vt 0.45748910307884216 0.05767808109521866
vt 0.4581046998500824 0.05731454864144325
vt 0.45787519216537476 0.058115821331739426
vt 0.45275211334228516 0.05898791924118996
vt 0.45748910307884216 0.05767808109521866
vt 0.4584718942642212 0.057744741439819336
vt 0.45787519216537476 0.058115821331739426
vt 0.45748910307884216 0.05767808109521866
vt 0.4584718942642212 0.057744741439819336
vt 0.4581046998500824 0.05731454864144325
vt 0.4587307870388031 0.05697527155280113
vt 0.46200698614120483 0.05581187084317207
vt 0.4587307870388031 0.05697527155280113
vt 0.4636428952217102 0.053761858493089676
vt 0.46200698614120483 0.05581187084317207
vt 0.46368250250816345 0.05854133889079094
vt 0.4587307870388031 0.05697527155280113
vt 0.4584718942642212 0.057744741439819336
vt 0.4587307870388031 0.05697527155280113
vt 0.46368250250816345 0.05854133889079094
vt 0.46200698614120483 0.05581187084317207
vt 0.4636428952217102 0.053761858493089676
vt 0.4651317894458771 0.05529782921075821
vt 0.46912550926208496 0.05594202131032944
vt 0.4651317894458771 0.05529782921075821
vt 0.4636428952217102 0.053761858493089676
vt 0.44272759556770325 0.05863383039832115
vt 0.44803309440612793 0.057900719344615936
vt 0.44805678725242615 0.06063605099916458
vt 0.45787519216537476 0.058115821331739426
vt 0.44805678725242615 0.06063605099916458
vt 0.45275211334228516 0.05898791924118996
vt 0.45787519216537476 0.058115821331739426
vt 0.45827001333236694 0.05856359004974365
vt 0.44805678725242615 0.06063605099916458
vt 0.4484071135520935 0.06381846219301224
vt 0.44805678725242615 0.06063605099916458
vt 0.45827001333236694 0.05856359004974365
vt 0.44558531045913696 0.06166195124387741
vt 0.44805678725242615 0.06063605099916458
vt 0.4484071135520935 0.06381846219301224
vt 0.44558531045913696 0.06166195124387741
vt 0.44272759556770325 0.05863383039832115
vt 0.44805678725242615 0.06063605099916458
vt 0.4484071135520935 0.06381846219301224
vt 0.45438361167907715 0.06536872684955597
vt 0.4495643079280853 0.06708204001188278
vt 0.4435808062553406 0.06592897325754166
vt 0.4484071135520935 0.06381846219301224
vt 0.4495643079280853 0.06708204001188278
vt 0.4448535144329071 0.06909876316785812
vt 0.4495643079280853 0.06708204001188278
vt 0.44718611240386963 0.06805170327425003
vt 0.4435808062553406 0.06592897325754166
vt 0.4495643079280853 0.06708204001188278
vt 0.4448535144329071 0.06909876316785812
vt 0.4484071135520935 0.06381846219301224
vt 0.4596548080444336 0.06376391649246216
vt 0.45438361167907715 0.06536872684955597
vt 0.4588930010795593 0.08893229067325592
vt 0.45438361167907715 0.06536872684955597
vt 0.4596548080444336 0.06376391649246216
vt 0.4484071135520935 0.06381846219301224
vt 0.45878010988235474 0.0611601285636425
vt 0.4596548080444336 0.06376391649246216
vt 0.4611082971096039 0.06337534636259079
vt 0.4596548080444336 0.06376391649246216
vt 0.45878010988235474 0.0611601285636425
vt 0.4611082971096039 0.06337534636259079
vt 0.4588930010795593 0.08893229067325592
vt 0.4596548080444336 0.06376391649246216
vt 0.4484071135520935 0.06381846219301224
vt 0.45827001333236694 0.05856359004974365
vt 0.45878010988235474 0.0611601285636425
vt 0.46046850085258484 0.06078626960515976
vt 0.45878010988235474 0.0611601285636425
vt 0.45827001333236694 0.05856359004974365
vt 0.4611082971096039 0.06337534636259079
vt 0.45878010988235474 0.0611601285636425
vt 0.4625503122806549 0.06305167078971863
vt 0.46046850085258484 0.06078626960515976
vt 0.4625503122806549 0.06305167078971863
vt 0.45878010988235474 0.0611601285636425
vt 0.4584718942642212 0.057744741439819336
vt 0.45827001333236694 0.05856359004974365
vt 0.45787519216537476 0.058115821331739426
vt 0.46368250250816345 0.05854133889079094
vt 0.46046850085258484 0.06078626960515976
vt 0.45827001333236694 0.05856359004974365
vt 0.4584718942642212 0.057744741439819336
vt 0.46368250250816345 0.05854133889079094
vt 0.45827001333236694 0.05856359004974365
vt 0.4431740939617157 0.06276941299438477
vt 0.4484071135520935 0.06381846219301224
vt 0.4435808062553406 0.06592897325754166
vt 0.44558531045913696 0.06166195124387741
vt 0.4484071135520935 0.06381846219301224
vt 0.4431740939617157 0.06276941299438477
vt 0.44894909858703613 0.07878060638904572
vt 0.4448535144329071 0.06909876316785812
vt 0.44718611240386963 0.06805170327425003
vt 0.00030957700801081955 0.3046148121356964
vt 0.015785669907927513 0.3074967861175537
vt 0.01907140016555786 0.2661353051662445
vt 0.44340771436691284 0.06599821895360947
vt 0.4435808062553406 0.06592897325754166
vt 0.4448535144329071 0.06909876316785812
vt 0.46445900201797485 0.06353104114532471
vt 0.46730539202690125 0.08981303125619888
vt 0.4588930010795593 0.08893229067325592
vt 0.47376200556755066 0.1066955029964447
vt 0.4588930010795593 0.08893229067325592
vt 0.46730539202690125 0.08981303125619888
vt 0.4625503122806549 0.06305167078971863
vt 0.46445900201797485 0.06353104114532471
vt 0.4588930010795593 0.08893229067325592
vt 0.4611082971096039 0.06337534636259079
vt 0.4625503122806549 0.06305167078971863
vt 0.4588930010795593 0.08893229067325592
vt 0.4754055142402649 0.07017782330513
vt 0.4755750000476837 0.0911707729101181
vt 0.46730539202690125 0.08981303125619888
vt 0.47376200556755066 0.1066955029964447
vt 0.46730539202690125 0.08981303125619888
vt 0.4755750000476837 0.0911707729101181
vt 0.4660964906215668 0.06433984637260437
vt 0.4754055142402649 0.07017782330513
vt 0.46730539202690125 0.08981303125619888
vt 0.46445900201797485 0.06353104114532471
vt 0.4660964906215668 0.06433984637260437
vt 0.46730539202690125 0.08981303125619888
vt 0.48388609290122986 0.07529240101575851
vt 0.4830566942691803 0.08508244156837463
vt 0.4755750000476837 0.0911707729101181
vt 0.4754055142402649 0.07017782330513
vt 0.48388609290122986 0.07529240101575851
vt 0.4755750000476837 0.0911707729101181
vt 0.507557213306427 0.09204774349927902
vt 0.4830566942691803 0.08508244156837463
vt 0.48388609290122986 0.07529240101575851
vt 0.47060561180114746 0.05943083018064499
vt 0.48388609290122986 0.07529240101575851
vt 0.4754055142402649 0.07017782330513
vt 0.4862818121910095 0.07243706285953522
vt 0.48388609290122986 0.07529240101575851
vt 0.47060561180114746 0.05943083018064499
vt 0.507557213306427 0.09204774349927902
vt 0.48388609290122986 0.07529240101575851
vt 0.4862818121910095 0.07243706285953522
vt 0.47060561180114746 0.05943083018064499
vt 0.4754055142402649 0.07017782330513
vt 0.4660964906215668 0.06433984637260437
vt 0.4625503122806549 0.06305167078971863
vt 0.4660964906215668 0.06433984637260437
vt 0.46445900201797485 0.06353104114532471
vt 0.46368250250816345 0.05854133889079094
vt 0.4660964906215668 0.06433984637260437
vt 0.4625503122806549 0.06305167078971863
vt 0.47060561180114746 0.05943083018064499
vt 0.4660964906215668 0.06433984637260437
vt 0.46368250250816345 0.05854133889079094
vt 0.46368250250816345 0.05854133889079094
vt 0.4625503122806549 0.06305167078971863
vt 0.46046850085258484 0.06078626960515976
vt 0.46200698614120483 0.05581187084317207
vt 0.4651317894458771 0.05529782921075821
vt 0.46368250250816345 0.05854133889079094
vt 0.47060561180114746 0.05943083018064499
vt 0.46368250250816345 0.05854133889079094
vt 0.4651317894458771 0.05529782921075821
vt 0.47060561180114746 0.05943083018064499
vt 0.4651317894458771 0.05529782921075821
vt 0.46912550926208496 0.05594202131032944
vt 0.44023311138153076 0.06751421838998795
vt 0.4446980953216553 0.06916990131139755
vt 0.44310709834098816 0.06992744654417038
vt 0.00030957700801081955 0.3046148121356964
vt 0.01907140016555786 0.2661353051662445
vt 0.006733607966452837 0.22583889961242676
vt 0.44023311138153076 0.06751421838998795
vt 0.44340771436691284 0.06599821895360947
vt 0.4446980953216553 0.06916990131139755
vt 0.44023311138153076 0.06751421838998795
vt 0.44310709834098816 0.06992744654417038
vt 0.4415053129196167 0.07067616283893585
vt 0.44023311138153076 0.06751421838998795
vt 0.4415053129196167 0.07067616283893585
vt 0.3959727883338928 0.08697477728128433
vt 0.3438592851161957 0.09025494754314423
vt 0.3959727883338928 0.08697477728128433
vt 0.3442421853542328 0.09683942794799805
vt 0.44023311138153076 0.06751421838998795
vt 0.3959727883338928 0.08697477728128433
vt 0.4398163855075836 0.06436499208211899
vt 0.3438592851161957 0.09025494754314423
vt 0.4398163855075836 0.06436499208211899
vt 0.3959727883338928 0.08697477728128433
vt 0.23429889976978302 0.0893678367137909
vt 0.3438592851161957 0.09025494754314423
vt 0.3442421853542328 0.09683942794799805
vt 0.44340771436691284 0.06599821895360947
vt 0.4448535144329071 0.06909876316785812
vt 0.4446980953216553 0.06916990131139755
vt 0.01907140016555786 0.2661353051662445
vt 0.020552530884742737 0.22869570553302765
vt 0.006733607966452837 0.22583889961242676
vt 0.029072260484099388 0.16535569727420807
vt 0.04848086088895798 0.15292979776859283
vt 0.03629209101200104 0.1471610963344574
vt 0.44299858808517456 0.06285852938890457
vt 0.4431740939617157 0.06276941299438477
vt 0.4435808062553406 0.06592897325754166
vt 0.44340771436691284 0.06599821895360947
vt 0.44299858808517456 0.06285852938890457
vt 0.4435808062553406 0.06592897325754166
vt 0 0.304441899061203
vt 0.006733607966452837 0.22583889961242676
vt 0.006540469825267792 0.22414900362491608
vt 0.44558531045913696 0.06166195124387741
vt 0.4431740939617157 0.06276941299438477
vt 0.44272759556770325 0.05863383039832115
vt 0.006733607966452837 0.22583889961242676
vt 0.020552530884742737 0.22869570553302765
vt 0.029072260484099388 0.16535569727420807
vt 0.44272759556770325 0.05863383039832115
vt 0.4431740939617157 0.06276941299438477
vt 0.44299858808517456 0.06285852938890457
vt 0.4398163855075836 0.06436499208211899
vt 0.44299858808517456 0.06285852938890457
vt 0.44340771436691284 0.06599821895360947
vt 0.4398163855075836 0.06436499208211899
vt 0.4414176940917969 0.06361190974712372
vt 0.44299858808517456 0.06285852938890457
vt 0.43965840339660645 0.05914667993783951
vt 0.44299858808517456 0.06285852938890457
vt 0.4414176940917969 0.06361190974712372
vt 0.44272759556770325 0.05863383039832115
vt 0.44299858808517456 0.06285852938890457
vt 0.43965840339660645 0.05914667993783951
vt 0.44023311138153076 0.06751421838998795
vt 0.4398163855075836 0.06436499208211899
vt 0.44340771436691284 0.06599821895360947
vt 0.43965840339660645 0.05914667993783951
vt 0.4414176940917969 0.06361190974712372
vt 0.4398163855075836 0.06436499208211899
vt 0.43965840339660645 0.05914667993783951
vt 0.4398163855075836 0.06436499208211899
vt 0.3438592851161957 0.09025494754314423
vt 0.32033559679985046 0.06075190007686615
vt 0.3438592851161957 0.09025494754314423
vt 0.23429889976978302 0.0893678367137909
vt 0.23565320670604706 0.07413922995328903
vt 0.23429889976978302 0.0893678367137909
vt 0.1612870991230011 0.07414539158344269
vt 0.32033559679985046 0.06075190007686615
vt 0.23429889976978302 0.0893678367137909
vt 0.23771019279956818 0.0579257607460022
vt 0.23565320670604706 0.07413922995328903
vt 0.23771019279956818 0.0579257607460022
vt 0.23429889976978302 0.0893678367137909
vt 0.17362770438194275 0.048611611127853394
vt 0.1612870991230011 0.07414539158344269
vt 0.12103070318698883 0.0605405792593956
vt 0.23771019279956818 0.0579257607460022
vt 0.1612870991230011 0.07414539158344269
vt 0.17362770438194275 0.048611611127853394
vt 0.23565320670604706 0.07413922995328903
vt 0.1612870991230011 0.07414539158344269
vt 0.23771019279956818 0.0579257607460022
vt 0.11958230286836624 0.03998547047376633
vt 0.12103070318698883 0.0605405792593956
vt 0.09781277179718018 0.050946950912475586
vt 0.17362770438194275 0.048611611127853394
vt 0.12103070318698883 0.0605405792593956
vt 0.11958230286836624 0.03998547047376633
vt 0.08269751816987991 0.04707247018814087
vt 0.08441668748855591 0.044467490166425705
vt 0.09781277179718018 0.050946950912475586
vt 0.09806650876998901 0.0391792394220829
vt 0.09781277179718018 0.050946950912475586
vt 0.08441668748855591 0.044467490166425705
vt 0.11958230286836624 0.03998547047376633
vt 0.09781277179718018 0.050946950912475586
vt 0.09806650876998901 0.0391792394220829
vt 0.0830380916595459 0.04340215027332306
vt 0.08441668748855591 0.044467490166425705
vt 0.08269751816987991 0.04707247018814087
vt 0.10760179907083511 0.015542459674179554
vt 0.08441668748855591 0.044467490166425705
vt 0.0830380916595459 0.04340215027332306
vt 0.09806650876998901 0.0391792394220829
vt 0.08441668748855591 0.044467490166425705
vt 0.10760179907083511 0.015542459674179554
vt 0.08166685700416565 0.04232468083500862
vt 0.0830380916595459 0.04340215027332306
vt 0.08269751816987991 0.04707247018814087
vt 0.07942648977041245 0.04460429027676582
vt 0.08166685700416565 0.04232468083500862
vt 0.08269751816987991 0.04707247018814087
vt 0.10760179907083511 0.015542459674179554
vt 0.0830380916595459 0.04340215027332306
vt 0.08166685700416565 0.04232468083500862
vt 0.07640721648931503 0.043423108756542206
vt 0.08166685700416565 0.04232468083500862
vt 0.07942648977041245 0.04460429027676582
vt 0.07897225767374039 0.04117707908153534
vt 0.10760179907083511 0.015542459674179554
vt 0.08166685700416565 0.04232468083500862
vt 0.07640721648931503 0.043423108756542206
vt 0.07897225767374039 0.04117707908153534
vt 0.08166685700416565 0.04232468083500862
vt 0.11958230286836624 0.03998547047376633
vt 0.1553947925567627 0.01144407968968153
vt 0.15652340650558472 0.011851719580590725
vt 0.1363838016986847 0.008068288676440716
vt 0.1553947925567627 0.01144407968968153
vt 0.1461070030927658 0.00899736862629652
vt 0.11958230286836624 0.03998547047376633
vt 0.1461070030927658 0.00899736862629652
vt 0.1553947925567627 0.01144407968968153
vt 0.1570046991109848 0.006376293022185564
vt 0.1553947925567627 0.01144407968968153
vt 0.1363838016986847 0.008068288676440716
vt 0.11958230286836624 0.03998547047376633
vt 0.1363838016986847 0.008068288676440716
vt 0.1461070030927658 0.00899736862629652
vt 0.09806650876998901 0.0391792394220829
vt 0.11160290241241455 0.013489569537341595
vt 0.1363838016986847 0.008068288676440716
vt 0.1063229963183403 0.004591601900756359
vt 0.1363838016986847 0.008068288676440716
vt 0.11160290241241455 0.013489569537341595
vt 0.11958230286836624 0.03998547047376633
vt 0.09806650876998901 0.0391792394220829
vt 0.1363838016986847 0.008068288676440716
vt 0.1063229963183403 0.004591601900756359
vt 0.1570046991109848 0.006376293022185564
vt 0.1363838016986847 0.008068288676440716
vt 0.09806650876998901 0.0391792394220829
vt 0.10760179907083511 0.015542459674179554
vt 0.11160290241241455 0.013489569537341595
vt 0.07897225767374039 0.04117707908153534
vt 0.11160290241241455 0.013489569537341595
vt 0.10760179907083511 0.015542459674179554
vt 0.07587668299674988 0.04009623825550079
vt 0.1063229963183403 0.004591601900756359
vt 0.11160290241241455 0.013489569537341595
vt 0.07897225767374039 0.04117707908153534
vt 0.07587668299674988 0.04009623825550079
vt 0.11160290241241455 0.013489569537341595
vt 0.1063229963183403 0.004591601900756359
vt 0.15699389576911926 0.0020111610647290945
vt 0.1570046991109848 0.006376293022185564
vt 0.1063229963183403 0.004591601900756359
vt 0.1553640067577362 0
vt 0.15699389576911926 0.0020111610647290945
vt 0.10294699668884277 0.004624587018042803
vt 0.15273140370845795 0.001166429021395743
vt 0.1553640067577362 0
vt 0.1063229963183403 0.004591601900756359
vt 0.10294699668884277 0.004624587018042803
vt 0.1553640067577362 0
vt 0.10201310366392136 0.010889009572565556
vt 0.15273140370845795 0.001166429021395743
vt 0.10294699668884277 0.004624587018042803
vt 0.08264128863811493 0.019188139587640762
vt 0.10294699668884277 0.004624587018042803
vt 0.1063229963183403 0.004591601900756359
vt 0.10201310366392136 0.010889009572565556
vt 0.10294699668884277 0.004624587018042803
vt 0.08264128863811493 0.019188139587640762
vt 0.06641867011785507 0.04190165176987648
vt 0.08264128863811493 0.019188139587640762
vt 0.1063229963183403 0.004591601900756359
vt 0.0693076029419899 0.039447881281375885
vt 0.06641867011785507 0.04190165176987648
vt 0.1063229963183403 0.004591601900756359
vt 0.07587668299674988 0.04009623825550079
vt 0.0693076029419899 0.039447881281375885
vt 0.1063229963183403 0.004591601900756359
vt 0.08134932816028595 0.02431604079902172
vt 0.08264128863811493 0.019188139587640762
vt 0.06641867011785507 0.04190165176987648
vt 0.08134932816028595 0.02431604079902172
vt 0.10201310366392136 0.010889009572565556
vt 0.08264128863811493 0.019188139587640762
vt 0.06736311316490173 0.04620343819260597
vt 0.06641867011785507 0.04190165176987648
vt 0.0693076029419899 0.039447881281375885
vt 0.06634674221277237 0.0421806201338768
vt 0.06641867011785507 0.04190165176987648
vt 0.06736311316490173 0.04620343819260597
vt 0.08134932816028595 0.02431604079902172
vt 0.06641867011785507 0.04190165176987648
vt 0.06634674221277237 0.0421806201338768
vt 0.06736311316490173 0.04620343819260597
vt 0.0693076029419899 0.039447881281375885
vt 0.07587668299674988 0.04009623825550079
vt 0.07640721648931503 0.043423108756542206
vt 0.07587668299674988 0.04009623825550079
vt 0.07897225767374039 0.04117707908153534
vt 0.07022680342197418 0.04793145880103111
vt 0.07587668299674988 0.04009623825550079
vt 0.07640721648931503 0.043423108756542206
vt 0.07022680342197418 0.04793145880103111
vt 0.06736311316490173 0.04620343819260597
vt 0.07587668299674988 0.04009623825550079
vt 0.08032601326704025 0.05160873010754585
vt 0.10201310366392136 0.010889009572565556
vt 0.08134932816028595 0.02431604079902172
vt 0.0233184602111578 0.14087219536304474
vt 0.05312412977218628 0.09866689145565033
vt 0.039866939187049866 0.10883940011262894
vt 0.03629209101200104 0.1471610963344574
vt 0.05312412977218628 0.09866689145565033
vt 0.0233184602111578 0.14087219536304474
vt 0.03629209101200104 0.1471610963344574
vt 0.04848086088895798 0.15292979776859283
vt 0.05312412977218628 0.09866689145565033
vt 0.029057959094643593 0.12820890545845032
vt 0.039866939187049866 0.10883940011262894
vt 0.04013757035136223 0.11052809655666351
vt 0.029057959094643593 0.12820890545845032
vt 0.0233184602111578 0.14087219536304474
vt 0.039866939187049866 0.10883940011262894
vt 0.02379493974149227 0.1409115046262741
vt 0.0233184602111578 0.14087219536304474
vt 0.029057959094643593 0.12820890545845032
vt 0.029072260484099388 0.16535569727420807
vt 0.03629209101200104 0.1471610963344574
vt 0.0233184602111578 0.14087219536304474
vt 0.006540469825267792 0.22414900362491608
vt 0.0233184602111578 0.14087219536304474
vt 0.02379493974149227 0.1409115046262741
vt 0.006733607966452837 0.22583889961242676
vt 0.029072260484099388 0.16535569727420807
vt 0.0233184602111578 0.14087219536304474
vt 0.006540469825267792 0.22414900362491608
vt 0.006733607966452837 0.22583889961242676
vt 0.0233184602111578 0.14087219536304474
vn 0.07060598580922368 -0.11184798489162046 -0.991213812980626
vn 0.25592189776800073 -0.9663914943540889 -0.024319989368750565
vn 0.0023650006802547465 -0.00905900042228772 -0.9999561696810173
vn 0.0022310000099550384 -0.9997490132015114 -0.02229199949667768
vn 0.0023650006802547465 -0.00905900042228772 -0.9999561696810173
vn 0.25592189776800073 -0.9663914943540889 -0.024319989368750565
vn 0 0.027181990189953088 -0.9996305014400637
vn 0.0023650006802547465 -0.00905900042228772 -0.9999561696810173
vn -0.0023650006802547465 0.00905900042228772 -0.9999561696810173
vn 0 -0.027181990189953088 -0.9996305014400637
vn -0.0023650006802547465 0.00905900042228772 -0.9999561696810173
vn 0.0023650006802547465 -0.00905900042228772 -0.9999561696810173
vn 0.012379000240010695 0.04426800186010866 -0.9989429935508688
vn 0.0023650006802547465 -0.00905900042228772 -0.9999561696810173
vn 0 0.027181990189953088 -0.9996305014400637
vn 0.07060598580922368 -0.11184798489162046 -0.991213812980626
vn 0.0023650006802547465 -0.00905900042228772 -0.9999561696810173
vn 0.012379000240010695 0.04426800186010866 -0.9989429935508688
vn 0.0022310000099550384 -0.9997490132015114 -0.02229199949667768
vn 0 -0.027181990189953088 -0.9996305014400637
vn 0.0023650006802547465 -0.00905900042228772 -0.9999561696810173
vn 0.07060598580922368 -0.11184798489162046 -0.991213812980626
vn 0.11321400015722614 -0.9781060736903254 -0.1746170059830807
vn 0.25592189776800073 -0.9663914943540889 -0.024319989368750565
vn 0.0022310000099550384 -0.9997490132015114 -0.02229199949667768
vn 0.25592189776800073 -0.9663914943540889 -0.024319989368750565
vn 0.11321400015722614 -0.9781060736903254 -0.1746170059830807
vn 0.07060598580922368 -0.11184798489162046 -0.991213812980626
vn 0.17608799679642817 -0.9767327432780782 -0.12241799537935988
vn 0.11321400015722614 -0.9781060736903254 -0.1746170059830807
vn 0.11708900286412058 -0.9929156860411262 -0.020214000637325022
vn 0.11321400015722614 -0.9781060736903254 -0.1746170059830807
vn 0.17608799679642817 -0.9767327432780782 -0.12241799537935988
vn -0.010408999584296709 -0.9998700498794811 -0.012309999254989637
vn 0.0022310000099550384 -0.9997490132015114 -0.02229199949667768
vn 0.11321400015722614 -0.9781060736903254 -0.1746170059830807
vn 0.15625999801233603 0.9854519921211217 -0.06683699758140987
vn -0.010408999584296709 -0.9998700498794811 -0.012309999254989637
vn 0.11321400015722614 -0.9781060736903254 -0.1746170059830807
vn 0.11708900286412058 -0.9929156860411262 -0.020214000637325022
vn 0.15625999801233603 0.9854519921211217 -0.06683699758140987
vn 0.11321400015722614 -0.9781060736903254 -0.1746170059830807
vn 0.07060598580922368 -0.11184798489162046 -0.991213812980626
vn 0.35711181060388103 -0.9238495799971641 -0.13774290641002623
vn 0.17608799679642817 -0.9767327432780782 -0.12241799537935988
vn 0.21404989186374032 -0.9759254428131884 -0.04185897589529974
vn 0.17608799679642817 -0.9767327432780782 -0.12241799537935988
vn 0.35711181060388103 -0.9238495799971641 -0.13774290641002623
vn 0.21404989186374032 -0.9759254428131884 -0.04185897589529974
vn 0.11708900286412058 -0.9929156860411262 -0.020214000637325022
vn 0.17608799679642817 -0.9767327432780782 -0.12241799537935988
vn 0.07060598580922368 -0.11184798489162046 -0.991213812980626
vn 0.6624499585777563 -0.7316379513996284 -0.1608289788939911
vn 0.35711181060388103 -0.9238495799971641 -0.13774290641002623
vn 0.4900549081077116 -0.8631877946606997 -0.1214620030640863
vn 0.35711181060388103 -0.9238495799971641 -0.13774290641002623
vn 0.6624499585777563 -0.7316379513996284 -0.1608289788939911
vn 0.4900549081077116 -0.8631877946606997 -0.1214620030640863
vn 0.21404989186374032 -0.9759254428131884 -0.04185897589529974
vn 0.35711181060388103 -0.9238495799971641 -0.13774290641002623
vn 0.3211500106647746 -0.21311800566827577 -0.9227368998311445
vn 0.9063400044612001 -0.4016690626388303 -0.13118597650707745
vn 0.6624499585777563 -0.7316379513996284 -0.1608289788939911
vn 0.6784260949269597 -0.7214220847581734 -0.13888199791667383
vn 0.6624499585777563 -0.7316379513996284 -0.1608289788939911
vn 0.9063400044612001 -0.4016690626388303 -0.13118597650707745
vn 0.07060598580922368 -0.11184798489162046 -0.991213812980626
vn 0.3211500106647746 -0.21311800566827577 -0.9227368998311445
vn 0.6624499585777563 -0.7316379513996284 -0.1608289788939911
vn 0.6784260949269597 -0.7214220847581734 -0.13888199791667383
vn 0.4900549081077116 -0.8631877946606997 -0.1214620030640863
vn 0.6624499585777563 -0.7316379513996284 -0.1608289788939911
vn 0.9253903644054408 -0.07404602600457431 -0.3717120653119768
vn 0.9913753073145593 0.023893007957626246 -0.12885699134195133
vn 0.9063400044612001 -0.4016690626388303 -0.13118597650707745
vn 0.9731967526729791 -0.22979091208203076 -0.009176999034374494
vn 0.9063400044612001 -0.4016690626388303 -0.13118597650707745
vn 0.9913753073145593 0.023893007957626246 -0.12885699134195133
vn 0.3211500106647746 -0.21311800566827577 -0.9227368998311445
vn 0.9253903644054408 -0.07404602600457431 -0.3717120653119768
vn 0.9063400044612001 -0.4016690626388303 -0.13118597650707745
vn 0.7589170002299731 -0.6456970376861335 -0.08438200214080405
vn 0.9063400044612001 -0.4016690626388303 -0.13118597650707745
vn 0.863060388352927 -0.5050783002627697 0.004762001655407488
vn 0.9731967526729791 -0.22979091208203076 -0.009176999034374494
vn 0.863060388352927 -0.5050783002627697 0.004762001655407488
vn 0.9063400044612001 -0.4016690626388303 -0.13118597650707745
vn 0.6784260949269597 -0.7214220847581734 -0.13888199791667383
vn 0.9063400044612001 -0.4016690626388303 -0.13118597650707745
vn 0.7589170002299731 -0.6456970376861335 -0.08438200214080405
vn 0.6556848585697459 0.3546779888641585 -0.6665439898893759
vn 0.8986431658469276 0.41788302884210476 -0.1334699767077232
vn 0.9913753073145593 0.023893007957626246 -0.12885699134195133
vn 0.9742677372528077 0.22523488588163187 -0.008462997706617173
vn 0.9913753073145593 0.023893007957626246 -0.12885699134195133
vn 0.8986431658469276 0.41788302884210476 -0.1334699767077232
vn 0.9253903644054408 -0.07404602600457431 -0.3717120653119768
vn 0.6556848585697459 0.3546779888641585 -0.6665439898893759
vn 0.9913753073145593 0.023893007957626246 -0.12885699134195133
vn 0.9731967526729791 -0.22979091208203076 -0.009176999034374494
vn 0.9913753073145593 0.023893007957626246 -0.12885699134195133
vn 0.9742677372528077 0.22523488588163187 -0.008462997706617173
vn 0.6556848585697459 0.3546779888641585 -0.6665439898893759
vn 0.6648223925972112 0.7299193662827973 -0.1588360948482401
vn 0.8986431658469276 0.41788302884210476 -0.1334699767077232
vn 0.720382897803101 0.6793378894820765 -0.13981599503220316
vn 0.8986431658469276 0.41788302884210476 -0.1334699767077232
vn 0.6648223925972112 0.7299193662827973 -0.1588360948482401
vn 0.8107103042479181 0.5805101942809854 -0.07587303158633334
vn 0.9742677372528077 0.22523488588163187 -0.008462997706617173
vn 0.8986431658469276 0.41788302884210476 -0.1334699767077232
vn 0.720382897803101 0.6793378894820765 -0.13981599503220316
vn 0.8107103042479181 0.5805101942809854 -0.07587303158633334
vn 0.8986431658469276 0.41788302884210476 -0.1334699767077232
vn 0.09396100804898436 0.14405197624766614 -0.9850991610521047
vn 0.4167400830165139 0.9003680801019751 -0.12515999177401804
vn 0.6648223925972112 0.7299193662827973 -0.1588360948482401
vn 0.346367212595328 0.9347314304545997 -0.07941603716656044
vn 0.6648223925972112 0.7299193662827973 -0.1588360948482401
vn 0.4167400830165139 0.9003680801019751 -0.12515999177401804
vn 0.6556848585697459 0.3546779888641585 -0.6665439898893759
vn 0.09396100804898436 0.14405197624766614 -0.9850991610521047
vn 0.6648223925972112 0.7299193662827973 -0.1588360948482401
vn 0.4290157768604833 0.9015155850038585 -0.056701968219335465
vn 0.720382897803101 0.6793378894820765 -0.13981599503220316
vn 0.6648223925972112 0.7299193662827973 -0.1588360948482401
vn 0.346367212595328 0.9347314304545997 -0.07941603716656044
vn 0.4290157768604833 0.9015155850038585 -0.056701968219335465
vn 0.6648223925972112 0.7299193662827973 -0.1588360948482401
vn 0.09396100804898436 0.14405197624766614 -0.9850991610521047
vn 0.3011169861528207 0.9299759345606574 -0.2108869881910071
vn 0.4167400830165139 0.9003680801019751 -0.12515999177401804
vn 0.2003439937294927 0.9769070023789808 -0.07426299805038017
vn 0.4167400830165139 0.9003680801019751 -0.12515999177401804
vn 0.3011169861528207 0.9299759345606574 -0.2108869881910071
vn 0.23360397642480707 0.9711900010156257 -0.04710800490136539
vn 0.346367212595328 0.9347314304545997 -0.07941603716656044
vn 0.4167400830165139 0.9003680801019751 -0.12515999177401804
vn 0.2003439937294927 0.9769070023789808 -0.07426299805038017
vn 0.23360397642480707 0.9711900010156257 -0.04710800490136539
vn 0.4167400830165139 0.9003680801019751 -0.12515999177401804
vn 0.012379000240010695 0.04426800186010866 -0.9989429935508688
vn 0.1754669957897014 0.9825138842910873 -0.06227198859661234
vn 0.3011169861528207 0.9299759345606574 -0.2108869881910071
vn 0.2003439937294927 0.9769070023789808 -0.07426299805038017
vn 0.3011169861528207 0.9299759345606574 -0.2108869881910071
vn 0.1754669957897014 0.9825138842910873 -0.06227198859661234
vn 0.09396100804898436 0.14405197624766614 -0.9850991610521047
vn 0.012379000240010695 0.04426800186010866 -0.9989429935508688
vn 0.3011169861528207 0.9299759345606574 -0.2108869881910071
vn 0.012379000240010695 0.04426800186010866 -0.9989429935508688
vn 0.15122709580554172 0.9871112320594885 -0.0523620190235285
vn 0.1754669957897014 0.9825138842910873 -0.06227198859661234
vn 0.11569498971126556 0.9932658411269685 -0.006134998455233239
vn 0.1754669957897014 0.9825138842910873 -0.06227198859661234
vn 0.15122709580554172 0.9871112320594885 -0.0523620190235285
vn 0.07237095539201807 0.9970364351568152 -0.026091986996712883
vn 0.08763394310409184 0.9956494098490377 -0.031662986013510946
vn 0.1754669957897014 0.9825138842910873 -0.06227198859661234
vn 0.2003439937294927 0.9769070023789808 -0.07426299805038017
vn 0.1754669957897014 0.9825138842910873 -0.06227198859661234
vn 0.08763394310409184 0.9956494098490377 -0.031662986013510946
vn 0.11569498971126556 0.9932658411269685 -0.006134998455233239
vn 0.07237095539201807 0.9970364351568152 -0.026091986996712883
vn 0.1754669957897014 0.9825138842910873 -0.06227198859661234
vn 0.012379000240010695 0.04426800186010866 -0.9989429935508688
vn 0.05836297601010529 0.9979564556781183 -0.026012989094134114
vn 0.15122709580554172 0.9871112320594885 -0.0523620190235285
vn 0.043940991908227554 0.9988317062919092 -0.020109990952616362
vn 0.15122709580554172 0.9871112320594885 -0.0523620190235285
vn 0.05836297601010529 0.9979564556781183 -0.026012989094134114
vn 0.02285999123371038 0.9997026006768996 -0.008492997152812
vn 0.11569498971126556 0.9932658411269685 -0.006134998455233239
vn 0.15122709580554172 0.9871112320594885 -0.0523620190235285
vn 0.027256009103362077 0.9995713464402864 -0.010687999967729562
vn 0.02285999123371038 0.9997026006768996 -0.008492997152812
vn 0.15122709580554172 0.9871112320594885 -0.0523620190235285
vn 0.03428100576705761 0.999301142257348 -0.014900997508837903
vn 0.027256009103362077 0.9995713464402864 -0.010687999967729562
vn 0.15122709580554172 0.9871112320594885 -0.0523620190235285
vn 0.043940991908227554 0.9988317062919092 -0.020109990952616362
vn 0.03428100576705761 0.999301142257348 -0.014900997508837903
vn 0.15122709580554172 0.9871112320594885 -0.0523620190235285
vn 0 0.027181990189953088 -0.9996305014400637
vn -0.0021959990400797374 0.9997696939267439 -0.021347990393499636
vn 0.05836297601010529 0.9979564556781183 -0.026012989094134114
vn 0.008182996388236871 0.99993765256686 -0.007597996392981608
vn 0.05836297601010529 0.9979564556781183 -0.026012989094134114
vn -0.0021959990400797374 0.9997696939267439 -0.021347990393499636
vn 0.012379000240010695 0.04426800186010866 -0.9989429935508688
vn 0 0.027181990189953088 -0.9996305014400637
vn 0.05836297601010529 0.9979564556781183 -0.026012989094134114
vn 0.008182996388236871 0.99993765256686 -0.007597996392981608
vn 0.043940991908227554 0.9988317062919092 -0.020109990952616362
vn 0.05836297601010529 0.9979564556781183 -0.026012989094134114
vn -0.2558670824505541 0.9663993287519483 -0.024584009152803798
vn -0.11306999798221738 0.9781559212104356 -0.1744309873768583
vn -0.0021959990400797374 0.9997696939267439 -0.021347990393499636
vn 0.008182996388236871 0.99993765256686 -0.007597996392981608
vn -0.0021959990400797374 0.9997696939267439 -0.021347990393499636
vn -0.11306999798221738 0.9781559212104356 -0.1744309873768583
vn -0.0023650006802547465 0.00905900042228772 -0.9999561696810173
vn -0.2558670824505541 0.9663993287519483 -0.024584009152803798
vn -0.0021959990400797374 0.9997696939267439 -0.021347990393499636
vn 0 0.027181990189953088 -0.9996305014400637
vn -0.0023650006802547465 0.00905900042228772 -0.9999561696810173
vn -0.0021959990400797374 0.9997696939267439 -0.021347990393499636
vn -0.07060095748587421 0.1118459043777974 -0.9912144059062048
vn -0.11306999798221738 0.9781559212104356 -0.1744309873768583
vn -0.2558670824505541 0.9663993287519483 -0.024584009152803798
vn -0.16455708817252385 0.9768123559713773 -0.13696198725860903
vn -0.11306999798221738 0.9781559212104356 -0.1744309873768583
vn -0.07060095748587421 0.1118459043777974 -0.9912144059062048
vn -0.07967803477825205 0.9967854096056543 -0.008382002813392886
vn -0.11306999798221738 0.9781559212104356 -0.1744309873768583
vn -0.16455708817252385 0.9768123559713773 -0.13696198725860903
vn -0.1682299899976819 -0.982923942691422 -0.07455999831900506
vn -0.11306999798221738 0.9781559212104356 -0.1744309873768583
vn -0.07967803477825205 0.9967854096056543 -0.008382002813392886
vn -0.1682299899976819 -0.982923942691422 -0.07455999831900506
vn 0.008182996388236871 0.99993765256686 -0.007597996392981608
vn -0.11306999798221738 0.9781559212104356 -0.1744309873768583
vn -0.07060095748587421 0.1118459043777974 -0.9912144059062048
vn -0.2558670824505541 0.9663993287519483 -0.024584009152803798
vn -0.0023650006802547465 0.00905900042228772 -0.9999561696810173
vn -0.012380999507826987 -0.04427099638109233 -0.9989428360675161
vn -0.07060095748587421 0.1118459043777974 -0.9912144059062048
vn -0.0023650006802547465 0.00905900042228772 -0.9999561696810173
vn 0 -0.027181990189953088 -0.9996305014400637
vn -0.012380999507826987 -0.04427099638109233 -0.9989428360675161
vn -0.0023650006802547465 0.00905900042228772 -0.9999561696810173
vn 0.07060598580922368 -0.11184798489162046 -0.991213812980626
vn 0.012379000240010695 0.04426800186010866 -0.9989429935508688
vn 0.09396100804898436 0.14405197624766614 -0.9850991610521047
vn 0.3211500106647746 -0.21311800566827577 -0.9227368998311445
vn 0.09396100804898436 0.14405197624766614 -0.9850991610521047
vn 0.6556848585697459 0.3546779888641585 -0.6665439898893759
vn 0.07060598580922368 -0.11184798489162046 -0.991213812980626
vn 0.09396100804898436 0.14405197624766614 -0.9850991610521047
vn 0.3211500106647746 -0.21311800566827577 -0.9227368998311445
vn 0.3211500106647746 -0.21311800566827577 -0.9227368998311445
vn 0.6556848585697459 0.3546779888641585 -0.6665439898893759
vn 0.9253903644054408 -0.07404602600457431 -0.3717120653119768
vn -0.09396003425764436 -0.14404498755076917 -0.9851002758723608
vn -0.32112505596233937 0.21311997590348294 -0.9227451296561165
vn -0.07060095748587421 0.1118459043777974 -0.9912144059062048
vn -0.6634491763337211 0.7308291225828469 -0.16038698203686308
vn -0.07060095748587421 0.1118459043777974 -0.9912144059062048
vn -0.32112505596233937 0.21311997590348294 -0.9227451296561165
vn -0.012380999507826987 -0.04427099638109233 -0.9989428360675161
vn -0.09396003425764436 -0.14404498755076917 -0.9851002758723608
vn -0.07060095748587421 0.1118459043777974 -0.9912144059062048
vn -0.3348349658926227 0.9333200298355558 -0.1296119883476973
vn -0.16455708817252385 0.9768123559713773 -0.13696198725860903
vn -0.07060095748587421 0.1118459043777974 -0.9912144059062048
vn -0.6634491763337211 0.7308291225828469 -0.16038698203686308
vn -0.3348349658926227 0.9333200298355558 -0.1296119883476973
vn -0.07060095748587421 0.1118459043777974 -0.9912144059062048
vn -0.6556713621571085 -0.3546571729084055 -0.6665683419962721
vn -0.9253773591782433 0.0740730259932026 -0.37173906162859854
vn -0.32112505596233937 0.21311997590348294 -0.9227451296561165
vn -0.907588149186578 0.3989140834908179 -0.13096299266877812
vn -0.32112505596233937 0.21311997590348294 -0.9227451296561165
vn -0.9253773591782433 0.0740730259932026 -0.37173906162859854
vn -0.09396003425764436 -0.14404498755076917 -0.9851002758723608
vn -0.6556713621571085 -0.3546571729084055 -0.6665683419962721
vn -0.32112505596233937 0.21311997590348294 -0.9227451296561165
vn -0.907588149186578 0.3989140834908179 -0.13096299266877812
vn -0.6634491763337211 0.7308291225828469 -0.16038698203686308
vn -0.32112505596233937 0.21311997590348294 -0.9227451296561165
vn -0.9913318634059105 -0.02548599957581447 -0.12888599777239898
vn -0.9253773591782433 0.0740730259932026 -0.37173906162859854
vn -0.6556713621571085 -0.3546571729084055 -0.6665683419962721
vn -0.9913318634059105 -0.02548599957581447 -0.12888599777239898
vn -0.907588149186578 0.3989140834908179 -0.13096299266877812
vn -0.9253773591782433 0.0740730259932026 -0.37173906162859854
vn -0.6534159807785683 -0.7415660055735667 -0.15207700497066196
vn -0.6556713621571085 -0.3546571729084055 -0.6665683419962721
vn -0.09396003425764436 -0.14404498755076917 -0.9851002758723608
vn -0.8989778761009185 -0.41627588886264427 -0.1362099946138209
vn -0.9913318634059105 -0.02548599957581447 -0.12888599777239898
vn -0.6556713621571085 -0.3546571729084055 -0.6665683419962721
vn -0.6534159807785683 -0.7415660055735667 -0.15207700497066196
vn -0.8989778761009185 -0.41627588886264427 -0.1362099946138209
vn -0.6556713621571085 -0.3546571729084055 -0.6665683419962721
vn -0.3011229767870181 -0.9299710481157413 -0.2108999822603942
vn -0.09396003425764436 -0.14404498755076917 -0.9851002758723608
vn -0.012380999507826987 -0.04427099638109233 -0.9989428360675161
vn -0.416741790131181 -0.9003666080957966 -0.12516489677353157
vn -0.6534159807785683 -0.7415660055735667 -0.15207700497066196
vn -0.09396003425764436 -0.14404498755076917 -0.9851002758723608
vn -0.3011229767870181 -0.9299710481157413 -0.2108999822603942
vn -0.416741790131181 -0.9003666080957966 -0.12516489677353157
vn -0.09396003425764436 -0.14404498755076917 -0.9851002758723608
vn -0.05816301201692803 -0.9979613711380634 -0.026271005868739122
vn -0.012380999507826987 -0.04427099638109233 -0.9989428360675161
vn 0 -0.027181990189953088 -0.9996305014400637
vn -0.1739448941387865 -0.9828145463753318 -0.06179596456158823
vn -0.3011229767870181 -0.9299710481157413 -0.2108999822603942
vn -0.012380999507826987 -0.04427099638109233 -0.9989428360675161
vn -0.15131408909857136 -0.9871004456895163 -0.052314018769620295
vn -0.1739448941387865 -0.9828145463753318 -0.06179596456158823
vn -0.012380999507826987 -0.04427099638109233 -0.9989428360675161
vn -0.05816301201692803 -0.9979613711380634 -0.026271005868739122
vn -0.15131408909857136 -0.9871004456895163 -0.052314018769620295
vn -0.012380999507826987 -0.04427099638109233 -0.9989428360675161
vn 0.0022310000099550384 -0.9997490132015114 -0.02229199949667768
vn -0.05816301201692803 -0.9979613711380634 -0.026271005868739122
vn 0 -0.027181990189953088 -0.9996305014400637
vn -0.1785899917712375 0.9834427398278753 -0.030756988132641105
vn -0.16455708817252385 0.9768123559713773 -0.13696198725860903
vn -0.3348349658926227 0.9333200298355558 -0.1296119883476973
vn -0.07967803477825205 0.9967854096056543 -0.008382002813392886
vn -0.16455708817252385 0.9768123559713773 -0.13696198725860903
vn -0.1785899917712375 0.9834427398278753 -0.030756988132641105
vn -0.4985290917112382 0.8546601878485055 -0.14499899318383255
vn -0.3348349658926227 0.9333200298355558 -0.1296119883476973
vn -0.6634491763337211 0.7308291225828469 -0.16038698203686308
vn -0.289013059972963 0.9539131201436593 -0.08075401155889034
vn -0.3348349658926227 0.9333200298355558 -0.1296119883476973
vn -0.4985290917112382 0.8546601878485055 -0.14499899318383255
vn -0.1785899917712375 0.9834427398278753 -0.030756988132641105
vn -0.3348349658926227 0.9333200298355558 -0.1296119883476973
vn -0.289013059972963 0.9539131201436593 -0.08075401155889034
vn -0.6778185645635523 0.7148395441385299 -0.1719488867914652
vn -0.6634491763337211 0.7308291225828469 -0.16038698203686308
vn -0.907588149186578 0.3989140834908179 -0.13096299266877812
vn -0.4985290917112382 0.8546601878485055 -0.14499899318383255
vn -0.6634491763337211 0.7308291225828469 -0.16038698203686308
vn -0.6778185645635523 0.7148395441385299 -0.1719488867914652
vn -0.9736589705703045 0.22782499892395705 -0.009163999851258127
vn -0.907588149186578 0.3989140834908179 -0.13096299266877812
vn -0.9913318634059105 -0.02548599957581447 -0.12888599777239898
vn -0.8805492463095099 0.4739511555474055 -0.0018240008314116928
vn -0.907588149186578 0.3989140834908179 -0.13096299266877812
vn -0.9736589705703045 0.22782499892395705 -0.009163999851258127
vn -0.7874511451232371 0.6143290246761921 -0.050205014535412956
vn -0.907588149186578 0.3989140834908179 -0.13096299266877812
vn -0.8805492463095099 0.4739511555474055 -0.0018240008314116928
vn -0.7215374006150304 0.6877093810160687 -0.08024703593405001
vn -0.6778185645635523 0.7148395441385299 -0.1719488867914652
vn -0.907588149186578 0.3989140834908179 -0.13096299266877812
vn -0.7874511451232371 0.6143290246761921 -0.050205014535412956
vn -0.7215374006150304 0.6877093810160687 -0.08024703593405001
vn -0.907588149186578 0.3989140834908179 -0.13096299266877812
vn -0.9737054813797977 -0.227412896894717 -0.013453990370496683
vn -0.9913318634059105 -0.02548599957581447 -0.12888599777239898
vn -0.8989778761009185 -0.41627588886264427 -0.1362099946138209
vn -0.9736589705703045 0.22782499892395705 -0.009163999851258127
vn -0.9913318634059105 -0.02548599957581447 -0.12888599777239898
vn -0.9737054813797977 -0.227412896894717 -0.013453990370496683
vn -0.7052688193218418 -0.6946389284820117 -0.14167798533907
vn -0.8989778761009185 -0.41627588886264427 -0.1362099946138209
vn -0.6534159807785683 -0.7415660055735667 -0.15207700497066196
vn -0.7956641824518965 -0.602432065504204 -0.06319901277309171
vn -0.9737054813797977 -0.227412896894717 -0.013453990370496683
vn -0.8989778761009185 -0.41627588886264427 -0.1362099946138209
vn -0.7052688193218418 -0.6946389284820117 -0.14167798533907
vn -0.7956641824518965 -0.602432065504204 -0.06319901277309171
vn -0.8989778761009185 -0.41627588886264427 -0.1362099946138209
vn -0.3458279017901929 -0.9357076137545607 -0.06967297829961522
vn -0.6534159807785683 -0.7415660055735667 -0.15207700497066196
vn -0.416741790131181 -0.9003666080957966 -0.12516489677353157
vn -0.4229130120363838 -0.9054428873982453 -0.03630099048568836
vn -0.6534159807785683 -0.7415660055735667 -0.15207700497066196
vn -0.3458279017901929 -0.9357076137545607 -0.06967297829961522
vn -0.4229130120363838 -0.9054428873982453 -0.03630099048568836
vn -0.7052688193218418 -0.6946389284820117 -0.14167798533907
vn -0.6534159807785683 -0.7415660055735667 -0.15207700497066196
vn -0.2017129858225932 -0.9765842671517208 -0.0748000033574249
vn -0.416741790131181 -0.9003666080957966 -0.12516489677353157
vn -0.3011229767870181 -0.9299710481157413 -0.2108999822603942
vn -0.2314348925920004 -0.9718825649287363 -0.0433839887339807
vn -0.416741790131181 -0.9003666080957966 -0.12516489677353157
vn -0.2017129858225932 -0.9765842671517208 -0.0748000033574249
vn -0.3458279017901929 -0.9357076137545607 -0.06967297829961522
vn -0.416741790131181 -0.9003666080957966 -0.12516489677353157
vn -0.2314348925920004 -0.9718825649287363 -0.0433839887339807
vn -0.2017129858225932 -0.9765842671517208 -0.0748000033574249
vn -0.3011229767870181 -0.9299710481157413 -0.2108999822603942
vn -0.1739448941387865 -0.9828145463753318 -0.06179596456158823
vn -0.13587499136287484 -0.9907257410192927 0.0007019999376390677
vn -0.1739448941387865 -0.9828145463753318 -0.06179596456158823
vn -0.15131408909857136 -0.9871004456895163 -0.052314018769620295
vn -0.08989403866217284 -0.9954234652420086 -0.03242200886119568
vn -0.2017129858225932 -0.9765842671517208 -0.0748000033574249
vn -0.1739448941387865 -0.9828145463753318 -0.06179596456158823
vn -0.08241199285408975 -0.9961520525889855 -0.02982199786346707
vn -0.08989403866217284 -0.9954234652420086 -0.03242200886119568
vn -0.1739448941387865 -0.9828145463753318 -0.06179596456158823
vn -0.06312599515751181 -0.9977469625543063 -0.022717998349979153
vn -0.08241199285408975 -0.9961520525889855 -0.02982199786346707
vn -0.1739448941387865 -0.9828145463753318 -0.06179596456158823
vn -0.07155300260972541 -0.9971040503841201 -0.025761997692623714
vn -0.06312599515751181 -0.9977469625543063 -0.022717998349979153
vn -0.1739448941387865 -0.9828145463753318 -0.06179596456158823
vn -0.13587499136287484 -0.9907257410192927 0.0007019999376390677
vn -0.07155300260972541 -0.9971040503841201 -0.025761997692623714
vn -0.1739448941387865 -0.9828145463753318 -0.06179596456158823
vn -0.046743001591906176 -0.9986798721196457 -0.02129800049927544
vn -0.15131408909857136 -0.9871004456895163 -0.052314018769620295
vn -0.05816301201692803 -0.9979613711380634 -0.026271005868739122
vn -0.020001000673892842 -0.999772950315335 -0.00734899923892117
vn -0.13587499136287484 -0.9907257410192927 0.0007019999376390677
vn -0.15131408909857136 -0.9871004456895163 -0.052314018769620295
vn -0.03126001017571965 -0.999442289591835 -0.011744000138121382
vn -0.020001000673892842 -0.999772950315335 -0.00734899923892117
vn -0.15131408909857136 -0.9871004456895163 -0.052314018769620295
vn -0.023534011111369626 -0.9996812545397887 -0.009140002339386244
vn -0.03126001017571965 -0.999442289591835 -0.011744000138121382
vn -0.15131408909857136 -0.9871004456895163 -0.052314018769620295
vn -0.027493008124366242 -0.9995592389238181 -0.011200999344304366
vn -0.023534011111369626 -0.9996812545397887 -0.009140002339386244
vn -0.15131408909857136 -0.9871004456895163 -0.052314018769620295
vn -0.03929198446775139 -0.9990805518684358 -0.017151992153902965
vn -0.027493008124366242 -0.9995592389238181 -0.011200999344304366
vn -0.15131408909857136 -0.9871004456895163 -0.052314018769620295
vn -0.046743001591906176 -0.9986798721196457 -0.02129800049927544
vn -0.03929198446775139 -0.9990805518684358 -0.017151992153902965
vn -0.15131408909857136 -0.9871004456895163 -0.052314018769620295
vn -0.010408999584296709 -0.9998700498794811 -0.012309999254989637
vn -0.05816301201692803 -0.9979613711380634 -0.026271005868739122
vn 0.0022310000099550384 -0.9997490132015114 -0.02229199949667768
vn -0.00878699948426579 -0.9999489629211143 -0.004985999704336695
vn -0.046743001591906176 -0.9986798721196457 -0.02129800049927544
vn -0.05816301201692803 -0.9979613711380634 -0.026271005868739122
vn -0.006122997138871534 -0.9999706325897924 -0.004608998156615546
vn -0.00878699948426579 -0.9999489629211143 -0.004985999704336695
vn -0.05816301201692803 -0.9979613711380634 -0.026271005868739122
vn -0.010408999584296709 -0.9998700498794811 -0.012309999254989637
vn -0.006122997138871534 -0.9999706325897924 -0.004608998156615546
vn -0.05816301201692803 -0.9979613711380634 -0.026271005868739122
vn -0.042162979523184145 -0.9990474855246665 -0.011242990019063065
vn -0.2314348925920004 -0.9718825649287363 -0.0433839887339807
vn -0.2017129858225932 -0.9765842671517208 -0.0748000033574249
vn -0.0471419987296126 -0.9987260044614213 -0.017999999119504353
vn -0.042162979523184145 -0.9990474855246665 -0.011242990019063065
vn -0.2017129858225932 -0.9765842671517208 -0.0748000033574249
vn -0.07389996673248095 -0.9968855422282085 -0.02753199254156782
vn -0.0471419987296126 -0.9987260044614213 -0.017999999119504353
vn -0.2017129858225932 -0.9765842671517208 -0.0748000033574249
vn -0.08989403866217284 -0.9954234652420086 -0.03242200886119568
vn -0.07389996673248095 -0.9968855422282085 -0.02753199254156782
vn -0.2017129858225932 -0.9765842671517208 -0.0748000033574249
vn -0.11136688872638284 -0.9936644219475506 -0.015113988588246452
vn -0.2314348925920004 -0.9718825649287363 -0.0433839887339807
vn -0.042162979523184145 -0.9990474855246665 -0.011242990019063065
vn -0.11136688872638284 -0.9936644219475506 -0.015113988588246452
vn -0.3458279017901929 -0.9357076137545607 -0.06967297829961522
vn -0.2314348925920004 -0.9718825649287363 -0.0433839887339807
vn 0.11708900286412058 -0.9929156860411262 -0.020214000637325022
vn -0.042162979523184145 -0.9990474855246665 -0.011242990019063065
vn -0.0471419987296126 -0.9987260044614213 -0.017999999119504353
vn 0.052646009348798165 -0.9985820912256979 -0.007887000884890001
vn -0.042162979523184145 -0.9990474855246665 -0.011242990019063065
vn 0.11708900286412058 -0.9929156860411262 -0.020214000637325022
vn -0.11136688872638284 -0.9936644219475506 -0.015113988588246452
vn -0.042162979523184145 -0.9990474855246665 -0.011242990019063065
vn 0.052646009348798165 -0.9985820912256979 -0.007887000884890001
vn 0.0002849999741372837 -0.9999999536630068 -0.00010699999488547954
vn -0.0471419987296126 -0.9987260044614213 -0.017999999119504353
vn -0.07389996673248095 -0.9968855422282085 -0.02753199254156782
vn 0.0002849999741372837 -0.9999999536630068 -0.00010699999488547954
vn 0.11708900286412058 -0.9929156860411262 -0.020214000637325022
vn -0.0471419987296126 -0.9987260044614213 -0.017999999119504353
vn 0.0002849999741372837 -0.9999999536630068 -0.00010699999488547954
vn -0.07389996673248095 -0.9968855422282085 -0.02753199254156782
vn -0.08989403866217284 -0.9954234652420086 -0.03242200886119568
vn 0.00037799996639489093 -0.9999999190360106 -0.00013799999188915784
vn -0.08989403866217284 -0.9954234652420086 -0.03242200886119568
vn -0.08241199285408975 -0.9961520525889855 -0.02982199786346707
vn 0.0002849999741372837 -0.9999999536630068 -0.00010699999488547954
vn -0.08989403866217284 -0.9954234652420086 -0.03242200886119568
vn 0.00037799996639489093 -0.9999999190360106 -0.00013799999188915784
vn 0.00037799996639489093 -0.9999999190360106 -0.00013799999188915784
vn -0.08241199285408975 -0.9961520525889855 -0.02982199786346707
vn -0.06312599515751181 -0.9977469625543063 -0.022717998349979153
vn 0.0005869999433715114 -0.9999998052435177 -0.0002119999829939974
vn -0.06312599515751181 -0.9977469625543063 -0.022717998349979153
vn -0.07155300260972541 -0.9971040503841201 -0.025761997692623714
vn 0.00037799996639489093 -0.9999999190360106 -0.00013799999188915784
vn -0.06312599515751181 -0.9977469625543063 -0.022717998349979153
vn 0.0005869999433715114 -0.9999998052435177 -0.0002119999829939974
vn 0.00058199996570842 -0.9999998083775036 -0.00021099999066823705
vn -0.07155300260972541 -0.9971040503841201 -0.025761997692623714
vn -0.13587499136287484 -0.9907257410192927 0.0007019999376390677
vn 0.0005869999433715114 -0.9999998052435177 -0.0002119999829939974
vn -0.07155300260972541 -0.9971040503841201 -0.025761997692623714
vn 0.00058199996570842 -0.9999998083775036 -0.00021099999066823705
vn 0.00058199996570842 -0.9999998083775036 -0.00021099999066823705
vn -0.13587499136287484 -0.9907257410192927 0.0007019999376390677
vn -0.020001000673892842 -0.999772950315335 -0.00734899923892117
vn 0.0007830000784829215 -0.9999996511148709 -0.0002910000238155534
vn -0.020001000673892842 -0.999772950315335 -0.00734899923892117
vn -0.03126001017571965 -0.999442289591835 -0.011744000138121382
vn 0.00058199996570842 -0.9999998083775036 -0.00021099999066823705
vn -0.020001000673892842 -0.999772950315335 -0.00734899923892117
vn 0.0007830000784829215 -0.9999996511148709 -0.0002910000238155534
vn 0.0007830000784829215 -0.9999996511148709 -0.0002910000238155534
vn -0.03126001017571965 -0.999442289591835 -0.011744000138121382
vn -0.023534011111369626 -0.9996812545397887 -0.009140002339386244
vn 0.0012539999859394867 -0.999999092709599 -0.0004920000145358347
vn -0.023534011111369626 -0.9996812545397887 -0.009140002339386244
vn -0.027493008124366242 -0.9995592389238181 -0.011200999344304366
vn 0.0007830000784829215 -0.9999996511148709 -0.0002910000238155534
vn -0.023534011111369626 -0.9996812545397887 -0.009140002339386244
vn 0.0012539999859394867 -0.999999092709599 -0.0004920000145358347
vn 0.0012919998161063718 -0.9999990080072637 -0.0005609999676366433
vn -0.027493008124366242 -0.9995592389238181 -0.011200999344304366
vn -0.03929198446775139 -0.9990805518684358 -0.017151992153902965
vn 0.0012539999859394867 -0.999999092709599 -0.0004920000145358347
vn -0.027493008124366242 -0.9995592389238181 -0.011200999344304366
vn 0.0012919998161063718 -0.9999990080072637 -0.0005609999676366433
vn 0.0012919998161063718 -0.9999990080072637 -0.0005609999676366433
vn -0.03929198446775139 -0.9990805518684358 -0.017151992153902965
vn -0.046743001591906176 -0.9986798721196457 -0.02129800049927544
vn 0.0019589989180755266 -0.999997530958212 -0.00104899986593219
vn -0.046743001591906176 -0.9986798721196457 -0.02129800049927544
vn -0.00878699948426579 -0.9999489629211143 -0.004985999704336695
vn 0.0012919998161063718 -0.9999990080072637 -0.0005609999676366433
vn -0.046743001591906176 -0.9986798721196457 -0.02129800049927544
vn 0.0019589989180755266 -0.999997530958212 -0.00104899986593219
vn 0.0019589989180755266 -0.999997530958212 -0.00104899986593219
vn -0.00878699948426579 -0.9999489629211143 -0.004985999704336695
vn -0.006122997138871534 -0.9999706325897924 -0.004608998156615546
vn 0.003339998902570348 -0.9999896326408328 -0.003094998898721601
vn -0.006122997138871534 -0.9999706325897924 -0.004608998156615546
vn -0.010408999584296709 -0.9998700498794811 -0.012309999254989637
vn 0.0019589989180755266 -0.999997530958212 -0.00104899986593219
vn -0.006122997138871534 -0.9999706325897924 -0.004608998156615546
vn 0.003339998902570348 -0.9999896326408328 -0.003094998898721601
vn 0.15625999801233603 0.9854519921211217 -0.06683699758140987
vn 0.0016559999867615872 -0.9999756511216831 -0.006778999027138538
vn -0.010408999584296709 -0.9998700498794811 -0.012309999254989637
vn 0.003339998902570348 -0.9999896326408328 -0.003094998898721601
vn -0.010408999584296709 -0.9998700498794811 -0.012309999254989637
vn 0.0016559999867615872 -0.9999756511216831 -0.006778999027138538
vn 0.003339998902570348 -0.9999896326408328 -0.003094998898721601
vn 0.0016559999867615872 -0.9999756511216831 -0.006778999027138538
vn 0.15625999801233603 0.9854519921211217 -0.06683699758140987
vn 0.0002849999741372837 -0.9999999536630068 -0.00010699999488547954
vn 0.15625999801233603 0.9854519921211217 -0.06683699758140987
vn 0.11708900286412058 -0.9929156860411262 -0.020214000637325022
vn 0.0019589989180755266 -0.999997530958212 -0.00104899986593219
vn 0.003339998902570348 -0.9999896326408328 -0.003094998898721601
vn 0.15625999801233603 0.9854519921211217 -0.06683699758140987
vn 0.0012919998161063718 -0.9999990080072637 -0.0005609999676366433
vn 0.0019589989180755266 -0.999997530958212 -0.00104899986593219
vn 0.15625999801233603 0.9854519921211217 -0.06683699758140987
vn 0.0012539999859394867 -0.999999092709599 -0.0004920000145358347
vn 0.0012919998161063718 -0.9999990080072637 -0.0005609999676366433
vn 0.15625999801233603 0.9854519921211217 -0.06683699758140987
vn 0.0007830000784829215 -0.9999996511148709 -0.0002910000238155534
vn 0.0012539999859394867 -0.999999092709599 -0.0004920000145358347
vn 0.15625999801233603 0.9854519921211217 -0.06683699758140987
vn 0.00058199996570842 -0.9999998083775036 -0.00021099999066823705
vn 0.0007830000784829215 -0.9999996511148709 -0.0002910000238155534
vn 0.15625999801233603 0.9854519921211217 -0.06683699758140987
vn 0.0005869999433715114 -0.9999998052435177 -0.0002119999829939974
vn 0.00058199996570842 -0.9999998083775036 -0.00021099999066823705
vn 0.15625999801233603 0.9854519921211217 -0.06683699758140987
vn 0.00037799996639489093 -0.9999999190360106 -0.00013799999188915784
vn 0.0005869999433715114 -0.9999998052435177 -0.0002119999829939974
vn 0.15625999801233603 0.9854519921211217 -0.06683699758140987
vn 0.0002849999741372837 -0.9999999536630068 -0.00010699999488547954
vn 0.00037799996639489093 -0.9999999190360106 -0.00013799999188915784
vn 0.15625999801233603 0.9854519921211217 -0.06683699758140987
vn -0.11136688872638284 -0.9936644219475506 -0.015113988588246452
vn -0.4229130120363838 -0.9054428873982453 -0.03630099048568836
vn -0.3458279017901929 -0.9357076137545607 -0.06967297829961522
vn 0.41789389157098955 -0.9081388820690863 -0.025465000725785576
vn 0.11708900286412058 -0.9929156860411262 -0.020214000637325022
vn 0.21404989186374032 -0.9759254428131884 -0.04185897589529974
vn 0.052646009348798165 -0.9985820912256979 -0.007887000884890001
vn 0.11708900286412058 -0.9929156860411262 -0.020214000637325022
vn 0.41789389157098955 -0.9081388820690863 -0.025465000725785576
vn 0.41789389157098955 -0.9081388820690863 -0.025465000725785576
vn 0.21404989186374032 -0.9759254428131884 -0.04185897589529974
vn 0.4900549081077116 -0.8631877946606997 -0.1214620030640863
vn 0.41789389157098955 -0.9081388820690863 -0.025465000725785576
vn 0.4900549081077116 -0.8631877946606997 -0.1214620030640863
vn 0.6784260949269597 -0.7214220847581734 -0.13888199791667383
vn 0.41789389157098955 -0.9081388820690863 -0.025465000725785576
vn 0.863060388352927 -0.5050783002627697 0.004762001655407488
vn 0.704518810586878 -0.7079069169114497 0.050209984247923396
vn 0.8931399703641483 -0.43105096306795776 0.12843699068459483
vn 0.704518810586878 -0.7079069169114497 0.050209984247923396
vn 0.863060388352927 -0.5050783002627697 0.004762001655407488
vn 0.4374650202247962 -0.8990300465253259 0.0192180000101168
vn 0.41789389157098955 -0.9081388820690863 -0.025465000725785576
vn 0.704518810586878 -0.7079069169114497 0.050209984247923396
vn 0.6859279880069429 -0.7154740104612265 0.1326639952032048
vn 0.4374650202247962 -0.8990300465253259 0.0192180000101168
vn 0.704518810586878 -0.7079069169114497 0.050209984247923396
vn 0.8931399703641483 -0.43105096306795776 0.12843699068459483
vn 0.6859279880069429 -0.7154740104612265 0.1326639952032048
vn 0.704518810586878 -0.7079069169114497 0.050209984247923396
vn 0.41789389157098955 -0.9081388820690863 -0.025465000725785576
vn 0.7589170002299731 -0.6456970376861335 -0.08438200214080405
vn 0.863060388352927 -0.5050783002627697 0.004762001655407488
vn 0.8931399703641483 -0.43105096306795776 0.12843699068459483
vn 0.863060388352927 -0.5050783002627697 0.004762001655407488
vn 0.9731967526729791 -0.22979091208203076 -0.009176999034374494
vn 0.41789389157098955 -0.9081388820690863 -0.025465000725785576
vn 0.6784260949269597 -0.7214220847581734 -0.13888199791667383
vn 0.7589170002299731 -0.6456970376861335 -0.08438200214080405
vn 0.11493699908472872 -0.993368677537015 0.002855998907427556
vn 0.41789389157098955 -0.9081388820690863 -0.025465000725785576
vn 0.4374650202247962 -0.8990300465253259 0.0192180000101168
vn 0.11493699908472872 -0.993368677537015 0.002855998907427556
vn 0.052646009348798165 -0.9985820912256979 -0.007887000884890001
vn 0.41789389157098955 -0.9081388820690863 -0.025465000725785576
vn 0.11493699908472872 -0.993368677537015 0.002855998907427556
vn 0.4374650202247962 -0.8990300465253259 0.0192180000101168
vn 0.30555600090857393 -0.9509750059299238 0.04777099962677158
vn 0.6859279880069429 -0.7154740104612265 0.1326639952032048
vn 0.30555600090857393 -0.9509750059299238 0.04777099962677158
vn 0.4374650202247962 -0.8990300465253259 0.0192180000101168
vn 0.06529598519215934 -0.9978208887448298 0.00948199885379139
vn 0.11493699908472872 -0.993368677537015 0.002855998907427556
vn 0.30555600090857393 -0.9509750059299238 0.04777099962677158
vn 0.37893081011958046 -0.9217345787687252 0.08256395971705209
vn 0.06529598519215934 -0.9978208887448298 0.00948199885379139
vn 0.30555600090857393 -0.9509750059299238 0.04777099962677158
vn 0.6859279880069429 -0.7154740104612265 0.1326639952032048
vn 0.37893081011958046 -0.9217345787687252 0.08256395971705209
vn 0.30555600090857393 -0.9509750059299238 0.04777099962677158
vn -0.07915197287741188 -0.996860620199693 0.0019669989061587806
vn 0.052646009348798165 -0.9985820912256979 -0.007887000884890001
vn 0.11493699908472872 -0.993368677537015 0.002855998907427556
vn -0.11136688872638284 -0.9936644219475506 -0.015113988588246452
vn 0.052646009348798165 -0.9985820912256979 -0.007887000884890001
vn -0.07915197287741188 -0.996860620199693 0.0019669989061587806
vn -0.07915197287741188 -0.996860620199693 0.0019669989061587806
vn 0.11493699908472872 -0.993368677537015 0.002855998907427556
vn 0.06529598519215934 -0.9978208887448298 0.00948199885379139
vn 0.07744001221613182 -0.9967971323705457 0.01996300092225585
vn 0.06529598519215934 -0.9978208887448298 0.00948199885379139
vn 0.37893081011958046 -0.9217345787687252 0.08256395971705209
vn -0.09030097466250671 -0.9957896413449265 0.01577099125432104
vn 0.06529598519215934 -0.9978208887448298 0.00948199885379139
vn 0.07744001221613182 -0.9967971323705457 0.01996300092225585
vn -0.07915197287741188 -0.996860620199693 0.0019669989061587806
vn 0.06529598519215934 -0.9978208887448298 0.00948199885379139
vn -0.09030097466250671 -0.9957896413449265 0.01577099125432104
vn 0.6699499477218082 -0.7184179456931031 0.18719701614515086
vn 0.3404201736732859 -0.9351533894502266 0.09799103814126352
vn 0.37893081011958046 -0.9217345787687252 0.08256395971705209
vn 0.07744001221613182 -0.9967971323705457 0.01996300092225585
vn 0.37893081011958046 -0.9217345787687252 0.08256395971705209
vn 0.3404201736732859 -0.9351533894502266 0.09799103814126352
vn 0.6859279880069429 -0.7154740104612265 0.1326639952032048
vn 0.6699499477218082 -0.7184179456931031 0.18719701614515086
vn 0.37893081011958046 -0.9217345787687252 0.08256395971705209
vn 0.47509197867132447 -0.8641059719375376 0.1661580003010666
vn 0.28956189188818576 -0.9503696972187682 0.11380399542389193
vn 0.3404201736732859 -0.9351533894502266 0.09799103814126352
vn 0.09645997725421833 -0.9946308724344751 0.03748200085842214
vn 0.3404201736732859 -0.9351533894502266 0.09799103814126352
vn 0.28956189188818576 -0.9503696972187682 0.11380399542389193
vn 0.6388160935738855 -0.744047126368691 0.1957239697469226
vn 0.47509197867132447 -0.8641059719375376 0.1661580003010666
vn 0.3404201736732859 -0.9351533894502266 0.09799103814126352
vn 0.6699499477218082 -0.7184179456931031 0.18719701614515086
vn 0.6388160935738855 -0.744047126368691 0.1957239697469226
vn 0.3404201736732859 -0.9351533894502266 0.09799103814126352
vn 0.08802202750520993 -0.9957572434896318 0.026826008122758857
vn 0.07744001221613182 -0.9967971323705457 0.01996300092225585
vn 0.3404201736732859 -0.9351533894502266 0.09799103814126352
vn 0.09645997725421833 -0.9946308724344751 0.03748200085842214
vn 0.08802202750520993 -0.9957572434896318 0.026826008122758857
vn 0.3404201736732859 -0.9351533894502266 0.09799103814126352
vn 0.44594610987692596 -0.8843361983284727 0.13813600331405743
vn 0.28956189188818576 -0.9503696972187682 0.11380399542389193
vn 0.47509197867132447 -0.8641059719375376 0.1661580003010666
vn 0.10164100876373344 -0.9943492740673691 0.030637011916742167
vn 0.09645997725421833 -0.9946308724344751 0.03748200085842214
vn 0.28956189188818576 -0.9503696972187682 0.11380399542389193
vn 0.20439899695645555 -0.9735030764905807 0.10253199552612773
vn 0.10164100876373344 -0.9943492740673691 0.030637011916742167
vn 0.28956189188818576 -0.9503696972187682 0.11380399542389193
vn 0.2543199910181103 -0.958856088372211 0.1261599935006775
vn 0.20439899695645555 -0.9735030764905807 0.10253199552612773
vn 0.28956189188818576 -0.9503696972187682 0.11380399542389193
vn 0.44594610987692596 -0.8843361983284727 0.13813600331405743
vn 0.2543199910181103 -0.958856088372211 0.1261599935006775
vn 0.28956189188818576 -0.9503696972187682 0.11380399542389193
vn 0.44594610987692596 -0.8843361983284727 0.13813600331405743
vn 0.47509197867132447 -0.8641059719375376 0.1661580003010666
vn 0.6388160935738855 -0.744047126368691 0.1957239697469226
vn 0.8931399703641483 -0.43105096306795776 0.12843699068459483
vn 0.6388160935738855 -0.744047126368691 0.1957239697469226
vn 0.6699499477218082 -0.7184179456931031 0.18719701614515086
vn 0.6922772979617607 -0.6986813395218923 0.18054508725151683
vn 0.6388160935738855 -0.744047126368691 0.1957239697469226
vn 0.8931399703641483 -0.43105096306795776 0.12843699068459483
vn 0.44594610987692596 -0.8843361983284727 0.13813600331405743
vn 0.6388160935738855 -0.744047126368691 0.1957239697469226
vn 0.6922772979617607 -0.6986813395218923 0.18054508725151683
vn 0.8931399703641483 -0.43105096306795776 0.12843699068459483
vn 0.6699499477218082 -0.7184179456931031 0.18719701614515086
vn 0.6859279880069429 -0.7154740104612265 0.1326639952032048
vn -0.06841296662582709 -0.9974484981332454 0.020399989440849656
vn 0.07744001221613182 -0.9967971323705457 0.01996300092225585
vn 0.08802202750520993 -0.9957572434896318 0.026826008122758857
vn -0.06841296662582709 -0.9974484981332454 0.020399989440849656
vn -0.09030097466250671 -0.9957896413449265 0.01577099125432104
vn 0.07744001221613182 -0.9967971323705457 0.01996300092225585
vn -0.06841296662582709 -0.9974484981332454 0.020399989440849656
vn 0.08802202750520993 -0.9957572434896318 0.026826008122758857
vn 0.09645997725421833 -0.9946308724344751 0.03748200085842214
vn -0.11556399727312569 -0.9922398382734132 0.04588099690948228
vn 0.09645997725421833 -0.9946308724344751 0.03748200085842214
vn 0.10164100876373344 -0.9943492740673691 0.030637011916742167
vn -0.06841296662582709 -0.9974484981332454 0.020399989440849656
vn 0.09645997725421833 -0.9946308724344751 0.03748200085842214
vn -0.11556399727312569 -0.9922398382734132 0.04588099690948228
vn 0.20439899695645555 -0.9735030764905807 0.10253199552612773
vn 0.0866689743203531 -0.994568656575673 0.057633985178183356
vn 0.10164100876373344 -0.9943492740673691 0.030637011916742167
vn -0.08927399501214406 -0.9952190931708113 0.03961199821821696
vn 0.10164100876373344 -0.9943492740673691 0.030637011916742167
vn 0.0866689743203531 -0.994568656575673 0.057633985178183356
vn -0.11556399727312569 -0.9922398382734132 0.04588099690948228
vn 0.10164100876373344 -0.9943492740673691 0.030637011916742167
vn -0.08927399501214406 -0.9952190931708113 0.03961199821821696
vn -0.0585280035255509 -0.9948942190405751 0.08221901071502426
vn -0.06199596376849711 -0.9954474449230867 0.07239395604961374
vn 0.0866689743203531 -0.994568656575673 0.057633985178183356
vn -0.08927399501214406 -0.9952190931708113 0.03961199821821696
vn 0.0866689743203531 -0.994568656575673 0.057633985178183356
vn -0.06199596376849711 -0.9954474449230867 0.07239395604961374
vn -0.059381011109991666 -0.9895211877557971 0.1316119846439206
vn -0.0585280035255509 -0.9948942190405751 0.08221901071502426
vn 0.0866689743203531 -0.994568656575673 0.057633985178183356
vn 0.1116259881119952 -0.9879350275859233 0.10734998857392401
vn -0.059381011109991666 -0.9895211877557971 0.1316119846439206
vn 0.0866689743203531 -0.994568656575673 0.057633985178183356
vn 0.20439899695645555 -0.9735030764905807 0.10253199552612773
vn 0.1116259881119952 -0.9879350275859233 0.10734998857392401
vn 0.0866689743203531 -0.994568656575673 0.057633985178183356
vn -0.14702307893947245 -0.9823912984820714 0.11528898874509765
vn -0.06199596376849711 -0.9954474449230867 0.07239395604961374
vn -0.0585280035255509 -0.9948942190405751 0.08221901071502426
vn -0.08927399501214406 -0.9952190931708113 0.03961199821821696
vn -0.06199596376849711 -0.9954474449230867 0.07239395604961374
vn -0.14702307893947245 -0.9823912984820714 0.11528898874509765
vn -0.14702307893947245 -0.9823912984820714 0.11528898874509765
vn -0.0585280035255509 -0.9948942190405751 0.08221901071502426
vn -0.059381011109991666 -0.9895211877557971 0.1316119846439206
vn -0.06466499106382136 -0.9939489023575753 0.08879199531988986
vn -0.059381011109991666 -0.9895211877557971 0.1316119846439206
vn 0.1116259881119952 -0.9879350275859233 0.10734998857392401
vn -0.20621608190623955 -0.9737414010713223 0.09645004615290347
vn -0.14702307893947245 -0.9823912984820714 0.11528898874509765
vn -0.059381011109991666 -0.9895211877557971 0.1316119846439206
vn -0.20621608190623955 -0.9737414010713223 0.09645004615290347
vn -0.059381011109991666 -0.9895211877557971 0.1316119846439206
vn -0.06466499106382136 -0.9939489023575753 0.08879199531988986
vn 0.2543199910181103 -0.958856088372211 0.1261599935006775
vn 0.1116259881119952 -0.9879350275859233 0.10734998857392401
vn 0.20439899695645555 -0.9735030764905807 0.10253199552612773
vn -0.1031929848696102 -0.9924372771565217 0.0664790100998049
vn 0.1116259881119952 -0.9879350275859233 0.10734998857392401
vn -0.013024998105042528 -0.996649198252625 0.08075100647523412
vn 0.18109007619523138 -0.9769602835543492 0.11293798590824432
vn -0.013024998105042528 -0.996649198252625 0.08075100647523412
vn 0.1116259881119952 -0.9879350275859233 0.10734998857392401
vn -0.06466499106382136 -0.9939489023575753 0.08879199531988986
vn 0.1116259881119952 -0.9879350275859233 0.10734998857392401
vn -0.1031929848696102 -0.9924372771565217 0.0664790100998049
vn 0.18109007619523138 -0.9769602835543492 0.11293798590824432
vn 0.1116259881119952 -0.9879350275859233 0.10734998857392401
vn 0.2935909065215308 -0.9407158001744057 0.16987690516987114
vn 0.2543199910181103 -0.958856088372211 0.1261599935006775
vn 0.2935909065215308 -0.9407158001744057 0.16987690516987114
vn 0.1116259881119952 -0.9879350275859233 0.10734998857392401
vn 0.9742677372528077 0.22523488588163187 -0.008462997706617173
vn 0.9976646569726336 -0.0059939988766087885 0.06803899033013575
vn 0.9861516503429918 -0.1327770154380155 0.09937397394271309
vn 0.9649359509977333 -0.07917099641457738 0.25026099136466107
vn 0.9861516503429918 -0.1327770154380155 0.09937397394271309
vn 0.9976646569726336 -0.0059939988766087885 0.06803899033013575
vn 0.9731967526729791 -0.22979091208203076 -0.009176999034374494
vn 0.9742677372528077 0.22523488588163187 -0.008462997706617173
vn 0.9861516503429918 -0.1327770154380155 0.09937397394271309
vn 0.8931399703641483 -0.43105096306795776 0.12843699068459483
vn 0.9731967526729791 -0.22979091208203076 -0.009176999034374494
vn 0.9861516503429918 -0.1327770154380155 0.09937397394271309
vn 0.9554644774999275 -0.23254710318859115 0.18168510405199848
vn 0.8931399703641483 -0.43105096306795776 0.12843699068459483
vn 0.9861516503429918 -0.1327770154380155 0.09937397394271309
vn 0.895263034410495 -0.42192609146309085 -0.14311698907115136
vn 0.9554644774999275 -0.23254710318859115 0.18168510405199848
vn 0.9861516503429918 -0.1327770154380155 0.09937397394271309
vn 0.8698726993036889 -0.48069981296281983 -0.1106759993116131
vn 0.895263034410495 -0.42192609146309085 -0.14311698907115136
vn 0.9861516503429918 -0.1327770154380155 0.09937397394271309
vn 0.9529126355161475 -0.2097149059384685 0.21903690853572902
vn 0.8698726993036889 -0.48069981296281983 -0.1106759993116131
vn 0.9861516503429918 -0.1327770154380155 0.09937397394271309
vn 0.9649359509977333 -0.07917099641457738 0.25026099136466107
vn 0.9529126355161475 -0.2097149059384685 0.21903690853572902
vn 0.9861516503429918 -0.1327770154380155 0.09937397394271309
vn 0.9742677372528077 0.22523488588163187 -0.008462997706617173
vn 0.9716063429927232 0.18795509040695108 0.14371498963720403
vn 0.9976646569726336 -0.0059939988766087885 0.06803899033013575
vn 0.931349984549412 0.0940520010055731 0.35176899719369514
vn 0.9976646569726336 -0.0059939988766087885 0.06803899033013575
vn 0.9716063429927232 0.18795509040695108 0.14371498963720403
vn 0.931349984549412 0.0940520010055731 0.35176899719369514
vn 0.9649359509977333 -0.07917099641457738 0.25026099136466107
vn 0.9976646569726336 -0.0059939988766087885 0.06803899033013575
vn 0.9742677372528077 0.22523488588163187 -0.008462997706617173
vn 0.9037687731681586 0.41057389762025454 0.12095899817307641
vn 0.9716063429927232 0.18795509040695108 0.14371498963720403
vn 0.9591315266846696 0.2306589151222287 0.16389990663258902
vn 0.9716063429927232 0.18795509040695108 0.14371498963720403
vn 0.9037687731681586 0.41057389762025454 0.12095899817307641
vn 0.9165423246820656 -0.021782011578915062 0.39934410104316176
vn 0.931349984549412 0.0940520010055731 0.35176899719369514
vn 0.9716063429927232 0.18795509040695108 0.14371498963720403
vn 0.9351240091212267 0.06466400079323924 0.34836999665076746
vn 0.9165423246820656 -0.021782011578915062 0.39934410104316176
vn 0.9716063429927232 0.18795509040695108 0.14371498963720403
vn 0.9591315266846696 0.2306589151222287 0.16389990663258902
vn 0.9351240091212267 0.06466400079323924 0.34836999665076746
vn 0.9716063429927232 0.18795509040695108 0.14371498963720403
vn 0.7159317245287486 0.689951730566892 0.10680999625991351
vn 0.6959003625201587 0.698603373485808 0.16636108919624346
vn 0.9037687731681586 0.41057389762025454 0.12095899817307641
vn 0.7956384716911019 0.5916237012343444 0.1301568995590432
vn 0.9037687731681586 0.41057389762025454 0.12095899817307641
vn 0.6959003625201587 0.698603373485808 0.16636108919624346
vn 0.8456608661726268 0.5301088918595148 0.06198598386441571
vn 0.7159317245287486 0.689951730566892 0.10680999625991351
vn 0.9037687731681586 0.41057389762025454 0.12095899817307641
vn 0.9742677372528077 0.22523488588163187 -0.008462997706617173
vn 0.8456608661726268 0.5301088918595148 0.06198598386441571
vn 0.9037687731681586 0.41057389762025454 0.12095899817307641
vn 0.8840840869760201 0.42660008967552043 0.1908079941842447
vn 0.9037687731681586 0.41057389762025454 0.12095899817307641
vn 0.7956384716911019 0.5916237012343444 0.1301568995590432
vn 0.8840840869760201 0.42660008967552043 0.1908079941842447
vn 0.9333339986702387 0.2758019881438745 0.22982800147525276
vn 0.9037687731681586 0.41057389762025454 0.12095899817307641
vn 0.9591315266846696 0.2306589151222287 0.16389990663258902
vn 0.9037687731681586 0.41057389762025454 0.12095899817307641
vn 0.9333339986702387 0.2758019881438745 0.22982800147525276
vn 0.3732009180966145 0.9249427334556451 0.07212499261312653
vn 0.6959003625201587 0.698603373485808 0.16636108919624346
vn 0.7159317245287486 0.689951730566892 0.10680999625991351
vn 0.7956384716911019 0.5916237012343444 0.1301568995590432
vn 0.6959003625201587 0.698603373485808 0.16636108919624346
vn 0.7644010962033917 0.6279159932006931 0.14633000241180832
vn 0.6114382030755048 0.7701732964918139 0.1815941000989027
vn 0.7644010962033917 0.6279159932006931 0.14633000241180832
vn 0.6959003625201587 0.698603373485808 0.16636108919624346
vn 0.4894360861827896 0.855792217745774 0.16754700113055732
vn 0.6114382030755048 0.7701732964918139 0.1815941000989027
vn 0.6959003625201587 0.698603373485808 0.16636108919624346
vn 0.3732009180966145 0.9249427334556451 0.07212499261312653
vn 0.4894360861827896 0.855792217745774 0.16754700113055732
vn 0.6959003625201587 0.698603373485808 0.16636108919624346
vn 0.42863820085160276 0.9033953179484565 0.012090999938299245
vn 0.7159317245287486 0.689951730566892 0.10680999625991351
vn 0.8456608661726268 0.5301088918595148 0.06198598386441571
vn 0.42863820085160276 0.9033953179484565 0.012090999938299245
vn 0.3732009180966145 0.9249427334556451 0.07212499261312653
vn 0.7159317245287486 0.689951730566892 0.10680999625991351
vn 0.8107103042479181 0.5805101942809854 -0.07587303158633334
vn 0.8456608661726268 0.5301088918595148 0.06198598386441571
vn 0.9742677372528077 0.22523488588163187 -0.008462997706617173
vn 0.42863820085160276 0.9033953179484565 0.012090999938299245
vn 0.8456608661726268 0.5301088918595148 0.06198598386441571
vn 0.8107103042479181 0.5805101942809854 -0.07587303158633334
vn 0.8798379743132284 -0.4352799875377605 0.1908310022127488
vn 0.8931399703641483 -0.43105096306795776 0.12843699068459483
vn 0.9554644774999275 -0.23254710318859115 0.18168510405199848
vn 0.622233178793669 -0.7794192613528871 0.0730170270583907
vn 0.6922772979617607 -0.6986813395218923 0.18054508725151683
vn 0.8931399703641483 -0.43105096306795776 0.12843699068459483
vn 0.7209410111160524 -0.692988995561857 -0.0032110000206416038
vn 0.622233178793669 -0.7794192613528871 0.0730170270583907
vn 0.8931399703641483 -0.43105096306795776 0.12843699068459483
vn 0.8321649219021268 -0.528057897545399 0.169282012025969
vn 0.7209410111160524 -0.692988995561857 -0.0032110000206416038
vn 0.8931399703641483 -0.43105096306795776 0.12843699068459483
vn 0.8798379743132284 -0.4352799875377605 0.1908310022127488
vn 0.8321649219021268 -0.528057897545399 0.169282012025969
vn 0.8931399703641483 -0.43105096306795776 0.12843699068459483
vn 0.4290157768604833 0.9015155850038585 -0.056701968219335465
vn 0.8107103042479181 0.5805101942809854 -0.07587303158633334
vn 0.720382897803101 0.6793378894820765 -0.13981599503220316
vn 0.4290157768604833 0.9015155850038585 -0.056701968219335465
vn 0.42863820085160276 0.9033953179484565 0.012090999938299245
vn 0.8107103042479181 0.5805101942809854 -0.07587303158633334
vn 0.8845937647556663 -0.4353158971330288 0.16731389977722474
vn 0.9554644774999275 -0.23254710318859115 0.18168510405199848
vn 0.895263034410495 -0.42192609146309085 -0.14311698907115136
vn 0.8845937647556663 -0.4353158971330288 0.16731389977722474
vn 0.8798379743132284 -0.4352799875377605 0.1908310022127488
vn 0.9554644774999275 -0.23254710318859115 0.18168510405199848
vn 0.8722003370739622 -0.3711001093160155 0.31867111709991525
vn 0.895263034410495 -0.42192609146309085 -0.14311698907115136
vn 0.8698726993036889 -0.48069981296281983 -0.1106759993116131
vn 0.8845937647556663 -0.4353158971330288 0.16731389977722474
vn 0.895263034410495 -0.42192609146309085 -0.14311698907115136
vn 0.9082068690368457 -0.3310430009597745 0.25606798813954945
vn 0.8722003370739622 -0.3711001093160155 0.31867111709991525
vn 0.9082068690368457 -0.3310430009597745 0.25606798813954945
vn 0.895263034410495 -0.42192609146309085 -0.14311698907115136
vn 0.9323534076917656 -0.1760161129311722 0.3158092005533615
vn 0.8698726993036889 -0.48069981296281983 -0.1106759993116131
vn 0.9529126355161475 -0.2097149059384685 0.21903690853572902
vn 0.9323534076917656 -0.1760161129311722 0.3158092005533615
vn 0.8722003370739622 -0.3711001093160155 0.31867111709991525
vn 0.8698726993036889 -0.48069981296281983 -0.1106759993116131
vn 0.9165423246820656 -0.021782011578915062 0.39934410104316176
vn 0.9529126355161475 -0.2097149059384685 0.21903690853572902
vn 0.9649359509977333 -0.07917099641457738 0.25026099136466107
vn 0.9323534076917656 -0.1760161129311722 0.3158092005533615
vn 0.9529126355161475 -0.2097149059384685 0.21903690853572902
vn 0.8976616928863904 -0.03316098849791121 0.43943581324942216
vn 0.9165423246820656 -0.021782011578915062 0.39934410104316176
vn 0.8976616928863904 -0.03316098849791121 0.43943581324942216
vn 0.9529126355161475 -0.2097149059384685 0.21903690853572902
vn 0.9165423246820656 -0.021782011578915062 0.39934410104316176
vn 0.9649359509977333 -0.07917099641457738 0.25026099136466107
vn 0.931349984549412 0.0940520010055731 0.35176899719369514
vn 0.44594610987692596 -0.8843361983284727 0.13813600331405743
vn 0.6922772979617607 -0.6986813395218923 0.18054508725151683
vn 0.622233178793669 -0.7794192613528871 0.0730170270583907
vn 0.5749133315721304 -0.8140864246725318 -0.08208504336679136
vn 0.622233178793669 -0.7794192613528871 0.0730170270583907
vn 0.7209410111160524 -0.692988995561857 -0.0032110000206416038
vn 0.48196418479019937 -0.8760083623991952 -0.017885010097804546
vn 0.622233178793669 -0.7794192613528871 0.0730170270583907
vn 0.5749133315721304 -0.8140864246725318 -0.08208504336679136
vn 0.380652957778666 -0.9218828994997882 0.07235499529553206
vn 0.44594610987692596 -0.8843361983284727 0.13813600331405743
vn 0.622233178793669 -0.7794192613528871 0.0730170270583907
vn 0.48196418479019937 -0.8760083623991952 -0.017885010097804546
vn 0.380652957778666 -0.9218828994997882 0.07235499529553206
vn 0.622233178793669 -0.7794192613528871 0.0730170270583907
vn 0.8798106695102365 -0.46336479849691464 0.10595399629019682
vn 0.7209410111160524 -0.692988995561857 -0.0032110000206416038
vn 0.8321649219021268 -0.528057897545399 0.169282012025969
vn 0.5048788848811617 -0.8604478347172533 -0.06875198420078601
vn 0.5749133315721304 -0.8140864246725318 -0.08208504336679136
vn 0.7209410111160524 -0.692988995561857 -0.0032110000206416038
vn 0.47700308223278637 -0.8578431927158642 -0.19124098998769629
vn 0.5048788848811617 -0.8604478347172533 -0.06875198420078601
vn 0.7209410111160524 -0.692988995561857 -0.0032110000206416038
vn 0.5182941695088068 -0.8529103242432069 -0.06257102086848347
vn 0.47700308223278637 -0.8578431927158642 -0.19124098998769629
vn 0.7209410111160524 -0.692988995561857 -0.0032110000206416038
vn 0.519294015167037 -0.8436829908185213 -0.13613499482209543
vn 0.5182941695088068 -0.8529103242432069 -0.06257102086848347
vn 0.7209410111160524 -0.692988995561857 -0.0032110000206416038
vn 0.557069097100365 -0.8252420640876164 -0.09300299304965767
vn 0.519294015167037 -0.8436829908185213 -0.13613499482209543
vn 0.7209410111160524 -0.692988995561857 -0.0032110000206416038
vn 0.5772509930531343 -0.807159867049843 -0.12358899644891613
vn 0.557069097100365 -0.8252420640876164 -0.09300299304965767
vn 0.7209410111160524 -0.692988995561857 -0.0032110000206416038
vn 0.6068878791634353 -0.7868447928030502 -0.11208199749840515
vn 0.5772509930531343 -0.807159867049843 -0.12358899644891613
vn 0.7209410111160524 -0.692988995561857 -0.0032110000206416038
vn 0.6449129520302469 -0.7547448104400885 -0.12019798424843735
vn 0.6068878791634353 -0.7868447928030502 -0.11208199749840515
vn 0.7209410111160524 -0.692988995561857 -0.0032110000206416038
vn 0.8109628971702039 -0.5806158650386839 -0.07227998809276465
vn 0.6449129520302469 -0.7547448104400885 -0.12019798424843735
vn 0.7209410111160524 -0.692988995561857 -0.0032110000206416038
vn 0.852782797975172 -0.5189548804378539 -0.058713980850983824
vn 0.8109628971702039 -0.5806158650386839 -0.07227998809276465
vn 0.7209410111160524 -0.692988995561857 -0.0032110000206416038
vn 0.8612051754534056 -0.5063350533485265 -0.044164007096430646
vn 0.852782797975172 -0.5189548804378539 -0.058713980850983824
vn 0.7209410111160524 -0.692988995561857 -0.0032110000206416038
vn 0.8487662151117499 -0.5286101598679788 -0.01293100805137187
vn 0.8612051754534056 -0.5063350533485265 -0.044164007096430646
vn 0.7209410111160524 -0.692988995561857 -0.0032110000206416038
vn 0.8798106695102365 -0.46336479849691464 0.10595399629019682
vn 0.8487662151117499 -0.5286101598679788 -0.01293100805137187
vn 0.7209410111160524 -0.692988995561857 -0.0032110000206416038
vn 0.8845937647556663 -0.4353158971330288 0.16731389977722474
vn 0.8321649219021268 -0.528057897545399 0.169282012025969
vn 0.8798379743132284 -0.4352799875377605 0.1908310022127488
vn 0.8798117748978783 -0.4468898825018021 0.1619279891450846
vn 0.8321649219021268 -0.528057897545399 0.169282012025969
vn 0.8845937647556663 -0.4353158971330288 0.16731389977722474
vn 0.8715683122540954 -0.4632081932711864 0.16064509566429602
vn 0.8321649219021268 -0.528057897545399 0.169282012025969
vn 0.8798117748978783 -0.4468898825018021 0.1619279891450846
vn 0.8715683122540954 -0.4632081932711864 0.16064509566429602
vn 0.8798106695102365 -0.46336479849691464 0.10595399629019682
vn 0.8321649219021268 -0.528057897545399 0.169282012025969
vn 0.9082068690368457 -0.3310430009597745 0.25606798813954945
vn 0.881204927022757 -0.41606591280096955 0.2244260073964549
vn 0.8851632302552352 -0.43729215039837577 0.15893907953704045
vn 0.8798117748978783 -0.4468898825018021 0.1619279891450846
vn 0.8851632302552352 -0.43729215039837577 0.15893907953704045
vn 0.881204927022757 -0.41606591280096955 0.2244260073964549
vn 0.8854589247794107 -0.31517097449151055 0.34151097986237794
vn 0.881204927022757 -0.41606591280096955 0.2244260073964549
vn 0.9082068690368457 -0.3310430009597745 0.25606798813954945
vn 0.8715683122540954 -0.4632081932711864 0.16064509566429602
vn 0.8798117748978783 -0.4468898825018021 0.1619279891450846
vn 0.881204927022757 -0.41606591280096955 0.2244260073964549
vn 0.8715683122540954 -0.4632081932711864 0.16064509566429602
vn 0.881204927022757 -0.41606591280096955 0.2244260073964549
vn 0.8798106695102365 -0.46336479849691464 0.10595399629019682
vn 0.8794779686318893 -0.38548299270446834 0.2791439861912345
vn 0.8798106695102365 -0.46336479849691464 0.10595399629019682
vn 0.881204927022757 -0.41606591280096955 0.2244260073964549
vn 0.8794779686318893 -0.38548299270446834 0.2791439861912345
vn 0.881204927022757 -0.41606591280096955 0.2244260073964549
vn 0.8854589247794107 -0.31517097449151055 0.34151097986237794
vn 0.8798117748978783 -0.4468898825018021 0.1619279891450846
vn 0.9082068690368457 -0.3310430009597745 0.25606798813954945
vn 0.8851632302552352 -0.43729215039837577 0.15893907953704045
vn 0.8798117748978783 -0.4468898825018021 0.1619279891450846
vn 0.8845937647556663 -0.4353158971330288 0.16731389977722474
vn 0.9082068690368457 -0.3310430009597745 0.25606798813954945
vn 0.8872522040365846 -0.20582499925358272 0.4128190839998626
vn 0.8854589247794107 -0.31517097449151055 0.34151097986237794
vn 0.9082068690368457 -0.3310430009597745 0.25606798813954945
vn 0.9323534076917656 -0.1760161129311722 0.3158092005533615
vn 0.8872522040365846 -0.20582499925358272 0.4128190839998626
vn 0.9082068690368457 -0.3310430009597745 0.25606798813954945
vn 0.9323534076917656 -0.1760161129311722 0.3158092005533615
vn 0.9082068690368457 -0.3310430009597745 0.25606798813954945
vn 0.8722003370739622 -0.3711001093160155 0.31867111709991525
vn 0.48196418479019937 -0.8760083623991952 -0.017885010097804546
vn 0.5749133315721304 -0.8140864246725318 -0.08208504336679136
vn 0.5048788848811617 -0.8604478347172533 -0.06875198420078601
vn 0.5182941695088068 -0.8529103242432069 -0.06257102086848347
vn 0.5048788848811617 -0.8604478347172533 -0.06875198420078601
vn 0.47700308223278637 -0.8578431927158642 -0.19124098998769629
vn 0.5708748778580914 -0.5406388748063812 0.6179089584061711
vn 0.5048788848811617 -0.8604478347172533 -0.06875198420078601
vn 0.5182941695088068 -0.8529103242432069 -0.06257102086848347
vn 0.523920112853135 -0.7670460852214125 0.3703350084645842
vn 0.48196418479019937 -0.8760083623991952 -0.017885010097804546
vn 0.5048788848811617 -0.8604478347172533 -0.06875198420078601
vn 0.5708748778580914 -0.5406388748063812 0.6179089584061711
vn 0.523920112853135 -0.7670460852214125 0.3703350084645842
vn 0.5048788848811617 -0.8604478347172533 -0.06875198420078601
vn 0.5759837655689357 -0.5843187607884902 0.5716767334706148
vn 0.5182941695088068 -0.8529103242432069 -0.06257102086848347
vn 0.519294015167037 -0.8436829908185213 -0.13613499482209543
vn 0.4833349526029114 -0.48776095477795745 0.7269639431130244
vn 0.5708748778580914 -0.5406388748063812 0.6179089584061711
vn 0.5182941695088068 -0.8529103242432069 -0.06257102086848347
vn 0.5759837655689357 -0.5843187607884902 0.5716767334706148
vn 0.4833349526029114 -0.48776095477795745 0.7269639431130244
vn 0.5182941695088068 -0.8529103242432069 -0.06257102086848347
vn 0.5759837655689357 -0.5843187607884902 0.5716767334706148
vn 0.519294015167037 -0.8436829908185213 -0.13613499482209543
vn 0.557069097100365 -0.8252420640876164 -0.09300299304965767
vn 0.633592147576932 -0.7012621308998583 0.32679108662055173
vn 0.557069097100365 -0.8252420640876164 -0.09300299304965767
vn 0.5772509930531343 -0.807159867049843 -0.12358899644891613
vn 0.633592147576932 -0.7012621308998583 0.32679108662055173
vn 0.5759837655689357 -0.5843187607884902 0.5716767334706148
vn 0.557069097100365 -0.8252420640876164 -0.09300299304965767
vn 0.633592147576932 -0.7012621308998583 0.32679108662055173
vn 0.5772509930531343 -0.807159867049843 -0.12358899644891613
vn 0.6068878791634353 -0.7868447928030502 -0.11208199749840515
vn 0.8109628971702039 -0.5806158650386839 -0.07227998809276465
vn 0.6068878791634353 -0.7868447928030502 -0.11208199749840515
vn 0.6449129520302469 -0.7547448104400885 -0.12019798424843735
vn 0.767722683731014 -0.6385107882045272 0.05390597584018402
vn 0.6068878791634353 -0.7868447928030502 -0.11208199749840515
vn 0.8109628971702039 -0.5806158650386839 -0.07227998809276465
vn 0.767722683731014 -0.6385107882045272 0.05390597584018402
vn 0.633592147576932 -0.7012621308998583 0.32679108662055173
vn 0.6068878791634353 -0.7868447928030502 -0.11208199749840515
vn 0.9480169672438165 -0.29934998276032243 0.10795099647169219
vn 0.8109628971702039 -0.5806158650386839 -0.07227998809276465
vn 0.852782797975172 -0.5189548804378539 -0.058713980850983824
vn 0.9431838315565413 -0.06817098220032562 0.3252029782707483
vn 0.767722683731014 -0.6385107882045272 0.05390597584018402
vn 0.8109628971702039 -0.5806158650386839 -0.07227998809276465
vn 0.9480169672438165 -0.29934998276032243 0.10795099647169219
vn 0.9431838315565413 -0.06817098220032562 0.3252029782707483
vn 0.8109628971702039 -0.5806158650386839 -0.07227998809276465
vn 0.9480169672438165 -0.29934998276032243 0.10795099647169219
vn 0.852782797975172 -0.5189548804378539 -0.058713980850983824
vn 0.8612051754534056 -0.5063350533485265 -0.044164007096430646
vn 0.9568653977510971 -0.07251603206197063 0.28133616134550105
vn 0.8612051754534056 -0.5063350533485265 -0.044164007096430646
vn 0.8487662151117499 -0.5286101598679788 -0.01293100805137187
vn 0.9568653977510971 -0.07251603206197063 0.28133616134550105
vn 0.9480169672438165 -0.29934998276032243 0.10795099647169219
vn 0.8612051754534056 -0.5063350533485265 -0.044164007096430646
vn 0.9568653977510971 -0.07251603206197063 0.28133616134550105
vn 0.8487662151117499 -0.5286101598679788 -0.01293100805137187
vn 0.8798106695102365 -0.46336479849691464 0.10595399629019682
vn 0.9242034896238239 -0.099784937735656 0.3686337965627104
vn 0.8798106695102365 -0.46336479849691464 0.10595399629019682
vn 0.8794779686318893 -0.38548299270446834 0.2791439861912345
vn 0.9568653977510971 -0.07251603206197063 0.28133616134550105
vn 0.8798106695102365 -0.46336479849691464 0.10595399629019682
vn 0.9242034896238239 -0.099784937735656 0.3686337965627104
vn 0.8631138634838468 -0.2823899929807674 0.41867690469658064
vn 0.8854589247794107 -0.31517097449151055 0.34151097986237794
vn 0.8389896538593998 -0.17258289020572556 0.5160537827834643
vn 0.8872522040365846 -0.20582499925358272 0.4128190839998626
vn 0.8389896538593998 -0.17258289020572556 0.5160537827834643
vn 0.8854589247794107 -0.31517097449151055 0.34151097986237794
vn 0.8631138634838468 -0.2823899929807674 0.41867690469658064
vn 0.8389896538593998 -0.17258289020572556 0.5160537827834643
vn 0.8595038694716766 -0.2834279950644155 0.42534888030530954
vn 0.7414478344594199 -0.056461992019533606 0.6686308041308167
vn 0.8595038694716766 -0.2834279950644155 0.42534888030530954
vn 0.8389896538593998 -0.17258289020572556 0.5160537827834643
vn 0.7135070872715787 -0.01344199983597069 0.7005190568811368
vn 0.8389896538593998 -0.17258289020572556 0.5160537827834643
vn 0.8481529069715952 -0.11347700326115197 0.5174549411557504
vn 0.8438550493407078 -0.0408230026702352 0.535016016727703
vn 0.8481529069715952 -0.11347700326115197 0.5174549411557504
vn 0.8389896538593998 -0.17258289020572556 0.5160537827834643
vn 0.5039040871374688 -0.07504800452495909 0.8604931539431189
vn 0.8389896538593998 -0.17258289020572556 0.5160537827834643
vn 0.7135070872715787 -0.01344199983597069 0.7005190568811368
vn 0.8872522040365846 -0.20582499925358272 0.4128190839998626
vn 0.8438550493407078 -0.0408230026702352 0.535016016727703
vn 0.8389896538593998 -0.17258289020572556 0.5160537827834643
vn 0.5039040871374688 -0.07504800452495909 0.8604931539431189
vn 0.7414478344594199 -0.056461992019533606 0.6686308041308167
vn 0.8389896538593998 -0.17258289020572556 0.5160537827834643
vn 0.8595038694716766 -0.2834279950644155 0.42534888030530954
vn 0.8794779686318893 -0.38548299270446834 0.2791439861912345
vn 0.8854589247794107 -0.31517097449151055 0.34151097986237794
vn 0.8631138634838468 -0.2823899929807674 0.41867690469658064
vn 0.8595038694716766 -0.2834279950644155 0.42534888030530954
vn 0.8854589247794107 -0.31517097449151055 0.34151097986237794
vn 0.9242034896238239 -0.099784937735656 0.3686337965627104
vn 0.8794779686318893 -0.38548299270446834 0.2791439861912345
vn 0.8595038694716766 -0.2834279950644155 0.42534888030530954
vn 0.9242034896238239 -0.099784937735656 0.3686337965627104
vn 0.8595038694716766 -0.2834279950644155 0.42534888030530954
vn 0.7414478344594199 -0.056461992019533606 0.6686308041308167
vn 0.8164861428783949 -0.0038670008649054144 0.57735208044301
vn 0.7135070872715787 -0.01344199983597069 0.7005190568811368
vn 0.8481529069715952 -0.11347700326115197 0.5174549411557504
vn 0.8438550493407078 -0.0408230026702352 0.535016016727703
vn 0.8164861428783949 -0.0038670008649054144 0.57735208044301
vn 0.8481529069715952 -0.11347700326115197 0.5174549411557504
vn 0.805921896899949 0 0.5920218712996912
vn 0.7135070872715787 -0.01344199983597069 0.7005190568811368
vn 0.8164861428783949 -0.0038670008649054144 0.57735208044301
vn 0.7057649714022968 0.017087998822767958 0.7082399349357166
vn 0.7135070872715787 -0.01344199983597069 0.7005190568811368
vn 0.805921896899949 0 0.5920218712996912
vn 0.4058317813490443 -0.0015029988679165266 0.9139465554623336
vn 0.7135070872715787 -0.01344199983597069 0.7005190568811368
vn 0.7057649714022968 0.017087998822767958 0.7082399349357166
vn 0.5039040871374688 -0.07504800452495909 0.8604931539431189
vn 0.7135070872715787 -0.01344199983597069 0.7005190568811368
vn 0.4058317813490443 -0.0015029988679165266 0.9139465554623336
vn 0.8318850923659269 0.02668499923995197 0.5543059659744761
vn 0.8164861428783949 -0.0038670008649054144 0.57735208044301
vn 0.8438550493407078 -0.0408230026702352 0.535016016727703
vn 0.7057649714022968 0.017087998822767958 0.7082399349357166
vn 0.805921896899949 0 0.5920218712996912
vn 0.8164861428783949 -0.0038670008649054144 0.57735208044301
vn 0.8318850923659269 0.02668499923995197 0.5543059659744761
vn 0.7057649714022968 0.017087998822767958 0.7082399349357166
vn 0.8164861428783949 -0.0038670008649054144 0.57735208044301
vn 0.8462862965708073 -0.01569099910049849 0.5324972270197242
vn 0.8438550493407078 -0.0408230026702352 0.535016016727703
vn 0.8872522040365846 -0.20582499925358272 0.4128190839998626
vn 0.8375422184982056 0.02210901044083941 0.5459251083165444
vn 0.8438550493407078 -0.0408230026702352 0.535016016727703
vn 0.8462862965708073 -0.01569099910049849 0.5324972270197242
vn 0.8375422184982056 0.02210901044083941 0.5459251083165444
vn 0.8318850923659269 0.02668499923995197 0.5543059659744761
vn 0.8438550493407078 -0.0408230026702352 0.535016016727703
vn 0.8976616928863904 -0.03316098849791121 0.43943581324942216
vn 0.8462862965708073 -0.01569099910049849 0.5324972270197242
vn 0.8872522040365846 -0.20582499925358272 0.4128190839998626
vn 0.9323534076917656 -0.1760161129311722 0.3158092005533615
vn 0.8976616928863904 -0.03316098849791121 0.43943581324942216
vn 0.8872522040365846 -0.20582499925358272 0.4128190839998626
vn 0.8469512260977228 0.015752997628343354 0.5314371681368228
vn 0.8462862965708073 -0.01569099910049849 0.5324972270197242
vn 0.8976616928863904 -0.03316098849791121 0.43943581324942216
vn 0.8469512260977228 0.015752997628343354 0.5314371681368228
vn 0.8375422184982056 0.02210901044083941 0.5459251083165444
vn 0.8462862965708073 -0.01569099910049849 0.5324972270197242
vn 0.8894013358939292 0.010118000428336497 0.45701519644036603
vn 0.8976616928863904 -0.03316098849791121 0.43943581324942216
vn 0.9165423246820656 -0.021782011578915062 0.39934410104316176
vn 0.8894013358939292 0.010118000428336497 0.45701519644036603
vn 0.8469512260977228 0.015752997628343354 0.5314371681368228
vn 0.8976616928863904 -0.03316098849791121 0.43943581324942216
vn 0.9351240091212267 0.06466400079323924 0.34836999665076746
vn 0.8894013358939292 0.010118000428336497 0.45701519644036603
vn 0.9165423246820656 -0.021782011578915062 0.39934410104316176
vn 0.8408322947064403 0.173569098460284 0.5127131949134783
vn 0.7057649714022968 0.017087998822767958 0.7082399349357166
vn 0.8318850923659269 0.02668499923995197 0.5543059659744761
vn 0.42433905085823936 0.016498998310880836 0.9053530543227134
vn 0.4058317813490443 -0.0015029988679165266 0.9139465554623336
vn 0.7057649714022968 0.017087998822767958 0.7082399349357166
vn 0.4323301702682482 0.028677009524577753 0.9012592595921303
vn 0.42433905085823936 0.016498998310880836 0.9053530543227134
vn 0.7057649714022968 0.017087998822767958 0.7082399349357166
vn 0.5772956895638811 0.13506089915450376 0.8052876755113912
vn 0.4323301702682482 0.028677009524577753 0.9012592595921303
vn 0.7057649714022968 0.017087998822767958 0.7082399349357166
vn 0.6243900888668894 0.14117998551655425 0.7682481556205284
vn 0.5772956895638811 0.13506089915450376 0.8052876755113912
vn 0.7057649714022968 0.017087998822767958 0.7082399349357166
vn 0.8408322947064403 0.173569098460284 0.5127131949134783
vn 0.6243900888668894 0.14117998551655425 0.7682481556205284
vn 0.7057649714022968 0.017087998822767958 0.7082399349357166
vn 0.8810747943964394 0.25707888842767246 0.397010896329136
vn 0.8318850923659269 0.02668499923995197 0.5543059659744761
vn 0.8375422184982056 0.02210901044083941 0.5459251083165444
vn 0.8810747943964394 0.25707888842767246 0.397010896329136
vn 0.8408322947064403 0.173569098460284 0.5127131949134783
vn 0.8318850923659269 0.02668499923995197 0.5543059659744761
vn 0.8810747943964394 0.25707888842767246 0.397010896329136
vn 0.8375422184982056 0.02210901044083941 0.5459251083165444
vn 0.8469512260977228 0.015752997628343354 0.5314371681368228
vn 0.8810747943964394 0.25707888842767246 0.397010896329136
vn 0.8469512260977228 0.015752997628343354 0.5314371681368228
vn 0.8894013358939292 0.010118000428336497 0.45701519644036603
vn 0.9372542354428255 0.16397398902027577 0.30768007584057677
vn 0.8894013358939292 0.010118000428336497 0.45701519644036603
vn 0.9351240091212267 0.06466400079323924 0.34836999665076746
vn 0.9372542354428255 0.16397398902027577 0.30768007584057677
vn 0.8810747943964394 0.25707888842767246 0.397010896329136
vn 0.8894013358939292 0.010118000428336497 0.45701519644036603
vn 0.9372542354428255 0.16397398902027577 0.30768007584057677
vn 0.9351240091212267 0.06466400079323924 0.34836999665076746
vn 0.9333339986702387 0.2758019881438745 0.22982800147525276
vn 0.9591315266846696 0.2306589151222287 0.16389990663258902
vn 0.9333339986702387 0.2758019881438745 0.22982800147525276
vn 0.9351240091212267 0.06466400079323924 0.34836999665076746
vn 0.22374896957765572 0 0.9746468071116517
vn 0.3982120832823794 0.008995001644258345 0.9172492718303608
vn 0.4058317813490443 -0.0015029988679165266 0.9139465554623336
vn 0.30820688233466026 0.004103998138415866 0.9513105039264671
vn 0.4058317813490443 -0.0015029988679165266 0.9139465554623336
vn 0.3982120832823794 0.008995001644258345 0.9172492718303608
vn 0.24899098186183766 -0.006518998700694098 0.968483863369658
vn 0.22374896957765572 0 0.9746468071116517
vn 0.4058317813490443 -0.0015029988679165266 0.9139465554623336
vn 0.42433905085823936 0.016498998310880836 0.9053530543227134
vn 0.24899098186183766 -0.006518998700694098 0.968483863369658
vn 0.4058317813490443 -0.0015029988679165266 0.9139465554623336
vn 0.23846810792495954 0 0.971150328992731
vn 0.4058317813490443 -0.0015029988679165266 0.9139465554623336
vn 0.30820688233466026 0.004103998138415866 0.9513105039264671
vn 0.5039040871374688 -0.07504800452495909 0.8604931539431189
vn 0.4058317813490443 -0.0015029988679165266 0.9139465554623336
vn 0.23846810792495954 0 0.971150328992731
vn 0.24899098186183766 -0.006518998700694098 0.968483863369658
vn 0.3982120832823794 0.008995001644258345 0.9172492718303608
vn 0.22374896957765572 0 0.9746468071116517
vn 0.24643208348306922 0.001103000893228341 0.9691594356034631
vn 0.3982120832823794 0.008995001644258345 0.9172492718303608
vn 0.24899098186183766 -0.006518998700694098 0.968483863369658
vn 0.30820688233466026 0.004103998138415866 0.9513105039264671
vn 0.3982120832823794 0.008995001644258345 0.9172492718303608
vn 0.24643208348306922 0.001103000893228341 0.9691594356034631
vn 0.24643208348306922 0.001103000893228341 0.9691594356034631
vn 0.24899098186183766 -0.006518998700694098 0.968483863369658
vn 0.42433905085823936 0.016498998310880836 0.9053530543227134
vn 0.4323301702682482 0.028677009524577753 0.9012592595921303
vn 0.2969271812063543 -0.02451500773632979 0.9545853882479748
vn 0.42433905085823936 0.016498998310880836 0.9053530543227134
vn 0.24643208348306922 0.001103000893228341 0.9691594356034631
vn 0.42433905085823936 0.016498998310880836 0.9053530543227134
vn 0.2969271812063543 -0.02451500773632979 0.9545853882479748
vn 0.44234798074747894 -0.3585739846288809 0.8220419462995762
vn 0.2969271812063543 -0.02451500773632979 0.9545853882479748
vn 0.4323301702682482 0.028677009524577753 0.9012592595921303
vn 0.20810698506862163 0.0004249999861103091 0.9781059769476211
vn 0.24643208348306922 0.001103000893228341 0.9691594356034631
vn 0.2969271812063543 -0.02451500773632979 0.9545853882479748
vn 0.16608191610924114 -0.7661136288350139 0.6208757563754036
vn 0.2969271812063543 -0.02451500773632979 0.9545853882479748
vn 0.44234798074747894 -0.3585739846288809 0.8220419462995762
vn 0.2729769656229252 -0.6553378603655088 0.7042839377771277
vn 0.2969271812063543 -0.02451500773632979 0.9545853882479748
vn 0.16608191610924114 -0.7661136288350139 0.6208757563754036
vn 0.46716398146696586 -0.020065999303792176 0.8839429676692226
vn 0.2969271812063543 -0.02451500773632979 0.9545853882479748
vn 0.2729769656229252 -0.6553378603655088 0.7042839377771277
vn 0.30972310493300864 0.006955001877409378 0.9508013600219247
vn 0.2969271812063543 -0.02451500773632979 0.9545853882479748
vn 0.46716398146696586 -0.020065999303792176 0.8839429676692226
vn 0.30972310493300864 0.006955001877409378 0.9508013600219247
vn 0.20810698506862163 0.0004249999861103091 0.9781059769476211
vn 0.2969271812063543 -0.02451500773632979 0.9545853882479748
vn 0.8302607030870249 -0.011489000296794708 0.5572568238986577
vn 0.4323301702682482 0.028677009524577753 0.9012592595921303
vn 0.5772956895638811 0.13506089915450376 0.8052876755113912
vn 0.44234798074747894 -0.3585739846288809 0.8220419462995762
vn 0.4323301702682482 0.028677009524577753 0.9012592595921303
vn 0.8302607030870249 -0.011489000296794708 0.5572568238986577
vn 0.8302607030870249 -0.011489000296794708 0.5572568238986577
vn 0.5772956895638811 0.13506089915450376 0.8052876755113912
vn 0.6243900888668894 0.14117998551655425 0.7682481556205284
vn 0.8408322947064403 0.173569098460284 0.5127131949134783
vn 0.8852632001455526 0.28526907155340986 0.3673290395314681
vn 0.6243900888668894 0.14117998551655425 0.7682481556205284
vn 0.8302607030870249 -0.011489000296794708 0.5572568238986577
vn 0.6243900888668894 0.14117998551655425 0.7682481556205284
vn 0.8852632001455526 0.28526907155340986 0.3673290395314681
vn 0.8810747943964394 0.25707888842767246 0.397010896329136
vn 0.8852632001455526 0.28526907155340986 0.3673290395314681
vn 0.8408322947064403 0.173569098460284 0.5127131949134783
vn 0.9422582073900786 0.06348300915229756 0.3288151124188258
vn 0.8302607030870249 -0.011489000296794708 0.5572568238986577
vn 0.8852632001455526 0.28526907155340986 0.3673290395314681
vn 0.9422582073900786 0.06348300915229756 0.3288151124188258
vn 0.8852632001455526 0.28526907155340986 0.3673290395314681
vn 0.7973800687784246 0.5867689693550087 0.14102199302582533
vn 0.8643993064275236 0.4151112103211663 0.28371909014606794
vn 0.7973800687784246 0.5867689693550087 0.14102199302582533
vn 0.8852632001455526 0.28526907155340986 0.3673290395314681
vn 0.8643993064275236 0.4151112103211663 0.28371909014606794
vn 0.8852632001455526 0.28526907155340986 0.3673290395314681
vn 0.8908689124101945 0.3465119938007799 0.2937380109098676
vn 0.8810747943964394 0.25707888842767246 0.397010896329136
vn 0.8908689124101945 0.3465119938007799 0.2937380109098676
vn 0.8852632001455526 0.28526907155340986 0.3673290395314681
vn 0.23846810792495954 0 0.971150328992731
vn 0.30820688233466026 0.004103998138415866 0.9513105039264671
vn 0.24643208348306922 0.001103000893228341 0.9691594356034631
vn 0.20810698506862163 0.0004249999861103091 0.9781059769476211
vn 0.23846810792495954 0 0.971150328992731
vn 0.24643208348306922 0.001103000893228341 0.9691594356034631
vn 0.44234798074747894 -0.3585739846288809 0.8220419462995762
vn 0.8302607030870249 -0.011489000296794708 0.5572568238986577
vn 0.7956070406782909 -0.2853579940338085 0.534397092117962
vn 0.9422582073900786 0.06348300915229756 0.3288151124188258
vn 0.7956070406782909 -0.2853579940338085 0.534397092117962
vn 0.8302607030870249 -0.011489000296794708 0.5572568238986577
vn 0.6461677896472775 -0.4918658840448147 0.5835538876017918
vn 0.44234798074747894 -0.3585739846288809 0.8220419462995762
vn 0.7956070406782909 -0.2853579940338085 0.534397092117962
vn 0.9706540816316233 0.08908701046285325 0.2233700033098933
vn 0.6461677896472775 -0.4918658840448147 0.5835538876017918
vn 0.7956070406782909 -0.2853579940338085 0.534397092117962
vn 0.9579031483821847 0.11642900853674075 0.2624230254582275
vn 0.9706540816316233 0.08908701046285325 0.2233700033098933
vn 0.7956070406782909 -0.2853579940338085 0.534397092117962
vn 0.9422582073900786 0.06348300915229756 0.3288151124188258
vn 0.9579031483821847 0.11642900853674075 0.2624230254582275
vn 0.7956070406782909 -0.2853579940338085 0.534397092117962
vn 0.633811185550857 -0.5012981372524169 0.5890531034277591
vn 0.3008919698968437 -0.6699348715677429 0.6787129660682111
vn 0.44234798074747894 -0.3585739846288809 0.8220419462995762
vn 0.16608191610924114 -0.7661136288350139 0.6208757563754036
vn 0.44234798074747894 -0.3585739846288809 0.8220419462995762
vn 0.3008919698968437 -0.6699348715677429 0.6787129660682111
vn 0.6461677896472775 -0.4918658840448147 0.5835538876017918
vn 0.633811185550857 -0.5012981372524169 0.5890531034277591
vn 0.44234798074747894 -0.3585739846288809 0.8220419462995762
vn 0.9915792856025085 -0.12945107937204942 0.0035970006158277017
vn 0.3008919698968437 -0.6699348715677429 0.6787129660682111
vn 0.633811185550857 -0.5012981372524169 0.5890531034277591
vn 0.12620288280670147 -0.9243685215463453 0.3600217614888047
vn 0.3008919698968437 -0.6699348715677429 0.6787129660682111
vn 0.23489799568559677 -0.9332620888185427 0.27174400673600885
vn 0.9915792856025085 -0.12945107937204942 0.0035970006158277017
vn 0.23489799568559677 -0.9332620888185427 0.27174400673600885
vn 0.3008919698968437 -0.6699348715677429 0.6787129660682111
vn 0.12620288280670147 -0.9243685215463453 0.3600217614888047
vn 0.16608191610924114 -0.7661136288350139 0.6208757563754036
vn 0.3008919698968437 -0.6699348715677429 0.6787129660682111
vn 0.9706540816316233 0.08908701046285325 0.2233700033098933
vn 0.633811185550857 -0.5012981372524169 0.5890531034277591
vn 0.6461677896472775 -0.4918658840448147 0.5835538876017918
vn 0.9706540816316233 0.08908701046285325 0.2233700033098933
vn 0.9915792856025085 -0.12945107937204942 0.0035970006158277017
vn 0.633811185550857 -0.5012981372524169 0.5890531034277591
vn 0.04769200669970341 -0.9894741438162317 0.136625002163186
vn 0.12620288280670147 -0.9243685215463453 0.3600217614888047
vn 0.23489799568559677 -0.9332620888185427 0.27174400673600885
vn 0.13995299323211371 -0.9891687584369905 -0.04425298879843722
vn 0.04769200669970341 -0.9894741438162317 0.136625002163186
vn 0.23489799568559677 -0.9332620888185427 0.27174400673600885
vn 0.2925460688562397 -0.8826102468037221 -0.3679890621116789
vn 0.13995299323211371 -0.9891687584369905 -0.04425298879843722
vn 0.23489799568559677 -0.9332620888185427 0.27174400673600885
vn 0.9915792856025085 -0.12945107937204942 0.0035970006158277017
vn 0.2925460688562397 -0.8826102468037221 -0.3679890621116789
vn 0.23489799568559677 -0.9332620888185427 0.27174400673600885
vn 0.02907998773788579 -0.9980747361003929 0.05478298523533791
vn 0.16608191610924114 -0.7661136288350139 0.6208757563754036
vn 0.12620288280670147 -0.9243685215463453 0.3600217614888047
vn 0.2729769656229252 -0.6553378603655088 0.7042839377771277
vn 0.16608191610924114 -0.7661136288350139 0.6208757563754036
vn 0.02907998773788579 -0.9980747361003929 0.05478298523533791
vn 0.02907998773788579 -0.9980747361003929 0.05478298523533791
vn 0.12620288280670147 -0.9243685215463453 0.3600217614888047
vn 0.04769200669970341 -0.9894741438162317 0.136625002163186
vn 0.13995299323211371 -0.9891687584369905 -0.04425298879843722
vn 0 -1 0
vn 0.04769200669970341 -0.9894741438162317 0.136625002163186
vn 0.06770399397017617 -0.9844079285435242 -0.16234900498966348
vn 0.04769200669970341 -0.9894741438162317 0.136625002163186
vn 0 -1 0
vn 0.030992981663200893 -0.9975855552506497 -0.062148974592322624
vn 0.02907998773788579 -0.9980747361003929 0.05478298523533791
vn 0.04769200669970341 -0.9894741438162317 0.136625002163186
vn 0.06770399397017617 -0.9844079285435242 -0.16234900498966348
vn 0.030992981663200893 -0.9975855552506497 -0.062148974592322624
vn 0.04769200669970341 -0.9894741438162317 0.136625002163186
vn 0.06770399397017617 -0.9844079285435242 -0.16234900498966348
vn 0 -1 0
vn 0.13995299323211371 -0.9891687584369905 -0.04425298879843722
vn 0.06770399397017617 -0.9844079285435242 -0.16234900498966348
vn 0.13995299323211371 -0.9891687584369905 -0.04425298879843722
vn 0.2925460688562397 -0.8826102468037221 -0.3679890621116789
vn 0.4883440001191272 -0.2103410006717145 -0.8469219568437648
vn 0.2925460688562397 -0.8826102468037221 -0.3679890621116789
vn 0.9915792856025085 -0.12945107937204942 0.0035970006158277017
vn 0.030992981663200893 -0.9975855552506497 -0.062148974592322624
vn 0.2925460688562397 -0.8826102468037221 -0.3679890621116789
vn 0.4883440001191272 -0.2103410006717145 -0.8469219568437648
vn 0.06770399397017617 -0.9844079285435242 -0.16234900498966348
vn 0.2925460688562397 -0.8826102468037221 -0.3679890621116789
vn 0.030992981663200893 -0.9975855552506497 -0.062148974592322624
vn 0.6573101267923412 0.6845352610216731 -0.31520608121390364
vn 0.9915792856025085 -0.12945107937204942 0.0035970006158277017
vn 0.9706540816316233 0.08908701046285325 0.2233700033098933
vn 0.4663922414693801 0.6678663128759561 -0.5800283313965299
vn 0.4883440001191272 -0.2103410006717145 -0.8469219568437648
vn 0.9915792856025085 -0.12945107937204942 0.0035970006158277017
vn 0.6573101267923412 0.6845352610216731 -0.31520608121390364
vn 0.4663922414693801 0.6678663128759561 -0.5800283313965299
vn 0.9915792856025085 -0.12945107937204942 0.0035970006158277017
vn 0.7314778941864684 0.6511458558217543 -0.20235899970766072
vn 0.9706540816316233 0.08908701046285325 0.2233700033098933
vn 0.9579031483821847 0.11642900853674075 0.2624230254582275
vn 0.7314778941864684 0.6511458558217543 -0.20235899970766072
vn 0.6573101267923412 0.6845352610216731 -0.31520608121390364
vn 0.9706540816316233 0.08908701046285325 0.2233700033098933
vn 0.9365842791892206 0.3282730408211428 0.12266498541005123
vn 0.7314778941864684 0.6511458558217543 -0.20235899970766072
vn 0.9579031483821847 0.11642900853674075 0.2624230254582275
vn 0.9422582073900786 0.06348300915229756 0.3288151124188258
vn 0.9365842791892206 0.3282730408211428 0.12266498541005123
vn 0.9579031483821847 0.11642900853674075 0.2624230254582275
vn 0.4663922414693801 0.6678663128759561 -0.5800283313965299
vn 0.4337490834741597 0.5431850822600345 -0.7188961670474296
vn 0.4883440001191272 -0.2103410006717145 -0.8469219568437648
vn 0.38929516442379586 -0.515191162789952 -0.7635622703744515
vn 0.4883440001191272 -0.2103410006717145 -0.8469219568437648
vn 0.4337490834741597 0.5431850822600345 -0.7188961670474296
vn 0.38929516442379586 -0.515191162789952 -0.7635622703744515
vn 0.030992981663200893 -0.9975855552506497 -0.062148974592322624
vn 0.4883440001191272 -0.2103410006717145 -0.8469219568437648
vn 0.18280611652912632 0.794346325556098 -0.5793063428230916
vn 0.4337490834741597 0.5431850822600345 -0.7188961670474296
vn 0.4663922414693801 0.6678663128759561 -0.5800283313965299
vn 0.18280611652912632 0.794346325556098 -0.5793063428230916
vn 0.2770279738761657 0.5961060678526019 -0.7536000647288822
vn 0.4337490834741597 0.5431850822600345 -0.7188961670474296
vn 0.38929516442379586 -0.515191162789952 -0.7635622703744515
vn 0.4337490834741597 0.5431850822600345 -0.7188961670474296
vn 0.2770279738761657 0.5961060678526019 -0.7536000647288822
vn 0.2567188777273519 0.8652167038249042 -0.43069185416115874
vn 0.4663922414693801 0.6678663128759561 -0.5800283313965299
vn 0.6573101267923412 0.6845352610216731 -0.31520608121390364
vn 0.2567188777273519 0.8652167038249042 -0.43069185416115874
vn 0.18280611652912632 0.794346325556098 -0.5793063428230916
vn 0.4663922414693801 0.6678663128759561 -0.5800283313965299
vn 0.5267600610043389 0.8396641565487283 -0.13224198402178394
vn 0.6573101267923412 0.6845352610216731 -0.31520608121390364
vn 0.7314778941864684 0.6511458558217543 -0.20235899970766072
vn 0.5267600610043389 0.8396641565487283 -0.13224198402178394
vn 0.2567188777273519 0.8652167038249042 -0.43069185416115874
vn 0.6573101267923412 0.6845352610216731 -0.31520608121390364
vn 0.9365842791892206 0.3282730408211428 0.12266498541005123
vn 0.5673429808614613 0.7560319690819617 -0.32640098620145663
vn 0.7314778941864684 0.6511458558217543 -0.20235899970766072
vn 0.5267600610043389 0.8396641565487283 -0.13224198402178394
vn 0.7314778941864684 0.6511458558217543 -0.20235899970766072
vn 0.5673429808614613 0.7560319690819617 -0.32640098620145663
vn 0.6775646797563561 0.7120897761310484 -0.18394090212973335
vn 0.5673429808614613 0.7560319690819617 -0.32640098620145663
vn 0.9365842791892206 0.3282730408211428 0.12266498541005123
vn 0.5267600610043389 0.8396641565487283 -0.13224198402178394
vn 0.5673429808614613 0.7560319690819617 -0.32640098620145663
vn 0.6775646797563561 0.7120897761310484 -0.18394090212973335
vn 0.9422582073900786 0.06348300915229756 0.3288151124188258
vn 0.6775646797563561 0.7120897761310484 -0.18394090212973335
vn 0.9365842791892206 0.3282730408211428 0.12266498541005123
vn 0.9422582073900786 0.06348300915229756 0.3288151124188258
vn 0.7973800687784246 0.5867689693550087 0.14102199302582533
vn 0.6775646797563561 0.7120897761310484 -0.18394090212973335
vn 0.5706868701590188 0.8172247911142708 0.08037497755109912
vn 0.6775646797563561 0.7120897761310484 -0.18394090212973335
vn 0.7973800687784246 0.5867689693550087 0.14102199302582533
vn 0.5706868701590188 0.8172247911142708 0.08037497755109912
vn 0.5267600610043389 0.8396641565487283 -0.13224198402178394
vn 0.6775646797563561 0.7120897761310484 -0.18394090212973335
vn 0.7644010962033917 0.6279159932006931 0.14633000241180832
vn 0.5706868701590188 0.8172247911142708 0.08037497755109912
vn 0.7973800687784246 0.5867689693550087 0.14102199302582533
vn 0.8694396014819836 0.49087679362640135 0.05580997091840304
vn 0.7644010962033917 0.6279159932006931 0.14633000241180832
vn 0.7973800687784246 0.5867689693550087 0.14102199302582533
vn 0.8643993064275236 0.4151112103211663 0.28371909014606794
vn 0.8694396014819836 0.49087679362640135 0.05580997091840304
vn 0.7973800687784246 0.5867689693550087 0.14102199302582533
vn 0.2518691049536563 0.7120112570405074 -0.655440251905115
vn 0.3470099880260703 0.6151521230490591 -0.7079349784537996
vn 0.2770279738761657 0.5961060678526019 -0.7536000647288822
vn 0.38929516442379586 -0.515191162789952 -0.7635622703744515
vn 0.2770279738761657 0.5961060678526019 -0.7536000647288822
vn 0.3470099880260703 0.6151521230490591 -0.7079349784537996
vn 0.18280611652912632 0.794346325556098 -0.5793063428230916
vn 0.2518691049536563 0.7120112570405074 -0.655440251905115
vn 0.2770279738761657 0.5961060678526019 -0.7536000647288822
vn 0.29092401372185117 0.8356720835641409 -0.4658491032421717
vn 0.3470099880260703 0.6151521230490591 -0.7079349784537996
vn 0.2518691049536563 0.7120112570405074 -0.655440251905115
vn 0.5143250196304944 0.6243640147171224 -0.5879110062827607
vn 0.38929516442379586 -0.515191162789952 -0.7635622703744515
vn 0.3470099880260703 0.6151521230490591 -0.7079349784537996
vn 0.29092401372185117 0.8356720835641409 -0.4658491032421717
vn 0.5143250196304944 0.6243640147171224 -0.5879110062827607
vn 0.3470099880260703 0.6151521230490591 -0.7079349784537996
vn 0.07458300041917605 0.9103540058147052 -0.40705400151035587
vn 0.2518691049536563 0.7120112570405074 -0.655440251905115
vn 0.18280611652912632 0.794346325556098 -0.5793063428230916
vn 0.07458300041917605 0.9103540058147052 -0.40705400151035587
vn 0.29092401372185117 0.8356720835641409 -0.4658491032421717
vn 0.2518691049536563 0.7120112570405074 -0.655440251905115
vn 0.13931397981277788 0.9374277109421923 -0.3190938761342912
vn 0.18280611652912632 0.794346325556098 -0.5793063428230916
vn 0.2567188777273519 0.8652167038249042 -0.43069185416115874
vn 0.0418560051213055 0.8792711169804865 -0.47447905926307515
vn 0.18280611652912632 0.794346325556098 -0.5793063428230916
vn 0.13931397981277788 0.9374277109421923 -0.3190938761342912
vn 0.07458300041917605 0.9103540058147052 -0.40705400151035587
vn 0.18280611652912632 0.794346325556098 -0.5793063428230916
vn 0.0418560051213055 0.8792711169804865 -0.47447905926307515
vn 0.40145617890836865 0.9108113604380658 0.09620603990005869
vn 0.2567188777273519 0.8652167038249042 -0.43069185416115874
vn 0.5267600610043389 0.8396641565487283 -0.13224198402178394
vn 0.13931397981277788 0.9374277109421923 -0.3190938761342912
vn 0.2567188777273519 0.8652167038249042 -0.43069185416115874
vn 0.40145617890836865 0.9108113604380658 0.09620603990005869
vn 0.40145617890836865 0.9108113604380658 0.09620603990005869
vn 0.5267600610043389 0.8396641565487283 -0.13224198402178394
vn 0.5706868701590188 0.8172247911142708 0.08037497755109912
vn 0.6114382030755048 0.7701732964918139 0.1815941000989027
vn 0.5706868701590188 0.8172247911142708 0.08037497755109912
vn 0.7644010962033917 0.6279159932006931 0.14633000241180832
vn 0.4894360861827896 0.855792217745774 0.16754700113055732
vn 0.5706868701590188 0.8172247911142708 0.08037497755109912
vn 0.6114382030755048 0.7701732964918139 0.1815941000989027
vn 0.31499385968827415 0.9427377326126033 0.10965598874266454
vn 0.40145617890836865 0.9108113604380658 0.09620603990005869
vn 0.5706868701590188 0.8172247911142708 0.08037497755109912
vn 0.4894360861827896 0.855792217745774 0.16754700113055732
vn 0.31499385968827415 0.9427377326126033 0.10965598874266454
vn 0.5706868701590188 0.8172247911142708 0.08037497755109912
vn 0.8347142413506243 0.5257911949809992 0.16369408836883595
vn 0.7956384716911019 0.5916237012343444 0.1301568995590432
vn 0.7644010962033917 0.6279159932006931 0.14633000241180832
vn 0.8908689124101945 0.3465119938007799 0.2937380109098676
vn 0.8347142413506243 0.5257911949809992 0.16369408836883595
vn 0.7644010962033917 0.6279159932006931 0.14633000241180832
vn 0.8694396014819836 0.49087679362640135 0.05580997091840304
vn 0.8908689124101945 0.3465119938007799 0.2937380109098676
vn 0.7644010962033917 0.6279159932006931 0.14633000241180832
vn 0.8908689124101945 0.3465119938007799 0.2937380109098676
vn 0.7956384716911019 0.5916237012343444 0.1301568995590432
vn 0.8347142413506243 0.5257911949809992 0.16369408836883595
vn 0.8745352309061606 0.3764681042247178 0.305712113605849
vn 0.7956384716911019 0.5916237012343444 0.1301568995590432
vn 0.8908689124101945 0.3465119938007799 0.2937380109098676
vn 0.8840840869760201 0.42660008967552043 0.1908079941842447
vn 0.7956384716911019 0.5916237012343444 0.1301568995590432
vn 0.8745352309061606 0.3764681042247178 0.305712113605849
vn 0.8643993064275236 0.4151112103211663 0.28371909014606794
vn 0.8908689124101945 0.3465119938007799 0.2937380109098676
vn 0.8694396014819836 0.49087679362640135 0.05580997091840304
vn 0.8745352309061606 0.3764681042247178 0.305712113605849
vn 0.8908689124101945 0.3465119938007799 0.2937380109098676
vn 0.8810747943964394 0.25707888842767246 0.397010896329136
vn 0.9333339986702387 0.2758019881438745 0.22982800147525276
vn 0.8745352309061606 0.3764681042247178 0.305712113605849
vn 0.8810747943964394 0.25707888842767246 0.397010896329136
vn 0.9372542354428255 0.16397398902027577 0.30768007584057677
vn 0.9333339986702387 0.2758019881438745 0.22982800147525276
vn 0.8810747943964394 0.25707888842767246 0.397010896329136
vn 0.8840840869760201 0.42660008967552043 0.1908079941842447
vn 0.8745352309061606 0.3764681042247178 0.305712113605849
vn 0.9333339986702387 0.2758019881438745 0.22982800147525276
vn -0.07331499060432928 0.9924527281906064 0.09829798807559308
vn -0.013497008230476603 0.9985073781522336 0.052923024709277684
vn -0.07696996741151414 0.9968745257363328 0.01779899027001011
vn -0.13287099404931005 0.9901673204366485 0.04374901689930445
vn -0.07696996741151414 0.9968745257363328 0.01779899027001011
vn -0.013497008230476603 0.9985073781522336 0.052923024709277684
vn -0.007240996729677098 0.9999274610905831 0.009624994716951033
vn -0.07331499060432928 0.9924527281906064 0.09829798807559308
vn -0.07696996741151414 0.9968745257363328 0.01779899027001011
vn -0.18173507962110236 0.9794823113321802 -0.0871020242157536
vn -0.007240996729677098 0.9999274610905831 0.009624994716951033
vn -0.07696996741151414 0.9968745257363328 0.01779899027001011
vn -0.2175139744897139 0.9755711304169815 -0.03080000647111835
vn -0.18173507962110236 0.9794823113321802 -0.0871020242157536
vn -0.07696996741151414 0.9968745257363328 0.01779899027001011
vn -0.09873503640260738 0.9885514422547084 0.11409399021294643
vn -0.2175139744897139 0.9755711304169815 -0.03080000647111835
vn -0.07696996741151414 0.9968745257363328 0.01779899027001011
vn -0.1525899952910749 0.9869478210159576 0.05148098609120467
vn -0.07696996741151414 0.9968745257363328 0.01779899027001011
vn -0.020253998343718858 0.9997940853252174 -0.001249999921760308
vn -0.13287099404931005 0.9901673204366485 0.04374901689930445
vn -0.020253998343718858 0.9997940853252174 -0.001249999921760308
vn -0.07696996741151414 0.9968745257363328 0.01779899027001011
vn -0.1525899952910749 0.9869478210159576 0.05148098609120467
vn -0.09873503640260738 0.9885514422547084 0.11409399021294643
vn -0.07696996741151414 0.9968745257363328 0.01779899027001011
vn -0.13287099404931005 0.9901673204366485 0.04374901689930445
vn -0.013497008230476603 0.9985073781522336 0.052923024709277684
vn -0.07331499060432928 0.9924527281906064 0.09829798807559308
vn 0.15263591149490968 0.9856095320347571 0.07263696637625376
vn 0.14248101240457187 0.982311279995285 0.12150600930897555
vn -0.07331499060432928 0.9924527281906064 0.09829798807559308
vn 0.012277000042960215 0.9915553050777253 0.1291021000687621
vn -0.07331499060432928 0.9924527281906064 0.09829798807559308
vn 0.14248101240457187 0.982311279995285 0.12150600930897555
vn -0.035246010337138846 0.9974672047568286 -0.06178101803882365
vn 0.15263591149490968 0.9856095320347571 0.07263696637625376
vn -0.07331499060432928 0.9924527281906064 0.09829798807559308
vn -0.007240996729677098 0.9999274610905831 0.009624994716951033
vn -0.035246010337138846 0.9974672047568286 -0.06178101803882365
vn -0.07331499060432928 0.9924527281906064 0.09829798807559308
vn -0.16632898558427014 0.9775489527924592 0.12935499004241713
vn -0.07331499060432928 0.9924527281906064 0.09829798807559308
vn 0.012277000042960215 0.9915553050777253 0.1291021000687621
vn -0.3219800044206385 0.9405800246650944 0.10787999793426135
vn -0.13287099404931005 0.9901673204366485 0.04374901689930445
vn -0.07331499060432928 0.9924527281906064 0.09829798807559308
vn -0.16632898558427014 0.9775489527924592 0.12935499004241713
vn -0.3219800044206385 0.9405800246650944 0.10787999793426135
vn -0.07331499060432928 0.9924527281906064 0.09829798807559308
vn 0.15263591149490968 0.9856095320347571 0.07263696637625376
vn 0.25958199202124943 0.9600559297194472 0.10444999391482926
vn 0.14248101240457187 0.982311279995285 0.12150600930897555
vn 0.19992790705907088 0.9725255299342477 0.11925990778585428
vn 0.14248101240457187 0.982311279995285 0.12150600930897555
vn 0.25958199202124943 0.9600559297194472 0.10444999391482926
vn 0.19992790705907088 0.9725255299342477 0.11925990778585428
vn 0.012277000042960215 0.9915553050777253 0.1291021000687621
vn 0.14248101240457187 0.982311279995285 0.12150600930897555
vn 0.0018459999836209842 0.9848049951201536 -0.1736540062032975
vn 0.25958199202124943 0.9600559297194472 0.10444999391482926
vn 0.15263591149490968 0.9856095320347571 0.07263696637625376
vn 0.19992790705907088 0.9725255299342477 0.11925990778585428
vn 0.25958199202124943 0.9600559297194472 0.10444999391482926
vn 0.40145617890836865 0.9108113604380658 0.09620603990005869
vn 0.13931397981277788 0.9374277109421923 -0.3190938761342912
vn 0.40145617890836865 0.9108113604380658 0.09620603990005869
vn 0.25958199202124943 0.9600559297194472 0.10444999391482926
vn 0.13931397981277788 0.9374277109421923 -0.3190938761342912
vn 0.25958199202124943 0.9600559297194472 0.10444999391482926
vn 0.0018459999836209842 0.9848049951201536 -0.1736540062032975
vn 0.0018459999836209842 0.9848049951201536 -0.1736540062032975
vn 0.15263591149490968 0.9856095320347571 0.07263696637625376
vn -0.035246010337138846 0.9974672047568286 -0.06178101803882365
vn -0.18173507962110236 0.9794823113321802 -0.0871020242157536
vn -0.035246010337138846 0.9974672047568286 -0.06178101803882365
vn -0.007240996729677098 0.9999274610905831 0.009624994716951033
vn -0.11253298555182235 0.9753957658620831 -0.1895769688045296
vn 0.0018459999836209842 0.9848049951201536 -0.1736540062032975
vn -0.035246010337138846 0.9974672047568286 -0.06178101803882365
vn -0.18173507962110236 0.9794823113321802 -0.0871020242157536
vn -0.11253298555182235 0.9753957658620831 -0.1895769688045296
vn -0.035246010337138846 0.9974672047568286 -0.06178101803882365
vn 0.31499385968827415 0.9427377326126033 0.10965598874266454
vn 0.19992790705907088 0.9725255299342477 0.11925990778585428
vn 0.40145617890836865 0.9108113604380658 0.09620603990005869
vn 0.07043697514265283 0.9941256997413729 0.08217496970780776
vn 0.012277000042960215 0.9915553050777253 0.1291021000687621
vn 0.19992790705907088 0.9725255299342477 0.11925990778585428
vn -0.07441295513824124 0.994095481632117 0.07897395460658986
vn -0.16632898558427014 0.9775489527924592 0.12935499004241713
vn 0.012277000042960215 0.9915553050777253 0.1291021000687621
vn 0.07043697514265283 0.9941256997413729 0.08217496970780776
vn -0.07441295513824124 0.994095481632117 0.07897395460658986
vn 0.012277000042960215 0.9915553050777253 0.1291021000687621
vn 0.1311299943118847 0.9909126111403493 0.029951989496190958
vn 0.19992790705907088 0.9725255299342477 0.11925990778585428
vn 0.31499385968827415 0.9427377326126033 0.10965598874266454
vn 0.07043697514265283 0.9941256997413729 0.08217496970780776
vn 0.19992790705907088 0.9725255299342477 0.11925990778585428
vn 0.07174900299352281 0.9943800146066438 0.077849002050934
vn 0.06429502227996586 0.9926692627323096 0.10234199986570351
vn 0.07174900299352281 0.9943800146066438 0.077849002050934
vn 0.19992790705907088 0.9725255299342477 0.11925990778585428
vn 0.1311299943118847 0.9909126111403493 0.029951989496190958
vn 0.06429502227996586 0.9926692627323096 0.10234199986570351
vn 0.19992790705907088 0.9725255299342477 0.11925990778585428
vn 0.3732009180966145 0.9249427334556451 0.07212499261312653
vn 0.31499385968827415 0.9427377326126033 0.10965598874266454
vn 0.4894360861827896 0.855792217745774 0.16754700113055732
vn 0.14240688760502218 0.9886504441817475 0.04785997891645873
vn 0.31499385968827415 0.9427377326126033 0.10965598874266454
vn 0.3732009180966145 0.9249427334556451 0.07212499261312653
vn 0.09073894572636199 0.9946754465583182 0.0488589781153715
vn 0.1311299943118847 0.9909126111403493 0.029951989496190958
vn 0.31499385968827415 0.9427377326126033 0.10965598874266454
vn 0.14240688760502218 0.9886504441817475 0.04785997891645873
vn 0.09073894572636199 0.9946754465583182 0.0488589781153715
vn 0.31499385968827415 0.9427377326126033 0.10965598874266454
vn -0.012621008553441431 0.9307473035910627 -0.36544516278240674
vn 0.13931397981277788 0.9374277109421923 -0.3190938761342912
vn 0.0018459999836209842 0.9848049951201536 -0.1736540062032975
vn -0.05606397176332632 0.9644395641980908 -0.2582889042903657
vn -0.012621008553441431 0.9307473035910627 -0.36544516278240674
vn 0.0018459999836209842 0.9848049951201536 -0.1736540062032975
vn -0.11253298555182235 0.9753957658620831 -0.1895769688045296
vn -0.05606397176332632 0.9644395641980908 -0.2582889042903657
vn 0.0018459999836209842 0.9848049951201536 -0.1736540062032975
vn -0.012621008553441431 0.9307473035910627 -0.36544516278240674
vn 0.0418560051213055 0.8792711169804865 -0.47447905926307515
vn 0.13931397981277788 0.9374277109421923 -0.3190938761342912
vn 0.07458300041917605 0.9103540058147052 -0.40705400151035587
vn 0.0418560051213055 0.8792711169804865 -0.47447905926307515
vn -0.012621008553441431 0.9307473035910627 -0.36544516278240674
vn 0.07458300041917605 0.9103540058147052 -0.40705400151035587
vn -0.012621008553441431 0.9307473035910627 -0.36544516278240674
vn -0.05606397176332632 0.9644395641980908 -0.2582889042903657
vn -0.07257199392498394 0.9784289331686435 -0.19341698073391111
vn -0.05606397176332632 0.9644395641980908 -0.2582889042903657
vn -0.11253298555182235 0.9753957658620831 -0.1895769688045296
vn -0.019245999990800716 0.9656211329549745 -0.2592400799936335
vn 0.07458300041917605 0.9103540058147052 -0.40705400151035587
vn -0.05606397176332632 0.9644395641980908 -0.2582889042903657
vn -0.07257199392498394 0.9784289331686435 -0.19341698073391111
vn -0.019245999990800716 0.9656211329549745 -0.2592400799936335
vn -0.05606397176332632 0.9644395641980908 -0.2582889042903657
vn -0.07492995878077124 0.994214597581469 -0.0769599586345364
vn -0.11253298555182235 0.9753957658620831 -0.1895769688045296
vn -0.18173507962110236 0.9794823113321802 -0.0871020242157536
vn -0.07492995878077124 0.994214597581469 -0.0769599586345364
vn -0.07257199392498394 0.9784289331686435 -0.19341698073391111
vn -0.11253298555182235 0.9753957658620831 -0.1895769688045296
vn -0.2175139744897139 0.9755711304169815 -0.03080000647111835
vn -0.25357504594137686 0.9642501715714523 -0.07695000130119173
vn -0.18173507962110236 0.9794823113321802 -0.0871020242157536
vn -0.08211197483053817 0.9959397643945741 -0.03689999034023796
vn -0.18173507962110236 0.9794823113321802 -0.0871020242157536
vn -0.25357504594137686 0.9642501715714523 -0.07695000130119173
vn -0.08211197483053817 0.9959397643945741 -0.03689999034023796
vn -0.07492995878077124 0.994214597581469 -0.0769599586345364
vn -0.18173507962110236 0.9794823113321802 -0.0871020242157536
vn -0.2951759794517733 0.9543739508242208 -0.04518299616950879
vn -0.25357504594137686 0.9642501715714523 -0.07695000130119173
vn -0.2175139744897139 0.9755711304169815 -0.03080000647111835
vn -0.2951759794517733 0.9543739508242208 -0.04518299616950879
vn -0.23648688054226083 0.9715364500552046 -0.01381598876379802
vn -0.25357504594137686 0.9642501715714523 -0.07695000130119173
vn -0.08211197483053817 0.9959397643945741 -0.03689999034023796
vn -0.25357504594137686 0.9642501715714523 -0.07695000130119173
vn -0.23648688054226083 0.9715364500552046 -0.01381598876379802
vn -0.09873503640260738 0.9885514422547084 0.11409399021294643
vn -0.2951759794517733 0.9543739508242208 -0.04518299616950879
vn -0.2175139744897139 0.9755711304169815 -0.03080000647111835
vn -0.1525899952910749 0.9869478210159576 0.05148098609120467
vn -0.020253998343718858 0.9997940853252174 -0.001249999921760308
vn -0.1052540021934654 0.9907369043769643 0.0858019890667345
vn -0.13287099404931005 0.9901673204366485 0.04374901689930445
vn -0.1052540021934654 0.9907369043769643 0.0858019890667345
vn -0.020253998343718858 0.9997940853252174 -0.001249999921760308
vn -0.27721998178400353 0.9510287244564705 0.1367239809191338
vn -0.1525899952910749 0.9869478210159576 0.05148098609120467
vn -0.1052540021934654 0.9907369043769643 0.0858019890667345
vn -0.07960698224275346 0.990304821447762 0.113837994516409
vn -0.27721998178400353 0.9510287244564705 0.1367239809191338
vn -0.1052540021934654 0.9907369043769643 0.0858019890667345
vn -0.13287099404931005 0.9901673204366485 0.04374901689930445
vn -0.07960698224275346 0.990304821447762 0.113837994516409
vn -0.1052540021934654 0.9907369043769643 0.0858019890667345
vn -0.2951759794517733 0.9543739508242208 -0.04518299616950879
vn -0.30670086339092917 0.9515766417845841 -0.020891989020478893
vn -0.23648688054226083 0.9715364500552046 -0.01381598876379802
vn -0.08211197483053817 0.9959397643945741 -0.03689999034023796
vn -0.23648688054226083 0.9715364500552046 -0.01381598876379802
vn -0.30670086339092917 0.9515766417845841 -0.020891989020478893
vn -0.3143360372965661 0.9487762609902597 0.03188200492494603
vn -0.30670086339092917 0.9515766417845841 -0.020891989020478893
vn -0.2951759794517733 0.9543739508242208 -0.04518299616950879
vn -0.2237059802996278 0.9746429948841812 0.005164000520582839
vn -0.08211197483053817 0.9959397643945741 -0.03689999034023796
vn -0.30670086339092917 0.9515766417845841 -0.020891989020478893
vn -0.23626307337765104 0.9676323785016694 0.08869802835096573
vn -0.2237059802996278 0.9746429948841812 0.005164000520582839
vn -0.30670086339092917 0.9515766417845841 -0.020891989020478893
vn -0.40169492222660613 0.892149749865688 0.20666401058711428
vn -0.23626307337765104 0.9676323785016694 0.08869802835096573
vn -0.30670086339092917 0.9515766417845841 -0.020891989020478893
vn -0.3531879666544186 0.929333816271529 0.10768898803830132
vn -0.40169492222660613 0.892149749865688 0.20666401058711428
vn -0.30670086339092917 0.9515766417845841 -0.020891989020478893
vn -0.34272111400743244 0.9319104211429671 0.11868110624123038
vn -0.3531879666544186 0.929333816271529 0.10768898803830132
vn -0.30670086339092917 0.9515766417845841 -0.020891989020478893
vn -0.3143360372965661 0.9487762609902597 0.03188200492494603
vn -0.34272111400743244 0.9319104211429671 0.11868110624123038
vn -0.30670086339092917 0.9515766417845841 -0.020891989020478893
vn -0.3143360372965661 0.9487762609902597 0.03188200492494603
vn -0.2951759794517733 0.9543739508242208 -0.04518299616950879
vn -0.09873503640260738 0.9885514422547084 0.11409399021294643
vn -0.27721998178400353 0.9510287244564705 0.1367239809191338
vn -0.09873503640260738 0.9885514422547084 0.11409399021294643
vn -0.1525899952910749 0.9869478210159576 0.05148098609120467
vn -0.15333401612651773 0.9807457336831428 0.12094000727975272
vn -0.09873503640260738 0.9885514422547084 0.11409399021294643
vn -0.27721998178400353 0.9510287244564705 0.1367239809191338
vn -0.24186388936620568 0.9063346344313998 0.3464958721987215
vn -0.09873503640260738 0.9885514422547084 0.11409399021294643
vn -0.15333401612651773 0.9807457336831428 0.12094000727975272
vn -0.31680806199431194 0.8309601026097512 0.45731603921817576
vn -0.09873503640260738 0.9885514422547084 0.11409399021294643
vn -0.24186388936620568 0.9063346344313998 0.3464958721987215
vn -0.31680806199431194 0.8309601026097512 0.45731603921817576
vn -0.3143360372965661 0.9487762609902597 0.03188200492494603
vn -0.09873503640260738 0.9885514422547084 0.11409399021294643
vn -0.5040717496666136 0.6961987900859491 0.5110957991129443
vn -0.6151033813281475 0.4960243659111249 0.612868386116584
vn -0.5711057968029283 0.5448258100429997 0.6140057048343132
vn -0.3455990814566116 -0.5054621803461371 0.7906132171524047
vn -0.5711057968029283 0.5448258100429997 0.6140057048343132
vn -0.6151033813281475 0.4960243659111249 0.612868386116584
vn -0.4961931096993644 0.5684980735837175 0.6562029702908061
vn -0.5040717496666136 0.6961987900859491 0.5110957991129443
vn -0.5711057968029283 0.5448258100429997 0.6140057048343132
vn -0.43081986981678605 -0.5540878399412605 0.7123067495119468
vn -0.5711057968029283 0.5448258100429997 0.6140057048343132
vn -0.3455990814566116 -0.5054621803461371 0.7906132171524047
vn -0.6577537581954382 -0.11408099115270119 0.744543834194733
vn -0.5711057968029283 0.5448258100429997 0.6140057048343132
vn -0.43081986981678605 -0.5540878399412605 0.7123067495119468
vn -0.5752928048282644 -0.09611595818396147 0.8122806850437891
vn -0.4961931096993644 0.5684980735837175 0.6562029702908061
vn -0.5711057968029283 0.5448258100429997 0.6140057048343132
vn -0.6170200572954379 -0.10516299826449564 0.779889089993671
vn -0.5711057968029283 0.5448258100429997 0.6140057048343132
vn -0.6577537581954382 -0.11408099115270119 0.744543834194733
vn -0.5752928048282644 -0.09611595818396147 0.8122806850437891
vn -0.5711057968029283 0.5448258100429997 0.6140057048343132
vn -0.6170200572954379 -0.10516299826449564 0.779889089993671
vn -0.5040717496666136 0.6961987900859491 0.5110957991129443
vn -0.5763633350210503 0.5886402218560315 0.5668403613511432
vn -0.6151033813281475 0.4960243659111249 0.612868386116584
vn -0.3455990814566116 -0.5054621803461371 0.7906132171524047
vn -0.6151033813281475 0.4960243659111249 0.612868386116584
vn -0.5763633350210503 0.5886402218560315 0.5668403613511432
vn -0.5040717496666136 0.6961987900859491 0.5110957991129443
vn -0.4454317803733775 0.7746815958833403 0.4488417917630268
vn -0.5763633350210503 0.5886402218560315 0.5668403613511432
vn -0.37507419029101774 0.8441683852382093 0.3830131709769937
vn -0.5763633350210503 0.5886402218560315 0.5668403613511432
vn -0.4454317803733775 0.7746815958833403 0.4488417917630268
vn -0.2655580616056032 -0.1500580874037448 0.9523452558400262
vn -0.3455990814566116 -0.5054621803461371 0.7906132171524047
vn -0.5763633350210503 0.5886402218560315 0.5668403613511432
vn -0.2655580616056032 -0.1500580874037448 0.9523452558400262
vn -0.5763633350210503 0.5886402218560315 0.5668403613511432
vn -0.48140797324105955 0.5366629659935069 0.6929929467397106
vn -0.5596848055076442 0.6055458106749428 0.5657448096605896
vn -0.48140797324105955 0.5366629659935069 0.6929929467397106
vn -0.5763633350210503 0.5886402218560315 0.5668403613511432
vn -0.37507419029101774 0.8441683852382093 0.3830131709769937
vn -0.5596848055076442 0.6055458106749428 0.5657448096605896
vn -0.5763633350210503 0.5886402218560315 0.5668403613511432
vn -0.24186388936620568 0.9063346344313998 0.3464958721987215
vn -0.27721998178400353 0.9510287244564705 0.1367239809191338
vn -0.4454317803733775 0.7746815958833403 0.4488417917630268
vn -0.37507419029101774 0.8441683852382093 0.3830131709769937
vn -0.4454317803733775 0.7746815958833403 0.4488417917630268
vn -0.27721998178400353 0.9510287244564705 0.1367239809191338
vn -0.5040717496666136 0.6961987900859491 0.5110957991129443
vn -0.24186388936620568 0.9063346344313998 0.3464958721987215
vn -0.4454317803733775 0.7746815958833403 0.4488417917630268
vn -0.24186388936620568 0.9063346344313998 0.3464958721987215
vn -0.15333401612651773 0.9807457336831428 0.12094000727975272
vn -0.27721998178400353 0.9510287244564705 0.1367239809191338
vn -0.22340497537146722 0.9705978003885878 0.08961097510968861
vn -0.37507419029101774 0.8441683852382093 0.3830131709769937
vn -0.27721998178400353 0.9510287244564705 0.1367239809191338
vn -0.07960698224275346 0.990304821447762 0.113837994516409
vn -0.22340497537146722 0.9705978003885878 0.08961097510968861
vn -0.27721998178400353 0.9510287244564705 0.1367239809191338
vn -0.31680806199431194 0.8309601026097512 0.45731603921817576
vn -0.24186388936620568 0.9063346344313998 0.3464958721987215
vn -0.5040717496666136 0.6961987900859491 0.5110957991129443
vn -0.31680806199431194 0.8309601026097512 0.45731603921817576
vn -0.5040717496666136 0.6961987900859491 0.5110957991129443
vn -0.4961931096993644 0.5684980735837175 0.6562029702908061
vn 0.2104769028923368 -0.9682294624470585 0.13502289212696517
vn 0.24578909890869227 -0.9689133887460354 0.028188011038868806
vn 0.11994199562681798 -0.9877530407708341 0.099789018098321
vn 0.02157301061926138 -0.9997652670465528 0.002004001037006707
vn 0.11994199562681798 -0.9877530407708341 0.099789018098321
vn 0.24578909890869227 -0.9689133887460354 0.028188011038868806
vn -0.43081986981678605 -0.5540878399412605 0.7123067495119468
vn 0.2104769028923368 -0.9682294624470585 0.13502289212696517
vn 0.11994199562681798 -0.9877530407708341 0.099789018098321
vn -0.3684491749059433 -0.6947983416474741 0.6176572431009366
vn -0.43081986981678605 -0.5540878399412605 0.7123067495119468
vn 0.11994199562681798 -0.9877530407708341 0.099789018098321
vn 0.11312399009848159 -0.992830802785134 0.03859999877234215
vn 0.11994199562681798 -0.9877530407708341 0.099789018098321
vn 0.02157301061926138 -0.9997652670465528 0.002004001037006707
vn -0.3684491749059433 -0.6947983416474741 0.6176572431009366
vn 0.11994199562681798 -0.9877530407708341 0.099789018098321
vn 0.11312399009848159 -0.992830802785134 0.03859999877234215
vn 0.02157301061926138 -0.9997652670465528 0.002004001037006707
vn 0.24578909890869227 -0.9689133887460354 0.028188011038868806
vn 0.2104769028923368 -0.9682294624470585 0.13502289212696517
vn -0.43081986981678605 -0.5540878399412605 0.7123067495119468
vn -0.3455990814566116 -0.5054621803461371 0.7906132171524047
vn 0.2104769028923368 -0.9682294624470585 0.13502289212696517
vn 0.28571108753889723 -0.948490307876566 0.13687698974465226
vn 0.2104769028923368 -0.9682294624470585 0.13502289212696517
vn -0.3455990814566116 -0.5054621803461371 0.7906132171524047
vn 0.28571108753889723 -0.948490307876566 0.13687698974465226
vn 0.02157301061926138 -0.9997652670465528 0.002004001037006707
vn 0.2104769028923368 -0.9682294624470585 0.13502289212696517
vn 0.2584489116755808 -0.7592637321345733 0.5972627103032524
vn 0.28571108753889723 -0.948490307876566 0.13687698974465226
vn -0.3455990814566116 -0.5054621803461371 0.7906132171524047
vn 0.2584489116755808 -0.7592637321345733 0.5972627103032524
vn -0.3455990814566116 -0.5054621803461371 0.7906132171524047
vn -0.2655580616056032 -0.1500580874037448 0.9523452558400262
vn -0.3684491749059433 -0.6947983416474741 0.6176572431009366
vn -0.4961931096993644 0.5684980735837175 0.6562029702908061
vn -0.43081986981678605 -0.5540878399412605 0.7123067495119468
vn -0.5752928048282644 -0.09611595818396147 0.8122806850437891
vn -0.43081986981678605 -0.5540878399412605 0.7123067495119468
vn -0.4961931096993644 0.5684980735837175 0.6562029702908061
vn -0.6170200572954379 -0.10516299826449564 0.779889089993671
vn -0.6577537581954382 -0.11408099115270119 0.744543834194733
vn -0.43081986981678605 -0.5540878399412605 0.7123067495119468
vn -0.5752928048282644 -0.09611595818396147 0.8122806850437891
vn -0.6170200572954379 -0.10516299826449564 0.779889089993671
vn -0.43081986981678605 -0.5540878399412605 0.7123067495119468
vn -0.0027140010786546867 -0.999468375380816 0.032490010953784176
vn 0.02157301061926138 -0.9997652670465528 0.002004001037006707
vn -0.0006489999963772312 -0.9999995265868952 0.0007249999932623463
vn 0.007770996405152715 -0.9999696434661866 0.0005689999812525267
vn -0.0006489999963772312 -0.9999995265868952 0.0007249999932623463
vn 0.02157301061926138 -0.9997652670465528 0.002004001037006707
vn -0.5576171477198657 -0.5646931133759423 0.6084281422440507
vn -0.0027140010786546867 -0.999468375380816 0.032490010953784176
vn -0.0006489999963772312 -0.9999995265868952 0.0007249999932623463
vn -0.43656706313275506 -0.7973640522105027 0.41667705435995345
vn -0.5576171477198657 -0.5646931133759423 0.6084281422440507
vn -0.0006489999963772312 -0.9999995265868952 0.0007249999932623463
vn -0.0074309994565843395 -0.9999509311234839 0.006550999340086883
vn -0.43656706313275506 -0.7973640522105027 0.41667705435995345
vn -0.0006489999963772312 -0.9999995265868952 0.0007249999932623463
vn 0.00892600219893059 -0.9999423052810641 0.005976001500678943
vn -0.0074309994565843395 -0.9999509311234839 0.006550999340086883
vn -0.0006489999963772312 -0.9999995265868952 0.0007249999932623463
vn 0.007770996405152715 -0.9999696434661866 0.0005689999812525267
vn 0.00892600219893059 -0.9999423052810641 0.005976001500678943
vn -0.0006489999963772312 -0.9999995265868952 0.0007249999932623463
vn 0.3960618100451777 -0.9160215904932822 0.06355696951471909
vn 0.5406990998345607 -0.8286201578400212 0.145027988537641
vn 0.02157301061926138 -0.9997652670465528 0.002004001037006707
vn 0.010533990542288978 -0.99994053391446 0.0028219989581366304
vn 0.02157301061926138 -0.9997652670465528 0.002004001037006707
vn 0.5406990998345607 -0.8286201578400212 0.145027988537641
vn 0.28571108753889723 -0.948490307876566 0.13687698974465226
vn 0.3960618100451777 -0.9160215904932822 0.06355696951471909
vn 0.02157301061926138 -0.9997652670465528 0.002004001037006707
vn 0.07924803899158893 -0.996048341131455 0.040093022401213374
vn 0.11312399009848159 -0.992830802785134 0.03859999877234215
vn 0.02157301061926138 -0.9997652670465528 0.002004001037006707
vn 0.07403202311864228 -0.9972483050173397 -0.003883000515546956
vn 0.07924803899158893 -0.996048341131455 0.040093022401213374
vn 0.02157301061926138 -0.9997652670465528 0.002004001037006707
vn 0.011640989464065773 -0.9988255505755943 0.04703197722463335
vn 0.07403202311864228 -0.9972483050173397 -0.003883000515546956
vn 0.02157301061926138 -0.9997652670465528 0.002004001037006707
vn -0.0027140010786546867 -0.999468375380816 0.032490010953784176
vn 0.011640989464065773 -0.9988255505755943 0.04703197722463335
vn 0.02157301061926138 -0.9997652670465528 0.002004001037006707
vn 0.007770996405152715 -0.9999696434661866 0.0005689999812525267
vn 0.02157301061926138 -0.9997652670465528 0.002004001037006707
vn 0.010533990542288978 -0.99994053391446 0.0028219989581366304
vn 0.781948122278891 -0.5858371502615836 0.21296001370657222
vn 0.8306639670653257 -0.4331429836227514 0.34983500333396617
vn 0.5406990998345607 -0.8286201578400212 0.145027988537641
vn 0.6026711204547279 -0.7270192314011817 0.32898412992525594
vn 0.5406990998345607 -0.8286201578400212 0.145027988537641
vn 0.8306639670653257 -0.4331429836227514 0.34983500333396617
vn 0.7573659696102796 -0.5679749606511544 0.3221819860724692
vn 0.781948122278891 -0.5858371502615836 0.21296001370657222
vn 0.5406990998345607 -0.8286201578400212 0.145027988537641
vn 0.534614910451633 -0.8350998600493996 0.12959599248536044
vn 0.7573659696102796 -0.5679749606511544 0.3221819860724692
vn 0.5406990998345607 -0.8286201578400212 0.145027988537641
vn 0.3960618100451777 -0.9160215904932822 0.06355696951471909
vn 0.534614910451633 -0.8350998600493996 0.12959599248536044
vn 0.5406990998345607 -0.8286201578400212 0.145027988537641
vn 0.6026711204547279 -0.7270192314011817 0.32898412992525594
vn 0.027844998824758067 -0.9994889367503524 0.01570099850643249
vn 0.5406990998345607 -0.8286201578400212 0.145027988537641
vn 0.010533990542288978 -0.99994053391446 0.0028219989581366304
vn 0.5406990998345607 -0.8286201578400212 0.145027988537641
vn 0.027844998824758067 -0.9994889367503524 0.01570099850643249
vn 0.8664268420148468 -0.07722498837293804 0.4932958834279682
vn 0.8685727540111002 -0.1145450002668091 0.4821419022481342
vn 0.8306639670653257 -0.4331429836227514 0.34983500333396617
vn 0.7769256685238437 -0.40705388024831946 0.48030578193851203
vn 0.8306639670653257 -0.4331429836227514 0.34983500333396617
vn 0.8685727540111002 -0.1145450002668091 0.4821419022481342
vn 0.8298492005129103 -0.09500003180528317 0.5498411573946416
vn 0.8664268420148468 -0.07722498837293804 0.4932958834279682
vn 0.8306639670653257 -0.4331429836227514 0.34983500333396617
vn 0.847448000434778 -0.14501600122577174 0.510688012339808
vn 0.8298492005129103 -0.09500003180528317 0.5498411573946416
vn 0.8306639670653257 -0.4331429836227514 0.34983500333396617
vn 0.8563053055588761 -0.19637909631799327 0.47767821198066807
vn 0.847448000434778 -0.14501600122577174 0.510688012339808
vn 0.8306639670653257 -0.4331429836227514 0.34983500333396617
vn 0.8722771756022965 -0.2617310807742001 0.41307308104020735
vn 0.8563053055588761 -0.19637909631799327 0.47767821198066807
vn 0.8306639670653257 -0.4331429836227514 0.34983500333396617
vn 0.8819253839814221 -0.31994610296014786 0.34618218944630264
vn 0.8722771756022965 -0.2617310807742001 0.41307308104020735
vn 0.8306639670653257 -0.4331429836227514 0.34983500333396617
vn 0.781948122278891 -0.5858371502615836 0.21296001370657222
vn 0.8819253839814221 -0.31994610296014786 0.34618218944630264
vn 0.8306639670653257 -0.4331429836227514 0.34983500333396617
vn 0.7769256685238437 -0.40705388024831946 0.48030578193851203
vn 0.6026711204547279 -0.7270192314011817 0.32898412992525594
vn 0.8306639670653257 -0.4331429836227514 0.34983500333396617
vn 0.7977691112414976 -0.04029599858622319 0.6016150576962731
vn 0.8685727540111002 -0.1145450002668091 0.4821419022481342
vn 0.8664268420148468 -0.07722498837293804 0.4932958834279682
vn 0.8536123163345228 -0.27370810912765425 0.443204111442769
vn 0.7769256685238437 -0.40705388024831946 0.48030578193851203
vn 0.8685727540111002 -0.1145450002668091 0.4821419022481342
vn 0.8536123163345228 -0.27370810912765425 0.443204111442769
vn 0.8685727540111002 -0.1145450002668091 0.4821419022481342
vn 0.7228919826834743 -0.03242199851429185 0.6901999676791464
vn 0.7977691112414976 -0.04029599858622319 0.6016150576962731
vn 0.7228919826834743 -0.03242199851429185 0.6901999676791464
vn 0.8685727540111002 -0.1145450002668091 0.4821419022481342
vn 0.5202501566822294 -0.07163501662615306 0.851004229639951
vn 0.8664268420148468 -0.07722498837293804 0.4932958834279682
vn 0.8298492005129103 -0.09500003180528317 0.5498411573946416
vn 0.8539631392789522 -0.013040999011488029 0.5201700578634061
vn 0.7977691112414976 -0.04029599858622319 0.6016150576962731
vn 0.8664268420148468 -0.07722498837293804 0.4932958834279682
vn 0.5435730725394166 -0.013993999690270459 0.8392451863327707
vn 0.8539631392789522 -0.013040999011488029 0.5201700578634061
vn 0.8664268420148468 -0.07722498837293804 0.4932958834279682
vn 0.5202501566822294 -0.07163501662615306 0.851004229639951
vn 0.5435730725394166 -0.013993999690270459 0.8392451863327707
vn 0.8664268420148468 -0.07722498837293804 0.4932958834279682
vn 0.5202501566822294 -0.07163501662615306 0.851004229639951
vn 0.8298492005129103 -0.09500003180528317 0.5498411573946416
vn 0.847448000434778 -0.14501600122577174 0.510688012339808
vn 0.5202501566822294 -0.07163501662615306 0.851004229639951
vn 0.847448000434778 -0.14501600122577174 0.510688012339808
vn 0.8563053055588761 -0.19637909631799327 0.47767821198066807
vn 0.5241489883567392 -0.17020900148473073 0.8344439668534838
vn 0.8563053055588761 -0.19637909631799327 0.47767821198066807
vn 0.8722771756022965 -0.2617310807742001 0.41307308104020735
vn 0.5241489883567392 -0.17020900148473073 0.8344439668534838
vn 0.5202501566822294 -0.07163501662615306 0.851004229639951
vn 0.8563053055588761 -0.19637909631799327 0.47767821198066807
vn 0.7165877236663987 -0.4038378007951472 0.5686976920469681
vn 0.8722771756022965 -0.2617310807742001 0.41307308104020735
vn 0.8819253839814221 -0.31994610296014786 0.34618218944630264
vn 0.7165877236663987 -0.4038378007951472 0.5686976920469681
vn 0.5241489883567392 -0.17020900148473073 0.8344439668534838
vn 0.8722771756022965 -0.2617310807742001 0.41307308104020735
vn 0.7165877236663987 -0.4038378007951472 0.5686976920469681
vn 0.8819253839814221 -0.31994610296014786 0.34618218944630264
vn 0.781948122278891 -0.5858371502615836 0.21296001370657222
vn 0.7165877236663987 -0.4038378007951472 0.5686976920469681
vn 0.781948122278891 -0.5858371502615836 0.21296001370657222
vn 0.7573659696102796 -0.5679749606511544 0.3221819860724692
vn 0.22779290934669733 -0.40141979840707337 0.8871147253304908
vn 0.7573659696102796 -0.5679749606511544 0.3221819860724692
vn 0.534614910451633 -0.8350998600493996 0.12959599248536044
vn 0.22779290934669733 -0.40141979840707337 0.8871147253304908
vn 0.7165877236663987 -0.4038378007951472 0.5686976920469681
vn 0.7573659696102796 -0.5679749606511544 0.3221819860724692
vn 0.2584489116755808 -0.7592637321345733 0.5972627103032524
vn 0.534614910451633 -0.8350998600493996 0.12959599248536044
vn 0.3960618100451777 -0.9160215904932822 0.06355696951471909
vn 0.2584489116755808 -0.7592637321345733 0.5972627103032524
vn 0.22779290934669733 -0.40141979840707337 0.8871147253304908
vn 0.534614910451633 -0.8350998600493996 0.12959599248536044
vn 0.2584489116755808 -0.7592637321345733 0.5972627103032524
vn 0.3960618100451777 -0.9160215904932822 0.06355696951471909
vn 0.28571108753889723 -0.948490307876566 0.13687698974465226
vn -0.3684491749059433 -0.6947983416474741 0.6176572431009366
vn 0.11312399009848159 -0.992830802785134 0.03859999877234215
vn 0.07924803899158893 -0.996048341131455 0.040093022401213374
vn 0.011640989464065773 -0.9988255505755943 0.04703197722463335
vn 0.07924803899158893 -0.996048341131455 0.040093022401213374
vn 0.07403202311864228 -0.9972483050173397 -0.003883000515546956
vn -0.3684491749059433 -0.6947983416474741 0.6176572431009366
vn 0.07924803899158893 -0.996048341131455 0.040093022401213374
vn 0.011640989464065773 -0.9988255505755943 0.04703197722463335
vn -0.5576171477198657 -0.5646931133759423 0.6084281422440507
vn 0.011640989464065773 -0.9988255505755943 0.04703197722463335
vn -0.0027140010786546867 -0.999468375380816 0.032490010953784176
vn -0.3684491749059433 -0.6947983416474741 0.6176572431009366
vn 0.011640989464065773 -0.9988255505755943 0.04703197722463335
vn -0.5576171477198657 -0.5646931133759423 0.6084281422440507
vn 0.402142996502494 -0.7968230147357414 0.45094799428696797
vn 0.027844998824758067 -0.9994889367503524 0.01570099850643249
vn 0.6026711204547279 -0.7270192314011817 0.32898412992525594
vn 0.00884299928332472 -0.9999519319161075 -0.004234999518231986
vn 0.010533990542288978 -0.99994053391446 0.0028219989581366304
vn 0.027844998824758067 -0.9994889367503524 0.01570099850643249
vn 0.006514000946549346 -0.9999480497405167 -0.007840000752918845
vn 0.027844998824758067 -0.9994889367503524 0.01570099850643249
vn 0.02907998773788579 -0.9980747361003929 0.05478298523533791
vn 0.402142996502494 -0.7968230147357414 0.45094799428696797
vn 0.02907998773788579 -0.9980747361003929 0.05478298523533791
vn 0.027844998824758067 -0.9994889367503524 0.01570099850643249
vn 0.006514000946549346 -0.9999480497405167 -0.007840000752918845
vn 0.00884299928332472 -0.9999519319161075 -0.004234999518231986
vn 0.027844998824758067 -0.9994889367503524 0.01570099850643249
vn 0.46716398146696586 -0.020065999303792176 0.8839429676692226
vn 0.6026711204547279 -0.7270192314011817 0.32898412992525594
vn 0.7769256685238437 -0.40705388024831946 0.48030578193851203
vn 0.46716398146696586 -0.020065999303792176 0.8839429676692226
vn 0.402142996502494 -0.7968230147357414 0.45094799428696797
vn 0.6026711204547279 -0.7270192314011817 0.32898412992525594
vn 0.8536123163345228 -0.27370810912765425 0.443204111442769
vn 0.7228919826834743 -0.03242199851429185 0.6901999676791464
vn 0.7769256685238437 -0.40705388024831946 0.48030578193851203
vn 0.46716398146696586 -0.020065999303792176 0.8839429676692226
vn 0.7769256685238437 -0.40705388024831946 0.48030578193851203
vn 0.7228919826834743 -0.03242199851429185 0.6901999676791464
vn 0.5711810847510295 0.02025799892396516 0.820574056318035
vn 0.46716398146696586 -0.020065999303792176 0.8839429676692226
vn 0.7228919826834743 -0.03242199851429185 0.6901999676791464
vn 0.7977691112414976 -0.04029599858622319 0.6016150576962731
vn 0.5711810847510295 0.02025799892396516 0.820574056318035
vn 0.7228919826834743 -0.03242199851429185 0.6901999676791464
vn 0.00884299928332472 -0.9999519319161075 -0.004234999518231986
vn 0.007770996405152715 -0.9999696434661866 0.0005689999812525267
vn 0.010533990542288978 -0.99994053391446 0.0028219989581366304
vn -0.6026236128222676 0.46999471812192944 0.6449416610876723
vn -0.6314417637354658 0.5816807670901228 0.5127658180964195
vn -0.5576171477198657 -0.5646931133759423 0.6084281422440507
vn -0.3684491749059433 -0.6947983416474741 0.6176572431009366
vn -0.5576171477198657 -0.5646931133759423 0.6084281422440507
vn -0.6314417637354658 0.5816807670901228 0.5127658180964195
vn -0.6391457518928482 0.48499986606973455 0.5968817619509457
vn -0.6026236128222676 0.46999471812192944 0.6449416610876723
vn -0.5576171477198657 -0.5646931133759423 0.6084281422440507
vn -0.7273103214983967 -0.11919308344684112 0.675879208956995
vn -0.6391457518928482 0.48499986606973455 0.5968817619509457
vn -0.5576171477198657 -0.5646931133759423 0.6084281422440507
vn -0.43656706313275506 -0.7973640522105027 0.41667705435995345
vn -0.7273103214983967 -0.11919308344684112 0.675879208956995
vn -0.5576171477198657 -0.5646931133759423 0.6084281422440507
vn -0.4987278194692055 0.7239398069142091 0.47663583378981195
vn -0.6314417637354658 0.5816807670901228 0.5127658180964195
vn -0.6026236128222676 0.46999471812192944 0.6449416610876723
vn -0.4740989760564259 0.8226338628052593 0.31385297301180126
vn -0.6314417637354658 0.5816807670901228 0.5127658180964195
vn -0.4987278194692055 0.7239398069142091 0.47663583378981195
vn -0.46936216588234825 0.5815322581066077 0.664469254382519
vn -0.6314417637354658 0.5816807670901228 0.5127658180964195
vn -0.4740989760564259 0.8226338628052593 0.31385297301180126
vn -0.3684491749059433 -0.6947983416474741 0.6176572431009366
vn -0.6314417637354658 0.5816807670901228 0.5127658180964195
vn -0.46936216588234825 0.5815322581066077 0.664469254382519
vn -0.4987278194692055 0.7239398069142091 0.47663583378981195
vn -0.6026236128222676 0.46999471812192944 0.6449416610876723
vn -0.6391457518928482 0.48499986606973455 0.5968817619509457
vn -0.5691349689216901 0.6578369259063654 0.49329095477676227
vn -0.6391457518928482 0.48499986606973455 0.5968817619509457
vn -0.7273103214983967 -0.11919308344684112 0.675879208956995
vn -0.5691349689216901 0.6578369259063654 0.49329095477676227
vn -0.6192522782202717 0.5566383248056528 0.5537873159224213
vn -0.6391457518928482 0.48499986606973455 0.5968817619509457
vn -0.4987278194692055 0.7239398069142091 0.47663583378981195
vn -0.6391457518928482 0.48499986606973455 0.5968817619509457
vn -0.6192522782202717 0.5566383248056528 0.5537873159224213
vn -0.6660531037149923 -0.48465204944923096 0.5669970493717633
vn -0.7273103214983967 -0.11919308344684112 0.675879208956995
vn -0.43656706313275506 -0.7973640522105027 0.41667705435995345
vn -0.733806942317266 0.600070943446461 0.31849997525629237
vn -0.5691349689216901 0.6578369259063654 0.49329095477676227
vn -0.7273103214983967 -0.11919308344684112 0.675879208956995
vn -0.6660531037149923 -0.48465204944923096 0.5669970493717633
vn -0.733806942317266 0.600070943446461 0.31849997525629237
vn -0.7273103214983967 -0.11919308344684112 0.675879208956995
vn -0.0074309994565843395 -0.9999509311234839 0.006550999340086883
vn -0.020898999894709912 -0.9996228932939455 0.01781300103975166
vn -0.43656706313275506 -0.7973640522105027 0.41667705435995345
vn -0.6660531037149923 -0.48465204944923096 0.5669970493717633
vn -0.43656706313275506 -0.7973640522105027 0.41667705435995345
vn -0.020898999894709912 -0.9996228932939455 0.01781300103975166
vn 0.00892600219893059 -0.9999423052810641 0.005976001500678943
vn -0.020898999894709912 -0.9996228932939455 0.01781300103975166
vn -0.0074309994565843395 -0.9999509311234839 0.006550999340086883
vn -0.6285767690490133 -0.5090548618982225 0.5880088375098498
vn -0.6660531037149923 -0.48465204944923096 0.5669970493717633
vn -0.020898999894709912 -0.9996228932939455 0.01781300103975166
vn 0.00892600219893059 -0.9999423052810641 0.005976001500678943
vn -0.00855300084136042 -0.9999460873578061 0.005888000885071342
vn -0.020898999894709912 -0.9996228932939455 0.01781300103975166
vn -0.6285767690490133 -0.5090548618982225 0.5880088375098498
vn -0.020898999894709912 -0.9996228932939455 0.01781300103975166
vn -0.00855300084136042 -0.9999460873578061 0.005888000885071342
vn -0.4987278194692055 0.7239398069142091 0.47663583378981195
vn -0.6192522782202717 0.5566383248056528 0.5537873159224213
vn -0.5691349689216901 0.6578369259063654 0.49329095477676227
vn -0.6032246213609288 0.7644146347149834 0.22757487211360278
vn -0.5691349689216901 0.6578369259063654 0.49329095477676227
vn -0.733806942317266 0.600070943446461 0.31849997525629237
vn -0.6032246213609288 0.7644146347149834 0.22757487211360278
vn -0.49874579926430357 0.7957295778599128 0.3436088861410543
vn -0.5691349689216901 0.6578369259063654 0.49329095477676227
vn -0.4987278194692055 0.7239398069142091 0.47663583378981195
vn -0.5691349689216901 0.6578369259063654 0.49329095477676227
vn -0.49874579926430357 0.7957295778599128 0.3436088861410543
vn -0.765321959504322 0.3581230274230008 0.534817908759467
vn -0.733806942317266 0.600070943446461 0.31849997525629237
vn -0.6660531037149923 -0.48465204944923096 0.5669970493717633
vn -0.6032246213609288 0.7644146347149834 0.22757487211360278
vn -0.733806942317266 0.600070943446461 0.31849997525629237
vn -0.6567791012268457 0.7119529743549454 0.24852399179717694
vn -0.7221850827561711 0.6312291241573296 0.2828400591501018
vn -0.6567791012268457 0.7119529743549454 0.24852399179717694
vn -0.733806942317266 0.600070943446461 0.31849997525629237
vn -0.765321959504322 0.3581230274230008 0.534817908759467
vn -0.7221850827561711 0.6312291241573296 0.2828400591501018
vn -0.733806942317266 0.600070943446461 0.31849997525629237
vn -0.7032827977485586 0.3163429011721974 0.6366478424285418
vn -0.6660531037149923 -0.48465204944923096 0.5669970493717633
vn -0.6285767690490133 -0.5090548618982225 0.5880088375098498
vn -0.765321959504322 0.3581230274230008 0.534817908759467
vn -0.6660531037149923 -0.48465204944923096 0.5669970493717633
vn -0.7032827977485586 0.3163429011721974 0.6366478424285418
vn 0.030992981663200893 -0.9975855552506497 -0.062148974592322624
vn 0.006514000946549346 -0.9999480497405167 -0.007840000752918845
vn 0.02907998773788579 -0.9980747361003929 0.05478298523533791
vn 0.402142996502494 -0.7968230147357414 0.45094799428696797
vn 0.2729769656229252 -0.6553378603655088 0.7042839377771277
vn 0.02907998773788579 -0.9980747361003929 0.05478298523533791
vn 0.00892600219893059 -0.9999423052810641 0.005976001500678943
vn -0.008600001821011392 -0.9999321907196093 0.007852001742329633
vn -0.00855300084136042 -0.9999460873578061 0.005888000885071342
vn -0.6285767690490133 -0.5090548618982225 0.5880088375098498
vn -0.00855300084136042 -0.9999460873578061 0.005888000885071342
vn -0.008600001821011392 -0.9999321907196093 0.007852001742329633
vn 0.00892600219893059 -0.9999423052810641 0.005976001500678943
vn -0.01174698941881693 -0.9998105045533917 0.015522990185085303
vn -0.008600001821011392 -0.9999321907196093 0.007852001742329633
vn -0.6285767690490133 -0.5090548618982225 0.5880088375098498
vn -0.008600001821011392 -0.9999321907196093 0.007852001742329633
vn -0.01174698941881693 -0.9998105045533917 0.015522990185085303
vn 0.017715011323389703 -0.9991274179699331 0.037823022546420705
vn -0.013356009155322583 -0.9918524272680501 0.12669009251681848
vn -0.01174698941881693 -0.9998105045533917 0.015522990185085303
vn -0.36994107619132816 -0.5142240989875924 0.7737681669381343
vn -0.01174698941881693 -0.9998105045533917 0.015522990185085303
vn -0.013356009155322583 -0.9918524272680501 0.12669009251681848
vn 0.00892600219893059 -0.9999423052810641 0.005976001500678943
vn 0.017715011323389703 -0.9991274179699331 0.037823022546420705
vn -0.01174698941881693 -0.9998105045533917 0.015522990185085303
vn -0.6285767690490133 -0.5090548618982225 0.5880088375098498
vn -0.01174698941881693 -0.9998105045533917 0.015522990185085303
vn -0.36994107619132816 -0.5142240989875924 0.7737681669381343
vn 0.09397403298665263 -0.5152301460909705 0.8518842513412845
vn -0.013356009155322583 -0.9918524272680501 0.12669009251681848
vn 0.017715011323389703 -0.9991274179699331 0.037823022546420705
vn -0.36994107619132816 -0.5142240989875924 0.7737681669381343
vn -0.013356009155322583 -0.9918524272680501 0.12669009251681848
vn 0.09397403298665263 -0.5152301460909705 0.8518842513412845
vn 0.5290399477799478 -0.5159789615545457 0.6737079819076532
vn 0.017715011323389703 -0.9991274179699331 0.037823022546420705
vn 0.00892600219893059 -0.9999423052810641 0.005976001500678943
vn 0.09397403298665263 -0.5152301460909705 0.8518842513412845
vn 0.017715011323389703 -0.9991274179699331 0.037823022546420705
vn 0.5290399477799478 -0.5159789615545457 0.6737079819076532
vn 0.8052301216274327 -0.5153110715996715 0.2933580588814087
vn 0.00892600219893059 -0.9999423052810641 0.005976001500678943
vn 0.007770996405152715 -0.9999696434661866 0.0005689999812525267
vn 0.5290399477799478 -0.5159789615545457 0.6737079819076532
vn 0.00892600219893059 -0.9999423052810641 0.005976001500678943
vn 0.8052301216274327 -0.5153110715996715 0.2933580588814087
vn 0.8327818325258207 -0.5288258293308483 -0.1637609893945329
vn 0.007770996405152715 -0.9999696434661866 0.0005689999812525267
vn 0.00884299928332472 -0.9999519319161075 -0.004234999518231986
vn 0.8052301216274327 -0.5153110715996715 0.2933580588814087
vn 0.007770996405152715 -0.9999696434661866 0.0005689999812525267
vn 0.8327818325258207 -0.5288258293308483 -0.1637609893945329
vn 0.5877270062733274 -0.5846869905964179 -0.5592120251964332
vn 0.00884299928332472 -0.9999519319161075 -0.004234999518231986
vn 0.006514000946549346 -0.9999480497405167 -0.007840000752918845
vn 0.8327818325258207 -0.5288258293308483 -0.1637609893945329
vn 0.00884299928332472 -0.9999519319161075 -0.004234999518231986
vn 0.5877270062733274 -0.5846869905964179 -0.5592120251964332
vn 0.5877270062733274 -0.5846869905964179 -0.5592120251964332
vn 0.006514000946549346 -0.9999480497405167 -0.007840000752918845
vn 0.030992981663200893 -0.9975855552506497 -0.062148974592322624
vn 0.5877270062733274 -0.5846869905964179 -0.5592120251964332
vn 0.030992981663200893 -0.9975855552506497 -0.062148974592322624
vn 0.38929516442379586 -0.515191162789952 -0.7635622703744515
vn 0.5143250196304944 0.6243640147171224 -0.5879110062827607
vn 0.5877270062733274 -0.5846869905964179 -0.5592120251964332
vn 0.38929516442379586 -0.515191162789952 -0.7635622703744515
vn 0.711675004127465 0.62977899524164 -0.31128299929903486
vn 0.8327818325258207 -0.5288258293308483 -0.1637609893945329
vn 0.5877270062733274 -0.5846869905964179 -0.5592120251964332
vn 0.5143250196304944 0.6243640147171224 -0.5879110062827607
vn 0.711675004127465 0.62977899524164 -0.31128299929903486
vn 0.5877270062733274 -0.5846869905964179 -0.5592120251964332
vn 0.7737419917143665 0.5991579670209496 0.20574999590086987
vn 0.8052301216274327 -0.5153110715996715 0.2933580588814087
vn 0.8327818325258207 -0.5288258293308483 -0.1637609893945329
vn 0.6243259537987541 0.7811399832894619 0.006117999657959388
vn 0.7737419917143665 0.5991579670209496 0.20574999590086987
vn 0.8327818325258207 -0.5288258293308483 -0.1637609893945329
vn 0.8038741391990114 0.5913350770473828 0.06410300289701373
vn 0.6243259537987541 0.7811399832894619 0.006117999657959388
vn 0.8327818325258207 -0.5288258293308483 -0.1637609893945329
vn 0.711675004127465 0.62977899524164 -0.31128299929903486
vn 0.8038741391990114 0.5913350770473828 0.06410300289701373
vn 0.8327818325258207 -0.5288258293308483 -0.1637609893945329
vn 0.6535667164179961 0.6402397139269952 0.40366279974909497
vn 0.5290399477799478 -0.5159789615545457 0.6737079819076532
vn 0.8052301216274327 -0.5153110715996715 0.2933580588814087
vn 0.7737419917143665 0.5991579670209496 0.20574999590086987
vn 0.6535667164179961 0.6402397139269952 0.40366279974909497
vn 0.8052301216274327 -0.5153110715996715 0.2933580588814087
vn 0.3901768722657584 0.6438347963037875 0.658208753677259
vn 0.09397403298665263 -0.5152301460909705 0.8518842513412845
vn 0.5290399477799478 -0.5159789615545457 0.6737079819076532
vn 0.6535667164179961 0.6402397139269952 0.40366279974909497
vn 0.3901768722657584 0.6438347963037875 0.658208753677259
vn 0.5290399477799478 -0.5159789615545457 0.6737079819076532
vn -0.012657998717827017 0.6354621604983182 0.7720282492521042
vn -0.36994107619132816 -0.5142240989875924 0.7737681669381343
vn 0.09397403298665263 -0.5152301460909705 0.8518842513412845
vn 0.3901768722657584 0.6438347963037875 0.658208753677259
vn -0.012657998717827017 0.6354621604983182 0.7720282492521042
vn 0.09397403298665263 -0.5152301460909705 0.8518842513412845
vn -0.4103490760116523 0.6163759454850593 0.6720820854953525
vn -0.6285767690490133 -0.5090548618982225 0.5880088375098498
vn -0.36994107619132816 -0.5142240989875924 0.7737681669381343
vn -0.012657998717827017 0.6354621604983182 0.7720282492521042
vn -0.4103490760116523 0.6163759454850593 0.6720820854953525
vn -0.36994107619132816 -0.5142240989875924 0.7737681669381343
vn -0.4103490760116523 0.6163759454850593 0.6720820854953525
vn -0.7032827977485586 0.3163429011721974 0.6366478424285418
vn -0.6285767690490133 -0.5090548618982225 0.5880088375098498
vn -0.6317032150878467 0.4924741187620047 0.5986821280088999
vn -0.7032827977485586 0.3163429011721974 0.6366478424285418
vn -0.4103490760116523 0.6163759454850593 0.6720820854953525
vn -0.7221850827561711 0.6312291241573296 0.2828400591501018
vn -0.7032827977485586 0.3163429011721974 0.6366478424285418
vn -0.6317032150878467 0.4924741187620047 0.5986821280088999
vn -0.765321959504322 0.3581230274230008 0.534817908759467
vn -0.7032827977485586 0.3163429011721974 0.6366478424285418
vn -0.7221850827561711 0.6312291241573296 0.2828400591501018
vn -0.14031499095249067 0.8460119643736261 0.5143689915330051
vn -0.4103490760116523 0.6163759454850593 0.6720820854953525
vn -0.012657998717827017 0.6354621604983182 0.7720282492521042
vn -0.5341788606544766 0.6222458472278767 0.572243873219755
vn -0.6317032150878467 0.4924741187620047 0.5986821280088999
vn -0.4103490760116523 0.6163759454850593 0.6720820854953525
vn -0.44884506633215077 0.6926921860278298 0.5645490606185377
vn -0.5341788606544766 0.6222458472278767 0.572243873219755
vn -0.4103490760116523 0.6163759454850593 0.6720820854953525
vn -0.36096988838896327 0.7385437824843706 0.5694328942291077
vn -0.44884506633215077 0.6926921860278298 0.5645490606185377
vn -0.4103490760116523 0.6163759454850593 0.6720820854953525
vn -0.14031499095249067 0.8460119643736261 0.5143689915330051
vn -0.36096988838896327 0.7385437824843706 0.5694328942291077
vn -0.4103490760116523 0.6163759454850593 0.6720820854953525
vn 0.16819799376460126 0.8387770720193777 0.5178440482888287
vn -0.012657998717827017 0.6354621604983182 0.7720282492521042
vn 0.3901768722657584 0.6438347963037875 0.658208753677259
vn 0.16819799376460126 0.8387770720193777 0.5178440482888287
vn -0.14031499095249067 0.8460119643736261 0.5143689915330051
vn -0.012657998717827017 0.6354621604983182 0.7720282492521042
vn 0.46936878574163965 0.8232457043878543 0.31931090363212544
vn 0.3901768722657584 0.6438347963037875 0.658208753677259
vn 0.6535667164179961 0.6402397139269952 0.40366279974909497
vn 0.46936878574163965 0.8232457043878543 0.31931090363212544
vn 0.16819799376460126 0.8387770720193777 0.5178440482888287
vn 0.3901768722657584 0.6438347963037875 0.658208753677259
vn 0.46936878574163965 0.8232457043878543 0.31931090363212544
vn 0.6535667164179961 0.6402397139269952 0.40366279974909497
vn 0.7737419917143665 0.5991579670209496 0.20574999590086987
vn 0.46936878574163965 0.8232457043878543 0.31931090363212544
vn 0.7737419917143665 0.5991579670209496 0.20574999590086987
vn 0.6243259537987541 0.7811399832894619 0.006117999657959388
vn 0.46936878574163965 0.8232457043878543 0.31931090363212544
vn 0.6243259537987541 0.7811399832894619 0.006117999657959388
vn 0.8038741391990114 0.5913350770473828 0.06410300289701373
vn 0.7259385955558488 0.6869066739552318 0.03423998770681111
vn 0.8038741391990114 0.5913350770473828 0.06410300289701373
vn 0.711675004127465 0.62977899524164 -0.31128299929903486
vn 0.46936878574163965 0.8232457043878543 0.31931090363212544
vn 0.8038741391990114 0.5913350770473828 0.06410300289701373
vn 0.7259385955558488 0.6869066739552318 0.03423998770681111
vn 0.4521247641350222 0.847926541420375 -0.27677387523162594
vn 0.711675004127465 0.62977899524164 -0.31128299929903486
vn 0.5143250196304944 0.6243640147171224 -0.5879110062827607
vn 0.5212258927880038 0.8532097338651768 -0.018886998836830673
vn 0.7259385955558488 0.6869066739552318 0.03423998770681111
vn 0.711675004127465 0.62977899524164 -0.31128299929903486
vn 0.4521247641350222 0.847926541420375 -0.27677387523162594
vn 0.5212258927880038 0.8532097338651768 -0.018886998836830673
vn 0.711675004127465 0.62977899524164 -0.31128299929903486
vn 0.29092401372185117 0.8356720835641409 -0.4658491032421717
vn 0.4521247641350222 0.847926541420375 -0.27677387523162594
vn 0.5143250196304944 0.6243640147171224 -0.5879110062827607
vn 0.46936878574163965 0.8232457043878543 0.31931090363212544
vn 0.7259385955558488 0.6869066739552318 0.03423998770681111
vn 0.5212258927880038 0.8532097338651768 -0.018886998836830673
vn 0.26759188012909746 0.9630925763953553 -0.029107988270085632
vn 0.5212258927880038 0.8532097338651768 -0.018886998836830673
vn 0.4521247641350222 0.847926541420375 -0.27677387523162594
vn 0.11585499998472705 0.9917609016097633 0.05466198877399659
vn 0.5212258927880038 0.8532097338651768 -0.018886998836830673
vn 0.26759188012909746 0.9630925763953553 -0.029107988270085632
vn 0.11585499998472705 0.9917609016097633 0.05466198877399659
vn 0.46936878574163965 0.8232457043878543 0.31931090363212544
vn 0.5212258927880038 0.8532097338651768 -0.018886998836830673
vn 0.09505303769457887 0.9913833549991956 -0.09013303198923207
vn 0.4521247641350222 0.847926541420375 -0.27677387523162594
vn 0.29092401372185117 0.8356720835641409 -0.4658491032421717
vn 0.04854002110395394 0.998584443278831 -0.021748011236308838
vn 0.26759188012909746 0.9630925763953553 -0.029107988270085632
vn 0.4521247641350222 0.847926541420375 -0.27677387523162594
vn 0.05607002391685608 0.9981573976361648 -0.023194007031181473
vn 0.04854002110395394 0.998584443278831 -0.021748011236308838
vn 0.4521247641350222 0.847926541420375 -0.27677387523162594
vn 0.09505303769457887 0.9913833549991956 -0.09013303198923207
vn 0.05607002391685608 0.9981573976361648 -0.023194007031181473
vn 0.4521247641350222 0.847926541420375 -0.27677387523162594
vn 0.06903499406767659 0.9813597857930957 -0.1793520014446603
vn 0.29092401372185117 0.8356720835641409 -0.4658491032421717
vn 0.07458300041917605 0.9103540058147052 -0.40705400151035587
vn 0.06903499406767659 0.9813597857930957 -0.1793520014446603
vn 0.09505303769457887 0.9913833549991956 -0.09013303198923207
vn 0.29092401372185117 0.8356720835641409 -0.4658491032421717
vn -0.019245999990800716 0.9656211329549745 -0.2592400799936335
vn 0.06903499406767659 0.9813597857930957 -0.1793520014446603
vn 0.07458300041917605 0.9103540058147052 -0.40705400151035587
vn 0.11585499998472705 0.9917609016097633 0.05466198877399659
vn 0.26759188012909746 0.9630925763953553 -0.029107988270085632
vn 0.04854002110395394 0.998584443278831 -0.021748011236308838
vn -0.03259101266632701 0.9993833103324653 0.013070000853360365
vn 0.04854002110395394 0.998584443278831 -0.021748011236308838
vn 0.05607002391685608 0.9981573976361648 -0.023194007031181473
vn -0.06339700996830551 0.9973802740530683 0.034834007189882575
vn 0.04854002110395394 0.998584443278831 -0.021748011236308838
vn -0.03259101266632701 0.9993833103324653 0.013070000853360365
vn 0.11585499998472705 0.9917609016097633 0.05466198877399659
vn 0.04854002110395394 0.998584443278831 -0.021748011236308838
vn -0.06339700996830551 0.9973802740530683 0.034834007189882575
vn -0.08211197483053817 0.9959397643945741 -0.03689999034023796
vn 0.05607002391685608 0.9981573976361648 -0.023194007031181473
vn 0.09505303769457887 0.9913833549991956 -0.09013303198923207
vn -0.03259101266632701 0.9993833103324653 0.013070000853360365
vn 0.05607002391685608 0.9981573976361648 -0.023194007031181473
vn -0.08211197483053817 0.9959397643945741 -0.03689999034023796
vn -0.07492995878077124 0.994214597581469 -0.0769599586345364
vn 0.09505303769457887 0.9913833549991956 -0.09013303198923207
vn 0.06903499406767659 0.9813597857930957 -0.1793520014446603
vn -0.08211197483053817 0.9959397643945741 -0.03689999034023796
vn 0.09505303769457887 0.9913833549991956 -0.09013303198923207
vn -0.07492995878077124 0.994214597581469 -0.0769599586345364
vn -0.07257199392498394 0.9784289331686435 -0.19341698073391111
vn 0.06903499406767659 0.9813597857930957 -0.1793520014446603
vn -0.019245999990800716 0.9656211329549745 -0.2592400799936335
vn -0.07492995878077124 0.994214597581469 -0.0769599586345364
vn 0.06903499406767659 0.9813597857930957 -0.1793520014446603
vn -0.07257199392498394 0.9784289331686435 -0.19341698073391111
vn -0.2237059802996278 0.9746429948841812 0.005164000520582839
vn -0.03259101266632701 0.9993833103324653 0.013070000853360365
vn -0.08211197483053817 0.9959397643945741 -0.03689999034023796
vn -0.23626307337765104 0.9676323785016694 0.08869802835096573
vn -0.03259101266632701 0.9993833103324653 0.013070000853360365
vn -0.2237059802996278 0.9746429948841812 0.005164000520582839
vn -0.06339700996830551 0.9973802740530683 0.034834007189882575
vn -0.03259101266632701 0.9993833103324653 0.013070000853360365
vn -0.23626307337765104 0.9676323785016694 0.08869802835096573
vn -0.7221850827561711 0.6312291241573296 0.2828400591501018
vn -0.6317032150878467 0.4924741187620047 0.5986821280088999
vn -0.5341788606544766 0.6222458472278767 0.572243873219755
vn -0.5745113881265697 0.6851544729616184 0.44777227816555265
vn -0.5341788606544766 0.6222458472278767 0.572243873219755
vn -0.44884506633215077 0.6926921860278298 0.5645490606185377
vn -0.5745113881265697 0.6851544729616184 0.44777227816555265
vn -0.7221850827561711 0.6312291241573296 0.2828400591501018
vn -0.5341788606544766 0.6222458472278767 0.572243873219755
vn -0.46916788458330516 0.802049869137256 0.36959099487479014
vn -0.44884506633215077 0.6926921860278298 0.5645490606185377
vn -0.36096988838896327 0.7385437824843706 0.5694328942291077
vn -0.6567791012268457 0.7119529743549454 0.24852399179717694
vn -0.44884506633215077 0.6926921860278298 0.5645490606185377
vn -0.46916788458330516 0.802049869137256 0.36959099487479014
vn -0.5745113881265697 0.6851544729616184 0.44777227816555265
vn -0.44884506633215077 0.6926921860278298 0.5645490606185377
vn -0.6567791012268457 0.7119529743549454 0.24852399179717694
vn -0.17382700301407425 0.9594949837109759 0.22170599734021454
vn -0.36096988838896327 0.7385437824843706 0.5694328942291077
vn -0.14031499095249067 0.8460119643736261 0.5143689915330051
vn -0.46916788458330516 0.802049869137256 0.36959099487479014
vn -0.36096988838896327 0.7385437824843706 0.5694328942291077
vn -0.17382700301407425 0.9594949837109759 0.22170599734021454
vn 0.00808799703674035 0.9631285920482923 0.2689198755819428
vn -0.14031499095249067 0.8460119643736261 0.5143689915330051
vn 0.16819799376460126 0.8387770720193777 0.5178440482888287
vn -0.06843099322481563 0.992467938451172 0.10160999120532523
vn -0.17382700301407425 0.9594949837109759 0.22170599734021454
vn -0.14031499095249067 0.8460119643736261 0.5143689915330051
vn -0.055546029422449766 0.9894363705638386 0.13390409710258494
vn -0.06843099322481563 0.992467938451172 0.10160999120532523
vn -0.14031499095249067 0.8460119643736261 0.5143689915330051
vn 0.00808799703674035 0.9631285920482923 0.2689198755819428
vn -0.055546029422449766 0.9894363705638386 0.13390409710258494
vn -0.14031499095249067 0.8460119643736261 0.5143689915330051
vn 0.12555399067005552 0.9704528683669524 0.20605199757628684
vn 0.16819799376460126 0.8387770720193777 0.5178440482888287
vn 0.46936878574163965 0.8232457043878543 0.31931090363212544
vn 0.12555399067005552 0.9704528683669524 0.20605199757628684
vn 0.00808799703674035 0.9631285920482923 0.2689198755819428
vn 0.16819799376460126 0.8387770720193777 0.5178440482888287
vn 0.07586099681176933 0.994237983435157 0.07573599842556475
vn 0.12555399067005552 0.9704528683669524 0.20605199757628684
vn 0.46936878574163965 0.8232457043878543 0.31931090363212544
vn 0.11585499998472705 0.9917609016097633 0.05466198877399659
vn 0.07586099681176933 0.994237983435157 0.07573599842556475
vn 0.46936878574163965 0.8232457043878543 0.31931090363212544
vn -0.06339700996830551 0.9973802740530683 0.034834007189882575
vn -0.19231697632951392 0.9721288976321534 0.13408798232491786
vn -0.17382700301407425 0.9594949837109759 0.22170599734021454
vn -0.3928928905807296 0.8737078759485069 0.28682699321484323
vn -0.17382700301407425 0.9594949837109759 0.22170599734021454
vn -0.19231697632951392 0.9721288976321534 0.13408798232491786
vn -0.06843099322481563 0.992467938451172 0.10160999120532523
vn -0.06339700996830551 0.9973802740530683 0.034834007189882575
vn -0.17382700301407425 0.9594949837109759 0.22170599734021454
vn -0.6032246213609288 0.7644146347149834 0.22757487211360278
vn -0.17382700301407425 0.9594949837109759 0.22170599734021454
vn -0.3928928905807296 0.8737078759485069 0.28682699321484323
vn -0.6032246213609288 0.7644146347149834 0.22757487211360278
vn -0.46916788458330516 0.802049869137256 0.36959099487479014
vn -0.17382700301407425 0.9594949837109759 0.22170599734021454
vn -0.06339700996830551 0.9973802740530683 0.034834007189882575
vn -0.23626307337765104 0.9676323785016694 0.08869802835096573
vn -0.19231697632951392 0.9721288976321534 0.13408798232491786
vn -0.49874579926430357 0.7957295778599128 0.3436088861410543
vn -0.19231697632951392 0.9721288976321534 0.13408798232491786
vn -0.23626307337765104 0.9676323785016694 0.08869802835096573
vn -0.3928928905807296 0.8737078759485069 0.28682699321484323
vn -0.19231697632951392 0.9721288976321534 0.13408798232491786
vn -0.49874579926430357 0.7957295778599128 0.3436088861410543
vn -0.40169492222660613 0.892149749865688 0.20666401058711428
vn -0.49874579926430357 0.7957295778599128 0.3436088861410543
vn -0.23626307337765104 0.9676323785016694 0.08869802835096573
vn 0.11585499998472705 0.9917609016097633 0.05466198877399659
vn -0.06339700996830551 0.9973802740530683 0.034834007189882575
vn -0.06843099322481563 0.992467938451172 0.10160999120532523
vn 0.07586099681176933 0.994237983435157 0.07573599842556475
vn -0.06843099322481563 0.992467938451172 0.10160999120532523
vn -0.055546029422449766 0.9894363705638386 0.13390409710258494
vn 0.11585499998472705 0.9917609016097633 0.05466198877399659
vn -0.06843099322481563 0.992467938451172 0.10160999120532523
vn 0.07586099681176933 0.994237983435157 0.07573599842556475
vn 0.12555399067005552 0.9704528683669524 0.20605199757628684
vn -0.055546029422449766 0.9894363705638386 0.13390409710258494
vn 0.00808799703674035 0.9631285920482923 0.2689198755819428
vn 0.07586099681176933 0.994237983435157 0.07573599842556475
vn -0.055546029422449766 0.9894363705638386 0.13390409710258494
vn 0.12555399067005552 0.9704528683669524 0.20605199757628684
vn -0.4987278194692055 0.7239398069142091 0.47663583378981195
vn -0.49874579926430357 0.7957295778599128 0.3436088861410543
vn -0.40169492222660613 0.892149749865688 0.20666401058711428
vn -0.6032246213609288 0.7644146347149834 0.22757487211360278
vn -0.3928928905807296 0.8737078759485069 0.28682699321484323
vn -0.49874579926430357 0.7957295778599128 0.3436088861410543
vn -0.4740989760564259 0.8226338628052593 0.31385297301180126
vn -0.40169492222660613 0.892149749865688 0.20666401058711428
vn -0.3531879666544186 0.929333816271529 0.10768898803830132
vn -0.4740989760564259 0.8226338628052593 0.31385297301180126
vn -0.4987278194692055 0.7239398069142091 0.47663583378981195
vn -0.40169492222660613 0.892149749865688 0.20666401058711428
vn -0.4740989760564259 0.8226338628052593 0.31385297301180126
vn -0.3531879666544186 0.929333816271529 0.10768898803830132
vn -0.34272111400743244 0.9319104211429671 0.11868110624123038
vn -0.31680806199431194 0.8309601026097512 0.45731603921817576
vn -0.34272111400743244 0.9319104211429671 0.11868110624123038
vn -0.3143360372965661 0.9487762609902597 0.03188200492494603
vn -0.31680806199431194 0.8309601026097512 0.45731603921817576
vn -0.4740989760564259 0.8226338628052593 0.31385297301180126
vn -0.34272111400743244 0.9319104211429671 0.11868110624123038
vn -0.6032246213609288 0.7644146347149834 0.22757487211360278
vn -0.6567791012268457 0.7119529743549454 0.24852399179717694
vn -0.46916788458330516 0.802049869137256 0.36959099487479014
vn -0.5745113881265697 0.6851544729616184 0.44777227816555265
vn -0.6567791012268457 0.7119529743549454 0.24852399179717694
vn -0.7221850827561711 0.6312291241573296 0.2828400591501018
vn -0.4961931096993644 0.5684980735837175 0.6562029702908061
vn -0.46936216588234825 0.5815322581066077 0.664469254382519
vn -0.4740989760564259 0.8226338628052593 0.31385297301180126
vn -0.31680806199431194 0.8309601026097512 0.45731603921817576
vn -0.4961931096993644 0.5684980735837175 0.6562029702908061
vn -0.4740989760564259 0.8226338628052593 0.31385297301180126
vn -0.3684491749059433 -0.6947983416474741 0.6176572431009366
vn -0.46936216588234825 0.5815322581066077 0.664469254382519
vn -0.4961931096993644 0.5684980735837175 0.6562029702908061
vn 0.46716398146696586 -0.020065999303792176 0.8839429676692226
vn 0.2729769656229252 -0.6553378603655088 0.7042839377771277
vn 0.402142996502494 -0.7968230147357414 0.45094799428696797
vn 0.5711810847510295 0.02025799892396516 0.820574056318035
vn 0.30972310493300864 0.006955001877409378 0.9508013600219247
vn 0.46716398146696586 -0.020065999303792176 0.8839429676692226
vn 0.24486989362157713 0.17938499975519165 0.9528167489399981
vn 0.23846810792495954 0 0.971150328992731
vn 0.20810698506862163 0.0004249999861103091 0.9781059769476211
vn 0.5039040871374688 -0.07504800452495909 0.8604931539431189
vn 0.23846810792495954 0 0.971150328992731
vn 0.24486989362157713 0.17938499975519165 0.9528167489399981
vn 0.24486989362157713 0.17938499975519165 0.9528167489399981
vn 0.20810698506862163 0.0004249999861103091 0.9781059769476211
vn 0.30972310493300864 0.006955001877409378 0.9508013600219247
vn 0.2795530520532537 0.43500805646789775 0.8559311198313406
vn 0.30972310493300864 0.006955001877409378 0.9508013600219247
vn 0.5711810847510295 0.02025799892396516 0.820574056318035
vn 0.14720898985119016 0.4036568623174744 0.9029898398160434
vn 0.30972310493300864 0.006955001877409378 0.9508013600219247
vn 0.16795499745775147 0.4913549161164737 0.854611879882991
vn -0.18357196850166554 0.4299039534445763 0.8840157935201989
vn 0.16795499745775147 0.4913549161164737 0.854611879882991
vn 0.30972310493300864 0.006955001877409378 0.9508013600219247
vn 0.24486989362157713 0.17938499975519165 0.9528167489399981
vn 0.30972310493300864 0.006955001877409378 0.9508013600219247
vn 0.14720898985119016 0.4036568623174744 0.9029898398160434
vn 0.2795530520532537 0.43500805646789775 0.8559311198313406
vn -0.18357196850166554 0.4299039534445763 0.8840157935201989
vn 0.30972310493300864 0.006955001877409378 0.9508013600219247
vn 0.8121170570318546 0.044396997887419035 0.5818030528078243
vn 0.7488290863928247 0.14328999052628877 0.6470880759116673
vn 0.5711810847510295 0.02025799892396516 0.820574056318035
vn 0.5996430733512235 0.4275229601219146 0.6765000392834394
vn 0.5711810847510295 0.02025799892396516 0.820574056318035
vn 0.7488290863928247 0.14328999052628877 0.6470880759116673
vn 0.8060937809536907 0.0018659999341331427 0.591784871682294
vn 0.8121170570318546 0.044396997887419035 0.5818030528078243
vn 0.5711810847510295 0.02025799892396516 0.820574056318035
vn 0.7977691112414976 -0.04029599858622319 0.6016150576962731
vn 0.8060937809536907 0.0018659999341331427 0.591784871682294
vn 0.5711810847510295 0.02025799892396516 0.820574056318035
vn 0.2795530520532537 0.43500805646789775 0.8559311198313406
vn 0.5711810847510295 0.02025799892396516 0.820574056318035
vn 0.27696608586961313 0.583277087118643 0.7635951983351237
vn -0.8847597887722903 0.2745380119188202 0.3766019067706293
vn -0.9254881413398631 0.04152900951749917 0.3764930830809261
vn -0.8123501384868135 0.0868470141532936 0.5766670171191627
vn 0.07532597420525242 -0.5942196914901723 0.800767729029682
vn 0.08204701937061563 -0.4295770938282301 0.8992951723825108
vn 0.5711810847510295 0.02025799892396516 0.820574056318035
vn -0.44144509722519726 0.0386589975927264 0.896455078651999
vn -0.8123501384868135 0.0868470141532936 0.5766670171191627
vn -0.7802017831941933 -0.12402699736370845 0.6131088658839827
vn 0.21117807820282225 -0.10371608994063886 0.9719294171769821
vn 0.07532597420525242 -0.5942196914901723 0.800767729029682
vn 0.5711810847510295 0.02025799892396516 0.820574056318035
vn 0.29503799594624125 0.435644867220376 0.850391751260892
vn 0.21117807820282225 -0.10371608994063886 0.9719294171769821
vn 0.5711810847510295 0.02025799892396516 0.820574056318035
vn 0.5996430733512235 0.4275229601219146 0.6765000392834394
vn 0.29503799594624125 0.435644867220376 0.850391751260892
vn 0.5711810847510295 0.02025799892396516 0.820574056318035
vn 0.08204701937061563 -0.4295770938282301 0.8992951723825108
vn 0.27696608586961313 0.583277087118643 0.7635951983351237
vn 0.5711810847510295 0.02025799892396516 0.820574056318035
vn 0.8547262236429776 0.06898101430642767 0.5144751716869055
vn 0.7488290863928247 0.14328999052628877 0.6470880759116673
vn 0.8121170570318546 0.044396997887419035 0.5818030528078243
vn 0.8595522309239415 0.18243607397162345 0.47737515774021533
vn 0.7488290863928247 0.14328999052628877 0.6470880759116673
vn 0.8547262236429776 0.06898101430642767 0.5144751716869055
vn 0.7634799854476579 0.40136097694599066 0.5059720130657466
vn 0.7488290863928247 0.14328999052628877 0.6470880759116673
vn 0.8595522309239415 0.18243607397162345 0.47737515774021533
vn 0.5996430733512235 0.4275229601219146 0.6765000392834394
vn 0.7488290863928247 0.14328999052628877 0.6470880759116673
vn 0.7634799854476579 0.40136097694599066 0.5059720130657466
vn 0.8563329739018638 0.028155997829622446 0.5156559682526792
vn 0.8121170570318546 0.044396997887419035 0.5818030528078243
vn 0.8060937809536907 0.0018659999341331427 0.591784871682294
vn 0.8594263514921633 0.0537510273410258 0.5084261730287425
vn 0.8121170570318546 0.044396997887419035 0.5818030528078243
vn 0.8563329739018638 0.028155997829622446 0.5156559682526792
vn 0.8595522309239415 0.18243607397162345 0.47737515774021533
vn 0.8547262236429776 0.06898101430642767 0.5144751716869055
vn 0.8121170570318546 0.044396997887419035 0.5818030528078243
vn 0.8668137347922718 0.09898796109761973 0.48870781939028685
vn 0.8595522309239415 0.18243607397162345 0.47737515774021533
vn 0.8121170570318546 0.044396997887419035 0.5818030528078243
vn 0.8594263514921633 0.0537510273410258 0.5084261730287425
vn 0.8668137347922718 0.09898796109761973 0.48870781939028685
vn 0.8121170570318546 0.044396997887419035 0.5818030528078243
vn 0.8576240186829552 -0.01466499851831541 0.5140680698084215
vn 0.8060937809536907 0.0018659999341331427 0.591784871682294
vn 0.7977691112414976 -0.04029599858622319 0.6016150576962731
vn 0.8588762323767227 0.013159999685861375 0.5120140934257904
vn 0.8563329739018638 0.028155997829622446 0.5156559682526792
vn 0.8060937809536907 0.0018659999341331427 0.591784871682294
vn 0.8576240186829552 -0.01466499851831541 0.5140680698084215
vn 0.8588762323767227 0.013159999685861375 0.5120140934257904
vn 0.8060937809536907 0.0018659999341331427 0.591784871682294
vn 0.8539631392789522 -0.013040999011488029 0.5201700578634061
vn 0.8576240186829552 -0.01466499851831541 0.5140680698084215
vn 0.7977691112414976 -0.04029599858622319 0.6016150576962731
vn 0.5435730725394166 -0.013993999690270459 0.8392451863327707
vn 0.8563329739018638 0.028155997829622446 0.5156559682526792
vn 0.8588762323767227 0.013159999685861375 0.5120140934257904
vn 0.876754659070504 0.12508099671081357 0.4643877819882794
vn 0.8594263514921633 0.0537510273410258 0.5084261730287425
vn 0.8563329739018638 0.028155997829622446 0.5156559682526792
vn 0.4408767928501669 0.023008988184203986 0.8972726675815386
vn 0.876754659070504 0.12508099671081357 0.4643877819882794
vn 0.8563329739018638 0.028155997829622446 0.5156559682526792
vn 0.5435730725394166 -0.013993999690270459 0.8392451863327707
vn 0.4408767928501669 0.023008988184203986 0.8972726675815386
vn 0.8563329739018638 0.028155997829622446 0.5156559682526792
vn 0.5435730725394166 -0.013993999690270459 0.8392451863327707
vn 0.8588762323767227 0.013159999685861375 0.5120140934257904
vn 0.8576240186829552 -0.01466499851831541 0.5140680698084215
vn 0.5435730725394166 -0.013993999690270459 0.8392451863327707
vn 0.8576240186829552 -0.01466499851831541 0.5140680698084215
vn 0.8539631392789522 -0.013040999011488029 0.5201700578634061
vn 0.8764290085671846 0.3029359832896629 0.37430199434449535
vn 0.8595522309239415 0.18243607397162345 0.47737515774021533
vn 0.8668137347922718 0.09898796109761973 0.48870781939028685
vn 0.7967216404733221 0.5257287845510544 0.2980668929887543
vn 0.8595522309239415 0.18243607397162345 0.47737515774021533
vn 0.8764290085671846 0.3029359832896629 0.37430199434449535
vn 0.7634799854476579 0.40136097694599066 0.5059720130657466
vn 0.8595522309239415 0.18243607397162345 0.47737515774021533
vn 0.7967216404733221 0.5257287845510544 0.2980668929887543
vn 0.876754659070504 0.12508099671081357 0.4643877819882794
vn 0.8668137347922718 0.09898796109761973 0.48870781939028685
vn 0.8594263514921633 0.0537510273410258 0.5084261730287425
vn 0.8839866231855044 0.1987419048860776 0.42316581297564976
vn 0.8764290085671846 0.3029359832896629 0.37430199434449535
vn 0.8668137347922718 0.09898796109761973 0.48870781939028685
vn 0.8787229860376082 0.2034589855311239 0.43179897523708344
vn 0.8839866231855044 0.1987419048860776 0.42316581297564976
vn 0.8668137347922718 0.09898796109761973 0.48870781939028685
vn 0.8743897978506032 0.14777898774303333 0.4621729678339329
vn 0.8787229860376082 0.2034589855311239 0.43179897523708344
vn 0.8668137347922718 0.09898796109761973 0.48870781939028685
vn 0.876754659070504 0.12508099671081357 0.4643877819882794
vn 0.8743897978506032 0.14777898774303333 0.4621729678339329
vn 0.8668137347922718 0.09898796109761973 0.48870781939028685
vn 0.8833472381366305 0.32175408528604477 0.3408400878390444
vn 0.8243509601124231 0.5034499443236847 0.25881199377580033
vn 0.8764290085671846 0.3029359832896629 0.37430199434449535
vn 0.7967216404733221 0.5257287845510544 0.2980668929887543
vn 0.8764290085671846 0.3029359832896629 0.37430199434449535
vn 0.8243509601124231 0.5034499443236847 0.25881199377580033
vn 0.8839866231855044 0.1987419048860776 0.42316581297564976
vn 0.8833472381366305 0.32175408528604477 0.3408400878390444
vn 0.8764290085671846 0.3029359832896629 0.37430199434449535
vn 0.6159650794820339 0.20279298617325062 0.7612240311614101
vn 0.8243509601124231 0.5034499443236847 0.25881199377580033
vn 0.8833472381366305 0.32175408528604477 0.3408400878390444
vn 0.7770912538945124 0.5780261231071859 0.2490280789917689
vn 0.7967216404733221 0.5257287845510544 0.2980668929887543
vn 0.8243509601124231 0.5034499443236847 0.25881199377580033
vn 0.6489390109875991 0.4729520064300626 0.5959820128428497
vn 0.7770912538945124 0.5780261231071859 0.2490280789917689
vn 0.8243509601124231 0.5034499443236847 0.25881199377580033
vn 0.501932894969862 0.18029599517767367 0.845905859460771
vn 0.6489390109875991 0.4729520064300626 0.5959820128428497
vn 0.8243509601124231 0.5034499443236847 0.25881199377580033
vn 0.6159650794820339 0.20279298617325062 0.7612240311614101
vn 0.501932894969862 0.18029599517767367 0.845905859460771
vn 0.8243509601124231 0.5034499443236847 0.25881199377580033
vn 0.6159650794820339 0.20279298617325062 0.7612240311614101
vn 0.8833472381366305 0.32175408528604477 0.3408400878390444
vn 0.8839866231855044 0.1987419048860776 0.42316581297564976
vn 0.41790905821165497 0.06454301945229551 0.906193256267463
vn 0.8839866231855044 0.1987419048860776 0.42316581297564976
vn 0.8787229860376082 0.2034589855311239 0.43179897523708344
vn 0.41790905821165497 0.06454301945229551 0.906193256267463
vn 0.6159650794820339 0.20279298617325062 0.7612240311614101
vn 0.8839866231855044 0.1987419048860776 0.42316581297564976
vn 0.41790905821165497 0.06454301945229551 0.906193256267463
vn 0.8787229860376082 0.2034589855311239 0.43179897523708344
vn 0.8743897978506032 0.14777898774303333 0.4621729678339329
vn 0.4408767928501669 0.023008988184203986 0.8972726675815386
vn 0.8743897978506032 0.14777898774303333 0.4621729678339329
vn 0.876754659070504 0.12508099671081357 0.4643877819882794
vn 0.4408767928501669 0.023008988184203986 0.8972726675815386
vn 0.41790905821165497 0.06454301945229551 0.906193256267463
vn 0.8743897978506032 0.14777898774303333 0.4621729678339329
vn 0.6116310720713862 0.7810531556603061 0.1259499889237176
vn 0.6583272435240173 0.7430122143041518 0.12057400146345947
vn 0.7967216404733221 0.5257287845510544 0.2980668929887543
vn 0.728015965444688 0.6456049803002546 0.23062298989724914
vn 0.7967216404733221 0.5257287845510544 0.2980668929887543
vn 0.6583272435240173 0.7430122143041518 0.12057400146345947
vn 0.7770912538945124 0.5780261231071859 0.2490280789917689
vn 0.6116310720713862 0.7810531556603061 0.1259499889237176
vn 0.7967216404733221 0.5257287845510544 0.2980668929887543
vn 0.6906260620181929 0.5450790940687154 0.4753150783117148
vn 0.7634799854476579 0.40136097694599066 0.5059720130657466
vn 0.7967216404733221 0.5257287845510544 0.2980668929887543
vn 0.7449489883169734 0.5846750776456571 0.3212569974110487
vn 0.6906260620181929 0.5450790940687154 0.4753150783117148
vn 0.7967216404733221 0.5257287845510544 0.2980668929887543
vn 0.728015965444688 0.6456049803002546 0.23062298989724914
vn 0.7449489883169734 0.5846750776456571 0.3212569974110487
vn 0.7967216404733221 0.5257287845510544 0.2980668929887543
vn 0.5459039746636399 0.8288780954728437 0.12227000160199296
vn 0.8273298804658887 0.557673875849525 0.06726899050280648
vn 0.6583272435240173 0.7430122143041518 0.12057400146345947
vn 0.8787762164662561 0.45651603749157194 0.13908798972681136
vn 0.6583272435240173 0.7430122143041518 0.12057400146345947
vn 0.8273298804658887 0.557673875849525 0.06726899050280648
vn 0.6116310720713862 0.7810531556603061 0.1259499889237176
vn 0.5459039746636399 0.8288780954728437 0.12227000160199296
vn 0.6583272435240173 0.7430122143041518 0.12057400146345947
vn 0.8566652295143392 0.4161301129547921 0.3048941023263268
vn 0.728015965444688 0.6456049803002546 0.23062298989724914
vn 0.6583272435240173 0.7430122143041518 0.12057400146345947
vn 0.8787762164662561 0.45651603749157194 0.13908798972681136
vn 0.8566652295143392 0.4161301129547921 0.3048941023263268
vn 0.6583272435240173 0.7430122143041518 0.12057400146345947
vn 0.3690850825810788 0.9288213328335136 0.03266700919113102
vn 0.6366017232968156 0.7711357324282664 -0.009376996739144095
vn 0.8273298804658887 0.557673875849525 0.06726899050280648
vn 0.864349718342981 0.5025968774818349 0.017202998166569096
vn 0.8273298804658887 0.557673875849525 0.06726899050280648
vn 0.6366017232968156 0.7711357324282664 -0.009376996739144095
vn 0.34833494341331617 0.9335257751012576 0.08480798558412923
vn 0.3690850825810788 0.9288213328335136 0.03266700919113102
vn 0.8273298804658887 0.557673875849525 0.06726899050280648
vn 0.5459039746636399 0.8288780954728437 0.12227000160199296
vn 0.34833494341331617 0.9335257751012576 0.08480798558412923
vn 0.8273298804658887 0.557673875849525 0.06726899050280648
vn 0.864349718342981 0.5025968774818349 0.017202998166569096
vn 0.8787762164662561 0.45651603749157194 0.13908798972681136
vn 0.8273298804658887 0.557673875849525 0.06726899050280648
vn 0.37133486785743375 0.9284786114494347 -0.006154997500565134
vn 0.4602092043178489 0.8874843976427345 -0.024061009992206377
vn 0.6366017232968156 0.7711357324282664 -0.009376996739144095
vn 0.6491809976624155 0.7605810040319161 -0.00897600021352411
vn 0.6366017232968156 0.7711357324282664 -0.009376996739144095
vn 0.4602092043178489 0.8874843976427345 -0.024061009992206377
vn 0.3690850825810788 0.9288213328335136 0.03266700919113102
vn 0.37133486785743375 0.9284786114494347 -0.006154997500565134
vn 0.6366017232968156 0.7711357324282664 -0.009376996739144095
vn 0.6800209447164013 0.7289579642884437 -0.07868799811572905
vn 0.864349718342981 0.5025968774818349 0.017202998166569096
vn 0.6366017232968156 0.7711357324282664 -0.009376996739144095
vn 0.6491809976624155 0.7605810040319161 -0.00897600021352411
vn 0.6800209447164013 0.7289579642884437 -0.07868799811572905
vn 0.6366017232968156 0.7711357324282664 -0.009376996739144095
vn 0.37133486785743375 0.9284786114494347 -0.006154997500565134
vn 0.4549528522547537 0.8688417440586585 0.19527397677717467
vn 0.4602092043178489 0.8874843976427345 -0.024061009992206377
vn 0.6491809976624155 0.7605810040319161 -0.00897600021352411
vn 0.4602092043178489 0.8874843976427345 -0.024061009992206377
vn 0.4549528522547537 0.8688417440586585 0.19527397677717467
vn 0.3690850825810788 0.9288213328335136 0.03266700919113102
vn 0.4549528522547537 0.8688417440586585 0.19527397677717467
vn 0.37133486785743375 0.9284786114494347 -0.006154997500565134
vn 0.3499251253802523 0.71962522554188 0.5997432295502908
vn 0.4549528522547537 0.8688417440586585 0.19527397677717467
vn 0.3690850825810788 0.9288213328335136 0.03266700919113102
vn 0.5915188101881385 0.7087876687154581 0.38435080053320475
vn 0.6491809976624155 0.7605810040319161 -0.00897600021352411
vn 0.4549528522547537 0.8688417440586585 0.19527397677717467
vn 0.3499251253802523 0.71962522554188 0.5997432295502908
vn 0.5915188101881385 0.7087876687154581 0.38435080053320475
vn 0.4549528522547537 0.8688417440586585 0.19527397677717467
vn 0.03475300869263587 0.5171412083069852 0.8551942463894391
vn 0.3690850825810788 0.9288213328335136 0.03266700919113102
vn 0.34833494341331617 0.9335257751012576 0.08480798558412923
vn 0.3499251253802523 0.71962522554188 0.5997432295502908
vn 0.3690850825810788 0.9288213328335136 0.03266700919113102
vn 0.03475300869263587 0.5171412083069852 0.8551942463894391
vn 0.03475300869263587 0.5171412083069852 0.8551942463894391
vn 0.34833494341331617 0.9335257751012576 0.08480798558412923
vn 0.5459039746636399 0.8288780954728437 0.12227000160199296
vn 0.2598079822700284 0.48177795571050824 0.8368929523781283
vn 0.5459039746636399 0.8288780954728437 0.12227000160199296
vn 0.6116310720713862 0.7810531556603061 0.1259499889237176
vn 0.03475300869263587 0.5171412083069852 0.8551942463894391
vn 0.5459039746636399 0.8288780954728437 0.12227000160199296
vn 0.2598079822700284 0.48177795571050824 0.8368929523781283
vn 0.2598079822700284 0.48177795571050824 0.8368929523781283
vn 0.6116310720713862 0.7810531556603061 0.1259499889237176
vn 0.7770912538945124 0.5780261231071859 0.2490280789917689
vn 0.44716289769103945 0.34623798828362395 0.8247209215230702
vn 0.2598079822700284 0.48177795571050824 0.8368929523781283
vn 0.7770912538945124 0.5780261231071859 0.2490280789917689
vn 0.6489390109875991 0.4729520064300626 0.5959820128428497
vn 0.44716289769103945 0.34623798828362395 0.8247209215230702
vn 0.7770912538945124 0.5780261231071859 0.2490280789917689
vn 0.5996430733512235 0.4275229601219146 0.6765000392834394
vn 0.7634799854476579 0.40136097694599066 0.5059720130657466
vn 0.6906260620181929 0.5450790940687154 0.4753150783117148
vn 0.8124861656502408 0.4143241016894395 0.41012409022905305
vn 0.6906260620181929 0.5450790940687154 0.4753150783117148
vn 0.7449489883169734 0.5846750776456571 0.3212569974110487
vn 0.7262470428197604 0.32642899622299254 0.6049870603743545
vn 0.5996430733512235 0.4275229601219146 0.6765000392834394
vn 0.6906260620181929 0.5450790940687154 0.4753150783117148
vn 0.8124861656502408 0.4143241016894395 0.41012409022905305
vn 0.7262470428197604 0.32642899622299254 0.6049870603743545
vn 0.6906260620181929 0.5450790940687154 0.4753150783117148
vn 0.8566652295143392 0.4161301129547921 0.3048941023263268
vn 0.7449489883169734 0.5846750776456571 0.3212569974110487
vn 0.728015965444688 0.6456049803002546 0.23062298989724914
vn 0.8124861656502408 0.4143241016894395 0.41012409022905305
vn 0.7449489883169734 0.5846750776456571 0.3212569974110487
vn 0.7262470428197604 0.32642899622299254 0.6049870603743545
vn 0.8566652295143392 0.4161301129547921 0.3048941023263268
vn 0.7262470428197604 0.32642899622299254 0.6049870603743545
vn 0.7449489883169734 0.5846750776456571 0.3212569974110487
vn -0.1319739824274522 -0.030872006342195845 0.9907723185407664
vn -0.39884701038284687 -0.24491800163404873 0.8837059662490967
vn 0.2598079822700284 0.48177795571050824 0.8368929523781283
vn 0.03475300869263587 0.5171412083069852 0.8551942463894391
vn 0.2598079822700284 0.48177795571050824 0.8368929523781283
vn -0.39884701038284687 -0.24491800163404873 0.8837059662490967
vn 0.44716289769103945 0.34623798828362395 0.8247209215230702
vn -0.1319739824274522 -0.030872006342195845 0.9907723185407664
vn 0.2598079822700284 0.48177795571050824 0.8368929523781283
vn -0.41279178416540346 -0.3924408811103202 0.8219447048061678
vn -0.39884701038284687 -0.24491800163404873 0.8837059662490967
vn -0.1319739824274522 -0.030872006342195845 0.9907723185407664
vn -0.2946239266738189 0.04408899178475941 0.9545956749507634
vn 0.03475300869263587 0.5171412083069852 0.8551942463894391
vn -0.39884701038284687 -0.24491800163404873 0.8837059662490967
vn -0.4331110700546072 -0.49185507911412807 0.7553101231585527
vn -0.2946239266738189 0.04408899178475941 0.9545956749507634
vn -0.39884701038284687 -0.24491800163404873 0.8837059662490967
vn -0.5451573018729369 -0.6432722671541026 0.537591207633682
vn -0.4331110700546072 -0.49185507911412807 0.7553101231585527
vn -0.39884701038284687 -0.24491800163404873 0.8837059662490967
vn -0.41279178416540346 -0.3924408811103202 0.8219447048061678
vn -0.5451573018729369 -0.6432722671541026 0.537591207633682
vn -0.39884701038284687 -0.24491800163404873 0.8837059662490967
vn -0.194027000729861 -0.09551799007064049 0.9763348997964988
vn -0.1319739824274522 -0.030872006342195845 0.9907723185407664
vn 0.44716289769103945 0.34623798828362395 0.8247209215230702
vn -0.3265298738739203 -0.25570388342182965 0.9099416275074337
vn -0.1319739824274522 -0.030872006342195845 0.9907723185407664
vn -0.194027000729861 -0.09551799007064049 0.9763348997964988
vn -0.25903686557145505 -0.1429549869342508 0.9552296969763578
vn -0.41279178416540346 -0.3924408811103202 0.8219447048061678
vn -0.1319739824274522 -0.030872006342195845 0.9907723185407664
vn -0.3265298738739203 -0.25570388342182965 0.9099416275074337
vn -0.25903686557145505 -0.1429549869342508 0.9552296969763578
vn -0.1319739824274522 -0.030872006342195845 0.9907723185407664
vn 0.501932894969862 0.18029599517767367 0.845905859460771
vn 0.44716289769103945 0.34623798828362395 0.8247209215230702
vn 0.6489390109875991 0.4729520064300626 0.5959820128428497
vn -0.21646408115115412 -0.1497500839772743 0.964737380803805
vn -0.194027000729861 -0.09551799007064049 0.9763348997964988
vn 0.44716289769103945 0.34623798828362395 0.8247209215230702
vn 0.1322088907700429 0.02245698921414339 0.9909674529654294
vn -0.21646408115115412 -0.1497500839772743 0.964737380803805
vn 0.44716289769103945 0.34623798828362395 0.8247209215230702
vn 0.501932894969862 0.18029599517767367 0.845905859460771
vn 0.1322088907700429 0.02245698921414339 0.9909674529654294
vn 0.44716289769103945 0.34623798828362395 0.8247209215230702
vn 0.16585800021743033 0.3599210076986178 0.9181219918840232
vn 0.03475300869263587 0.5171412083069852 0.8551942463894391
vn -0.2946239266738189 0.04408899178475941 0.9545956749507634
vn 0.3499251253802523 0.71962522554188 0.5997432295502908
vn 0.03475300869263587 0.5171412083069852 0.8551942463894391
vn 0.16585800021743033 0.3599210076986178 0.9181219918840232
vn -0.5563269956495561 -0.42442909668160056 0.7143949998436296
vn -0.5403531476100548 -0.45486718755907585 0.7078942841625456
vn -0.2946239266738189 0.04408899178475941 0.9545956749507634
vn 0.16585800021743033 0.3599210076986178 0.9181219918840232
vn -0.2946239266738189 0.04408899178475941 0.9545956749507634
vn -0.5403531476100548 -0.45486718755907585 0.7078942841625456
vn -0.4331110700546072 -0.49185507911412807 0.7553101231585527
vn -0.5563269956495561 -0.42442909668160056 0.7143949998436296
vn -0.2946239266738189 0.04408899178475941 0.9545956749507634
vn -0.49706891882553667 -0.6891279318108791 0.5272809341666663
vn -0.5403531476100548 -0.45486718755907585 0.7078942841625456
vn -0.5563269956495561 -0.42442909668160056 0.7143949998436296
vn -0.5489200249522819 -0.37569502382819103 0.7466860486691318
vn 0.16585800021743033 0.3599210076986178 0.9181219918840232
vn -0.5403531476100548 -0.45486718755907585 0.7078942841625456
vn -0.4765979666712135 -0.6114089727178713 0.6316909420317363
vn -0.5489200249522819 -0.37569502382819103 0.7466860486691318
vn -0.5403531476100548 -0.45486718755907585 0.7078942841625456
vn -0.49706891882553667 -0.6891279318108791 0.5272809341666663
vn -0.4765979666712135 -0.6114089727178713 0.6316909420317363
vn -0.5403531476100548 -0.45486718755907585 0.7078942841625456
vn -0.49706891882553667 -0.6891279318108791 0.5272809341666663
vn -0.5563269956495561 -0.42442909668160056 0.7143949998436296
vn -0.4331110700546072 -0.49185507911412807 0.7553101231585527
vn -0.5451573018729369 -0.6432722671541026 0.537591207633682
vn -0.49706891882553667 -0.6891279318108791 0.5272809341666663
vn -0.4331110700546072 -0.49185507911412807 0.7553101231585527
vn -0.3265298738739203 -0.25570388342182965 0.9099416275074337
vn -0.194027000729861 -0.09551799007064049 0.9763348997964988
vn -0.21646408115115412 -0.1497500839772743 0.964737380803805
vn -0.18411899132206078 -0.08575697536062758 0.9791557272525876
vn -0.21646408115115412 -0.1497500839772743 0.964737380803805
vn 0.1322088907700429 0.02245698921414339 0.9909674529654294
vn -0.3936621186605761 -0.028441002434161627 0.9188151314123024
vn -0.21646408115115412 -0.1497500839772743 0.964737380803805
vn -0.18411899132206078 -0.08575697536062758 0.9791557272525876
vn -0.3936621186605761 -0.028441002434161627 0.9188151314123024
vn -0.3265298738739203 -0.25570388342182965 0.9099416275074337
vn -0.21646408115115412 -0.1497500839772743 0.964737380803805
vn -0.29381100302534546 0.06994599332287414 0.9533009244301176
vn 0.1322088907700429 0.02245698921414339 0.9909674529654294
vn 0.501932894969862 0.18029599517767367 0.845905859460771
vn -0.29381100302534546 0.06994599332287414 0.9533009244301176
vn -0.18411899132206078 -0.08575697536062758 0.9791557272525876
vn 0.1322088907700429 0.02245698921414339 0.9909674529654294
vn 0.6159650794820339 0.20279298617325062 0.7612240311614101
vn -0.29381100302534546 0.06994599332287414 0.9533009244301176
vn 0.501932894969862 0.18029599517767367 0.845905859460771
vn -0.3936621186605761 -0.028441002434161627 0.9188151314123024
vn -0.18411899132206078 -0.08575697536062758 0.9791557272525876
vn -0.29381100302534546 0.06994599332287414 0.9533009244301176
vn -0.4182750847353603 -0.10230799682786546 0.9025403189191588
vn -0.29381100302534546 0.06994599332287414 0.9533009244301176
vn 0.6159650794820339 0.20279298617325062 0.7612240311614101
vn -0.43517904894506604 -0.008875000819524225 0.9003001886702685
vn -0.29381100302534546 0.06994599332287414 0.9533009244301176
vn -0.4182750847353603 -0.10230799682786546 0.9025403189191588
vn -0.43517904894506604 -0.008875000819524225 0.9003001886702685
vn -0.3936621186605761 -0.028441002434161627 0.9188151314123024
vn -0.29381100302534546 0.06994599332287414 0.9533009244301176
vn -0.3977231047438415 -0.05982102024231825 0.9155532630546884
vn -0.4182750847353603 -0.10230799682786546 0.9025403189191588
vn 0.6159650794820339 0.20279298617325062 0.7612240311614101
vn 0.41790905821165497 0.06454301945229551 0.906193256267463
vn -0.3977231047438415 -0.05982102024231825 0.9155532630546884
vn 0.6159650794820339 0.20279298617325062 0.7612240311614101
vn -0.43517904894506604 -0.008875000819524225 0.9003001886702685
vn -0.4182750847353603 -0.10230799682786546 0.9025403189191588
vn -0.3977231047438415 -0.05982102024231825 0.9155532630546884
vn -0.3984801129619281 -0.03855301313396792 0.9163663376358502
vn -0.3977231047438415 -0.05982102024231825 0.9155532630546884
vn 0.41790905821165497 0.06454301945229551 0.906193256267463
vn -0.43517904894506604 -0.008875000819524225 0.9003001886702685
vn -0.3977231047438415 -0.05982102024231825 0.9155532630546884
vn -0.3984801129619281 -0.03855301313396792 0.9163663376358502
vn -0.3713809883972029 -0.009591000409618288 0.9284310282235614
vn -0.3984801129619281 -0.03855301313396792 0.9163663376358502
vn 0.41790905821165497 0.06454301945229551 0.906193256267463
vn 0.4408767928501669 0.023008988184203986 0.8972726675815386
vn -0.3713809883972029 -0.009591000409618288 0.9284310282235614
vn 0.41790905821165497 0.06454301945229551 0.906193256267463
vn -0.43517904894506604 -0.008875000819524225 0.9003001886702685
vn -0.3984801129619281 -0.03855301313396792 0.9163663376358502
vn -0.3713809883972029 -0.009591000409618288 0.9284310282235614
vn -0.33913399627093566 0.008354999774945557 0.9407009761619606
vn -0.3713809883972029 -0.009591000409618288 0.9284310282235614
vn 0.4408767928501669 0.023008988184203986 0.8972726675815386
vn -0.33913399627093566 0.008354999774945557 0.9407009761619606
vn -0.42747708028151954 0 0.9040261864758052
vn -0.3713809883972029 -0.009591000409618288 0.9284310282235614
vn -0.43517904894506604 -0.008875000819524225 0.9003001886702685
vn -0.3713809883972029 -0.009591000409618288 0.9284310282235614
vn -0.42747708028151954 0 0.9040261864758052
vn 0.5435730725394166 -0.013993999690270459 0.8392451863327707
vn -0.33913399627093566 0.008354999774945557 0.9407009761619606
vn 0.4408767928501669 0.023008988184203986 0.8972726675815386
vn -0.44144509722519726 0.0386589975927264 0.896455078651999
vn -0.42747708028151954 0 0.9040261864758052
vn -0.33913399627093566 0.008354999774945557 0.9407009761619606
vn -0.44144509722519726 0.0386589975927264 0.896455078651999
vn -0.43517904894506604 -0.008875000819524225 0.9003001886702685
vn -0.42747708028151954 0 0.9040261864758052
vn 0.5202501566822294 -0.07163501662615306 0.851004229639951
vn -0.33913399627093566 0.008354999774945557 0.9407009761619606
vn 0.5435730725394166 -0.013993999690270459 0.8392451863327707
vn -0.36439496938820626 0.05486598634064496 0.9296268228850955
vn -0.4255088446823367 0.04172998628440845 0.9039916102164921
vn -0.33913399627093566 0.008354999774945557 0.9407009761619606
vn -0.44144509722519726 0.0386589975927264 0.896455078651999
vn -0.33913399627093566 0.008354999774945557 0.9407009761619606
vn -0.4255088446823367 0.04172998628440845 0.9039916102164921
vn 0.5202501566822294 -0.07163501662615306 0.851004229639951
vn -0.36439496938820626 0.05486598634064496 0.9296268228850955
vn -0.33913399627093566 0.008354999774945557 0.9407009761619606
vn -0.44144509722519726 0.0386589975927264 0.896455078651999
vn -0.4255088446823367 0.04172998628440845 0.9039916102164921
vn -0.36439496938820626 0.05486598634064496 0.9296268228850955
vn 0.5241489883567392 -0.17020900148473073 0.8344439668534838
vn -0.36439496938820626 0.05486598634064496 0.9296268228850955
vn 0.5202501566822294 -0.07163501662615306 0.851004229639951
vn -0.41831479955481915 0.10731999935993008 0.9019396577436853
vn -0.44816305828233677 0.10854899063295818 0.8873370215558397
vn -0.36439496938820626 0.05486598634064496 0.9296268228850955
vn -0.44144509722519726 0.0386589975927264 0.896455078651999
vn -0.36439496938820626 0.05486598634064496 0.9296268228850955
vn -0.44816305828233677 0.10854899063295818 0.8873370215558397
vn 0.5241489883567392 -0.17020900148473073 0.8344439668534838
vn -0.41831479955481915 0.10731999935993008 0.9019396577436853
vn -0.36439496938820626 0.05486598634064496 0.9296268228850955
vn -0.44144509722519726 0.0386589975927264 0.896455078651999
vn -0.44816305828233677 0.10854899063295818 0.8873370215558397
vn -0.41831479955481915 0.10731999935993008 0.9019396577436853
vn 0.25782593292055306 -0.13871700748566715 0.9561816669168405
vn -0.41831479955481915 0.10731999935993008 0.9019396577436853
vn 0.5241489883567392 -0.17020900148473073 0.8344439668534838
vn -0.06667696905672454 -0.006009997067936885 0.9977565142521755
vn -0.41831479955481915 0.10731999935993008 0.9019396577436853
vn 0.14098090207307556 -0.0222839903690696 0.9897614909784545
vn 0.25782593292055306 -0.13871700748566715 0.9561816669168405
vn 0.14098090207307556 -0.0222839903690696 0.9897614909784545
vn -0.41831479955481915 0.10731999935993008 0.9019396577436853
vn -0.2818919266817122 0.12505300984503043 0.9512616287858828
vn -0.41831479955481915 0.10731999935993008 0.9019396577436853
vn -0.06667696905672454 -0.006009997067936885 0.9977565142521755
vn -0.4330378764608633 0.3681548873212785 0.8227637428154712
vn -0.41831479955481915 0.10731999935993008 0.9019396577436853
vn -0.2818919266817122 0.12505300984503043 0.9512616287858828
vn -0.5835330720871031 0.26482109575141444 0.7676971675248048
vn -0.41831479955481915 0.10731999935993008 0.9019396577436853
vn -0.4330378764608633 0.3681548873212785 0.8227637428154712
vn -0.44144509722519726 0.0386589975927264 0.896455078651999
vn -0.41831479955481915 0.10731999935993008 0.9019396577436853
vn -0.5835330720871031 0.26482109575141444 0.7676971675248048
vn 0.7165877236663987 -0.4038378007951472 0.5686976920469681
vn 0.25782593292055306 -0.13871700748566715 0.9561816669168405
vn 0.5241489883567392 -0.17020900148473073 0.8344439668534838
vn 0.25782593292055306 -0.13871700748566715 0.9561816669168405
vn -0.06667696905672454 -0.006009997067936885 0.9977565142521755
vn 0.14098090207307556 -0.0222839903690696 0.9897614909784545
vn 0.22779290934669733 -0.40141979840707337 0.8871147253304908
vn -0.06667696905672454 -0.006009997067936885 0.9977565142521755
vn 0.25782593292055306 -0.13871700748566715 0.9561816669168405
vn -0.21150307439965524 -0.0003169999547476887 0.9773772808033357
vn -0.06667696905672454 -0.006009997067936885 0.9977565142521755
vn 0.22779290934669733 -0.40141979840707337 0.8871147253304908
vn -0.2818919266817122 0.12505300984503043 0.9512616287858828
vn -0.06667696905672454 -0.006009997067936885 0.9977565142521755
vn -0.21150307439965524 -0.0003169999547476887 0.9773772808033357
vn 0.22779290934669733 -0.40141979840707337 0.8871147253304908
vn 0.25782593292055306 -0.13871700748566715 0.9561816669168405
vn 0.7165877236663987 -0.4038378007951472 0.5686976920469681
vn -0.2655580616056032 -0.1500580874037448 0.9523452558400262
vn -0.21150307439965524 -0.0003169999547476887 0.9773772808033357
vn 0.22779290934669733 -0.40141979840707337 0.8871147253304908
vn 0.2584489116755808 -0.7592637321345733 0.5972627103032524
vn -0.2655580616056032 -0.1500580874037448 0.9523452558400262
vn 0.22779290934669733 -0.40141979840707337 0.8871147253304908
vn -0.48140797324105955 0.5366629659935069 0.6929929467397106
vn -0.5536268944097734 0.44671490744799613 0.7028108232304892
vn -0.21150307439965524 -0.0003169999547476887 0.9773772808033357
vn -0.4330378764608633 0.3681548873212785 0.8227637428154712
vn -0.21150307439965524 -0.0003169999547476887 0.9773772808033357
vn -0.5536268944097734 0.44671490744799613 0.7028108232304892
vn -0.2655580616056032 -0.1500580874037448 0.9523452558400262
vn -0.48140797324105955 0.5366629659935069 0.6929929467397106
vn -0.21150307439965524 -0.0003169999547476887 0.9773772808033357
vn -0.4330378764608633 0.3681548873212785 0.8227637428154712
vn -0.2818919266817122 0.12505300984503043 0.9512616287858828
vn -0.21150307439965524 -0.0003169999547476887 0.9773772808033357
vn -0.4907211814712137 0.6515101598382498 0.5785561629462039
vn -0.5536268944097734 0.44671490744799613 0.7028108232304892
vn -0.48140797324105955 0.5366629659935069 0.6929929467397106
vn -0.4330378764608633 0.3681548873212785 0.8227637428154712
vn -0.5536268944097734 0.44671490744799613 0.7028108232304892
vn -0.4907211814712137 0.6515101598382498 0.5785561629462039
vn -0.37507419029101774 0.8441683852382093 0.3830131709769937
vn -0.48140797324105955 0.5366629659935069 0.6929929467397106
vn -0.5596848055076442 0.6055458106749428 0.5657448096605896
vn -0.4907211814712137 0.6515101598382498 0.5785561629462039
vn -0.48140797324105955 0.5366629659935069 0.6929929467397106
vn -0.37507419029101774 0.8441683852382093 0.3830131709769937
vn -0.3728888943839009 0.9205225743003386 0.11658500181682795
vn -0.37507419029101774 0.8441683852382093 0.3830131709769937
vn -0.22340497537146722 0.9705978003885878 0.08961097510968861
vn -0.4907211814712137 0.6515101598382498 0.5785561629462039
vn -0.37507419029101774 0.8441683852382093 0.3830131709769937
vn -0.3728888943839009 0.9205225743003386 0.11658500181682795
vn -0.13287099404931005 0.9901673204366485 0.04374901689930445
vn -0.22340497537146722 0.9705978003885878 0.08961097510968861
vn -0.07960698224275346 0.990304821447762 0.113837994516409
vn -0.3219800044206385 0.9405800246650944 0.10787999793426135
vn -0.22340497537146722 0.9705978003885878 0.08961097510968861
vn -0.13287099404931005 0.9901673204366485 0.04374901689930445
vn -0.3728888943839009 0.9205225743003386 0.11658500181682795
vn -0.22340497537146722 0.9705978003885878 0.08961097510968861
vn -0.3219800044206385 0.9405800246650944 0.10787999793426135
vn -0.4969690862852444 0.8561060722720195 0.14178899920580867
vn -0.5790319866097743 0.8122879620518436 0.07007299899676728
vn -0.6240330691516146 0.7731841501506855 0.11299999363264746
vn -0.8779431870472693 0.4648830728057199 0.11445299880735006
vn -0.6240330691516146 0.7731841501506855 0.11299999363264746
vn -0.5790319866097743 0.8122879620518436 0.07007299899676728
vn -0.5378279578794628 0.6660648309512852 0.5168159524366895
vn -0.4969690862852444 0.8561060722720195 0.14178899920580867
vn -0.6240330691516146 0.7731841501506855 0.11299999363264746
vn -0.7576539862046141 0.5330079617739518 0.37664698309403166
vn -0.5378279578794628 0.6660648309512852 0.5168159524366895
vn -0.6240330691516146 0.7731841501506855 0.11299999363264746
vn -0.717320085880052 0.689577108529273 0.09967600406036539
vn -0.7576539862046141 0.5330079617739518 0.37664698309403166
vn -0.6240330691516146 0.7731841501506855 0.11299999363264746
vn -0.8779431870472693 0.4648830728057199 0.11445299880735006
vn -0.717320085880052 0.689577108529273 0.09967600406036539
vn -0.6240330691516146 0.7731841501506855 0.11299999363264746
vn -0.3728888943839009 0.9205225743003386 0.11658500181682795
vn -0.3219800044206385 0.9405800246650944 0.10787999793426135
vn -0.5790319866097743 0.8122879620518436 0.07007299899676728
vn -0.6643287315065605 0.7305746964352136 0.1578858746800352
vn -0.5790319866097743 0.8122879620518436 0.07007299899676728
vn -0.3219800044206385 0.9405800246650944 0.10787999793426135
vn -0.4969690862852444 0.8561060722720195 0.14178899920580867
vn -0.3728888943839009 0.9205225743003386 0.11658500181682795
vn -0.5790319866097743 0.8122879620518436 0.07007299899676728
vn -0.8779431870472693 0.4648830728057199 0.11445299880735006
vn -0.5790319866097743 0.8122879620518436 0.07007299899676728
vn -0.6643287315065605 0.7305746964352136 0.1578858746800352
vn -0.4833259748342292 0.8594779733175272 0.16641398809156158
vn -0.6480189776223864 0.7417899529344788 0.17268199201625145
vn -0.3219800044206385 0.9405800246650944 0.10787999793426135
vn -0.6643287315065605 0.7305746964352136 0.1578858746800352
vn -0.3219800044206385 0.9405800246650944 0.10787999793426135
vn -0.6480189776223864 0.7417899529344788 0.17268199201625145
vn -0.2408470751984857 0.9665671354365715 0.08798101535146889
vn -0.4833259748342292 0.8594779733175272 0.16641398809156158
vn -0.3219800044206385 0.9405800246650944 0.10787999793426135
vn -0.16632898558427014 0.9775489527924592 0.12935499004241713
vn -0.2408470751984857 0.9665671354365715 0.08798101535146889
vn -0.3219800044206385 0.9405800246650944 0.10787999793426135
vn -0.5378279578794628 0.6660648309512852 0.5168159524366895
vn -0.3728888943839009 0.9205225743003386 0.11658500181682795
vn -0.4969690862852444 0.8561060722720195 0.14178899920580867
vn -0.5378279578794628 0.6660648309512852 0.5168159524366895
vn -0.4907211814712137 0.6515101598382498 0.5785561629462039
vn -0.3728888943839009 0.9205225743003386 0.11658500181682795
vn -0.3864489958298704 0.9185339491148939 0.0833820001288195
vn -0.6480189776223864 0.7417899529344788 0.17268199201625145
vn -0.4833259748342292 0.8594779733175272 0.16641398809156158
vn -0.8779431870472693 0.4648830728057199 0.11445299880735006
vn -0.6643287315065605 0.7305746964352136 0.1578858746800352
vn -0.6480189776223864 0.7417899529344788 0.17268199201625145
vn -0.694322627865276 0.7061877675872537 0.13861791134044818
vn -0.8779431870472693 0.4648830728057199 0.11445299880735006
vn -0.6480189776223864 0.7417899529344788 0.17268199201625145
vn -0.3864489958298704 0.9185339491148939 0.0833820001288195
vn -0.694322627865276 0.7061877675872537 0.13861791134044818
vn -0.6480189776223864 0.7417899529344788 0.17268199201625145
vn -0.3864489958298704 0.9185339491148939 0.0833820001288195
vn -0.4833259748342292 0.8594779733175272 0.16641398809156158
vn -0.2408470751984857 0.9665671354365715 0.08798101535146889
vn -0.11745909992334783 0.9926314650682151 0.029768009703809523
vn -0.2408470751984857 0.9665671354365715 0.08798101535146889
vn -0.16632898558427014 0.9775489527924592 0.12935499004241713
vn -0.11072900762554999 0.9933131293989745 0.03268201086036466
vn -0.3864489958298704 0.9185339491148939 0.0833820001288195
vn -0.2408470751984857 0.9665671354365715 0.08798101535146889
vn -0.07670298217587172 0.9966927989269282 0.026834997531836727
vn -0.11072900762554999 0.9933131293989745 0.03268201086036466
vn -0.2408470751984857 0.9665671354365715 0.08798101535146889
vn -0.08463995923225867 0.9955616932024374 0.04114598800682032
vn -0.07670298217587172 0.9966927989269282 0.026834997531836727
vn -0.2408470751984857 0.9665671354365715 0.08798101535146889
vn -0.11745909992334783 0.9926314650682151 0.029768009703809523
vn -0.08463995923225867 0.9955616932024374 0.04114598800682032
vn -0.2408470751984857 0.9665671354365715 0.08798101535146889
vn -0.07441295513824124 0.994095481632117 0.07897395460658986
vn -0.11745909992334783 0.9926314650682151 0.029768009703809523
vn -0.16632898558427014 0.9775489527924592 0.12935499004241713
vn -0.5378279578794628 0.6660648309512852 0.5168159524366895
vn -0.4330378764608633 0.3681548873212785 0.8227637428154712
vn -0.4907211814712137 0.6515101598382498 0.5785561629462039
vn -0.5835330720871031 0.26482109575141444 0.7676971675248048
vn -0.4330378764608633 0.3681548873212785 0.8227637428154712
vn -0.5378279578794628 0.6660648309512852 0.5168159524366895
vn -0.7576539862046141 0.5330079617739518 0.37664698309403166
vn -0.5835330720871031 0.26482109575141444 0.7676971675248048
vn -0.5378279578794628 0.6660648309512852 0.5168159524366895
vn -0.8847597887722903 0.2745380119188202 0.3766019067706293
vn -0.5835330720871031 0.26482109575141444 0.7676971675248048
vn -0.7576539862046141 0.5330079617739518 0.37664698309403166
vn -0.44144509722519726 0.0386589975927264 0.896455078651999
vn -0.5835330720871031 0.26482109575141444 0.7676971675248048
vn -0.8123501384868135 0.0868470141532936 0.5766670171191627
vn -0.8847597887722903 0.2745380119188202 0.3766019067706293
vn -0.8123501384868135 0.0868470141532936 0.5766670171191627
vn -0.5835330720871031 0.26482109575141444 0.7676971675248048
vn -0.717320085880052 0.689577108529273 0.09967600406036539
vn -0.8496039789903429 0.5086329986269967 0.13951900082600344
vn -0.7576539862046141 0.5330079617739518 0.37664698309403166
vn -0.8847597887722903 0.2745380119188202 0.3766019067706293
vn -0.7576539862046141 0.5330079617739518 0.37664698309403166
vn -0.8496039789903429 0.5086329986269967 0.13951900082600344
vn -0.8779431870472693 0.4648830728057199 0.11445299880735006
vn -0.8496039789903429 0.5086329986269967 0.13951900082600344
vn -0.717320085880052 0.689577108529273 0.09967600406036539
vn -0.8779431870472693 0.4648830728057199 0.11445299880735006
vn -0.9398519123752964 0.3192719819955904 0.12142398575695579
vn -0.8496039789903429 0.5086329986269967 0.13951900082600344
vn -0.8847597887722903 0.2745380119188202 0.3766019067706293
vn -0.8496039789903429 0.5086329986269967 0.13951900082600344
vn -0.9398519123752964 0.3192719819955904 0.12142398575695579
vn -0.9888806499119084 0.10178700863589302 0.10841801097031072
vn -0.979584588204129 0.15343690130048904 0.12988899827256825
vn -0.9398519123752964 0.3192719819955904 0.12142398575695579
vn -0.8847597887722903 0.2745380119188202 0.3766019067706293
vn -0.9398519123752964 0.3192719819955904 0.12142398575695579
vn -0.979584588204129 0.15343690130048904 0.12988899827256825
vn -0.8779431870472693 0.4648830728057199 0.11445299880735006
vn -0.9888806499119084 0.10178700863589302 0.10841801097031072
vn -0.9398519123752964 0.3192719819955904 0.12142398575695579
vn -0.9887243310117603 -0.020945009022195458 0.1482750952196865
vn -0.979584588204129 0.15343690130048904 0.12988899827256825
vn -0.9913586759346895 0.03161698503623737 0.12731198649866945
vn -0.9888806499119084 0.10178700863589302 0.10841801097031072
vn -0.9913586759346895 0.03161698503623737 0.12731198649866945
vn -0.979584588204129 0.15343690130048904 0.12988899827256825
vn -0.986573613345507 -0.06958998251545394 0.14774890789406583
vn -0.979584588204129 0.15343690130048904 0.12988899827256825
vn -0.9887243310117603 -0.020945009022195458 0.1482750952196865
vn -0.8847597887722903 0.2745380119188202 0.3766019067706293
vn -0.979584588204129 0.15343690130048904 0.12988899827256825
vn -0.986573613345507 -0.06958998251545394 0.14774890789406583
vn -0.9749312899050329 -0.188946073090242 0.11750898445602188
vn -0.9887243310117603 -0.020945009022195458 0.1482750952196865
vn -0.9913586759346895 0.03161698503623737 0.12731198649866945
vn -0.9888806499119084 0.10178700863589302 0.10841801097031072
vn -0.9749312899050329 -0.188946073090242 0.11750898445602188
vn -0.9913586759346895 0.03161698503623737 0.12731198649866945
vn -0.9749312899050329 -0.188946073090242 0.11750898445602188
vn -0.986573613345507 -0.06958998251545394 0.14774890789406583
vn -0.9887243310117603 -0.020945009022195458 0.1482750952196865
vn -0.9749312899050329 -0.188946073090242 0.11750898445602188
vn -0.967586606653276 -0.21754490507158797 0.12825900710122637
vn -0.986573613345507 -0.06958998251545394 0.14774890789406583
vn -0.913429301663883 -0.19638409819430452 0.3564830947439736
vn -0.986573613345507 -0.06958998251545394 0.14774890789406583
vn -0.967586606653276 -0.21754490507158797 0.12825900710122637
vn -0.8956242029210064 -0.02693800948228591 0.44399507968810237
vn -0.986573613345507 -0.06958998251545394 0.14774890789406583
vn -0.913429301663883 -0.19638409819430452 0.3564830947439736
vn -0.9254881413398631 0.04152900951749917 0.3764930830809261
vn -0.986573613345507 -0.06958998251545394 0.14774890789406583
vn -0.8956242029210064 -0.02693800948228591 0.44399507968810237
vn -0.8847597887722903 0.2745380119188202 0.3766019067706293
vn -0.986573613345507 -0.06958998251545394 0.14774890789406583
vn -0.9254881413398631 0.04152900951749917 0.3764930830809261
vn -0.9005607333592781 -0.42246094007259405 0.10255300894844356
vn -0.9182271879798458 -0.3674340634102827 0.14782097381776843
vn -0.967586606653276 -0.21754490507158797 0.12825900710122637
vn -0.913429301663883 -0.19638409819430452 0.3564830947439736
vn -0.967586606653276 -0.21754490507158797 0.12825900710122637
vn -0.9182271879798458 -0.3674340634102827 0.14782097381776843
vn -0.9749312899050329 -0.188946073090242 0.11750898445602188
vn -0.9005607333592781 -0.42246094007259405 0.10255300894844356
vn -0.967586606653276 -0.21754490507158797 0.12825900710122637
vn -0.9005607333592781 -0.42246094007259405 0.10255300894844356
vn -0.8722880657763679 -0.4715699623938547 0.12936499090550477
vn -0.9182271879798458 -0.3674340634102827 0.14782097381776843
vn -0.8101829200021989 -0.3224619889054626 0.4895119016406483
vn -0.9182271879798458 -0.3674340634102827 0.14782097381776843
vn -0.8722880657763679 -0.4715699623938547 0.12936499090550477
vn -0.913429301663883 -0.19638409819430452 0.3564830947439736
vn -0.9182271879798458 -0.3674340634102827 0.14782097381776843
vn -0.8101829200021989 -0.3224619889054626 0.4895119016406483
vn -0.7995046844252858 -0.5888187790296546 0.11867900001285357
vn -0.8335899669901694 -0.539318976149783 0.1194270023825353
vn -0.8722880657763679 -0.4715699623938547 0.12936499090550477
vn -0.711082886000241 -0.6384639236170274 0.2944909972768584
vn -0.8722880657763679 -0.4715699623938547 0.12936499090550477
vn -0.8335899669901694 -0.539318976149783 0.1194270023825353
vn -0.9005607333592781 -0.42246094007259405 0.10255300894844356
vn -0.7995046844252858 -0.5888187790296546 0.11867900001285357
vn -0.8722880657763679 -0.4715699623938547 0.12936499090550477
vn -0.8101829200021989 -0.3224619889054626 0.4895119016406483
vn -0.8722880657763679 -0.4715699623938547 0.12936499090550477
vn -0.711082886000241 -0.6384639236170274 0.2944909972768584
vn -0.7995046844252858 -0.5888187790296546 0.11867900001285357
vn -0.7761026959558007 -0.6186547670260306 0.1221919987810398
vn -0.8335899669901694 -0.539318976149783 0.1194270023825353
vn -0.711082886000241 -0.6384639236170274 0.2944909972768584
vn -0.8335899669901694 -0.539318976149783 0.1194270023825353
vn -0.7761026959558007 -0.6186547670260306 0.1221919987810398
vn -0.7995046844252858 -0.5888187790296546 0.11867900001285357
vn -0.6618808843096098 -0.7395777410838921 0.1222229924309509
vn -0.7761026959558007 -0.6186547670260306 0.1221919987810398
vn -0.711082886000241 -0.6384639236170274 0.2944909972768584
vn -0.7761026959558007 -0.6186547670260306 0.1221919987810398
vn -0.6618808843096098 -0.7395777410838921 0.1222229924309509
vn -0.5580288709983625 -0.8245977673904537 0.09296397768475873
vn -0.5575538299213069 -0.8183627160285946 0.13934199565954442
vn -0.6618808843096098 -0.7395777410838921 0.1222229924309509
vn -0.711082886000241 -0.6384639236170274 0.2944909972768584
vn -0.6618808843096098 -0.7395777410838921 0.1222229924309509
vn -0.5575538299213069 -0.8183627160285946 0.13934199565954442
vn -0.4160108470646063 -0.8962267385220841 0.15398898753695597
vn -0.5580288709983625 -0.8245977673904537 0.09296397768475873
vn -0.6618808843096098 -0.7395777410838921 0.1222229924309509
vn -0.5683959261371851 -0.8093947960307841 0.1476690059184295
vn -0.4160108470646063 -0.8962267385220841 0.15398898753695597
vn -0.6618808843096098 -0.7395777410838921 0.1222229924309509
vn -0.7995046844252858 -0.5888187790296546 0.11867900001285357
vn -0.5683959261371851 -0.8093947960307841 0.1476690059184295
vn -0.6618808843096098 -0.7395777410838921 0.1222229924309509
vn -0.4421089919614256 -0.8919271295246014 0.09489802339804992
vn -0.5575538299213069 -0.8183627160285946 0.13934199565954442
vn -0.5580288709983625 -0.8245977673904537 0.09296397768475873
vn -0.45461510358570256 -0.881452355488359 0.1279330004173441
vn -0.5575538299213069 -0.8183627160285946 0.13934199565954442
vn -0.4421089919614256 -0.8919271295246014 0.09489802339804992
vn -0.5451573018729369 -0.6432722671541026 0.537591207633682
vn -0.5575538299213069 -0.8183627160285946 0.13934199565954442
vn -0.45461510358570256 -0.881452355488359 0.1279330004173441
vn -0.711082886000241 -0.6384639236170274 0.2944909972768584
vn -0.5575538299213069 -0.8183627160285946 0.13934199565954442
vn -0.5451573018729369 -0.6432722671541026 0.537591207633682
vn -0.3798731813216911 -0.9151983736014944 0.13456709504822187
vn -0.5580288709983625 -0.8245977673904537 0.09296397768475873
vn -0.4160108470646063 -0.8962267385220841 0.15398898753695597
vn -0.4421089919614256 -0.8919271295246014 0.09489802339804992
vn -0.5580288709983625 -0.8245977673904537 0.09296397768475873
vn -0.3798731813216911 -0.9151983736014944 0.13456709504822187
vn -0.3798731813216911 -0.9151983736014944 0.13456709504822187
vn -0.4160108470646063 -0.8962267385220841 0.15398898753695597
vn -0.5683959261371851 -0.8093947960307841 0.1476690059184295
vn -0.6183291886794375 -0.7753322240388121 0.12856499054586312
vn -0.5683959261371851 -0.8093947960307841 0.1476690059184295
vn -0.7995046844252858 -0.5888187790296546 0.11867900001285357
vn -0.33099012028494207 -0.9391963294959953 0.09141003738654521
vn -0.5683959261371851 -0.8093947960307841 0.1476690059184295
vn -0.6183291886794375 -0.7753322240388121 0.12856499054586312
vn -0.33099012028494207 -0.9391963294959953 0.09141003738654521
vn -0.3798731813216911 -0.9151983736014944 0.13456709504822187
vn -0.5683959261371851 -0.8093947960307841 0.1476690059184295
vn -0.8456457356497732 -0.5300027790270554 0.0630899675142759
vn -0.7995046844252858 -0.5888187790296546 0.11867900001285357
vn -0.9005607333592781 -0.42246094007259405 0.10255300894844356
vn -0.7000120195481291 -0.7104228646988913 0.07268098651759189
vn -0.6183291886794375 -0.7753322240388121 0.12856499054586312
vn -0.7995046844252858 -0.5888187790296546 0.11867900001285357
vn -0.8456457356497732 -0.5300027790270554 0.0630899675142759
vn -0.7000120195481291 -0.7104228646988913 0.07268098651759189
vn -0.7995046844252858 -0.5888187790296546 0.11867900001285357
vn -0.9737054813797977 -0.227412896894717 -0.013453990370496683
vn -0.9005607333592781 -0.42246094007259405 0.10255300894844356
vn -0.9749312899050329 -0.188946073090242 0.11750898445602188
vn -0.9737054813797977 -0.227412896894717 -0.013453990370496683
vn -0.8456457356497732 -0.5300027790270554 0.0630899675142759
vn -0.9005607333592781 -0.42246094007259405 0.10255300894844356
vn -0.9737054813797977 -0.227412896894717 -0.013453990370496683
vn -0.9749312899050329 -0.188946073090242 0.11750898445602188
vn -0.9888806499119084 0.10178700863589302 0.10841801097031072
vn -0.9736589705703045 0.22782499892395705 -0.009163999851258127
vn -0.9888806499119084 0.10178700863589302 0.10841801097031072
vn -0.8779431870472693 0.4648830728057199 0.11445299880735006
vn -0.9736589705703045 0.22782499892395705 -0.009163999851258127
vn -0.9737054813797977 -0.227412896894717 -0.013453990370496683
vn -0.9888806499119084 0.10178700863589302 0.10841801097031072
vn -0.8805492463095099 0.4739511555474055 -0.0018240008314116928
vn -0.9736589705703045 0.22782499892395705 -0.009163999851258127
vn -0.8779431870472693 0.4648830728057199 0.11445299880735006
vn -0.7318891215154685 0.679754071729396 0.04767300886899362
vn -0.8805492463095099 0.4739511555474055 -0.0018240008314116928
vn -0.8779431870472693 0.4648830728057199 0.11445299880735006
vn -0.694322627865276 0.7061877675872537 0.13861791134044818
vn -0.7318891215154685 0.679754071729396 0.04767300886899362
vn -0.8779431870472693 0.4648830728057199 0.11445299880735006
vn -0.3738470281794896 -0.9254392466083602 0.06164900938632228
vn -0.6183291886794375 -0.7753322240388121 0.12856499054586312
vn -0.7000120195481291 -0.7104228646988913 0.07268098651759189
vn -0.33099012028494207 -0.9391963294959953 0.09141003738654521
vn -0.6183291886794375 -0.7753322240388121 0.12856499054586312
vn -0.3738470281794896 -0.9254392466083602 0.06164900938632228
vn -0.478831171737322 -0.8777672693534642 0.015663008153806782
vn -0.7000120195481291 -0.7104228646988913 0.07268098651759189
vn -0.8456457356497732 -0.5300027790270554 0.0630899675142759
vn -0.3738470281794896 -0.9254392466083602 0.06164900938632228
vn -0.7000120195481291 -0.7104228646988913 0.07268098651759189
vn -0.478831171737322 -0.8777672693534642 0.015663008153806782
vn -0.7956641824518965 -0.602432065504204 -0.06319901277309171
vn -0.8456457356497732 -0.5300027790270554 0.0630899675142759
vn -0.9737054813797977 -0.227412896894717 -0.013453990370496683
vn -0.478831171737322 -0.8777672693534642 0.015663008153806782
vn -0.8456457356497732 -0.5300027790270554 0.0630899675142759
vn -0.7956641824518965 -0.602432065504204 -0.06319901277309171
vn -0.44455606260426217 0.89560903112878 -0.015948998788735264
vn -0.8805492463095099 0.4739511555474055 -0.0018240008314116928
vn -0.7318891215154685 0.679754071729396 0.04767300886899362
vn -0.44455606260426217 0.89560903112878 -0.015948998788735264
vn -0.7874511451232371 0.6143290246761921 -0.050205014535412956
vn -0.8805492463095099 0.4739511555474055 -0.0018240008314116928
vn -0.39400395489769335 0.918522938025075 0.03280999614082204
vn -0.7318891215154685 0.679754071729396 0.04767300886899362
vn -0.694322627865276 0.7061877675872537 0.13861791134044818
vn -0.39400395489769335 0.918522938025075 0.03280999614082204
vn -0.44455606260426217 0.89560903112878 -0.015948998788735264
vn -0.7318891215154685 0.679754071729396 0.04767300886899362
vn -0.3864489958298704 0.9185339491148939 0.0833820001288195
vn -0.39400395489769335 0.918522938025075 0.03280999614082204
vn -0.694322627865276 0.7061877675872537 0.13861791134044818
vn -0.38699393344503863 0.9201219524172598 -0.060093994347077566
vn -0.6778185645635523 0.7148395441385299 -0.1719488867914652
vn -0.7215374006150304 0.6877093810160687 -0.08024703593405001
vn -0.38699393344503863 0.9201219524172598 -0.060093994347077566
vn -0.4985290917112382 0.8546601878485055 -0.14499899318383255
vn -0.6778185645635523 0.7148395441385299 -0.1719488867914652
vn -0.44455606260426217 0.89560903112878 -0.015948998788735264
vn -0.7215374006150304 0.6877093810160687 -0.08024703593405001
vn -0.7874511451232371 0.6143290246761921 -0.050205014535412956
vn -0.44455606260426217 0.89560903112878 -0.015948998788735264
vn -0.38699393344503863 0.9201219524172598 -0.060093994347077566
vn -0.7215374006150304 0.6877093810160687 -0.08024703593405001
vn -0.4229130120363838 -0.9054428873982453 -0.03630099048568836
vn -0.7956641824518965 -0.602432065504204 -0.06319901277309171
vn -0.7052688193218418 -0.6946389284820117 -0.14167798533907
vn -0.4229130120363838 -0.9054428873982453 -0.03630099048568836
vn -0.478831171737322 -0.8777672693534642 0.015663008153806782
vn -0.7956641824518965 -0.602432065504204 -0.06319901277309171
vn -0.289013059972963 0.9539131201436593 -0.08075401155889034
vn -0.4985290917112382 0.8546601878485055 -0.14499899318383255
vn -0.38699393344503863 0.9201219524172598 -0.060093994347077566
vn -0.0849729899632232 0.9963318403494229 -0.010121999932914084
vn -0.38699393344503863 0.9201219524172598 -0.060093994347077566
vn -0.44455606260426217 0.89560903112878 -0.015948998788735264
vn -0.1785899917712375 0.9834427398278753 -0.030756988132641105
vn -0.289013059972963 0.9539131201436593 -0.08075401155889034
vn -0.38699393344503863 0.9201219524172598 -0.060093994347077566
vn -0.07967803477825205 0.9967854096056543 -0.008382002813392886
vn -0.1785899917712375 0.9834427398278753 -0.030756988132641105
vn -0.38699393344503863 0.9201219524172598 -0.060093994347077566
vn -0.05878898125061578 0.9981595867371343 -0.01487599032899389
vn -0.07967803477825205 0.9967854096056543 -0.008382002813392886
vn -0.38699393344503863 0.9201219524172598 -0.060093994347077566
vn -0.0849729899632232 0.9963318403494229 -0.010121999932914084
vn -0.05878898125061578 0.9981595867371343 -0.01487599032899389
vn -0.38699393344503863 0.9201219524172598 -0.060093994347077566
vn -0.085566990693694 0.996331877730819 -0.001039000002698937
vn -0.44455606260426217 0.89560903112878 -0.015948998788735264
vn -0.39400395489769335 0.918522938025075 0.03280999614082204
vn -0.085566990693694 0.996331877730819 -0.001039000002698937
vn -0.0849729899632232 0.9963318403494229 -0.010121999932914084
vn -0.44455606260426217 0.89560903112878 -0.015948998788735264
vn -0.10062500049583331 0.9947962125508507 0.015971999552219594
vn -0.39400395489769335 0.918522938025075 0.03280999614082204
vn -0.3864489958298704 0.9185339491148939 0.0833820001288195
vn -0.061924016900226 0.998071295291503 0.004371000581321087
vn -0.085566990693694 0.996331877730819 -0.001039000002698937
vn -0.39400395489769335 0.918522938025075 0.03280999614082204
vn -0.10062500049583331 0.9947962125508507 0.015971999552219594
vn -0.061924016900226 0.998071295291503 0.004371000581321087
vn -0.39400395489769335 0.918522938025075 0.03280999614082204
vn -0.11072900762554999 0.9933131293989745 0.03268201086036466
vn -0.10062500049583331 0.9947962125508507 0.015971999552219594
vn -0.3864489958298704 0.9185339491148939 0.0833820001288195
vn 0.055931009362113066 0.9982861282209339 -0.01721999980814263
vn -0.07967803477825205 0.9967854096056543 -0.008382002813392886
vn -0.05878898125061578 0.9981595867371343 -0.01487599032899389
vn 0.052818995924166466 0.9984059406203261 -0.019892998859018574
vn -0.07967803477825205 0.9967854096056543 -0.008382002813392886
vn 0.055931009362113066 0.9982861282209339 -0.01721999980814263
vn -0.00044400000761490936 0.9999998871514889 -0.00016900000735581118
vn -0.07967803477825205 0.9967854096056543 -0.008382002813392886
vn 0.052818995924166466 0.9984059406203261 -0.019892998859018574
vn -0.00044400000761490936 0.9999998871514889 -0.00016900000735581118
vn -0.1682299899976819 -0.982923942691422 -0.07455999831900506
vn -0.07967803477825205 0.9967854096056543 -0.008382002813392886
vn 0.10160799958899643 0.9946939836879403 -0.016115000295949006
vn -0.05878898125061578 0.9981595867371343 -0.01487599032899389
vn -0.0849729899632232 0.9963318403494229 -0.010121999932914084
vn 0.055931009362113066 0.9982861282209339 -0.01721999980814263
vn -0.05878898125061578 0.9981595867371343 -0.01487599032899389
vn 0.10160799958899643 0.9946939836879403 -0.016115000295949006
vn 0.08787700977272325 0.9961192017439876 -0.004916001457042379
vn -0.0849729899632232 0.9963318403494229 -0.010121999932914084
vn -0.085566990693694 0.996331877730819 -0.001039000002698937
vn 0.10160799958899643 0.9946939836879403 -0.016115000295949006
vn -0.0849729899632232 0.9963318403494229 -0.010121999932914084
vn 0.08787700977272325 0.9961192017439876 -0.004916001457042379
vn 0.05673098891491857 0.9983857790582455 0.0027259990821470177
vn -0.085566990693694 0.996331877730819 -0.001039000002698937
vn -0.061924016900226 0.998071295291503 0.004371000581321087
vn 0.08787700977272325 0.9961192017439876 -0.004916001457042379
vn -0.085566990693694 0.996331877730819 -0.001039000002698937
vn 0.05673098891491857 0.9983857790582455 0.0027259990821470177
vn 0.10127700466035112 0.994789217108267 0.011721000475570188
vn -0.061924016900226 0.998071295291503 0.004371000581321087
vn -0.10062500049583331 0.9947962125508507 0.015971999552219594
vn 0.05673098891491857 0.9983857790582455 0.0027259990821470177
vn -0.061924016900226 0.998071295291503 0.004371000581321087
vn 0.10127700466035112 0.994789217108267 0.011721000475570188
vn 0.06410399720255557 0.9978509979289883 0.013566999475823825
vn -0.10062500049583331 0.9947962125508507 0.015971999552219594
vn -0.11072900762554999 0.9933131293989745 0.03268201086036466
vn 0.10127700466035112 0.994789217108267 0.011721000475570188
vn -0.10062500049583331 0.9947962125508507 0.015971999552219594
vn 0.06410399720255557 0.9978509979289883 0.013566999475823825
vn 0.07183600764582038 0.9971910440832636 0.021203999755710634
vn -0.11072900762554999 0.9933131293989745 0.03268201086036466
vn -0.07670298217587172 0.9966927989269282 0.026834997531836727
vn 0.06410399720255557 0.9978509979289883 0.013566999475823825
vn -0.11072900762554999 0.9933131293989745 0.03268201086036466
vn 0.07183600764582038 0.9971910440832636 0.021203999755710634
vn 0.14240688760502218 0.9886504441817475 0.04785997891645873
vn -0.07670298217587172 0.9966927989269282 0.026834997531836727
vn -0.08463995923225867 0.9955616932024374 0.04114598800682032
vn 0.07183600764582038 0.9971910440832636 0.021203999755710634
vn -0.07670298217587172 0.9966927989269282 0.026834997531836727
vn 0.14240688760502218 0.9886504441817475 0.04785997891645873
vn 0.09073894572636199 0.9946754465583182 0.0488589781153715
vn -0.08463995923225867 0.9955616932024374 0.04114598800682032
vn -0.11745909992334783 0.9926314650682151 0.029768009703809523
vn 0.14240688760502218 0.9886504441817475 0.04785997891645873
vn -0.08463995923225867 0.9955616932024374 0.04114598800682032
vn 0.09073894572636199 0.9946754465583182 0.0488589781153715
vn 0.1311299943118847 0.9909126111403493 0.029951989496190958
vn -0.11745909992334783 0.9926314650682151 0.029768009703809523
vn -0.07441295513824124 0.994095481632117 0.07897395460658986
vn 0.09073894572636199 0.9946754465583182 0.0488589781153715
vn -0.11745909992334783 0.9926314650682151 0.029768009703809523
vn 0.1311299943118847 0.9909126111403493 0.029951989496190958
vn 0.07043697514265283 0.9941256997413729 0.08217496970780776
vn 0.07174900299352281 0.9943800146066438 0.077849002050934
vn -0.07441295513824124 0.994095481632117 0.07897395460658986
vn 0.06429502227996586 0.9926692627323096 0.10234199986570351
vn -0.07441295513824124 0.994095481632117 0.07897395460658986
vn 0.07174900299352281 0.9943800146066438 0.077849002050934
vn 0.1311299943118847 0.9909126111403493 0.029951989496190958
vn -0.07441295513824124 0.994095481632117 0.07897395460658986
vn 0.06429502227996586 0.9926692627323096 0.10234199986570351
vn 0.10127700466035112 0.994789217108267 0.011721000475570188
vn 0.3732009180966145 0.9249427334556451 0.07212499261312653
vn 0.42863820085160276 0.9033953179484565 0.012090999938299245
vn 0.07183600764582038 0.9971910440832636 0.021203999755710634
vn 0.14240688760502218 0.9886504441817475 0.04785997891645873
vn 0.3732009180966145 0.9249427334556451 0.07212499261312653
vn 0.06410399720255557 0.9978509979289883 0.013566999475823825
vn 0.07183600764582038 0.9971910440832636 0.021203999755710634
vn 0.3732009180966145 0.9249427334556451 0.07212499261312653
vn 0.10127700466035112 0.994789217108267 0.011721000475570188
vn 0.06410399720255557 0.9978509979289883 0.013566999475823825
vn 0.3732009180966145 0.9249427334556451 0.07212499261312653
vn 0.08787700977272325 0.9961192017439876 -0.004916001457042379
vn 0.42863820085160276 0.9033953179484565 0.012090999938299245
vn 0.4290157768604833 0.9015155850038585 -0.056701968219335465
vn 0.05673098891491857 0.9983857790582455 0.0027259990821470177
vn 0.10127700466035112 0.994789217108267 0.011721000475570188
vn 0.42863820085160276 0.9033953179484565 0.012090999938299245
vn 0.08787700977272325 0.9961192017439876 -0.004916001457042379
vn 0.05673098891491857 0.9983857790582455 0.0027259990821470177
vn 0.42863820085160276 0.9033953179484565 0.012090999938299245
vn 0.10160799958899643 0.9946939836879403 -0.016115000295949006
vn 0.4290157768604833 0.9015155850038585 -0.056701968219335465
vn 0.346367212595328 0.9347314304545997 -0.07941603716656044
vn 0.10160799958899643 0.9946939836879403 -0.016115000295949006
vn 0.08787700977272325 0.9961192017439876 -0.004916001457042379
vn 0.4290157768604833 0.9015155850038585 -0.056701968219335465
vn 0.23360397642480707 0.9711900010156257 -0.04710800490136539
vn 0.10160799958899643 0.9946939836879403 -0.016115000295949006
vn 0.346367212595328 0.9347314304545997 -0.07941603716656044
vn 0.23360397642480707 0.9711900010156257 -0.04710800490136539
vn 0.055931009362113066 0.9982861282209339 -0.01721999980814263
vn 0.10160799958899643 0.9946939836879403 -0.016115000295949006
vn 0.2003439937294927 0.9769070023789808 -0.07426299805038017
vn 0.055931009362113066 0.9982861282209339 -0.01721999980814263
vn 0.23360397642480707 0.9711900010156257 -0.04710800490136539
vn 0.2003439937294927 0.9769070023789808 -0.07426299805038017
vn 0.052818995924166466 0.9984059406203261 -0.019892998859018574
vn 0.055931009362113066 0.9982861282209339 -0.01721999980814263
vn 0.2003439937294927 0.9769070023789808 -0.07426299805038017
vn 0.08763394310409184 0.9956494098490377 -0.031662986013510946
vn 0.052818995924166466 0.9984059406203261 -0.019892998859018574
vn -0.0002659999787765582 0.9999999646220049 0
vn 0.052818995924166466 0.9984059406203261 -0.019892998859018574
vn 0.08763394310409184 0.9956494098490377 -0.031662986013510946
vn -0.00044400000761490936 0.9999998871514889 -0.00016900000735581118
vn 0.052818995924166466 0.9984059406203261 -0.019892998859018574
vn -0.0002659999787765582 0.9999999646220049 0
vn -0.00033799999073904686 0.9999999354360023 -0.00012199998976880897
vn 0.08763394310409184 0.9956494098490377 -0.031662986013510946
vn 0.07237095539201807 0.9970364351568152 -0.026091986996712883
vn -0.0005729999591361479 0.9999998137855095 -0.00020999998426183883
vn 0.08763394310409184 0.9956494098490377 -0.031662986013510946
vn -0.00033799999073904686 0.9999999354360023 -0.00012199998976880897
vn -0.0002659999787765582 0.9999999646220049 0
vn 0.08763394310409184 0.9956494098490377 -0.031662986013510946
vn -0.0005729999591361479 0.9999998137855095 -0.00020999998426183883
vn -0.0004290000135655497 0.9999998961214895 -0.00015399999628778566
vn 0.07237095539201807 0.9970364351568152 -0.026091986996712883
vn 0.11569498971126556 0.9932658411269685 -0.006134998455233239
vn -0.0007340000840494161 0.9999996957738836 -0.00026400003189564966
vn 0.07237095539201807 0.9970364351568152 -0.026091986996712883
vn -0.0004290000135655497 0.9999998961214895 -0.00015399999628778566
vn -0.00033799999073904686 0.9999999354360023 -0.00012199998976880897
vn 0.07237095539201807 0.9970364351568152 -0.026091986996712883
vn -0.0007340000840494161 0.9999996957738836 -0.00026400003189564966
vn -0.0005439999833396766 0.9999998326274967 -0.00019699999171977108
vn 0.11569498971126556 0.9932658411269685 -0.006134998455233239
vn 0.02285999123371038 0.9997026006768996 -0.008492997152812
vn -0.0004290000135655497 0.9999998961214895 -0.00015399999628778566
vn 0.11569498971126556 0.9932658411269685 -0.006134998455233239
vn -0.0005439999833396766 0.9999998326274967 -0.00019699999171977108
vn -0.0007039999323937107 0.9999997173440143 -0.0002639999746476415
vn 0.02285999123371038 0.9997026006768996 -0.008492997152812
vn 0.027256009103362077 0.9995713464402864 -0.010687999967729562
vn -0.001221999902989452 0.9999991525572678 -0.00044899998116985825
vn 0.02285999123371038 0.9997026006768996 -0.008492997152812
vn -0.0007039999323937107 0.9999997173440143 -0.0002639999746476415
vn -0.0005439999833396766 0.9999998326274967 -0.00019699999171977108
vn 0.02285999123371038 0.9997026006768996 -0.008492997152812
vn -0.001221999902989452 0.9999991525572678 -0.00044899998116985825
vn -0.000930999961351864 0.9999994947989107 -0.0003789999938638369
vn 0.027256009103362077 0.9995713464402864 -0.010687999967729562
vn 0.03428100576705761 0.999301142257348 -0.014900997508837903
vn -0.0015979988562740896 0.9999985309987827 -0.0006199999453467513
vn 0.027256009103362077 0.9995713464402864 -0.010687999967729562
vn -0.000930999961351864 0.9999994947989107 -0.0003789999938638369
vn -0.0007039999323937107 0.9999997173440143 -0.0002639999746476415
vn 0.027256009103362077 0.9995713464402864 -0.010687999967729562
vn -0.0015979988562740896 0.9999985309987827 -0.0006199999453467513
vn -0.0012709999302534958 0.9999990388211321 -0.0005539999902992115
vn 0.03428100576705761 0.999301142257348 -0.014900997508837903
vn 0.043940991908227554 0.9988317062919092 -0.020109990952616362
vn -0.000930999961351864 0.9999994947989107 -0.0003789999938638369
vn 0.03428100576705761 0.999301142257348 -0.014900997508837903
vn -0.0012709999302534958 0.9999990388211321 -0.0005539999902992115
vn -0.0019119988995750603 0.9999975845992358 -0.0010839999547858521
vn 0.043940991908227554 0.9988317062919092 -0.020109990952616362
vn 0.008182996388236871 0.99993765256686 -0.007597996392981608
vn -0.0030730009165438736 0.9999941757032936 -0.001484999951906518
vn 0.043940991908227554 0.9988317062919092 -0.020109990952616362
vn -0.0019119988995750603 0.9999975845992358 -0.0010839999547858521
vn -0.0012709999302534958 0.9999990388211321 -0.0005539999902992115
vn 0.043940991908227554 0.9988317062919092 -0.020109990952616362
vn -0.0030730009165438736 0.9999941757032936 -0.001484999951906518
vn -0.1682299899976819 -0.982923942691422 -0.07455999831900506
vn 0.0016400000250714932 0.99997567748905 -0.006778999205887246
vn 0.008182996388236871 0.99993765256686 -0.007597996392981608
vn -0.0030080001320007873 0.999986901940655 -0.004141000161440702
vn 0.008182996388236871 0.99993765256686 -0.007597996392981608
vn 0.0016400000250714932 0.99997567748905 -0.006778999205887246
vn -0.0044329990826217835 0.9999846263639951 -0.00333099906854588
vn 0.008182996388236871 0.99993765256686 -0.007597996392981608
vn -0.0030080001320007873 0.999986901940655 -0.004141000161440702
vn -0.0019119988995750603 0.9999975845992358 -0.0010839999547858521
vn 0.008182996388236871 0.99993765256686 -0.007597996392981608
vn -0.0044329990826217835 0.9999846263639951 -0.00333099906854588
vn -0.0030080001320007873 0.999986901940655 -0.004141000161440702
vn 0.0016400000250714932 0.99997567748905 -0.006778999205887246
vn -0.1682299899976819 -0.982923942691422 -0.07455999831900506
vn -0.0044329990826217835 0.9999846263639951 -0.00333099906854588
vn -0.0030080001320007873 0.999986901940655 -0.004141000161440702
vn -0.1682299899976819 -0.982923942691422 -0.07455999831900506
vn -0.0019119988995750603 0.9999975845992358 -0.0010839999547858521
vn -0.0044329990826217835 0.9999846263639951 -0.00333099906854588
vn -0.1682299899976819 -0.982923942691422 -0.07455999831900506
vn -0.0030730009165438736 0.9999941757032936 -0.001484999951906518
vn -0.0019119988995750603 0.9999975845992358 -0.0010839999547858521
vn -0.1682299899976819 -0.982923942691422 -0.07455999831900506
vn -0.0012709999302534958 0.9999990388211321 -0.0005539999902992115
vn -0.0030730009165438736 0.9999941757032936 -0.001484999951906518
vn -0.1682299899976819 -0.982923942691422 -0.07455999831900506
vn -0.000930999961351864 0.9999994947989107 -0.0003789999938638369
vn -0.0012709999302534958 0.9999990388211321 -0.0005539999902992115
vn -0.1682299899976819 -0.982923942691422 -0.07455999831900506
vn -0.0015979988562740896 0.9999985309987827 -0.0006199999453467513
vn -0.000930999961351864 0.9999994947989107 -0.0003789999938638369
vn -0.1682299899976819 -0.982923942691422 -0.07455999831900506
vn -0.0007039999323937107 0.9999997173440143 -0.0002639999746476415
vn -0.0015979988562740896 0.9999985309987827 -0.0006199999453467513
vn -0.1682299899976819 -0.982923942691422 -0.07455999831900506
vn -0.001221999902989452 0.9999991525572678 -0.00044899998116985825
vn -0.0007039999323937107 0.9999997173440143 -0.0002639999746476415
vn -0.1682299899976819 -0.982923942691422 -0.07455999831900506
vn -0.0005439999833396766 0.9999998326274967 -0.00019699999171977108
vn -0.001221999902989452 0.9999991525572678 -0.00044899998116985825
vn -0.1682299899976819 -0.982923942691422 -0.07455999831900506
vn -0.0004290000135655497 0.9999998961214895 -0.00015399999628778566
vn -0.0005439999833396766 0.9999998326274967 -0.00019699999171977108
vn -0.1682299899976819 -0.982923942691422 -0.07455999831900506
vn -0.0007340000840494161 0.9999996957738836 -0.00026400003189564966
vn -0.0004290000135655497 0.9999998961214895 -0.00015399999628778566
vn -0.1682299899976819 -0.982923942691422 -0.07455999831900506
vn -0.00033799999073904686 0.9999999354360023 -0.00012199998976880897
vn -0.0007340000840494161 0.9999996957738836 -0.00026400003189564966
vn -0.1682299899976819 -0.982923942691422 -0.07455999831900506
vn -0.0005729999591361479 0.9999998137855095 -0.00020999998426183883
vn -0.00033799999073904686 0.9999999354360023 -0.00012199998976880897
vn -0.1682299899976819 -0.982923942691422 -0.07455999831900506
vn -0.0002659999787765582 0.9999999646220049 0
vn -0.0005729999591361479 0.9999998137855095 -0.00020999998426183883
vn -0.1682299899976819 -0.982923942691422 -0.07455999831900506
vn -0.00044400000761490936 0.9999998871514889 -0.00016900000735581118
vn -0.0002659999787765582 0.9999999646220049 0
vn -0.1682299899976819 -0.982923942691422 -0.07455999831900506
vn -0.07915197287741188 -0.996860620199693 0.0019669989061587806
vn -0.478831171737322 -0.8777672693534642 0.015663008153806782
vn -0.4229130120363838 -0.9054428873982453 -0.03630099048568836
vn -0.07915197287741188 -0.996860620199693 0.0019669989061587806
vn -0.3738470281794896 -0.9254392466083602 0.06164900938632228
vn -0.478831171737322 -0.8777672693534642 0.015663008153806782
vn -0.11136688872638284 -0.9936644219475506 -0.015113988588246452
vn -0.07915197287741188 -0.996860620199693 0.0019669989061587806
vn -0.4229130120363838 -0.9054428873982453 -0.03630099048568836
vn -0.07915197287741188 -0.996860620199693 0.0019669989061587806
vn -0.09030097466250671 -0.9957896413449265 0.01577099125432104
vn -0.3738470281794896 -0.9254392466083602 0.06164900938632228
vn -0.33099012028494207 -0.9391963294959953 0.09141003738654521
vn -0.3738470281794896 -0.9254392466083602 0.06164900938632228
vn -0.09030097466250671 -0.9957896413449265 0.01577099125432104
vn -0.06841296662582709 -0.9974484981332454 0.020399989440849656
vn -0.33099012028494207 -0.9391963294959953 0.09141003738654521
vn -0.09030097466250671 -0.9957896413449265 0.01577099125432104
vn -0.11556399727312569 -0.9922398382734132 0.04588099690948228
vn -0.3798731813216911 -0.9151983736014944 0.13456709504822187
vn -0.33099012028494207 -0.9391963294959953 0.09141003738654521
vn -0.08927399501214406 -0.9952190931708113 0.03961199821821696
vn -0.14702307893947245 -0.9823912984820714 0.11528898874509765
vn -0.3798731813216911 -0.9151983736014944 0.13456709504822187
vn -0.20621608190623955 -0.9737414010713223 0.09645004615290347
vn -0.3798731813216911 -0.9151983736014944 0.13456709504822187
vn -0.14702307893947245 -0.9823912984820714 0.11528898874509765
vn -0.11556399727312569 -0.9922398382734132 0.04588099690948228
vn -0.08927399501214406 -0.9952190931708113 0.03961199821821696
vn -0.3798731813216911 -0.9151983736014944 0.13456709504822187
vn -0.4421089919614256 -0.8919271295246014 0.09489802339804992
vn -0.3798731813216911 -0.9151983736014944 0.13456709504822187
vn -0.20621608190623955 -0.9737414010713223 0.09645004615290347
vn -0.06841296662582709 -0.9974484981332454 0.020399989440849656
vn -0.11556399727312569 -0.9922398382734132 0.04588099690948228
vn -0.33099012028494207 -0.9391963294959953 0.09141003738654521
vn 0.19639598598089192 -0.9783330794531805 0.06552100684704222
vn -0.1031929848696102 -0.9924372771565217 0.0664790100998049
vn -0.013024998105042528 -0.996649198252625 0.08075100647523412
vn 0.19639598598089192 -0.9783330794531805 0.06552100684704222
vn -0.013024998105042528 -0.996649198252625 0.08075100647523412
vn -0.15500199268395037 -0.9861188792090376 0.05953098631398522
vn 0.45005096454916954 -0.8820059011535388 0.13971299022888262
vn -0.15500199268395037 -0.9861188792090376 0.05953098631398522
vn -0.013024998105042528 -0.996649198252625 0.08075100647523412
vn 0.5828709803146104 -0.7718599511300297 0.25395597285481
vn 0.45005096454916954 -0.8820059011535388 0.13971299022888262
vn -0.013024998105042528 -0.996649198252625 0.08075100647523412
vn 0.2935909065215308 -0.9407158001744057 0.16987690516987114
vn 0.5828709803146104 -0.7718599511300297 0.25395597285481
vn -0.013024998105042528 -0.996649198252625 0.08075100647523412
vn 0.18109007619523138 -0.9769602835543492 0.11293798590824432
vn 0.2935909065215308 -0.9407158001744057 0.16987690516987114
vn -0.013024998105042528 -0.996649198252625 0.08075100647523412
vn 0.19639598598089192 -0.9783330794531805 0.06552100684704222
vn -0.06466499106382136 -0.9939489023575753 0.08879199531988986
vn -0.1031929848696102 -0.9924372771565217 0.0664790100998049
vn -0.15500199268395037 -0.9861188792090376 0.05953098631398522
vn -0.20621608190623955 -0.9737414010713223 0.09645004615290347
vn -0.06466499106382136 -0.9939489023575753 0.08879199531988986
vn 0.19639598598089192 -0.9783330794531805 0.06552100684704222
vn -0.15500199268395037 -0.9861188792090376 0.05953098631398522
vn -0.06466499106382136 -0.9939489023575753 0.08879199531988986
vn -0.45461510358570256 -0.881452355488359 0.1279330004173441
vn -0.4421089919614256 -0.8919271295246014 0.09489802339804992
vn -0.20621608190623955 -0.9737414010713223 0.09645004615290347
vn -0.26723308611899954 -0.9542443131152749 0.13417998572988596
vn -0.45461510358570256 -0.881452355488359 0.1279330004173441
vn -0.20621608190623955 -0.9737414010713223 0.09645004615290347
vn -0.15500199268395037 -0.9861188792090376 0.05953098631398522
vn -0.26723308611899954 -0.9542443131152749 0.13417998572988596
vn -0.20621608190623955 -0.9737414010713223 0.09645004615290347
vn -0.49706891882553667 -0.6891279318108791 0.5272809341666663
vn -0.45461510358570256 -0.881452355488359 0.1279330004173441
vn -0.26723308611899954 -0.9542443131152749 0.13417998572988596
vn -0.5451573018729369 -0.6432722671541026 0.537591207633682
vn -0.45461510358570256 -0.881452355488359 0.1279330004173441
vn -0.49706891882553667 -0.6891279318108791 0.5272809341666663
vn -0.2368999036761674 -0.9446905503353821 0.2267999112549552
vn -0.26723308611899954 -0.9542443131152749 0.13417998572988596
vn -0.15500199268395037 -0.9861188792090376 0.05953098631398522
vn -0.347187056826425 -0.8812952091075313 0.3205930472987793
vn -0.26723308611899954 -0.9542443131152749 0.13417998572988596
vn -0.2368999036761674 -0.9446905503353821 0.2267999112549552
vn -0.49706891882553667 -0.6891279318108791 0.5272809341666663
vn -0.26723308611899954 -0.9542443131152749 0.13417998572988596
vn -0.347187056826425 -0.8812952091075313 0.3205930472987793
vn 0.4067540681797672 -0.8006540978946228 0.4398910587222216
vn -0.15500199268395037 -0.9861188792090376 0.05953098631398522
vn 0.45005096454916954 -0.8820059011535388 0.13971299022888262
vn -0.2368999036761674 -0.9446905503353821 0.2267999112549552
vn -0.15500199268395037 -0.9861188792090376 0.05953098631398522
vn 0.4067540681797672 -0.8006540978946228 0.4398910587222216
vn 0.5828709803146104 -0.7718599511300297 0.25395597285481
vn 0.8643110928441874 -0.4431659845468187 0.2378450018964771
vn 0.45005096454916954 -0.8820059011535388 0.13971299022888262
vn 0.4067540681797672 -0.8006540978946228 0.4398910587222216
vn 0.45005096454916954 -0.8820059011535388 0.13971299022888262
vn 0.8643110928441874 -0.4431659845468187 0.2378450018964771
vn 0.8981648111938596 -0.2688329764392475 0.34789194114252414
vn 0.9096410412116755 0.34368399305518704 0.23331199939347494
vn 0.8643110928441874 -0.4431659845468187 0.2378450018964771
vn 0.8455964620573699 -0.3309181810319445 0.4188791959725003
vn 0.8643110928441874 -0.4431659845468187 0.2378450018964771
vn 0.9096410412116755 0.34368399305518704 0.23331199939347494
vn 0.5828709803146104 -0.7718599511300297 0.25395597285481
vn 0.8981648111938596 -0.2688329764392475 0.34789194114252414
vn 0.8643110928441874 -0.4431659845468187 0.2378450018964771
vn 0.4067540681797672 -0.8006540978946228 0.4398910587222216
vn 0.8643110928441874 -0.4431659845468187 0.2378450018964771
vn 0.8455964620573699 -0.3309181810319445 0.4188791959725003
vn 0.7121528580379205 0.6913968564452759 0.12169097618973994
vn 0.7675756869582883 0.626849775240723 0.13374200563460464
vn 0.9096410412116755 0.34368399305518704 0.23331199939347494
vn 0.9427127216919048 0.09646996084921426 0.31935289416880563
vn 0.9096410412116755 0.34368399305518704 0.23331199939347494
vn 0.7675756869582883 0.626849775240723 0.13374200563460464
vn 0.6887009649488599 0.6791300684489524 0.2539159920269506
vn 0.7121528580379205 0.6913968564452759 0.12169097618973994
vn 0.9096410412116755 0.34368399305518704 0.23331199939347494
vn 0.8561022184319261 0.3480941017631518 0.38199409408214535
vn 0.6887009649488599 0.6791300684489524 0.2539159920269506
vn 0.9096410412116755 0.34368399305518704 0.23331199939347494
vn 0.8981648111938596 -0.2688329764392475 0.34789194114252414
vn 0.8561022184319261 0.3480941017631518 0.38199409408214535
vn 0.9096410412116755 0.34368399305518704 0.23331199939347494
vn 0.8455964620573699 -0.3309181810319445 0.4188791959725003
vn 0.9096410412116755 0.34368399305518704 0.23331199939347494
vn 0.9427127216919048 0.09646996084921426 0.31935289416880563
vn 0.7943312099139616 0.6036182460905484 0.06843202425174914
vn 0.7675756869582883 0.626849775240723 0.13374200563460464
vn 0.7121528580379205 0.6913968564452759 0.12169097618973994
vn 0.762503684248727 0.6415467864049956 0.08370096989008306
vn 0.7675756869582883 0.626849775240723 0.13374200563460464
vn 0.7432708522806831 0.6639348670335813 0.0820910012549956
vn 0.7943312099139616 0.6036182460905484 0.06843202425174914
vn 0.7432708522806831 0.6639348670335813 0.0820910012549956
vn 0.7675756869582883 0.626849775240723 0.13374200563460464
vn 0.9427127216919048 0.09646996084921426 0.31935289416880563
vn 0.7675756869582883 0.626849775240723 0.13374200563460464
vn 0.762503684248727 0.6415467864049956 0.08370096989008306
vn 0.7898708066702131 0.5691338835779179 0.22845290835019716
vn 0.7121528580379205 0.6913968564452759 0.12169097618973994
vn 0.6887009649488599 0.6791300684489524 0.2539159920269506
vn 0.7898708066702131 0.5691338835779179 0.22845290835019716
vn 0.7943312099139616 0.6036182460905484 0.06843202425174914
vn 0.7121528580379205 0.6913968564452759 0.12169097618973994
vn 0.6386970363494124 0.7060629815987012 0.30584499632073336
vn 0.6887009649488599 0.6791300684489524 0.2539159920269506
vn 0.8561022184319261 0.3480941017631518 0.38199409408214535
vn 0.7898708066702131 0.5691338835779179 0.22845290835019716
vn 0.6887009649488599 0.6791300684489524 0.2539159920269506
vn 0.6386970363494124 0.7060629815987012 0.30584499632073336
vn 0.7476097844979234 -0.03966398858533269 0.6629527721734564
vn 0.8561022184319261 0.3480941017631518 0.38199409408214535
vn 0.8981648111938596 -0.2688329764392475 0.34789194114252414
vn 0.5832147973907712 0.6502807490646255 0.4868217820726504
vn 0.6386970363494124 0.7060629815987012 0.30584499632073336
vn 0.8561022184319261 0.3480941017631518 0.38199409408214535
vn 0.7476097844979234 -0.03966398858533269 0.6629527721734564
vn 0.5832147973907712 0.6502807490646255 0.4868217820726504
vn 0.8561022184319261 0.3480941017631518 0.38199409408214535
vn 0.7476097844979234 -0.03966398858533269 0.6629527721734564
vn 0.8981648111938596 -0.2688329764392475 0.34789194114252414
vn 0.5828709803146104 -0.7718599511300297 0.25395597285481
vn 0.7476097844979234 -0.03966398858533269 0.6629527721734564
vn 0.5828709803146104 -0.7718599511300297 0.25395597285481
vn 0.2935909065215308 -0.9407158001744057 0.16987690516987114
vn 0.523920112853135 -0.7670460852214125 0.3703350084645842
vn 0.7476097844979234 -0.03966398858533269 0.6629527721734564
vn 0.2935909065215308 -0.9407158001744057 0.16987690516987114
vn 0.334110098992805 -0.9306073450439442 0.14946709036199063
vn 0.2935909065215308 -0.9407158001744057 0.16987690516987114
vn 0.2543199910181103 -0.958856088372211 0.1261599935006775
vn 0.380652957778666 -0.9218828994997882 0.07235499529553206
vn 0.2935909065215308 -0.9407158001744057 0.16987690516987114
vn 0.334110098992805 -0.9306073450439442 0.14946709036199063
vn 0.523920112853135 -0.7670460852214125 0.3703350084645842
vn 0.2935909065215308 -0.9407158001744057 0.16987690516987114
vn 0.380652957778666 -0.9218828994997882 0.07235499529553206
vn 0.7106937993721518 0.5408458882958228 0.449888929234181
vn 0.6386970363494124 0.7060629815987012 0.30584499632073336
vn 0.5832147973907712 0.6502807490646255 0.4868217820726504
vn 0.7106937993721518 0.5408458882958228 0.449888929234181
vn 0.7898708066702131 0.5691338835779179 0.22845290835019716
vn 0.6386970363494124 0.7060629815987012 0.30584499632073336
vn 0.34706987463655037 0.7763167887606386 0.5261888877657331
vn 0.5832147973907712 0.6502807490646255 0.4868217820726504
vn 0.7476097844979234 -0.03966398858533269 0.6629527721734564
vn 0.5760789670943026 0.48251386782749583 0.6597828362618349
vn 0.7106937993721518 0.5408458882958228 0.449888929234181
vn 0.5832147973907712 0.6502807490646255 0.4868217820726504
vn 0.34706987463655037 0.7763167887606386 0.5261888877657331
vn 0.5760789670943026 0.48251386782749583 0.6597828362618349
vn 0.5832147973907712 0.6502807490646255 0.4868217820726504
vn 0.6043471789769858 -0.016156998056846405 0.7965572413055764
vn 0.7476097844979234 -0.03966398858533269 0.6629527721734564
vn 0.523920112853135 -0.7670460852214125 0.3703350084645842
vn 0.38179409637643247 0.5321459788838694 0.7556811001539153
vn 0.7476097844979234 -0.03966398858533269 0.6629527721734564
vn 0.6043471789769858 -0.016156998056846405 0.7965572413055764
vn 0.34706987463655037 0.7763167887606386 0.5261888877657331
vn 0.7476097844979234 -0.03966398858533269 0.6629527721734564
vn 0.38179409637643247 0.5321459788838694 0.7556811001539153
vn 0.334110098992805 -0.9306073450439442 0.14946709036199063
vn 0.2543199910181103 -0.958856088372211 0.1261599935006775
vn 0.44594610987692596 -0.8843361983284727 0.13813600331405743
vn 0.380652957778666 -0.9218828994997882 0.07235499529553206
vn 0.334110098992805 -0.9306073450439442 0.14946709036199063
vn 0.44594610987692596 -0.8843361983284727 0.13813600331405743
vn 0.523920112853135 -0.7670460852214125 0.3703350084645842
vn 0.380652957778666 -0.9218828994997882 0.07235499529553206
vn 0.48196418479019937 -0.8760083623991952 -0.017885010097804546
vn 0.5708748778580914 -0.5406388748063812 0.6179089584061711
vn 0.6043471789769858 -0.016156998056846405 0.7965572413055764
vn 0.523920112853135 -0.7670460852214125 0.3703350084645842
vn 0.3293070973675437 0.18384008943728208 0.926153149937447
vn 0.38179409637643247 0.5321459788838694 0.7556811001539153
vn 0.6043471789769858 -0.016156998056846405 0.7965572413055764
vn 0.326719927184918 0.09423298142011102 0.9404117366308009
vn 0.3293070973675437 0.18384008943728208 0.926153149937447
vn 0.6043471789769858 -0.016156998056846405 0.7965572413055764
vn 0.5708748778580914 -0.5406388748063812 0.6179089584061711
vn 0.326719927184918 0.09423298142011102 0.9404117366308009
vn 0.6043471789769858 -0.016156998056846405 0.7965572413055764
vn 0.48023500642919525 0.34541898681269195 0.8062630229331147
vn 0.38179409637643247 0.5321459788838694 0.7556811001539153
vn 0.3293070973675437 0.18384008943728208 0.926153149937447
vn 0.5760789670943026 0.48251386782749583 0.6597828362618349
vn 0.38179409637643247 0.5321459788838694 0.7556811001539153
vn 0.48023500642919525 0.34541898681269195 0.8062630229331147
vn 0.34706987463655037 0.7763167887606386 0.5261888877657331
vn 0.38179409637643247 0.5321459788838694 0.7556811001539153
vn 0.5760789670943026 0.48251386782749583 0.6597828362618349
vn 0.48023500642919525 0.34541898681269195 0.8062630229331147
vn 0.3293070973675437 0.18384008943728208 0.926153149937447
vn 0.326719927184918 0.09423298142011102 0.9404117366308009
vn 0.3067980898301075 -0.11301399375406211 0.9450411468779304
vn 0.326719927184918 0.09423298142011102 0.9404117366308009
vn 0.5708748778580914 -0.5406388748063812 0.6179089584061711
vn 0.12751698611354825 0.1234899849873201 0.9841187132964949
vn 0.326719927184918 0.09423298142011102 0.9404117366308009
vn 0.3067980898301075 -0.11301399375406211 0.9450411468779304
vn 0.31684689910975683 0.14506399263900432 0.9373177052441516
vn 0.48023500642919525 0.34541898681269195 0.8062630229331147
vn 0.326719927184918 0.09423298142011102 0.9404117366308009
vn 0.12751698611354825 0.1234899849873201 0.9841187132964949
vn 0.31684689910975683 0.14506399263900432 0.9373177052441516
vn 0.326719927184918 0.09423298142011102 0.9404117366308009
vn 0.4833349526029114 -0.48776095477795745 0.7269639431130244
vn 0.3067980898301075 -0.11301399375406211 0.9450411468779304
vn 0.5708748778580914 -0.5406388748063812 0.6179089584061711
vn 0.4833349526029114 -0.48776095477795745 0.7269639431130244
vn 0.23703709789281283 -0.032699009961837756 0.9709501475204938
vn 0.3067980898301075 -0.11301399375406211 0.9450411468779304
vn 0.12751698611354825 0.1234899849873201 0.9841187132964949
vn 0.3067980898301075 -0.11301399375406211 0.9450411468779304
vn 0.23703709789281283 -0.032699009961837756 0.9709501475204938
vn 0.32141101639338143 -0.214365007354068 0.9223570903739309
vn 0.23703709789281283 -0.032699009961837756 0.9709501475204938
vn 0.4833349526029114 -0.48776095477795745 0.7269639431130244
vn 0.3270331696870373 -0.11784408930501686 0.9376364308943635
vn 0.23703709789281283 -0.032699009961837756 0.9709501475204938
vn 0.32141101639338143 -0.214365007354068 0.9223570903739309
vn 0.12751698611354825 0.1234899849873201 0.9841187132964949
vn 0.23703709789281283 -0.032699009961837756 0.9709501475204938
vn 0.3270331696870373 -0.11784408930501686 0.9376364308943635
vn 0.3270331696870373 -0.11784408930501686 0.9376364308943635
vn 0.32141101639338143 -0.214365007354068 0.9223570903739309
vn 0.4833349526029114 -0.48776095477795745 0.7269639431130244
vn 0.5759837655689357 -0.5843187607884902 0.5716767334706148
vn 0.3270331696870373 -0.11784408930501686 0.9376364308943635
vn 0.4833349526029114 -0.48776095477795745 0.7269639431130244
vn 0.3571858733282383 -0.13016099248194263 0.9249196548516305
vn 0.3270331696870373 -0.11784408930501686 0.9376364308943635
vn 0.5759837655689357 -0.5843187607884902 0.5716767334706148
vn 0.17625909297318568 0.08314102536033074 0.9808263363339622
vn 0.3270331696870373 -0.11784408930501686 0.9376364308943635
vn 0.3571858733282383 -0.13016099248194263 0.9249196548516305
vn 0.12751698611354825 0.1234899849873201 0.9841187132964949
vn 0.3270331696870373 -0.11784408930501686 0.9376364308943635
vn 0.17625909297318568 0.08314102536033074 0.9808263363339622
vn 0.401790742189749 -0.17076588297539158 0.8996683904096251
vn 0.3571858733282383 -0.13016099248194263 0.9249196548516305
vn 0.5759837655689357 -0.5843187607884902 0.5716767334706148
vn 0.30952706984732764 -0.17194008690552987 0.9352163383659668
vn 0.401790742189749 -0.17076588297539158 0.8996683904096251
vn 0.5759837655689357 -0.5843187607884902 0.5716767334706148
vn 0.5408068006521055 -0.3361359129099862 0.7710646227266583
vn 0.30952706984732764 -0.17194008690552987 0.9352163383659668
vn 0.5759837655689357 -0.5843187607884902 0.5716767334706148
vn 0.633592147576932 -0.7012621308998583 0.32679108662055173
vn 0.5408068006521055 -0.3361359129099862 0.7710646227266583
vn 0.5759837655689357 -0.5843187607884902 0.5716767334706148
vn 0.25413499420543584 0.12426899217814019 0.9591520329453681
vn 0.3571858733282383 -0.13016099248194263 0.9249196548516305
vn 0.401790742189749 -0.17076588297539158 0.8996683904096251
vn 0.2054579740845926 0.142255988445719 0.9682717875867223
vn 0.17625909297318568 0.08314102536033074 0.9808263363339622
vn 0.3571858733282383 -0.13016099248194263 0.9249196548516305
vn 0.25413499420543584 0.12426899217814019 0.9591520329453681
vn 0.2054579740845926 0.142255988445719 0.9682717875867223
vn 0.3571858733282383 -0.13016099248194263 0.9249196548516305
vn 0.5002361718760883 0.11223508980399273 0.8585843330526397
vn 0.401790742189749 -0.17076588297539158 0.8996683904096251
vn 0.30952706984732764 -0.17194008690552987 0.9352163383659668
vn 0.24531510918276678 0.32080111490766006 0.9148262905495499
vn 0.25413499420543584 0.12426899217814019 0.9591520329453681
vn 0.401790742189749 -0.17076588297539158 0.8996683904096251
vn 0.5002361718760883 0.11223508980399273 0.8585843330526397
vn 0.24531510918276678 0.32080111490766006 0.9148262905495499
vn 0.401790742189749 -0.17076588297539158 0.8996683904096251
vn 0.5002361718760883 0.11223508980399273 0.8585843330526397
vn 0.30952706984732764 -0.17194008690552987 0.9352163383659668
vn 0.5408068006521055 -0.3361359129099862 0.7710646227266583
vn 0.594028877724441 -0.3051100011511535 0.7443370067563376
vn 0.5408068006521055 -0.3361359129099862 0.7710646227266583
vn 0.633592147576932 -0.7012621308998583 0.32679108662055173
vn 0.594028877724441 -0.3051100011511535 0.7443370067563376
vn 0.7206398423045662 0.2018329830086862 0.6632809846913036
vn 0.5408068006521055 -0.3361359129099862 0.7710646227266583
vn 0.5002361718760883 0.11223508980399273 0.8585843330526397
vn 0.5408068006521055 -0.3361359129099862 0.7710646227266583
vn 0.7206398423045662 0.2018329830086862 0.6632809846913036
vn 0.594028877724441 -0.3051100011511535 0.7443370067563376
vn 0.633592147576932 -0.7012621308998583 0.32679108662055173
vn 0.8238747494468567 -0.32595287877253576 0.46366487687097463
vn 0.767722683731014 -0.6385107882045272 0.05390597584018402
vn 0.8238747494468567 -0.32595287877253576 0.46366487687097463
vn 0.633592147576932 -0.7012621308998583 0.32679108662055173
vn 0.12751698611354825 0.1234899849873201 0.9841187132964949
vn 0.17625909297318568 0.08314102536033074 0.9808263363339622
vn 0.2054579740845926 0.142255988445719 0.9682717875867223
vn 0.24531510918276678 0.32080111490766006 0.9148262905495499
vn 0.2054579740845926 0.142255988445719 0.9682717875867223
vn 0.25413499420543584 0.12426899217814019 0.9591520329453681
vn 0.24531510918276678 0.32080111490766006 0.9148262905495499
vn 0.30069011688386993 0.2698841116383812 0.914739317999137
vn 0.2054579740845926 0.142255988445719 0.9682717875867223
vn 0.2047339874882056 0.40652997277333436 0.8904029287935272
vn 0.2054579740845926 0.142255988445719 0.9682717875867223
vn 0.30069011688386993 0.2698841116383812 0.914739317999137
vn 0.13451200729467697 0.1311610043616323 0.9821931127982952
vn 0.2054579740845926 0.142255988445719 0.9682717875867223
vn 0.2047339874882056 0.40652997277333436 0.8904029287935272
vn 0.13451200729467697 0.1311610043616323 0.9821931127982952
vn 0.12751698611354825 0.1234899849873201 0.9841187132964949
vn 0.2054579740845926 0.142255988445719 0.9682717875867223
vn 0.2047339874882056 0.40652997277333436 0.8904029287935272
vn 0.14720898985119016 0.4036568623174744 0.9029898398160434
vn 0.16795499745775147 0.4913549161164737 0.854611879882991
vn 0.11515498486955869 0.46867604284677833 0.8758322306932856
vn 0.2047339874882056 0.40652997277333436 0.8904029287935272
vn 0.16795499745775147 0.4913549161164737 0.854611879882991
vn 0.27696608586961313 0.583277087118643 0.7635951983351237
vn 0.16795499745775147 0.4913549161164737 0.854611879882991
vn -0.18357196850166554 0.4299039534445763 0.8840157935201989
vn 0.11515498486955869 0.46867604284677833 0.8758322306932856
vn 0.16795499745775147 0.4913549161164737 0.854611879882991
vn 0.27696608586961313 0.583277087118643 0.7635951983351237
vn 0.2047339874882056 0.40652997277333436 0.8904029287935272
vn 0.29424308156533197 0.4234491658192444 0.8568032521634843
vn 0.14720898985119016 0.4036568623174744 0.9029898398160434
vn 0.24486989362157713 0.17938499975519165 0.9528167489399981
vn 0.14720898985119016 0.4036568623174744 0.9029898398160434
vn 0.29424308156533197 0.4234491658192444 0.8568032521634843
vn 0.2047339874882056 0.40652997277333436 0.8904029287935272
vn 0.2543408743536549 0.5111816865934921 0.8209774679761019
vn 0.29424308156533197 0.4234491658192444 0.8568032521634843
vn 0.3680818933657076 0.41386788618942216 0.8326038028722996
vn 0.29424308156533197 0.4234491658192444 0.8568032521634843
vn 0.2543408743536549 0.5111816865934921 0.8209774679761019
vn 0.3680818933657076 0.41386788618942216 0.8326038028722996
vn 0.24486989362157713 0.17938499975519165 0.9528167489399981
vn 0.29424308156533197 0.4234491658192444 0.8568032521634843
vn 0.2047339874882056 0.40652997277333436 0.8904029287935272
vn 0.30069011688386993 0.2698841116383812 0.914739317999137
vn 0.2543408743536549 0.5111816865934921 0.8209774679761019
vn 0.47496999069197504 0.41433296650234913 0.7763579720795224
vn 0.2543408743536549 0.5111816865934921 0.8209774679761019
vn 0.30069011688386993 0.2698841116383812 0.914739317999137
vn 0.3680818933657076 0.41386788618942216 0.8326038028722996
vn 0.2543408743536549 0.5111816865934921 0.8209774679761019
vn 0.48982300036835186 0.4556178924074371 0.7432938614224868
vn 0.47496999069197504 0.41433296650234913 0.7763579720795224
vn 0.48982300036835186 0.4556178924074371 0.7432938614224868
vn 0.2543408743536549 0.5111816865934921 0.8209774679761019
vn 0.5002361718760883 0.11223508980399273 0.8585843330526397
vn 0.30069011688386993 0.2698841116383812 0.914739317999137
vn 0.24531510918276678 0.32080111490766006 0.9148262905495499
vn 0.7206398423045662 0.2018329830086862 0.6632809846913036
vn 0.47496999069197504 0.41433296650234913 0.7763579720795224
vn 0.30069011688386993 0.2698841116383812 0.914739317999137
vn 0.5002361718760883 0.11223508980399273 0.8585843330526397
vn 0.7206398423045662 0.2018329830086862 0.6632809846913036
vn 0.30069011688386993 0.2698841116383812 0.914739317999137
vn 0.11824098989135436 0.1809369958928898 0.9763610355942975
vn 0.2047339874882056 0.40652997277333436 0.8904029287935272
vn 0.11515498486955869 0.46867604284677833 0.8758322306932856
vn 0.13451200729467697 0.1311610043616323 0.9821931127982952
vn 0.2047339874882056 0.40652997277333436 0.8904029287935272
vn 0.11824098989135436 0.1809369958928898 0.9763610355942975
vn 0.2795530520532537 0.43500805646789775 0.8559311198313406
vn 0.27696608586961313 0.583277087118643 0.7635951983351237
vn -0.18357196850166554 0.4299039534445763 0.8840157935201989
vn -0.8123501384868135 0.0868470141532936 0.5766670171191627
vn -0.9254881413398631 0.04152900951749917 0.3764930830809261
vn -0.8956242029210064 -0.02693800948228591 0.44399507968810237
vn 0.08747802139543488 0.3575930674630883 0.92977136645257
vn 0.11515498486955869 0.46867604284677833 0.8758322306932856
vn 0.27696608586961313 0.583277087118643 0.7635951983351237
vn 0.34189888490010845 0.3298599090675141 0.8799418122205772
vn 0.5243168507276476 0.12733498340891544 0.8419487169912979
vn 0.24486989362157713 0.17938499975519165 0.9528167489399981
vn 0.5039040871374688 -0.07504800452495909 0.8604931539431189
vn 0.24486989362157713 0.17938499975519165 0.9528167489399981
vn 0.5243168507276476 0.12733498340891544 0.8419487169912979
vn 0.48982300036835186 0.4556178924074371 0.7432938614224868
vn 0.34189888490010845 0.3298599090675141 0.8799418122205772
vn 0.24486989362157713 0.17938499975519165 0.9528167489399981
vn 0.3680818933657076 0.41386788618942216 0.8326038028722996
vn 0.48982300036835186 0.4556178924074371 0.7432938614224868
vn 0.24486989362157713 0.17938499975519165 0.9528167489399981
vn 0.7565727365484004 0.20543298354259498 0.6208018875490413
vn 0.7414478344594199 -0.056461992019533606 0.6686308041308167
vn 0.5243168507276476 0.12733498340891544 0.8419487169912979
vn 0.5039040871374688 -0.07504800452495909 0.8604931539431189
vn 0.5243168507276476 0.12733498340891544 0.8419487169912979
vn 0.7414478344594199 -0.056461992019533606 0.6686308041308167
vn 0.7548980308329167 0.30226497222354937 0.5820350931097552
vn 0.7565727365484004 0.20543298354259498 0.6208018875490413
vn 0.5243168507276476 0.12733498340891544 0.8419487169912979
vn 0.34189888490010845 0.3298599090675141 0.8799418122205772
vn 0.7548980308329167 0.30226497222354937 0.5820350931097552
vn 0.5243168507276476 0.12733498340891544 0.8419487169912979
vn 0.9078926275874016 0.15030889437963824 0.39132877870508626
vn 0.9242034896238239 -0.099784937735656 0.3686337965627104
vn 0.7414478344594199 -0.056461992019533606 0.6686308041308167
vn 0.7565727365484004 0.20543298354259498 0.6208018875490413
vn 0.9078926275874016 0.15030889437963824 0.39132877870508626
vn 0.7414478344594199 -0.056461992019533606 0.6686308041308167
vn 0.9568653977510971 -0.07251603206197063 0.28133616134550105
vn 0.9242034896238239 -0.099784937735656 0.3686337965627104
vn 0.9078926275874016 0.15030889437963824 0.39132877870508626
vn 0.9431838315565413 -0.06817098220032562 0.3252029782707483
vn 0.9078926275874016 0.15030889437963824 0.39132877870508626
vn 0.7565727365484004 0.20543298354259498 0.6208018875490413
vn 0.9480169672438165 -0.29934998276032243 0.10795099647169219
vn 0.9078926275874016 0.15030889437963824 0.39132877870508626
vn 0.9431838315565413 -0.06817098220032562 0.3252029782707483
vn 0.9568653977510971 -0.07251603206197063 0.28133616134550105
vn 0.9078926275874016 0.15030889437963824 0.39132877870508626
vn 0.9480169672438165 -0.29934998276032243 0.10795099647169219
vn 0.9431838315565413 -0.06817098220032562 0.3252029782707483
vn 0.7565727365484004 0.20543298354259498 0.6208018875490413
vn 0.7548980308329167 0.30226497222354937 0.5820350931097552
vn 0.48982300036835186 0.4556178924074371 0.7432938614224868
vn 0.7548980308329167 0.30226497222354937 0.5820350931097552
vn 0.34189888490010845 0.3298599090675141 0.8799418122205772
vn 0.7206398423045662 0.2018329830086862 0.6632809846913036
vn 0.7548980308329167 0.30226497222354937 0.5820350931097552
vn 0.48982300036835186 0.4556178924074371 0.7432938614224868
vn 0.9431838315565413 -0.06817098220032562 0.3252029782707483
vn 0.7548980308329167 0.30226497222354937 0.5820350931097552
vn 0.7206398423045662 0.2018329830086862 0.6632809846913036
vn 0.7206398423045662 0.2018329830086862 0.6632809846913036
vn 0.48982300036835186 0.4556178924074371 0.7432938614224868
vn 0.47496999069197504 0.41433296650234913 0.7763579720795224
vn 0.594028877724441 -0.3051100011511535 0.7443370067563376
vn 0.8238747494468567 -0.32595287877253576 0.46366487687097463
vn 0.7206398423045662 0.2018329830086862 0.6632809846913036
vn 0.9431838315565413 -0.06817098220032562 0.3252029782707483
vn 0.7206398423045662 0.2018329830086862 0.6632809846913036
vn 0.8238747494468567 -0.32595287877253576 0.46366487687097463
vn 0.9431838315565413 -0.06817098220032562 0.3252029782707483
vn 0.8238747494468567 -0.32595287877253576 0.46366487687097463
vn 0.767722683731014 -0.6385107882045272 0.05390597584018402
vn 0.17491299869566115 0.419939892572364 0.8905368771216625
vn 0.08204701937061563 -0.4295770938282301 0.8992951723825108
vn 0.07532597420525242 -0.5942196914901723 0.800767729029682
vn -0.8123501384868135 0.0868470141532936 0.5766670171191627
vn -0.8956242029210064 -0.02693800948228591 0.44399507968810237
vn -0.7802017831941933 -0.12402699736370845 0.6131088658839827
vn 0.17491299869566115 0.419939892572364 0.8905368771216625
vn 0.08747802139543488 0.3575930674630883 0.92977136645257
vn 0.08204701937061563 -0.4295770938282301 0.8992951723825108
vn 0.17491299869566115 0.419939892572364 0.8905368771216625
vn 0.07532597420525242 -0.5942196914901723 0.800767729029682
vn 0.21117807820282225 -0.10371608994063886 0.9719294171769821
vn 0.17491299869566115 0.419939892572364 0.8905368771216625
vn 0.21117807820282225 -0.10371608994063886 0.9719294171769821
vn 0.29503799594624125 0.435644867220376 0.850391751260892
vn 0.48023500642919525 0.34541898681269195 0.8062630229331147
vn 0.29503799594624125 0.435644867220376 0.850391751260892
vn 0.5996430733512235 0.4275229601219146 0.6765000392834394
vn 0.17491299869566115 0.419939892572364 0.8905368771216625
vn 0.29503799594624125 0.435644867220376 0.850391751260892
vn 0.2479191081066162 0.5882783186762063 0.7697173088940614
vn 0.48023500642919525 0.34541898681269195 0.8062630229331147
vn 0.2479191081066162 0.5882783186762063 0.7697173088940614
vn 0.29503799594624125 0.435644867220376 0.850391751260892
vn 0.7262470428197604 0.32642899622299254 0.6049870603743545
vn 0.48023500642919525 0.34541898681269195 0.8062630229331147
vn 0.5996430733512235 0.4275229601219146 0.6765000392834394
vn 0.08747802139543488 0.3575930674630883 0.92977136645257
vn 0.27696608586961313 0.583277087118643 0.7635951983351237
vn 0.08204701937061563 -0.4295770938282301 0.8992951723825108
vn -0.8956242029210064 -0.02693800948228591 0.44399507968810237
vn -0.913429301663883 -0.19638409819430452 0.3564830947439736
vn -0.7802017831941933 -0.12402699736370845 0.6131088658839827
vn -0.8101829200021989 -0.3224619889054626 0.4895119016406483
vn -0.711082886000241 -0.6384639236170274 0.2944909972768584
vn -0.6441475275017525 -0.520237645968003 0.5607376878104857
vn 0.09955603964880856 0.1266000015487832 0.9869453047546723
vn 0.11824098989135436 0.1809369958928898 0.9763610355942975
vn 0.11515498486955869 0.46867604284677833 0.8758322306932856
vn 0.08747802139543488 0.3575930674630883 0.92977136645257
vn 0.09955603964880856 0.1266000015487832 0.9869453047546723
vn 0.11515498486955869 0.46867604284677833 0.8758322306932856
vn -0.44144509722519726 0.0386589975927264 0.896455078651999
vn -0.7802017831941933 -0.12402699736370845 0.6131088658839827
vn -0.43517904894506604 -0.008875000819524225 0.9003001886702685
vn 0.13451200729467697 0.1311610043616323 0.9821931127982952
vn 0.11824098989135436 0.1809369958928898 0.9763610355942975
vn 0.12751698611354825 0.1234899849873201 0.9841187132964949
vn -0.7802017831941933 -0.12402699736370845 0.6131088658839827
vn -0.913429301663883 -0.19638409819430452 0.3564830947439736
vn -0.8101829200021989 -0.3224619889054626 0.4895119016406483
vn 0.12751698611354825 0.1234899849873201 0.9841187132964949
vn 0.11824098989135436 0.1809369958928898 0.9763610355942975
vn 0.09955603964880856 0.1266000015487832 0.9869453047546723
vn 0.2479191081066162 0.5882783186762063 0.7697173088940614
vn 0.09955603964880856 0.1266000015487832 0.9869453047546723
vn 0.08747802139543488 0.3575930674630883 0.92977136645257
vn 0.2479191081066162 0.5882783186762063 0.7697173088940614
vn 0.09437803827298524 0.08728802859675798 0.9917023676262121
vn 0.09955603964880856 0.1266000015487832 0.9869453047546723
vn 0.31684689910975683 0.14506399263900432 0.9373177052441516
vn 0.09955603964880856 0.1266000015487832 0.9869453047546723
vn 0.09437803827298524 0.08728802859675798 0.9917023676262121
vn 0.12751698611354825 0.1234899849873201 0.9841187132964949
vn 0.09955603964880856 0.1266000015487832 0.9869453047546723
vn 0.31684689910975683 0.14506399263900432 0.9373177052441516
vn 0.17491299869566115 0.419939892572364 0.8905368771216625
vn 0.2479191081066162 0.5882783186762063 0.7697173088940614
vn 0.08747802139543488 0.3575930674630883 0.92977136645257
vn 0.31684689910975683 0.14506399263900432 0.9373177052441516
vn 0.09437803827298524 0.08728802859675798 0.9917023676262121
vn 0.2479191081066162 0.5882783186762063 0.7697173088940614
vn 0.31684689910975683 0.14506399263900432 0.9373177052441516
vn 0.2479191081066162 0.5882783186762063 0.7697173088940614
vn 0.48023500642919525 0.34541898681269195 0.8062630229331147
vn 0.5760789670943026 0.48251386782749583 0.6597828362618349
vn 0.48023500642919525 0.34541898681269195 0.8062630229331147
vn 0.7262470428197604 0.32642899622299254 0.6049870603743545
vn 0.854419616974632 0.3628978251837108 0.3718498172728553
vn 0.7262470428197604 0.32642899622299254 0.6049870603743545
vn 0.8566652295143392 0.4161301129547921 0.3048941023263268
vn 0.5760789670943026 0.48251386782749583 0.6597828362618349
vn 0.7262470428197604 0.32642899622299254 0.6049870603743545
vn 0.7106937993721518 0.5408458882958228 0.449888929234181
vn 0.854419616974632 0.3628978251837108 0.3718498172728553
vn 0.7106937993721518 0.5408458882958228 0.449888929234181
vn 0.7262470428197604 0.32642899622299254 0.6049870603743545
vn 0.7898708066702131 0.5691338835779179 0.22845290835019716
vn 0.8566652295143392 0.4161301129547921 0.3048941023263268
vn 0.8787762164662561 0.45651603749157194 0.13908798972681136
vn 0.7106937993721518 0.5408458882958228 0.449888929234181
vn 0.8566652295143392 0.4161301129547921 0.3048941023263268
vn 0.7898708066702131 0.5691338835779179 0.22845290835019716
vn 0.854419616974632 0.3628978251837108 0.3718498172728553
vn 0.8566652295143392 0.4161301129547921 0.3048941023263268
vn 0.7106937993721518 0.5408458882958228 0.449888929234181
vn 0.7943312099139616 0.6036182460905484 0.06843202425174914
vn 0.8787762164662561 0.45651603749157194 0.13908798972681136
vn 0.864349718342981 0.5025968774818349 0.017202998166569096
vn 0.7898708066702131 0.5691338835779179 0.22845290835019716
vn 0.8787762164662561 0.45651603749157194 0.13908798972681136
vn 0.7943312099139616 0.6036182460905484 0.06843202425174914
vn 0.6800209447164013 0.7289579642884437 -0.07868799811572905
vn 0.8328671653526524 0.5369080644637503 -0.13439499689805054
vn 0.864349718342981 0.5025968774818349 0.017202998166569096
vn 0.8052862807095064 0.5911502782697188 -0.04533601882261292
vn 0.864349718342981 0.5025968774818349 0.017202998166569096
vn 0.8328671653526524 0.5369080644637503 -0.13439499689805054
vn 0.7943312099139616 0.6036182460905484 0.06843202425174914
vn 0.864349718342981 0.5025968774818349 0.017202998166569096
vn 0.8052862807095064 0.5911502782697188 -0.04533601882261292
vn 0.816324259793772 0.5654811624856532 -0.11766799796896567
vn 0.8328671653526524 0.5369080644637503 -0.13439499689805054
vn 0.6800209447164013 0.7289579642884437 -0.07868799811572905
vn 0.8020197148744119 0.5786638256751074 -0.1480288951786651
vn 0.8328671653526524 0.5369080644637503 -0.13439499689805054
vn 0.816324259793772 0.5654811624856532 -0.11766799796896567
vn 0.8052862807095064 0.5911502782697188 -0.04533601882261292
vn 0.8328671653526524 0.5369080644637503 -0.13439499689805054
vn 0.8020197148744119 0.5786638256751074 -0.1480288951786651
vn 0.837459637115542 0.5457818802434521 -0.027990987839427404
vn 0.816324259793772 0.5654811624856532 -0.11766799796896567
vn 0.6800209447164013 0.7289579642884437 -0.07868799811572905
vn 0.6491809976624155 0.7605810040319161 -0.00897600021352411
vn 0.837459637115542 0.5457818802434521 -0.027990987839427404
vn 0.6800209447164013 0.7289579642884437 -0.07868799811572905
vn 0.8020197148744119 0.5786638256751074 -0.1480288951786651
vn 0.816324259793772 0.5654811624856532 -0.11766799796896567
vn 0.837459637115542 0.5457818802434521 -0.027990987839427404
vn 0.5915188101881385 0.7087876687154581 0.38435080053320475
vn 0.837459637115542 0.5457818802434521 -0.027990987839427404
vn 0.6491809976624155 0.7605810040319161 -0.00897600021352411
vn 0.8778509429756015 0.4336319535833333 0.20332498800774418
vn 0.8020197148744119 0.5786638256751074 -0.1480288951786651
vn 0.837459637115542 0.5457818802434521 -0.027990987839427404
vn 0.5915188101881385 0.7087876687154581 0.38435080053320475
vn 0.8778509429756015 0.4336319535833333 0.20332498800774418
vn 0.837459637115542 0.5457818802434521 -0.027990987839427404
vn 0.7943312099139616 0.6036182460905484 0.06843202425174914
vn 0.762503684248727 0.6415467864049956 0.08370096989008306
vn 0.7432708522806831 0.6639348670335813 0.0820910012549956
vn 0.8218874677101631 0.5657222692017589 0.06677802445556641
vn 0.762503684248727 0.6415467864049956 0.08370096989008306
vn 0.7398250397548275 0.6692170284920587 0.06933598869293657
vn 0.7943312099139616 0.6036182460905484 0.06843202425174914
vn 0.7398250397548275 0.6692170284920587 0.06933598869293657
vn 0.762503684248727 0.6415467864049956 0.08370096989008306
vn 0.9427127216919048 0.09646996084921426 0.31935289416880563
vn 0.762503684248727 0.6415467864049956 0.08370096989008306
vn 0.8218874677101631 0.5657222692017589 0.06677802445556641
vn 0.7943312099139616 0.6036182460905484 0.06843202425174914
vn 0.8218874677101631 0.5657222692017589 0.06677802445556641
vn 0.7398250397548275 0.6692170284920587 0.06933598869293657
vn 0.8052862807095064 0.5911502782697188 -0.04533601882261292
vn 0.8695671031223449 0.42582804424740284 0.25004705537127464
vn 0.8218874677101631 0.5657222692017589 0.06677802445556641
vn 0.6417157595234859 -0.3014118663759178 0.7052317142521184
vn 0.8218874677101631 0.5657222692017589 0.06677802445556641
vn 0.8695671031223449 0.42582804424740284 0.25004705537127464
vn 0.7943312099139616 0.6036182460905484 0.06843202425174914
vn 0.8052862807095064 0.5911502782697188 -0.04533601882261292
vn 0.8218874677101631 0.5657222692017589 0.06677802445556641
vn 0.6417157595234859 -0.3014118663759178 0.7052317142521184
vn 0.9427127216919048 0.09646996084921426 0.31935289416880563
vn 0.8218874677101631 0.5657222692017589 0.06677802445556641
vn 0.8052862807095064 0.5911502782697188 -0.04533601882261292
vn 0.8020197148744119 0.5786638256751074 -0.1480288951786651
vn 0.8695671031223449 0.42582804424740284 0.25004705537127464
vn 0.8778509429756015 0.4336319535833333 0.20332498800774418
vn 0.8695671031223449 0.42582804424740284 0.25004705537127464
vn 0.8020197148744119 0.5786638256751074 -0.1480288951786651
vn 0.7682803429230991 0.21369208661720643 0.6033912551530305
vn 0.6417157595234859 -0.3014118663759178 0.7052317142521184
vn 0.8695671031223449 0.42582804424740284 0.25004705537127464
vn 0.8778509429756015 0.4336319535833333 0.20332498800774418
vn 0.7682803429230991 0.21369208661720643 0.6033912551530305
vn 0.8695671031223449 0.42582804424740284 0.25004705537127464
vn 0.6417157595234859 -0.3014118663759178 0.7052317142521184
vn 0.8455964620573699 -0.3309181810319445 0.4188791959725003
vn 0.9427127216919048 0.09646996084921426 0.31935289416880563
vn 0.6417157595234859 -0.3014118663759178 0.7052317142521184
vn 0.4067540681797672 -0.8006540978946228 0.4398910587222216
vn 0.8455964620573699 -0.3309181810319445 0.4188791959725003
vn 0.018779999535533505 -0.8741331839991252 0.48532307615545833
vn -0.2368999036761674 -0.9446905503353821 0.2267999112549552
vn 0.4067540681797672 -0.8006540978946228 0.4398910587222216
vn 0.6417157595234859 -0.3014118663759178 0.7052317142521184
vn 0.018779999535533505 -0.8741331839991252 0.48532307615545833
vn 0.4067540681797672 -0.8006540978946228 0.4398910587222216
vn -0.347187056826425 -0.8812952091075313 0.3205930472987793
vn -0.2368999036761674 -0.9446905503353821 0.2267999112549552
vn 0.018779999535533505 -0.8741331839991252 0.48532307615545833
vn -0.07421000133252817 -0.5315179704082557 0.8437899755480122
vn 0.018779999535533505 -0.8741331839991252 0.48532307615545833
vn 0.6417157595234859 -0.3014118663759178 0.7052317142521184
vn -0.347187056826425 -0.8812952091075313 0.3205930472987793
vn 0.018779999535533505 -0.8741331839991252 0.48532307615545833
vn -0.07421000133252817 -0.5315179704082557 0.8437899755480122
vn 0.028863990222536794 -0.35721888572831473 0.9335746021328207
vn -0.07421000133252817 -0.5315179704082557 0.8437899755480122
vn 0.6417157595234859 -0.3014118663759178 0.7052317142521184
vn 0.21661597030182392 -0.2800660582622083 0.935222179174376
vn 0.028863990222536794 -0.35721888572831473 0.9335746021328207
vn 0.6417157595234859 -0.3014118663759178 0.7052317142521184
vn 0.7682803429230991 0.21369208661720643 0.6033912551530305
vn 0.21661597030182392 -0.2800660582622083 0.935222179174376
vn 0.6417157595234859 -0.3014118663759178 0.7052317142521184
vn -0.4765979666712135 -0.6114089727178713 0.6316909420317363
vn -0.07421000133252817 -0.5315179704082557 0.8437899755480122
vn 0.028863990222536794 -0.35721888572831473 0.9335746021328207
vn -0.4765979666712135 -0.6114089727178713 0.6316909420317363
vn -0.347187056826425 -0.8812952091075313 0.3205930472987793
vn -0.07421000133252817 -0.5315179704082557 0.8437899755480122
vn 0.16585800021743033 0.3599210076986178 0.9181219918840232
vn 0.028863990222536794 -0.35721888572831473 0.9335746021328207
vn 0.21661597030182392 -0.2800660582622083 0.935222179174376
vn -0.5489200249522819 -0.37569502382819103 0.7466860486691318
vn 0.028863990222536794 -0.35721888572831473 0.9335746021328207
vn 0.16585800021743033 0.3599210076986178 0.9181219918840232
vn -0.4765979666712135 -0.6114089727178713 0.6316909420317363
vn 0.028863990222536794 -0.35721888572831473 0.9335746021328207
vn -0.5489200249522819 -0.37569502382819103 0.7466860486691318
vn 0.16585800021743033 0.3599210076986178 0.9181219918840232
vn 0.21661597030182392 -0.2800660582622083 0.935222179174376
vn 0.7682803429230991 0.21369208661720643 0.6033912551530305
vn 0.5915188101881385 0.7087876687154581 0.38435080053320475
vn 0.7682803429230991 0.21369208661720643 0.6033912551530305
vn 0.8778509429756015 0.4336319535833333 0.20332498800774418
vn 0.3499251253802523 0.71962522554188 0.5997432295502908
vn 0.7682803429230991 0.21369208661720643 0.6033912551530305
vn 0.5915188101881385 0.7087876687154581 0.38435080053320475
vn 0.3499251253802523 0.71962522554188 0.5997432295502908
vn 0.16585800021743033 0.3599210076986178 0.9181219918840232
vn 0.7682803429230991 0.21369208661720643 0.6033912551530305
vn -0.49706891882553667 -0.6891279318108791 0.5272809341666663
vn -0.347187056826425 -0.8812952091075313 0.3205930472987793
vn -0.4765979666712135 -0.6114089727178713 0.6316909420317363
vn -0.5665687626073574 -0.31822888399849775 0.7600856626898304
vn -0.5451573018729369 -0.6432722671541026 0.537591207633682
vn -0.41279178416540346 -0.3924408811103202 0.8219447048061678
vn -0.6441475275017525 -0.520237645968003 0.5607376878104857
vn -0.5451573018729369 -0.6432722671541026 0.537591207633682
vn -0.5665687626073574 -0.31822888399849775 0.7600856626898304
vn -0.6441475275017525 -0.520237645968003 0.5607376878104857
vn -0.711082886000241 -0.6384639236170274 0.2944909972768584
vn -0.5451573018729369 -0.6432722671541026 0.537591207633682
vn -0.3265298738739203 -0.25570388342182965 0.9099416275074337
vn -0.41279178416540346 -0.3924408811103202 0.8219447048061678
vn -0.25903686557145505 -0.1429549869342508 0.9552296969763578
vn -0.3265298738739203 -0.25570388342182965 0.9099416275074337
vn -0.5665687626073574 -0.31822888399849775 0.7600856626898304
vn -0.41279178416540346 -0.3924408811103202 0.8219447048061678
vn -0.3936621186605761 -0.028441002434161627 0.9188151314123024
vn -0.5665687626073574 -0.31822888399849775 0.7600856626898304
vn -0.3265298738739203 -0.25570388342182965 0.9099416275074337
vn -0.8101829200021989 -0.3224619889054626 0.4895119016406483
vn -0.6441475275017525 -0.520237645968003 0.5607376878104857
vn -0.5665687626073574 -0.31822888399849775 0.7600856626898304
vn -0.43517904894506604 -0.008875000819524225 0.9003001886702685
vn -0.5665687626073574 -0.31822888399849775 0.7600856626898304
vn -0.3936621186605761 -0.028441002434161627 0.9188151314123024
vn -0.7802017831941933 -0.12402699736370845 0.6131088658839827
vn -0.8101829200021989 -0.3224619889054626 0.4895119016406483
vn -0.5665687626073574 -0.31822888399849775 0.7600856626898304
vn -0.43517904894506604 -0.008875000819524225 0.9003001886702685
vn -0.7802017831941933 -0.12402699736370845 0.6131088658839827
vn -0.5665687626073574 -0.31822888399849775 0.7600856626898304
f 1/1/1 2/2/2 3/3/3
f 4/4/4 5/5/5 6/6/6
f 7/7/7 8/8/8 9/9/9
f 10/10/10 11/11/11 12/12/12
f 13/13/13 14/14/14 15/15/15
f 16/16/16 17/17/17 18/18/18
f 19/19/19 20/20/20 21/21/21
f 22/22/22 23/23/23 24/24/24
f 25/25/25 26/26/26 27/27/27
f 28/28/28 29/29/29 30/30/30
f 31/31/31 32/32/32 33/33/33
f 34/34/34 35/35/35 36/36/36
f 37/37/37 38/38/38 39/39/39
f 40/40/40 41/41/41 42/42/42
f 43/43/43 44/44/44 45/45/45
f 46/46/46 47/47/47 48/48/48
f 49/49/49 50/50/50 51/51/51
f 52/52/52 53/53/53 54/54/54
f 55/55/55 56/56/56 57/57/57
f 58/58/58 59/59/59 60/60/60
f 61/61/61 62/62/62 63/63/63
f 64/64/64 65/65/65 66/66/66
f 67/67/67 68/68/68 69/69/69
f 70/70/70 71/71/71 72/72/72
f 73/73/73 74/74/74 75/75/75
f 76/76/76 77/77/77 78/78/78
f 79/79/79 80/80/80 81/81/81
f 82/82/82 83/83/83 84/84/84
f 85/85/85 86/86/86 87/87/87
f 88/88/88 89/89/89 90/90/90
f 91/91/91 92/92/92 93/93/93
f 94/94/94 95/95/95 96/96/96
f 97/97/97 98/98/98 99/99/99
f 100/100/100 101/101/101 102/102/102
f 103/103/103 104/104/104 105/105/105
f 106/106/106 107/107/107 108/108/108
f 109/109/109 110/110/110 111/111/111
f 112/112/112 113/113/113 114/114/114
f 115/115/115 116/116/116 117/117/117
f 118/118/118 119/119/119 120/120/120
f 121/121/121 122/122/122 123/123/123
f 124/124/124 125/125/125 126/126/126
f 127/127/127 128/128/128 129/129/129
f 130/130/130 131/131/131 132/132/132
f 133/133/133 134/134/134 135/135/135
f 136/136/136 137/137/137 138/138/138
f 139/139/139 140/140/140 141/141/141
f 142/142/142 143/143/143 144/144/144
f 145/145/145 146/146/146 147/147/147
f 148/148/148 149/149/149 150/150/150
f 151/151/151 152/152/152 153/153/153
f 154/154/154 155/155/155 156/156/156
f 157/157/157 158/158/158 159/159/159
f 160/160/160 161/161/161 162/162/162
f 163/163/163 164/164/164 165/165/165
f 166/166/166 167/167/167 168/168/168
f 169/169/169 170/170/170 171/171/171
f 172/172/172 173/173/173 174/174/174
f 175/175/175 176/176/176 177/177/177
f 178/178/178 179/179/179 180/180/180
f 181/181/181 182/182/182 183/183/183
f 184/184/184 185/185/185 186/186/186
f 187/187/187 188/188/188 189/189/189
f 190/190/190 191/191/191 192/192/192
f 193/193/193 194/194/194 195/195/195
f 196/196/196 197/197/197 198/198/198
f 199/199/199 200/200/200 201/201/201
f 202/202/202 203/203/203 204/204/204
f 205/205/205 206/206/206 207/207/207
f 208/208/208 209/209/209 210/210/210
f 211/211/211 212/212/212 213/213/213
f 214/214/214 215/215/215 216/216/216
f 217/217/217 218/218/218 219/219/219
f 220/220/220 221/221/221 222/222/222
f 223/223/223 224/224/224 225/225/225
f 226/226/226 227/227/227 228/228/228
f 229/229/229 230/230/230 231/231/231
f 232/232/232 233/233/233 234/234/234
f 235/235/235 236/236/236 237/237/237
f 238/238/238 239/239/239 240/240/240
f 241/241/241 242/242/242 243/243/243
f 244/244/244 245/245/245 246/246/246
f 247/247/247 248/248/248 249/249/249
f 250/250/250 251/251/251 252/252/252
f 253/253/253 254/254/254 255/255/255
f 256/256/256 257/257/257 258/258/258
f 259/259/259 260/260/260 261/261/261
f 262/262/262 263/263/263 264/264/264
f 265/265/265 266/266/266 267/267/267
f 268/268/268 269/269/269 270/270/270
f 271/271/271 272/272/272 273/273/273
f 274/274/274 275/275/275 276/276/276
f 277/277/277 278/278/278 279/279/279
f 280/280/280 281/281/281 282/282/282
f 283/283/283 284/284/284 285/285/285
f 286/286/286 287/287/287 288/288/288
f 289/289/289 290/290/290 291/291/291
f 292/292/292 293/293/293 294/294/294
f 295/295/295 296/296/296 297/297/297
f 298/298/298 299/299/299 300/300/300
f 301/301/301 302/302/302 303/303/303
f 304/304/304 305/305/305 306/306/306
f 307/307/307 308/308/308 309/309/309
f 310/310/310 311/311/311 312/312/312
f 313/313/313 314/314/314 315/315/315
f 316/316/316 317/317/317 318/318/318
f 319/319/319 320/320/320 321/321/321
f 322/322/322 323/323/323 324/324/324
f 325/325/325 326/326/326 327/327/327
f 328/328/328 329/329/329 330/330/330
f 331/331/331 332/332/332 333/333/333
f 334/334/334 335/335/335 336/336/336
f 337/337/337 338/338/338 339/339/339
f 340/340/340 341/341/341 342/342/342
f 343/343/343 344/344/344 345/345/345
f 346/346/346 347/347/347 348/348/348
f 349/349/349 350/350/350 351/351/351
f 352/352/352 353/353/353 354/354/354
f 355/355/355 356/356/356 357/357/357
f 358/358/358 359/359/359 360/360/360
f 361/361/361 362/362/362 363/363/363
f 364/364/364 365/365/365 366/366/366
f 367/367/367 368/368/368 369/369/369
f 370/370/370 371/371/371 372/372/372
f 373/373/373 374/374/374 375/375/375
f 376/376/376 377/377/377 378/378/378
f 379/379/379 380/380/380 381/381/381
f 382/382/382 383/383/383 384/384/384
f 385/385/385 386/386/386 387/387/387
f 388/388/388 389/389/389 390/390/390
f 391/391/391 392/392/392 393/393/393
f 394/394/394 395/395/395 396/396/396
f 397/397/397 398/398/398 399/399/399
f 400/400/400 401/401/401 402/402/402
f 403/403/403 404/404/404 405/405/405
f 406/406/406 407/407/407 408/408/408
f 409/409/409 410/410/410 411/411/411
f 412/412/412 413/413/413 414/414/414
f 415/415/415 416/416/416 417/417/417
f 418/418/418 419/419/419 420/420/420
f 421/421/421 422/422/422 423/423/423
f 424/424/424 425/425/425 426/426/426
f 427/427/427 428/428/428 429/429/429
f 430/430/430 431/431/431 432/432/432
f 433/433/433 434/434/434 435/435/435
f 436/436/436 437/437/437 438/438/438
f 439/439/439 440/440/440 441/441/441
f 442/442/442 443/443/443 444/444/444
f 445/445/445 446/446/446 447/447/447
f 448/448/448 449/449/449 450/450/450
f 451/451/451 452/452/452 453/453/453
f 454/454/454 455/455/455 456/456/456
f 457/457/457 458/458/458 459/459/459
f 460/460/460 461/461/461 462/462/462
f 463/463/463 464/464/464 465/465/465
f 466/466/466 467/467/467 468/468/468
f 469/469/469 470/470/470 471/471/471
f 472/472/472 473/473/473 474/474/474
f 475/475/475 476/476/476 477/477/477
f 478/478/478 479/479/479 480/480/480
f 481/481/481 482/482/482 483/483/483
f 484/484/484 485/485/485 486/486/486
f 487/487/487 488/488/488 489/489/489
f 490/490/490 491/491/491 492/492/492
f 493/493/493 494/494/494 495/495/495
f 496/496/496 497/497/497 498/498/498
f 499/499/499 500/500/500 501/501/501
f 502/502/502 503/503/503 504/504/504
f 505/505/505 506/506/506 507/507/507
f 508/508/508 509/509/509 510/510/510
f 511/511/511 512/512/512 513/513/513
f 514/514/514 515/515/515 516/516/516
f 517/517/517 518/518/518 519/519/519
f 520/520/520 521/521/521 522/522/522
f 523/523/523 524/524/524 525/525/525
f 526/526/526 527/527/527 528/528/528
f 529/529/529 530/530/530 531/531/531
f 532/532/532 533/533/533 534/534/534
f 535/535/535 536/536/536 537/537/537
f 538/538/538 539/539/539 540/540/540
f 541/541/541 542/542/542 543/543/543
f 544/544/544 545/545/545 546/546/546
f 547/547/547 548/548/548 549/549/549
f 550/550/550 551/551/551 552/552/552
f 553/553/553 554/554/554 555/555/555
f 556/556/556 557/557/557 558/558/558
f 559/559/559 560/560/560 561/561/561
f 562/562/562 563/563/563 564/564/564
f 565/565/565 566/566/566 567/567/567
f 568/568/568 569/569/569 570/570/570
f 571/571/571 572/572/572 573/573/573
f 574/574/574 575/575/575 576/576/576
f 577/577/577 578/578/578 579/579/579
f 580/580/580 581/581/581 582/582/582
f 583/583/583 584/584/584 585/585/585
f 586/586/586 587/587/587 588/588/588
f 589/589/589 590/590/590 591/591/591
f 592/592/592 593/593/593 594/594/594
f 595/595/595 596/596/596 597/597/597
f 598/598/598 599/599/599 600/600/600
f 601/601/601 602/602/602 603/603/603
f 604/604/604 605/605/605 606/606/606
f 607/607/607 608/608/608 609/609/609
f 610/610/610 611/611/611 612/612/612
f 613/613/613 614/614/614 615/615/615
f 616/616/616 617/617/617 618/618/618
f 619/619/619 620/620/620 621/621/621
f 622/622/622 623/623/623 624/624/624
f 625/625/625 626/626/626 627/627/627
f 628/628/628 629/629/629 630/630/630
f 631/631/631 632/632/632 633/633/633
f 634/634/634 635/635/635 636/636/636
f 637/637/637 638/638/638 639/639/639
f 640/640/640 641/641/641 642/642/642
f 643/643/643 644/644/644 645/645/645
f 646/646/646 647/647/647 648/648/648
f 649/649/649 650/650/650 651/651/651
f 652/652/652 653/653/653 654/654/654
f 655/655/655 656/656/656 657/657/657
f 658/658/658 659/659/659 660/660/660
f 661/661/661 662/662/662 663/663/663
f 664/664/664 665/665/665 666/666/666
f 667/667/667 668/668/668 669/669/669
f 670/670/670 671/671/671 672/672/672
f 673/673/673 674/674/674 675/675/675
f 676/676/676 677/677/677 678/678/678
f 679/679/679 680/680/680 681/681/681
f 682/682/682 683/683/683 684/684/684
f 685/685/685 686/686/686 687/687/687
f 688/688/688 689/689/689 690/690/690
f 691/691/691 692/692/692 693/693/693
f 694/694/694 695/695/695 696/696/696
f 697/697/697 698/698/698 699/699/699
f 700/700/700 701/701/701 702/702/702
f 703/703/703 704/704/704 705/705/705
f 706/706/706 707/707/707 708/708/708
f 709/709/709 710/710/710 711/711/711
f 712/712/712 713/713/713 714/714/714
f 715/715/715 716/716/716 717/717/717
f 718/718/718 719/719/719 720/720/720
f 721/721/721 722/722/722 723/723/723
f 724/724/724 725/725/725 726/726/726
f 727/727/727 728/728/728 729/729/729
f 730/730/730 731/731/731 732/732/732
f 733/733/733 734/734/734 735/735/735
f 736/736/736 737/737/737 738/738/738
f 739/739/739 740/740/740 741/741/741
f 742/742/742 743/743/743 744/744/744
f 745/745/745 746/746/746 747/747/747
f 748/748/748 749/749/749 750/750/750
f 751/751/751 752/752/752 753/753/753
f 754/754/754 755/755/755 756/756/756
f 757/757/757 758/758/758 759/759/759
f 760/760/760 761/761/761 762/762/762
f 763/763/763 764/764/764 765/765/765
f 766/766/766 767/767/767 768/768/768
f 769/769/769 770/770/770 771/771/771
f 772/772/772 773/773/773 774/774/774
f 775/775/775 776/776/776 777/777/777
f 778/778/778 779/779/779 780/780/780
f 781/781/781 782/782/782 783/783/783
f 784/784/784 785/785/785 786/786/786
f 787/787/787 788/788/788 789/789/789
f 790/790/790 791/791/791 792/792/792
f 793/793/793 794/794/794 795/795/795
f 796/796/796 797/797/797 798/798/798
f 799/799/799 800/800/800 801/801/801
f 802/802/802 803/803/803 804/804/804
f 805/805/805 806/806/806 807/807/807
f 808/808/808 809/809/809 810/810/810
f 811/811/811 812/812/812 813/813/813
f 814/814/814 815/815/815 816/816/816
f 817/817/817 818/818/818 819/819/819
f 820/820/820 821/821/821 822/822/822
f 823/823/823 824/824/824 825/825/825
f 826/826/826 827/827/827 828/828/828
f 829/829/829 830/830/830 831/831/831
f 832/832/832 833/833/833 834/834/834
f 835/835/835 836/836/836 837/837/837
f 838/838/838 839/839/839 840/840/840
f 841/841/841 842/842/842 843/843/843
f 844/844/844 845/845/845 846/846/846
f 847/847/847 848/848/848 849/849/849
f 850/850/850 851/851/851 852/852/852
f 853/853/853 854/854/854 855/855/855
f 856/856/856 857/857/857 858/858/858
f 859/859/859 860/860/860 861/861/861
f 862/862/862 863/863/863 864/864/864
f 865/865/865 866/866/866 867/867/867
f 868/868/868 869/869/869 870/870/870
f 871/871/871 872/872/872 873/873/873
f 874/874/874 875/875/875 876/876/876
f 877/877/877 878/878/878 879/879/879
f 880/880/880 881/881/881 882/882/882
f 883/883/883 884/884/884 885/885/885
f 886/886/886 887/887/887 888/888/888
f 889/889/889 890/890/890 891/891/891
f 892/892/892 893/893/893 894/894/894
f 895/895/895 896/896/896 897/897/897
f 898/898/898 899/899/899 900/900/900
f 901/901/901 902/902/902 903/903/903
f 904/904/904 905/905/905 906/906/906
f 907/907/907 908/908/908 909/909/909
f 910/910/910 911/911/911 912/912/912
f 913/913/913 914/914/914 915/915/915
f 916/916/916 917/917/917 918/918/918
f 919/919/919 920/920/920 921/921/921
f 922/922/922 923/923/923 924/924/924
f 925/925/925 926/926/926 927/927/927
f 928/928/928 929/929/929 930/930/930
f 931/931/931 932/932/932 933/933/933
f 934/934/934 935/935/935 936/936/936
f 937/937/937 938/938/938 939/939/939
f 940/940/940 941/941/941 942/942/942
f 943/943/943 944/944/944 945/945/945
f 946/946/946 947/947/947 948/948/948
f 949/949/949 950/950/950 951/951/951
f 952/952/952 953/953/953 954/954/954
f 955/955/955 956/956/956 957/957/957
f 958/958/958 959/959/959 960/960/960
f 961/961/961 962/962/962 963/963/963
f 964/964/964 965/965/965 966/966/966
f 967/967/967 968/968/968 969/969/969
f 970/970/970 971/971/971 972/972/972
f 973/973/973 974/974/974 975/975/975
f 976/976/976 977/977/977 978/978/978
f 979/979/979 980/980/980 981/981/981
f 982/982/982 983/983/983 984/984/984
f 985/985/985 986/986/986 987/987/987
f 988/988/988 989/989/989 990/990/990
f 991/991/991 992/992/992 993/993/993
f 994/994/994 995/995/995 996/996/996
f 997/997/997 998/998/998 999/999/999
f 1000/1000/1000 1001/1001/1001 1002/1002/1002
f 1003/1003/1003 1004/1004/1004 1005/1005/1005
f 1006/1006/1006 1007/1007/1007 1008/1008/1008
f 1009/1009/1009 1010/1010/1010 1011/1011/1011
f 1012/1012/1012 1013/1013/1013 1014/1014/1014
f 1015/1015/1015 1016/1016/1016 1017/1017/1017
f 1018/1018/1018 1019/1019/1019 1020/1020/1020
f 1021/1021/1021 1022/1022/1022 1023/1023/1023
f 1024/1024/1024 1025/1025/1025 1026/1026/1026
f 1027/1027/1027 1028/1028/1028 1029/1029/1029
f 1030/1030/1030 1031/1031/1031 1032/1032/1032
f 1033/1033/1033 1034/1034/1034 1035/1035/1035
f 1036/1036/1036 1037/1037/1037 1038/1038/1038
f 1039/1039/1039 1040/1040/1040 1041/1041/1041
f 1042/1042/1042 1043/1043/1043 1044/1044/1044
f 1045/1045/1045 1046/1046/1046 1047/1047/1047
f 1048/1048/1048 1049/1049/1049 1050/1050/1050
f 1051/1051/1051 1052/1052/1052 1053/1053/1053
f 1054/1054/1054 1055/1055/1055 1056/1056/1056
f 1057/1057/1057 1058/1058/1058 1059/1059/1059
f 1060/1060/1060 1061/1061/1061 1062/1062/1062
f 1063/1063/1063 1064/1064/1064 1065/1065/1065
f 1066/1066/1066 1067/1067/1067 1068/1068/1068
f 1069/1069/1069 1070/1070/1070 1071/1071/1071
f 1072/1072/1072 1073/1073/1073 1074/1074/1074
f 1075/1075/1075 1076/1076/1076 1077/1077/1077
f 1078/1078/1078 1079/1079/1079 1080/1080/1080
f 1081/1081/1081 1082/1082/1082 1083/1083/1083
f 1084/1084/1084 1085/1085/1085 1086/1086/1086
f 1087/1087/1087 1088/1088/1088 1089/1089/1089
f 1090/1090/1090 1091/1091/1091 1092/1092/1092
f 1093/1093/1093 1094/1094/1094 1095/1095/1095
f 1096/1096/1096 1097/1097/1097 1098/1098/1098
f 1099/1099/1099 1100/1100/1100 1101/1101/1101
f 1102/1102/1102 1103/1103/1103 1104/1104/1104
f 1105/1105/1105 1106/1106/1106 1107/1107/1107
f 1108/1108/1108 1109/1109/1109 1110/1110/1110
f 1111/1111/1111 1112/1112/1112 1113/1113/1113
f 1114/1114/1114 1115/1115/1115 1116/1116/1116
f 1117/1117/1117 1118/1118/1118 1119/1119/1119
f 1120/1120/1120 1121/1121/1121 1122/1122/1122
f 1123/1123/1123 1124/1124/1124 1125/1125/1125
f 1126/1126/1126 1127/1127/1127 1128/1128/1128
f 1129/1129/1129 1130/1130/1130 1131/1131/1131
f 1132/1132/1132 1133/1133/1133 1134/1134/1134
f 1135/1135/1135 1136/1136/1136 1137/1137/1137
f 1138/1138/1138 1139/1139/1139 1140/1140/1140
f 1141/1141/1141 1142/1142/1142 1143/1143/1143
f 1144/1144/1144 1145/1145/1145 1146/1146/1146
f 1147/1147/1147 1148/1148/1148 1149/1149/1149
f 1150/1150/1150 1151/1151/1151 1152/1152/1152
f 1153/1153/1153 1154/1154/1154 1155/1155/1155
f 1156/1156/1156 1157/1157/1157 1158/1158/1158
f 1159/1159/1159 1160/1160/1160 1161/1161/1161
f 1162/1162/1162 1163/1163/1163 1164/1164/1164
f 1165/1165/1165 1166/1166/1166 1167/1167/1167
f 1168/1168/1168 1169/1169/1169 1170/1170/1170
f 1171/1171/1171 1172/1172/1172 1173/1173/1173
f 1174/1174/1174 1175/1175/1175 1176/1176/1176
f 1177/1177/1177 1178/1178/1178 1179/1179/1179
f 1180/1180/1180 1181/1181/1181 1182/1182/1182
f 1183/1183/1183 1184/1184/1184 1185/1185/1185
f 1186/1186/1186 1187/1187/1187 1188/1188/1188
f 1189/1189/1189 1190/1190/1190 1191/1191/1191
f 1192/1192/1192 1193/1193/1193 1194/1194/1194
f 1195/1195/1195 1196/1196/1196 1197/1197/1197
f 1198/1198/1198 1199/1199/1199 1200/1200/1200
f 1201/1201/1201 1202/1202/1202 1203/1203/1203
f 1204/1204/1204 1205/1205/1205 1206/1206/1206
f 1207/1207/1207 1208/1208/1208 1209/1209/1209
f 1210/1210/1210 1211/1211/1211 1212/1212/1212
f 1213/1213/1213 1214/1214/1214 1215/1215/1215
f 1216/1216/1216 1217/1217/1217 1218/1218/1218
f 1219/1219/1219 1220/1220/1220 1221/1221/1221
f 1222/1222/1222 1223/1223/1223 1224/1224/1224
f 1225/1225/1225 1226/1226/1226 1227/1227/1227
f 1228/1228/1228 1229/1229/1229 1230/1230/1230
f 1231/1231/1231 1232/1232/1232 1233/1233/1233
f 1234/1234/1234 1235/1235/1235 1236/1236/1236
f 1237/1237/1237 1238/1238/1238 1239/1239/1239
f 1240/1240/1240 1241/1241/1241 1242/1242/1242
f 1243/1243/1243 1244/1244/1244 1245/1245/1245
f 1246/1246/1246 1247/1247/1247 1248/1248/1248
f 1249/1249/1249 1250/1250/1250 1251/1251/1251
f 1252/1252/1252 1253/1253/1253 1254/1254/1254
f 1255/1255/1255 1256/1256/1256 1257/1257/1257
f 1258/1258/1258 1259/1259/1259 1260/1260/1260
f 1261/1261/1261 1262/1262/1262 1263/1263/1263
f 1264/1264/1264 1265/1265/1265 1266/1266/1266
f 1267/1267/1267 1268/1268/1268 1269/1269/1269
f 1270/1270/1270 1271/1271/1271 1272/1272/1272
f 1273/1273/1273 1274/1274/1274 1275/1275/1275
f 1276/1276/1276 1277/1277/1277 1278/1278/1278
f 1279/1279/1279 1280/1280/1280 1281/1281/1281
f 1282/1282/1282 1283/1283/1283 1284/1284/1284
f 1285/1285/1285 1286/1286/1286 1287/1287/1287
f 1288/1288/1288 1289/1289/1289 1290/1290/1290
f 1291/1291/1291 1292/1292/1292 1293/1293/1293
f 1294/1294/1294 1295/1295/1295 1296/1296/1296
f 1297/1297/1297 1298/1298/1298 1299/1299/1299
f 1300/1300/1300 1301/1301/1301 1302/1302/1302
f 1303/1303/1303 1304/1304/1304 1305/1305/1305
f 1306/1306/1306 1307/1307/1307 1308/1308/1308
f 1309/1309/1309 1310/1310/1310 1311/1311/1311
f 1312/1312/1312 1313/1313/1313 1314/1314/1314
f 1315/1315/1315 1316/1316/1316 1317/1317/1317
f 1318/1318/1318 1319/1319/1319 1320/1320/1320
f 1321/1321/1321 1322/1322/1322 1323/1323/1323
f 1324/1324/1324 1325/1325/1325 1326/1326/1326
f 1327/1327/1327 1328/1328/1328 1329/1329/1329
f 1330/1330/1330 1331/1331/1331 1332/1332/1332
f 1333/1333/1333 1334/1334/1334 1335/1335/1335
f 1336/1336/1336 1337/1337/1337 1338/1338/1338
f 1339/1339/1339 1340/1340/1340 1341/1341/1341
f 1342/1342/1342 1343/1343/1343 1344/1344/1344
f 1345/1345/1345 1346/1346/1346 1347/1347/1347
f 1348/1348/1348 1349/1349/1349 1350/1350/1350
f 1351/1351/1351 1352/1352/1352 1353/1353/1353
f 1354/1354/1354 1355/1355/1355 1356/1356/1356
f 1357/1357/1357 1358/1358/1358 1359/1359/1359
f 1360/1360/1360 1361/1361/1361 1362/1362/1362
f 1363/1363/1363 1364/1364/1364 1365/1365/1365
f 1366/1366/1366 1367/1367/1367 1368/1368/1368
f 1369/1369/1369 1370/1370/1370 1371/1371/1371
f 1372/1372/1372 1373/1373/1373 1374/1374/1374
f 1375/1375/1375 1376/1376/1376 1377/1377/1377
f 1378/1378/1378 1379/1379/1379 1380/1380/1380
f 1381/1381/1381 1382/1382/1382 1383/1383/1383
f 1384/1384/1384 1385/1385/1385 1386/1386/1386
f 1387/1387/1387 1388/1388/1388 1389/1389/1389
f 1390/1390/1390 1391/1391/1391 1392/1392/1392
f 1393/1393/1393 1394/1394/1394 1395/1395/1395
f 1396/1396/1396 1397/1397/1397 1398/1398/1398
f 1399/1399/1399 1400/1400/1400 1401/1401/1401
f 1402/1402/1402 1403/1403/1403 1404/1404/1404
f 1405/1405/1405 1406/1406/1406 1407/1407/1407
f 1408/1408/1408 1409/1409/1409 1410/1410/1410
f 1411/1411/1411 1412/1412/1412 1413/1413/1413
f 1414/1414/1414 1415/1415/1415 1416/1416/1416
f 1417/1417/1417 1418/1418/1418 1419/1419/1419
f 1420/1420/1420 1421/1421/1421 1422/1422/1422
f 1423/1423/1423 1424/1424/1424 1425/1425/1425
f 1426/1426/1426 1427/1427/1427 1428/1428/1428
f 1429/1429/1429 1430/1430/1430 1431/1431/1431
f 1432/1432/1432 1433/1433/1433 1434/1434/1434
f 1435/1435/1435 1436/1436/1436 1437/1437/1437
f 1438/1438/1438 1439/1439/1439 1440/1440/1440
f 1441/1441/1441 1442/1442/1442 1443/1443/1443
f 1444/1444/1444 1445/1445/1445 1446/1446/1446
f 1447/1447/1447 1448/1448/1448 1449/1449/1449
f 1450/1450/1450 1451/1451/1451 1452/1452/1452
f 1453/1453/1453 1454/1454/1454 1455/1455/1455
f 1456/1456/1456 1457/1457/1457 1458/1458/1458
f 1459/1459/1459 1460/1460/1460 1461/1461/1461
f 1462/1462/1462 1463/1463/1463 1464/1464/1464
f 1465/1465/1465 1466/1466/1466 1467/1467/1467
f 1468/1468/1468 1469/1469/1469 1470/1470/1470
f 1471/1471/1471 1472/1472/1472 1473/1473/1473
f 1474/1474/1474 1475/1475/1475 1476/1476/1476
f 1477/1477/1477 1478/1478/1478 1479/1479/1479
f 1480/1480/1480 1481/1481/1481 1482/1482/1482
f 1483/1483/1483 1484/1484/1484 1485/1485/1485
f 1486/1486/1486 1487/1487/1487 1488/1488/1488
f 1489/1489/1489 1490/1490/1490 1491/1491/1491
f 1492/1492/1492 1493/1493/1493 1494/1494/1494
f 1495/1495/1495 1496/1496/1496 1497/1497/1497
f 1498/1498/1498 1499/1499/1499 1500/1500/1500
f 1501/1501/1501 1502/1502/1502 1503/1503/1503
f 1504/1504/1504 1505/1505/1505 1506/1506/1506
f 1507/1507/1507 1508/1508/1508 1509/1509/1509
f 1510/1510/1510 1511/1511/1511 1512/1512/1512
f 1513/1513/1513 1514/1514/1514 1515/1515/1515
f 1516/1516/1516 1517/1517/1517 1518/1518/1518
f 1519/1519/1519 1520/1520/1520 1521/1521/1521
f 1522/1522/1522 1523/1523/1523 1524/1524/1524
f 1525/1525/1525 1526/1526/1526 1527/1527/1527
f 1528/1528/1528 1529/1529/1529 1530/1530/1530
f 1531/1531/1531 1532/1532/1532 1533/1533/1533
f 1534/1534/1534 1535/1535/1535 1536/1536/1536
f 1537/1537/1537 1538/1538/1538 1539/1539/1539
f 1540/1540/1540 1541/1541/1541 1542/1542/1542
f 1543/1543/1543 1544/1544/1544 1545/1545/1545
f 1546/1546/1546 1547/1547/1547 1548/1548/1548
f 1549/1549/1549 1550/1550/1550 1551/1551/1551
f 1552/1552/1552 1553/1553/1553 1554/1554/1554
f 1555/1555/1555 1556/1556/1556 1557/1557/1557
f 1558/1558/1558 1559/1559/1559 1560/1560/1560
f 1561/1561/1561 1562/1562/1562 1563/1563/1563
f 1564/1564/1564 1565/1565/1565 1566/1566/1566
f 1567/1567/1567 1568/1568/1568 1569/1569/1569
f 1570/1570/1570 1571/1571/1571 1572/1572/1572
f 1573/1573/1573 1574/1574/1574 1575/1575/1575
f 1576/1576/1576 1577/1577/1577 1578/1578/1578
f 1579/1579/1579 1580/1580/1580 1581/1581/1581
f 1582/1582/1582 1583/1583/1583 1584/1584/1584
f 1585/1585/1585 1586/1586/1586 1587/1587/1587
f 1588/1588/1588 1589/1589/1589 1590/1590/1590
f 1591/1591/1591 1592/1592/1592 1593/1593/1593
f 1594/1594/1594 1595/1595/1595 1596/1596/1596
f 1597/1597/1597 1598/1598/1598 1599/1599/1599
f 1600/1600/1600 1601/1601/1601 1602/1602/1602
f 1603/1603/1603 1604/1604/1604 1605/1605/1605
f 1606/1606/1606 1607/1607/1607 1608/1608/1608
f 1609/1609/1609 1610/1610/1610 1611/1611/1611
f 1612/1612/1612 1613/1613/1613 1614/1614/1614
f 1615/1615/1615 1616/1616/1616 1617/1617/1617
f 1618/1618/1618 1619/1619/1619 1620/1620/1620
f 1621/1621/1621 1622/1622/1622 1623/1623/1623
f 1624/1624/1624 1625/1625/1625 1626/1626/1626
f 1627/1627/1627 1628/1628/1628 1629/1629/1629
f 1630/1630/1630 1631/1631/1631 1632/1632/1632
f 1633/1633/1633 1634/1634/1634 1635/1635/1635
f 1636/1636/1636 1637/1637/1637 1638/1638/1638
f 1639/1639/1639 1640/1640/1640 1641/1641/1641
f 1642/1642/1642 1643/1643/1643 1644/1644/1644
f 1645/1645/1645 1646/1646/1646 1647/1647/1647
f 1648/1648/1648 1649/1649/1649 1650/1650/1650
f 1651/1651/1651 1652/1652/1652 1653/1653/1653
f 1654/1654/1654 1655/1655/1655 1656/1656/1656
f 1657/1657/1657 1658/1658/1658 1659/1659/1659
f 1660/1660/1660 1661/1661/1661 1662/1662/1662
f 1663/1663/1663 1664/1664/1664 1665/1665/1665
f 1666/1666/1666 1667/1667/1667 1668/1668/1668
f 1669/1669/1669 1670/1670/1670 1671/1671/1671
f 1672/1672/1672 1673/1673/1673 1674/1674/1674
f 1675/1675/1675 1676/1676/1676 1677/1677/1677
f 1678/1678/1678 1679/1679/1679 1680/1680/1680
f 1681/1681/1681 1682/1682/1682 1683/1683/1683
f 1684/1684/1684 1685/1685/1685 1686/1686/1686
f 1687/1687/1687 1688/1688/1688 1689/1689/1689
f 1690/1690/1690 1691/1691/1691 1692/1692/1692
f 1693/1693/1693 1694/1694/1694 1695/1695/1695
f 1696/1696/1696 1697/1697/1697 1698/1698/1698
f 1699/1699/1699 1700/1700/1700 1701/1701/1701
f 1702/1702/1702 1703/1703/1703 1704/1704/1704
f 1705/1705/1705 1706/1706/1706 1707/1707/1707
f 1708/1708/1708 1709/1709/1709 1710/1710/1710
f 1711/1711/1711 1712/1712/1712 1713/1713/1713
f 1714/1714/1714 1715/1715/1715 1716/1716/1716
f 1717/1717/1717 1718/1718/1718 1719/1719/1719
f 1720/1720/1720 1721/1721/1721 1722/1722/1722
f 1723/1723/1723 1724/1724/1724 1725/1725/1725
f 1726/1726/1726 1727/1727/1727 1728/1728/1728
f 1729/1729/1729 1730/1730/1730 1731/1731/1731
f 1732/1732/1732 1733/1733/1733 1734/1734/1734
f 1735/1735/1735 1736/1736/1736 1737/1737/1737
f 1738/1738/1738 1739/1739/1739 1740/1740/1740
f 1741/1741/1741 1742/1742/1742 1743/1743/1743
f 1744/1744/1744 1745/1745/1745 1746/1746/1746
f 1747/1747/1747 1748/1748/1748 1749/1749/1749
f 1750/1750/1750 1751/1751/1751 1752/1752/1752
f 1753/1753/1753 1754/1754/1754 1755/1755/1755
f 1756/1756/1756 1757/1757/1757 1758/1758/1758
f 1759/1759/1759 1760/1760/1760 1761/1761/1761
f 1762/1762/1762 1763/1763/1763 1764/1764/1764
f 1765/1765/1765 1766/1766/1766 1767/1767/1767
f 1768/1768/1768 1769/1769/1769 1770/1770/1770
f 1771/1771/1771 1772/1772/1772 1773/1773/1773
f 1774/1774/1774 1775/1775/1775 1776/1776/1776
f 1777/1777/1777 1778/1778/1778 1779/1779/1779
f 1780/1780/1780 1781/1781/1781 1782/1782/1782
f 1783/1783/1783 1784/1784/1784 1785/1785/1785
f 1786/1786/1786 1787/1787/1787 1788/1788/1788
f 1789/1789/1789 1790/1790/1790 1791/1791/1791
f 1792/1792/1792 1793/1793/1793 1794/1794/1794
f 1795/1795/1795 1796/1796/1796 1797/1797/1797
f 1798/1798/1798 1799/1799/1799 1800/1800/1800
f 1801/1801/1801 1802/1802/1802 1803/1803/1803
f 1804/1804/1804 1805/1805/1805 1806/1806/1806
f 1807/1807/1807 1808/1808/1808 1809/1809/1809
f 1810/1810/1810 1811/1811/1811 1812/1812/1812
f 1813/1813/1813 1814/1814/1814 1815/1815/1815
f 1816/1816/1816 1817/1817/1817 1818/1818/1818
f 1819/1819/1819 1820/1820/1820 1821/1821/1821
f 1822/1822/1822 1823/1823/1823 1824/1824/1824
f 1825/1825/1825 1826/1826/1826 1827/1827/1827
f 1828/1828/1828 1829/1829/1829 1830/1830/1830
f 1831/1831/1831 1832/1832/1832 1833/1833/1833
f 1834/1834/1834 1835/1835/1835 1836/1836/1836
f 1837/1837/1837 1838/1838/1838 1839/1839/1839
f 1840/1840/1840 1841/1841/1841 1842/1842/1842
f 1843/1843/1843 1844/1844/1844 1845/1845/1845
f 1846/1846/1846 1847/1847/1847 1848/1848/1848
f 1849/1849/1849 1850/1850/1850 1851/1851/1851
f 1852/1852/1852 1853/1853/1853 1854/1854/1854
f 1855/1855/1855 1856/1856/1856 1857/1857/1857
f 1858/1858/1858 1859/1859/1859 1860/1860/1860
f 1861/1861/1861 1862/1862/1862 1863/1863/1863
f 1864/1864/1864 1865/1865/1865 1866/1866/1866
f 1867/1867/1867 1868/1868/1868 1869/1869/1869
f 1870/1870/1870 1871/1871/1871 1872/1872/1872
f 1873/1873/1873 1874/1874/1874 1875/1875/1875
f 1876/1876/1876 1877/1877/1877 1878/1878/1878
f 1879/1879/1879 1880/1880/1880 1881/1881/1881
f 1882/1882/1882 1883/1883/1883 1884/1884/1884
f 1885/1885/1885 1886/1886/1886 1887/1887/1887
f 1888/1888/1888 1889/1889/1889 1890/1890/1890
f 1891/1891/1891 1892/1892/1892 1893/1893/1893
f 1894/1894/1894 1895/1895/1895 1896/1896/1896
f 1897/1897/1897 1898/1898/1898 1899/1899/1899
f 1900/1900/1900 1901/1901/1901 1902/1902/1902
f 1903/1903/1903 1904/1904/1904 1905/1905/1905
f 1906/1906/1906 1907/1907/1907 1908/1908/1908
f 1909/1909/1909 1910/1910/1910 1911/1911/1911
f 1912/1912/1912 1913/1913/1913 1914/1914/1914
f 1915/1915/1915 1916/1916/1916 1917/1917/1917
f 1918/1918/1918 1919/1919/1919 1920/1920/1920
f 1921/1921/1921 1922/1922/1922 1923/1923/1923
f 1924/1924/1924 1925/1925/1925 1926/1926/1926
f 1927/1927/1927 1928/1928/1928 1929/1929/1929
f 1930/1930/1930 1931/1931/1931 1932/1932/1932
f 1933/1933/1933 1934/1934/1934 1935/1935/1935
f 1936/1936/1936 1937/1937/1937 1938/1938/1938
f 1939/1939/1939 1940/1940/1940 1941/1941/1941
f 1942/1942/1942 1943/1943/1943 1944/1944/1944
f 1945/1945/1945 1946/1946/1946 1947/1947/1947
f 1948/1948/1948 1949/1949/1949 1950/1950/1950
f 1951/1951/1951 1952/1952/1952 1953/1953/1953
f 1954/1954/1954 1955/1955/1955 1956/1956/1956
f 1957/1957/1957 1958/1958/1958 1959/1959/1959
f 1960/1960/1960 1961/1961/1961 1962/1962/1962
f 1963/1963/1963 1964/1964/1964 1965/1965/1965
f 1966/1966/1966 1967/1967/1967 1968/1968/1968
f 1969/1969/1969 1970/1970/1970 1971/1971/1971
f 1972/1972/1972 1973/1973/1973 1974/1974/1974
f 1975/1975/1975 1976/1976/1976 1977/1977/1977
f 1978/1978/1978 1979/1979/1979 1980/1980/1980
f 1981/1981/1981 1982/1982/1982 1983/1983/1983
f 1984/1984/1984 1985/1985/1985 1986/1986/1986
f 1987/1987/1987 1988/1988/1988 1989/1989/1989
f 1990/1990/1990 1991/1991/1991 1992/1992/1992
f 1993/1993/1993 1994/1994/1994 1995/1995/1995
f 1996/1996/1996 1997/1997/1997 1998/1998/1998
f 1999/1999/1999 2000/2000/2000 2001/2001/2001
f 2002/2002/2002 2003/2003/2003 2004/2004/2004
f 2005/2005/2005 2006/2006/2006 2007/2007/2007
f 2008/2008/2008 2009/2009/2009 2010/2010/2010
f 2011/2011/2011 2012/2012/2012 2013/2013/2013
f 2014/2014/2014 2015/2015/2015 2016/2016/2016
f 2017/2017/2017 2018/2018/2018 2019/2019/2019
f 2020/2020/2020 2021/2021/2021 2022/2022/2022
f 2023/2023/2023 2024/2024/2024 2025/2025/2025
f 2026/2026/2026 2027/2027/2027 2028/2028/2028
f 2029/2029/2029 2030/2030/2030 2031/2031/2031
f 2032/2032/2032 2033/2033/2033 2034/2034/2034
f 2035/2035/2035 2036/2036/2036 2037/2037/2037
f 2038/2038/2038 2039/2039/2039 2040/2040/2040
f 2041/2041/2041 2042/2042/2042 2043/2043/2043
f 2044/2044/2044 2045/2045/2045 2046/2046/2046
f 2047/2047/2047 2048/2048/2048 2049/2049/2049
f 2050/2050/2050 2051/2051/2051 2052/2052/2052
f 2053/2053/2053 2054/2054/2054 2055/2055/2055
f 2056/2056/2056 2057/2057/2057 2058/2058/2058
f 2059/2059/2059 2060/2060/2060 2061/2061/2061
f 2062/2062/2062 2063/2063/2063 2064/2064/2064
f 2065/2065/2065 2066/2066/2066 2067/2067/2067
f 2068/2068/2068 2069/2069/2069 2070/2070/2070
f 2071/2071/2071 2072/2072/2072 2073/2073/2073
f 2074/2074/2074 2075/2075/2075 2076/2076/2076
f 2077/2077/2077 2078/2078/2078 2079/2079/2079
f 2080/2080/2080 2081/2081/2081 2082/2082/2082
f 2083/2083/2083 2084/2084/2084 2085/2085/2085
f 2086/2086/2086 2087/2087/2087 2088/2088/2088
f 2089/2089/2089 2090/2090/2090 2091/2091/2091
f 2092/2092/2092 2093/2093/2093 2094/2094/2094
f 2095/2095/2095 2096/2096/2096 2097/2097/2097
f 2098/2098/2098 2099/2099/2099 2100/2100/2100
f 2101/2101/2101 2102/2102/2102 2103/2103/2103
f 2104/2104/2104 2105/2105/2105 2106/2106/2106
f 2107/2107/2107 2108/2108/2108 2109/2109/2109
f 2110/2110/2110 2111/2111/2111 2112/2112/2112
f 2113/2113/2113 2114/2114/2114 2115/2115/2115
f 2116/2116/2116 2117/2117/2117 2118/2118/2118
f 2119/2119/2119 2120/2120/2120 2121/2121/2121
f 2122/2122/2122 2123/2123/2123 2124/2124/2124
f 2125/2125/2125 2126/2126/2126 2127/2127/2127
f 2128/2128/2128 2129/2129/2129 2130/2130/2130
f 2131/2131/2131 2132/2132/2132 2133/2133/2133
f 2134/2134/2134 2135/2135/2135 2136/2136/2136
f 2137/2137/2137 2138/2138/2138 2139/2139/2139
f 2140/2140/2140 2141/2141/2141 2142/2142/2142
f 2143/2143/2143 2144/2144/2144 2145/2145/2145
f 2146/2146/2146 2147/2147/2147 2148/2148/2148
f 2149/2149/2149 2150/2150/2150 2151/2151/2151
f 2152/2152/2152 2153/2153/2153 2154/2154/2154
f 2155/2155/2155 2156/2156/2156 2157/2157/2157
f 2158/2158/2158 2159/2159/2159 2160/2160/2160
f 2161/2161/2161 2162/2162/2162 2163/2163/2163
f 2164/2164/2164 2165/2165/2165 2166/2166/2166
f 2167/2167/2167 2168/2168/2168 2169/2169/2169
f 2170/2170/2170 2171/2171/2171 2172/2172/2172
f 2173/2173/2173 2174/2174/2174 2175/2175/2175
f 2176/2176/2176 2177/2177/2177 2178/2178/2178
f 2179/2179/2179 2180/2180/2180 2181/2181/2181
f 2182/2182/2182 2183/2183/2183 2184/2184/2184
f 2185/2185/2185 2186/2186/2186 2187/2187/2187
f 2188/2188/2188 2189/2189/2189 2190/2190/2190
f 2191/2191/2191 2192/2192/2192 2193/2193/2193
f 2194/2194/2194 2195/2195/2195 2196/2196/2196
f 2197/2197/2197 2198/2198/2198 2199/2199/2199
f 2200/2200/2200 2201/2201/2201 2202/2202/2202
f 2203/2203/2203 2204/2204/2204 2205/2205/2205
f 2206/2206/2206 2207/2207/2207 2208/2208/2208
f 2209/2209/2209 2210/2210/2210 2211/2211/2211
f 2212/2212/2212 2213/2213/2213 2214/2214/2214
f 2215/2215/2215 2216/2216/2216 2217/2217/2217
f 2218/2218/2218 2219/2219/2219 2220/2220/2220
f 2221/2221/2221 2222/2222/2222 2223/2223/2223
f 2224/2224/2224 2225/2225/2225 2226/2226/2226
f 2227/2227/2227 2228/2228/2228 2229/2229/2229
f 2230/2230/2230 2231/2231/2231 2232/2232/2232
f 2233/2233/2233 2234/2234/2234 2235/2235/2235
f 2236/2236/2236 2237/2237/2237 2238/2238/2238
f 2239/2239/2239 2240/2240/2240 2241/2241/2241
f 2242/2242/2242 2243/2243/2243 2244/2244/2244
f 2245/2245/2245 2246/2246/2246 2247/2247/2247
f 2248/2248/2248 2249/2249/2249 2250/2250/2250
f 2251/2251/2251 2252/2252/2252 2253/2253/2253
f 2254/2254/2254 2255/2255/2255 2256/2256/2256
f 2257/2257/2257 2258/2258/2258 2259/2259/2259
f 2260/2260/2260 2261/2261/2261 2262/2262/2262
f 2263/2263/2263 2264/2264/2264 2265/2265/2265
f 2266/2266/2266 2267/2267/2267 2268/2268/2268
f 2269/2269/2269 2270/2270/2270 2271/2271/2271
f 2272/2272/2272 2273/2273/2273 2274/2274/2274
f 2275/2275/2275 2276/2276/2276 2277/2277/2277
f 2278/2278/2278 2279/2279/2279 2280/2280/2280
f 2281/2281/2281 2282/2282/2282 2283/2283/2283
f 2284/2284/2284 2285/2285/2285 2286/2286/2286
f 2287/2287/2287 2288/2288/2288 2289/2289/2289
f 2290/2290/2290 2291/2291/2291 2292/2292/2292
f 2293/2293/2293 2294/2294/2294 2295/2295/2295
f 2296/2296/2296 2297/2297/2297 2298/2298/2298
f 2299/2299/2299 2300/2300/2300 2301/2301/2301
f 2302/2302/2302 2303/2303/2303 2304/2304/2304
f 2305/2305/2305 2306/2306/2306 2307/2307/2307
f 2308/2308/2308 2309/2309/2309 2310/2310/2310
f 2311/2311/2311 2312/2312/2312 2313/2313/2313
f 2314/2314/2314 2315/2315/2315 2316/2316/2316
f 2317/2317/2317 2318/2318/2318 2319/2319/2319
f 2320/2320/2320 2321/2321/2321 2322/2322/2322
f 2323/2323/2323 2324/2324/2324 2325/2325/2325
f 2326/2326/2326 2327/2327/2327 2328/2328/2328
f 2329/2329/2329 2330/2330/2330 2331/2331/2331
f 2332/2332/2332 2333/2333/2333 2334/2334/2334
f 2335/2335/2335 2336/2336/2336 2337/2337/2337
f 2338/2338/2338 2339/2339/2339 2340/2340/2340
f 2341/2341/2341 2342/2342/2342 2343/2343/2343
f 2344/2344/2344 2345/2345/2345 2346/2346/2346
f 2347/2347/2347 2348/2348/2348 2349/2349/2349
f 2350/2350/2350 2351/2351/2351 2352/2352/2352
f 2353/2353/2353 2354/2354/2354 2355/2355/2355
f 2356/2356/2356 2357/2357/2357 2358/2358/2358
f 2359/2359/2359 2360/2360/2360 2361/2361/2361
f 2362/2362/2362 2363/2363/2363 2364/2364/2364
f 2365/2365/2365 2366/2366/2366 2367/2367/2367
f 2368/2368/2368 2369/2369/2369 2370/2370/2370
f 2371/2371/2371 2372/2372/2372 2373/2373/2373
f 2374/2374/2374 2375/2375/2375 2376/2376/2376
f 2377/2377/2377 2378/2378/2378 2379/2379/2379
f 2380/2380/2380 2381/2381/2381 2382/2382/2382
f 2383/2383/2383 2384/2384/2384 2385/2385/2385
f 2386/2386/2386 2387/2387/2387 2388/2388/2388
f 2389/2389/2389 2390/2390/2390 2391/2391/2391
f 2392/2392/2392 2393/2393/2393 2394/2394/2394
f 2395/2395/2395 2396/2396/2396 2397/2397/2397
f 2398/2398/2398 2399/2399/2399 2400/2400/2400
f 2401/2401/2401 2402/2402/2402 2403/2403/2403
f 2404/2404/2404 2405/2405/2405 2406/2406/2406
f 2407/2407/2407 2408/2408/2408 2409/2409/2409
f 2410/2410/2410 2411/2411/2411 2412/2412/2412
f 2413/2413/2413 2414/2414/2414 2415/2415/2415
f 2416/2416/2416 2417/2417/2417 2418/2418/2418
f 2419/2419/2419 2420/2420/2420 2421/2421/2421
f 2422/2422/2422 2423/2423/2423 2424/2424/2424
f 2425/2425/2425 2426/2426/2426 2427/2427/2427
f 2428/2428/2428 2429/2429/2429 2430/2430/2430
f 2431/2431/2431 2432/2432/2432 2433/2433/2433
f 2434/2434/2434 2435/2435/2435 2436/2436/2436
f 2437/2437/2437 2438/2438/2438 2439/2439/2439
f 2440/2440/2440 2441/2441/2441 2442/2442/2442
f 2443/2443/2443 2444/2444/2444 2445/2445/2445
f 2446/2446/2446 2447/2447/2447 2448/2448/2448
f 2449/2449/2449 2450/2450/2450 2451/2451/2451
f 2452/2452/2452 2453/2453/2453 2454/2454/2454
f 2455/2455/2455 2456/2456/2456 2457/2457/2457
f 2458/2458/2458 2459/2459/2459 2460/2460/2460
f 2461/2461/2461 2462/2462/2462 2463/2463/2463
f 2464/2464/2464 2465/2465/2465 2466/2466/2466
f 2467/2467/2467 2468/2468/2468 2469/2469/2469
f 2470/2470/2470 2471/2471/2471 2472/2472/2472
f 2473/2473/2473 2474/2474/2474 2475/2475/2475
f 2476/2476/2476 2477/2477/2477 2478/2478/2478
f 2479/2479/2479 2480/2480/2480 2481/2481/2481
f 2482/2482/2482 2483/2483/2483 2484/2484/2484
f 2485/2485/2485 2486/2486/2486 2487/2487/2487
f 2488/2488/2488 2489/2489/2489 2490/2490/2490
f 2491/2491/2491 2492/2492/2492 2493/2493/2493
f 2494/2494/2494 2495/2495/2495 2496/2496/2496
f 2497/2497/2497 2498/2498/2498 2499/2499/2499
f 2500/2500/2500 2501/2501/2501 2502/2502/2502
f 2503/2503/2503 2504/2504/2504 2505/2505/2505
f 2506/2506/2506 2507/2507/2507 2508/2508/2508
f 2509/2509/2509 2510/2510/2510 2511/2511/2511
f 2512/2512/2512 2513/2513/2513 2514/2514/2514
f 2515/2515/2515 2516/2516/2516 2517/2517/2517
f 2518/2518/2518 2519/2519/2519 2520/2520/2520
f 2521/2521/2521 2522/2522/2522 2523/2523/2523
f 2524/2524/2524 2525/2525/2525 2526/2526/2526
f 2527/2527/2527 2528/2528/2528 2529/2529/2529
f 2530/2530/2530 2531/2531/2531 2532/2532/2532
f 2533/2533/2533 2534/2534/2534 2535/2535/2535
f 2536/2536/2536 2537/2537/2537 2538/2538/2538
f 2539/2539/2539 2540/2540/2540 2541/2541/2541
f 2542/2542/2542 2543/2543/2543 2544/2544/2544
f 2545/2545/2545 2546/2546/2546 2547/2547/2547
f 2548/2548/2548 2549/2549/2549 2550/2550/2550
f 2551/2551/2551 2552/2552/2552 2553/2553/2553
f 2554/2554/2554 2555/2555/2555 2556/2556/2556
f 2557/2557/2557 2558/2558/2558 2559/2559/2559
f 2560/2560/2560 2561/2561/2561 2562/2562/2562
f 2563/2563/2563 2564/2564/2564 2565/2565/2565
f 2566/2566/2566 2567/2567/2567 2568/2568/2568
f 2569/2569/2569 2570/2570/2570 2571/2571/2571
f 2572/2572/2572 2573/2573/2573 2574/2574/2574
f 2575/2575/2575 2576/2576/2576 2577/2577/2577
f 2578/2578/2578 2579/2579/2579 2580/2580/2580
f 2581/2581/2581 2582/2582/2582 2583/2583/2583
f 2584/2584/2584 2585/2585/2585 2586/2586/2586
f 2587/2587/2587 2588/2588/2588 2589/2589/2589
f 2590/2590/2590 2591/2591/2591 2592/2592/2592
f 2593/2593/2593 2594/2594/2594 2595/2595/2595
f 2596/2596/2596 2597/2597/2597 2598/2598/2598
f 2599/2599/2599 2600/2600/2600 2601/2601/2601
f 2602/2602/2602 2603/2603/2603 2604/2604/2604
f 2605/2605/2605 2606/2606/2606 2607/2607/2607
f 2608/2608/2608 2609/2609/2609 2610/2610/2610
f 2611/2611/2611 2612/2612/2612 2613/2613/2613
f 2614/2614/2614 2615/2615/2615 2616/2616/2616
f 2617/2617/2617 2618/2618/2618 2619/2619/2619
f 2620/2620/2620 2621/2621/2621 2622/2622/2622
f 2623/2623/2623 2624/2624/2624 2625/2625/2625
f 2626/2626/2626 2627/2627/2627 2628/2628/2628
f 2629/2629/2629 2630/2630/2630 2631/2631/2631
f 2632/2632/2632 2633/2633/2633 2634/2634/2634
f 2635/2635/2635 2636/2636/2636 2637/2637/2637
f 2638/2638/2638 2639/2639/2639 2640/2640/2640
f 2641/2641/2641 2642/2642/2642 2643/2643/2643
f 2644/2644/2644 2645/2645/2645 2646/2646/2646
f 2647/2647/2647 2648/2648/2648 2649/2649/2649
f 2650/2650/2650 2651/2651/2651 2652/2652/2652
f 2653/2653/2653 2654/2654/2654 2655/2655/2655
f 2656/2656/2656 2657/2657/2657 2658/2658/2658
f 2659/2659/2659 2660/2660/2660 2661/2661/2661
f 2662/2662/2662 2663/2663/2663 2664/2664/2664
f 2665/2665/2665 2666/2666/2666 2667/2667/2667
f 2668/2668/2668 2669/2669/2669 2670/2670/2670
f 2671/2671/2671 2672/2672/2672 2673/2673/2673
f 2674/2674/2674 2675/2675/2675 2676/2676/2676
f 2677/2677/2677 2678/2678/2678 2679/2679/2679
f 2680/2680/2680 2681/2681/2681 2682/2682/2682
f 2683/2683/2683 2684/2684/2684 2685/2685/2685
f 2686/2686/2686 2687/2687/2687 2688/2688/2688
f 2689/2689/2689 2690/2690/2690 2691/2691/2691
f 2692/2692/2692 2693/2693/2693 2694/2694/2694
f 2695/2695/2695 2696/2696/2696 2697/2697/2697
f 2698/2698/2698 2699/2699/2699 2700/2700/2700
f 2701/2701/2701 2702/2702/2702 2703/2703/2703
f 2704/2704/2704 2705/2705/2705 2706/2706/2706
f 2707/2707/2707 2708/2708/2708 2709/2709/2709
f 2710/2710/2710 2711/2711/2711 2712/2712/2712
f 2713/2713/2713 2714/2714/2714 2715/2715/2715
f 2716/2716/2716 2717/2717/2717 2718/2718/2718
f 2719/2719/2719 2720/2720/2720 2721/2721/2721
f 2722/2722/2722 2723/2723/2723 2724/2724/2724
f 2725/2725/2725 2726/2726/2726 2727/2727/2727
f 2728/2728/2728 2729/2729/2729 2730/2730/2730
f 2731/2731/2731 2732/2732/2732 2733/2733/2733
f 2734/2734/2734 2735/2735/2735 2736/2736/2736
f 2737/2737/2737 2738/2738/2738 2739/2739/2739
f 2740/2740/2740 2741/2741/2741 2742/2742/2742
f 2743/2743/2743 2744/2744/2744 2745/2745/2745
f 2746/2746/2746 2747/2747/2747 2748/2748/2748
f 2749/2749/2749 2750/2750/2750 2751/2751/2751
f 2752/2752/2752 2753/2753/2753 2754/2754/2754
f 2755/2755/2755 2756/2756/2756 2757/2757/2757
f 2758/2758/2758 2759/2759/2759 2760/2760/2760
f 2761/2761/2761 2762/2762/2762 2763/2763/2763
f 2764/2764/2764 2765/2765/2765 2766/2766/2766
f 2767/2767/2767 2768/2768/2768 2769/2769/2769
f 2770/2770/2770 2771/2771/2771 2772/2772/2772
f 2773/2773/2773 2774/2774/2774 2775/2775/2775
f 2776/2776/2776 2777/2777/2777 2778/2778/2778
f 2779/2779/2779 2780/2780/2780 2781/2781/2781
f 2782/2782/2782 2783/2783/2783 2784/2784/2784
f 2785/2785/2785 2786/2786/2786 2787/2787/2787
f 2788/2788/2788 2789/2789/2789 2790/2790/2790
f 2791/2791/2791 2792/2792/2792 2793/2793/2793
f 2794/2794/2794 2795/2795/2795 2796/2796/2796
f 2797/2797/2797 2798/2798/2798 2799/2799/2799
f 2800/2800/2800 2801/2801/2801 2802/2802/2802
f 2803/2803/2803 2804/2804/2804 2805/2805/2805
f 2806/2806/2806 2807/2807/2807 2808/2808/2808
f 2809/2809/2809 2810/2810/2810 2811/2811/2811
f 2812/2812/2812 2813/2813/2813 2814/2814/2814
f 2815/2815/2815 2816/2816/2816 2817/2817/2817
f 2818/2818/2818 2819/2819/2819 2820/2820/2820
f 2821/2821/2821 2822/2822/2822 2823/2823/2823
f 2824/2824/2824 2825/2825/2825 2826/2826/2826
f 2827/2827/2827 2828/2828/2828 2829/2829/2829
f 2830/2830/2830 2831/2831/2831 2832/2832/2832
f 2833/2833/2833 2834/2834/2834 2835/2835/2835
f 2836/2836/2836 2837/2837/2837 2838/2838/2838
f 2839/2839/2839 2840/2840/2840 2841/2841/2841
f 2842/2842/2842 2843/2843/2843 2844/2844/2844
f 2845/2845/2845 2846/2846/2846 2847/2847/2847
f 2848/2848/2848 2849/2849/2849 2850/2850/2850
f 2851/2851/2851 2852/2852/2852 2853/2853/2853
f 2854/2854/2854 2855/2855/2855 2856/2856/2856
f 2857/2857/2857 2858/2858/2858 2859/2859/2859
f 2860/2860/2860 2861/2861/2861 2862/2862/2862
f 2863/2863/2863 2864/2864/2864 2865/2865/2865
f 2866/2866/2866 2867/2867/2867 2868/2868/2868
f 2869/2869/2869 2870/2870/2870 2871/2871/2871
f 2872/2872/2872 2873/2873/2873 2874/2874/2874
f 2875/2875/2875 2876/2876/2876 2877/2877/2877
f 2878/2878/2878 2879/2879/2879 2880/2880/2880
f 2881/2881/2881 2882/2882/2882 2883/2883/2883
f 2884/2884/2884 2885/2885/2885 2886/2886/2886
f 2887/2887/2887 2888/2888/2888 2889/2889/2889
f 2890/2890/2890 2891/2891/2891 2892/2892/2892
f 2893/2893/2893 2894/2894/2894 2895/2895/2895
f 2896/2896/2896 2897/2897/2897 2898/2898/2898
f 2899/2899/2899 2900/2900/2900 2901/2901/2901
f 2902/2902/2902 2903/2903/2903 2904/2904/2904
f 2905/2905/2905 2906/2906/2906 2907/2907/2907
f 2908/2908/2908 2909/2909/2909 2910/2910/2910
f 2911/2911/2911 2912/2912/2912 2913/2913/2913
f 2914/2914/2914 2915/2915/2915 2916/2916/2916
f 2917/2917/2917 2918/2918/2918 2919/2919/2919
f 2920/2920/2920 2921/2921/2921 2922/2922/2922
f 2923/2923/2923 2924/2924/2924 2925/2925/2925
f 2926/2926/2926 2927/2927/2927 2928/2928/2928
f 2929/2929/2929 2930/2930/2930 2931/2931/2931
f 2932/2932/2932 2933/2933/2933 2934/2934/2934
f 2935/2935/2935 2936/2936/2936 2937/2937/2937
f 2938/2938/2938 2939/2939/2939 2940/2940/2940
f 2941/2941/2941 2942/2942/2942 2943/2943/2943
f 2944/2944/2944 2945/2945/2945 2946/2946/2946
f 2947/2947/2947 2948/2948/2948 2949/2949/2949
f 2950/2950/2950 2951/2951/2951 2952/2952/2952
f 2953/2953/2953 2954/2954/2954 2955/2955/2955
f 2956/2956/2956 2957/2957/2957 2958/2958/2958
f 2959/2959/2959 2960/2960/2960 2961/2961/2961
f 2962/2962/2962 2963/2963/2963 2964/2964/2964
f 2965/2965/2965 2966/2966/2966 2967/2967/2967
f 2968/2968/2968 2969/2969/2969 2970/2970/2970
f 2971/2971/2971 2972/2972/2972 2973/2973/2973
f 2974/2974/2974 2975/2975/2975 2976/2976/2976
f 2977/2977/2977 2978/2978/2978 2979/2979/2979
f 2980/2980/2980 2981/2981/2981 2982/2982/2982
f 2983/2983/2983 2984/2984/2984 2985/2985/2985
f 2986/2986/2986 2987/2987/2987 2988/2988/2988
f 2989/2989/2989 2990/2990/2990 2991/2991/2991
f 2992/2992/2992 2993/2993/2993 2994/2994/2994
f 2995/2995/2995 2996/2996/2996 2997/2997/2997
f 2998/2998/2998 2999/2999/2999 3000/3000/3000
f 3001/3001/3001 3002/3002/3002 3003/3003/3003
f 3004/3004/3004 3005/3005/3005 3006/3006/3006
f 3007/3007/3007 3008/3008/3008 3009/3009/3009
f 3010/3010/3010 3011/3011/3011 3012/3012/3012
f 3013/3013/3013 3014/3014/3014 3015/3015/3015
f 3016/3016/3016 3017/3017/3017 3018/3018/3018
f 3019/3019/3019 3020/3020/3020 3021/3021/3021
f 3022/3022/3022 3023/3023/3023 3024/3024/3024
f 3025/3025/3025 3026/3026/3026 3027/3027/3027
f 3028/3028/3028 3029/3029/3029 3030/3030/3030
f 3031/3031/3031 3032/3032/3032 3033/3033/3033
f 3034/3034/3034 3035/3035/3035 3036/3036/3036
f 3037/3037/3037 3038/3038/3038 3039/3039/3039
f 3040/3040/3040 3041/3041/3041 3042/3042/3042
f 3043/3043/3043 3044/3044/3044 3045/3045/3045
f 3046/3046/3046 3047/3047/3047 3048/3048/3048
f 3049/3049/3049 3050/3050/3050 3051/3051/3051
f 3052/3052/3052 3053/3053/3053 3054/3054/3054
f 3055/3055/3055 3056/3056/3056 3057/3057/3057
f 3058/3058/3058 3059/3059/3059 3060/3060/3060
f 3061/3061/3061 3062/3062/3062 3063/3063/3063
f 3064/3064/3064 3065/3065/3065 3066/3066/3066
f 3067/3067/3067 3068/3068/3068 3069/3069/3069
f 3070/3070/3070 3071/3071/3071 3072/3072/3072
f 3073/3073/3073 3074/3074/3074 3075/3075/3075
f 3076/3076/3076 3077/3077/3077 3078/3078/3078
f 3079/3079/3079 3080/3080/3080 3081/3081/3081
f 3082/3082/3082 3083/3083/3083 3084/3084/3084
f 3085/3085/3085 3086/3086/3086 3087/3087/3087
f 3088/3088/3088 3089/3089/3089 3090/3090/3090
f 3091/3091/3091 3092/3092/3092 3093/3093/3093
f 3094/3094/3094 3095/3095/3095 3096/3096/3096
f 3097/3097/3097 3098/3098/3098 3099/3099/3099
f 3100/3100/3100 3101/3101/3101 3102/3102/3102
f 3103/3103/3103 3104/3104/3104 3105/3105/3105
f 3106/3106/3106 3107/3107/3107 3108/3108/3108
f 3109/3109/3109 3110/3110/3110 3111/3111/3111
f 3112/3112/3112 3113/3113/3113 3114/3114/3114
f 3115/3115/3115 3116/3116/3116 3117/3117/3117
f 3118/3118/3118 3119/3119/3119 3120/3120/3120
f 3121/3121/3121 3122/3122/3122 3123/3123/3123
f 3124/3124/3124 3125/3125/3125 3126/3126/3126
f 3127/3127/3127 3128/3128/3128 3129/3129/3129
f 3130/3130/3130 3131/3131/3131 3132/3132/3132
f 3133/3133/3133 3134/3134/3134 3135/3135/3135
f 3136/3136/3136 3137/3137/3137 3138/3138/3138
f 3139/3139/3139 3140/3140/3140 3141/3141/3141
f 3142/3142/3142 3143/3143/3143 3144/3144/3144
f 3145/3145/3145 3146/3146/3146 3147/3147/3147
f 3148/3148/3148 3149/3149/3149 3150/3150/3150
f 3151/3151/3151 3152/3152/3152 3153/3153/3153
f 3154/3154/3154 3155/3155/3155 3156/3156/3156
f 3157/3157/3157 3158/3158/3158 3159/3159/3159
f 3160/3160/3160 3161/3161/3161 3162/3162/3162
f 3163/3163/3163 3164/3164/3164 3165/3165/3165
f 3166/3166/3166 3167/3167/3167 3168/3168/3168
f 3169/3169/3169 3170/3170/3170 3171/3171/3171
f 3172/3172/3172 3173/3173/3173 3174/3174/3174
f 3175/3175/3175 3176/3176/3176 3177/3177/3177
f 3178/3178/3178 3179/3179/3179 3180/3180/3180
f 3181/3181/3181 3182/3182/3182 3183/3183/3183
f 3184/3184/3184 3185/3185/3185 3186/3186/3186
f 3187/3187/3187 3188/3188/3188 3189/3189/3189
f 3190/3190/3190 3191/3191/3191 3192/3192/3192
f 3193/3193/3193 3194/3194/3194 3195/3195/3195
f 3196/3196/3196 3197/3197/3197 3198/3198/3198
f 3199/3199/3199 3200/3200/3200 3201/3201/3201
f 3202/3202/3202 3203/3203/3203 3204/3204/3204
f 3205/3205/3205 3206/3206/3206 3207/3207/3207
f 3208/3208/3208 3209/3209/3209 3210/3210/3210
f 3211/3211/3211 3212/3212/3212 3213/3213/3213
f 3214/3214/3214 3215/3215/3215 3216/3216/3216
f 3217/3217/3217 3218/3218/3218 3219/3219/3219
f 3220/3220/3220 3221/3221/3221 3222/3222/3222
f 3223/3223/3223 3224/3224/3224 3225/3225/3225
f 3226/3226/3226 3227/3227/3227 3228/3228/3228
f 3229/3229/3229 3230/3230/3230 3231/3231/3231
f 3232/3232/3232 3233/3233/3233 3234/3234/3234
f 3235/3235/3235 3236/3236/3236 3237/3237/3237
f 3238/3238/3238 3239/3239/3239 3240/3240/3240
f 3241/3241/3241 3242/3242/3242 3243/3243/3243
f 3244/3244/3244 3245/3245/3245 3246/3246/3246
f 3247/3247/3247 3248/3248/3248 3249/3249/3249
f 3250/3250/3250 3251/3251/3251 3252/3252/3252
f 3253/3253/3253 3254/3254/3254 3255/3255/3255
f 3256/3256/3256 3257/3257/3257 3258/3258/3258
f 3259/3259/3259 3260/3260/3260 3261/3261/3261
f 3262/3262/3262 3263/3263/3263 3264/3264/3264
f 3265/3265/3265 3266/3266/3266 3267/3267/3267
f 3268/3268/3268 3269/3269/3269 3270/3270/3270
f 3271/3271/3271 3272/3272/3272 3273/3273/3273
f 3274/3274/3274 3275/3275/3275 3276/3276/3276
f 3277/3277/3277 3278/3278/3278 3279/3279/3279
f 3280/3280/3280 3281/3281/3281 3282/3282/3282
f 3283/3283/3283 3284/3284/3284 3285/3285/3285
f 3286/3286/3286 3287/3287/3287 3288/3288/3288
f 3289/3289/3289 3290/3290/3290 3291/3291/3291
f 3292/3292/3292 3293/3293/3293 3294/3294/3294
f 3295/3295/3295 3296/3296/3296 3297/3297/3297
f 3298/3298/3298 3299/3299/3299 3300/3300/3300
f 3301/3301/3301 3302/3302/3302 3303/3303/3303
f 3304/3304/3304 3305/3305/3305 3306/3306/3306
f 3307/3307/3307 3308/3308/3308 3309/3309/3309
f 3310/3310/3310 3311/3311/3311 3312/3312/3312
f 3313/3313/3313 3314/3314/3314 3315/3315/3315
f 3316/3316/3316 3317/3317/3317 3318/3318/3318
f 3319/3319/3319 3320/3320/3320 3321/3321/3321
f 3322/3322/3322 3323/3323/3323 3324/3324/3324
f 3325/3325/3325 3326/3326/3326 3327/3327/3327
f 3328/3328/3328 3329/3329/3329 3330/3330/3330
f 3331/3331/3331 3332/3332/3332 3333/3333/3333
f 3334/3334/3334 3335/3335/3335 3336/3336/3336
f 3337/3337/3337 3338/3338/3338 3339/3339/3339
f 3340/3340/3340 3341/3341/3341 3342/3342/3342
f 3343/3343/3343 3344/3344/3344 3345/3345/3345
f 3346/3346/3346 3347/3347/3347 3348/3348/3348
f 3349/3349/3349 3350/3350/3350 3351/3351/3351
f 3352/3352/3352 3353/3353/3353 3354/3354/3354
f 3355/3355/3355 3356/3356/3356 3357/3357/3357
f 3358/3358/3358 3359/3359/3359 3360/3360/3360
f 3361/3361/3361 3362/3362/3362 3363/3363/3363
f 3364/3364/3364 3365/3365/3365 3366/3366/3366
f 3367/3367/3367 3368/3368/3368 3369/3369/3369
f 3370/3370/3370 3371/3371/3371 3372/3372/3372
f 3373/3373/3373 3374/3374/3374 3375/3375/3375
f 3376/3376/3376 3377/3377/3377 3378/3378/3378
f 3379/3379/3379 3380/3380/3380 3381/3381/3381
f 3382/3382/3382 3383/3383/3383 3384/3384/3384
f 3385/3385/3385 3386/3386/3386 3387/3387/3387
f 3388/3388/3388 3389/3389/3389 3390/3390/3390
f 3391/3391/3391 3392/3392/3392 3393/3393/3393
f 3394/3394/3394 3395/3395/3395 3396/3396/3396
f 3397/3397/3397 3398/3398/3398 3399/3399/3399
f 3400/3400/3400 3401/3401/3401 3402/3402/3402
f 3403/3403/3403 3404/3404/3404 3405/3405/3405
f 3406/3406/3406 3407/3407/3407 3408/3408/3408
f 3409/3409/3409 3410/3410/3410 3411/3411/3411
f 3412/3412/3412 3413/3413/3413 3414/3414/3414
f 3415/3415/3415 3416/3416/3416 3417/3417/3417
f 3418/3418/3418 3419/3419/3419 3420/3420/3420
f 3421/3421/3421 3422/3422/3422 3423/3423/3423
f 3424/3424/3424 3425/3425/3425 3426/3426/3426
f 3427/3427/3427 3428/3428/3428 3429/3429/3429
f 3430/3430/3430 3431/3431/3431 3432/3432/3432
f 3433/3433/3433 3434/3434/3434 3435/3435/3435
f 3436/3436/3436 3437/3437/3437 3438/3438/3438
f 3439/3439/3439 3440/3440/3440 3441/3441/3441
f 3442/3442/3442 3443/3443/3443 3444/3444/3444
f 3445/3445/3445 3446/3446/3446 3447/3447/3447
f 3448/3448/3448 3449/3449/3449 3450/3450/3450
f 3451/3451/3451 3452/3452/3452 3453/3453/3453
f 3454/3454/3454 3455/3455/3455 3456/3456/3456
f 3457/3457/3457 3458/3458/3458 3459/3459/3459
f 3460/3460/3460 3461/3461/3461 3462/3462/3462
f 3463/3463/3463 3464/3464/3464 3465/3465/3465
f 3466/3466/3466 3467/3467/3467 3468/3468/3468
f 3469/3469/3469 3470/3470/3470 3471/3471/3471
f 3472/3472/3472 3473/3473/3473 3474/3474/3474
f 3475/3475/3475 3476/3476/3476 3477/3477/3477
f 3478/3478/3478 3479/3479/3479 3480/3480/3480
f 3481/3481/3481 3482/3482/3482 3483/3483/3483
f 3484/3484/3484 3485/3485/3485 3486/3486/3486
f 3487/3487/3487 3488/3488/3488 3489/3489/3489
f 3490/3490/3490 3491/3491/3491 3492/3492/3492
f 3493/3493/3493 3494/3494/3494 3495/3495/3495
f 3496/3496/3496 3497/3497/3497 3498/3498/3498
f 3499/3499/3499 3500/3500/3500 3501/3501/3501
f 3502/3502/3502 3503/3503/3503 3504/3504/3504
f 3505/3505/3505 3506/3506/3506 3507/3507/3507
f 3508/3508/3508 3509/3509/3509 3510/3510/3510
f 3511/3511/3511 3512/3512/3512 3513/3513/3513
f 3514/3514/3514 3515/3515/3515 3516/3516/3516
f 3517/3517/3517 3518/3518/3518 3519/3519/3519
f 3520/3520/3520 3521/3521/3521 3522/3522/3522
f 3523/3523/3523 3524/3524/3524 3525/3525/3525
f 3526/3526/3526 3527/3527/3527 3528/3528/3528
f 3529/3529/3529 3530/3530/3530 3531/3531/3531
f 3532/3532/3532 3533/3533/3533 3534/3534/3534
f 3535/3535/3535 3536/3536/3536 3537/3537/3537
f 3538/3538/3538 3539/3539/3539 3540/3540/3540
f 3541/3541/3541 3542/3542/3542 3543/3543/3543
f 3544/3544/3544 3545/3545/3545 3546/3546/3546
f 3547/3547/3547 3548/3548/3548 3549/3549/3549
f 3550/3550/3550 3551/3551/3551 3552/3552/3552
f 3553/3553/3553 3554/3554/3554 3555/3555/3555
f 3556/3556/3556 3557/3557/3557 3558/3558/3558
f 3559/3559/3559 3560/3560/3560 3561/3561/3561
f 3562/3562/3562 3563/3563/3563 3564/3564/3564
f 3565/3565/3565 3566/3566/3566 3567/3567/3567
f 3568/3568/3568 3569/3569/3569 3570/3570/3570
f 3571/3571/3571 3572/3572/3572 3573/3573/3573
f 3574/3574/3574 3575/3575/3575 3576/3576/3576
f 3577/3577/3577 3578/3578/3578 3579/3579/3579
f 3580/3580/3580 3581/3581/3581 3582/3582/3582
f 3583/3583/3583 3584/3584/3584 3585/3585/3585
f 3586/3586/3586 3587/3587/3587 3588/3588/3588
f 3589/3589/3589 3590/3590/3590 3591/3591/3591
f 3592/3592/3592 3593/3593/3593 3594/3594/3594
f 3595/3595/3595 3596/3596/3596 3597/3597/3597
f 3598/3598/3598 3599/3599/3599 3600/3600/3600
f 3601/3601/3601 3602/3602/3602 3603/3603/3603
f 3604/3604/3604 3605/3605/3605 3606/3606/3606
f 3607/3607/3607 3608/3608/3608 3609/3609/3609
f 3610/3610/3610 3611/3611/3611 3612/3612/3612
f 3613/3613/3613 3614/3614/3614 3615/3615/3615
f 3616/3616/3616 3617/3617/3617 3618/3618/3618
f 3619/3619/3619 3620/3620/3620 3621/3621/3621
f 3622/3622/3622 3623/3623/3623 3624/3624/3624
f 3625/3625/3625 3626/3626/3626 3627/3627/3627
f 3628/3628/3628 3629/3629/3629 3630/3630/3630
f 3631/3631/3631 3632/3632/3632 3633/3633/3633
f 3634/3634/3634 3635/3635/3635 3636/3636/3636
f 3637/3637/3637 3638/3638/3638 3639/3639/3639
f 3640/3640/3640 3641/3641/3641 3642/3642/3642
f 3643/3643/3643 3644/3644/3644 3645/3645/3645
f 3646/3646/3646 3647/3647/3647 3648/3648/3648
f 3649/3649/3649 3650/3650/3650 3651/3651/3651
f 3652/3652/3652 3653/3653/3653 3654/3654/3654
f 3655/3655/3655 3656/3656/3656 3657/3657/3657
f 3658/3658/3658 3659/3659/3659 3660/3660/3660
f 3661/3661/3661 3662/3662/3662 3663/3663/3663
f 3664/3664/3664 3665/3665/3665 3666/3666/3666
f 3667/3667/3667 3668/3668/3668 3669/3669/3669
f 3670/3670/3670 3671/3671/3671 3672/3672/3672
f 3673/3673/3673 3674/3674/3674 3675/3675/3675
f 3676/3676/3676 3677/3677/3677 3678/3678/3678
f 3679/3679/3679 3680/3680/3680 3681/3681/3681
f 3682/3682/3682 3683/3683/3683 3684/3684/3684
f 3685/3685/3685 3686/3686/3686 3687/3687/3687
f 3688/3688/3688 3689/3689/3689 3690/3690/3690
f 3691/3691/3691 3692/3692/3692 3693/3693/3693
f 3694/3694/3694 3695/3695/3695 3696/3696/3696
f 3697/3697/3697 3698/3698/3698 3699/3699/3699
f 3700/3700/3700 3701/3701/3701 3702/3702/3702
f 3703/3703/3703 3704/3704/3704 3705/3705/3705
f 3706/3706/3706 3707/3707/3707 3708/3708/3708
f 3709/3709/3709 3710/3710/3710 3711/3711/3711
f 3712/3712/3712 3713/3713/3713 3714/3714/3714
f 3715/3715/3715 3716/3716/3716 3717/3717/3717
f 3718/3718/3718 3719/3719/3719 3720/3720/3720
f 3721/3721/3721 3722/3722/3722 3723/3723/3723
f 3724/3724/3724 3725/3725/3725 3726/3726/3726
f 3727/3727/3727 3728/3728/3728 3729/3729/3729
f 3730/3730/3730 3731/3731/3731 3732/3732/3732
f 3733/3733/3733 3734/3734/3734 3735/3735/3735
f 3736/3736/3736 3737/3737/3737 3738/3738/3738
f 3739/3739/3739 3740/3740/3740 3741/3741/3741
f 3742/3742/3742 3743/3743/3743 3744/3744/3744
f 3745/3745/3745 3746/3746/3746 3747/3747/3747
f 3748/3748/3748 3749/3749/3749 3750/3750/3750
f 3751/3751/3751 3752/3752/3752 3753/3753/3753
f 3754/3754/3754 3755/3755/3755 3756/3756/3756
f 3757/3757/3757 3758/3758/3758 3759/3759/3759
f 3760/3760/3760 3761/3761/3761 3762/3762/3762
f 3763/3763/3763 3764/3764/3764 3765/3765/3765
f 3766/3766/3766 3767/3767/3767 3768/3768/3768
f 3769/3769/3769 3770/3770/3770 3771/3771/3771
f 3772/3772/3772 3773/3773/3773 3774/3774/3774
f 3775/3775/3775 3776/3776/3776 3777/3777/3777
f 3778/3778/3778 3779/3779/3779 3780/3780/3780
f 3781/3781/3781 3782/3782/3782 3783/3783/3783
f 3784/3784/3784 3785/3785/3785 3786/3786/3786
f 3787/3787/3787 3788/3788/3788 3789/3789/3789
f 3790/3790/3790 3791/3791/3791 3792/3792/3792
f 3793/3793/3793 3794/3794/3794 3795/3795/3795
f 3796/3796/3796 3797/3797/3797 3798/3798/3798
f 3799/3799/3799 3800/3800/3800 3801/3801/3801
f 3802/3802/3802 3803/3803/3803 3804/3804/3804
f 3805/3805/3805 3806/3806/3806 3807/3807/3807
f 3808/3808/3808 3809/3809/3809 3810/3810/3810
f 3811/3811/3811 3812/3812/3812 3813/3813/3813
f 3814/3814/3814 3815/3815/3815 3816/3816/3816
f 3817/3817/3817 3818/3818/3818 3819/3819/3819
f 3820/3820/3820 3821/3821/3821 3822/3822/3822
f 3823/3823/3823 3824/3824/3824 3825/3825/3825
f 3826/3826/3826 3827/3827/3827 3828/3828/3828
f 3829/3829/3829 3830/3830/3830 3831/3831/3831
f 3832/3832/3832 3833/3833/3833 3834/3834/3834
f 3835/3835/3835 3836/3836/3836 3837/3837/3837
f 3838/3838/3838 3839/3839/3839 3840/3840/3840
f 3841/3841/3841 3842/3842/3842 3843/3843/3843
f 3844/3844/3844 3845/3845/3845 3846/3846/3846
f 3847/3847/3847 3848/3848/3848 3849/3849/3849
f 3850/3850/3850 3851/3851/3851 3852/3852/3852
f 3853/3853/3853 3854/3854/3854 3855/3855/3855
f 3856/3856/3856 3857/3857/3857 3858/3858/3858
f 3859/3859/3859 3860/3860/3860 3861/3861/3861
f 3862/3862/3862 3863/3863/3863 3864/3864/3864
f 3865/3865/3865 3866/3866/3866 3867/3867/3867
f 3868/3868/3868 3869/3869/3869 3870/3870/3870
f 3871/3871/3871 3872/3872/3872 3873/3873/3873
f 3874/3874/3874 3875/3875/3875 3876/3876/3876
f 3877/3877/3877 3878/3878/3878 3879/3879/3879
f 3880/3880/3880 3881/3881/3881 3882/3882/3882
f 3883/3883/3883 3884/3884/3884 3885/3885/3885
f 3886/3886/3886 3887/3887/3887 3888/3888/3888
f 3889/3889/3889 3890/3890/3890 3891/3891/3891
f 3892/3892/3892 3893/3893/3893 3894/3894/3894
f 3895/3895/3895 3896/3896/3896 3897/3897/3897
f 3898/3898/3898 3899/3899/3899 3900/3900/3900
f 3901/3901/3901 3902/3902/3902 3903/3903/3903
f 3904/3904/3904 3905/3905/3905 3906/3906/3906
f 3907/3907/3907 3908/3908/3908 3909/3909/3909
f 3910/3910/3910 3911/3911/3911 3912/3912/3912
f 3913/3913/3913 3914/3914/3914 3915/3915/3915
f 3916/3916/3916 3917/3917/3917 3918/3918/3918
f 3919/3919/3919 3920/3920/3920 3921/3921/3921
f 3922/3922/3922 3923/3923/3923 3924/3924/3924
f 3925/3925/3925 3926/3926/3926 3927/3927/3927
f 3928/3928/3928 3929/3929/3929 3930/3930/3930
f 3931/3931/3931 3932/3932/3932 3933/3933/3933
f 3934/3934/3934 3935/3935/3935 3936/3936/3936
f 3937/3937/3937 3938/3938/3938 3939/3939/3939
f 3940/3940/3940 3941/3941/3941 3942/3942/3942
f 3943/3943/3943 3944/3944/3944 3945/3945/3945
f 3946/3946/3946 3947/3947/3947 3948/3948/3948
f 3949/3949/3949 3950/3950/3950 3951/3951/3951
f 3952/3952/3952 3953/3953/3953 3954/3954/3954
f 3955/3955/3955 3956/3956/3956 3957/3957/3957
f 3958/3958/3958 3959/3959/3959 3960/3960/3960
f 3961/3961/3961 3962/3962/3962 3963/3963/3963
f 3964/3964/3964 3965/3965/3965 3966/3966/3966
f 3967/3967/3967 3968/3968/3968 3969/3969/3969
f 3970/3970/3970 3971/3971/3971 3972/3972/3972
f 3973/3973/3973 3974/3974/3974 3975/3975/3975
f 3976/3976/3976 3977/3977/3977 3978/3978/3978
f 3979/3979/3979 3980/3980/3980 3981/3981/3981
f 3982/3982/3982 3983/3983/3983 3984/3984/3984
f 3985/3985/3985 3986/3986/3986 3987/3987/3987
f 3988/3988/3988 3989/3989/3989 3990/3990/3990
f 3991/3991/3991 3992/3992/3992 3993/3993/3993
f 3994/3994/3994 3995/3995/3995 3996/3996/3996
f 3997/3997/3997 3998/3998/3998 3999/3999/3999
f 4000/4000/4000 4001/4001/4001 4002/4002/4002
f 4003/4003/4003 4004/4004/4004 4005/4005/4005
f 4006/4006/4006 4007/4007/4007 4008/4008/4008
f 4009/4009/4009 4010/4010/4010 4011/4011/4011
f 4012/4012/4012 4013/4013/4013 4014/4014/4014
f 4015/4015/4015 4016/4016/4016 4017/4017/4017
f 4018/4018/4018 4019/4019/4019 4020/4020/4020
f 4021/4021/4021 4022/4022/4022 4023/4023/4023
f 4024/4024/4024 4025/4025/4025 4026/4026/4026
f 4027/4027/4027 4028/4028/4028 4029/4029/4029
f 4030/4030/4030 4031/4031/4031 4032/4032/4032
f 4033/4033/4033 4034/4034/4034 4035/4035/4035
f 4036/4036/4036 4037/4037/4037 4038/4038/4038
f 4039/4039/4039 4040/4040/4040 4041/4041/4041
f 4042/4042/4042 4043/4043/4043 4044/4044/4044
f 4045/4045/4045 4046/4046/4046 4047/4047/4047
f 4048/4048/4048 4049/4049/4049 4050/4050/4050
f 4051/4051/4051 4052/4052/4052 4053/4053/4053
f 4054/4054/4054 4055/4055/4055 4056/4056/4056
f 4057/4057/4057 4058/4058/4058 4059/4059/4059
f 4060/4060/4060 4061/4061/4061 4062/4062/4062
f 4063/4063/4063 4064/4064/4064 4065/4065/4065
f 4066/4066/4066 4067/4067/4067 4068/4068/4068
f 4069/4069/4069 4070/4070/4070 4071/4071/4071
f 4072/4072/4072 4073/4073/4073 4074/4074/4074
f 4075/4075/4075 4076/4076/4076 4077/4077/4077
f 4078/4078/4078 4079/4079/4079 4080/4080/4080
f 4081/4081/4081 4082/4082/4082 4083/4083/4083
f 4084/4084/4084 4085/4085/4085 4086/4086/4086
f 4087/4087/4087 4088/4088/4088 4089/4089/4089
f 4090/4090/4090 4091/4091/4091 4092/4092/4092
f 4093/4093/4093 4094/4094/4094 4095/4095/4095
f 4096/4096/4096 4097/4097/4097 4098/4098/4098
f 4099/4099/4099 4100/4100/4100 4101/4101/4101
f 4102/4102/4102 4103/4103/4103 4104/4104/4104
f 4105/4105/4105 4106/4106/4106 4107/4107/4107
f 4108/4108/4108 4109/4109/4109 4110/4110/4110
f 4111/4111/4111 4112/4112/4112 4113/4113/4113
f 4114/4114/4114 4115/4115/4115 4116/4116/4116
f 4117/4117/4117 4118/4118/4118 4119/4119/4119
f 4120/4120/4120 4121/4121/4121 4122/4122/4122
f 4123/4123/4123 4124/4124/4124 4125/4125/4125
f 4126/4126/4126 4127/4127/4127 4128/4128/4128
f 4129/4129/4129 4130/4130/4130 4131/4131/4131
f 4132/4132/4132 4133/4133/4133 4134/4134/4134
f 4135/4135/4135 4136/4136/4136 4137/4137/4137
f 4138/4138/4138 4139/4139/4139 4140/4140/4140
f 4141/4141/4141 4142/4142/4142 4143/4143/4143
f 4144/4144/4144 4145/4145/4145 4146/4146/4146
f 4147/4147/4147 4148/4148/4148 4149/4149/4149
f 4150/4150/4150 4151/4151/4151 4152/4152/4152
f 4153/4153/4153 4154/4154/4154 4155/4155/4155
f 4156/4156/4156 4157/4157/4157 4158/4158/4158
f 4159/4159/4159 4160/4160/4160 4161/4161/4161
f 4162/4162/4162 4163/4163/4163 4164/4164/4164
f 4165/4165/4165 4166/4166/4166 4167/4167/4167
f 4168/4168/4168 4169/4169/4169 4170/4170/4170
f 4171/4171/4171 4172/4172/4172 4173/4173/4173
f 4174/4174/4174 4175/4175/4175 4176/4176/4176
f 4177/4177/4177 4178/4178/4178 4179/4179/4179
f 4180/4180/4180 4181/4181/4181 4182/4182/4182
f 4183/4183/4183 4184/4184/4184 4185/4185/4185
f 4186/4186/4186 4187/4187/4187 4188/4188/4188
f 4189/4189/4189 4190/4190/4190 4191/4191/4191
f 4192/4192/4192 4193/4193/4193 4194/4194/4194
f 4195/4195/4195 4196/4196/4196 4197/4197/4197
f 4198/4198/4198 4199/4199/4199 4200/4200/4200
f 4201/4201/4201 4202/4202/4202 4203/4203/4203
f 4204/4204/4204 4205/4205/4205 4206/4206/4206
f 4207/4207/4207 4208/4208/4208 4209/4209/4209
f 4210/4210/4210 4211/4211/4211 4212/4212/4212
f 4213/4213/4213 4214/4214/4214 4215/4215/4215
f 4216/4216/4216 4217/4217/4217 4218/4218/4218
f 4219/4219/4219 4220/4220/4220 4221/4221/4221
f 4222/4222/4222 4223/4223/4223 4224/4224/4224
f 4225/4225/4225 4226/4226/4226 4227/4227/4227
f 4228/4228/4228 4229/4229/4229 4230/4230/4230
f 4231/4231/4231 4232/4232/4232 4233/4233/4233
f 4234/4234/4234 4235/4235/4235 4236/4236/4236
f 4237/4237/4237 4238/4238/4238 4239/4239/4239
f 4240/4240/4240 4241/4241/4241 4242/4242/4242
f 4243/4243/4243 4244/4244/4244 4245/4245/4245
f 4246/4246/4246 4247/4247/4247 4248/4248/4248
f 4249/4249/4249 4250/4250/4250 4251/4251/4251
f 4252/4252/4252 4253/4253/4253 4254/4254/4254
f 4255/4255/4255 4256/4256/4256 4257/4257/4257
f 4258/4258/4258 4259/4259/4259 4260/4260/4260
f 4261/4261/4261 4262/4262/4262 4263/4263/4263
f 4264/4264/4264 4265/4265/4265 4266/4266/4266
f 4267/4267/4267 4268/4268/4268 4269/4269/4269
f 4270/4270/4270 4271/4271/4271 4272/4272/4272
f 4273/4273/4273 4274/4274/4274 4275/4275/4275
f 4276/4276/4276 4277/4277/4277 4278/4278/4278
f 4279/4279/4279 4280/4280/4280 4281/4281/4281
f 4282/4282/4282 4283/4283/4283 4284/4284/4284
f 4285/4285/4285 4286/4286/4286 4287/4287/4287
f 4288/4288/4288 4289/4289/4289 4290/4290/4290
f 4291/4291/4291 4292/4292/4292 4293/4293/4293
f 4294/4294/4294 4295/4295/4295 4296/4296/4296
f 4297/4297/4297 4298/4298/4298 4299/4299/4299
f 4300/4300/4300 4301/4301/4301 4302/4302/4302
f 4303/4303/4303 4304/4304/4304 4305/4305/4305
f 4306/4306/4306 4307/4307/4307 4308/4308/4308
f 4309/4309/4309 4310/4310/4310 4311/4311/4311
f 4312/4312/4312 4313/4313/4313 4314/4314/4314
f 4315/4315/4315 4316/4316/4316 4317/4317/4317
f 4318/4318/4318 4319/4319/4319 4320/4320/4320
f 4321/4321/4321 4322/4322/4322 4323/4323/4323
f 4324/4324/4324 4325/4325/4325 4326/4326/4326
f 4327/4327/4327 4328/4328/4328 4329/4329/4329
f 4330/4330/4330 4331/4331/4331 4332/4332/4332
f 4333/4333/4333 4334/4334/4334 4335/4335/4335
f 4336/4336/4336 4337/4337/4337 4338/4338/4338
f 4339/4339/4339 4340/4340/4340 4341/4341/4341
f 4342/4342/4342 4343/4343/4343 4344/4344/4344
f 4345/4345/4345 4346/4346/4346 4347/4347/4347
f 4348/4348/4348 4349/4349/4349 4350/4350/4350
f 4351/4351/4351 4352/4352/4352 4353/4353/4353
f 4354/4354/4354 4355/4355/4355 4356/4356/4356
f 4357/4357/4357 4358/4358/4358 4359/4359/4359
f 4360/4360/4360 4361/4361/4361 4362/4362/4362
f 4363/4363/4363 4364/4364/4364 4365/4365/4365
f 4366/4366/4366 4367/4367/4367 4368/4368/4368
f 4369/4369/4369 4370/4370/4370 4371/4371/4371
f 4372/4372/4372 4373/4373/4373 4374/4374/4374
f 4375/4375/4375 4376/4376/4376 4377/4377/4377
f 4378/4378/4378 4379/4379/4379 4380/4380/4380
f 4381/4381/4381 4382/4382/4382 4383/4383/4383
f 4384/4384/4384 4385/4385/4385 4386/4386/4386
f 4387/4387/4387 4388/4388/4388 4389/4389/4389
f 4390/4390/4390 4391/4391/4391 4392/4392/4392
f 4393/4393/4393 4394/4394/4394 4395/4395/4395
f 4396/4396/4396 4397/4397/4397 4398/4398/4398
f 4399/4399/4399 4400/4400/4400 4401/4401/4401
f 4402/4402/4402 4403/4403/4403 4404/4404/4404
f 4405/4405/4405 4406/4406/4406 4407/4407/4407
f 4408/4408/4408 4409/4409/4409 4410/4410/4410
f 4411/4411/4411 4412/4412/4412 4413/4413/4413
f 4414/4414/4414 4415/4415/4415 4416/4416/4416
f 4417/4417/4417 4418/4418/4418 4419/4419/4419
f 4420/4420/4420 4421/4421/4421 4422/4422/4422
f 4423/4423/4423 4424/4424/4424 4425/4425/4425
f 4426/4426/4426 4427/4427/4427 4428/4428/4428
f 4429/4429/4429 4430/4430/4430 4431/4431/4431
f 4432/4432/4432 4433/4433/4433 4434/4434/4434
f 4435/4435/4435 4436/4436/4436 4437/4437/4437
f 4438/4438/4438 4439/4439/4439 4440/4440/4440
f 4441/4441/4441 4442/4442/4442 4443/4443/4443
f 4444/4444/4444 4445/4445/4445 4446/4446/4446
f 4447/4447/4447 4448/4448/4448 4449/4449/4449
f 4450/4450/4450 4451/4451/4451 4452/4452/4452
f 4453/4453/4453 4454/4454/4454 4455/4455/4455
f 4456/4456/4456 4457/4457/4457 4458/4458/4458
f 4459/4459/4459 4460/4460/4460 4461/4461/4461
f 4462/4462/4462 4463/4463/4463 4464/4464/4464
f 4465/4465/4465 4466/4466/4466 4467/4467/4467
f 4468/4468/4468 4469/4469/4469 4470/4470/4470
f 4471/4471/4471 4472/4472/4472 4473/4473/4473
f 4474/4474/4474 4475/4475/4475 4476/4476/4476
f 4477/4477/4477 4478/4478/4478 4479/4479/4479
f 4480/4480/4480 4481/4481/4481 4482/4482/4482
f 4483/4483/4483 4484/4484/4484 4485/4485/4485
f 4486/4486/4486 4487/4487/4487 4488/4488/4488
f 4489/4489/4489 4490/4490/4490 4491/4491/4491
f 4492/4492/4492 4493/4493/4493 4494/4494/4494
f 4495/4495/4495 4496/4496/4496 4497/4497/4497
f 4498/4498/4498 4499/4499/4499 4500/4500/4500
f 4501/4501/4501 4502/4502/4502 4503/4503/4503
f 4504/4504/4504 4505/4505/4505 4506/4506/4506
f 4507/4507/4507 4508/4508/4508 4509/4509/4509
f 4510/4510/4510 4511/4511/4511 4512/4512/4512
f 4513/4513/4513 4514/4514/4514 4515/4515/4515
f 4516/4516/4516 4517/4517/4517 4518/4518/4518
f 4519/4519/4519 4520/4520/4520 4521/4521/4521
f 4522/4522/4522 4523/4523/4523 4524/4524/4524
f 4525/4525/4525 4526/4526/4526 4527/4527/4527
f 4528/4528/4528 4529/4529/4529 4530/4530/4530
f 4531/4531/4531 4532/4532/4532 4533/4533/4533
f 4534/4534/4534 4535/4535/4535 4536/4536/4536
f 4537/4537/4537 4538/4538/4538 4539/4539/4539
f 4540/4540/4540 4541/4541/4541 4542/4542/4542
f 4543/4543/4543 4544/4544/4544 4545/4545/4545
f 4546/4546/4546 4547/4547/4547 4548/4548/4548
f 4549/4549/4549 4550/4550/4550 4551/4551/4551
f 4552/4552/4552 4553/4553/4553 4554/4554/4554
f 4555/4555/4555 4556/4556/4556 4557/4557/4557
f 4558/4558/4558 4559/4559/4559 4560/4560/4560
f 4561/4561/4561 4562/4562/4562 4563/4563/4563
f 4564/4564/4564 4565/4565/4565 4566/4566/4566
f 4567/4567/4567 4568/4568/4568 4569/4569/4569
f 4570/4570/4570 4571/4571/4571 4572/4572/4572
