o Mesh
usemtl material_1
v 0.03445899859070778 0.022836999967694283 0.10939200222492218
v 0.03452499955892563 0.01954600028693676 0.11653199791908264
v 0.034460000693798065 0.022870000451803207 0.11834900081157684
v 0.03329800069332123 0.070592001080513 0.21240200102329254
v 0.03362099826335907 0.06421799957752228 0.21955199539661407
v 0.033254001289606094 0.07760199904441833 0.21456000208854675
v 0.03661299869418144 0.02611899934709072 0.15867500007152557
v 0.03658600151538849 0.027682999148964882 0.17636899650096893
v 0.036559998989105225 0.029051000252366066 0.15884800255298615
v 0.036559998989105225 0.029051000252366066 0.15884800255298615
v 0.03658600151538849 0.027682999148964882 0.17636899650096893
v 0.03647900000214577 0.03231000155210495 0.1596979945898056
v 0.03647900000214577 0.03231000155210495 0.1596979945898056
v 0.03658600151538849 0.027682999148964882 0.17636899650096893
v 0.03641200065612793 0.03522999957203865 0.16095499694347382
v 0.03641200065612793 0.03522999957203865 0.16095499694347382
v 0.03658600151538849 0.027682999148964882 0.17636899650096893
v 0.03634899854660034 0.03754900023341179 0.16236500442028046
v 0.03634899854660034 0.03754900023341179 0.16236500442028046
v 0.03658600151538849 0.027682999148964882 0.17636899650096893
v 0.03629299998283386 0.03981399908661842 0.16421900689601898
v 0.03629299998283386 0.03981399908661842 0.16421900689601898
v 0.03658600151538849 0.027682999148964882 0.17636899650096893
v 0.03625499829649925 0.04151099920272827 0.1664469987154007
v 0.03625499829649925 0.04151099920272827 0.1664469987154007
v 0.03658600151538849 0.027682999148964882 0.17636899650096893
v 0.036212000995874405 0.0433260016143322 0.1693280041217804
v 0.036212000995874405 0.0433260016143322 0.1693280041217804
v 0.03658600151538849 0.027682999148964882 0.17636899650096893
v 0.03618700057268143 0.044463999569416046 0.17217600345611572
v 0.03618700057268143 0.044463999569416046 0.17217600345611572
v 0.03658600151538849 0.027682999148964882 0.17636899650096893
v 0.03615099936723709 0.045292001217603683 0.17639900743961334
v 0.03615099936723709 0.045292001217603683 0.17639900743961334
v 0.03658600151538849 0.027682999148964882 0.17636899650096893
v 0.03615900129079819 0.04506300017237663 0.18030500411987305
v 0.03615900129079819 0.04506300017237663 0.18030500411987305
v 0.03658600151538849 0.027682999148964882 0.17636899650096893
v 0.03619199991226196 0.0440949983894825 0.18418900668621063
v 0.03619199991226196 0.0440949983894825 0.18418900668621063
v 0.03658600151538849 0.027682999148964882 0.17636899650096893
v 0.03621700033545494 0.04256200045347214 0.18738499283790588
v 0.03621700033545494 0.04256200045347214 0.18738499283790588
v 0.03658600151538849 0.027682999148964882 0.17636899650096893
v 0.03626599907875061 0.04073699936270714 0.18973800539970398
v 0.03632200136780739 0.03885500133037567 0.1916929930448532
v 0.03658600151538849 0.027682999148964882 0.17636899650096893
v 0.036403000354766846 0.03557199984788895 0.194022998213768
v 0.036403000354766846 0.03557199984788895 0.194022998213768
v 0.03658600151538849 0.027682999148964882 0.17636899650096893
v 0.036559998989105225 0.030117999762296677 0.19611500203609467
v 0.036559998989105225 0.030117999762296677 0.19611500203609467
v 0.03658600151538849 0.027682999148964882 0.17636899650096893
v 0.03665199875831604 0.02438100054860115 0.19644999504089355
v 0.03665199875831604 0.02438100054860115 0.19644999504089355
v 0.03658600151538849 0.027682999148964882 0.17636899650096893
v 0.03678800165653229 0.01909399963915348 0.19531700015068054
v 0.03678800165653229 0.01909399963915348 0.19531700015068054
v 0.03658600151538849 0.027682999148964882 0.17636899650096893
v 0.03688099980354309 0.01525299996137619 0.1930440068244934
v 0.03688099980354309 0.01525299996137619 0.1930440068244934
v 0.03658600151538849 0.027682999148964882 0.17636899650096893
v 0.036949001252651215 0.012372000142931938 0.19036099314689636
v 0.036949001252651215 0.012372000142931938 0.19036099314689636
v 0.03658600151538849 0.027682999148964882 0.17636899650096893
v 0.03699599951505661 0.010289999656379223 0.18781200051307678
v 0.03699599951505661 0.010289999656379223 0.18781200051307678
v 0.03658600151538849 0.027682999148964882 0.17636899650096893
v 0.0370590016245842 0.008186999708414078 0.18333500623703003
v 0.0370590016245842 0.008186999708414078 0.18333500623703003
v 0.03658600151538849 0.027682999148964882 0.17636899650096893
v 0.03707300126552582 0.007325000129640102 0.17857900261878967
v 0.03707300126552582 0.007325000129640102 0.17857900261878967
v 0.03658600151538849 0.027682999148964882 0.17636899650096893
v 0.037066999822854996 0.0075969998724758625 0.17435799539089203
v 0.037066999822854996 0.0075969998724758625 0.17435799539089203
v 0.03658600151538849 0.027682999148964882 0.17636899650096893
v 0.03704199939966202 0.008740000426769257 0.17037999629974365
v 0.03704199939966202 0.008740000426769257 0.17037999629974365
v 0.03658600151538849 0.027682999148964882 0.17636899650096893
v 0.036986999213695526 0.011264000087976456 0.16624200344085693
v 0.036986999213695526 0.011264000087976456 0.16624200344085693
v 0.03658600151538849 0.027682999148964882 0.17636899650096893
v 0.03691500052809715 0.014394000172615051 0.16290700435638428
v 0.03691500052809715 0.014394000172615051 0.16290700435638428
v 0.03658600151538849 0.027682999148964882 0.17636899650096893
v 0.03681400045752525 0.017875999212265015 0.1605689972639084
v 0.03681400045752525 0.017875999212265015 0.1605689972639084
v 0.03658600151538849 0.027682999148964882 0.17636899650096893
v 0.03671399876475334 0.02205199934542179 0.15916700661182404
v 0.03671399876475334 0.02205199934542179 0.15916700661182404
v 0.03658600151538849 0.027682999148964882 0.17636899650096893
v 0.03661299869418144 0.02611899934709072 0.15867500007152557
v 0.03626599907875061 0.04073699936270714 0.18973800539970398
v 0.03658600151538849 0.027682999148964882 0.17636899650096893
v 0.03632200136780739 0.03885500133037567 0.1916929930448532
v -0.02903600037097931 0.032561998814344406 0.12612900137901306
v -0.041446998715400696 0.03483299911022186 0.12643000483512878
v -0.028845999389886856 0.02376599982380867 0.1247830018401146
v -0.04251899942755699 0.043150998651981354 0.1289840042591095
v -0.05318399891257286 0.04669800028204918 0.129939004778862
v -0.041446998715400696 0.03483299911022186 0.12643000483512878
v -0.054586999118328094 0.06968999654054642 0.20272600650787354
v -0.054437000304460526 0.06799100339412689 0.20866599678993225
v -0.05870499834418297 0.07040800154209137 0.2023400068283081
v -0.05318399891257286 0.04669800028204918 0.129939004778862
v -0.05324700102210045 0.051284000277519226 0.13297900557518005
v -0.05570799857378006 0.051607001572847366 0.13252300024032593
v 0.06419199705123901 0.04259499907493591 0.2059209942817688
v 0.06445600092411041 0.03403199836611748 0.2089260071516037
v 0.06469400227069855 0.02735299989581108 0.17833900451660156
v 0.06445600092411041 0.03403199836611748 0.2089260071516037
v 0.06485799700021744 0.025301000103354454 0.20984700322151184
v 0.06469400227069855 0.02735299989581108 0.17833900451660156
v 0.06485799700021744 0.025301000103354454 0.20984700322151184
v 0.06491299718618393 0.01707099936902523 0.2081419974565506
v 0.06469400227069855 0.02735299989581108 0.17833900451660156
v 0.06491299718618393 0.01707099936902523 0.2081419974565506
v 0.06501200050115585 0.010273000225424767 0.20495200157165527
v 0.06469400227069855 0.02735299989581108 0.17833900451660156
v 0.06501200050115585 0.010273000225424767 0.20495200157165527
v 0.06513799726963043 0.005539000034332275 0.20142300426959991
v 0.06469400227069855 0.02735299989581108 0.17833900451660156
v 0.06513799726963043 0.005539000034332275 0.20142300426959991
v 0.06536699831485748 0.0005760000203736126 0.19551999866962433
v 0.06469400227069855 0.02735299989581108 0.17833900451660156
v 0.06536699831485748 0.0005760000203736126 0.19551999866962433
v 0.06538199633359909 -0.003128000069409609 0.18778899312019348
v 0.06469400227069855 0.02735299989581108 0.17833900451660156
v 0.06538199633359909 -0.003128000069409609 0.18778899312019348
v 0.06540200114250183 -0.004695999901741743 0.17898400127887726
v 0.06469400227069855 0.02735299989581108 0.17833900451660156
v 0.06540200114250183 -0.004695999901741743 0.17898400127887726
v 0.06538199633359909 -0.004081000108271837 0.17162300646305084
v 0.06469400227069855 0.02735299989581108 0.17833900451660156
v 0.06538199633359909 -0.004081000108271837 0.17162300646305084
v 0.06530600041151047 -0.001006999984383583 0.16276699304580688
v 0.06469400227069855 0.02735299989581108 0.17833900451660156
v 0.06530600041151047 -0.001006999984383583 0.16276699304580688
v 0.06519299745559692 0.0033309999853372574 0.15651899576187134
v 0.06469400227069855 0.02735299989581108 0.17833900451660156
v 0.06519299745559692 0.0033309999853372574 0.15651899576187134
v 0.065140001475811 0.010688000358641148 0.15060199797153473
v 0.06469400227069855 0.02735299989581108 0.17833900451660156
v 0.065140001475811 0.010688000358641148 0.15060199797153473
v 0.064860999584198 0.021432999521493912 0.14652299880981445
v 0.06469400227069855 0.02735299989581108 0.17833900451660156
v 0.064860999584198 0.021432999521493912 0.14652299880981445
v 0.06465999782085419 0.02993999980390072 0.14620600640773773
v 0.06469400227069855 0.02735299989581108 0.17833900451660156
v 0.06399600207805634 0.050574999302625656 0.19899199903011322
v 0.06419199705123901 0.04259499907493591 0.2059209942817688
v 0.06469400227069855 0.02735299989581108 0.17833900451660156
v 0.06386499851942062 0.05610400065779686 0.19066299498081207
v 0.06399600207805634 0.050574999302625656 0.19899199903011322
v 0.06469400227069855 0.02735299989581108 0.17833900451660156
v 0.06380700320005417 0.05876699835062027 0.1816290020942688
v 0.06386499851942062 0.05610400065779686 0.19066299498081207
v 0.06469400227069855 0.02735299989581108 0.17833900451660156
v 0.06394699960947037 0.058003999292850494 0.17103099822998047
v 0.06380700320005417 0.05876699835062027 0.1816290020942688
v 0.06469400227069855 0.02735299989581108 0.17833900451660156
v 0.0639370009303093 0.05350600183010101 0.16036899387836456
v 0.06394699960947037 0.058003999292850494 0.17103099822998047
v 0.06469400227069855 0.02735299989581108 0.17833900451660156
v 0.06410200148820877 0.04576300084590912 0.15210799872875214
v 0.0639370009303093 0.05350600183010101 0.16036899387836456
v 0.06469400227069855 0.02735299989581108 0.17833900451660156
v 0.06434900313615799 0.036719001829624176 0.1476619988679886
v 0.06410200148820877 0.04576300084590912 0.15210799872875214
v 0.06469400227069855 0.02735299989581108 0.17833900451660156
v 0.06465999782085419 0.02993999980390072 0.14620600640773773
v 0.06434900313615799 0.036719001829624176 0.1476619988679886
v 0.06469400227069855 0.02735299989581108 0.17833900451660156
v 0.06312999874353409 0.07248800247907639 0.18188700079917908
v 0.06280999630689621 0.06860300153493881 0.16796299815177917
v 0.06308799982070923 0.07204999774694443 0.16652299463748932
v 0.06288400292396545 0.06985899806022644 0.19476599991321564
v 0.06312999874353409 0.07248800247907639 0.18188700079917908
v 0.0631909966468811 0.07297000288963318 0.1936960071325302
v 0.06267099827528 0.07510200142860413 0.20917299389839172
v 0.06315100193023682 0.0730070024728775 0.2026890069246292
v 0.062196001410484314 0.08639100193977356 0.20282000303268433
v 0.062196001410484314 0.08639100193977356 0.20282000303268433
v 0.06304900348186493 0.08225999772548676 0.19408300518989563
v 0.06059100106358528 0.09421800076961517 0.19599199295043945
v 0.06315100193023682 0.0730070024728775 0.2026890069246292
v 0.06304900348186493 0.08225999772548676 0.19408300518989563
v 0.062196001410484314 0.08639100193977356 0.20282000303268433
v 0.06315100193023682 0.0730070024728775 0.2026890069246292
v 0.0631909966468811 0.07297000288963318 0.1936960071325302
v 0.06304900348186493 0.08225999772548676 0.19408300518989563
v -0.06214100122451782 0.08698199689388275 0.18539899587631226
v -0.06252700090408325 0.08019600063562393 0.20505599677562714
v -0.06214499846100807 0.08598200231790543 0.20207099616527557
v -0.06214100122451782 0.08698199689388275 0.18539899587631226
v -0.06214499846100807 0.08598200231790543 0.20207099616527557
v -0.06049399822950363 0.09440500289201736 0.19468499720096588
v -0.05857999995350838 0.10009600222110748 0.18514999747276306
v -0.05562499910593033 0.10615900158882141 0.17274799942970276
v -0.05827099829912186 0.0958779975771904 0.16520200669765472
v -0.0620420016348362 0.08658300340175629 0.15883700549602509
v -0.062189001590013504 0.0868770033121109 0.173008993268013
v -0.05827099829912186 0.0958779975771904 0.16520200669765472
v -0.062189001590013504 0.0868770033121109 0.173008993268013
v -0.05857999995350838 0.10009600222110748 0.18514999747276306
v -0.05827099829912186 0.0958779975771904 0.16520200669765472
v 0.04249899834394455 0.10911700129508972 0.18023499846458435
v 0.048719000071287155 0.10952799767255783 0.17968599498271942
v 0.04530499875545502 0.11636500060558319 0.16218900680541992
v 0.06141100078821182 0.09089100360870361 0.17145699262619019
v 0.0625389963388443 0.0845009982585907 0.15369999408721924
v 0.056324999779462814 0.10458499938249588 0.15580999851226807
v -0.059415001422166824 0.09739100188016891 0.15461400151252747
v -0.0543770007789135 0.10761599987745285 0.14344200491905212
v -0.0607060007750988 0.09314599633216858 0.14155299961566925
v 0.0625389963388443 0.0845009982585907 0.15369999408721924
v 0.0630749985575676 0.07796300202608109 0.14175200462341309
v 0.06021599844098091 0.09518799930810928 0.14375899732112885
v 0.0589819997549057 0.04988100007176399 0.13151000440120697
v 0.06137799844145775 0.06150199845433235 0.13080400228500366
v 0.06158699840307236 0.06231100112199783 0.13972699642181396
v 0.04572900012135506 0.11948700249195099 0.14980299770832062
v 0.038575999438762665 0.12482000142335892 0.14092500507831573
v 0.043049998581409454 0.12072300165891647 0.1511940062046051
v -0.039406999945640564 0.11918800324201584 0.15060000121593475
v -0.03920700028538704 0.12322399765253067 0.14053499698638916
v -0.04372600093483925 0.11909600347280502 0.15022900700569153
v -0.062327999621629715 0.0713379979133606 0.1314850002527237
v -0.06293600052595139 0.07863400131464005 0.1403300017118454
v -0.0625780001282692 0.08319800347089767 0.13182400166988373
v -0.06160200014710426 0.06334800273180008 0.125791996717453
v -0.062327999621629715 0.0713379979133606 0.1314850002527237
v -0.06260000169277191 0.07249999791383743 0.1245260015130043
v 0.03397199884057045 0.12486699968576431 0.14109399914741516
v 0.038575999438762665 0.12482000142335892 0.14092500507831573
v 0.0344420000910759 0.12787799537181854 0.13311700522899628
v 0.05653899908065796 0.04384699836373329 0.12573300302028656
v 0.0577940009534359 0.050140999257564545 0.12436199933290482
v 0.0589819997549057 0.04988100007176399 0.13151000440120697
v -0.0480399988591671 0.11719699949026108 0.12720799446105957
v -0.04419500008225441 0.12133599817752838 0.11925499886274338
v -0.05236800014972687 0.11046300083398819 0.11691100150346756
v 0.0585470013320446 0.1000949963927269 0.12411600351333618
v 0.05815200135111809 0.10097800195217133 0.11483900249004364
v 0.05209600180387497 0.11208800226449966 0.11628100275993347
v 0.06155100092291832 0.06206300109624863 0.12367600202560425
v 0.06164500117301941 0.062199000269174576 0.1147020012140274
v 0.06306900084018707 0.07332199811935425 0.1147959977388382
v -0.020457999780774117 0.1303739994764328 0.12384100258350372
v -0.021919000893831253 0.13428300619125366 0.1141119971871376
v -0.03009600006043911 0.13016200065612793 0.12377600371837616
v -0.04419500008225441 0.12133599817752838 0.11925499886274338
v -0.03672799840569496 0.1275700032711029 0.11040300130844116
v -0.04645000025629997 0.11893600225448608 0.1081790030002594
v -0.06257499754428864 0.08412300050258636 0.11444500088691711
v -0.06282299757003784 0.07371599972248077 0.1056080013513565
v -0.06253799796104431 0.06873899698257446 0.11651299893856049
v 0.05123399943113327 0.03821500018239021 0.11473000049591064
v 0.05329800024628639 0.0424950011074543 0.10504300147294998
v 0.05438299849629402 0.04303999990224838 0.11798799782991409
v 0.029326999559998512 0.1312599927186966 0.12460000067949295
v 0.02134699933230877 0.13486400246620178 0.11504600197076797
v 0.020210999995470047 0.131072998046875 0.12461099773645401
v -0.021919000893831253 0.13428300619125366 0.1141119971871376
v -0.005365999881178141 0.13440200686454773 0.11481399834156036
v -0.012660999782383442 0.13734999299049377 0.1072779968380928
v 0.02134699933230877 0.13486400246620178 0.11504600197076797
v 0.011095000430941582 0.13762900233268738 0.10800699889659882
v 0.008093000389635563 0.13451699912548065 0.11535599827766418
v 0.038314998149871826 0.12638700008392334 0.10739599913358688
v 0.04103099927306175 0.12407100200653076 0.09740500152111053
v 0.027858000248670578 0.13286900520324707 0.10044900327920914
v -0.05657000094652176 0.048069000244140625 0.10666900128126144
v -0.05897599831223488 0.05444600060582161 0.09766499698162079
v -0.052859000861644745 0.04159500077366829 0.09677200019359589
v -0.02705099992454052 0.1333490014076233 0.0996439978480339
v -0.015031999908387661 0.13761599361896515 0.08661500364542007
v -0.025439999997615814 0.1340000033378601 0.08625700324773788
v 0.028953999280929565 0.13229399919509888 0.0877859964966774
v 0.018485000357031822 0.13655200600624084 0.08781100064516068
v 0.027858000248670578 0.13286900520324707 0.10044900327920914
v 0.018485000357031822 0.13655200600624084 0.08781100064516068
v 0.008036999963223934 0.13873499631881714 0.08781500160694122
v 0.007534999866038561 0.1389780044555664 0.10238999873399734
v -0.0036700000055134296 0.13931800425052643 0.10127799957990646
v -0.0028059999458491802 0.1392109990119934 0.08758600056171417
v -0.015031999908387661 0.13761599361896515 0.08661500364542007
v -0.020162999629974365 0.12414699792861938 0.07153099775314331
v -0.011625000275671482 0.126801997423172 0.07151799649000168
v -0.00039000000106170774 0.07689400017261505 0.07150600105524063
v -0.03044999949634075 0.11844799667596817 0.07152900099754333
v -0.020162999629974365 0.12414699792861938 0.07153099775314331
v -0.00039000000106170774 0.07689400017261505 0.07150600105524063
v -0.039942000061273575 0.10939899832010269 0.07149799913167953
v -0.03044999949634075 0.11844799667596817 0.07152900099754333
v -0.00039000000106170774 0.07689400017261505 0.07150600105524063
v -0.04753899946808815 0.0969650000333786 0.07152199745178223
v -0.039942000061273575 0.10939899832010269 0.07149799913167953
v -0.00039000000106170774 0.07689400017261505 0.07150600105524063
v -0.051242001354694366 0.08441700041294098 0.07142999768257141
v -0.04753899946808815 0.0969650000333786 0.07152199745178223
v -0.00039000000106170774 0.07689400017261505 0.07150600105524063
v -0.05180099979043007 0.07188799977302551 0.0714389979839325
v -0.051242001354694366 0.08441700041294098 0.07142999768257141
v -0.00039000000106170774 0.07689400017261505 0.07150600105524063
v -0.04924200102686882 0.05992399901151657 0.07152300328016281
v -0.05180099979043007 0.07188799977302551 0.0714389979839325
v -0.00039000000106170774 0.07689400017261505 0.07150600105524063
v -0.04400699958205223 0.04853399842977524 0.0715159997344017
v -0.04924200102686882 0.05992399901151657 0.07152300328016281
v -0.00039000000106170774 0.07689400017261505 0.07150600105524063
v -0.03677299991250038 0.039399001747369766 0.07153099775314331
v -0.04400699958205223 0.04853399842977524 0.0715159997344017
v -0.00039000000106170774 0.07689400017261505 0.07150600105524063
v -0.023941000923514366 0.03020000085234642 0.0714000016450882
v -0.03677299991250038 0.039399001747369766 0.07153099775314331
v -0.00039000000106170774 0.07689400017261505 0.07150600105524063
v -0.009217999875545502 0.025196999311447144 0.07138899713754654
v -0.023941000923514366 0.03020000085234642 0.0714000016450882
v -0.00039000000106170774 0.07689400017261505 0.07150600105524063
v 0.003746999893337488 0.02436400018632412 0.07153599709272385
v -0.009217999875545502 0.025196999311447144 0.07138899713754654
v -0.00039000000106170774 0.07689400017261505 0.07150600105524063
v 0.01559200044721365 0.02674200013279915 0.07153300195932388
v 0.003746999893337488 0.02436400018632412 0.07153599709272385
v -0.00039000000106170774 0.07689400017261505 0.07150600105524063
v 0.028683999553322792 0.032880999147892 0.07153300195932388
v 0.01559200044721365 0.02674200013279915 0.07153300195932388
v -0.00039000000106170774 0.07689400017261505 0.07150600105524063
v 0.03777499869465828 0.040557000786066055 0.07153499871492386
v 0.028683999553322792 0.032880999147892 0.07153300195932388
v -0.00039000000106170774 0.07689400017261505 0.07150600105524063
v 0.04430500045418739 0.04927799850702286 0.07153499871492386
v 0.03777499869465828 0.040557000786066055 0.07153499871492386
v -0.00039000000106170774 0.07689400017261505 0.07150600105524063
v 0.04863699898123741 0.057698000222444534 0.07153400033712387
v 0.04430500045418739 0.04927799850702286 0.07153499871492386
v -0.00039000000106170774 0.07689400017261505 0.07150600105524063
v 0.051263000816106796 0.06687700003385544 0.07153099775314331
v 0.04863699898123741 0.057698000222444534 0.07153400033712387
v -0.00039000000106170774 0.07689400017261505 0.07150600105524063
v 0.05198099836707115 0.07661700248718262 0.0715079978108406
v 0.051263000816106796 0.06687700003385544 0.07153099775314331
v -0.00039000000106170774 0.07689400017261505 0.07150600105524063
v 0.05040299892425537 0.08846499770879745 0.07151199877262115
v 0.05198099836707115 0.07661700248718262 0.0715079978108406
v -0.00039000000106170774 0.07689400017261505 0.07150600105524063
v 0.04771199822425842 0.0967470034956932 0.07150600105524063
v 0.05040299892425537 0.08846499770879745 0.07151199877262115
v -0.00039000000106170774 0.07689400017261505 0.07150600105524063
v 0.042034000158309937 0.10659299790859222 0.0715079978108406
v 0.04771199822425842 0.0967470034956932 0.07150600105524063
v -0.00039000000106170774 0.07689400017261505 0.07150600105524063
v 0.033229999244213104 0.11602199822664261 0.07150299847126007
v 0.042034000158309937 0.10659299790859222 0.0715079978108406
v -0.00039000000106170774 0.07689400017261505 0.07150600105524063
v 0.02386699989438057 0.12232299894094467 0.07151199877262115
v 0.033229999244213104 0.11602199822664261 0.07150299847126007
v -0.00039000000106170774 0.07689400017261505 0.07150600105524063
v 0.015332999639213085 0.12567299604415894 0.07150600105524063
v 0.02386699989438057 0.12232299894094467 0.07151199877262115
v -0.00039000000106170774 0.07689400017261505 0.07150600105524063
v -0.011625000275671482 0.126801997423172 0.07151799649000168
v -0.002142000012099743 0.1280220001935959 0.07152999937534332
v -0.00039000000106170774 0.07689400017261505 0.07150600105524063
v -0.002142000012099743 0.1280220001935959 0.07152999937534332
v 0.007176999934017658 0.12763899564743042 0.07152199745178223
v -0.00039000000106170774 0.07689400017261505 0.07150600105524063
v 0.007176999934017658 0.12763899564743042 0.07152199745178223
v 0.015332999639213085 0.12567299604415894 0.07150600105524063
v -0.00039000000106170774 0.07689400017261505 0.07150600105524063
v 0.04791799932718277 0.11748500168323517 0.14824000000953674
v 0.04207700118422508 0.12347900122404099 0.13912999629974365
v 0.04572900012135506 0.11948700249195099 0.14980299770832062
v 0.04572900012135506 0.11948700249195099 0.14980299770832062
v 0.04207700118422508 0.12347900122404099 0.13912999629974365
v 0.038575999438762665 0.12482000142335892 0.14092500507831573
v 0.007176999934017658 0.12763899564743042 0.0775889977812767
v 0.015332999639213085 0.12567299604415894 0.07757300138473511
v 0.007176999934017658 0.12763899564743042 0.07152199745178223
v 0.015332999639213085 0.12567299604415894 0.07757300138473511
v 0.015332999639213085 0.12567299604415894 0.07150600105524063
v 0.007176999934017658 0.12763899564743042 0.07152199745178223
v -0.002142000012099743 0.1280220001935959 0.0775969997048378
v 0.007176999934017658 0.12763899564743042 0.0775889977812767
v -0.002142000012099743 0.1280220001935959 0.07152999937534332
v 0.007176999934017658 0.12763899564743042 0.0775889977812767
v 0.007176999934017658 0.12763899564743042 0.07152199745178223
v -0.002142000012099743 0.1280220001935959 0.07152999937534332
v -0.011625000275671482 0.126801997423172 0.07758499681949615
v -0.002142000012099743 0.1280220001935959 0.0775969997048378
v -0.002142000012099743 0.1280220001935959 0.07152999937534332
v -0.011625000275671482 0.126801997423172 0.07758499681949615
v -0.002142000012099743 0.1280220001935959 0.07152999937534332
v -0.011625000275671482 0.126801997423172 0.07151799649000168
v 0.015332999639213085 0.12567299604415894 0.07757300138473511
v 0.02386699989438057 0.12232299894094467 0.07757899910211563
v 0.02386699989438057 0.12232299894094467 0.07151199877262115
v 0.015332999639213085 0.12567299604415894 0.07757300138473511
v 0.02386699989438057 0.12232299894094467 0.07151199877262115
v 0.015332999639213085 0.12567299604415894 0.07150600105524063
v 0.02386699989438057 0.12232299894094467 0.07757899910211563
v 0.033229999244213104 0.11602199822664261 0.07757099717855453
v 0.02386699989438057 0.12232299894094467 0.07151199877262115
v 0.033229999244213104 0.11602199822664261 0.07757099717855453
v 0.033229999244213104 0.11602199822664261 0.07150299847126007
v 0.02386699989438057 0.12232299894094467 0.07151199877262115
v 0.033229999244213104 0.11602199822664261 0.07757099717855453
v 0.042034000158309937 0.10659299790859222 0.07757499814033508
v 0.042034000158309937 0.10659299790859222 0.0715079978108406
v 0.033229999244213104 0.11602199822664261 0.07757099717855453
v 0.042034000158309937 0.10659299790859222 0.0715079978108406
v 0.033229999244213104 0.11602199822664261 0.07150299847126007
v 0.042034000158309937 0.10659299790859222 0.07757499814033508
v 0.04771199822425842 0.0967470034956932 0.07757300138473511
v 0.042034000158309937 0.10659299790859222 0.0715079978108406
v 0.04771199822425842 0.0967470034956932 0.07757300138473511
v 0.04771199822425842 0.0967470034956932 0.07150600105524063
v 0.042034000158309937 0.10659299790859222 0.0715079978108406
v 0.04771199822425842 0.0967470034956932 0.07757300138473511
v 0.05040299892425537 0.08846499770879745 0.07757899910211563
v 0.05040299892425537 0.08846499770879745 0.07151199877262115
v 0.04771199822425842 0.0967470034956932 0.07757300138473511
v 0.05040299892425537 0.08846499770879745 0.07151199877262115
v 0.04771199822425842 0.0967470034956932 0.07150600105524063
v 0.05040299892425537 0.08846499770879745 0.07757899910211563
v 0.05198099836707115 0.07661700248718262 0.07757499814033508
v 0.05040299892425537 0.08846499770879745 0.07151199877262115
v 0.05198099836707115 0.07661700248718262 0.07757499814033508
v 0.05198099836707115 0.07661700248718262 0.0715079978108406
v 0.05040299892425537 0.08846499770879745 0.07151199877262115
v 0.05198099836707115 0.07661700248718262 0.07757499814033508
v 0.051263000816106796 0.06687700003385544 0.07759799808263779
v 0.051263000816106796 0.06687700003385544 0.07153099775314331
v 0.05198099836707115 0.07661700248718262 0.07757499814033508
v 0.051263000816106796 0.06687700003385544 0.07153099775314331
v 0.05198099836707115 0.07661700248718262 0.0715079978108406
v 0.051263000816106796 0.06687700003385544 0.07759799808263779
v 0.04863699898123741 0.057698000222444534 0.07760100066661835
v 0.04863699898123741 0.057698000222444534 0.07153400033712387
v 0.051263000816106796 0.06687700003385544 0.07759799808263779
v 0.04863699898123741 0.057698000222444534 0.07153400033712387
v 0.051263000816106796 0.06687700003385544 0.07153099775314331
v 0.04863699898123741 0.057698000222444534 0.07760100066661835
v 0.04430500045418739 0.04927799850702286 0.07760199904441833
v 0.04430500045418739 0.04927799850702286 0.07153499871492386
v 0.04863699898123741 0.057698000222444534 0.07760100066661835
v 0.04430500045418739 0.04927799850702286 0.07153499871492386
v 0.04863699898123741 0.057698000222444534 0.07153400033712387
v 0.04430500045418739 0.04927799850702286 0.07760199904441833
v 0.03777499869465828 0.040557000786066055 0.07760199904441833
v 0.03777499869465828 0.040557000786066055 0.07153499871492386
v 0.04430500045418739 0.04927799850702286 0.07760199904441833
v 0.03777499869465828 0.040557000786066055 0.07153499871492386
v 0.04430500045418739 0.04927799850702286 0.07153499871492386
v 0.03777499869465828 0.040557000786066055 0.07760199904441833
v 0.028683999553322792 0.032880999147892 0.07760000228881836
v 0.03777499869465828 0.040557000786066055 0.07153499871492386
v 0.028683999553322792 0.032880999147892 0.07760000228881836
v 0.028683999553322792 0.032880999147892 0.07153300195932388
v 0.03777499869465828 0.040557000786066055 0.07153499871492386
v 0.028683999553322792 0.032880999147892 0.07760000228881836
v 0.01559200044721365 0.02674200013279915 0.07760000228881836
v 0.01559200044721365 0.02674200013279915 0.07153300195932388
v 0.028683999553322792 0.032880999147892 0.07760000228881836
v 0.01559200044721365 0.02674200013279915 0.07153300195932388
v 0.028683999553322792 0.032880999147892 0.07153300195932388
v 0.01559200044721365 0.02674200013279915 0.07760000228881836
v 0.003746999893337488 0.02436400018632412 0.07760299742221832
v 0.003746999893337488 0.02436400018632412 0.07153599709272385
v 0.01559200044721365 0.02674200013279915 0.07760000228881836
v 0.003746999893337488 0.02436400018632412 0.07153599709272385
v 0.01559200044721365 0.02674200013279915 0.07153300195932388
v 0.003746999893337488 0.02436400018632412 0.07760299742221832
v -0.009217999875545502 0.025196999311447144 0.07745599746704102
v 0.003746999893337488 0.02436400018632412 0.07153599709272385
v -0.009217999875545502 0.025196999311447144 0.07745599746704102
v -0.009217999875545502 0.025196999311447144 0.07138899713754654
v 0.003746999893337488 0.02436400018632412 0.07153599709272385
v -0.009217999875545502 0.025196999311447144 0.07745599746704102
v -0.023941000923514366 0.03020000085234642 0.07746600359678268
v -0.023941000923514366 0.03020000085234642 0.0714000016450882
v -0.009217999875545502 0.025196999311447144 0.07745599746704102
v -0.023941000923514366 0.03020000085234642 0.0714000016450882
v -0.009217999875545502 0.025196999311447144 0.07138899713754654
v -0.023941000923514366 0.03020000085234642 0.07746600359678268
v -0.03677299991250038 0.039399001747369766 0.07759799808263779
v -0.03677299991250038 0.039399001747369766 0.07153099775314331
v -0.023941000923514366 0.03020000085234642 0.07746600359678268
v -0.03677299991250038 0.039399001747369766 0.07153099775314331
v -0.023941000923514366 0.03020000085234642 0.0714000016450882
v -0.03677299991250038 0.039399001747369766 0.07759799808263779
v -0.04400699958205223 0.04853399842977524 0.07758300006389618
v -0.03677299991250038 0.039399001747369766 0.07153099775314331
v -0.04400699958205223 0.04853399842977524 0.07758300006389618
v -0.04400699958205223 0.04853399842977524 0.0715159997344017
v -0.03677299991250038 0.039399001747369766 0.07153099775314331
v -0.04400699958205223 0.04853399842977524 0.07758300006389618
v -0.04924200102686882 0.05992399901151657 0.07759000360965729
v -0.04924200102686882 0.05992399901151657 0.07152300328016281
v -0.04400699958205223 0.04853399842977524 0.07758300006389618
v -0.04924200102686882 0.05992399901151657 0.07152300328016281
v -0.04400699958205223 0.04853399842977524 0.0715159997344017
v -0.04924200102686882 0.05992399901151657 0.07759000360965729
v -0.05180099979043007 0.07188799977302551 0.07750699669122696
v -0.04924200102686882 0.05992399901151657 0.07152300328016281
v -0.05180099979043007 0.07188799977302551 0.07750699669122696
v -0.05180099979043007 0.07188799977302551 0.0714389979839325
v -0.04924200102686882 0.05992399901151657 0.07152300328016281
v -0.05180099979043007 0.07188799977302551 0.07750699669122696
v -0.051242001354694366 0.08441700041294098 0.07749699801206589
v -0.05180099979043007 0.07188799977302551 0.0714389979839325
v -0.051242001354694366 0.08441700041294098 0.07749699801206589
v -0.051242001354694366 0.08441700041294098 0.07142999768257141
v -0.05180099979043007 0.07188799977302551 0.0714389979839325
v -0.051242001354694366 0.08441700041294098 0.07749699801206589
v -0.04753899946808815 0.0969650000333786 0.0775889977812767
v -0.04753899946808815 0.0969650000333786 0.07152199745178223
v -0.051242001354694366 0.08441700041294098 0.07749699801206589
v -0.04753899946808815 0.0969650000333786 0.07152199745178223
v -0.051242001354694366 0.08441700041294098 0.07142999768257141
v -0.04753899946808815 0.0969650000333786 0.0775889977812767
v -0.039942000061273575 0.10939899832010269 0.07756499946117401
v -0.04753899946808815 0.0969650000333786 0.07152199745178223
v -0.039942000061273575 0.10939899832010269 0.07756499946117401
v -0.039942000061273575 0.10939899832010269 0.07149799913167953
v -0.04753899946808815 0.0969650000333786 0.07152199745178223
v -0.039942000061273575 0.10939899832010269 0.07756499946117401
v -0.03044999949634075 0.11844799667596817 0.07759600132703781
v -0.03044999949634075 0.11844799667596817 0.07152900099754333
v -0.039942000061273575 0.10939899832010269 0.07756499946117401
v -0.03044999949634075 0.11844799667596817 0.07152900099754333
v -0.039942000061273575 0.10939899832010269 0.07149799913167953
v -0.03044999949634075 0.11844799667596817 0.07759600132703781
v -0.020162999629974365 0.12414699792861938 0.07759799808263779
v -0.020162999629974365 0.12414699792861938 0.07153099775314331
v -0.03044999949634075 0.11844799667596817 0.07759600132703781
v -0.020162999629974365 0.12414699792861938 0.07153099775314331
v -0.03044999949634075 0.11844799667596817 0.07152900099754333
v -0.020162999629974365 0.12414699792861938 0.07759799808263779
v -0.011625000275671482 0.126801997423172 0.07758499681949615
v -0.020162999629974365 0.12414699792861938 0.07153099775314331
v -0.011625000275671482 0.126801997423172 0.07758499681949615
v -0.011625000275671482 0.126801997423172 0.07151799649000168
v -0.020162999629974365 0.12414699792861938 0.07153099775314331
v 0.008036999963223934 0.13873499631881714 0.07756300270557404
v 0.018485000357031822 0.13655200600624084 0.07756300270557404
v 0.007176999934017658 0.12763899564743042 0.0775889977812767
v 0.018485000357031822 0.13655200600624084 0.07756300270557404
v 0.015332999639213085 0.12567299604415894 0.07757300138473511
v 0.007176999934017658 0.12763899564743042 0.0775889977812767
v -0.0028059999458491802 0.1392109990119934 0.07754799723625183
v 0.008036999963223934 0.13873499631881714 0.07756300270557404
v -0.002142000012099743 0.1280220001935959 0.0775969997048378
v 0.008036999963223934 0.13873499631881714 0.07756300270557404
v 0.007176999934017658 0.12763899564743042 0.0775889977812767
v -0.002142000012099743 0.1280220001935959 0.0775969997048378
v -0.015031999908387661 0.13761599361896515 0.07748699933290482
v -0.0028059999458491802 0.1392109990119934 0.07754799723625183
v -0.011625000275671482 0.126801997423172 0.07758499681949615
v -0.0028059999458491802 0.1392109990119934 0.07754799723625183
v -0.002142000012099743 0.1280220001935959 0.0775969997048378
v -0.011625000275671482 0.126801997423172 0.07758499681949615
v 0.018485000357031822 0.13655200600624084 0.07756300270557404
v 0.028953999280929565 0.13229399919509888 0.07756099849939346
v 0.015332999639213085 0.12567299604415894 0.07757300138473511
v 0.028953999280929565 0.13229399919509888 0.07756099849939346
v 0.02386699989438057 0.12232299894094467 0.07757899910211563
v 0.015332999639213085 0.12567299604415894 0.07757300138473511
v 0.028953999280929565 0.13229399919509888 0.07756099849939346
v 0.04014899954199791 0.12472499907016754 0.07749500125646591
v 0.02386699989438057 0.12232299894094467 0.07757899910211563
v 0.04014899954199791 0.12472499907016754 0.07749500125646591
v 0.033229999244213104 0.11602199822664261 0.07757099717855453
v 0.02386699989438057 0.12232299894094467 0.07757899910211563
v 0.04014899954199791 0.12472499907016754 0.07749500125646591
v 0.05105099827051163 0.11343000084161758 0.0774959996342659
v 0.033229999244213104 0.11602199822664261 0.07757099717855453
v 0.05105099827051163 0.11343000084161758 0.0774959996342659
v 0.042034000158309937 0.10659299790859222 0.07757499814033508
v 0.033229999244213104 0.11602199822664261 0.07757099717855453
v 0.05105099827051163 0.11343000084161758 0.0774959996342659
v 0.05800300091505051 0.10149700194597244 0.07746899873018265
v 0.042034000158309937 0.10659299790859222 0.07757499814033508
v 0.05800300091505051 0.10149700194597244 0.07746899873018265
v 0.04771199822425842 0.0967470034956932 0.07757300138473511
v 0.042034000158309937 0.10659299790859222 0.07757499814033508
v 0.05800300091505051 0.10149700194597244 0.07746899873018265
v 0.06151900067925453 0.0907140001654625 0.07744000107049942
v 0.04771199822425842 0.0967470034956932 0.07757300138473511
v 0.06151900067925453 0.0907140001654625 0.07744000107049942
v 0.05040299892425537 0.08846499770879745 0.07757899910211563
v 0.04771199822425842 0.0967470034956932 0.07757300138473511
v 0.06151900067925453 0.0907140001654625 0.07744000107049942
v 0.06310299783945084 0.07623299956321716 0.07748600095510483
v 0.05198099836707115 0.07661700248718262 0.07757499814033508
v 0.06151900067925453 0.0907140001654625 0.07744000107049942
v 0.05198099836707115 0.07661700248718262 0.07757499814033508
v 0.05040299892425537 0.08846499770879745 0.07757899910211563
v 0.06310299783945084 0.07623299956321716 0.07748600095510483
v 0.06206300109624863 0.06418199837207794 0.07749100029468536
v 0.051263000816106796 0.06687700003385544 0.07759799808263779
v 0.06310299783945084 0.07623299956321716 0.07748600095510483
v 0.051263000816106796 0.06687700003385544 0.07759799808263779
v 0.05198099836707115 0.07661700248718262 0.07757499814033508
v 0.06206300109624863 0.06418199837207794 0.07749100029468536
v 0.05874200165271759 0.05310999974608421 0.0774800032377243
v 0.04863699898123741 0.057698000222444534 0.07760100066661835
v 0.06206300109624863 0.06418199837207794 0.07749100029468536
v 0.04863699898123741 0.057698000222444534 0.07760100066661835
v 0.051263000816106796 0.06687700003385544 0.07759799808263779
v 0.05874200165271759 0.05310999974608421 0.0774800032377243
v 0.05349300056695938 0.04268399998545647 0.07743299752473831
v 0.04430500045418739 0.04927799850702286 0.07760199904441833
v 0.05874200165271759 0.05310999974608421 0.0774800032377243
v 0.04430500045418739 0.04927799850702286 0.07760199904441833
v 0.04863699898123741 0.057698000222444534 0.07760100066661835
v 0.05349300056695938 0.04268399998545647 0.07743299752473831
v 0.04536399990320206 0.03242399916052818 0.07744099944829941
v 0.03777499869465828 0.040557000786066055 0.07760199904441833
v 0.05349300056695938 0.04268399998545647 0.07743299752473831
v 0.03777499869465828 0.040557000786066055 0.07760199904441833
v 0.04430500045418739 0.04927799850702286 0.07760199904441833
v 0.04536399990320206 0.03242399916052818 0.07744099944829941
v 0.03408699855208397 0.022943999618291855 0.0774419978260994
v 0.028683999553322792 0.032880999147892 0.07760000228881836
v 0.04536399990320206 0.03242399916052818 0.07744099944829941
v 0.028683999553322792 0.032880999147892 0.07760000228881836
v 0.03777499869465828 0.040557000786066055 0.07760199904441833
v 0.03408699855208397 0.022943999618291855 0.0774419978260994
v 0.01808200031518936 0.015783000737428665 0.07743600010871887
v 0.01559200044721365 0.02674200013279915 0.07760000228881836
v 0.03408699855208397 0.022943999618291855 0.0774419978260994
v 0.01559200044721365 0.02674200013279915 0.07760000228881836
v 0.028683999553322792 0.032880999147892 0.07760000228881836
v 0.01808200031518936 0.015783000737428665 0.07743600010871887
v 0.0037430000957101583 0.01308399997651577 0.07745499908924103
v 0.003746999893337488 0.02436400018632412 0.07760299742221832
v 0.01808200031518936 0.015783000737428665 0.07743600010871887
v 0.003746999893337488 0.02436400018632412 0.07760299742221832
v 0.01559200044721365 0.02674200013279915 0.07760000228881836
v 0.0037430000957101583 0.01308399997651577 0.07745499908924103
v -0.011730000376701355 0.014267000369727612 0.07744999974966049
v -0.009217999875545502 0.025196999311447144 0.07745599746704102
v 0.0037430000957101583 0.01308399997651577 0.07745499908924103
v -0.009217999875545502 0.025196999311447144 0.07745599746704102
v 0.003746999893337488 0.02436400018632412 0.07760299742221832
v -0.011730000376701355 0.014267000369727612 0.07744999974966049
v -0.02940100058913231 0.02027300000190735 0.07746300101280212
v -0.023941000923514366 0.03020000085234642 0.07746600359678268
v -0.011730000376701355 0.014267000369727612 0.07744999974966049
v -0.023941000923514366 0.03020000085234642 0.07746600359678268
v -0.009217999875545502 0.025196999311447144 0.07745599746704102
v -0.02940100058913231 0.02027300000190735 0.07746300101280212
v -0.04465100169181824 0.03165600076317787 0.07744400203227997
v -0.03677299991250038 0.039399001747369766 0.07759799808263779
v -0.02940100058913231 0.02027300000190735 0.07746300101280212
v -0.03677299991250038 0.039399001747369766 0.07759799808263779
v -0.023941000923514366 0.03020000085234642 0.07746600359678268
v -0.04465100169181824 0.03165600076317787 0.07744400203227997
v -0.05314899981021881 0.042424000799655914 0.07744999974966049
v -0.03677299991250038 0.039399001747369766 0.07759799808263779
v -0.05314899981021881 0.042424000799655914 0.07744999974966049
v -0.04400699958205223 0.04853399842977524 0.07758300006389618
v -0.03677299991250038 0.039399001747369766 0.07759799808263779
v -0.05314899981021881 0.042424000799655914 0.07744999974966049
v -0.05967000126838684 0.05616899952292442 0.07748500257730484
v -0.04400699958205223 0.04853399842977524 0.07758300006389618
v -0.05967000126838684 0.05616899952292442 0.07748500257730484
v -0.04924200102686882 0.05992399901151657 0.07759000360965729
v -0.04400699958205223 0.04853399842977524 0.07758300006389618
v -0.05967000126838684 0.05616899952292442 0.07748500257730484
v -0.06284400075674057 0.0703129991889 0.07751099765300751
v -0.04924200102686882 0.05992399901151657 0.07759000360965729
v -0.06284400075674057 0.0703129991889 0.07751099765300751
v -0.05180099979043007 0.07188799977302551 0.07750699669122696
v -0.04924200102686882 0.05992399901151657 0.07759000360965729
v -0.06284400075674057 0.0703129991889 0.07751099765300751
v -0.06217300146818161 0.08535099774599075 0.07750000059604645
v -0.05180099979043007 0.07188799977302551 0.07750699669122696
v -0.06217300146818161 0.08535099774599075 0.07750000059604645
v -0.051242001354694366 0.08441700041294098 0.07749699801206589
v -0.05180099979043007 0.07188799977302551 0.07750699669122696
v -0.06217300146818161 0.08535099774599075 0.07750000059604645
v -0.058173999190330505 0.10074199736118317 0.07749900221824646
v -0.051242001354694366 0.08441700041294098 0.07749699801206589
v -0.058173999190330505 0.10074199736118317 0.07749900221824646
v -0.04753899946808815 0.0969650000333786 0.0775889977812767
v -0.051242001354694366 0.08441700041294098 0.07749699801206589
v -0.058173999190330505 0.10074199736118317 0.07749900221824646
v -0.049070000648498535 0.11577899754047394 0.07749699801206589
v -0.04753899946808815 0.0969650000333786 0.0775889977812767
v -0.049070000648498535 0.11577899754047394 0.07749699801206589
v -0.039942000061273575 0.10939899832010269 0.07756499946117401
v -0.04753899946808815 0.0969650000333786 0.0775889977812767
v -0.049070000648498535 0.11577899754047394 0.07749699801206589
v -0.03784099966287613 0.12684999406337738 0.07749699801206589
v -0.039942000061273575 0.10939899832010269 0.07756499946117401
v -0.03784099966287613 0.12684999406337738 0.07749699801206589
v -0.03044999949634075 0.11844799667596817 0.07759600132703781
v -0.039942000061273575 0.10939899832010269 0.07756499946117401
v -0.03784099966287613 0.12684999406337738 0.07749699801206589
v -0.025439999997615814 0.1340000033378601 0.07746399939060211
v -0.03044999949634075 0.11844799667596817 0.07759600132703781
v -0.025439999997615814 0.1340000033378601 0.07746399939060211
v -0.020162999629974365 0.12414699792861938 0.07759799808263779
v -0.03044999949634075 0.11844799667596817 0.07759600132703781
v -0.025439999997615814 0.1340000033378601 0.07746399939060211
v -0.015031999908387661 0.13761599361896515 0.07748699933290482
v -0.020162999629974365 0.12414699792861938 0.07759799808263779
v -0.015031999908387661 0.13761599361896515 0.07748699933290482
v -0.011625000275671482 0.126801997423172 0.07758499681949615
v -0.020162999629974365 0.12414699792861938 0.07759799808263779
v 0.008036999963223934 0.13873499631881714 0.08781500160694122
v 0.018485000357031822 0.13655200600624084 0.08781100064516068
v 0.008036999963223934 0.13873499631881714 0.07756300270557404
v 0.018485000357031822 0.13655200600624084 0.08781100064516068
v 0.018485000357031822 0.13655200600624084 0.07756300270557404
v 0.008036999963223934 0.13873499631881714 0.07756300270557404
v -0.0028059999458491802 0.1392109990119934 0.08758600056171417
v 0.008036999963223934 0.13873499631881714 0.08781500160694122
v 0.008036999963223934 0.13873499631881714 0.07756300270557404
v -0.0028059999458491802 0.1392109990119934 0.08758600056171417
v 0.008036999963223934 0.13873499631881714 0.07756300270557404
v -0.0028059999458491802 0.1392109990119934 0.07754799723625183
v -0.015031999908387661 0.13761599361896515 0.08661500364542007
v -0.0028059999458491802 0.1392109990119934 0.08758600056171417
v -0.0028059999458491802 0.1392109990119934 0.07754799723625183
v -0.015031999908387661 0.13761599361896515 0.08661500364542007
v -0.0028059999458491802 0.1392109990119934 0.07754799723625183
v -0.015031999908387661 0.13761599361896515 0.07748699933290482
v 0.018485000357031822 0.13655200600624084 0.08781100064516068
v 0.028953999280929565 0.13229399919509888 0.0877859964966774
v 0.018485000357031822 0.13655200600624084 0.07756300270557404
v 0.028953999280929565 0.13229399919509888 0.0877859964966774
v 0.028953999280929565 0.13229399919509888 0.07756099849939346
v 0.018485000357031822 0.13655200600624084 0.07756300270557404
v 0.028953999280929565 0.13229399919509888 0.0877859964966774
v 0.04014899954199791 0.12472499907016754 0.08674799650907516
v 0.028953999280929565 0.13229399919509888 0.07756099849939346
v 0.04014899954199791 0.12472499907016754 0.08674799650907516
v 0.04014899954199791 0.12472499907016754 0.07749500125646591
v 0.028953999280929565 0.13229399919509888 0.07756099849939346
v 0.04014899954199791 0.12472499907016754 0.08674799650907516
v 0.05105099827051163 0.11343000084161758 0.08675500005483627
v 0.05105099827051163 0.11343000084161758 0.0774959996342659
v 0.04014899954199791 0.12472499907016754 0.08674799650907516
v 0.05105099827051163 0.11343000084161758 0.0774959996342659
v 0.04014899954199791 0.12472499907016754 0.07749500125646591
v 0.05105099827051163 0.11343000084161758 0.08675500005483627
v 0.05800300091505051 0.10149700194597244 0.08633200079202652
v 0.05105099827051163 0.11343000084161758 0.0774959996342659
v 0.05800300091505051 0.10149700194597244 0.08633200079202652
v 0.05800300091505051 0.10149700194597244 0.07746899873018265
v 0.05105099827051163 0.11343000084161758 0.0774959996342659
v 0.05800300091505051 0.10149700194597244 0.08633200079202652
v 0.06151900067925453 0.0907140001654625 0.08586499840021133
v 0.05800300091505051 0.10149700194597244 0.07746899873018265
v 0.06151900067925453 0.0907140001654625 0.08586499840021133
v 0.06151900067925453 0.0907140001654625 0.07744000107049942
v 0.05800300091505051 0.10149700194597244 0.07746899873018265
v 0.06151900067925453 0.0907140001654625 0.08586499840021133
v 0.06310299783945084 0.07623299956321716 0.08660399913787842
v 0.06310299783945084 0.07623299956321716 0.07748600095510483
v 0.06151900067925453 0.0907140001654625 0.08586499840021133
v 0.06310299783945084 0.07623299956321716 0.07748600095510483
v 0.06151900067925453 0.0907140001654625 0.07744000107049942
v 0.06310299783945084 0.07623299956321716 0.08660399913787842
v 0.06206300109624863 0.06418199837207794 0.08668400347232819
v 0.06206300109624863 0.06418199837207794 0.07749100029468536
v 0.06310299783945084 0.07623299956321716 0.08660399913787842
v 0.06206300109624863 0.06418199837207794 0.07749100029468536
v 0.06310299783945084 0.07623299956321716 0.07748600095510483
v 0.06206300109624863 0.06418199837207794 0.08668400347232819
v 0.05874200165271759 0.05310999974608421 0.08649899810552597
v 0.06206300109624863 0.06418199837207794 0.07749100029468536
v 0.05874200165271759 0.05310999974608421 0.08649899810552597
v 0.05874200165271759 0.05310999974608421 0.0774800032377243
v 0.06206300109624863 0.06418199837207794 0.07749100029468536
v 0.05874200165271759 0.05310999974608421 0.08649899810552597
v 0.05349300056695938 0.04268399998545647 0.08576899766921997
v 0.05874200165271759 0.05310999974608421 0.0774800032377243
v 0.05349300056695938 0.04268399998545647 0.08576899766921997
v 0.05349300056695938 0.04268399998545647 0.07743299752473831
v 0.05874200165271759 0.05310999974608421 0.0774800032377243
v 0.05349300056695938 0.04268399998545647 0.08576899766921997
v 0.04536399990320206 0.03242399916052818 0.08588100224733353
v 0.04536399990320206 0.03242399916052818 0.07744099944829941
v 0.05349300056695938 0.04268399998545647 0.08576899766921997
v 0.04536399990320206 0.03242399916052818 0.07744099944829941
v 0.05349300056695938 0.04268399998545647 0.07743299752473831
v 0.04536399990320206 0.03242399916052818 0.08588100224733353
v 0.03408699855208397 0.022943999618291855 0.08590900152921677
v 0.03408699855208397 0.022943999618291855 0.0774419978260994
v 0.04536399990320206 0.03242399916052818 0.08588100224733353
v 0.03408699855208397 0.022943999618291855 0.0774419978260994
v 0.04536399990320206 0.03242399916052818 0.07744099944829941
v 0.03408699855208397 0.022943999618291855 0.08590900152921677
v 0.01808200031518936 0.015783000737428665 0.08580800145864487
v 0.03408699855208397 0.022943999618291855 0.0774419978260994
v 0.01808200031518936 0.015783000737428665 0.08580800145864487
v 0.01808200031518936 0.015783000737428665 0.07743600010871887
v 0.03408699855208397 0.022943999618291855 0.0774419978260994
v 0.01808200031518936 0.015783000737428665 0.08580800145864487
v 0.0037430000957101583 0.01308399997651577 0.08610700070858002
v 0.0037430000957101583 0.01308399997651577 0.07745499908924103
v 0.01808200031518936 0.015783000737428665 0.08580800145864487
v 0.0037430000957101583 0.01308399997651577 0.07745499908924103
v 0.01808200031518936 0.015783000737428665 0.07743600010871887
v 0.0037430000957101583 0.01308399997651577 0.08610700070858002
v -0.011730000376701355 0.014267000369727612 0.08603499829769135
v 0.0037430000957101583 0.01308399997651577 0.07745499908924103
v -0.011730000376701355 0.014267000369727612 0.08603499829769135
v -0.011730000376701355 0.014267000369727612 0.07744999974966049
v 0.0037430000957101583 0.01308399997651577 0.07745499908924103
v -0.011730000376701355 0.014267000369727612 0.08603499829769135
v -0.02940100058913231 0.02027300000190735 0.08623600006103516
v -0.02940100058913231 0.02027300000190735 0.07746300101280212
v -0.011730000376701355 0.014267000369727612 0.08603499829769135
v -0.02940100058913231 0.02027300000190735 0.07746300101280212
v -0.011730000376701355 0.014267000369727612 0.07744999974966049
v -0.02940100058913231 0.02027300000190735 0.08623600006103516
v -0.04465100169181824 0.03165600076317787 0.08593299984931946
v -0.02940100058913231 0.02027300000190735 0.07746300101280212
v -0.04465100169181824 0.03165600076317787 0.08593299984931946
v -0.04465100169181824 0.03165600076317787 0.07744400203227997
v -0.02940100058913231 0.02027300000190735 0.07746300101280212
v -0.04465100169181824 0.03165600076317787 0.08593299984931946
v -0.05314899981021881 0.042424000799655914 0.08603399991989136
v -0.05314899981021881 0.042424000799655914 0.07744999974966049
v -0.04465100169181824 0.03165600076317787 0.08593299984931946
v -0.05314899981021881 0.042424000799655914 0.07744999974966049
v -0.04465100169181824 0.03165600076317787 0.07744400203227997
v -0.05314899981021881 0.042424000799655914 0.08603399991989136
v -0.05967000126838684 0.05616899952292442 0.08658099919557571
v -0.05967000126838684 0.05616899952292442 0.07748500257730484
v -0.05314899981021881 0.042424000799655914 0.08603399991989136
v -0.05967000126838684 0.05616899952292442 0.07748500257730484
v -0.05314899981021881 0.042424000799655914 0.07744999974966049
v -0.05967000126838684 0.05616899952292442 0.08658099919557571
v -0.06284400075674057 0.0703129991889 0.08699499815702438
v -0.06284400075674057 0.0703129991889 0.07751099765300751
v -0.05967000126838684 0.05616899952292442 0.08658099919557571
v -0.06284400075674057 0.0703129991889 0.07751099765300751
v -0.05967000126838684 0.05616899952292442 0.07748500257730484
v -0.06284400075674057 0.0703129991889 0.08699499815702438
v -0.06217300146818161 0.08535099774599075 0.08681999891996384
v -0.06284400075674057 0.0703129991889 0.07751099765300751
v -0.06217300146818161 0.08535099774599075 0.08681999891996384
v -0.06217300146818161 0.08535099774599075 0.07750000059604645
v -0.06284400075674057 0.0703129991889 0.07751099765300751
v -0.06217300146818161 0.08535099774599075 0.08681999891996384
v -0.058173999190330505 0.10074199736118317 0.08679600059986115
v -0.06217300146818161 0.08535099774599075 0.07750000059604645
v -0.058173999190330505 0.10074199736118317 0.08679600059986115
v -0.058173999190330505 0.10074199736118317 0.07749900221824646
v -0.06217300146818161 0.08535099774599075 0.07750000059604645
v -0.058173999190330505 0.10074199736118317 0.08679600059986115
v -0.049070000648498535 0.11577899754047394 0.08678100258111954
v -0.058173999190330505 0.10074199736118317 0.07749900221824646
v -0.049070000648498535 0.11577899754047394 0.08678100258111954
v -0.049070000648498535 0.11577899754047394 0.07749699801206589
v -0.058173999190330505 0.10074199736118317 0.07749900221824646
v -0.049070000648498535 0.11577899754047394 0.08678100258111954
v -0.03784099966287613 0.12684999406337738 0.08677999675273895
v -0.049070000648498535 0.11577899754047394 0.07749699801206589
v -0.03784099966287613 0.12684999406337738 0.08677999675273895
v -0.03784099966287613 0.12684999406337738 0.07749699801206589
v -0.049070000648498535 0.11577899754047394 0.07749699801206589
v -0.03784099966287613 0.12684999406337738 0.08677999675273895
v -0.025439999997615814 0.1340000033378601 0.08625700324773788
v -0.03784099966287613 0.12684999406337738 0.07749699801206589
v -0.025439999997615814 0.1340000033378601 0.08625700324773788
v -0.025439999997615814 0.1340000033378601 0.07746399939060211
v -0.03784099966287613 0.12684999406337738 0.07749699801206589
v -0.025439999997615814 0.1340000033378601 0.08625700324773788
v -0.015031999908387661 0.13761599361896515 0.08661500364542007
v -0.015031999908387661 0.13761599361896515 0.07748699933290482
v -0.025439999997615814 0.1340000033378601 0.08625700324773788
v -0.015031999908387661 0.13761599361896515 0.07748699933290482
v -0.025439999997615814 0.1340000033378601 0.07746399939060211
v 0.007534999866038561 0.1389780044555664 0.10238999873399734
v 0.008036999963223934 0.13873499631881714 0.08781500160694122
v -0.0036700000055134296 0.13931800425052643 0.10127799957990646
v 0.008036999963223934 0.13873499631881714 0.08781500160694122
v -0.0028059999458491802 0.1392109990119934 0.08758600056171417
v -0.0036700000055134296 0.13931800425052643 0.10127799957990646
v 0.028953999280929565 0.13229399919509888 0.0877859964966774
v 0.027858000248670578 0.13286900520324707 0.10044900327920914
v 0.04103099927306175 0.12407100200653076 0.09740500152111053
v 0.028953999280929565 0.13229399919509888 0.0877859964966774
v 0.04103099927306175 0.12407100200653076 0.09740500152111053
v 0.04014899954199791 0.12472499907016754 0.08674799650907516
v -0.02705099992454052 0.1333490014076233 0.0996439978480339
v -0.025439999997615814 0.1340000033378601 0.08625700324773788
v -0.03784099966287613 0.12684999406337738 0.08677999675273895
v -0.02705099992454052 0.1333490014076233 0.0996439978480339
v -0.03784099966287613 0.12684999406337738 0.08677999675273895
v -0.0394040010869503 0.12559500336647034 0.09851600229740143
v -0.0394040010869503 0.12559500336647034 0.09851600229740143
v -0.03784099966287613 0.12684999406337738 0.08677999675273895
v -0.049070000648498535 0.11577899754047394 0.08678100258111954
v -0.0394040010869503 0.12559500336647034 0.09851600229740143
v -0.049070000648498535 0.11577899754047394 0.08678100258111954
v -0.05046200007200241 0.11336000263690948 0.09736800193786621
v -0.05046200007200241 0.11336000263690948 0.09736800193786621
v -0.049070000648498535 0.11577899754047394 0.08678100258111954
v -0.058173999190330505 0.10074199736118317 0.08679600059986115
v -0.05046200007200241 0.11336000263690948 0.09736800193786621
v -0.058173999190330505 0.10074199736118317 0.08679600059986115
v -0.05907600000500679 0.09841399639844894 0.09656699746847153
v -0.05907600000500679 0.09841399639844894 0.09656699746847153
v -0.058173999190330505 0.10074199736118317 0.08679600059986115
v -0.06217300146818161 0.08535099774599075 0.08681999891996384
v -0.05907600000500679 0.09841399639844894 0.09656699746847153
v -0.06217300146818161 0.08535099774599075 0.08681999891996384
v -0.06256800144910812 0.08265899866819382 0.09686899930238724
v -0.06256800144910812 0.08265899866819382 0.09686899930238724
v -0.06217300146818161 0.08535099774599075 0.08681999891996384
v -0.06284400075674057 0.0703129991889 0.08699499815702438
v -0.06256800144910812 0.08265899866819382 0.09686899930238724
v -0.06284400075674057 0.0703129991889 0.08699499815702438
v -0.06228100135922432 0.06689900159835815 0.09784799814224243
v -0.06228100135922432 0.06689900159835815 0.09784799814224243
v -0.06284400075674057 0.0703129991889 0.08699499815702438
v -0.05967000126838684 0.05616899952292442 0.08658099919557571
v -0.06228100135922432 0.06689900159835815 0.09784799814224243
v -0.05967000126838684 0.05616899952292442 0.08658099919557571
v -0.05897599831223488 0.05444600060582161 0.09766499698162079
v -0.05897599831223488 0.05444600060582161 0.09766499698162079
v -0.05967000126838684 0.05616899952292442 0.08658099919557571
v -0.05314899981021881 0.042424000799655914 0.08603399991989136
v -0.05897599831223488 0.05444600060582161 0.09766499698162079
v -0.05314899981021881 0.042424000799655914 0.08603399991989136
v -0.052859000861644745 0.04159500077366829 0.09677200019359589
v -0.052859000861644745 0.04159500077366829 0.09677200019359589
v -0.05314899981021881 0.042424000799655914 0.08603399991989136
v -0.04465100169181824 0.03165600076317787 0.08593299984931946
v -0.052859000861644745 0.04159500077366829 0.09677200019359589
v -0.04465100169181824 0.03165600076317787 0.08593299984931946
v -0.044213999062776566 0.03102700039744377 0.09557200223207474
v -0.044213999062776566 0.03102700039744377 0.09557200223207474
v -0.04465100169181824 0.03165600076317787 0.08593299984931946
v -0.02940100058913231 0.02027300000190735 0.08623600006103516
v -0.044213999062776566 0.03102700039744377 0.09557200223207474
v -0.02940100058913231 0.02027300000190735 0.08623600006103516
v -0.029146000742912292 0.02035900019109249 0.09476999938488007
v -0.029146000742912292 0.02035900019109249 0.09476999938488007
v -0.02940100058913231 0.02027300000190735 0.08623600006103516
v -0.012408999726176262 0.014491000212728977 0.0942080020904541
v -0.02940100058913231 0.02027300000190735 0.08623600006103516
v -0.011730000376701355 0.014267000369727612 0.08603499829769135
v -0.012408999726176262 0.014491000212728977 0.0942080020904541
v -0.012408999726176262 0.014491000212728977 0.0942080020904541
v -0.011730000376701355 0.014267000369727612 0.08603499829769135
v 0.0034549999982118607 0.01305800024420023 0.09483200311660767
v -0.011730000376701355 0.014267000369727612 0.08603499829769135
v 0.0037430000957101583 0.01308399997651577 0.08610700070858002
v 0.0034549999982118607 0.01305800024420023 0.09483200311660767
v 0.0034549999982118607 0.01305800024420023 0.09483200311660767
v 0.0037430000957101583 0.01308399997651577 0.08610700070858002
v 0.01866699941456318 0.01584400050342083 0.09361200034618378
v 0.0037430000957101583 0.01308399997651577 0.08610700070858002
v 0.01808200031518936 0.015783000737428665 0.08580800145864487
v 0.01866699941456318 0.01584400050342083 0.09361200034618378
v 0.01866699941456318 0.01584400050342083 0.09361200034618378
v 0.01808200031518936 0.015783000737428665 0.08580800145864487
v 0.03408699855208397 0.022943999618291855 0.08590900152921677
v 0.01866699941456318 0.01584400050342083 0.09361200034618378
v 0.03408699855208397 0.022943999618291855 0.08590900152921677
v 0.03432999923825264 0.023053999990224838 0.09271299839019775
v 0.03432999923825264 0.023053999990224838 0.09271299839019775
v 0.03408699855208397 0.022943999618291855 0.08590900152921677
v 0.04536399990320206 0.03242399916052818 0.08588100224733353
v 0.03432999923825264 0.023053999990224838 0.09271299839019775
v 0.04536399990320206 0.03242399916052818 0.08588100224733353
v 0.0455779992043972 0.03271299973130226 0.0938350036740303
v 0.0455779992043972 0.03271299973130226 0.0938350036740303
v 0.04536399990320206 0.03242399916052818 0.08588100224733353
v 0.05349300056695938 0.04268399998545647 0.08576899766921997
v 0.0455779992043972 0.03271299973130226 0.0938350036740303
v 0.05349300056695938 0.04268399998545647 0.08576899766921997
v 0.05339299887418747 0.04282499849796295 0.09464000165462494
v 0.05339299887418747 0.04282499849796295 0.09464000165462494
v 0.05349300056695938 0.04268399998545647 0.08576899766921997
v 0.05874200165271759 0.05310999974608421 0.08649899810552597
v 0.05339299887418747 0.04282499849796295 0.09464000165462494
v 0.05874200165271759 0.05310999974608421 0.08649899810552597
v 0.05842300131917 0.05231799930334091 0.09553000330924988
v 0.05842300131917 0.05231799930334091 0.09553000330924988
v 0.05874200165271759 0.05310999974608421 0.08649899810552597
v 0.06186399981379509 0.06387399882078171 0.09496500343084335
v 0.05874200165271759 0.05310999974608421 0.08649899810552597
v 0.06206300109624863 0.06418199837207794 0.08668400347232819
v 0.06186399981379509 0.06387399882078171 0.09496500343084335
v 0.06186399981379509 0.06387399882078171 0.09496500343084335
v 0.06206300109624863 0.06418199837207794 0.08668400347232819
v 0.06310299783945084 0.07623299956321716 0.08660399913787842
v 0.06186399981379509 0.06387399882078171 0.09496500343084335
v 0.06310299783945084 0.07623299956321716 0.08660399913787842
v 0.0631759986281395 0.0773169994354248 0.09583400189876556
v 0.0631759986281395 0.0773169994354248 0.09583400189876556
v 0.06310299783945084 0.07623299956321716 0.08660399913787842
v 0.06151900067925453 0.0907140001654625 0.08586499840021133
v 0.0631759986281395 0.0773169994354248 0.09583400189876556
v 0.06151900067925453 0.0907140001654625 0.08586499840021133
v 0.06138699874281883 0.09149400144815445 0.09481099992990494
v 0.06138699874281883 0.09149400144815445 0.09481099992990494
v 0.06151900067925453 0.0907140001654625 0.08586499840021133
v 0.05800300091505051 0.10149700194597244 0.08633200079202652
v 0.06138699874281883 0.09149400144815445 0.09481099992990494
v 0.05800300091505051 0.10149700194597244 0.08633200079202652
v 0.05742200091481209 0.10271500051021576 0.09471499919891357
v 0.05742200091481209 0.10271500051021576 0.09471499919891357
v 0.05800300091505051 0.10149700194597244 0.08633200079202652
v 0.05105099827051163 0.11343000084161758 0.08675500005483627
v 0.05742200091481209 0.10271500051021576 0.09471499919891357
v 0.05105099827051163 0.11343000084161758 0.08675500005483627
v 0.05047199875116348 0.11418099701404572 0.09610400348901749
v 0.05047199875116348 0.11418099701404572 0.09610400348901749
v 0.05105099827051163 0.11343000084161758 0.08675500005483627
v 0.04014899954199791 0.12472499907016754 0.08674799650907516
v 0.05047199875116348 0.11418099701404572 0.09610400348901749
v 0.04014899954199791 0.12472499907016754 0.08674799650907516
v 0.04103099927306175 0.12407100200653076 0.09740500152111053
v 0.027858000248670578 0.13286900520324707 0.10044900327920914
v 0.018485000357031822 0.13655200600624084 0.08781100064516068
v 0.01512099988758564 0.13757599890232086 0.10576199740171432
v 0.018485000357031822 0.13655200600624084 0.08781100064516068
v 0.007534999866038561 0.1389780044555664 0.10238999873399734
v 0.01512099988758564 0.13757599890232086 0.10576199740171432
v -0.01522199995815754 0.13758300244808197 0.10452400147914886
v -0.0036700000055134296 0.13931800425052643 0.10127799957990646
v -0.015031999908387661 0.13761599361896515 0.08661500364542007
v -0.01522199995815754 0.13758300244808197 0.10452400147914886
v -0.015031999908387661 0.13761599361896515 0.08661500364542007
v -0.02705099992454052 0.1333490014076233 0.0996439978480339
v 0.011095000430941582 0.13762900233268738 0.10800699889659882
v 0.01512099988758564 0.13757599890232086 0.10576199740171432
v 0.007534999866038561 0.1389780044555664 0.10238999873399734
v 0.011095000430941582 0.13762900233268738 0.10800699889659882
v 0.007534999866038561 0.1389780044555664 0.10238999873399734
v 0.004178000148385763 0.1386830061674118 0.10482999682426453
v -0.0005549999768845737 0.13884900510311127 0.10442399978637695
v 0.004178000148385763 0.1386830061674118 0.10482999682426453
v 0.007534999866038561 0.1389780044555664 0.10238999873399734
v -0.0005549999768845737 0.13884900510311127 0.10442399978637695
v 0.007534999866038561 0.1389780044555664 0.10238999873399734
v -0.0036700000055134296 0.13931800425052643 0.10127799957990646
v -0.012660999782383442 0.13734999299049377 0.1072779968380928
v -0.0005549999768845737 0.13884900510311127 0.10442399978637695
v -0.0036700000055134296 0.13931800425052643 0.10127799957990646
v -0.012660999782383442 0.13734999299049377 0.1072779968380928
v -0.0036700000055134296 0.13931800425052643 0.10127799957990646
v -0.01522199995815754 0.13758300244808197 0.10452400147914886
v 0.011095000430941582 0.13762900233268738 0.10800699889659882
v 0.004178000148385763 0.1386830061674118 0.10482999682426453
v -0.0005549999768845737 0.13884900510311127 0.10442399978637695
v 0.011095000430941582 0.13762900233268738 0.10800699889659882
v -0.0005549999768845737 0.13884900510311127 0.10442399978637695
v -0.012660999782383442 0.13734999299049377 0.1072779968380928
v -0.02579599991440773 0.13388599455356598 0.11203700304031372
v -0.01522199995815754 0.13758300244808197 0.10452400147914886
v -0.02705099992454052 0.1333490014076233 0.0996439978480339
v -0.02579599991440773 0.13388599455356598 0.11203700304031372
v -0.02705099992454052 0.1333490014076233 0.0996439978480339
v -0.03672799840569496 0.1275700032711029 0.11040300130844116
v -0.03672799840569496 0.1275700032711029 0.11040300130844116
v -0.02705099992454052 0.1333490014076233 0.0996439978480339
v -0.0394040010869503 0.12559500336647034 0.09851600229740143
v -0.03672799840569496 0.1275700032711029 0.11040300130844116
v -0.0394040010869503 0.12559500336647034 0.09851600229740143
v -0.04645000025629997 0.11893600225448608 0.1081790030002594
v -0.04645000025629997 0.11893600225448608 0.1081790030002594
v -0.0394040010869503 0.12559500336647034 0.09851600229740143
v -0.05046200007200241 0.11336000263690948 0.09736800193786621
v -0.04645000025629997 0.11893600225448608 0.1081790030002594
v -0.05046200007200241 0.11336000263690948 0.09736800193786621
v -0.055590998381376266 0.10575799643993378 0.10610300302505493
v -0.055590998381376266 0.10575799643993378 0.10610300302505493
v -0.05046200007200241 0.11336000263690948 0.09736800193786621
v -0.05907600000500679 0.09841399639844894 0.09656699746847153
v -0.055590998381376266 0.10575799643993378 0.10610300302505493
v -0.05907600000500679 0.09841399639844894 0.09656699746847153
v -0.0611799992620945 0.09178800135850906 0.10509199649095535
v -0.0611799992620945 0.09178800135850906 0.10509199649095535
v -0.05907600000500679 0.09841399639844894 0.09656699746847153
v -0.06256800144910812 0.08265899866819382 0.09686899930238724
v -0.0611799992620945 0.09178800135850906 0.10509199649095535
v -0.06256800144910812 0.08265899866819382 0.09686899930238724
v -0.06282299757003784 0.07371599972248077 0.1056080013513565
v -0.06282299757003784 0.07371599972248077 0.1056080013513565
v -0.06256800144910812 0.08265899866819382 0.09686899930238724
v -0.06228100135922432 0.06689900159835815 0.09784799814224243
v -0.06282299757003784 0.07371599972248077 0.1056080013513565
v -0.06228100135922432 0.06689900159835815 0.09784799814224243
v -0.06081100180745125 0.05919099971652031 0.10755199939012527
v -0.06081100180745125 0.05919099971652031 0.10755199939012527
v -0.06228100135922432 0.06689900159835815 0.09784799814224243
v -0.05897599831223488 0.05444600060582161 0.09766499698162079
v -0.06081100180745125 0.05919099971652031 0.10755199939012527
v -0.05897599831223488 0.05444600060582161 0.09766499698162079
v -0.05657000094652176 0.048069000244140625 0.10666900128126144
v -0.05657000094652176 0.048069000244140625 0.10666900128126144
v -0.052859000861644745 0.04159500077366829 0.09677200019359589
v -0.04489000141620636 0.03171499818563461 0.10306999832391739
v -0.052859000861644745 0.04159500077366829 0.09677200019359589
v -0.044213999062776566 0.03102700039744377 0.09557200223207474
v -0.04489000141620636 0.03171499818563461 0.10306999832391739
v -0.04489000141620636 0.03171499818563461 0.10306999832391739
v -0.044213999062776566 0.03102700039744377 0.09557200223207474
v -0.02980799973011017 0.020586000755429268 0.10226599872112274
v -0.044213999062776566 0.03102700039744377 0.09557200223207474
v -0.029146000742912292 0.02035900019109249 0.09476999938488007
v -0.02980799973011017 0.020586000755429268 0.10226599872112274
v -0.02980799973011017 0.020586000755429268 0.10226599872112274
v -0.029146000742912292 0.02035900019109249 0.09476999938488007
v -0.013460000045597553 0.014636999927461147 0.10248400270938873
v -0.029146000742912292 0.02035900019109249 0.09476999938488007
v -0.012408999726176262 0.014491000212728977 0.0942080020904541
v -0.013460000045597553 0.014636999927461147 0.10248400270938873
v -0.013460000045597553 0.014636999927461147 0.10248400270938873
v -0.012408999726176262 0.014491000212728977 0.0942080020904541
v 0.003579000011086464 0.01307700015604496 0.10283800214529037
v -0.012408999726176262 0.014491000212728977 0.0942080020904541
v 0.0034549999982118607 0.01305800024420023 0.09483200311660767
v 0.003579000011086464 0.01307700015604496 0.10283800214529037
v 0.003579000011086464 0.01307700015604496 0.10283800214529037
v 0.0034549999982118607 0.01305800024420023 0.09483200311660767
v 0.01934099942445755 0.01618799939751625 0.10117799788713455
v 0.0034549999982118607 0.01305800024420023 0.09483200311660767
v 0.01866699941456318 0.01584400050342083 0.09361200034618378
v 0.01934099942445755 0.01618799939751625 0.10117799788713455
v 0.01934099942445755 0.01618799939751625 0.10117799788713455
v 0.01866699941456318 0.01584400050342083 0.09361200034618378
v 0.03456500172615051 0.023321999236941338 0.09927000105381012
v 0.01866699941456318 0.01584400050342083 0.09361200034618378
v 0.03432999923825264 0.023053999990224838 0.09271299839019775
v 0.03456500172615051 0.023321999236941338 0.09927000105381012
v 0.03456500172615051 0.023321999236941338 0.09927000105381012
v 0.03432999923825264 0.023053999990224838 0.09271299839019775
v 0.0455779992043972 0.03271299973130226 0.0938350036740303
v 0.03456500172615051 0.023321999236941338 0.09927000105381012
v 0.0455779992043972 0.03271299973130226 0.0938350036740303
v 0.045281000435352325 0.03235799819231033 0.10121499747037888
v 0.045281000435352325 0.03235799819231033 0.10121499747037888
v 0.0455779992043972 0.03271299973130226 0.0938350036740303
v 0.05339299887418747 0.04282499849796295 0.09464000165462494
v 0.045281000435352325 0.03235799819231033 0.10121499747037888
v 0.05339299887418747 0.04282499849796295 0.09464000165462494
v 0.05329800024628639 0.0424950011074543 0.10504300147294998
v 0.05329800024628639 0.0424950011074543 0.10504300147294998
v 0.05339299887418747 0.04282499849796295 0.09464000165462494
v 0.05734400078654289 0.05055199936032295 0.10470200330018997
v 0.05339299887418747 0.04282499849796295 0.09464000165462494
v 0.05842300131917 0.05231799930334091 0.09553000330924988
v 0.05734400078654289 0.05055199936032295 0.10470200330018997
v 0.05734400078654289 0.05055199936032295 0.10470200330018997
v 0.05842300131917 0.05231799930334091 0.09553000330924988
v 0.061955999583005905 0.06452099978923798 0.10442999750375748
v 0.05842300131917 0.05231799930334091 0.09553000330924988
v 0.06186399981379509 0.06387399882078171 0.09496500343084335
v 0.061955999583005905 0.06452099978923798 0.10442999750375748
v 0.061955999583005905 0.06452099978923798 0.10442999750375748
v 0.06186399981379509 0.06387399882078171 0.09496500343084335
v 0.0631759986281395 0.0773169994354248 0.09583400189876556
v 0.061955999583005905 0.06452099978923798 0.10442999750375748
v 0.0631759986281395 0.0773169994354248 0.09583400189876556
v 0.06311000138521194 0.07694400101900101 0.1052279993891716
v 0.06311000138521194 0.07694400101900101 0.1052279993891716
v 0.0631759986281395 0.0773169994354248 0.09583400189876556
v 0.06131000071763992 0.09126599878072739 0.10395500063896179
v 0.0631759986281395 0.0773169994354248 0.09583400189876556
v 0.06138699874281883 0.09149400144815445 0.09481099992990494
v 0.06131000071763992 0.09126599878072739 0.10395500063896179
v 0.06131000071763992 0.09126599878072739 0.10395500063896179
v 0.06138699874281883 0.09149400144815445 0.09481099992990494
v 0.05742200091481209 0.10271500051021576 0.09471499919891357
v 0.06131000071763992 0.09126599878072739 0.10395500063896179
v 0.05742200091481209 0.10271500051021576 0.09471499919891357
v 0.05713599920272827 0.10294900089502335 0.10478399693965912
v 0.05713599920272827 0.10294900089502335 0.10478399693965912
v 0.05742200091481209 0.10271500051021576 0.09471499919891357
v 0.05047199875116348 0.11418099701404572 0.09610400348901749
v 0.05713599920272827 0.10294900089502335 0.10478399693965912
v 0.05047199875116348 0.11418099701404572 0.09610400348901749
v 0.049476999789476395 0.11535099893808365 0.10517600178718567
v 0.049476999789476395 0.11535099893808365 0.10517600178718567
v 0.05047199875116348 0.11418099701404572 0.09610400348901749
v 0.04103099927306175 0.12407100200653076 0.09740500152111053
v 0.049476999789476395 0.11535099893808365 0.10517600178718567
v 0.04103099927306175 0.12407100200653076 0.09740500152111053
v 0.038314998149871826 0.12638700008392334 0.10739599913358688
v 0.038314998149871826 0.12638700008392334 0.10739599913358688
v 0.027858000248670578 0.13286900520324707 0.10044900327920914
v 0.02443999983370304 0.13440799713134766 0.1125440001487732
v 0.027858000248670578 0.13286900520324707 0.10044900327920914
v 0.01512099988758564 0.13757599890232086 0.10576199740171432
v 0.02443999983370304 0.13440799713134766 0.1125440001487732
v 0.02443999983370304 0.13440799713134766 0.1125440001487732
v 0.01512099988758564 0.13757599890232086 0.10576199740171432
v 0.02134699933230877 0.13486400246620178 0.11504600197076797
v 0.01512099988758564 0.13757599890232086 0.10576199740171432
v 0.011095000430941582 0.13762900233268738 0.10800699889659882
v 0.02134699933230877 0.13486400246620178 0.11504600197076797
v 0.008093000389635563 0.13451699912548065 0.11535599827766418
v 0.011095000430941582 0.13762900233268738 0.10800699889659882
v -0.005365999881178141 0.13440200686454773 0.11481399834156036
v 0.011095000430941582 0.13762900233268738 0.10800699889659882
v -0.012660999782383442 0.13734999299049377 0.1072779968380928
v -0.005365999881178141 0.13440200686454773 0.11481399834156036
v -0.021919000893831253 0.13428300619125366 0.1141119971871376
v -0.012660999782383442 0.13734999299049377 0.1072779968380928
v -0.01522199995815754 0.13758300244808197 0.10452400147914886
v -0.021919000893831253 0.13428300619125366 0.1141119971871376
v -0.01522199995815754 0.13758300244808197 0.10452400147914886
v -0.02579599991440773 0.13388599455356598 0.11203700304031372
v 0.020210999995470047 0.131072998046875 0.12461099773645401
v 0.02134699933230877 0.13486400246620178 0.11504600197076797
v 0.008093000389635563 0.13451699912548065 0.11535599827766418
v 0.020210999995470047 0.131072998046875 0.12461099773645401
v 0.008093000389635563 0.13451699912548065 0.11535599827766418
v 0.007918000221252441 0.1309340000152588 0.12419400364160538
v 0.032659001648426056 0.13034600019454956 0.12235099822282791
v 0.02443999983370304 0.13440799713134766 0.1125440001487732
v 0.029326999559998512 0.1312599927186966 0.12460000067949295
v 0.02443999983370304 0.13440799713134766 0.1125440001487732
v 0.02134699933230877 0.13486400246620178 0.11504600197076797
v 0.029326999559998512 0.1312599927186966 0.12460000067949295
v 0.043035998940467834 0.12255000323057175 0.11783699691295624
v 0.038314998149871826 0.12638700008392334 0.10739599913358688
v 0.032659001648426056 0.13034600019454956 0.12235099822282791
v 0.038314998149871826 0.12638700008392334 0.10739599913358688
v 0.02443999983370304 0.13440799713134766 0.1125440001487732
v 0.032659001648426056 0.13034600019454956 0.12235099822282791
v 0.05209600180387497 0.11208800226449966 0.11628100275993347
v 0.049476999789476395 0.11535099893808365 0.10517600178718567
v 0.043035998940467834 0.12255000323057175 0.11783699691295624
v 0.049476999789476395 0.11535099893808365 0.10517600178718567
v 0.038314998149871826 0.12638700008392334 0.10739599913358688
v 0.043035998940467834 0.12255000323057175 0.11783699691295624
v 0.05815200135111809 0.10097800195217133 0.11483900249004364
v 0.05713599920272827 0.10294900089502335 0.10478399693965912
v 0.05209600180387497 0.11208800226449966 0.11628100275993347
v 0.05713599920272827 0.10294900089502335 0.10478399693965912
v 0.049476999789476395 0.11535099893808365 0.10517600178718567
v 0.05209600180387497 0.11208800226449966 0.11628100275993347
v 0.062011998146772385 0.088128000497818 0.11459700018167496
v 0.06131000071763992 0.09126599878072739 0.10395500063896179
v 0.05815200135111809 0.10097800195217133 0.11483900249004364
v 0.06131000071763992 0.09126599878072739 0.10395500063896179
v 0.05713599920272827 0.10294900089502335 0.10478399693965912
v 0.05815200135111809 0.10097800195217133 0.11483900249004364
v 0.06306900084018707 0.07332199811935425 0.1147959977388382
v 0.06311000138521194 0.07694400101900101 0.1052279993891716
v 0.062011998146772385 0.088128000497818 0.11459700018167496
v 0.06311000138521194 0.07694400101900101 0.1052279993891716
v 0.06131000071763992 0.09126599878072739 0.10395500063896179
v 0.062011998146772385 0.088128000497818 0.11459700018167496
v 0.06164500117301941 0.062199000269174576 0.1147020012140274
v 0.061955999583005905 0.06452099978923798 0.10442999750375748
v 0.06306900084018707 0.07332199811935425 0.1147959977388382
v 0.061955999583005905 0.06452099978923798 0.10442999750375748
v 0.06311000138521194 0.07694400101900101 0.1052279993891716
v 0.06306900084018707 0.07332199811935425 0.1147959977388382
v 0.05757400020956993 0.05005799978971481 0.1150979995727539
v 0.05734400078654289 0.05055199936032295 0.10470200330018997
v 0.06164500117301941 0.062199000269174576 0.1147020012140274
v 0.05734400078654289 0.05055199936032295 0.10470200330018997
v 0.061955999583005905 0.06452099978923798 0.10442999750375748
v 0.06164500117301941 0.062199000269174576 0.1147020012140274
v 0.05438299849629402 0.04303999990224838 0.11798799782991409
v 0.05329800024628639 0.0424950011074543 0.10504300147294998
v 0.05757400020956993 0.05005799978971481 0.1150979995727539
v 0.05329800024628639 0.0424950011074543 0.10504300147294998
v 0.05734400078654289 0.05055199936032295 0.10470200330018997
v 0.05757400020956993 0.05005799978971481 0.1150979995727539
v 0.045170001685619354 0.03075299970805645 0.11102599650621414
v 0.045281000435352325 0.03235799819231033 0.10121499747037888
v 0.05329800024628639 0.0424950011074543 0.10504300147294998
v 0.045170001685619354 0.03075299970805645 0.11102599650621414
v 0.05329800024628639 0.0424950011074543 0.10504300147294998
v 0.05123399943113327 0.03821500018239021 0.11473000049591064
v 0.03445899859070778 0.022836999967694283 0.10939200222492218
v 0.03456500172615051 0.023321999236941338 0.09927000105381012
v 0.045281000435352325 0.03235799819231033 0.10121499747037888
v 0.03445899859070778 0.022836999967694283 0.10939200222492218
v 0.045281000435352325 0.03235799819231033 0.10121499747037888
v 0.045170001685619354 0.03075299970805645 0.11102599650621414
v 0.03445899859070778 0.022836999967694283 0.10939200222492218
v 0.019711999222636223 0.01624000072479248 0.11198899894952774
v 0.01934099942445755 0.01618799939751625 0.10117799788713455
v 0.03445899859070778 0.022836999967694283 0.10939200222492218
v 0.01934099942445755 0.01618799939751625 0.10117799788713455
v 0.03456500172615051 0.023321999236941338 0.09927000105381012
v 0.019711999222636223 0.01624000072479248 0.11198899894952774
v 0.0048779998905956745 0.013302999548614025 0.11276300251483917
v 0.01934099942445755 0.01618799939751625 0.10117799788713455
v 0.0048779998905956745 0.013302999548614025 0.11276300251483917
v 0.003579000011086464 0.01307700015604496 0.10283800214529037
v 0.01934099942445755 0.01618799939751625 0.10117799788713455
v 0.0048779998905956745 0.013302999548614025 0.11276300251483917
v -0.012570999562740326 0.014480999670922756 0.11180700361728668
v 0.003579000011086464 0.01307700015604496 0.10283800214529037
v -0.012570999562740326 0.014480999670922756 0.11180700361728668
v -0.013460000045597553 0.014636999927461147 0.10248400270938873
v 0.003579000011086464 0.01307700015604496 0.10283800214529037
v -0.012570999562740326 0.014480999670922756 0.11180700361728668
v -0.030274000018835068 0.020937999710440636 0.11213500052690506
v -0.013460000045597553 0.014636999927461147 0.10248400270938873
v -0.030274000018835068 0.020937999710440636 0.11213500052690506
v -0.02980799973011017 0.020586000755429268 0.10226599872112274
v -0.013460000045597553 0.014636999927461147 0.10248400270938873
v -0.030274000018835068 0.020937999710440636 0.11213500052690506
v -0.04401199892163277 0.03105499967932701 0.11213800311088562
v -0.02980799973011017 0.020586000755429268 0.10226599872112274
v -0.04401199892163277 0.03105499967932701 0.11213800311088562
v -0.04489000141620636 0.03171499818563461 0.10306999832391739
v -0.02980799973011017 0.020586000755429268 0.10226599872112274
v -0.04401199892163277 0.03105499967932701 0.11213800311088562
v -0.05445700138807297 0.044461000710725784 0.11559300124645233
v -0.04489000141620636 0.03171499818563461 0.10306999832391739
v -0.05445700138807297 0.044461000710725784 0.11559300124645233
v -0.05657000094652176 0.048069000244140625 0.10666900128126144
v -0.04489000141620636 0.03171499818563461 0.10306999832391739
v -0.05445700138807297 0.044461000710725784 0.11559300124645233
v -0.05965900048613548 0.05531800165772438 0.11826600134372711
v -0.05657000094652176 0.048069000244140625 0.10666900128126144
v -0.05965900048613548 0.05531800165772438 0.11826600134372711
v -0.06081100180745125 0.05919099971652031 0.10755199939012527
v -0.05657000094652176 0.048069000244140625 0.10666900128126144
v -0.05965900048613548 0.05531800165772438 0.11826600134372711
v -0.06253799796104431 0.06873899698257446 0.11651299893856049
v -0.06081100180745125 0.05919099971652031 0.10755199939012527
v -0.06253799796104431 0.06873899698257446 0.11651299893856049
v -0.06282299757003784 0.07371599972248077 0.1056080013513565
v -0.06081100180745125 0.05919099971652031 0.10755199939012527
v -0.05940200015902519 0.09776099771261215 0.1154559999704361
v -0.0611799992620945 0.09178800135850906 0.10509199649095535
v -0.06257499754428864 0.08412300050258636 0.11444500088691711
v -0.0611799992620945 0.09178800135850906 0.10509199649095535
v -0.06282299757003784 0.07371599972248077 0.1056080013513565
v -0.06257499754428864 0.08412300050258636 0.11444500088691711
v -0.05236800014972687 0.11046300083398819 0.11691100150346756
v -0.055590998381376266 0.10575799643993378 0.10610300302505493
v -0.05940200015902519 0.09776099771261215 0.1154559999704361
v -0.055590998381376266 0.10575799643993378 0.10610300302505493
v -0.0611799992620945 0.09178800135850906 0.10509199649095535
v -0.05940200015902519 0.09776099771261215 0.1154559999704361
v -0.04419500008225441 0.12133599817752838 0.11925499886274338
v -0.04645000025629997 0.11893600225448608 0.1081790030002594
v -0.05236800014972687 0.11046300083398819 0.11691100150346756
v -0.04645000025629997 0.11893600225448608 0.1081790030002594
v -0.055590998381376266 0.10575799643993378 0.10610300302505493
v -0.05236800014972687 0.11046300083398819 0.11691100150346756
v -0.034612998366355896 0.12913300096988678 0.12195800244808197
v -0.02579599991440773 0.13388599455356598 0.11203700304031372
v -0.03672799840569496 0.1275700032711029 0.11040300130844116
v -0.034612998366355896 0.12913300096988678 0.12195800244808197
v -0.03672799840569496 0.1275700032711029 0.11040300130844116
v -0.04419500008225441 0.12133599817752838 0.11925499886274338
v -0.03009600006043911 0.13016200065612793 0.12377600371837616
v -0.021919000893831253 0.13428300619125366 0.1141119971871376
v -0.02579599991440773 0.13388599455356598 0.11203700304031372
v -0.03009600006043911 0.13016200065612793 0.12377600371837616
v -0.02579599991440773 0.13388599455356598 0.11203700304031372
v -0.034612998366355896 0.12913300096988678 0.12195800244808197
v -0.0067159999161958694 0.1306779980659485 0.12393199652433395
v -0.005365999881178141 0.13440200686454773 0.11481399834156036
v -0.020457999780774117 0.1303739994764328 0.12384100258350372
v -0.005365999881178141 0.13440200686454773 0.11481399834156036
v -0.021919000893831253 0.13428300619125366 0.1141119971871376
v -0.020457999780774117 0.1303739994764328 0.12384100258350372
v 0.007918000221252441 0.1309340000152588 0.12419400364160538
v 0.008093000389635563 0.13451699912548065 0.11535599827766418
v -0.005365999881178141 0.13440200686454773 0.11481399834156036
v 0.007918000221252441 0.1309340000152588 0.12419400364160538
v -0.005365999881178141 0.13440200686454773 0.11481399834156036
v -0.0067159999161958694 0.1306779980659485 0.12393199652433395
v 0.05438299849629402 0.04303999990224838 0.11798799782991409
v 0.05757400020956993 0.05005799978971481 0.1150979995727539
v 0.0577940009534359 0.050140999257564545 0.12436199933290482
v 0.05438299849629402 0.04303999990224838 0.11798799782991409
v 0.0577940009534359 0.050140999257564545 0.12436199933290482
v 0.05653899908065796 0.04384699836373329 0.12573300302028656
v 0.0577940009534359 0.050140999257564545 0.12436199933290482
v 0.05757400020956993 0.05005799978971481 0.1150979995727539
v 0.06155100092291832 0.06206300109624863 0.12367600202560425
v 0.05757400020956993 0.05005799978971481 0.1150979995727539
v 0.06164500117301941 0.062199000269174576 0.1147020012140274
v 0.06155100092291832 0.06206300109624863 0.12367600202560425
v 0.06155100092291832 0.06206300109624863 0.12367600202560425
v 0.06306900084018707 0.07332199811935425 0.1147959977388382
v 0.0629270002245903 0.08052899688482285 0.12400399893522263
v 0.06306900084018707 0.07332199811935425 0.1147959977388382
v 0.062011998146772385 0.088128000497818 0.11459700018167496
v 0.0629270002245903 0.08052899688482285 0.12400399893522263
v 0.0629270002245903 0.08052899688482285 0.12400399893522263
v 0.062011998146772385 0.088128000497818 0.11459700018167496
v 0.0585470013320446 0.1000949963927269 0.12411600351333618
v 0.062011998146772385 0.088128000497818 0.11459700018167496
v 0.05815200135111809 0.10097800195217133 0.11483900249004364
v 0.0585470013320446 0.1000949963927269 0.12411600351333618
v 0.0585470013320446 0.1000949963927269 0.12411600351333618
v 0.05209600180387497 0.11208800226449966 0.11628100275993347
v 0.04973899945616722 0.1150600016117096 0.12651799619197845
v 0.05209600180387497 0.11208800226449966 0.11628100275993347
v 0.043035998940467834 0.12255000323057175 0.11783699691295624
v 0.04973899945616722 0.1150600016117096 0.12651799619197845
v 0.04973899945616722 0.1150600016117096 0.12651799619197845
v 0.043035998940467834 0.12255000323057175 0.11783699691295624
v 0.03798700124025345 0.12671799957752228 0.13078300654888153
v 0.043035998940467834 0.12255000323057175 0.11783699691295624
v 0.032659001648426056 0.13034600019454956 0.12235099822282791
v 0.03798700124025345 0.12671799957752228 0.13078300654888153
v 0.03798700124025345 0.12671799957752228 0.13078300654888153
v 0.032659001648426056 0.13034600019454956 0.12235099822282791
v 0.0344420000910759 0.12787799537181854 0.13311700522899628
v 0.032659001648426056 0.13034600019454956 0.12235099822282791
v 0.029326999559998512 0.1312599927186966 0.12460000067949295
v 0.0344420000910759 0.12787799537181854 0.13311700522899628
v 0.0344420000910759 0.12787799537181854 0.13311700522899628
v 0.029326999559998512 0.1312599927186966 0.12460000067949295
v 0.022513000294566154 0.12782900035381317 0.1328669935464859
v 0.029326999559998512 0.1312599927186966 0.12460000067949295
v 0.020210999995470047 0.131072998046875 0.12461099773645401
v 0.022513000294566154 0.12782900035381317 0.1328669935464859
v 0.022513000294566154 0.12782900035381317 0.1328669935464859
v 0.020210999995470047 0.131072998046875 0.12461099773645401
v 0.008679999969899654 0.12756100296974182 0.13268500566482544
v 0.020210999995470047 0.131072998046875 0.12461099773645401
v 0.007918000221252441 0.1309340000152588 0.12419400364160538
v 0.008679999969899654 0.12756100296974182 0.13268500566482544
v 0.008679999969899654 0.12756100296974182 0.13268500566482544
v 0.007918000221252441 0.1309340000152588 0.12419400364160538
v -0.0067159999161958694 0.1306779980659485 0.12393199652433395
v 0.008679999969899654 0.12756100296974182 0.13268500566482544
v -0.0067159999161958694 0.1306779980659485 0.12393199652433395
v -0.008843000046908855 0.12724900245666504 0.13238799571990967
v -0.035124000161886215 0.12668199837207794 0.13215099275112152
v -0.02621600031852722 0.12699800729751587 0.13194699585437775
v -0.03009600006043911 0.13016200065612793 0.12377600371837616
v -0.02621600031852722 0.12699800729751587 0.13194699585437775
v -0.020457999780774117 0.1303739994764328 0.12384100258350372
v -0.03009600006043911 0.13016200065612793 0.12377600371837616
v -0.008843000046908855 0.12724900245666504 0.13238799571990967
v -0.0067159999161958694 0.1306779980659485 0.12393199652433395
v -0.020457999780774117 0.1303739994764328 0.12384100258350372
v -0.008843000046908855 0.12724900245666504 0.13238799571990967
v -0.020457999780774117 0.1303739994764328 0.12384100258350372
v -0.02621600031852722 0.12699800729751587 0.13194699585437775
v -0.035124000161886215 0.12668199837207794 0.13215099275112152
v -0.03009600006043911 0.13016200065612793 0.12377600371837616
v -0.034612998366355896 0.12913300096988678 0.12195800244808197
v -0.035124000161886215 0.12668199837207794 0.13215099275112152
v -0.034612998366355896 0.12913300096988678 0.12195800244808197
v -0.040015000849962234 0.12513600289821625 0.13064900040626526
v -0.040015000849962234 0.12513600289821625 0.13064900040626526
v -0.034612998366355896 0.12913300096988678 0.12195800244808197
v -0.04419500008225441 0.12133599817752838 0.11925499886274338
v -0.040015000849962234 0.12513600289821625 0.13064900040626526
v -0.04419500008225441 0.12133599817752838 0.11925499886274338
v -0.0480399988591671 0.11719699949026108 0.12720799446105957
v -0.0480399988591671 0.11719699949026108 0.12720799446105957
v -0.05236800014972687 0.11046300083398819 0.11691100150346756
v -0.057767000049352646 0.10176999866962433 0.12431400269269943
v -0.05236800014972687 0.11046300083398819 0.11691100150346756
v -0.05940200015902519 0.09776099771261215 0.1154559999704361
v -0.057767000049352646 0.10176999866962433 0.12431400269269943
v -0.057767000049352646 0.10176999866962433 0.12431400269269943
v -0.05940200015902519 0.09776099771261215 0.1154559999704361
v -0.06241900101304054 0.08581099659204483 0.12318500131368637
v -0.05940200015902519 0.09776099771261215 0.1154559999704361
v -0.06257499754428864 0.08412300050258636 0.11444500088691711
v -0.06241900101304054 0.08581099659204483 0.12318500131368637
v -0.06241900101304054 0.08581099659204483 0.12318500131368637
v -0.06257499754428864 0.08412300050258636 0.11444500088691711
v -0.06260000169277191 0.07249999791383743 0.1245260015130043
v -0.06257499754428864 0.08412300050258636 0.11444500088691711
v -0.06253799796104431 0.06873899698257446 0.11651299893856049
v -0.06260000169277191 0.07249999791383743 0.1245260015130043
v -0.05965900048613548 0.05531800165772438 0.11826600134372711
v -0.06160200014710426 0.06334800273180008 0.125791996717453
v -0.06253799796104431 0.06873899698257446 0.11651299893856049
v -0.06160200014710426 0.06334800273180008 0.125791996717453
v -0.06260000169277191 0.07249999791383743 0.1245260015130043
v -0.06253799796104431 0.06873899698257446 0.11651299893856049
v 0.0589819997549057 0.04988100007176399 0.13151000440120697
v 0.0577940009534359 0.050140999257564545 0.12436199933290482
v 0.06137799844145775 0.06150199845433235 0.13080400228500366
v 0.0577940009534359 0.050140999257564545 0.12436199933290482
v 0.06155100092291832 0.06206300109624863 0.12367600202560425
v 0.06137799844145775 0.06150199845433235 0.13080400228500366
v 0.06290200352668762 0.07997799664735794 0.13120199739933014
v 0.06137799844145775 0.06150199845433235 0.13080400228500366
v 0.06155100092291832 0.06206300109624863 0.12367600202560425
v 0.06290200352668762 0.07997799664735794 0.13120199739933014
v 0.06155100092291832 0.06206300109624863 0.12367600202560425
v 0.0629270002245903 0.08052899688482285 0.12400399893522263
v 0.05883299931883812 0.09914500266313553 0.13267700374126434
v 0.06290200352668762 0.07997799664735794 0.13120199739933014
v 0.0629270002245903 0.08052899688482285 0.12400399893522263
v 0.05883299931883812 0.09914500266313553 0.13267700374126434
v 0.0629270002245903 0.08052899688482285 0.12400399893522263
v 0.0585470013320446 0.1000949963927269 0.12411600351333618
v 0.050912000238895416 0.11354999989271164 0.13507099449634552
v 0.05883299931883812 0.09914500266313553 0.13267700374126434
v 0.0585470013320446 0.1000949963927269 0.12411600351333618
v 0.050912000238895416 0.11354999989271164 0.13507099449634552
v 0.0585470013320446 0.1000949963927269 0.12411600351333618
v 0.04973899945616722 0.1150600016117096 0.12651799619197845
v 0.04207700118422508 0.12347900122404099 0.13912999629974365
v 0.050912000238895416 0.11354999989271164 0.13507099449634552
v 0.04973899945616722 0.1150600016117096 0.12651799619197845
v 0.04207700118422508 0.12347900122404099 0.13912999629974365
v 0.04973899945616722 0.1150600016117096 0.12651799619197845
v 0.03798700124025345 0.12671799957752228 0.13078300654888153
v 0.038575999438762665 0.12482000142335892 0.14092500507831573
v 0.04207700118422508 0.12347900122404099 0.13912999629974365
v 0.03798700124025345 0.12671799957752228 0.13078300654888153
v 0.038575999438762665 0.12482000142335892 0.14092500507831573
v 0.03798700124025345 0.12671799957752228 0.13078300654888153
v 0.0344420000910759 0.12787799537181854 0.13311700522899628
v 0.022741999477148056 0.12461300194263458 0.14103500545024872
v 0.03397199884057045 0.12486699968576431 0.14109399914741516
v 0.022513000294566154 0.12782900035381317 0.1328669935464859
v 0.03397199884057045 0.12486699968576431 0.14109399914741516
v 0.0344420000910759 0.12787799537181854 0.13311700522899628
v 0.022513000294566154 0.12782900035381317 0.1328669935464859
v 0.008932000026106834 0.12417799979448318 0.14115700125694275
v 0.022741999477148056 0.12461300194263458 0.14103500545024872
v 0.022513000294566154 0.12782900035381317 0.1328669935464859
v 0.008932000026106834 0.12417799979448318 0.14115700125694275
v 0.022513000294566154 0.12782900035381317 0.1328669935464859
v 0.008679999969899654 0.12756100296974182 0.13268500566482544
v -0.00927099958062172 0.12389100342988968 0.14076200127601624
v 0.008932000026106834 0.12417799979448318 0.14115700125694275
v 0.008679999969899654 0.12756100296974182 0.13268500566482544
v -0.00927099958062172 0.12389100342988968 0.14076200127601624
v 0.008679999969899654 0.12756100296974182 0.13268500566482544
v -0.008843000046908855 0.12724900245666504 0.13238799571990967
v -0.026582999154925346 0.12348099797964096 0.14072799682617188
v -0.00927099958062172 0.12389100342988968 0.14076200127601624
v -0.02621600031852722 0.12699800729751587 0.13194699585437775
v -0.00927099958062172 0.12389100342988968 0.14076200127601624
v -0.008843000046908855 0.12724900245666504 0.13238799571990967
v -0.02621600031852722 0.12699800729751587 0.13194699585437775
v -0.03920700028538704 0.12322399765253067 0.14053499698638916
v -0.026582999154925346 0.12348099797964096 0.14072799682617188
v -0.035124000161886215 0.12668199837207794 0.13215099275112152
v -0.026582999154925346 0.12348099797964096 0.14072799682617188
v -0.02621600031852722 0.12699800729751587 0.13194699585437775
v -0.035124000161886215 0.12668199837207794 0.13215099275112152
v -0.04378800094127655 0.12185899913311005 0.13822899758815765
v -0.03920700028538704 0.12322399765253067 0.14053499698638916
v -0.040015000849962234 0.12513600289821625 0.13064900040626526
v -0.03920700028538704 0.12322399765253067 0.14053499698638916
v -0.035124000161886215 0.12668199837207794 0.13215099275112152
v -0.040015000849962234 0.12513600289821625 0.13064900040626526
v -0.05092399939894676 0.11293099820613861 0.13426899909973145
v -0.04378800094127655 0.12185899913311005 0.13822899758815765
v -0.0480399988591671 0.11719699949026108 0.12720799446105957
v -0.04378800094127655 0.12185899913311005 0.13822899758815765
v -0.040015000849962234 0.12513600289821625 0.13064900040626526
v -0.0480399988591671 0.11719699949026108 0.12720799446105957
v -0.05930500105023384 0.0977879986166954 0.1329440027475357
v -0.05092399939894676 0.11293099820613861 0.13426899909973145
v -0.057767000049352646 0.10176999866962433 0.12431400269269943
v -0.05092399939894676 0.11293099820613861 0.13426899909973145
v -0.0480399988591671 0.11719699949026108 0.12720799446105957
v -0.057767000049352646 0.10176999866962433 0.12431400269269943
v -0.0625780001282692 0.08319800347089767 0.13182400166988373
v -0.05930500105023384 0.0977879986166954 0.1329440027475357
v -0.06241900101304054 0.08581099659204483 0.12318500131368637
v -0.05930500105023384 0.0977879986166954 0.1329440027475357
v -0.057767000049352646 0.10176999866962433 0.12431400269269943
v -0.06241900101304054 0.08581099659204483 0.12318500131368637
v -0.062327999621629715 0.0713379979133606 0.1314850002527237
v -0.0625780001282692 0.08319800347089767 0.13182400166988373
v -0.06260000169277191 0.07249999791383743 0.1245260015130043
v -0.0625780001282692 0.08319800347089767 0.13182400166988373
v -0.06241900101304054 0.08581099659204483 0.12318500131368637
v -0.06260000169277191 0.07249999791383743 0.1245260015130043
v -0.06293600052595139 0.07863400131464005 0.1403300017118454
v -0.0607060007750988 0.09314599633216858 0.14155299961566925
v -0.0625780001282692 0.08319800347089767 0.13182400166988373
v -0.0607060007750988 0.09314599633216858 0.14155299961566925
v -0.05930500105023384 0.0977879986166954 0.1329440027475357
v -0.0625780001282692 0.08319800347089767 0.13182400166988373
v -0.0543770007789135 0.10761599987745285 0.14344200491905212
v -0.05092399939894676 0.11293099820613861 0.13426899909973145
v -0.05930500105023384 0.0977879986166954 0.1329440027475357
v -0.0543770007789135 0.10761599987745285 0.14344200491905212
v -0.05930500105023384 0.0977879986166954 0.1329440027475357
v -0.0607060007750988 0.09314599633216858 0.14155299961566925
v -0.0470849983394146 0.11828099936246872 0.14717799425125122
v -0.04378800094127655 0.12185899913311005 0.13822899758815765
v -0.05092399939894676 0.11293099820613861 0.13426899909973145
v -0.0470849983394146 0.11828099936246872 0.14717799425125122
v -0.05092399939894676 0.11293099820613861 0.13426899909973145
v -0.0543770007789135 0.10761599987745285 0.14344200491905212
v -0.04372600093483925 0.11909600347280502 0.15022900700569153
v -0.03920700028538704 0.12322399765253067 0.14053499698638916
v -0.0470849983394146 0.11828099936246872 0.14717799425125122
v -0.03920700028538704 0.12322399765253067 0.14053499698638916
v -0.04378800094127655 0.12185899913311005 0.13822899758815765
v -0.0470849983394146 0.11828099936246872 0.14717799425125122
v -0.026103999465703964 0.11972100287675858 0.15004999935626984
v -0.026582999154925346 0.12348099797964096 0.14072799682617188
v -0.03920700028538704 0.12322399765253067 0.14053499698638916
v -0.026103999465703964 0.11972100287675858 0.15004999935626984
v -0.03920700028538704 0.12322399765253067 0.14053499698638916
v -0.039406999945640564 0.11918800324201584 0.15060000121593475
v -0.009438999928534031 0.11988099664449692 0.1506730020046234
v -0.00927099958062172 0.12389100342988968 0.14076200127601624
v -0.026103999465703964 0.11972100287675858 0.15004999935626984
v -0.00927099958062172 0.12389100342988968 0.14076200127601624
v -0.026582999154925346 0.12348099797964096 0.14072799682617188
v -0.026103999465703964 0.11972100287675858 0.15004999935626984
v 0.009418999776244164 0.12046100199222565 0.1503939926624298
v 0.008932000026106834 0.12417799979448318 0.14115700125694275
v -0.009438999928534031 0.11988099664449692 0.1506730020046234
v 0.008932000026106834 0.12417799979448318 0.14115700125694275
v -0.00927099958062172 0.12389100342988968 0.14076200127601624
v -0.009438999928534031 0.11988099664449692 0.1506730020046234
v 0.022708000615239143 0.1208219975233078 0.15031099319458008
v 0.022741999477148056 0.12461300194263458 0.14103500545024872
v 0.009418999776244164 0.12046100199222565 0.1503939926624298
v 0.022741999477148056 0.12461300194263458 0.14103500545024872
v 0.008932000026106834 0.12417799979448318 0.14115700125694275
v 0.009418999776244164 0.12046100199222565 0.1503939926624298
v 0.03457999974489212 0.1208219975233078 0.15103599429130554
v 0.03397199884057045 0.12486699968576431 0.14109399914741516
v 0.022708000615239143 0.1208219975233078 0.15031099319458008
v 0.03397199884057045 0.12486699968576431 0.14109399914741516
v 0.022741999477148056 0.12461300194263458 0.14103500545024872
v 0.022708000615239143 0.1208219975233078 0.15031099319458008
v 0.043049998581409454 0.12072300165891647 0.1511940062046051
v 0.038575999438762665 0.12482000142335892 0.14092500507831573
v 0.03457999974489212 0.1208219975233078 0.15103599429130554
v 0.038575999438762665 0.12482000142335892 0.14092500507831573
v 0.03397199884057045 0.12486699968576431 0.14109399914741516
v 0.03457999974489212 0.1208219975233078 0.15103599429130554
v 0.05383000150322914 0.10919100046157837 0.14587900042533875
v 0.050912000238895416 0.11354999989271164 0.13507099449634552
v 0.04791799932718277 0.11748500168323517 0.14824000000953674
v 0.050912000238895416 0.11354999989271164 0.13507099449634552
v 0.04207700118422508 0.12347900122404099 0.13912999629974365
v 0.04791799932718277 0.11748500168323517 0.14824000000953674
v 0.06021599844098091 0.09518799930810928 0.14375899732112885
v 0.05883299931883812 0.09914500266313553 0.13267700374126434
v 0.05383000150322914 0.10919100046157837 0.14587900042533875
v 0.05883299931883812 0.09914500266313553 0.13267700374126434
v 0.050912000238895416 0.11354999989271164 0.13507099449634552
v 0.05383000150322914 0.10919100046157837 0.14587900042533875
v 0.0630749985575676 0.07796300202608109 0.14175200462341309
v 0.06290200352668762 0.07997799664735794 0.13120199739933014
v 0.06021599844098091 0.09518799930810928 0.14375899732112885
v 0.06290200352668762 0.07997799664735794 0.13120199739933014
v 0.05883299931883812 0.09914500266313553 0.13267700374126434
v 0.06021599844098091 0.09518799930810928 0.14375899732112885
v 0.06158699840307236 0.06231100112199783 0.13972699642181396
v 0.06137799844145775 0.06150199845433235 0.13080400228500366
v 0.06290200352668762 0.07997799664735794 0.13120199739933014
v 0.06158699840307236 0.06231100112199783 0.13972699642181396
v 0.06290200352668762 0.07997799664735794 0.13120199739933014
v 0.0630749985575676 0.07796300202608109 0.14175200462341309
v 0.06158699840307236 0.06231100112199783 0.13972699642181396
v 0.0630749985575676 0.07796300202608109 0.14175200462341309
v 0.06259500235319138 0.0687360018491745 0.15188899636268616
v 0.0630749985575676 0.07796300202608109 0.14175200462341309
v 0.0625389963388443 0.0845009982585907 0.15369999408721924
v 0.06259500235319138 0.0687360018491745 0.15188899636268616
v 0.0625389963388443 0.0845009982585907 0.15369999408721924
v 0.06021599844098091 0.09518799930810928 0.14375899732112885
v 0.056324999779462814 0.10458499938249588 0.15580999851226807
v 0.06021599844098091 0.09518799930810928 0.14375899732112885
v 0.05383000150322914 0.10919100046157837 0.14587900042533875
v 0.056324999779462814 0.10458499938249588 0.15580999851226807
v 0.056324999779462814 0.10458499938249588 0.15580999851226807
v 0.05383000150322914 0.10919100046157837 0.14587900042533875
v 0.05123699828982353 0.11303800344467163 0.1582459956407547
v 0.05383000150322914 0.10919100046157837 0.14587900042533875
v 0.04791799932718277 0.11748500168323517 0.14824000000953674
v 0.05123699828982353 0.11303800344467163 0.1582459956407547
v 0.05123699828982353 0.11303800344467163 0.1582459956407547
v 0.04791799932718277 0.11748500168323517 0.14824000000953674
v 0.04572900012135506 0.11948700249195099 0.14980299770832062
v 0.05123699828982353 0.11303800344467163 0.1582459956407547
v 0.04572900012135506 0.11948700249195099 0.14980299770832062
v 0.04917600005865097 0.11522699892520905 0.1601330041885376
v 0.04917600005865097 0.11522699892520905 0.1601330041885376
v 0.04572900012135506 0.11948700249195099 0.14980299770832062
v 0.043049998581409454 0.12072300165891647 0.1511940062046051
v 0.04917600005865097 0.11522699892520905 0.1601330041885376
v 0.043049998581409454 0.12072300165891647 0.1511940062046051
v 0.04530499875545502 0.11636500060558319 0.16218900680541992
v 0.04530499875545502 0.11636500060558319 0.16218900680541992
v 0.043049998581409454 0.12072300165891647 0.1511940062046051
v 0.03393299877643585 0.11612100154161453 0.1623540073633194
v 0.043049998581409454 0.12072300165891647 0.1511940062046051
v 0.03457999974489212 0.1208219975233078 0.15103599429130554
v 0.03393299877643585 0.11612100154161453 0.1623540073633194
v 0.03393299877643585 0.11612100154161453 0.1623540073633194
v 0.03457999974489212 0.1208219975233078 0.15103599429130554
v 0.022708000615239143 0.1208219975233078 0.15031099319458008
v 0.03393299877643585 0.11612100154161453 0.1623540073633194
v 0.022708000615239143 0.1208219975233078 0.15031099319458008
v 0.021511999890208244 0.1161699965596199 0.1614769995212555
v 0.021511999890208244 0.1161699965596199 0.1614769995212555
v 0.022708000615239143 0.1208219975233078 0.15031099319458008
v 0.009418999776244164 0.12046100199222565 0.1503939926624298
v 0.021511999890208244 0.1161699965596199 0.1614769995212555
v 0.009418999776244164 0.12046100199222565 0.1503939926624298
v 0.007567000109702349 0.11555500328540802 0.16214799880981445
v 0.007567000109702349 0.11555500328540802 0.16214799880981445
v 0.009418999776244164 0.12046100199222565 0.1503939926624298
v -0.009438999928534031 0.11988099664449692 0.1506730020046234
v 0.007567000109702349 0.11555500328540802 0.16214799880981445
v -0.009438999928534031 0.11988099664449692 0.1506730020046234
v -0.011215999722480774 0.1150669977068901 0.16221000254154205
v -0.011215999722480774 0.1150669977068901 0.16221000254154205
v -0.009438999928534031 0.11988099664449692 0.1506730020046234
v -0.026103999465703964 0.11972100287675858 0.15004999935626984
v -0.011215999722480774 0.1150669977068901 0.16221000254154205
v -0.026103999465703964 0.11972100287675858 0.15004999935626984
v -0.029019000008702278 0.11494199931621552 0.16143399477005005
v -0.029019000008702278 0.11494199931621552 0.16143399477005005
v -0.026103999465703964 0.11972100287675858 0.15004999935626984
v -0.039406999945640564 0.11918800324201584 0.15060000121593475
v -0.029019000008702278 0.11494199931621552 0.16143399477005005
v -0.039406999945640564 0.11918800324201584 0.15060000121593475
v -0.0409110002219677 0.11480599641799927 0.16104599833488464
v -0.0409110002219677 0.11480599641799927 0.16104599833488464
v -0.039406999945640564 0.11918800324201584 0.15060000121593475
v -0.04372600093483925 0.11909600347280502 0.15022900700569153
v -0.0409110002219677 0.11480599641799927 0.16104599833488464
v -0.04372600093483925 0.11909600347280502 0.15022900700569153
v -0.0474420003592968 0.1145939975976944 0.16061200201511383
v -0.0474420003592968 0.1145939975976944 0.16061200201511383
v -0.04372600093483925 0.11909600347280502 0.15022900700569153
v -0.0470849983394146 0.11828099936246872 0.14717799425125122
v -0.0474420003592968 0.1145939975976944 0.16061200201511383
v -0.0470849983394146 0.11828099936246872 0.14717799425125122
v -0.05186399817466736 0.11224599927663803 0.15934699773788452
v -0.05186399817466736 0.11224599927663803 0.15934699773788452
v -0.0470849983394146 0.11828099936246872 0.14717799425125122
v -0.0543770007789135 0.10761599987745285 0.14344200491905212
v -0.05186399817466736 0.11224599927663803 0.15934699773788452
v -0.0543770007789135 0.10761599987745285 0.14344200491905212
v -0.059415001422166824 0.09739100188016891 0.15461400151252747
v -0.06293600052595139 0.07863400131464005 0.1403300017118454
v -0.06244499981403351 0.08264199644327164 0.1490900069475174
v -0.0607060007750988 0.09314599633216858 0.14155299961566925
v -0.06244499981403351 0.08264199644327164 0.1490900069475174
v -0.059415001422166824 0.09739100188016891 0.15461400151252747
v -0.0607060007750988 0.09314599633216858 0.14155299961566925
v 0.06259500235319138 0.0687360018491745 0.15188899636268616
v 0.0625389963388443 0.0845009982585907 0.15369999408721924
v 0.06308799982070923 0.07204999774694443 0.16652299463748932
v 0.0625389963388443 0.0845009982585907 0.15369999408721924
v 0.06141100078821182 0.09089100360870361 0.17145699262619019
v 0.06308799982070923 0.07204999774694443 0.16652299463748932
v 0.055240001529455185 0.10669100284576416 0.17634600400924683
v 0.06141100078821182 0.09089100360870361 0.17145699262619019
v 0.056324999779462814 0.10458499938249588 0.15580999851226807
v 0.055240001529455185 0.10669100284576416 0.17634600400924683
v 0.056324999779462814 0.10458499938249588 0.15580999851226807
v 0.05123699828982353 0.11303800344467163 0.1582459956407547
v 0.05281300097703934 0.10866600275039673 0.17857199907302856
v 0.055240001529455185 0.10669100284576416 0.17634600400924683
v 0.04917600005865097 0.11522699892520905 0.1601330041885376
v 0.055240001529455185 0.10669100284576416 0.17634600400924683
v 0.05123699828982353 0.11303800344467163 0.1582459956407547
v 0.04917600005865097 0.11522699892520905 0.1601330041885376
v 0.048719000071287155 0.10952799767255783 0.17968599498271942
v 0.05281300097703934 0.10866600275039673 0.17857199907302856
v 0.04530499875545502 0.11636500060558319 0.16218900680541992
v 0.05281300097703934 0.10866600275039673 0.17857199907302856
v 0.04917600005865097 0.11522699892520905 0.1601330041885376
v 0.04530499875545502 0.11636500060558319 0.16218900680541992
v 0.03265099972486496 0.10861200094223022 0.1808830052614212
v 0.04249899834394455 0.10911700129508972 0.18023499846458435
v 0.03393299877643585 0.11612100154161453 0.1623540073633194
v 0.04249899834394455 0.10911700129508972 0.18023499846458435
v 0.04530499875545502 0.11636500060558319 0.16218900680541992
v 0.03393299877643585 0.11612100154161453 0.1623540073633194
v 0.01975099928677082 0.10857299715280533 0.18019799888134003
v 0.03265099972486496 0.10861200094223022 0.1808830052614212
v 0.021511999890208244 0.1161699965596199 0.1614769995212555
v 0.03265099972486496 0.10861200094223022 0.1808830052614212
v 0.03393299877643585 0.11612100154161453 0.1623540073633194
v 0.021511999890208244 0.1161699965596199 0.1614769995212555
v 0.003996000159531832 0.10835900157690048 0.1797650009393692
v 0.01975099928677082 0.10857299715280533 0.18019799888134003
v 0.007567000109702349 0.11555500328540802 0.16214799880981445
v 0.01975099928677082 0.10857299715280533 0.18019799888134003
v 0.021511999890208244 0.1161699965596199 0.1614769995212555
v 0.007567000109702349 0.11555500328540802 0.16214799880981445
v -0.013039999641478062 0.10815999656915665 0.1792220026254654
v 0.003996000159531832 0.10835900157690048 0.1797650009393692
v -0.011215999722480774 0.1150669977068901 0.16221000254154205
v 0.003996000159531832 0.10835900157690048 0.1797650009393692
v 0.007567000109702349 0.11555500328540802 0.16214799880981445
v -0.011215999722480774 0.1150669977068901 0.16221000254154205
v -0.030419999733567238 0.10816700011491776 0.17814600467681885
v -0.013039999641478062 0.10815999656915665 0.1792220026254654
v -0.029019000008702278 0.11494199931621552 0.16143399477005005
v -0.013039999641478062 0.10815999656915665 0.1792220026254654
v -0.011215999722480774 0.1150669977068901 0.16221000254154205
v -0.029019000008702278 0.11494199931621552 0.16143399477005005
v -0.04095499962568283 0.10840599983930588 0.1769140064716339
v -0.030419999733567238 0.10816700011491776 0.17814600467681885
v -0.029019000008702278 0.11494199931621552 0.16143399477005005
v -0.04095499962568283 0.10840599983930588 0.1769140064716339
v -0.029019000008702278 0.11494199931621552 0.16143399477005005
v -0.0409110002219677 0.11480599641799927 0.16104599833488464
v -0.04947299882769585 0.10926000028848648 0.1747100055217743
v -0.04095499962568283 0.10840599983930588 0.1769140064716339
v -0.0409110002219677 0.11480599641799927 0.16104599833488464
v -0.04947299882769585 0.10926000028848648 0.1747100055217743
v -0.0409110002219677 0.11480599641799927 0.16104599833488464
v -0.0474420003592968 0.1145939975976944 0.16061200201511383
v -0.05562499910593033 0.10615900158882141 0.17274799942970276
v -0.04947299882769585 0.10926000028848648 0.1747100055217743
v -0.05186399817466736 0.11224599927663803 0.15934699773788452
v -0.04947299882769585 0.10926000028848648 0.1747100055217743
v -0.0474420003592968 0.1145939975976944 0.16061200201511383
v -0.05186399817466736 0.11224599927663803 0.15934699773788452
v -0.05827099829912186 0.0958779975771904 0.16520200669765472
v -0.05562499910593033 0.10615900158882141 0.17274799942970276
v -0.05186399817466736 0.11224599927663803 0.15934699773788452
v -0.05827099829912186 0.0958779975771904 0.16520200669765472
v -0.05186399817466736 0.11224599927663803 0.15934699773788452
v -0.059415001422166824 0.09739100188016891 0.15461400151252747
v -0.06244499981403351 0.08264199644327164 0.1490900069475174
v -0.0620420016348362 0.08658300340175629 0.15883700549602509
v -0.059415001422166824 0.09739100188016891 0.15461400151252747
v -0.0620420016348362 0.08658300340175629 0.15883700549602509
v -0.05827099829912186 0.0958779975771904 0.16520200669765472
v -0.059415001422166824 0.09739100188016891 0.15461400151252747
v -0.05274299904704094 0.10282599925994873 0.1897670030593872
v -0.04947299882769585 0.10926000028848648 0.1747100055217743
v -0.05857999995350838 0.10009600222110748 0.18514999747276306
v -0.04947299882769585 0.10926000028848648 0.1747100055217743
v -0.05562499910593033 0.10615900158882141 0.17274799942970276
v -0.05857999995350838 0.10009600222110748 0.18514999747276306
v -0.04298299923539162 0.10293299704790115 0.18988700211048126
v -0.04095499962568283 0.10840599983930588 0.1769140064716339
v -0.04947299882769585 0.10926000028848648 0.1747100055217743
v -0.04298299923539162 0.10293299704790115 0.18988700211048126
v -0.04947299882769585 0.10926000028848648 0.1747100055217743
v -0.05274299904704094 0.10282599925994873 0.1897670030593872
v -0.030141999945044518 0.10266400128602982 0.1910640001296997
v -0.030419999733567238 0.10816700011491776 0.17814600467681885
v -0.04298299923539162 0.10293299704790115 0.18988700211048126
v -0.030419999733567238 0.10816700011491776 0.17814600467681885
v -0.04095499962568283 0.10840599983930588 0.1769140064716339
v -0.04298299923539162 0.10293299704790115 0.18988700211048126
v -0.012873000465333462 0.10307499766349792 0.19108900427818298
v -0.013039999641478062 0.10815999656915665 0.1792220026254654
v -0.030141999945044518 0.10266400128602982 0.1910640001296997
v -0.013039999641478062 0.10815999656915665 0.1792220026254654
v -0.030419999733567238 0.10816700011491776 0.17814600467681885
v -0.030141999945044518 0.10266400128602982 0.1910640001296997
v 0.0041229999624192715 0.10325600206851959 0.19148699939250946
v 0.003996000159531832 0.10835900157690048 0.1797650009393692
v -0.012873000465333462 0.10307499766349792 0.19108900427818298
v 0.003996000159531832 0.10835900157690048 0.1797650009393692
v -0.013039999641478062 0.10815999656915665 0.1792220026254654
v -0.012873000465333462 0.10307499766349792 0.19108900427818298
v 0.019241999834775925 0.10322900116443634 0.19218799471855164
v 0.01975099928677082 0.10857299715280533 0.18019799888134003
v 0.0041229999624192715 0.10325600206851959 0.19148699939250946
v 0.01975099928677082 0.10857299715280533 0.18019799888134003
v 0.003996000159531832 0.10835900157690048 0.1797650009393692
v 0.0041229999624192715 0.10325600206851959 0.19148699939250946
v 0.031957000494003296 0.10333900153636932 0.19269700348377228
v 0.03265099972486496 0.10861200094223022 0.1808830052614212
v 0.01975099928677082 0.10857299715280533 0.18019799888134003
v 0.031957000494003296 0.10333900153636932 0.19269700348377228
v 0.01975099928677082 0.10857299715280533 0.18019799888134003
v 0.019241999834775925 0.10322900116443634 0.19218799471855164
v 0.042525000870227814 0.10457199811935425 0.19099000096321106
v 0.04249899834394455 0.10911700129508972 0.18023499846458435
v 0.03265099972486496 0.10861200094223022 0.1808830052614212
v 0.042525000870227814 0.10457199811935425 0.19099000096321106
v 0.03265099972486496 0.10861200094223022 0.1808830052614212
v 0.031957000494003296 0.10333900153636932 0.19269700348377228
v 0.050547998398542404 0.10462299734354019 0.191211998462677
v 0.048719000071287155 0.10952799767255783 0.17968599498271942
v 0.042525000870227814 0.10457199811935425 0.19099000096321106
v 0.048719000071287155 0.10952799767255783 0.17968599498271942
v 0.04249899834394455 0.10911700129508972 0.18023499846458435
v 0.042525000870227814 0.10457199811935425 0.19099000096321106
v 0.055296000093221664 0.10361000150442123 0.1910489946603775
v 0.05281300097703934 0.10866600275039673 0.17857199907302856
v 0.050547998398542404 0.10462299734354019 0.191211998462677
v 0.05281300097703934 0.10866600275039673 0.17857199907302856
v 0.048719000071287155 0.10952799767255783 0.17968599498271942
v 0.050547998398542404 0.10462299734354019 0.191211998462677
v 0.05842899903655052 0.10058999806642532 0.18734799325466156
v 0.055240001529455185 0.10669100284576416 0.17634600400924683
v 0.05281300097703934 0.10866600275039673 0.17857199907302856
v 0.05842899903655052 0.10058999806642532 0.18734799325466156
v 0.05281300097703934 0.10866600275039673 0.17857199907302856
v 0.055296000093221664 0.10361000150442123 0.1910489946603775
v 0.06250300258398056 0.08602000027894974 0.18485599756240845
v 0.06141100078821182 0.09089100360870361 0.17145699262619019
v 0.05842899903655052 0.10058999806642532 0.18734799325466156
v 0.06141100078821182 0.09089100360870361 0.17145699262619019
v 0.055240001529455185 0.10669100284576416 0.17634600400924683
v 0.05842899903655052 0.10058999806642532 0.18734799325466156
v 0.06312999874353409 0.07248800247907639 0.18188700079917908
v 0.06308799982070923 0.07204999774694443 0.16652299463748932
v 0.06141100078821182 0.09089100360870361 0.17145699262619019
v 0.06312999874353409 0.07248800247907639 0.18188700079917908
v 0.06141100078821182 0.09089100360870361 0.17145699262619019
v 0.06250300258398056 0.08602000027894974 0.18485599756240845
v -0.062189001590013504 0.0868770033121109 0.173008993268013
v -0.06214100122451782 0.08698199689388275 0.18539899587631226
v -0.05857999995350838 0.10009600222110748 0.18514999747276306
v -0.06214100122451782 0.08698199689388275 0.18539899587631226
v -0.06049399822950363 0.09440500289201736 0.19468499720096588
v -0.05857999995350838 0.10009600222110748 0.18514999747276306
v -0.05387900024652481 0.0963200032711029 0.19942300021648407
v -0.05274299904704094 0.10282599925994873 0.1897670030593872
v -0.06049399822950363 0.09440500289201736 0.19468499720096588
v -0.05274299904704094 0.10282599925994873 0.1897670030593872
v -0.05857999995350838 0.10009600222110748 0.18514999747276306
v -0.06049399822950363 0.09440500289201736 0.19468499720096588
v -0.05387900024652481 0.0963200032711029 0.19942300021648407
v -0.043170999735593796 0.09543000161647797 0.20059999823570251
v -0.04298299923539162 0.10293299704790115 0.18988700211048126
v -0.05387900024652481 0.0963200032711029 0.19942300021648407
v -0.04298299923539162 0.10293299704790115 0.18988700211048126
v -0.05274299904704094 0.10282599925994873 0.1897670030593872
v -0.029431000351905823 0.09516800194978714 0.20125800371170044
v -0.030141999945044518 0.10266400128602982 0.1910640001296997
v -0.043170999735593796 0.09543000161647797 0.20059999823570251
v -0.030141999945044518 0.10266400128602982 0.1910640001296997
v -0.04298299923539162 0.10293299704790115 0.18988700211048126
v -0.043170999735593796 0.09543000161647797 0.20059999823570251
v -0.012966999784111977 0.09420499950647354 0.20262299478054047
v -0.012873000465333462 0.10307499766349792 0.19108900427818298
v -0.029431000351905823 0.09516800194978714 0.20125800371170044
v -0.012873000465333462 0.10307499766349792 0.19108900427818298
v -0.030141999945044518 0.10266400128602982 0.1910640001296997
v -0.029431000351905823 0.09516800194978714 0.20125800371170044
v 0.0036120000295341015 0.09429699927568436 0.2029380053281784
v 0.0041229999624192715 0.10325600206851959 0.19148699939250946
v -0.012873000465333462 0.10307499766349792 0.19108900427818298
v 0.0036120000295341015 0.09429699927568436 0.2029380053281784
v -0.012873000465333462 0.10307499766349792 0.19108900427818298
v -0.012966999784111977 0.09420499950647354 0.20262299478054047
v 0.018748000264167786 0.09449099749326706 0.20311500132083893
v 0.019241999834775925 0.10322900116443634 0.19218799471855164
v 0.0041229999624192715 0.10325600206851959 0.19148699939250946
v 0.018748000264167786 0.09449099749326706 0.20311500132083893
v 0.0041229999624192715 0.10325600206851959 0.19148699939250946
v 0.0036120000295341015 0.09429699927568436 0.2029380053281784
v 0.0323759987950325 0.09554900228977203 0.20241199433803558
v 0.031957000494003296 0.10333900153636932 0.19269700348377228
v 0.019241999834775925 0.10322900116443634 0.19218799471855164
v 0.0323759987950325 0.09554900228977203 0.20241199433803558
v 0.019241999834775925 0.10322900116443634 0.19218799471855164
v 0.018748000264167786 0.09449099749326706 0.20311500132083893
v 0.043122000992298126 0.09679500013589859 0.20142300426959991
v 0.042525000870227814 0.10457199811935425 0.19099000096321106
v 0.031957000494003296 0.10333900153636932 0.19269700348377228
v 0.043122000992298126 0.09679500013589859 0.20142300426959991
v 0.031957000494003296 0.10333900153636932 0.19269700348377228
v 0.0323759987950325 0.09554900228977203 0.20241199433803558
v 0.05252400040626526 0.09822899848222733 0.20037199556827545
v 0.050547998398542404 0.10462299734354019 0.191211998462677
v 0.043122000992298126 0.09679500013589859 0.20142300426959991
v 0.050547998398542404 0.10462299734354019 0.191211998462677
v 0.042525000870227814 0.10457199811935425 0.19099000096321106
v 0.043122000992298126 0.09679500013589859 0.20142300426959991
v 0.05252400040626526 0.09822899848222733 0.20037199556827545
v 0.057686999440193176 0.09732300043106079 0.1991019994020462
v 0.055296000093221664 0.10361000150442123 0.1910489946603775
v 0.05252400040626526 0.09822899848222733 0.20037199556827545
v 0.055296000093221664 0.10361000150442123 0.1910489946603775
v 0.050547998398542404 0.10462299734354019 0.191211998462677
v 0.057686999440193176 0.09732300043106079 0.1991019994020462
v 0.06059100106358528 0.09421800076961517 0.19599199295043945
v 0.055296000093221664 0.10361000150442123 0.1910489946603775
v 0.06059100106358528 0.09421800076961517 0.19599199295043945
v 0.05842899903655052 0.10058999806642532 0.18734799325466156
v 0.055296000093221664 0.10361000150442123 0.1910489946603775
v 0.06059100106358528 0.09421800076961517 0.19599199295043945
v 0.06304900348186493 0.08225999772548676 0.19408300518989563
v 0.06250300258398056 0.08602000027894974 0.18485599756240845
v 0.06059100106358528 0.09421800076961517 0.19599199295043945
v 0.06250300258398056 0.08602000027894974 0.18485599756240845
v 0.05842899903655052 0.10058999806642532 0.18734799325466156
v 0.06312999874353409 0.07248800247907639 0.18188700079917908
v 0.06250300258398056 0.08602000027894974 0.18485599756240845
v 0.06304900348186493 0.08225999772548676 0.19408300518989563
v 0.06312999874353409 0.07248800247907639 0.18188700079917908
v 0.06304900348186493 0.08225999772548676 0.19408300518989563
v 0.0631909966468811 0.07297000288963318 0.1936960071325302
v -0.04244399815797806 0.08741900324821472 0.20779800415039062
v -0.029193000867962837 0.08805999904870987 0.20757199823856354
v -0.029431000351905823 0.09516800194978714 0.20125800371170044
v -0.04244399815797806 0.08741900324821472 0.20779800415039062
v -0.029431000351905823 0.09516800194978714 0.20125800371170044
v -0.043170999735593796 0.09543000161647797 0.20059999823570251
v -0.029193000867962837 0.08805999904870987 0.20757199823856354
v -0.01369599997997284 0.08672399818897247 0.20875999331474304
v -0.012966999784111977 0.09420499950647354 0.20262299478054047
v -0.029193000867962837 0.08805999904870987 0.20757199823856354
v -0.012966999784111977 0.09420499950647354 0.20262299478054047
v -0.029431000351905823 0.09516800194978714 0.20125800371170044
v -0.01369599997997284 0.08672399818897247 0.20875999331474304
v 0.003117999993264675 0.08655700087547302 0.20916099846363068
v -0.012966999784111977 0.09420499950647354 0.20262299478054047
v 0.003117999993264675 0.08655700087547302 0.20916099846363068
v 0.0036120000295341015 0.09429699927568436 0.2029380053281784
v -0.012966999784111977 0.09420499950647354 0.20262299478054047
v 0.003117999993264675 0.08655700087547302 0.20916099846363068
v 0.019318999722599983 0.08636900037527084 0.20956599712371826
v 0.018748000264167786 0.09449099749326706 0.20311500132083893
v 0.003117999993264675 0.08655700087547302 0.20916099846363068
v 0.018748000264167786 0.09449099749326706 0.20311500132083893
v 0.0036120000295341015 0.09429699927568436 0.2029380053281784
v 0.019318999722599983 0.08636900037527084 0.20956599712371826
v 0.03361799940466881 0.08680199831724167 0.20943200588226318
v 0.0323759987950325 0.09554900228977203 0.20241199433803558
v 0.019318999722599983 0.08636900037527084 0.20956599712371826
v 0.0323759987950325 0.09554900228977203 0.20241199433803558
v 0.018748000264167786 0.09449099749326706 0.20311500132083893
v 0.03361799940466881 0.08680199831724167 0.20943200588226318
v 0.04466100037097931 0.08706299960613251 0.20928800106048584
v 0.043122000992298126 0.09679500013589859 0.20142300426959991
v 0.03361799940466881 0.08680199831724167 0.20943200588226318
v 0.043122000992298126 0.09679500013589859 0.20142300426959991
v 0.0323759987950325 0.09554900228977203 0.20241199433803558
v 0.033254001289606094 0.07760199904441833 0.21456000208854675
v 0.04402400180697441 0.07748900353908539 0.21434900164604187
v 0.03361799940466881 0.08680199831724167 0.20943200588226318
v 0.04402400180697441 0.07748900353908539 0.21434900164604187
v 0.04466100037097931 0.08706299960613251 0.20928800106048584
v 0.03361799940466881 0.08680199831724167 0.20943200588226318
v 0.033254001289606094 0.07760199904441833 0.21456000208854675
v 0.03361799940466881 0.08680199831724167 0.20943200588226318
v 0.019318999722599983 0.08636900037527084 0.20956599712371826
v 0.033254001289606094 0.07760199904441833 0.21456000208854675
v 0.019318999722599983 0.08636900037527084 0.20956599712371826
v 0.01916000060737133 0.07760199904441833 0.21456000208854675
v 0.01916000060737133 0.07760199904441833 0.21456000208854675
v 0.019318999722599983 0.08636900037527084 0.20956599712371826
v 0.0030410001054406166 0.0781169980764389 0.21399499475955963
v 0.019318999722599983 0.08636900037527084 0.20956599712371826
v 0.003117999993264675 0.08655700087547302 0.20916099846363068
v 0.0030410001054406166 0.0781169980764389 0.21399499475955963
v 0.0030410001054406166 0.0781169980764389 0.21399499475955963
v 0.003117999993264675 0.08655700087547302 0.20916099846363068
v -0.01369599997997284 0.08672399818897247 0.20875999331474304
v 0.0030410001054406166 0.0781169980764389 0.21399499475955963
v -0.01369599997997284 0.08672399818897247 0.20875999331474304
v -0.014135999605059624 0.07819999754428864 0.21369700133800507
v -0.014135999605059624 0.07819999754428864 0.21369700133800507
v -0.01369599997997284 0.08672399818897247 0.20875999331474304
v -0.03022100031375885 0.07897700369358063 0.2131109982728958
v -0.01369599997997284 0.08672399818897247 0.20875999331474304
v -0.029193000867962837 0.08805999904870987 0.20757199823856354
v -0.03022100031375885 0.07897700369358063 0.2131109982728958
v -0.03022100031375885 0.07897700369358063 0.2131109982728958
v -0.029193000867962837 0.08805999904870987 0.20757199823856354
v -0.04244399815797806 0.08741900324821472 0.20779800415039062
v -0.03022100031375885 0.07897700369358063 0.2131109982728958
v -0.04244399815797806 0.08741900324821472 0.20779800415039062
v -0.04329900071024895 0.07972999662160873 0.21259699761867523
v -0.05492600053548813 0.08724900335073471 0.20779700577259064
v -0.04244399815797806 0.08741900324821472 0.20779800415039062
v -0.043170999735593796 0.09543000161647797 0.20059999823570251
v -0.05492600053548813 0.08724900335073471 0.20779700577259064
v -0.043170999735593796 0.09543000161647797 0.20059999823570251
v -0.05387900024652481 0.0963200032711029 0.19942300021648407
v -0.04329900071024895 0.07972999662160873 0.21259699761867523
v -0.04244399815797806 0.08741900324821472 0.20779800415039062
v -0.05492600053548813 0.08724900335073471 0.20779700577259064
v -0.04329900071024895 0.07972999662160873 0.21259699761867523
v -0.05492600053548813 0.08724900335073471 0.20779700577259064
v -0.05451500043272972 0.07744500041007996 0.213469997048378
v 0.054558999836444855 0.08971399813890457 0.20807799696922302
v 0.05252400040626526 0.09822899848222733 0.20037199556827545
v 0.043122000992298126 0.09679500013589859 0.20142300426959991
v 0.054558999836444855 0.08971399813890457 0.20807799696922302
v 0.043122000992298126 0.09679500013589859 0.20142300426959991
v 0.04466100037097931 0.08706299960613251 0.20928800106048584
v 0.04402400180697441 0.07748900353908539 0.21434900164604187
v 0.055052999407052994 0.07791599631309509 0.2146490067243576
v 0.04466100037097931 0.08706299960613251 0.20928800106048584
v 0.055052999407052994 0.07791599631309509 0.2146490067243576
v 0.054558999836444855 0.08971399813890457 0.20807799696922302
v 0.04466100037097931 0.08706299960613251 0.20928800106048584
v -0.06214499846100807 0.08598200231790543 0.20207099616527557
v -0.05492600053548813 0.08724900335073471 0.20779700577259064
v -0.05387900024652481 0.0963200032711029 0.19942300021648407
v -0.06214499846100807 0.08598200231790543 0.20207099616527557
v -0.05387900024652481 0.0963200032711029 0.19942300021648407
v -0.06049399822950363 0.09440500289201736 0.19468499720096588
v -0.06252700090408325 0.08019600063562393 0.20505599677562714
v -0.05451500043272972 0.07744500041007996 0.213469997048378
v -0.05492600053548813 0.08724900335073471 0.20779700577259064
v -0.06252700090408325 0.08019600063562393 0.20505599677562714
v -0.05492600053548813 0.08724900335073471 0.20779700577259064
v -0.06214499846100807 0.08598200231790543 0.20207099616527557
v 0.05933799967169762 0.0891759991645813 0.206276997923851
v 0.062196001410484314 0.08639100193977356 0.20282000303268433
v 0.06059100106358528 0.09421800076961517 0.19599199295043945
v 0.05933799967169762 0.0891759991645813 0.206276997923851
v 0.06059100106358528 0.09421800076961517 0.19599199295043945
v 0.057686999440193176 0.09732300043106079 0.1991019994020462
v 0.054558999836444855 0.08971399813890457 0.20807799696922302
v 0.05933799967169762 0.0891759991645813 0.206276997923851
v 0.057686999440193176 0.09732300043106079 0.1991019994020462
v 0.054558999836444855 0.08971399813890457 0.20807799696922302
v 0.057686999440193176 0.09732300043106079 0.1991019994020462
v 0.05252400040626526 0.09822899848222733 0.20037199556827545
v 0.055052999407052994 0.07791599631309509 0.2146490067243576
v 0.05950799956917763 0.07735999673604965 0.21277600526809692
v 0.054558999836444855 0.08971399813890457 0.20807799696922302
v 0.05950799956917763 0.07735999673604965 0.21277600526809692
v 0.05933799967169762 0.0891759991645813 0.206276997923851
v 0.054558999836444855 0.08971399813890457 0.20807799696922302
v 0.05950799956917763 0.07735999673604965 0.21277600526809692
v 0.06267099827528 0.07510200142860413 0.20917299389839172
v 0.062196001410484314 0.08639100193977356 0.20282000303268433
v 0.05950799956917763 0.07735999673604965 0.21277600526809692
v 0.062196001410484314 0.08639100193977356 0.20282000303268433
v 0.05933799967169762 0.0891759991645813 0.206276997923851
v 0.06267099827528 0.07510200142860413 0.20917299389839172
v 0.06158199906349182 0.06275299936532974 0.21222999691963196
v 0.062279000878334045 0.06500899791717529 0.20546899735927582
v 0.06267099827528 0.07510200142860413 0.20917299389839172
v 0.062279000878334045 0.06500899791717529 0.20546899735927582
v 0.06315100193023682 0.0730070024728775 0.2026890069246292
v 0.062279000878334045 0.06500899791717529 0.20546899735927582
v 0.06288400292396545 0.06985899806022644 0.19476599991321564
v 0.06315100193023682 0.0730070024728775 0.2026890069246292
v 0.06288400292396545 0.06985899806022644 0.19476599991321564
v 0.0631909966468811 0.07297000288963318 0.1936960071325302
v 0.06315100193023682 0.0730070024728775 0.2026890069246292
v 0.06280999630689621 0.06860300153493881 0.16796299815177917
v 0.062345001846551895 0.062376998364925385 0.1546739935874939
v 0.06308799982070923 0.07204999774694443 0.16652299463748932
v 0.062345001846551895 0.062376998364925385 0.1546739935874939
v 0.06259500235319138 0.0687360018491745 0.15188899636268616
v 0.06308799982070923 0.07204999774694443 0.16652299463748932
v 0.062345001846551895 0.062376998364925385 0.1546739935874939
v 0.061420999467372894 0.05378499999642372 0.1442060023546219
v 0.06158699840307236 0.06231100112199783 0.13972699642181396
v 0.062345001846551895 0.062376998364925385 0.1546739935874939
v 0.06158699840307236 0.06231100112199783 0.13972699642181396
v 0.06259500235319138 0.0687360018491745 0.15188899636268616
v 0.061420999467372894 0.05378499999642372 0.1442060023546219
v 0.05998000130057335 0.04562000185251236 0.13672299683094025
v 0.0589819997549057 0.04988100007176399 0.13151000440120697
v 0.061420999467372894 0.05378499999642372 0.1442060023546219
v 0.0589819997549057 0.04988100007176399 0.13151000440120697
v 0.06158699840307236 0.06231100112199783 0.13972699642181396
v 0.057718999683856964 0.03951900079846382 0.1304679960012436
v 0.05653899908065796 0.04384699836373329 0.12573300302028656
v 0.0589819997549057 0.04988100007176399 0.13151000440120697
v 0.057718999683856964 0.03951900079846382 0.1304679960012436
v 0.0589819997549057 0.04988100007176399 0.13151000440120697
v 0.05998000130057335 0.04562000185251236 0.13672299683094025
v 0.060061998665332794 0.03160899877548218 0.13441400229930878
v 0.06318099796772003 0.03838299959897995 0.14213499426841736
v 0.06465999782085419 0.02993999980390072 0.14620600640773773
v 0.06318099796772003 0.03838299959897995 0.14213499426841736
v 0.06434900313615799 0.036719001829624176 0.1476619988679886
v 0.06465999782085419 0.02993999980390072 0.14620600640773773
v 0.06318099796772003 0.03838299959897995 0.14213499426841736
v 0.06355699896812439 0.04722199961543083 0.1505720019340515
v 0.06434900313615799 0.036719001829624176 0.1476619988679886
v 0.06355699896812439 0.04722199961543083 0.1505720019340515
v 0.06410200148820877 0.04576300084590912 0.15210799872875214
v 0.06434900313615799 0.036719001829624176 0.1476619988679886
v 0.06355699896812439 0.04722199961543083 0.1505720019340515
v 0.06358999758958817 0.05461699888110161 0.1596899926662445
v 0.0639370009303093 0.05350600183010101 0.16036899387836456
v 0.06355699896812439 0.04722199961543083 0.1505720019340515
v 0.0639370009303093 0.05350600183010101 0.16036899387836456
v 0.06410200148820877 0.04576300084590912 0.15210799872875214
v 0.06358999758958817 0.05461699888110161 0.1596899926662445
v 0.06345099955797195 0.05978599935770035 0.17091499269008636
v 0.06394699960947037 0.058003999292850494 0.17103099822998047
v 0.06358999758958817 0.05461699888110161 0.1596899926662445
v 0.06394699960947037 0.058003999292850494 0.17103099822998047
v 0.0639370009303093 0.05350600183010101 0.16036899387836456
v 0.06345099955797195 0.05978599935770035 0.17091499269008636
v 0.06327000260353088 0.061983998864889145 0.1815830022096634
v 0.06380700320005417 0.05876699835062027 0.1816290020942688
v 0.06345099955797195 0.05978599935770035 0.17091499269008636
v 0.06380700320005417 0.05876699835062027 0.1816290020942688
v 0.06394699960947037 0.058003999292850494 0.17103099822998047
v 0.06327000260353088 0.061983998864889145 0.1815830022096634
v 0.06315299868583679 0.060214001685380936 0.19175300002098083
v 0.06380700320005417 0.05876699835062027 0.1816290020942688
v 0.06315299868583679 0.060214001685380936 0.19175300002098083
v 0.06386499851942062 0.05610400065779686 0.19066299498081207
v 0.06380700320005417 0.05876699835062027 0.1816290020942688
v 0.06315299868583679 0.060214001685380936 0.19175300002098083
v 0.06306000053882599 0.0537710003554821 0.20293399691581726
v 0.06399600207805634 0.050574999302625656 0.19899199903011322
v 0.06315299868583679 0.060214001685380936 0.19175300002098083
v 0.06399600207805634 0.050574999302625656 0.19899199903011322
v 0.06386499851942062 0.05610400065779686 0.19066299498081207
v 0.06306000053882599 0.0537710003554821 0.20293399691581726
v 0.060917001217603683 0.048870999366045 0.21392899751663208
v 0.06419199705123901 0.04259499907493591 0.2059209942817688
v 0.06306000053882599 0.0537710003554821 0.20293399691581726
v 0.06419199705123901 0.04259499907493591 0.2059209942817688
v 0.06399600207805634 0.050574999302625656 0.19899199903011322
v 0.061834000051021576 0.02037700079381466 0.1366250067949295
v 0.060061998665332794 0.03160899877548218 0.13441400229930878
v 0.06465999782085419 0.02993999980390072 0.14620600640773773
v 0.061834000051021576 0.02037700079381466 0.1366250067949295
v 0.06465999782085419 0.02993999980390072 0.14620600640773773
v 0.064860999584198 0.021432999521493912 0.14652299880981445
v 0.0632530003786087 0.007129000034183264 0.14319999516010284
v 0.061834000051021576 0.02037700079381466 0.1366250067949295
v 0.064860999584198 0.021432999521493912 0.14652299880981445
v 0.0632530003786087 0.007129000034183264 0.14319999516010284
v 0.064860999584198 0.021432999521493912 0.14652299880981445
v 0.065140001475811 0.010688000358641148 0.15060199797153473
v 0.06347700208425522 -0.002082000020891428 0.1506749987602234
v 0.0632530003786087 0.007129000034183264 0.14319999516010284
v 0.065140001475811 0.010688000358641148 0.15060199797153473
v 0.06347700208425522 -0.002082000020891428 0.1506749987602234
v 0.065140001475811 0.010688000358641148 0.15060199797153473
v 0.06519299745559692 0.0033309999853372574 0.15651899576187134
v 0.06366799771785736 -0.007726000156253576 0.15853899717330933
v 0.06347700208425522 -0.002082000020891428 0.1506749987602234
v 0.06519299745559692 0.0033309999853372574 0.15651899576187134
v 0.06366799771785736 -0.007726000156253576 0.15853899717330933
v 0.06519299745559692 0.0033309999853372574 0.15651899576187134
v 0.06530600041151047 -0.001006999984383583 0.16276699304580688
v 0.06353999674320221 -0.012237000279128551 0.16929399967193604
v 0.06366799771785736 -0.007726000156253576 0.15853899717330933
v 0.06530600041151047 -0.001006999984383583 0.16276699304580688
v 0.06353999674320221 -0.012237000279128551 0.16929399967193604
v 0.06530600041151047 -0.001006999984383583 0.16276699304580688
v 0.06538199633359909 -0.004081000108271837 0.17162300646305084
v 0.06374300271272659 -0.0127379996702075 0.1791280061006546
v 0.06353999674320221 -0.012237000279128551 0.16929399967193604
v 0.06538199633359909 -0.004081000108271837 0.17162300646305084
v 0.06374300271272659 -0.0127379996702075 0.1791280061006546
v 0.06538199633359909 -0.004081000108271837 0.17162300646305084
v 0.06540200114250183 -0.004695999901741743 0.17898400127887726
v 0.06382100284099579 -0.010460999794304371 0.19038699567317963
v 0.06374300271272659 -0.0127379996702075 0.1791280061006546
v 0.06540200114250183 -0.004695999901741743 0.17898400127887726
v 0.06382100284099579 -0.010460999794304371 0.19038699567317963
v 0.06540200114250183 -0.004695999901741743 0.17898400127887726
v 0.06538199633359909 -0.003128000069409609 0.18778899312019348
v 0.06369800120592117 -0.006054999772459269 0.19963699579238892
v 0.06382100284099579 -0.010460999794304371 0.19038699567317963
v 0.06536699831485748 0.0005760000203736126 0.19551999866962433
v 0.06382100284099579 -0.010460999794304371 0.19038699567317963
v 0.06538199633359909 -0.003128000069409609 0.18778899312019348
v 0.06536699831485748 0.0005760000203736126 0.19551999866962433
v 0.06337399780750275 0.00017899999511428177 0.20733100175857544
v 0.06369800120592117 -0.006054999772459269 0.19963699579238892
v 0.06513799726963043 0.005539000034332275 0.20142300426959991
v 0.06369800120592117 -0.006054999772459269 0.19963699579238892
v 0.06536699831485748 0.0005760000203736126 0.19551999866962433
v 0.06513799726963043 0.005539000034332275 0.20142300426959991
v 0.06304299831390381 0.006138999946415424 0.21207399666309357
v 0.06337399780750275 0.00017899999511428177 0.20733100175857544
v 0.06501200050115585 0.010273000225424767 0.20495200157165527
v 0.06337399780750275 0.00017899999511428177 0.20733100175857544
v 0.06513799726963043 0.005539000034332275 0.20142300426959991
v 0.06501200050115585 0.010273000225424767 0.20495200157165527
v 0.06274499744176865 0.014031999744474888 0.2159769982099533
v 0.06304299831390381 0.006138999946415424 0.21207399666309357
v 0.06491299718618393 0.01707099936902523 0.2081419974565506
v 0.06304299831390381 0.006138999946415424 0.21207399666309357
v 0.06501200050115585 0.010273000225424767 0.20495200157165527
v 0.06491299718618393 0.01707099936902523 0.2081419974565506
v 0.06271199882030487 0.024389000609517097 0.21820099651813507
v 0.06274499744176865 0.014031999744474888 0.2159769982099533
v 0.06491299718618393 0.01707099936902523 0.2081419974565506
v 0.06271199882030487 0.024389000609517097 0.21820099651813507
v 0.06491299718618393 0.01707099936902523 0.2081419974565506
v 0.06485799700021744 0.025301000103354454 0.20984700322151184
v 0.061838001012802124 0.03566500172019005 0.21778300404548645
v 0.06271199882030487 0.024389000609517097 0.21820099651813507
v 0.06485799700021744 0.025301000103354454 0.20984700322151184
v 0.061838001012802124 0.03566500172019005 0.21778300404548645
v 0.06485799700021744 0.025301000103354454 0.20984700322151184
v 0.06445600092411041 0.03403199836611748 0.2089260071516037
v 0.060917001217603683 0.048870999366045 0.21392899751663208
v 0.061838001012802124 0.03566500172019005 0.21778300404548645
v 0.06419199705123901 0.04259499907493591 0.2059209942817688
v 0.061838001012802124 0.03566500172019005 0.21778300404548645
v 0.06445600092411041 0.03403199836611748 0.2089260071516037
v 0.06419199705123901 0.04259499907493591 0.2059209942817688
v 0.060061998665332794 0.03160899877548218 0.13441400229930878
v 0.057718999683856964 0.03951900079846382 0.1304679960012436
v 0.06318099796772003 0.03838299959897995 0.14213499426841736
v 0.057718999683856964 0.03951900079846382 0.1304679960012436
v 0.05998000130057335 0.04562000185251236 0.13672299683094025
v 0.06318099796772003 0.03838299959897995 0.14213499426841736
v 0.061420999467372894 0.05378499999642372 0.1442060023546219
v 0.06355699896812439 0.04722199961543083 0.1505720019340515
v 0.05998000130057335 0.04562000185251236 0.13672299683094025
v 0.06355699896812439 0.04722199961543083 0.1505720019340515
v 0.06318099796772003 0.03838299959897995 0.14213499426841736
v 0.05998000130057335 0.04562000185251236 0.13672299683094025
v 0.062345001846551895 0.062376998364925385 0.1546739935874939
v 0.06358999758958817 0.05461699888110161 0.1596899926662445
v 0.061420999467372894 0.05378499999642372 0.1442060023546219
v 0.06358999758958817 0.05461699888110161 0.1596899926662445
v 0.06355699896812439 0.04722199961543083 0.1505720019340515
v 0.061420999467372894 0.05378499999642372 0.1442060023546219
v 0.06280999630689621 0.06860300153493881 0.16796299815177917
v 0.06345099955797195 0.05978599935770035 0.17091499269008636
v 0.06358999758958817 0.05461699888110161 0.1596899926662445
v 0.06280999630689621 0.06860300153493881 0.16796299815177917
v 0.06358999758958817 0.05461699888110161 0.1596899926662445
v 0.062345001846551895 0.062376998364925385 0.1546739935874939
v 0.06312999874353409 0.07248800247907639 0.18188700079917908
v 0.06327000260353088 0.061983998864889145 0.1815830022096634
v 0.06280999630689621 0.06860300153493881 0.16796299815177917
v 0.06327000260353088 0.061983998864889145 0.1815830022096634
v 0.06345099955797195 0.05978599935770035 0.17091499269008636
v 0.06280999630689621 0.06860300153493881 0.16796299815177917
v 0.06288400292396545 0.06985899806022644 0.19476599991321564
v 0.06315299868583679 0.060214001685380936 0.19175300002098083
v 0.06327000260353088 0.061983998864889145 0.1815830022096634
v 0.06288400292396545 0.06985899806022644 0.19476599991321564
v 0.06327000260353088 0.061983998864889145 0.1815830022096634
v 0.06312999874353409 0.07248800247907639 0.18188700079917908
v 0.062279000878334045 0.06500899791717529 0.20546899735927582
v 0.06306000053882599 0.0537710003554821 0.20293399691581726
v 0.06315299868583679 0.060214001685380936 0.19175300002098083
v 0.062279000878334045 0.06500899791717529 0.20546899735927582
v 0.06315299868583679 0.060214001685380936 0.19175300002098083
v 0.06288400292396545 0.06985899806022644 0.19476599991321564
v 0.06158199906349182 0.06275299936532974 0.21222999691963196
v 0.060917001217603683 0.048870999366045 0.21392899751663208
v 0.06306000053882599 0.0537710003554821 0.20293399691581726
v 0.06158199906349182 0.06275299936532974 0.21222999691963196
v 0.06306000053882599 0.0537710003554821 0.20293399691581726
v 0.062279000878334045 0.06500899791717529 0.20546899735927582
v 0.05501599982380867 0.03767099976539612 0.12590999901294708
v 0.05438299849629402 0.04303999990224838 0.11798799782991409
v 0.05653899908065796 0.04384699836373329 0.12573300302028656
v 0.05501599982380867 0.03767099976539612 0.12590999901294708
v 0.05653899908065796 0.04384699836373329 0.12573300302028656
v 0.057718999683856964 0.03951900079846382 0.1304679960012436
v 0.057408999651670456 0.028944000601768494 0.13087700307369232
v 0.05501599982380867 0.03767099976539612 0.12590999901294708
v 0.057718999683856964 0.03951900079846382 0.1304679960012436
v 0.057408999651670456 0.028944000601768494 0.13087700307369232
v 0.057718999683856964 0.03951900079846382 0.1304679960012436
v 0.060061998665332794 0.03160899877548218 0.13441400229930878
v 0.05938899889588356 0.01866300031542778 0.13370299339294434
v 0.057408999651670456 0.028944000601768494 0.13087700307369232
v 0.061834000051021576 0.02037700079381466 0.1366250067949295
v 0.057408999651670456 0.028944000601768494 0.13087700307369232
v 0.060061998665332794 0.03160899877548218 0.13441400229930878
v 0.061834000051021576 0.02037700079381466 0.1366250067949295
v 0.061087001115083694 0.0047610001638531685 0.1397639960050583
v 0.05938899889588356 0.01866300031542778 0.13370299339294434
v 0.0632530003786087 0.007129000034183264 0.14319999516010284
v 0.05938899889588356 0.01866300031542778 0.13370299339294434
v 0.061834000051021576 0.02037700079381466 0.1366250067949295
v 0.0632530003786087 0.007129000034183264 0.14319999516010284
v 0.061089999973773956 -0.005073999986052513 0.1482979953289032
v 0.061087001115083694 0.0047610001638531685 0.1397639960050583
v 0.06347700208425522 -0.002082000020891428 0.1506749987602234
v 0.061087001115083694 0.0047610001638531685 0.1397639960050583
v 0.0632530003786087 0.007129000034183264 0.14319999516010284
v 0.06347700208425522 -0.002082000020891428 0.1506749987602234
v 0.0613120011985302 -0.011030999943614006 0.15653300285339355
v 0.061089999973773956 -0.005073999986052513 0.1482979953289032
v 0.06366799771785736 -0.007726000156253576 0.15853899717330933
v 0.061089999973773956 -0.005073999986052513 0.1482979953289032
v 0.06347700208425522 -0.002082000020891428 0.1506749987602234
v 0.06366799771785736 -0.007726000156253576 0.15853899717330933
v 0.06142900139093399 -0.015527999959886074 0.16840100288391113
v 0.0613120011985302 -0.011030999943614006 0.15653300285339355
v 0.06366799771785736 -0.007726000156253576 0.15853899717330933
v 0.06142900139093399 -0.015527999959886074 0.16840100288391113
v 0.06366799771785736 -0.007726000156253576 0.15853899717330933
v 0.06353999674320221 -0.012237000279128551 0.16929399967193604
v 0.06162000074982643 -0.016296999529004097 0.178616002202034
v 0.06142900139093399 -0.015527999959886074 0.16840100288391113
v 0.06353999674320221 -0.012237000279128551 0.16929399967193604
v 0.06162000074982643 -0.016296999529004097 0.178616002202034
v 0.06353999674320221 -0.012237000279128551 0.16929399967193604
v 0.06374300271272659 -0.0127379996702075 0.1791280061006546
v 0.0613120011985302 -0.014561999589204788 0.19108699262142181
v 0.06162000074982643 -0.016296999529004097 0.178616002202034
v 0.06374300271272659 -0.0127379996702075 0.1791280061006546
v 0.0613120011985302 -0.014561999589204788 0.19108699262142181
v 0.06374300271272659 -0.0127379996702075 0.1791280061006546
v 0.06382100284099579 -0.010460999794304371 0.19038699567317963
v 0.061361998319625854 -0.009657000191509724 0.2012300044298172
v 0.0613120011985302 -0.014561999589204788 0.19108699262142181
v 0.06382100284099579 -0.010460999794304371 0.19038699567317963
v 0.061361998319625854 -0.009657000191509724 0.2012300044298172
v 0.06382100284099579 -0.010460999794304371 0.19038699567317963
v 0.06369800120592117 -0.006054999772459269 0.19963699579238892
v 0.06095200031995773 -0.0028800000436604023 0.20973099768161774
v 0.061361998319625854 -0.009657000191509724 0.2012300044298172
v 0.06369800120592117 -0.006054999772459269 0.19963699579238892
v 0.06095200031995773 -0.0028800000436604023 0.20973099768161774
v 0.06369800120592117 -0.006054999772459269 0.19963699579238892
v 0.06337399780750275 0.00017899999511428177 0.20733100175857544
v 0.06083500012755394 0.004091999959200621 0.2148900032043457
v 0.06095200031995773 -0.0028800000436604023 0.20973099768161774
v 0.06337399780750275 0.00017899999511428177 0.20733100175857544
v 0.06083500012755394 0.004091999959200621 0.2148900032043457
v 0.06337399780750275 0.00017899999511428177 0.20733100175857544
v 0.06304299831390381 0.006138999946415424 0.21207399666309357
v 0.06027400121092796 0.012350000441074371 0.2192540019750595
v 0.06083500012755394 0.004091999959200621 0.2148900032043457
v 0.06304299831390381 0.006138999946415424 0.21207399666309357
v 0.06027400121092796 0.012350000441074371 0.2192540019750595
v 0.06304299831390381 0.006138999946415424 0.21207399666309357
v 0.06274499744176865 0.014031999744474888 0.2159769982099533
v 0.06013200059533119 0.023730000481009483 0.22154900431632996
v 0.06027400121092796 0.012350000441074371 0.2192540019750595
v 0.06274499744176865 0.014031999744474888 0.2159769982099533
v 0.06013200059533119 0.023730000481009483 0.22154900431632996
v 0.06274499744176865 0.014031999744474888 0.2159769982099533
v 0.06271199882030487 0.024389000609517097 0.21820099651813507
v 0.05925000086426735 0.03540299832820892 0.22133100032806396
v 0.06013200059533119 0.023730000481009483 0.22154900431632996
v 0.06271199882030487 0.024389000609517097 0.21820099651813507
v 0.05925000086426735 0.03540299832820892 0.22133100032806396
v 0.06271199882030487 0.024389000609517097 0.21820099651813507
v 0.061838001012802124 0.03566500172019005 0.21778300404548645
v 0.05786700174212456 0.04983900114893913 0.21840800344944
v 0.05925000086426735 0.03540299832820892 0.22133100032806396
v 0.061838001012802124 0.03566500172019005 0.21778300404548645
v 0.05786700174212456 0.04983900114893913 0.21840800344944
v 0.061838001012802124 0.03566500172019005 0.21778300404548645
v 0.060917001217603683 0.048870999366045 0.21392899751663208
v 0.059018999338150024 0.0633850023150444 0.21716299653053284
v 0.05786700174212456 0.04983900114893913 0.21840800344944
v 0.06158199906349182 0.06275299936532974 0.21222999691963196
v 0.05786700174212456 0.04983900114893913 0.21840800344944
v 0.060917001217603683 0.048870999366045 0.21392899751663208
v 0.06158199906349182 0.06275299936532974 0.21222999691963196
v 0.05950799956917763 0.07735999673604965 0.21277600526809692
v 0.059018999338150024 0.0633850023150444 0.21716299653053284
v 0.06267099827528 0.07510200142860413 0.20917299389839172
v 0.059018999338150024 0.0633850023150444 0.21716299653053284
v 0.06158199906349182 0.06275299936532974 0.21222999691963196
v 0.06267099827528 0.07510200142860413 0.20917299389839172
v 0.051715001463890076 0.03416600078344345 0.1214660033583641
v 0.05123399943113327 0.03821500018239021 0.11473000049591064
v 0.05438299849629402 0.04303999990224838 0.11798799782991409
v 0.051715001463890076 0.03416600078344345 0.1214660033583641
v 0.05438299849629402 0.04303999990224838 0.11798799782991409
v 0.05501599982380867 0.03767099976539612 0.12590999901294708
v 0.05306899920105934 0.027163999155163765 0.12662699818611145
v 0.051715001463890076 0.03416600078344345 0.1214660033583641
v 0.05501599982380867 0.03767099976539612 0.12590999901294708
v 0.05306899920105934 0.027163999155163765 0.12662699818611145
v 0.05501599982380867 0.03767099976539612 0.12590999901294708
v 0.057408999651670456 0.028944000601768494 0.13087700307369232
v 0.05477299913764 0.017271999269723892 0.1303810030221939
v 0.05306899920105934 0.027163999155163765 0.12662699818611145
v 0.057408999651670456 0.028944000601768494 0.13087700307369232
v 0.05477299913764 0.017271999269723892 0.1303810030221939
v 0.057408999651670456 0.028944000601768494 0.13087700307369232
v 0.05938899889588356 0.01866300031542778 0.13370299339294434
v 0.056320998817682266 0.001006999984383583 0.13770000636577606
v 0.05477299913764 0.017271999269723892 0.1303810030221939
v 0.061087001115083694 0.0047610001638531685 0.1397639960050583
v 0.05477299913764 0.017271999269723892 0.1303810030221939
v 0.05938899889588356 0.01866300031542778 0.13370299339294434
v 0.061087001115083694 0.0047610001638531685 0.1397639960050583
v 0.0566909983754158 -0.008302999660372734 0.14574700593948364
v 0.056320998817682266 0.001006999984383583 0.13770000636577606
v 0.061089999973773956 -0.005073999986052513 0.1482979953289032
v 0.056320998817682266 0.001006999984383583 0.13770000636577606
v 0.061087001115083694 0.0047610001638531685 0.1397639960050583
v 0.061089999973773956 -0.005073999986052513 0.1482979953289032
v 0.05699099972844124 -0.01513999979943037 0.15550099313259125
v 0.0566909983754158 -0.008302999660372734 0.14574700593948364
v 0.0613120011985302 -0.011030999943614006 0.15653300285339355
v 0.0566909983754158 -0.008302999660372734 0.14574700593948364
v 0.061089999973773956 -0.005073999986052513 0.1482979953289032
v 0.0613120011985302 -0.011030999943614006 0.15653300285339355
v 0.057100001722574234 -0.019610999152064323 0.16737499833106995
v 0.05699099972844124 -0.01513999979943037 0.15550099313259125
v 0.06142900139093399 -0.015527999959886074 0.16840100288391113
v 0.05699099972844124 -0.01513999979943037 0.15550099313259125
v 0.0613120011985302 -0.011030999943614006 0.15653300285339355
v 0.06142900139093399 -0.015527999959886074 0.16840100288391113
v 0.057231999933719635 -0.020572999492287636 0.17811399698257446
v 0.057100001722574234 -0.019610999152064323 0.16737499833106995
v 0.06142900139093399 -0.015527999959886074 0.16840100288391113
v 0.057231999933719635 -0.020572999492287636 0.17811399698257446
v 0.06142900139093399 -0.015527999959886074 0.16840100288391113
v 0.06162000074982643 -0.016296999529004097 0.178616002202034
v 0.05718600004911423 -0.01852099969983101 0.19169199466705322
v 0.057231999933719635 -0.020572999492287636 0.17811399698257446
v 0.06162000074982643 -0.016296999529004097 0.178616002202034
v 0.05718600004911423 -0.01852099969983101 0.19169199466705322
v 0.06162000074982643 -0.016296999529004097 0.178616002202034
v 0.0613120011985302 -0.014561999589204788 0.19108699262142181
v 0.05710899829864502 -0.013123000040650368 0.20344699919223785
v 0.05718600004911423 -0.01852099969983101 0.19169199466705322
v 0.0613120011985302 -0.014561999589204788 0.19108699262142181
v 0.05710899829864502 -0.013123000040650368 0.20344699919223785
v 0.0613120011985302 -0.014561999589204788 0.19108699262142181
v 0.061361998319625854 -0.009657000191509724 0.2012300044298172
v 0.05686299875378609 -0.005491000134497881 0.21266500651836395
v 0.05710899829864502 -0.013123000040650368 0.20344699919223785
v 0.06095200031995773 -0.0028800000436604023 0.20973099768161774
v 0.05710899829864502 -0.013123000040650368 0.20344699919223785
v 0.061361998319625854 -0.009657000191509724 0.2012300044298172
v 0.06095200031995773 -0.0028800000436604023 0.20973099768161774
v 0.05681300163269043 0.0012890000361949205 0.21773700416088104
v 0.05686299875378609 -0.005491000134497881 0.21266500651836395
v 0.06095200031995773 -0.0028800000436604023 0.20973099768161774
v 0.05681300163269043 0.0012890000361949205 0.21773700416088104
v 0.06095200031995773 -0.0028800000436604023 0.20973099768161774
v 0.06083500012755394 0.004091999959200621 0.2148900032043457
v 0.05646200105547905 0.011823000386357307 0.2228199988603592
v 0.05681300163269043 0.0012890000361949205 0.21773700416088104
v 0.06027400121092796 0.012350000441074371 0.2192540019750595
v 0.05681300163269043 0.0012890000361949205 0.21773700416088104
v 0.06083500012755394 0.004091999959200621 0.2148900032043457
v 0.06027400121092796 0.012350000441074371 0.2192540019750595
v 0.056341998279094696 0.023350000381469727 0.225163996219635
v 0.05646200105547905 0.011823000386357307 0.2228199988603592
v 0.06013200059533119 0.023730000481009483 0.22154900431632996
v 0.05646200105547905 0.011823000386357307 0.2228199988603592
v 0.06027400121092796 0.012350000441074371 0.2192540019750595
v 0.06013200059533119 0.023730000481009483 0.22154900431632996
v 0.055932000279426575 0.03574199974536896 0.22431999444961548
v 0.056341998279094696 0.023350000381469727 0.225163996219635
v 0.05925000086426735 0.03540299832820892 0.22133100032806396
v 0.056341998279094696 0.023350000381469727 0.225163996219635
v 0.06013200059533119 0.023730000481009483 0.22154900431632996
v 0.05925000086426735 0.03540299832820892 0.22133100032806396
v 0.054138001054525375 0.05074600130319595 0.22146600484848022
v 0.055932000279426575 0.03574199974536896 0.22431999444961548
v 0.05786700174212456 0.04983900114893913 0.21840800344944
v 0.055932000279426575 0.03574199974536896 0.22431999444961548
v 0.05925000086426735 0.03540299832820892 0.22133100032806396
v 0.05786700174212456 0.04983900114893913 0.21840800344944
v 0.05488099902868271 0.06409499794244766 0.21955500543117523
v 0.054138001054525375 0.05074600130319595 0.22146600484848022
v 0.059018999338150024 0.0633850023150444 0.21716299653053284
v 0.054138001054525375 0.05074600130319595 0.22146600484848022
v 0.05786700174212456 0.04983900114893913 0.21840800344944
v 0.059018999338150024 0.0633850023150444 0.21716299653053284
v 0.055052999407052994 0.07791599631309509 0.2146490067243576
v 0.05488099902868271 0.06409499794244766 0.21955500543117523
v 0.059018999338150024 0.0633850023150444 0.21716299653053284
v 0.055052999407052994 0.07791599631309509 0.2146490067243576
v 0.059018999338150024 0.0633850023150444 0.21716299653053284
v 0.05950799956917763 0.07735999673604965 0.21277600526809692
v 0.046987999230623245 0.02772900089621544 0.11898200213909149
v 0.045170001685619354 0.03075299970805645 0.11102599650621414
v 0.05123399943113327 0.03821500018239021 0.11473000049591064
v 0.046987999230623245 0.02772900089621544 0.11898200213909149
v 0.05123399943113327 0.03821500018239021 0.11473000049591064
v 0.051715001463890076 0.03416600078344345 0.1214660033583641
v 0.04665900021791458 0.021037999540567398 0.12401299923658371
v 0.046987999230623245 0.02772900089621544 0.11898200213909149
v 0.05306899920105934 0.027163999155163765 0.12662699818611145
v 0.046987999230623245 0.02772900089621544 0.11898200213909149
v 0.051715001463890076 0.03416600078344345 0.1214660033583641
v 0.05306899920105934 0.027163999155163765 0.12662699818611145
v 0.046737998723983765 0.01299699954688549 0.12841099500656128
v 0.04665900021791458 0.021037999540567398 0.12401299923658371
v 0.05477299913764 0.017271999269723892 0.1303810030221939
v 0.04665900021791458 0.021037999540567398 0.12401299923658371
v 0.05306899920105934 0.027163999155163765 0.12662699818611145
v 0.05477299913764 0.017271999269723892 0.1303810030221939
v 0.04691300168633461 -0.003028000006452203 0.13658200204372406
v 0.046737998723983765 0.01299699954688549 0.12841099500656128
v 0.056320998817682266 0.001006999984383583 0.13770000636577606
v 0.046737998723983765 0.01299699954688549 0.12841099500656128
v 0.05477299913764 0.017271999269723892 0.1303810030221939
v 0.056320998817682266 0.001006999984383583 0.13770000636577606
v 0.04713499918580055 -0.011854000389575958 0.14483100175857544
v 0.04691300168633461 -0.003028000006452203 0.13658200204372406
v 0.0566909983754158 -0.008302999660372734 0.14574700593948364
v 0.04691300168633461 -0.003028000006452203 0.13658200204372406
v 0.056320998817682266 0.001006999984383583 0.13770000636577606
v 0.0566909983754158 -0.008302999660372734 0.14574700593948364
v 0.047325000166893005 -0.01824899949133396 0.15459799766540527
v 0.04713499918580055 -0.011854000389575958 0.14483100175857544
v 0.05699099972844124 -0.01513999979943037 0.15550099313259125
v 0.04713499918580055 -0.011854000389575958 0.14483100175857544
v 0.0566909983754158 -0.008302999660372734 0.14574700593948364
v 0.05699099972844124 -0.01513999979943037 0.15550099313259125
v 0.04738299921154976 -0.022631999105215073 0.16667300462722778
v 0.047325000166893005 -0.01824899949133396 0.15459799766540527
v 0.057100001722574234 -0.019610999152064323 0.16737499833106995
v 0.047325000166893005 -0.01824899949133396 0.15459799766540527
v 0.05699099972844124 -0.01513999979943037 0.15550099313259125
v 0.057100001722574234 -0.019610999152064323 0.16737499833106995
v 0.04737300053238869 -0.02385300025343895 0.1787319928407669
v 0.04738299921154976 -0.022631999105215073 0.16667300462722778
v 0.057231999933719635 -0.020572999492287636 0.17811399698257446
v 0.04738299921154976 -0.022631999105215073 0.16667300462722778
v 0.057100001722574234 -0.019610999152064323 0.16737499833106995
v 0.057231999933719635 -0.020572999492287636 0.17811399698257446
v 0.04730900004506111 -0.02172200009226799 0.19229599833488464
v 0.04737300053238869 -0.02385300025343895 0.1787319928407669
v 0.05718600004911423 -0.01852099969983101 0.19169199466705322
v 0.04737300053238869 -0.02385300025343895 0.1787319928407669
v 0.057231999933719635 -0.020572999492287636 0.17811399698257446
v 0.05718600004911423 -0.01852099969983101 0.19169199466705322
v 0.047256000339984894 -0.016433000564575195 0.20407100021839142
v 0.04730900004506111 -0.02172200009226799 0.19229599833488464
v 0.05718600004911423 -0.01852099969983101 0.19169199466705322
v 0.047256000339984894 -0.016433000564575195 0.20407100021839142
v 0.05718600004911423 -0.01852099969983101 0.19169199466705322
v 0.05710899829864502 -0.013123000040650368 0.20344699919223785
v 0.04707999899983406 -0.00913199968636036 0.2133519947528839
v 0.047256000339984894 -0.016433000564575195 0.20407100021839142
v 0.05710899829864502 -0.013123000040650368 0.20344699919223785
v 0.04707999899983406 -0.00913199968636036 0.2133519947528839
v 0.05710899829864502 -0.013123000040650368 0.20344699919223785
v 0.05686299875378609 -0.005491000134497881 0.21266500651836395
v 0.046897999942302704 -0.0006779999821446836 0.22025500237941742
v 0.04707999899983406 -0.00913199968636036 0.2133519947528839
v 0.05686299875378609 -0.005491000134497881 0.21266500651836395
v 0.046897999942302704 -0.0006779999821446836 0.22025500237941742
v 0.05686299875378609 -0.005491000134497881 0.21266500651836395
v 0.05681300163269043 0.0012890000361949205 0.21773700416088104
v 0.0465719997882843 0.00977999996393919 0.22543500363826752
v 0.046897999942302704 -0.0006779999821446836 0.22025500237941742
v 0.05681300163269043 0.0012890000361949205 0.21773700416088104
v 0.0465719997882843 0.00977999996393919 0.22543500363826752
v 0.05681300163269043 0.0012890000361949205 0.21773700416088104
v 0.05646200105547905 0.011823000386357307 0.2228199988603592
v 0.046188998967409134 0.021251000463962555 0.22801999747753143
v 0.0465719997882843 0.00977999996393919 0.22543500363826752
v 0.05646200105547905 0.011823000386357307 0.2228199988603592
v 0.046188998967409134 0.021251000463962555 0.22801999747753143
v 0.05646200105547905 0.011823000386357307 0.2228199988603592
v 0.056341998279094696 0.023350000381469727 0.225163996219635
v 0.045579999685287476 0.03437099978327751 0.22788000106811523
v 0.046188998967409134 0.021251000463962555 0.22801999747753143
v 0.056341998279094696 0.023350000381469727 0.225163996219635
v 0.045579999685287476 0.03437099978327751 0.22788000106811523
v 0.056341998279094696 0.023350000381469727 0.225163996219635
v 0.055932000279426575 0.03574199974536896 0.22431999444961548
v 0.04516800120472908 0.049626998603343964 0.22457200288772583
v 0.045579999685287476 0.03437099978327751 0.22788000106811523
v 0.055932000279426575 0.03574199974536896 0.22431999444961548
v 0.04516800120472908 0.049626998603343964 0.22457200288772583
v 0.055932000279426575 0.03574199974536896 0.22431999444961548
v 0.054138001054525375 0.05074600130319595 0.22146600484848022
v 0.044562000781297684 0.06392599642276764 0.2200230062007904
v 0.04516800120472908 0.049626998603343964 0.22457200288772583
v 0.054138001054525375 0.05074600130319595 0.22146600484848022
v 0.044562000781297684 0.06392599642276764 0.2200230062007904
v 0.054138001054525375 0.05074600130319595 0.22146600484848022
v 0.05488099902868271 0.06409499794244766 0.21955500543117523
v 0.04402400180697441 0.07748900353908539 0.21434900164604187
v 0.044562000781297684 0.06392599642276764 0.2200230062007904
v 0.05488099902868271 0.06409499794244766 0.21955500543117523
v 0.04402400180697441 0.07748900353908539 0.21434900164604187
v 0.05488099902868271 0.06409499794244766 0.21955500543117523
v 0.055052999407052994 0.07791599631309509 0.2146490067243576
v 0.03445899859070778 0.022836999967694283 0.10939200222492218
v 0.045170001685619354 0.03075299970805645 0.11102599650621414
v 0.03452499955892563 0.01954600028693676 0.11653199791908264
v 0.045170001685619354 0.03075299970805645 0.11102599650621414
v 0.046987999230623245 0.02772900089621544 0.11898200213909149
v 0.03452499955892563 0.01954600028693676 0.11653199791908264
v 0.03452499955892563 0.01954600028693676 0.11653199791908264
v 0.046987999230623245 0.02772900089621544 0.11898200213909149
v 0.04665900021791458 0.021037999540567398 0.12401299923658371
v 0.03452499955892563 0.01954600028693676 0.11653199791908264
v 0.04665900021791458 0.021037999540567398 0.12401299923658371
v 0.03466999903321266 0.014627000316977501 0.12397799640893936
v 0.03466999903321266 0.014627000316977501 0.12397799640893936
v 0.04665900021791458 0.021037999540567398 0.12401299923658371
v 0.046737998723983765 0.01299699954688549 0.12841099500656128
v 0.03466999903321266 0.014627000316977501 0.12397799640893936
v 0.046737998723983765 0.01299699954688549 0.12841099500656128
v 0.034922998398542404 0.006659999955445528 0.13054099678993225
v 0.034922998398542404 0.006659999955445528 0.13054099678993225
v 0.046737998723983765 0.01299699954688549 0.12841099500656128
v 0.04691300168633461 -0.003028000006452203 0.13658200204372406
v 0.034922998398542404 0.006659999955445528 0.13054099678993225
v 0.04691300168633461 -0.003028000006452203 0.13658200204372406
v 0.0351720005273819 -0.0035359999164938927 0.13684099912643433
v 0.0351720005273819 -0.0035359999164938927 0.13684099912643433
v 0.04691300168633461 -0.003028000006452203 0.13658200204372406
v 0.04713499918580055 -0.011854000389575958 0.14483100175857544
v 0.0351720005273819 -0.0035359999164938927 0.13684099912643433
v 0.04713499918580055 -0.011854000389575958 0.14483100175857544
v 0.035388000309467316 -0.012387000024318695 0.14510400593280792
v 0.035388000309467316 -0.012387000024318695 0.14510400593280792
v 0.04713499918580055 -0.011854000389575958 0.14483100175857544
v 0.047325000166893005 -0.01824899949133396 0.15459799766540527
v 0.035388000309467316 -0.012387000024318695 0.14510400593280792
v 0.047325000166893005 -0.01824899949133396 0.15459799766540527
v 0.035548001527786255 -0.018915999680757523 0.15493899583816528
v 0.035548001527786255 -0.018915999680757523 0.15493899583816528
v 0.047325000166893005 -0.01824899949133396 0.15459799766540527
v 0.04738299921154976 -0.022631999105215073 0.16667300462722778
v 0.035548001527786255 -0.018915999680757523 0.15493899583816528
v 0.04738299921154976 -0.022631999105215073 0.16667300462722778
v 0.035652000457048416 -0.02309899963438511 0.16691100597381592
v 0.035652000457048416 -0.02309899963438511 0.16691100597381592
v 0.04738299921154976 -0.022631999105215073 0.16667300462722778
v 0.04737300053238869 -0.02385300025343895 0.1787319928407669
v 0.035652000457048416 -0.02309899963438511 0.16691100597381592
v 0.04737300053238869 -0.02385300025343895 0.1787319928407669
v 0.035677000880241394 -0.024164000526070595 0.17889100313186646
v 0.035677000880241394 -0.024164000526070595 0.17889100313186646
v 0.04737300053238869 -0.02385300025343895 0.1787319928407669
v 0.04730900004506111 -0.02172200009226799 0.19229599833488464
v 0.035677000880241394 -0.024164000526070595 0.17889100313186646
v 0.04730900004506111 -0.02172200009226799 0.19229599833488464
v 0.03562299907207489 -0.02198999933898449 0.19243299961090088
v 0.03562299907207489 -0.02198999933898449 0.19243299961090088
v 0.04730900004506111 -0.02172200009226799 0.19229599833488464
v 0.047256000339984894 -0.016433000564575195 0.20407100021839142
v 0.03562299907207489 -0.02198999933898449 0.19243299961090088
v 0.047256000339984894 -0.016433000564575195 0.20407100021839142
v 0.0355990007519722 -0.016573000699281693 0.2041430026292801
v 0.0355990007519722 -0.016573000699281693 0.2041430026292801
v 0.047256000339984894 -0.016433000564575195 0.20407100021839142
v 0.04707999899983406 -0.00913199968636036 0.2133519947528839
v 0.0355990007519722 -0.016573000699281693 0.2041430026292801
v 0.04707999899983406 -0.00913199968636036 0.2133519947528839
v 0.035420000553131104 -0.009286000393331051 0.2134310007095337
v 0.035420000553131104 -0.009286000393331051 0.2134310007095337
v 0.04707999899983406 -0.00913199968636036 0.2133519947528839
v 0.046897999942302704 -0.0006779999821446836 0.22025500237941742
v 0.035420000553131104 -0.009286000393331051 0.2134310007095337
v 0.046897999942302704 -0.0006779999821446836 0.22025500237941742
v 0.03521899878978729 -0.0009120000177063048 0.2203740030527115
v 0.03521899878978729 -0.0009120000177063048 0.2203740030527115
v 0.046897999942302704 -0.0006779999821446836 0.22025500237941742
v 0.0465719997882843 0.00977999996393919 0.22543500363826752
v 0.03521899878978729 -0.0009120000177063048 0.2203740030527115
v 0.0465719997882843 0.00977999996393919 0.22543500363826752
v 0.03495499864220619 0.00981799978762865 0.22541600465774536
v 0.03495499864220619 0.00981799978762865 0.22541600465774536
v 0.0465719997882843 0.00977999996393919 0.22543500363826752
v 0.046188998967409134 0.021251000463962555 0.22801999747753143
v 0.03495499864220619 0.00981799978762865 0.22541600465774536
v 0.046188998967409134 0.021251000463962555 0.22801999747753143
v 0.03466400131583214 0.021692000329494476 0.22779500484466553
v 0.03466400131583214 0.021692000329494476 0.22779500484466553
v 0.046188998967409134 0.021251000463962555 0.22801999747753143
v 0.045579999685287476 0.03437099978327751 0.22788000106811523
v 0.03466400131583214 0.021692000329494476 0.22779500484466553
v 0.045579999685287476 0.03437099978327751 0.22788000106811523
v 0.034313999116420746 0.03595300018787384 0.22707200050354004
v 0.034313999116420746 0.03595300018787384 0.22707200050354004
v 0.045579999685287476 0.03437099978327751 0.22788000106811523
v 0.04516800120472908 0.049626998603343964 0.22457200288772583
v 0.034313999116420746 0.03595300018787384 0.22707200050354004
v 0.04516800120472908 0.049626998603343964 0.22457200288772583
v 0.03393600136041641 0.051357001066207886 0.22368699312210083
v 0.03393600136041641 0.051357001066207886 0.22368699312210083
v 0.04516800120472908 0.049626998603343964 0.22457200288772583
v 0.044562000781297684 0.06392599642276764 0.2200230062007904
v 0.03393600136041641 0.051357001066207886 0.22368699312210083
v 0.044562000781297684 0.06392599642276764 0.2200230062007904
v 0.03362099826335907 0.06421799957752228 0.21955199539661407
v 0.03362099826335907 0.06421799957752228 0.21955199539661407
v 0.044562000781297684 0.06392599642276764 0.2200230062007904
v 0.04402400180697441 0.07748900353908539 0.21434900164604187
v 0.03362099826335907 0.06421799957752228 0.21955199539661407
v 0.04402400180697441 0.07748900353908539 0.21434900164604187
v 0.033254001289606094 0.07760199904441833 0.21456000208854675
v 0.03445899859070778 0.022836999967694283 0.10939200222492218
v 0.034460000693798065 0.022870000451803207 0.11834900081157684
v 0.019711999222636223 0.01624000072479248 0.11198899894952774
v 0.034460000693798065 0.022870000451803207 0.11834900081157684
v 0.020532000809907913 0.016308000311255455 0.11959899961948395
v 0.019711999222636223 0.01624000072479248 0.11198899894952774
v 0.020532000809907913 0.016308000311255455 0.11959899961948395
v 0.00457199988886714 0.01309600006788969 0.11987999826669693
v 0.0048779998905956745 0.013302999548614025 0.11276300251483917
v 0.020532000809907913 0.016308000311255455 0.11959899961948395
v 0.0048779998905956745 0.013302999548614025 0.11276300251483917
v 0.019711999222636223 0.01624000072479248 0.11198899894952774
v 0.00457199988886714 0.01309600006788969 0.11987999826669693
v -0.012241000309586525 0.014165000058710575 0.11854200065135956
v 0.0048779998905956745 0.013302999548614025 0.11276300251483917
v -0.012241000309586525 0.014165000058710575 0.11854200065135956
v -0.012570999562740326 0.014480999670922756 0.11180700361728668
v 0.0048779998905956745 0.013302999548614025 0.11276300251483917
v -0.012241000309586525 0.014165000058710575 0.11854200065135956
v -0.02938999980688095 0.020201999694108963 0.11924400180578232
v -0.012570999562740326 0.014480999670922756 0.11180700361728668
v -0.02938999980688095 0.020201999694108963 0.11924400180578232
v -0.030274000018835068 0.020937999710440636 0.11213500052690506
v -0.012570999562740326 0.014480999670922756 0.11180700361728668
v -0.02938999980688095 0.020201999694108963 0.11924400180578232
v -0.04284700006246567 0.029764000326395035 0.12144000083208084
v -0.030274000018835068 0.020937999710440636 0.11213500052690506
v -0.04284700006246567 0.029764000326395035 0.12144000083208084
v -0.04401199892163277 0.03105499967932701 0.11213800311088562
v -0.030274000018835068 0.020937999710440636 0.11213500052690506
v -0.04284700006246567 0.029764000326395035 0.12144000083208084
v -0.053759001195430756 0.04292000085115433 0.12404900044202805
v -0.04401199892163277 0.03105499967932701 0.11213800311088562
v -0.053759001195430756 0.04292000085115433 0.12404900044202805
v -0.05445700138807297 0.044461000710725784 0.11559300124645233
v -0.04401199892163277 0.03105499967932701 0.11213800311088562
v -0.053759001195430756 0.04292000085115433 0.12404900044202805
v -0.058573998510837555 0.0524509996175766 0.1285409927368164
v -0.05965900048613548 0.05531800165772438 0.11826600134372711
v -0.053759001195430756 0.04292000085115433 0.12404900044202805
v -0.05965900048613548 0.05531800165772438 0.11826600134372711
v -0.05445700138807297 0.044461000710725784 0.11559300124645233
v -0.058573998510837555 0.0524509996175766 0.1285409927368164
v -0.06129800155758858 0.0607139989733696 0.13473500311374664
v -0.06160200014710426 0.06334800273180008 0.125791996717453
v -0.058573998510837555 0.0524509996175766 0.1285409927368164
v -0.06160200014710426 0.06334800273180008 0.125791996717453
v -0.05965900048613548 0.05531800165772438 0.11826600134372711
v -0.06129800155758858 0.0607139989733696 0.13473500311374664
v -0.06239499896764755 0.0668099969625473 0.14121699333190918
v -0.062327999621629715 0.0713379979133606 0.1314850002527237
v -0.06129800155758858 0.0607139989733696 0.13473500311374664
v -0.062327999621629715 0.0713379979133606 0.1314850002527237
v -0.06160200014710426 0.06334800273180008 0.125791996717453
v -0.06239499896764755 0.0668099969625473 0.14121699333190918
v -0.0627179965376854 0.07173199951648712 0.14815199375152588
v -0.06293600052595139 0.07863400131464005 0.1403300017118454
v -0.06239499896764755 0.0668099969625473 0.14121699333190918
v -0.06293600052595139 0.07863400131464005 0.1403300017118454
v -0.062327999621629715 0.0713379979133606 0.1314850002527237
v -0.0627179965376854 0.07173199951648712 0.14815199375152588
v -0.06274200230836868 0.07572399824857712 0.1566140055656433
v -0.06244499981403351 0.08264199644327164 0.1490900069475174
v -0.0627179965376854 0.07173199951648712 0.14815199375152588
v -0.06244499981403351 0.08264199644327164 0.1490900069475174
v -0.06293600052595139 0.07863400131464005 0.1403300017118454
v -0.06274200230836868 0.07572399824857712 0.1566140055656433
v -0.06241200119256973 0.07837100327014923 0.16547100245952606
v -0.0620420016348362 0.08658300340175629 0.15883700549602509
v -0.06274200230836868 0.07572399824857712 0.1566140055656433
v -0.0620420016348362 0.08658300340175629 0.15883700549602509
v -0.06244499981403351 0.08264199644327164 0.1490900069475174
v -0.0621969997882843 0.07844699919223785 0.18839600682258606
v -0.06214100122451782 0.08698199689388275 0.18539899587631226
v -0.06224999949336052 0.07951900362968445 0.17782099545001984
v -0.06214100122451782 0.08698199689388275 0.18539899587631226
v -0.062189001590013504 0.0868770033121109 0.173008993268013
v -0.06224999949336052 0.07951900362968445 0.17782099545001984
v -0.06241200119256973 0.07837100327014923 0.16547100245952606
v -0.06224999949336052 0.07951900362968445 0.17782099545001984
v -0.062189001590013504 0.0868770033121109 0.173008993268013
v -0.06241200119256973 0.07837100327014923 0.16547100245952606
v -0.062189001590013504 0.0868770033121109 0.173008993268013
v -0.0620420016348362 0.08658300340175629 0.15883700549602509
v -0.0621969997882843 0.07844699919223785 0.18839600682258606
v -0.0624070018529892 0.07332000136375427 0.2030480057001114
v -0.06252700090408325 0.08019600063562393 0.20505599677562714
v -0.0621969997882843 0.07844699919223785 0.18839600682258606
v -0.06252700090408325 0.08019600063562393 0.20505599677562714
v -0.06214100122451782 0.08698199689388275 0.18539899587631226
v -0.05454099923372269 0.07027699798345566 0.21286599338054657
v -0.05451500043272972 0.07744500041007996 0.213469997048378
v -0.0624070018529892 0.07332000136375427 0.2030480057001114
v -0.05451500043272972 0.07744500041007996 0.213469997048378
v -0.06252700090408325 0.08019600063562393 0.20505599677562714
v -0.0624070018529892 0.07332000136375427 0.2030480057001114
v -0.05480499938130379 0.07503999769687653 0.18927599489688873
v -0.054586999118328094 0.06968999654054642 0.20272600650787354
v -0.05870499834418297 0.07040800154209137 0.2023400068283081
v -0.05480499938130379 0.07503999769687653 0.18927599489688873
v -0.05870499834418297 0.07040800154209137 0.2023400068283081
v -0.058639999479055405 0.07531999796628952 0.18912599980831146
v -0.05471799895167351 0.07643900066614151 0.1767600029706955
v -0.05480499938130379 0.07503999769687653 0.18927599489688873
v -0.05864600092172623 0.07653500139713287 0.1782039999961853
v -0.05480499938130379 0.07503999769687653 0.18927599489688873
v -0.058639999479055405 0.07531999796628952 0.18912599980831146
v -0.05864600092172623 0.07653500139713287 0.1782039999961853
v -0.05477600172162056 0.07500799745321274 0.1654379963874817
v -0.05471799895167351 0.07643900066614151 0.1767600029706955
v -0.05882899835705757 0.0754610002040863 0.16660700738430023
v -0.05471799895167351 0.07643900066614151 0.1767600029706955
v -0.05864600092172623 0.07653500139713287 0.1782039999961853
v -0.05882899835705757 0.0754610002040863 0.16660700738430023
v -0.05455699935555458 0.07224299758672714 0.15726499259471893
v -0.05477600172162056 0.07500799745321274 0.1654379963874817
v -0.05918800085783005 0.07273899763822556 0.15795199573040009
v -0.05477600172162056 0.07500799745321274 0.1654379963874817
v -0.05882899835705757 0.0754610002040863 0.16660700738430023
v -0.05918800085783005 0.07273899763822556 0.15795199573040009
v -0.054412998259067535 0.06796800345182419 0.14970600605010986
v -0.05455699935555458 0.07224299758672714 0.15726499259471893
v -0.05929899960756302 0.06892500072717667 0.15027399361133575
v -0.05455699935555458 0.07224299758672714 0.15726499259471893
v -0.05918800085783005 0.07273899763822556 0.15795199573040009
v -0.05929899960756302 0.06892500072717667 0.15027399361133575
v -0.0542140007019043 0.06344600021839142 0.14325900375843048
v -0.054412998259067535 0.06796800345182419 0.14970600605010986
v -0.05895499885082245 0.06425599753856659 0.14363999664783478
v -0.054412998259067535 0.06796800345182419 0.14970600605010986
v -0.05929899960756302 0.06892500072717667 0.15027399361133575
v -0.05895499885082245 0.06425599753856659 0.14363999664783478
v -0.05404900014400482 0.05784999951720238 0.13777099549770355
v -0.0542140007019043 0.06344600021839142 0.14325900375843048
v -0.05806500092148781 0.05889400094747543 0.1380240023136139
v -0.0542140007019043 0.06344600021839142 0.14325900375843048
v -0.05895499885082245 0.06425599753856659 0.14363999664783478
v -0.05806500092148781 0.05889400094747543 0.1380240023136139
v -0.05324700102210045 0.051284000277519226 0.13297900557518005
v -0.05404900014400482 0.05784999951720238 0.13777099549770355
v -0.05570799857378006 0.051607001572847366 0.13252300024032593
v -0.05404900014400482 0.05784999951720238 0.13777099549770355
v -0.05806500092148781 0.05889400094747543 0.1380240023136139
v -0.05570799857378006 0.051607001572847366 0.13252300024032593
v -0.054437000304460526 0.06799100339412689 0.20866599678993225
v -0.05454099923372269 0.07027699798345566 0.21286599338054657
v -0.0624070018529892 0.07332000136375427 0.2030480057001114
v -0.054437000304460526 0.06799100339412689 0.20866599678993225
v -0.0624070018529892 0.07332000136375427 0.2030480057001114
v -0.05870499834418297 0.07040800154209137 0.2023400068283081
v -0.058639999479055405 0.07531999796628952 0.18912599980831146
v -0.05870499834418297 0.07040800154209137 0.2023400068283081
v -0.0624070018529892 0.07332000136375427 0.2030480057001114
v -0.058639999479055405 0.07531999796628952 0.18912599980831146
v -0.0624070018529892 0.07332000136375427 0.2030480057001114
v -0.0621969997882843 0.07844699919223785 0.18839600682258606
v -0.05864600092172623 0.07653500139713287 0.1782039999961853
v -0.058639999479055405 0.07531999796628952 0.18912599980831146
v -0.0621969997882843 0.07844699919223785 0.18839600682258606
v -0.05864600092172623 0.07653500139713287 0.1782039999961853
v -0.0621969997882843 0.07844699919223785 0.18839600682258606
v -0.06224999949336052 0.07951900362968445 0.17782099545001984
v -0.05882899835705757 0.0754610002040863 0.16660700738430023
v -0.05864600092172623 0.07653500139713287 0.1782039999961853
v -0.06224999949336052 0.07951900362968445 0.17782099545001984
v -0.05882899835705757 0.0754610002040863 0.16660700738430023
v -0.06224999949336052 0.07951900362968445 0.17782099545001984
v -0.06241200119256973 0.07837100327014923 0.16547100245952606
v -0.05918800085783005 0.07273899763822556 0.15795199573040009
v -0.05882899835705757 0.0754610002040863 0.16660700738430023
v -0.06241200119256973 0.07837100327014923 0.16547100245952606
v -0.05918800085783005 0.07273899763822556 0.15795199573040009
v -0.06241200119256973 0.07837100327014923 0.16547100245952606
v -0.06274200230836868 0.07572399824857712 0.1566140055656433
v -0.05929899960756302 0.06892500072717667 0.15027399361133575
v -0.05918800085783005 0.07273899763822556 0.15795199573040009
v -0.06274200230836868 0.07572399824857712 0.1566140055656433
v -0.05929899960756302 0.06892500072717667 0.15027399361133575
v -0.06274200230836868 0.07572399824857712 0.1566140055656433
v -0.0627179965376854 0.07173199951648712 0.14815199375152588
v -0.05895499885082245 0.06425599753856659 0.14363999664783478
v -0.05929899960756302 0.06892500072717667 0.15027399361133575
v -0.0627179965376854 0.07173199951648712 0.14815199375152588
v -0.05895499885082245 0.06425599753856659 0.14363999664783478
v -0.0627179965376854 0.07173199951648712 0.14815199375152588
v -0.06239499896764755 0.0668099969625473 0.14121699333190918
v -0.05806500092148781 0.05889400094747543 0.1380240023136139
v -0.05895499885082245 0.06425599753856659 0.14363999664783478
v -0.06239499896764755 0.0668099969625473 0.14121699333190918
v -0.05806500092148781 0.05889400094747543 0.1380240023136139
v -0.06239499896764755 0.0668099969625473 0.14121699333190918
v -0.06129800155758858 0.0607139989733696 0.13473500311374664
v -0.05570799857378006 0.051607001572847366 0.13252300024032593
v -0.05806500092148781 0.05889400094747543 0.1380240023136139
v -0.06129800155758858 0.0607139989733696 0.13473500311374664
v -0.05570799857378006 0.051607001572847366 0.13252300024032593
v -0.06129800155758858 0.0607139989733696 0.13473500311374664
v -0.058573998510837555 0.0524509996175766 0.1285409927368164
v -0.05318399891257286 0.04669800028204918 0.129939004778862
v -0.05570799857378006 0.051607001572847366 0.13252300024032593
v -0.058573998510837555 0.0524509996175766 0.1285409927368164
v -0.05318399891257286 0.04669800028204918 0.129939004778862
v -0.058573998510837555 0.0524509996175766 0.1285409927368164
v -0.053759001195430756 0.04292000085115433 0.12404900044202805
v -0.041446998715400696 0.03483299911022186 0.12643000483512878
v -0.05318399891257286 0.04669800028204918 0.129939004778862
v -0.053759001195430756 0.04292000085115433 0.12404900044202805
v -0.041446998715400696 0.03483299911022186 0.12643000483512878
v -0.053759001195430756 0.04292000085115433 0.12404900044202805
v -0.04284700006246567 0.029764000326395035 0.12144000083208084
v -0.04329900071024895 0.07972999662160873 0.21259699761867523
v -0.05451500043272972 0.07744500041007996 0.213469997048378
v -0.0432329997420311 0.070592001080513 0.21318000555038452
v -0.05451500043272972 0.07744500041007996 0.213469997048378
v -0.05454099923372269 0.07027699798345566 0.21286599338054657
v -0.0432329997420311 0.070592001080513 0.21318000555038452
v -0.0432329997420311 0.070592001080513 0.21318000555038452
v -0.05454099923372269 0.07027699798345566 0.21286599338054657
v -0.043129999190568924 0.06812100112438202 0.20911400020122528
v -0.05454099923372269 0.07027699798345566 0.21286599338054657
v -0.054437000304460526 0.06799100339412689 0.20866599678993225
v -0.043129999190568924 0.06812100112438202 0.20911400020122528
v -0.043129999190568924 0.06812100112438202 0.20911400020122528
v -0.054437000304460526 0.06799100339412689 0.20866599678993225
v -0.04328000172972679 0.06953500211238861 0.2033810019493103
v -0.054437000304460526 0.06799100339412689 0.20866599678993225
v -0.054586999118328094 0.06968999654054642 0.20272600650787354
v -0.04328000172972679 0.06953500211238861 0.2033810019493103
v -0.04328000172972679 0.06953500211238861 0.2033810019493103
v -0.054586999118328094 0.06968999654054642 0.20272600650787354
v -0.0434969998896122 0.07510700076818466 0.18976999819278717
v -0.054586999118328094 0.06968999654054642 0.20272600650787354
v -0.05480499938130379 0.07503999769687653 0.18927599489688873
v -0.0434969998896122 0.07510700076818466 0.18976999819278717
v -0.0434969998896122 0.07510700076818466 0.18976999819278717
v -0.05480499938130379 0.07503999769687653 0.18927599489688873
v -0.043411001563072205 0.07653100043535233 0.17723600566387177
v -0.05480499938130379 0.07503999769687653 0.18927599489688873
v -0.05471799895167351 0.07643900066614151 0.1767600029706955
v -0.043411001563072205 0.07653100043535233 0.17723600566387177
v -0.043411001563072205 0.07653100043535233 0.17723600566387177
v -0.05471799895167351 0.07643900066614151 0.1767600029706955
v -0.04346799850463867 0.07522299885749817 0.16582399606704712
v -0.05471799895167351 0.07643900066614151 0.1767600029706955
v -0.05477600172162056 0.07500799745321274 0.1654379963874817
v -0.04346799850463867 0.07522299885749817 0.16582399606704712
v -0.04346799850463867 0.07522299885749817 0.16582399606704712
v -0.05477600172162056 0.07500799745321274 0.1654379963874817
v -0.04324899986386299 0.07254300266504288 0.15759000182151794
v -0.05477600172162056 0.07500799745321274 0.1654379963874817
v -0.05455699935555458 0.07224299758672714 0.15726499259471893
v -0.04324899986386299 0.07254300266504288 0.15759000182151794
v -0.04324899986386299 0.07254300266504288 0.15759000182151794
v -0.05455699935555458 0.07224299758672714 0.15726499259471893
v -0.043104998767375946 0.06833700090646744 0.14997999370098114
v -0.05455699935555458 0.07224299758672714 0.15726499259471893
v -0.054412998259067535 0.06796800345182419 0.14970600605010986
v -0.043104998767375946 0.06833700090646744 0.14997999370098114
v -0.043104998767375946 0.06833700090646744 0.14997999370098114
v -0.054412998259067535 0.06796800345182419 0.14970600605010986
v -0.04290600121021271 0.06381499767303467 0.14353400468826294
v -0.054412998259067535 0.06796800345182419 0.14970600605010986
v -0.0542140007019043 0.06344600021839142 0.14325900375843048
v -0.04290600121021271 0.06381499767303467 0.14353400468826294
v -0.04290600121021271 0.06381499767303467 0.14353400468826294
v -0.0542140007019043 0.06344600021839142 0.14325900375843048
v -0.04274100065231323 0.05827600136399269 0.13800400495529175
v -0.0542140007019043 0.06344600021839142 0.14325900375843048
v -0.05404900014400482 0.05784999951720238 0.13777099549770355
v -0.04274100065231323 0.05827600136399269 0.13800400495529175
v -0.04274100065231323 0.05827600136399269 0.13800400495529175
v -0.05404900014400482 0.05784999951720238 0.13777099549770355
v -0.05324700102210045 0.051284000277519226 0.13297900557518005
v -0.04274100065231323 0.05827600136399269 0.13800400495529175
v -0.05324700102210045 0.051284000277519226 0.13297900557518005
v -0.0426970012485981 0.05147000029683113 0.1333409994840622
v -0.0426970012485981 0.05147000029683113 0.1333409994840622
v -0.05324700102210045 0.051284000277519226 0.13297900557518005
v -0.05318399891257286 0.04669800028204918 0.129939004778862
v -0.0426970012485981 0.05147000029683113 0.1333409994840622
v -0.05318399891257286 0.04669800028204918 0.129939004778862
v -0.04251899942755699 0.043150998651981354 0.1289840042591095
v -0.03022100031375885 0.07897700369358063 0.2131109982728958
v -0.04329900071024895 0.07972999662160873 0.21259699761867523
v -0.0432329997420311 0.070592001080513 0.21318000555038452
v -0.03022100031375885 0.07897700369358063 0.2131109982728958
v -0.0432329997420311 0.070592001080513 0.21318000555038452
v -0.03016600012779236 0.07038500159978867 0.21292400360107422
v -0.03016600012779236 0.07038500159978867 0.21292400360107422
v -0.0432329997420311 0.070592001080513 0.21318000555038452
v -0.043129999190568924 0.06812100112438202 0.20911400020122528
v -0.03016600012779236 0.07038500159978867 0.21292400360107422
v -0.043129999190568924 0.06812100112438202 0.20911400020122528
v -0.030068999156355858 0.06819599866867065 0.2084610015153885
v -0.030068999156355858 0.06819599866867065 0.2084610015153885
v -0.043129999190568924 0.06812100112438202 0.20911400020122528
v -0.04328000172972679 0.06953500211238861 0.2033810019493103
v -0.030068999156355858 0.06819599866867065 0.2084610015153885
v -0.04328000172972679 0.06953500211238861 0.2033810019493103
v -0.03028400056064129 0.07069499790668488 0.2016340047121048
v -0.03028400056064129 0.07069499790668488 0.2016340047121048
v -0.04328000172972679 0.06953500211238861 0.2033810019493103
v -0.0434969998896122 0.07510700076818466 0.18976999819278717
v -0.03028400056064129 0.07069499790668488 0.2016340047121048
v -0.0434969998896122 0.07510700076818466 0.18976999819278717
v -0.030448999255895615 0.07580000162124634 0.18824400007724762
v -0.030448999255895615 0.07580000162124634 0.18824400007724762
v -0.0434969998896122 0.07510700076818466 0.18976999819278717
v -0.043411001563072205 0.07653100043535233 0.17723600566387177
v -0.030448999255895615 0.07580000162124634 0.18824400007724762
v -0.043411001563072205 0.07653100043535233 0.17723600566387177
v -0.030354000627994537 0.07682599872350693 0.17627200484275818
v -0.030354000627994537 0.07682599872350693 0.17627200484275818
v -0.043411001563072205 0.07653100043535233 0.17723600566387177
v -0.04346799850463867 0.07522299885749817 0.16582399606704712
v -0.030354000627994537 0.07682599872350693 0.17627200484275818
v -0.04346799850463867 0.07522299885749817 0.16582399606704712
v -0.030408000573515892 0.07532300055027008 0.16513599455356598
v -0.030408000573515892 0.07532300055027008 0.16513599455356598
v -0.04346799850463867 0.07522299885749817 0.16582399606704712
v -0.04324899986386299 0.07254300266504288 0.15759000182151794
v -0.030408000573515892 0.07532300055027008 0.16513599455356598
v -0.04324899986386299 0.07254300266504288 0.15759000182151794
v -0.030187999829649925 0.07259999960660934 0.15696300566196442
v -0.030187999829649925 0.07259999960660934 0.15696300566196442
v -0.04324899986386299 0.07254300266504288 0.15759000182151794
v -0.043104998767375946 0.06833700090646744 0.14997999370098114
v -0.030187999829649925 0.07259999960660934 0.15696300566196442
v -0.043104998767375946 0.06833700090646744 0.14997999370098114
v -0.030042000114917755 0.06833600252866745 0.14943499863147736
v -0.030042000114917755 0.06833600252866745 0.14943499863147736
v -0.043104998767375946 0.06833700090646744 0.14997999370098114
v -0.04290600121021271 0.06381499767303467 0.14353400468826294
v -0.030042000114917755 0.06833600252866745 0.14943499863147736
v -0.04290600121021271 0.06381499767303467 0.14353400468826294
v -0.02984200045466423 0.0637039989233017 0.14314299821853638
v -0.02984200045466423 0.0637039989233017 0.14314299821853638
v -0.04290600121021271 0.06381499767303467 0.14353400468826294
v -0.04274100065231323 0.05827600136399269 0.13800400495529175
v -0.02984200045466423 0.0637039989233017 0.14314299821853638
v -0.04274100065231323 0.05827600136399269 0.13800400495529175
v -0.029675999656319618 0.05817199870944023 0.1376029998064041
v -0.029675999656319618 0.05817199870944023 0.1376029998064041
v -0.04274100065231323 0.05827600136399269 0.13800400495529175
v -0.0426970012485981 0.05147000029683113 0.1333409994840622
v -0.029675999656319618 0.05817199870944023 0.1376029998064041
v -0.0426970012485981 0.05147000029683113 0.1333409994840622
v -0.029631000012159348 0.05126899853348732 0.1330769956111908
v -0.029631000012159348 0.05126899853348732 0.1330769956111908
v -0.0426970012485981 0.05147000029683113 0.1333409994840622
v -0.04251899942755699 0.043150998651981354 0.1289840042591095
v -0.029631000012159348 0.05126899853348732 0.1330769956111908
v -0.04251899942755699 0.043150998651981354 0.1289840042591095
v -0.029450999572873116 0.042879000306129456 0.12882100045681
v -0.029450999572873116 0.042879000306129456 0.12882100045681
v -0.04251899942755699 0.043150998651981354 0.1289840042591095
v -0.041446998715400696 0.03483299911022186 0.12643000483512878
v -0.029450999572873116 0.042879000306129456 0.12882100045681
v -0.041446998715400696 0.03483299911022186 0.12643000483512878
v -0.02903600037097931 0.032561998814344406 0.12612900137901306
v -0.028845999389886856 0.02376599982380867 0.1247830018401146
v -0.041446998715400696 0.03483299911022186 0.12643000483512878
v -0.04284700006246567 0.029764000326395035 0.12144000083208084
v -0.028845999389886856 0.02376599982380867 0.1247830018401146
v -0.04284700006246567 0.029764000326395035 0.12144000083208084
v -0.02938999980688095 0.020201999694108963 0.11924400180578232
v -0.014135999605059624 0.07819999754428864 0.21369700133800507
v -0.03022100031375885 0.07897700369358063 0.2131109982728958
v -0.03016600012779236 0.07038500159978867 0.21292400360107422
v -0.014135999605059624 0.07819999754428864 0.21369700133800507
v -0.03016600012779236 0.07038500159978867 0.21292400360107422
v -0.014089000411331654 0.07040499895811081 0.21258600056171417
v -0.014089000411331654 0.07040499895811081 0.21258600056171417
v -0.03016600012779236 0.07038500159978867 0.21292400360107422
v -0.030068999156355858 0.06819599866867065 0.2084610015153885
v -0.014089000411331654 0.07040499895811081 0.21258600056171417
v -0.030068999156355858 0.06819599866867065 0.2084610015153885
v -0.014127999544143677 0.06923499703407288 0.2066980004310608
v -0.014127999544143677 0.06923499703407288 0.2066980004310608
v -0.030068999156355858 0.06819599866867065 0.2084610015153885
v -0.03028400056064129 0.07069499790668488 0.2016340047121048
v -0.014127999544143677 0.06923499703407288 0.2066980004310608
v -0.03028400056064129 0.07069499790668488 0.2016340047121048
v -0.014235000126063824 0.07172700017690659 0.19967100024223328
v -0.014235000126063824 0.07172700017690659 0.19967100024223328
v -0.03028400056064129 0.07069499790668488 0.2016340047121048
v -0.030448999255895615 0.07580000162124634 0.18824400007724762
v -0.014235000126063824 0.07172700017690659 0.19967100024223328
v -0.030448999255895615 0.07580000162124634 0.18824400007724762
v -0.014391999691724777 0.07645799964666367 0.1868080049753189
v -0.014391999691724777 0.07645799964666367 0.1868080049753189
v -0.030448999255895615 0.07580000162124634 0.18824400007724762
v -0.030354000627994537 0.07682599872350693 0.17627200484275818
v -0.014391999691724777 0.07645799964666367 0.1868080049753189
v -0.030354000627994537 0.07682599872350693 0.17627200484275818
v -0.014293000102043152 0.07725100219249725 0.17516300082206726
v -0.014293000102043152 0.07725100219249725 0.17516300082206726
v -0.030354000627994537 0.07682599872350693 0.17627200484275818
v -0.030408000573515892 0.07532300055027008 0.16513599455356598
v -0.014293000102043152 0.07725100219249725 0.17516300082206726
v -0.030408000573515892 0.07532300055027008 0.16513599455356598
v -0.014341999776661396 0.07551900297403336 0.1643500030040741
v -0.014341999776661396 0.07551900297403336 0.1643500030040741
v -0.030408000573515892 0.07532300055027008 0.16513599455356598
v -0.030187999829649925 0.07259999960660934 0.15696300566196442
v -0.014341999776661396 0.07551900297403336 0.1643500030040741
v -0.030187999829649925 0.07259999960660934 0.15696300566196442
v -0.014120999723672867 0.07273100316524506 0.15626800060272217
v -0.014120999723672867 0.07273100316524506 0.15626800060272217
v -0.030187999829649925 0.07259999960660934 0.15696300566196442
v -0.030042000114917755 0.06833600252866745 0.14943499863147736
v -0.014120999723672867 0.07273100316524506 0.15626800060272217
v -0.030042000114917755 0.06833600252866745 0.14943499863147736
v -0.01397399976849556 0.06842800229787827 0.1487949937582016
v -0.01397399976849556 0.06842800229787827 0.1487949937582016
v -0.030042000114917755 0.06833600252866745 0.14943499863147736
v -0.02984200045466423 0.0637039989233017 0.14314299821853638
v -0.01397399976849556 0.06842800229787827 0.1487949937582016
v -0.02984200045466423 0.0637039989233017 0.14314299821853638
v -0.013772999867796898 0.06375399976968765 0.14256399869918823
v -0.013772999867796898 0.06375399976968765 0.14256399869918823
v -0.02984200045466423 0.0637039989233017 0.14314299821853638
v -0.029675999656319618 0.05817199870944023 0.1376029998064041
v -0.013772999867796898 0.06375399976968765 0.14256399869918823
v -0.029675999656319618 0.05817199870944023 0.1376029998064041
v -0.013605999760329723 0.058143001049757004 0.13713499903678894
v -0.013605999760329723 0.058143001049757004 0.13713499903678894
v -0.029675999656319618 0.05817199870944023 0.1376029998064041
v -0.029631000012159348 0.05126899853348732 0.1330769956111908
v -0.013605999760329723 0.058143001049757004 0.13713499903678894
v -0.029631000012159348 0.05126899853348732 0.1330769956111908
v -0.013559999875724316 0.0512470006942749 0.13259899616241455
v -0.013559999875724316 0.0512470006942749 0.13259899616241455
v -0.029631000012159348 0.05126899853348732 0.1330769956111908
v -0.029450999572873116 0.042879000306129456 0.12882100045681
v -0.013559999875724316 0.0512470006942749 0.13259899616241455
v -0.029450999572873116 0.042879000306129456 0.12882100045681
v -0.013376000337302685 0.04258099943399429 0.12873199582099915
v -0.013376000337302685 0.04258099943399429 0.12873199582099915
v -0.029450999572873116 0.042879000306129456 0.12882100045681
v -0.02903600037097931 0.032561998814344406 0.12612900137901306
v -0.013376000337302685 0.04258099943399429 0.12873199582099915
v -0.02903600037097931 0.032561998814344406 0.12612900137901306
v -0.01295899972319603 0.032193999737501144 0.12613999843597412
v -0.01295899972319603 0.032193999737501144 0.12613999843597412
v -0.02903600037097931 0.032561998814344406 0.12612900137901306
v -0.028845999389886856 0.02376599982380867 0.1247830018401146
v -0.01295899972319603 0.032193999737501144 0.12613999843597412
v -0.028845999389886856 0.02376599982380867 0.1247830018401146
v -0.01241500023752451 0.01799199916422367 0.1251399964094162
v -0.01241500023752451 0.01799199916422367 0.1251399964094162
v -0.028845999389886856 0.02376599982380867 0.1247830018401146
v -0.02938999980688095 0.020201999694108963 0.11924400180578232
v -0.01241500023752451 0.01799199916422367 0.1251399964094162
v -0.02938999980688095 0.020201999694108963 0.11924400180578232
v -0.012241000309586525 0.014165000058710575 0.11854200065135956
v 0.0030410001054406166 0.0781169980764389 0.21399499475955963
v -0.014135999605059624 0.07819999754428864 0.21369700133800507
v -0.014089000411331654 0.07040499895811081 0.21258600056171417
v 0.0030410001054406166 0.0781169980764389 0.21399499475955963
v -0.014089000411331654 0.07040499895811081 0.21258600056171417
v 0.0030479999259114265 0.0705529972910881 0.21246999502182007
v 0.0030479999259114265 0.0705529972910881 0.21246999502182007
v -0.014089000411331654 0.07040499895811081 0.21258600056171417
v -0.014127999544143677 0.06923499703407288 0.2066980004310608
v 0.0030479999259114265 0.0705529972910881 0.21246999502182007
v -0.014127999544143677 0.06923499703407288 0.2066980004310608
v 0.0029909999575465918 0.0696059986948967 0.20635700225830078
v 0.0029909999575465918 0.0696059986948967 0.20635700225830078
v -0.014127999544143677 0.06923499703407288 0.2066980004310608
v -0.014235000126063824 0.07172700017690659 0.19967100024223328
v 0.0029909999575465918 0.0696059986948967 0.20635700225830078
v -0.014235000126063824 0.07172700017690659 0.19967100024223328
v 0.002899999963119626 0.07208500057458878 0.1993429958820343
v 0.002899999963119626 0.07208500057458878 0.1993429958820343
v -0.014235000126063824 0.07172700017690659 0.19967100024223328
v -0.014391999691724777 0.07645799964666367 0.1868080049753189
v 0.002899999963119626 0.07208500057458878 0.1993429958820343
v -0.014391999691724777 0.07645799964666367 0.1868080049753189
v 0.002750999992713332 0.07704000174999237 0.18622399866580963
v 0.002750999992713332 0.07704000174999237 0.18622399866580963
v -0.014391999691724777 0.07645799964666367 0.1868080049753189
v -0.014293000102043152 0.07725100219249725 0.17516300082206726
v 0.002750999992713332 0.07704000174999237 0.18622399866580963
v -0.014293000102043152 0.07725100219249725 0.17516300082206726
v 0.0027910000644624233 0.07761400192975998 0.17483699321746826
v 0.0027910000644624233 0.07761400192975998 0.17483699321746826
v -0.014293000102043152 0.07725100219249725 0.17516300082206726
v -0.014341999776661396 0.07551900297403336 0.1643500030040741
v 0.0027910000644624233 0.07761400192975998 0.17483699321746826
v -0.014341999776661396 0.07551900297403336 0.1643500030040741
v 0.002735000103712082 0.07583300024271011 0.16408100724220276
v 0.002735000103712082 0.07583300024271011 0.16408100724220276
v -0.014341999776661396 0.07551900297403336 0.1643500030040741
v -0.014120999723672867 0.07273100316524506 0.15626800060272217
v 0.002735000103712082 0.07583300024271011 0.16408100724220276
v -0.014120999723672867 0.07273100316524506 0.15626800060272217
v 0.00292599992826581 0.07298599928617477 0.15606899559497833
v 0.00292599992826581 0.07298599928617477 0.15606899559497833
v -0.014120999723672867 0.07273100316524506 0.15626800060272217
v -0.01397399976849556 0.06842800229787827 0.1487949937582016
v 0.00292599992826581 0.07298599928617477 0.15606899559497833
v -0.01397399976849556 0.06842800229787827 0.1487949937582016
v 0.0030849999748170376 0.06874699890613556 0.1485220044851303
v 0.0030849999748170376 0.06874699890613556 0.1485220044851303
v -0.01397399976849556 0.06842800229787827 0.1487949937582016
v -0.013772999867796898 0.06375399976968765 0.14256399869918823
v 0.0030849999748170376 0.06874699890613556 0.1485220044851303
v -0.013772999867796898 0.06375399976968765 0.14256399869918823
v 0.003275000024586916 0.06401100009679794 0.14236199855804443
v 0.003275000024586916 0.06401100009679794 0.14236199855804443
v -0.013772999867796898 0.06375399976968765 0.14256399869918823
v -0.013605999760329723 0.058143001049757004 0.13713499903678894
v 0.003275000024586916 0.06401100009679794 0.14236199855804443
v -0.013605999760329723 0.058143001049757004 0.13713499903678894
v 0.003410999896004796 0.05827099829912186 0.1370829939842224
v 0.003410999896004796 0.05827099829912186 0.1370829939842224
v -0.013605999760329723 0.058143001049757004 0.13713499903678894
v -0.013559999875724316 0.0512470006942749 0.13259899616241455
v 0.003410999896004796 0.05827099829912186 0.1370829939842224
v -0.013559999875724316 0.0512470006942749 0.13259899616241455
v 0.0034580000210553408 0.05139299854636192 0.13252699375152588
v 0.0034580000210553408 0.05139299854636192 0.13252699375152588
v -0.013559999875724316 0.0512470006942749 0.13259899616241455
v -0.013376000337302685 0.04258099943399429 0.12873199582099915
v 0.0034580000210553408 0.05139299854636192 0.13252699375152588
v -0.013376000337302685 0.04258099943399429 0.12873199582099915
v 0.003616000059992075 0.04259299859404564 0.12881599366664886
v 0.003616000059992075 0.04259299859404564 0.12881599366664886
v -0.013376000337302685 0.04258099943399429 0.12873199582099915
v -0.01295899972319603 0.032193999737501144 0.12613999843597412
v 0.003616000059992075 0.04259299859404564 0.12881599366664886
v -0.01295899972319603 0.032193999737501144 0.12613999843597412
v 0.004015999846160412 0.032207999378442764 0.12622299790382385
v 0.004015999846160412 0.032207999378442764 0.12622299790382385
v -0.01295899972319603 0.032193999737501144 0.12613999843597412
v -0.01241500023752451 0.01799199916422367 0.1251399964094162
v 0.004015999846160412 0.032207999378442764 0.12622299790382385
v -0.01241500023752451 0.01799199916422367 0.1251399964094162
v 0.004282999783754349 0.017047999426722527 0.12537400424480438
v 0.004282999783754349 0.017047999426722527 0.12537400424480438
v -0.01241500023752451 0.01799199916422367 0.1251399964094162
v -0.012241000309586525 0.014165000058710575 0.11854200065135956
v 0.004282999783754349 0.017047999426722527 0.12537400424480438
v -0.012241000309586525 0.014165000058710575 0.11854200065135956
v 0.00457199988886714 0.01309600006788969 0.11987999826669693
v 0.01916000060737133 0.07760199904441833 0.21456000208854675
v 0.0030410001054406166 0.0781169980764389 0.21399499475955963
v 0.0030479999259114265 0.0705529972910881 0.21246999502182007
v 0.01916000060737133 0.07760199904441833 0.21456000208854675
v 0.0030479999259114265 0.0705529972910881 0.21246999502182007
v 0.019208999350667 0.07077600061893463 0.21223099529743195
v 0.019208999350667 0.07077600061893463 0.21223099529743195
v 0.0030479999259114265 0.0705529972910881 0.21246999502182007
v 0.0029909999575465918 0.0696059986948967 0.20635700225830078
v 0.019208999350667 0.07077600061893463 0.21223099529743195
v 0.0029909999575465918 0.0696059986948967 0.20635700225830078
v 0.019146999344229698 0.06978999823331833 0.20616400241851807
v 0.019146999344229698 0.06978999823331833 0.20616400241851807
v 0.0029909999575465918 0.0696059986948967 0.20635700225830078
v 0.002899999963119626 0.07208500057458878 0.1993429958820343
v 0.019146999344229698 0.06978999823331833 0.20616400241851807
v 0.002899999963119626 0.07208500057458878 0.1993429958820343
v 0.019071999937295914 0.07372400164604187 0.1975570023059845
v 0.019071999937295914 0.07372400164604187 0.1975570023059845
v 0.002899999963119626 0.07208500057458878 0.1993429958820343
v 0.002750999992713332 0.07704000174999237 0.18622399866580963
v 0.019071999937295914 0.07372400164604187 0.1975570023059845
v 0.002750999992713332 0.07704000174999237 0.18622399866580963
v 0.018850000575184822 0.07738500088453293 0.18584799766540527
v 0.018850000575184822 0.07738500088453293 0.18584799766540527
v 0.002750999992713332 0.07704000174999237 0.18622399866580963
v 0.0027910000644624233 0.07761400192975998 0.17483699321746826
v 0.018850000575184822 0.07738500088453293 0.18584799766540527
v 0.0027910000644624233 0.07761400192975998 0.17483699321746826
v 0.01888200081884861 0.07782600075006485 0.17460599541664124
v 0.01888200081884861 0.07782600075006485 0.17460599541664124
v 0.0027910000644624233 0.07761400192975998 0.17483699321746826
v 0.002735000103712082 0.07583300024271011 0.16408100724220276
v 0.01888200081884861 0.07782600075006485 0.17460599541664124
v 0.002735000103712082 0.07583300024271011 0.16408100724220276
v 0.018823999911546707 0.07599800080060959 0.1639000028371811
v 0.018823999911546707 0.07599800080060959 0.1639000028371811
v 0.002735000103712082 0.07583300024271011 0.16408100724220276
v 0.00292599992826581 0.07298599928617477 0.15606899559497833
v 0.018823999911546707 0.07599800080060959 0.1639000028371811
v 0.00292599992826581 0.07298599928617477 0.15606899559497833
v 0.019013000652194023 0.07313399761915207 0.15590700507164001
v 0.019013000652194023 0.07313399761915207 0.15590700507164001
v 0.00292599992826581 0.07298599928617477 0.15606899559497833
v 0.0030849999748170376 0.06874699890613556 0.1485220044851303
v 0.019013000652194023 0.07313399761915207 0.15590700507164001
v 0.0030849999748170376 0.06874699890613556 0.1485220044851303
v 0.019171999767422676 0.06888800114393234 0.1483680009841919
v 0.019171999767422676 0.06888800114393234 0.1483680009841919
v 0.0030849999748170376 0.06874699890613556 0.1485220044851303
v 0.003275000024586916 0.06401100009679794 0.14236199855804443
v 0.019171999767422676 0.06888800114393234 0.1483680009841919
v 0.003275000024586916 0.06401100009679794 0.14236199855804443
v 0.019356999546289444 0.06406299769878387 0.14230500161647797
v 0.019356999546289444 0.06406299769878387 0.14230500161647797
v 0.003275000024586916 0.06401100009679794 0.14236199855804443
v 0.003410999896004796 0.05827099829912186 0.1370829939842224
v 0.019356999546289444 0.06406299769878387 0.14230500161647797
v 0.003410999896004796 0.05827099829912186 0.1370829939842224
v 0.01948699913918972 0.05823199823498726 0.13712599873542786
v 0.01948699913918972 0.05823199823498726 0.13712599873542786
v 0.003410999896004796 0.05827099829912186 0.1370829939842224
v 0.0034580000210553408 0.05139299854636192 0.13252699375152588
v 0.01948699913918972 0.05823199823498726 0.13712599873542786
v 0.0034580000210553408 0.05139299854636192 0.13252699375152588
v 0.019538000226020813 0.05141400173306465 0.13250300288200378
v 0.019538000226020813 0.05141400173306465 0.13250300288200378
v 0.0034580000210553408 0.05139299854636192 0.13252699375152588
v 0.003616000059992075 0.04259299859404564 0.12881599366664886
v 0.019538000226020813 0.05141400173306465 0.13250300288200378
v 0.003616000059992075 0.04259299859404564 0.12881599366664886
v 0.019703999161720276 0.04276600107550621 0.1286270022392273
v 0.019703999161720276 0.04276600107550621 0.1286270022392273
v 0.003616000059992075 0.04259299859404564 0.12881599366664886
v 0.004015999846160412 0.032207999378442764 0.12622299790382385
v 0.019703999161720276 0.04276600107550621 0.1286270022392273
v 0.004015999846160412 0.032207999378442764 0.12622299790382385
v 0.02008800022304058 0.03208699822425842 0.12635500729084015
v 0.02008800022304058 0.03208699822425842 0.12635500729084015
v 0.004015999846160412 0.032207999378442764 0.12622299790382385
v 0.020394999533891678 0.019953999668359756 0.1248759999871254
v 0.004015999846160412 0.032207999378442764 0.12622299790382385
v 0.004282999783754349 0.017047999426722527 0.12537400424480438
v 0.020394999533891678 0.019953999668359756 0.1248759999871254
v 0.020394999533891678 0.019953999668359756 0.1248759999871254
v 0.004282999783754349 0.017047999426722527 0.12537400424480438
v 0.020532000809907913 0.016308000311255455 0.11959899961948395
v 0.004282999783754349 0.017047999426722527 0.12537400424480438
v 0.00457199988886714 0.01309600006788969 0.11987999826669693
v 0.020532000809907913 0.016308000311255455 0.11959899961948395
v 0.033254001289606094 0.07760199904441833 0.21456000208854675
v 0.01916000060737133 0.07760199904441833 0.21456000208854675
v 0.019208999350667 0.07077600061893463 0.21223099529743195
v 0.033254001289606094 0.07760199904441833 0.21456000208854675
v 0.019208999350667 0.07077600061893463 0.21223099529743195
v 0.03329800069332123 0.070592001080513 0.21240200102329254
v 0.03329800069332123 0.070592001080513 0.21240200102329254
v 0.019208999350667 0.07077600061893463 0.21223099529743195
v 0.019146999344229698 0.06978999823331833 0.20616400241851807
v 0.03329800069332123 0.070592001080513 0.21240200102329254
v 0.019146999344229698 0.06978999823331833 0.20616400241851807
v 0.03325499966740608 0.07034000009298325 0.2056560069322586
v 0.03325499966740608 0.07034000009298325 0.2056560069322586
v 0.019146999344229698 0.06978999823331833 0.20616400241851807
v 0.019071999937295914 0.07372400164604187 0.1975570023059845
v 0.03325499966740608 0.07034000009298325 0.2056560069322586
v 0.019071999937295914 0.07372400164604187 0.1975570023059845
v 0.03320100158452988 0.07456699758768082 0.19686700403690338
v 0.03320100158452988 0.07456699758768082 0.19686700403690338
v 0.019071999937295914 0.07372400164604187 0.1975570023059845
v 0.018850000575184822 0.07738500088453293 0.18584799766540527
v 0.03320100158452988 0.07456699758768082 0.19686700403690338
v 0.018850000575184822 0.07738500088453293 0.18584799766540527
v 0.03305799886584282 0.07773599773645401 0.1853100061416626
v 0.03305799886584282 0.07773599773645401 0.1853100061416626
v 0.018850000575184822 0.07738500088453293 0.18584799766540527
v 0.01888200081884861 0.07782600075006485 0.17460599541664124
v 0.03305799886584282 0.07773599773645401 0.1853100061416626
v 0.01888200081884861 0.07782600075006485 0.17460599541664124
v 0.03305799886584282 0.07816699892282486 0.17393499612808228
v 0.03305799886584282 0.07816699892282486 0.17393499612808228
v 0.01888200081884861 0.07782600075006485 0.17460599541664124
v 0.018823999911546707 0.07599800080060959 0.1639000028371811
v 0.03305799886584282 0.07816699892282486 0.17393499612808228
v 0.018823999911546707 0.07599800080060959 0.1639000028371811
v 0.03315899893641472 0.07623700052499771 0.16353599727153778
v 0.03315899893641472 0.07623700052499771 0.16353599727153778
v 0.018823999911546707 0.07599800080060959 0.1639000028371811
v 0.019013000652194023 0.07313399761915207 0.15590700507164001
v 0.03315899893641472 0.07623700052499771 0.16353599727153778
v 0.019013000652194023 0.07313399761915207 0.15590700507164001
v 0.03318599984049797 0.0733179971575737 0.1555359959602356
v 0.03318599984049797 0.0733179971575737 0.1555359959602356
v 0.019013000652194023 0.07313399761915207 0.15590700507164001
v 0.019171999767422676 0.06888800114393234 0.1483680009841919
v 0.03318599984049797 0.0733179971575737 0.1555359959602356
v 0.019171999767422676 0.06888800114393234 0.1483680009841919
v 0.03334299847483635 0.06898999959230423 0.1479959934949875
v 0.03334299847483635 0.06898999959230423 0.1479959934949875
v 0.019171999767422676 0.06888800114393234 0.1483680009841919
v 0.019356999546289444 0.06406299769878387 0.14230500161647797
v 0.03334299847483635 0.06898999959230423 0.1479959934949875
v 0.019356999546289444 0.06406299769878387 0.14230500161647797
v 0.03347799926996231 0.06381600350141525 0.1419440060853958
v 0.03347799926996231 0.06381600350141525 0.1419440060853958
v 0.019356999546289444 0.06406299769878387 0.14230500161647797
v 0.01948699913918972 0.05823199823498726 0.13712599873542786
v 0.03347799926996231 0.06381600350141525 0.1419440060853958
v 0.01948699913918972 0.05823199823498726 0.13712599873542786
v 0.033608999103307724 0.05843900144100189 0.1370609998703003
v 0.033608999103307724 0.05843900144100189 0.1370609998703003
v 0.01948699913918972 0.05823199823498726 0.13712599873542786
v 0.019538000226020813 0.05141400173306465 0.13250300288200378
v 0.033608999103307724 0.05843900144100189 0.1370609998703003
v 0.019538000226020813 0.05141400173306465 0.13250300288200378
v 0.03378000110387802 0.05135200172662735 0.1325719952583313
v 0.03378000110387802 0.05135200172662735 0.1325719952583313
v 0.019538000226020813 0.05141400173306465 0.13250300288200378
v 0.019703999161720276 0.04276600107550621 0.1286270022392273
v 0.03378000110387802 0.05135200172662735 0.1325719952583313
v 0.019703999161720276 0.04276600107550621 0.1286270022392273
v 0.03398500010371208 0.04293899983167648 0.12858599424362183
v 0.03398500010371208 0.04293899983167648 0.12858599424362183
v 0.019703999161720276 0.04276600107550621 0.1286270022392273
v 0.034196000546216965 0.03302999958395958 0.1262809932231903
v 0.019703999161720276 0.04276600107550621 0.1286270022392273
v 0.02008800022304058 0.03208699822425842 0.12635500729084015
v 0.034196000546216965 0.03302999958395958 0.1262809932231903
v 0.034196000546216965 0.03302999958395958 0.1262809932231903
v 0.02008800022304058 0.03208699822425842 0.12635500729084015
v 0.03440200164914131 0.02458599954843521 0.12334100157022476
v 0.02008800022304058 0.03208699822425842 0.12635500729084015
v 0.020394999533891678 0.019953999668359756 0.1248759999871254
v 0.03440200164914131 0.02458599954843521 0.12334100157022476
v 0.03440200164914131 0.02458599954843521 0.12334100157022476
v 0.020394999533891678 0.019953999668359756 0.1248759999871254
v 0.034460000693798065 0.022870000451803207 0.11834900081157684
v 0.020394999533891678 0.019953999668359756 0.1248759999871254
v 0.020532000809907913 0.016308000311255455 0.11959899961948395
v 0.034460000693798065 0.022870000451803207 0.11834900081157684
v 0.0288929995149374 0.04073699936270714 0.18973800539970398
v 0.03626599907875061 0.04073699936270714 0.18973800539970398
v 0.02894899994134903 0.03885500133037567 0.1916929930448532
v 0.03626599907875061 0.04073699936270714 0.18973800539970398
v 0.03632200136780739 0.03885500133037567 0.1916929930448532
v 0.02894899994134903 0.03885500133037567 0.1916929930448532
v 0.029340999200940132 0.02205199934542179 0.15916700661182404
v 0.03671399876475334 0.02205199934542179 0.15916700661182404
v 0.03661299869418144 0.02611899934709072 0.15867500007152557
v 0.029340999200940132 0.02205199934542179 0.15916700661182404
v 0.03661299869418144 0.02611899934709072 0.15867500007152557
v 0.029239000752568245 0.02611899934709072 0.15867500007152557
v 0.029441000893712044 0.017875999212265015 0.1605689972639084
v 0.03681400045752525 0.017875999212265015 0.1605689972639084
v 0.03671399876475334 0.02205199934542179 0.15916700661182404
v 0.029441000893712044 0.017875999212265015 0.1605689972639084
v 0.03671399876475334 0.02205199934542179 0.15916700661182404
v 0.029340999200940132 0.02205199934542179 0.15916700661182404
v 0.029541999101638794 0.014394000172615051 0.16290700435638428
v 0.03691500052809715 0.014394000172615051 0.16290700435638428
v 0.03681400045752525 0.017875999212265015 0.1605689972639084
v 0.029541999101638794 0.014394000172615051 0.16290700435638428
v 0.03681400045752525 0.017875999212265015 0.1605689972639084
v 0.029441000893712044 0.017875999212265015 0.1605689972639084
v 0.029613999649882317 0.011264000087976456 0.16624200344085693
v 0.036986999213695526 0.011264000087976456 0.16624200344085693
v 0.03691500052809715 0.014394000172615051 0.16290700435638428
v 0.029613999649882317 0.011264000087976456 0.16624200344085693
v 0.03691500052809715 0.014394000172615051 0.16290700435638428
v 0.029541999101638794 0.014394000172615051 0.16290700435638428
v 0.02966899983584881 0.008740000426769257 0.17037999629974365
v 0.03704199939966202 0.008740000426769257 0.17037999629974365
v 0.036986999213695526 0.011264000087976456 0.16624200344085693
v 0.02966899983584881 0.008740000426769257 0.17037999629974365
v 0.036986999213695526 0.011264000087976456 0.16624200344085693
v 0.029613999649882317 0.011264000087976456 0.16624200344085693
v 0.029694000259041786 0.0075969998724758625 0.17435799539089203
v 0.037066999822854996 0.0075969998724758625 0.17435799539089203
v 0.03704199939966202 0.008740000426769257 0.17037999629974365
v 0.029694000259041786 0.0075969998724758625 0.17435799539089203
v 0.03704199939966202 0.008740000426769257 0.17037999629974365
v 0.02966899983584881 0.008740000426769257 0.17037999629974365
v 0.02969999983906746 0.007325000129640102 0.17857900261878967
v 0.03707300126552582 0.007325000129640102 0.17857900261878967
v 0.037066999822854996 0.0075969998724758625 0.17435799539089203
v 0.02969999983906746 0.007325000129640102 0.17857900261878967
v 0.037066999822854996 0.0075969998724758625 0.17435799539089203
v 0.029694000259041786 0.0075969998724758625 0.17435799539089203
v 0.02968600019812584 0.008186999708414078 0.18333500623703003
v 0.0370590016245842 0.008186999708414078 0.18333500623703003
v 0.02969999983906746 0.007325000129640102 0.17857900261878967
v 0.0370590016245842 0.008186999708414078 0.18333500623703003
v 0.03707300126552582 0.007325000129640102 0.17857900261878967
v 0.02969999983906746 0.007325000129640102 0.17857900261878967
v 0.0296229999512434 0.010289999656379223 0.18781200051307678
v 0.03699599951505661 0.010289999656379223 0.18781200051307678
v 0.02968600019812584 0.008186999708414078 0.18333500623703003
v 0.03699599951505661 0.010289999656379223 0.18781200051307678
v 0.0370590016245842 0.008186999708414078 0.18333500623703003
v 0.02968600019812584 0.008186999708414078 0.18333500623703003
v 0.02957499958574772 0.012372000142931938 0.19036099314689636
v 0.036949001252651215 0.012372000142931938 0.19036099314689636
v 0.0296229999512434 0.010289999656379223 0.18781200051307678
v 0.036949001252651215 0.012372000142931938 0.19036099314689636
v 0.03699599951505661 0.010289999656379223 0.18781200051307678
v 0.0296229999512434 0.010289999656379223 0.18781200051307678
v 0.029506999999284744 0.01525299996137619 0.1930440068244934
v 0.03688099980354309 0.01525299996137619 0.1930440068244934
v 0.02957499958574772 0.012372000142931938 0.19036099314689636
v 0.03688099980354309 0.01525299996137619 0.1930440068244934
v 0.036949001252651215 0.012372000142931938 0.19036099314689636
v 0.02957499958574772 0.012372000142931938 0.19036099314689636
v 0.02941500023007393 0.01909399963915348 0.19531700015068054
v 0.03678800165653229 0.01909399963915348 0.19531700015068054
v 0.029506999999284744 0.01525299996137619 0.1930440068244934
v 0.03678800165653229 0.01909399963915348 0.19531700015068054
v 0.03688099980354309 0.01525299996137619 0.1930440068244934
v 0.029506999999284744 0.01525299996137619 0.1930440068244934
v 0.029278000816702843 0.02438100054860115 0.19644999504089355
v 0.03665199875831604 0.02438100054860115 0.19644999504089355
v 0.02941500023007393 0.01909399963915348 0.19531700015068054
v 0.03665199875831604 0.02438100054860115 0.19644999504089355
v 0.03678800165653229 0.01909399963915348 0.19531700015068054
v 0.02941500023007393 0.01909399963915348 0.19531700015068054
v 0.029186999425292015 0.030117999762296677 0.19611500203609467
v 0.036559998989105225 0.030117999762296677 0.19611500203609467
v 0.029278000816702843 0.02438100054860115 0.19644999504089355
v 0.036559998989105225 0.030117999762296677 0.19611500203609467
v 0.03665199875831604 0.02438100054860115 0.19644999504089355
v 0.029278000816702843 0.02438100054860115 0.19644999504089355
v 0.029030000790953636 0.03557199984788895 0.194022998213768
v 0.036403000354766846 0.03557199984788895 0.194022998213768
v 0.029186999425292015 0.030117999762296677 0.19611500203609467
v 0.036403000354766846 0.03557199984788895 0.194022998213768
v 0.036559998989105225 0.030117999762296677 0.19611500203609467
v 0.029186999425292015 0.030117999762296677 0.19611500203609467
v 0.02894899994134903 0.03885500133037567 0.1916929930448532
v 0.03632200136780739 0.03885500133037567 0.1916929930448532
v 0.029030000790953636 0.03557199984788895 0.194022998213768
v 0.03632200136780739 0.03885500133037567 0.1916929930448532
v 0.036403000354766846 0.03557199984788895 0.194022998213768
v 0.029030000790953636 0.03557199984788895 0.194022998213768
v 0.028843000531196594 0.04256200045347214 0.18738499283790588
v 0.03621700033545494 0.04256200045347214 0.18738499283790588
v 0.0288929995149374 0.04073699936270714 0.18973800539970398
v 0.03621700033545494 0.04256200045347214 0.18738499283790588
v 0.03626599907875061 0.04073699936270714 0.18973800539970398
v 0.0288929995149374 0.04073699936270714 0.18973800539970398
v 0.028818000108003616 0.0440949983894825 0.18418900668621063
v 0.03619199991226196 0.0440949983894825 0.18418900668621063
v 0.028843000531196594 0.04256200045347214 0.18738499283790588
v 0.03619199991226196 0.0440949983894825 0.18418900668621063
v 0.03621700033545494 0.04256200045347214 0.18738499283790588
v 0.028843000531196594 0.04256200045347214 0.18738499283790588
v 0.02878599986433983 0.04506300017237663 0.18030500411987305
v 0.03615900129079819 0.04506300017237663 0.18030500411987305
v 0.028818000108003616 0.0440949983894825 0.18418900668621063
v 0.03615900129079819 0.04506300017237663 0.18030500411987305
v 0.03619199991226196 0.0440949983894825 0.18418900668621063
v 0.028818000108003616 0.0440949983894825 0.18418900668621063
v 0.028776999562978745 0.045292001217603683 0.17639900743961334
v 0.03615099936723709 0.045292001217603683 0.17639900743961334
v 0.02878599986433983 0.04506300017237663 0.18030500411987305
v 0.03615099936723709 0.045292001217603683 0.17639900743961334
v 0.03615900129079819 0.04506300017237663 0.18030500411987305
v 0.02878599986433983 0.04506300017237663 0.18030500411987305
v 0.028813999146223068 0.044463999569416046 0.17217600345611572
v 0.03618700057268143 0.044463999569416046 0.17217600345611572
v 0.03615099936723709 0.045292001217603683 0.17639900743961334
v 0.028813999146223068 0.044463999569416046 0.17217600345611572
v 0.03615099936723709 0.045292001217603683 0.17639900743961334
v 0.028776999562978745 0.045292001217603683 0.17639900743961334
v 0.02883799932897091 0.0433260016143322 0.1693280041217804
v 0.036212000995874405 0.0433260016143322 0.1693280041217804
v 0.03618700057268143 0.044463999569416046 0.17217600345611572
v 0.02883799932897091 0.0433260016143322 0.1693280041217804
v 0.03618700057268143 0.044463999569416046 0.17217600345611572
v 0.028813999146223068 0.044463999569416046 0.17217600345611572
v 0.028882000595331192 0.04151099920272827 0.1664469987154007
v 0.03625499829649925 0.04151099920272827 0.1664469987154007
v 0.036212000995874405 0.0433260016143322 0.1693280041217804
v 0.028882000595331192 0.04151099920272827 0.1664469987154007
v 0.036212000995874405 0.0433260016143322 0.1693280041217804
v 0.02883799932897091 0.0433260016143322 0.1693280041217804
v 0.028919000178575516 0.03981399908661842 0.16421900689601898
v 0.03629299998283386 0.03981399908661842 0.16421900689601898
v 0.03625499829649925 0.04151099920272827 0.1664469987154007
v 0.028919000178575516 0.03981399908661842 0.16421900689601898
v 0.03625499829649925 0.04151099920272827 0.1664469987154007
v 0.028882000595331192 0.04151099920272827 0.1664469987154007
v 0.02897600084543228 0.03754900023341179 0.16236500442028046
v 0.03634899854660034 0.03754900023341179 0.16236500442028046
v 0.03629299998283386 0.03981399908661842 0.16421900689601898
v 0.02897600084543228 0.03754900023341179 0.16236500442028046
v 0.03629299998283386 0.03981399908661842 0.16421900689601898
v 0.028919000178575516 0.03981399908661842 0.16421900689601898
v 0.02903899922966957 0.03522999957203865 0.16095499694347382
v 0.03641200065612793 0.03522999957203865 0.16095499694347382
v 0.03634899854660034 0.03754900023341179 0.16236500442028046
v 0.02903899922966957 0.03522999957203865 0.16095499694347382
v 0.03634899854660034 0.03754900023341179 0.16236500442028046
v 0.02897600084543228 0.03754900023341179 0.16236500442028046
v 0.02910500019788742 0.03231000155210495 0.1596979945898056
v 0.03647900000214577 0.03231000155210495 0.1596979945898056
v 0.03641200065612793 0.03522999957203865 0.16095499694347382
v 0.02910500019788742 0.03231000155210495 0.1596979945898056
v 0.03641200065612793 0.03522999957203865 0.16095499694347382
v 0.02903899922966957 0.03522999957203865 0.16095499694347382
v 0.029186999425292015 0.029051000252366066 0.15884800255298615
v 0.036559998989105225 0.029051000252366066 0.15884800255298615
v 0.03647900000214577 0.03231000155210495 0.1596979945898056
v 0.029186999425292015 0.029051000252366066 0.15884800255298615
v 0.03647900000214577 0.03231000155210495 0.1596979945898056
v 0.02910500019788742 0.03231000155210495 0.1596979945898056
v 0.029239000752568245 0.02611899934709072 0.15867500007152557
v 0.03661299869418144 0.02611899934709072 0.15867500007152557
v 0.036559998989105225 0.029051000252366066 0.15884800255298615
v 0.029239000752568245 0.02611899934709072 0.15867500007152557
v 0.036559998989105225 0.029051000252366066 0.15884800255298615
v 0.029186999425292015 0.029051000252366066 0.15884800255298615
v 0.028836000710725784 0.04305500164628029 0.192112997174263
v 0.0288929995149374 0.04073699936270714 0.18973800539970398
v 0.02894899994134903 0.03885500133037567 0.1916929930448532
v 0.028836000710725784 0.04305500164628029 0.192112997174263
v 0.02894899994134903 0.03885500133037567 0.1916929930448532
v 0.028901999816298485 0.04083999991416931 0.19441500306129456
v 0.029363000765442848 0.021051999181509018 0.1561110019683838
v 0.029340999200940132 0.02205199934542179 0.15916700661182404
v 0.02924400009214878 0.025840999558568 0.15553100407123566
v 0.029340999200940132 0.02205199934542179 0.15916700661182404
v 0.029239000752568245 0.02611899934709072 0.15867500007152557
v 0.02924400009214878 0.025840999558568 0.15553100407123566
v 0.029481999576091766 0.016133999451994896 0.15776200592517853
v 0.029441000893712044 0.017875999212265015 0.1605689972639084
v 0.029363000765442848 0.021051999181509018 0.1561110019683838
v 0.029441000893712044 0.017875999212265015 0.1605689972639084
v 0.029340999200940132 0.02205199934542179 0.15916700661182404
v 0.029363000765442848 0.021051999181509018 0.1561110019683838
v 0.029600000008940697 0.012032999657094479 0.16051499545574188
v 0.029541999101638794 0.014394000172615051 0.16290700435638428
v 0.029481999576091766 0.016133999451994896 0.15776200592517853
v 0.029541999101638794 0.014394000172615051 0.16290700435638428
v 0.029441000893712044 0.017875999212265015 0.1605689972639084
v 0.029481999576091766 0.016133999451994896 0.15776200592517853
v 0.029684999957680702 0.008346999995410442 0.1644430011510849
v 0.029613999649882317 0.011264000087976456 0.16624200344085693
v 0.029600000008940697 0.012032999657094479 0.16051499545574188
v 0.029613999649882317 0.011264000087976456 0.16624200344085693
v 0.029541999101638794 0.014394000172615051 0.16290700435638428
v 0.029600000008940697 0.012032999657094479 0.16051499545574188
v 0.029749000445008278 0.005375000182539225 0.16931700706481934
v 0.02966899983584881 0.008740000426769257 0.17037999629974365
v 0.029684999957680702 0.008346999995410442 0.1644430011510849
v 0.02966899983584881 0.008740000426769257 0.17037999629974365
v 0.029613999649882317 0.011264000087976456 0.16624200344085693
v 0.029684999957680702 0.008346999995410442 0.1644430011510849
v 0.02977900020778179 0.004027999937534332 0.17399999499320984
v 0.029694000259041786 0.0075969998724758625 0.17435799539089203
v 0.029749000445008278 0.005375000182539225 0.16931700706481934
v 0.029694000259041786 0.0075969998724758625 0.17435799539089203
v 0.02966899983584881 0.008740000426769257 0.17037999629974365
v 0.029749000445008278 0.005375000182539225 0.16931700706481934
v 0.02978700026869774 0.003708000062033534 0.17897099256515503
v 0.02969999983906746 0.007325000129640102 0.17857900261878967
v 0.02977900020778179 0.004027999937534332 0.17399999499320984
v 0.02969999983906746 0.007325000129640102 0.17857900261878967
v 0.029694000259041786 0.0075969998724758625 0.17435799539089203
v 0.02977900020778179 0.004027999937534332 0.17399999499320984
v 0.029769999906420708 0.0047240001149475574 0.1845719963312149
v 0.02968600019812584 0.008186999708414078 0.18333500623703003
v 0.02978700026869774 0.003708000062033534 0.17897099256515503
v 0.02968600019812584 0.008186999708414078 0.18333500623703003
v 0.02969999983906746 0.007325000129640102 0.17857900261878967
v 0.02978700026869774 0.003708000062033534 0.17897099256515503
v 0.029695000499486923 0.007199999876320362 0.1898449957370758
v 0.0296229999512434 0.010289999656379223 0.18781200051307678
v 0.029769999906420708 0.0047240001149475574 0.1845719963312149
v 0.0296229999512434 0.010289999656379223 0.18781200051307678
v 0.02968600019812584 0.008186999708414078 0.18333500623703003
v 0.029769999906420708 0.0047240001149475574 0.1845719963312149
v 0.02964000031352043 0.009651999920606613 0.19284600019454956
v 0.02957499958574772 0.012372000142931938 0.19036099314689636
v 0.0296229999512434 0.010289999656379223 0.18781200051307678
v 0.02964000031352043 0.009651999920606613 0.19284600019454956
v 0.0296229999512434 0.010289999656379223 0.18781200051307678
v 0.029695000499486923 0.007199999876320362 0.1898449957370758
v 0.029559999704360962 0.013043999671936035 0.19600600004196167
v 0.029506999999284744 0.01525299996137619 0.1930440068244934
v 0.02964000031352043 0.009651999920606613 0.19284600019454956
v 0.029506999999284744 0.01525299996137619 0.1930440068244934
v 0.02957499958574772 0.012372000142931938 0.19036099314689636
v 0.02964000031352043 0.009651999920606613 0.19284600019454956
v 0.029450999572873116 0.017568999901413918 0.1986819952726364
v 0.02941500023007393 0.01909399963915348 0.19531700015068054
v 0.029559999704360962 0.013043999671936035 0.19600600004196167
v 0.02941500023007393 0.01909399963915348 0.19531700015068054
v 0.029506999999284744 0.01525299996137619 0.1930440068244934
v 0.029559999704360962 0.013043999671936035 0.19600600004196167
v 0.02928999997675419 0.02379399910569191 0.2000180035829544
v 0.029278000816702843 0.02438100054860115 0.19644999504089355
v 0.02941500023007393 0.01909399963915348 0.19531700015068054
v 0.02928999997675419 0.02379399910569191 0.2000180035829544
v 0.02941500023007393 0.01909399963915348 0.19531700015068054
v 0.029450999572873116 0.017568999901413918 0.1986819952726364
v 0.02918200008571148 0.030549999326467514 0.1996220052242279
v 0.029186999425292015 0.030117999762296677 0.19611500203609467
v 0.029278000816702843 0.02438100054860115 0.19644999504089355
v 0.02918200008571148 0.030549999326467514 0.1996220052242279
v 0.029278000816702843 0.02438100054860115 0.19644999504089355
v 0.02928999997675419 0.02379399910569191 0.2000180035829544
v 0.02899700030684471 0.036972999572753906 0.19715900719165802
v 0.029030000790953636 0.03557199984788895 0.194022998213768
v 0.029186999425292015 0.030117999762296677 0.19611500203609467
v 0.02899700030684471 0.036972999572753906 0.19715900719165802
v 0.029186999425292015 0.030117999762296677 0.19611500203609467
v 0.02918200008571148 0.030549999326467514 0.1996220052242279
v 0.028901999816298485 0.04083999991416931 0.19441500306129456
v 0.02894899994134903 0.03885500133037567 0.1916929930448532
v 0.029030000790953636 0.03557199984788895 0.194022998213768
v 0.028901999816298485 0.04083999991416931 0.19441500306129456
v 0.029030000790953636 0.03557199984788895 0.194022998213768
v 0.02899700030684471 0.036972999572753906 0.19715900719165802
v 0.02877799980342388 0.045205000787973404 0.18934200704097748
v 0.028843000531196594 0.04256200045347214 0.18738499283790588
v 0.0288929995149374 0.04073699936270714 0.18973800539970398
v 0.02877799980342388 0.045205000787973404 0.18934200704097748
v 0.0288929995149374 0.04073699936270714 0.18973800539970398
v 0.028836000710725784 0.04305500164628029 0.192112997174263
v 0.028748000040650368 0.04701000079512596 0.18557800352573395
v 0.028818000108003616 0.0440949983894825 0.18418900668621063
v 0.028843000531196594 0.04256200045347214 0.18738499283790588
v 0.028748000040650368 0.04701000079512596 0.18557800352573395
v 0.028843000531196594 0.04256200045347214 0.18738499283790588
v 0.02877799980342388 0.045205000787973404 0.18934200704097748
v 0.028710000216960907 0.04815100133419037 0.18100400269031525
v 0.02878599986433983 0.04506300017237663 0.18030500411987305
v 0.028818000108003616 0.0440949983894825 0.18418900668621063
v 0.028710000216960907 0.04815100133419037 0.18100400269031525
v 0.028818000108003616 0.0440949983894825 0.18418900668621063
v 0.028748000040650368 0.04701000079512596 0.18557800352573395
v 0.028699999675154686 0.048420000821352005 0.17640399932861328
v 0.028776999562978745 0.045292001217603683 0.17639900743961334
v 0.02878599986433983 0.04506300017237663 0.18030500411987305
v 0.028699999675154686 0.048420000821352005 0.17640399932861328
v 0.02878599986433983 0.04506300017237663 0.18030500411987305
v 0.028710000216960907 0.04815100133419037 0.18100400269031525
v 0.028743000701069832 0.04744499921798706 0.17143100500106812
v 0.028813999146223068 0.044463999569416046 0.17217600345611572
v 0.028776999562978745 0.045292001217603683 0.17639900743961334
v 0.028743000701069832 0.04744499921798706 0.17143100500106812
v 0.028776999562978745 0.045292001217603683 0.17639900743961334
v 0.028699999675154686 0.048420000821352005 0.17640399932861328
v 0.02877200022339821 0.046105001121759415 0.1680780053138733
v 0.02883799932897091 0.0433260016143322 0.1693280041217804
v 0.028813999146223068 0.044463999569416046 0.17217600345611572
v 0.02877200022339821 0.046105001121759415 0.1680780053138733
v 0.028813999146223068 0.044463999569416046 0.17217600345611572
v 0.028743000701069832 0.04744499921798706 0.17143100500106812
v 0.028822999447584152 0.04396799951791763 0.16468499600887299
v 0.028882000595331192 0.04151099920272827 0.1664469987154007
v 0.02883799932897091 0.0433260016143322 0.1693280041217804
v 0.028822999447584152 0.04396799951791763 0.16468499600887299
v 0.02883799932897091 0.0433260016143322 0.1693280041217804
v 0.02877200022339821 0.046105001121759415 0.1680780053138733
v 0.028867999091744423 0.04196900129318237 0.16206100583076477
v 0.028919000178575516 0.03981399908661842 0.16421900689601898
v 0.028822999447584152 0.04396799951791763 0.16468499600887299
v 0.028919000178575516 0.03981399908661842 0.16421900689601898
v 0.028882000595331192 0.04151099920272827 0.1664469987154007
v 0.028822999447584152 0.04396799951791763 0.16468499600887299
v 0.028934000059962273 0.039301998913288116 0.15987800061702728
v 0.02897600084543228 0.03754900023341179 0.16236500442028046
v 0.028919000178575516 0.03981399908661842 0.16421900689601898
v 0.028934000059962273 0.039301998913288116 0.15987800061702728
v 0.028919000178575516 0.03981399908661842 0.16421900689601898
v 0.028867999091744423 0.04196900129318237 0.16206100583076477
v 0.02900799922645092 0.036570001393556595 0.15821699798107147
v 0.02903899922966957 0.03522999957203865 0.16095499694347382
v 0.028934000059962273 0.039301998913288116 0.15987800061702728
v 0.02903899922966957 0.03522999957203865 0.16095499694347382
v 0.02897600084543228 0.03754900023341179 0.16236500442028046
v 0.028934000059962273 0.039301998913288116 0.15987800061702728
v 0.029085999354720116 0.03313099965453148 0.15673699975013733
v 0.02910500019788742 0.03231000155210495 0.1596979945898056
v 0.02900799922645092 0.036570001393556595 0.15821699798107147
v 0.02910500019788742 0.03231000155210495 0.1596979945898056
v 0.02903899922966957 0.03522999957203865 0.16095499694347382
v 0.02900799922645092 0.036570001393556595 0.15821699798107147
v 0.02918200008571148 0.029293999075889587 0.15573500096797943
v 0.029186999425292015 0.029051000252366066 0.15884800255298615
v 0.029085999354720116 0.03313099965453148 0.15673699975013733
v 0.029186999425292015 0.029051000252366066 0.15884800255298615
v 0.02910500019788742 0.03231000155210495 0.1596979945898056
v 0.029085999354720116 0.03313099965453148 0.15673699975013733
v 0.02924400009214878 0.025840999558568 0.15553100407123566
v 0.029239000752568245 0.02611899934709072 0.15867500007152557
v 0.02918200008571148 0.029293999075889587 0.15573500096797943
v 0.029239000752568245 0.02611899934709072 0.15867500007152557
v 0.029186999425292015 0.029051000252366066 0.15884800255298615
v 0.02918200008571148 0.029293999075889587 0.15573500096797943
v 0.033980999141931534 0.04328000172972679 0.192112997174263
v 0.028836000710725784 0.04305500164628029 0.192112997174263
v 0.034047000110149384 0.041064001619815826 0.19441500306129456
v 0.028836000710725784 0.04305500164628029 0.192112997174263
v 0.028901999816298485 0.04083999991416931 0.19441500306129456
v 0.034047000110149384 0.041064001619815826 0.19441500306129456
v 0.03450800105929375 0.021276000887155533 0.1561110019683838
v 0.029363000765442848 0.021051999181509018 0.1561110019683838
v 0.02924400009214878 0.025840999558568 0.15553100407123566
v 0.03450800105929375 0.021276000887155533 0.1561110019683838
v 0.02924400009214878 0.025840999558568 0.15553100407123566
v 0.03438900038599968 0.026065999642014503 0.15553100407123566
v 0.034627001732587814 0.0163589995354414 0.15776200592517853
v 0.029481999576091766 0.016133999451994896 0.15776200592517853
v 0.029363000765442848 0.021051999181509018 0.1561110019683838
v 0.034627001732587814 0.0163589995354414 0.15776200592517853
v 0.029363000765442848 0.021051999181509018 0.1561110019683838
v 0.03450800105929375 0.021276000887155533 0.1561110019683838
v 0.034745000302791595 0.012257999740540981 0.16051499545574188
v 0.029600000008940697 0.012032999657094479 0.16051499545574188
v 0.029481999576091766 0.016133999451994896 0.15776200592517853
v 0.034745000302791595 0.012257999740540981 0.16051499545574188
v 0.029481999576091766 0.016133999451994896 0.15776200592517853
v 0.034627001732587814 0.0163589995354414 0.15776200592517853
v 0.0348300002515316 0.008572000078856945 0.1644430011510849
v 0.029684999957680702 0.008346999995410442 0.1644430011510849
v 0.029600000008940697 0.012032999657094479 0.16051499545574188
v 0.0348300002515316 0.008572000078856945 0.1644430011510849
v 0.029600000008940697 0.012032999657094479 0.16051499545574188
v 0.034745000302791595 0.012257999740540981 0.16051499545574188
v 0.03489400073885918 0.00559999980032444 0.16931700706481934
v 0.029749000445008278 0.005375000182539225 0.16931700706481934
v 0.029684999957680702 0.008346999995410442 0.1644430011510849
v 0.03489400073885918 0.00559999980032444 0.16931700706481934
v 0.029684999957680702 0.008346999995410442 0.1644430011510849
v 0.0348300002515316 0.008572000078856945 0.1644430011510849
v 0.03492400050163269 0.004253000020980835 0.17399999499320984
v 0.02977900020778179 0.004027999937534332 0.17399999499320984
v 0.029749000445008278 0.005375000182539225 0.16931700706481934
v 0.03492400050163269 0.004253000020980835 0.17399999499320984
v 0.029749000445008278 0.005375000182539225 0.16931700706481934
v 0.03489400073885918 0.00559999980032444 0.16931700706481934
v 0.03493199869990349 0.003932999912649393 0.17897099256515503
v 0.02978700026869774 0.003708000062033534 0.17897099256515503
v 0.02977900020778179 0.004027999937534332 0.17399999499320984
v 0.03493199869990349 0.003932999912649393 0.17897099256515503
v 0.02977900020778179 0.004027999937534332 0.17399999499320984
v 0.03492400050163269 0.004253000020980835 0.17399999499320984
v 0.034915000200271606 0.00494900019839406 0.1845719963312149
v 0.029769999906420708 0.0047240001149475574 0.1845719963312149
v 0.03493199869990349 0.003932999912649393 0.17897099256515503
v 0.029769999906420708 0.0047240001149475574 0.1845719963312149
v 0.02978700026869774 0.003708000062033534 0.17897099256515503
v 0.03493199869990349 0.003932999912649393 0.17897099256515503
v 0.03483999893069267 0.007424999959766865 0.1898449957370758
v 0.029695000499486923 0.007199999876320362 0.1898449957370758
v 0.034915000200271606 0.00494900019839406 0.1845719963312149
v 0.029695000499486923 0.007199999876320362 0.1898449957370758
v 0.029769999906420708 0.0047240001149475574 0.1845719963312149
v 0.034915000200271606 0.00494900019839406 0.1845719963312149
v 0.03478499874472618 0.009875999763607979 0.19284600019454956
v 0.02964000031352043 0.009651999920606613 0.19284600019454956
v 0.03483999893069267 0.007424999959766865 0.1898449957370758
v 0.02964000031352043 0.009651999920606613 0.19284600019454956
v 0.029695000499486923 0.007199999876320362 0.1898449957370758
v 0.03483999893069267 0.007424999959766865 0.1898449957370758
v 0.034703999757766724 0.013268999755382538 0.19600600004196167
v 0.029559999704360962 0.013043999671936035 0.19600600004196167
v 0.03478499874472618 0.009875999763607979 0.19284600019454956
v 0.029559999704360962 0.013043999671936035 0.19600600004196167
v 0.02964000031352043 0.009651999920606613 0.19284600019454956
v 0.03478499874472618 0.009875999763607979 0.19284600019454956
v 0.034595999866724014 0.017792999744415283 0.1986819952726364
v 0.029450999572873116 0.017568999901413918 0.1986819952726364
v 0.034703999757766724 0.013268999755382538 0.19600600004196167
v 0.029450999572873116 0.017568999901413918 0.1986819952726364
v 0.029559999704360962 0.013043999671936035 0.19600600004196167
v 0.034703999757766724 0.013268999755382538 0.19600600004196167
v 0.03443500027060509 0.024018999189138412 0.2000180035829544
v 0.02928999997675419 0.02379399910569191 0.2000180035829544
v 0.034595999866724014 0.017792999744415283 0.1986819952726364
v 0.02928999997675419 0.02379399910569191 0.2000180035829544
v 0.029450999572873116 0.017568999901413918 0.1986819952726364
v 0.034595999866724014 0.017792999744415283 0.1986819952726364
v 0.03432700037956238 0.030774999409914017 0.1996220052242279
v 0.02918200008571148 0.030549999326467514 0.1996220052242279
v 0.03443500027060509 0.024018999189138412 0.2000180035829544
v 0.02918200008571148 0.030549999326467514 0.1996220052242279
v 0.02928999997675419 0.02379399910569191 0.2000180035829544
v 0.03443500027060509 0.024018999189138412 0.2000180035829544
v 0.03414199873805046 0.03719799965620041 0.19715900719165802
v 0.02899700030684471 0.036972999572753906 0.19715900719165802
v 0.03432700037956238 0.030774999409914017 0.1996220052242279
v 0.02899700030684471 0.036972999572753906 0.19715900719165802
v 0.02918200008571148 0.030549999326467514 0.1996220052242279
v 0.03432700037956238 0.030774999409914017 0.1996220052242279
v 0.034047000110149384 0.041064001619815826 0.19441500306129456
v 0.028901999816298485 0.04083999991416931 0.19441500306129456
v 0.03414199873805046 0.03719799965620041 0.19715900719165802
v 0.028901999816298485 0.04083999991416931 0.19441500306129456
v 0.02899700030684471 0.036972999572753906 0.19715900719165802
v 0.03414199873805046 0.03719799965620041 0.19715900719165802
v 0.03392300009727478 0.04543000087141991 0.18934200704097748
v 0.02877799980342388 0.045205000787973404 0.18934200704097748
v 0.033980999141931534 0.04328000172972679 0.192112997174263
v 0.02877799980342388 0.045205000787973404 0.18934200704097748
v 0.028836000710725784 0.04305500164628029 0.192112997174263
v 0.033980999141931534 0.04328000172972679 0.192112997174263
v 0.033893000334501266 0.047235000878572464 0.18557800352573395
v 0.028748000040650368 0.04701000079512596 0.18557800352573395
v 0.03392300009727478 0.04543000087141991 0.18934200704097748
v 0.028748000040650368 0.04701000079512596 0.18557800352573395
v 0.02877799980342388 0.045205000787973404 0.18934200704097748
v 0.03392300009727478 0.04543000087141991 0.18934200704097748
v 0.033854998648166656 0.04837600141763687 0.18100400269031525
v 0.028710000216960907 0.04815100133419037 0.18100400269031525
v 0.033893000334501266 0.047235000878572464 0.18557800352573395
v 0.028710000216960907 0.04815100133419037 0.18100400269031525
v 0.028748000040650368 0.04701000079512596 0.18557800352573395
v 0.033893000334501266 0.047235000878572464 0.18557800352573395
v 0.033844999969005585 0.04864500090479851 0.17640399932861328
v 0.028699999675154686 0.048420000821352005 0.17640399932861328
v 0.033854998648166656 0.04837600141763687 0.18100400269031525
v 0.028699999675154686 0.048420000821352005 0.17640399932861328
v 0.028710000216960907 0.04815100133419037 0.18100400269031525
v 0.033854998648166656 0.04837600141763687 0.18100400269031525
v 0.03388800099492073 0.047669000923633575 0.17143100500106812
v 0.028743000701069832 0.04744499921798706 0.17143100500106812
v 0.033844999969005585 0.04864500090479851 0.17640399932861328
v 0.028743000701069832 0.04744499921798706 0.17143100500106812
v 0.028699999675154686 0.048420000821352005 0.17640399932861328
v 0.033844999969005585 0.04864500090479851 0.17640399932861328
v 0.03391699865460396 0.04632899910211563 0.1680780053138733
v 0.02877200022339821 0.046105001121759415 0.1680780053138733
v 0.028743000701069832 0.04744499921798706 0.17143100500106812
v 0.03391699865460396 0.04632899910211563 0.1680780053138733
v 0.028743000701069832 0.04744499921798706 0.17143100500106812
v 0.03388800099492073 0.047669000923633575 0.17143100500106812
v 0.0339680016040802 0.04419200122356415 0.16468499600887299
v 0.028822999447584152 0.04396799951791763 0.16468499600887299
v 0.02877200022339821 0.046105001121759415 0.1680780053138733
v 0.0339680016040802 0.04419200122356415 0.16468499600887299
v 0.02877200022339821 0.046105001121759415 0.1680780053138733
v 0.03391699865460396 0.04632899910211563 0.1680780053138733
v 0.034012001007795334 0.042194001376628876 0.16206100583076477
v 0.028867999091744423 0.04196900129318237 0.16206100583076477
v 0.028822999447584152 0.04396799951791763 0.16468499600887299
v 0.034012001007795334 0.042194001376628876 0.16206100583076477
v 0.028822999447584152 0.04396799951791763 0.16468499600887299
v 0.0339680016040802 0.04419200122356415 0.16468499600887299
v 0.03407900035381317 0.03952600061893463 0.15987800061702728
v 0.028934000059962273 0.039301998913288116 0.15987800061702728
v 0.028867999091744423 0.04196900129318237 0.16206100583076477
v 0.03407900035381317 0.03952600061893463 0.15987800061702728
v 0.028867999091744423 0.04196900129318237 0.16206100583076477
v 0.034012001007795334 0.042194001376628876 0.16206100583076477
v 0.03415299952030182 0.0367950014770031 0.15821699798107147
v 0.02900799922645092 0.036570001393556595 0.15821699798107147
v 0.028934000059962273 0.039301998913288116 0.15987800061702728
v 0.03415299952030182 0.0367950014770031 0.15821699798107147
v 0.028934000059962273 0.039301998913288116 0.15987800061702728
v 0.03407900035381317 0.03952600061893463 0.15987800061702728
v 0.034230999648571014 0.03335599973797798 0.15673699975013733
v 0.029085999354720116 0.03313099965453148 0.15673699975013733
v 0.02900799922645092 0.036570001393556595 0.15821699798107147
v 0.034230999648571014 0.03335599973797798 0.15673699975013733
v 0.02900799922645092 0.036570001393556595 0.15821699798107147
v 0.03415299952030182 0.0367950014770031 0.15821699798107147
v 0.03432700037956238 0.02951899915933609 0.15573500096797943
v 0.02918200008571148 0.029293999075889587 0.15573500096797943
v 0.029085999354720116 0.03313099965453148 0.15673699975013733
v 0.03432700037956238 0.02951899915933609 0.15573500096797943
v 0.029085999354720116 0.03313099965453148 0.15673699975013733
v 0.034230999648571014 0.03335599973797798 0.15673699975013733
v 0.03438900038599968 0.026065999642014503 0.15553100407123566
v 0.02924400009214878 0.025840999558568 0.15553100407123566
v 0.02918200008571148 0.029293999075889587 0.15573500096797943
v 0.03438900038599968 0.026065999642014503 0.15553100407123566
v 0.02918200008571148 0.029293999075889587 0.15573500096797943
v 0.03432700037956238 0.02951899915933609 0.15573500096797943
v 0.03329800069332123 0.070592001080513 0.21240200102329254
v 0.033980999141931534 0.04328000172972679 0.192112997174263
v 0.03362099826335907 0.06421799957752228 0.21955199539661407
v 0.033980999141931534 0.04328000172972679 0.192112997174263
v 0.034047000110149384 0.041064001619815826 0.19441500306129456
v 0.03362099826335907 0.06421799957752228 0.21955199539661407
v 0.03466999903321266 0.014627000316977501 0.12397799640893936
v 0.03450800105929375 0.021276000887155533 0.1561110019683838
v 0.03440200164914131 0.02458599954843521 0.12334100157022476
v 0.03450800105929375 0.021276000887155533 0.1561110019683838
v 0.03438900038599968 0.026065999642014503 0.15553100407123566
v 0.03440200164914131 0.02458599954843521 0.12334100157022476
v 0.03466999903321266 0.014627000316977501 0.12397799640893936
v 0.034922998398542404 0.006659999955445528 0.13054099678993225
v 0.03450800105929375 0.021276000887155533 0.1561110019683838
v 0.034922998398542404 0.006659999955445528 0.13054099678993225
v 0.034627001732587814 0.0163589995354414 0.15776200592517853
v 0.03450800105929375 0.021276000887155533 0.1561110019683838
v 0.034922998398542404 0.006659999955445528 0.13054099678993225
v 0.0351720005273819 -0.0035359999164938927 0.13684099912643433
v 0.034627001732587814 0.0163589995354414 0.15776200592517853
v 0.0351720005273819 -0.0035359999164938927 0.13684099912643433
v 0.034745000302791595 0.012257999740540981 0.16051499545574188
v 0.034627001732587814 0.0163589995354414 0.15776200592517853
v 0.0351720005273819 -0.0035359999164938927 0.13684099912643433
v 0.035388000309467316 -0.012387000024318695 0.14510400593280792
v 0.034745000302791595 0.012257999740540981 0.16051499545574188
v 0.035388000309467316 -0.012387000024318695 0.14510400593280792
v 0.0348300002515316 0.008572000078856945 0.1644430011510849
v 0.034745000302791595 0.012257999740540981 0.16051499545574188
v 0.035388000309467316 -0.012387000024318695 0.14510400593280792
v 0.035548001527786255 -0.018915999680757523 0.15493899583816528
v 0.0348300002515316 0.008572000078856945 0.1644430011510849
v 0.035548001527786255 -0.018915999680757523 0.15493899583816528
v 0.03489400073885918 0.00559999980032444 0.16931700706481934
v 0.0348300002515316 0.008572000078856945 0.1644430011510849
v 0.035548001527786255 -0.018915999680757523 0.15493899583816528
v 0.035652000457048416 -0.02309899963438511 0.16691100597381592
v 0.03489400073885918 0.00559999980032444 0.16931700706481934
v 0.035652000457048416 -0.02309899963438511 0.16691100597381592
v 0.03492400050163269 0.004253000020980835 0.17399999499320984
v 0.03489400073885918 0.00559999980032444 0.16931700706481934
v 0.035652000457048416 -0.02309899963438511 0.16691100597381592
v 0.035677000880241394 -0.024164000526070595 0.17889100313186646
v 0.03492400050163269 0.004253000020980835 0.17399999499320984
v 0.035677000880241394 -0.024164000526070595 0.17889100313186646
v 0.03493199869990349 0.003932999912649393 0.17897099256515503
v 0.03492400050163269 0.004253000020980835 0.17399999499320984
v 0.035677000880241394 -0.024164000526070595 0.17889100313186646
v 0.03562299907207489 -0.02198999933898449 0.19243299961090088
v 0.03493199869990349 0.003932999912649393 0.17897099256515503
v 0.03562299907207489 -0.02198999933898449 0.19243299961090088
v 0.034915000200271606 0.00494900019839406 0.1845719963312149
v 0.03493199869990349 0.003932999912649393 0.17897099256515503
v 0.03562299907207489 -0.02198999933898449 0.19243299961090088
v 0.0355990007519722 -0.016573000699281693 0.2041430026292801
v 0.034915000200271606 0.00494900019839406 0.1845719963312149
v 0.0355990007519722 -0.016573000699281693 0.2041430026292801
v 0.03483999893069267 0.007424999959766865 0.1898449957370758
v 0.034915000200271606 0.00494900019839406 0.1845719963312149
v 0.0355990007519722 -0.016573000699281693 0.2041430026292801
v 0.035420000553131104 -0.009286000393331051 0.2134310007095337
v 0.03478499874472618 0.009875999763607979 0.19284600019454956
v 0.0355990007519722 -0.016573000699281693 0.2041430026292801
v 0.03478499874472618 0.009875999763607979 0.19284600019454956
v 0.03483999893069267 0.007424999959766865 0.1898449957370758
v 0.035420000553131104 -0.009286000393331051 0.2134310007095337
v 0.03521899878978729 -0.0009120000177063048 0.2203740030527115
v 0.034703999757766724 0.013268999755382538 0.19600600004196167
v 0.035420000553131104 -0.009286000393331051 0.2134310007095337
v 0.034703999757766724 0.013268999755382538 0.19600600004196167
v 0.03478499874472618 0.009875999763607979 0.19284600019454956
v 0.03521899878978729 -0.0009120000177063048 0.2203740030527115
v 0.03495499864220619 0.00981799978762865 0.22541600465774536
v 0.034595999866724014 0.017792999744415283 0.1986819952726364
v 0.03521899878978729 -0.0009120000177063048 0.2203740030527115
v 0.034595999866724014 0.017792999744415283 0.1986819952726364
v 0.034703999757766724 0.013268999755382538 0.19600600004196167
v 0.03495499864220619 0.00981799978762865 0.22541600465774536
v 0.03466400131583214 0.021692000329494476 0.22779500484466553
v 0.03443500027060509 0.024018999189138412 0.2000180035829544
v 0.03495499864220619 0.00981799978762865 0.22541600465774536
v 0.03443500027060509 0.024018999189138412 0.2000180035829544
v 0.034595999866724014 0.017792999744415283 0.1986819952726364
v 0.03466400131583214 0.021692000329494476 0.22779500484466553
v 0.034313999116420746 0.03595300018787384 0.22707200050354004
v 0.03443500027060509 0.024018999189138412 0.2000180035829544
v 0.034313999116420746 0.03595300018787384 0.22707200050354004
v 0.03432700037956238 0.030774999409914017 0.1996220052242279
v 0.03443500027060509 0.024018999189138412 0.2000180035829544
v 0.03393600136041641 0.051357001066207886 0.22368699312210083
v 0.03414199873805046 0.03719799965620041 0.19715900719165802
v 0.034313999116420746 0.03595300018787384 0.22707200050354004
v 0.03414199873805046 0.03719799965620041 0.19715900719165802
v 0.03432700037956238 0.030774999409914017 0.1996220052242279
v 0.034313999116420746 0.03595300018787384 0.22707200050354004
v 0.03362099826335907 0.06421799957752228 0.21955199539661407
v 0.034047000110149384 0.041064001619815826 0.19441500306129456
v 0.03393600136041641 0.051357001066207886 0.22368699312210083
v 0.034047000110149384 0.041064001619815826 0.19441500306129456
v 0.03414199873805046 0.03719799965620041 0.19715900719165802
v 0.03393600136041641 0.051357001066207886 0.22368699312210083
v 0.03329800069332123 0.070592001080513 0.21240200102329254
v 0.03325499966740608 0.07034000009298325 0.2056560069322586
v 0.033980999141931534 0.04328000172972679 0.192112997174263
v 0.03325499966740608 0.07034000009298325 0.2056560069322586
v 0.03392300009727478 0.04543000087141991 0.18934200704097748
v 0.033980999141931534 0.04328000172972679 0.192112997174263
v 0.03325499966740608 0.07034000009298325 0.2056560069322586
v 0.03320100158452988 0.07456699758768082 0.19686700403690338
v 0.03392300009727478 0.04543000087141991 0.18934200704097748
v 0.03320100158452988 0.07456699758768082 0.19686700403690338
v 0.033893000334501266 0.047235000878572464 0.18557800352573395
v 0.03392300009727478 0.04543000087141991 0.18934200704097748
v 0.03320100158452988 0.07456699758768082 0.19686700403690338
v 0.03305799886584282 0.07773599773645401 0.1853100061416626
v 0.033893000334501266 0.047235000878572464 0.18557800352573395
v 0.03305799886584282 0.07773599773645401 0.1853100061416626
v 0.033854998648166656 0.04837600141763687 0.18100400269031525
v 0.033893000334501266 0.047235000878572464 0.18557800352573395
v 0.03305799886584282 0.07773599773645401 0.1853100061416626
v 0.03305799886584282 0.07816699892282486 0.17393499612808228
v 0.033844999969005585 0.04864500090479851 0.17640399932861328
v 0.03305799886584282 0.07773599773645401 0.1853100061416626
v 0.033844999969005585 0.04864500090479851 0.17640399932861328
v 0.033854998648166656 0.04837600141763687 0.18100400269031525
v 0.03305799886584282 0.07816699892282486 0.17393499612808228
v 0.03315899893641472 0.07623700052499771 0.16353599727153778
v 0.033844999969005585 0.04864500090479851 0.17640399932861328
v 0.03315899893641472 0.07623700052499771 0.16353599727153778
v 0.03388800099492073 0.047669000923633575 0.17143100500106812
v 0.033844999969005585 0.04864500090479851 0.17640399932861328
v 0.03315899893641472 0.07623700052499771 0.16353599727153778
v 0.03318599984049797 0.0733179971575737 0.1555359959602356
v 0.03388800099492073 0.047669000923633575 0.17143100500106812
v 0.03318599984049797 0.0733179971575737 0.1555359959602356
v 0.03391699865460396 0.04632899910211563 0.1680780053138733
v 0.03388800099492073 0.047669000923633575 0.17143100500106812
v 0.03318599984049797 0.0733179971575737 0.1555359959602356
v 0.03334299847483635 0.06898999959230423 0.1479959934949875
v 0.03391699865460396 0.04632899910211563 0.1680780053138733
v 0.03334299847483635 0.06898999959230423 0.1479959934949875
v 0.0339680016040802 0.04419200122356415 0.16468499600887299
v 0.03391699865460396 0.04632899910211563 0.1680780053138733
v 0.03334299847483635 0.06898999959230423 0.1479959934949875
v 0.03347799926996231 0.06381600350141525 0.1419440060853958
v 0.0339680016040802 0.04419200122356415 0.16468499600887299
v 0.03347799926996231 0.06381600350141525 0.1419440060853958
v 0.034012001007795334 0.042194001376628876 0.16206100583076477
v 0.0339680016040802 0.04419200122356415 0.16468499600887299
v 0.03347799926996231 0.06381600350141525 0.1419440060853958
v 0.033608999103307724 0.05843900144100189 0.1370609998703003
v 0.034012001007795334 0.042194001376628876 0.16206100583076477
v 0.033608999103307724 0.05843900144100189 0.1370609998703003
v 0.03407900035381317 0.03952600061893463 0.15987800061702728
v 0.034012001007795334 0.042194001376628876 0.16206100583076477
v 0.033608999103307724 0.05843900144100189 0.1370609998703003
v 0.03378000110387802 0.05135200172662735 0.1325719952583313
v 0.03407900035381317 0.03952600061893463 0.15987800061702728
v 0.03378000110387802 0.05135200172662735 0.1325719952583313
v 0.03415299952030182 0.0367950014770031 0.15821699798107147
v 0.03407900035381317 0.03952600061893463 0.15987800061702728
v 0.03378000110387802 0.05135200172662735 0.1325719952583313
v 0.03398500010371208 0.04293899983167648 0.12858599424362183
v 0.034230999648571014 0.03335599973797798 0.15673699975013733
v 0.03378000110387802 0.05135200172662735 0.1325719952583313
v 0.034230999648571014 0.03335599973797798 0.15673699975013733
v 0.03415299952030182 0.0367950014770031 0.15821699798107147
v 0.03398500010371208 0.04293899983167648 0.12858599424362183
v 0.034196000546216965 0.03302999958395958 0.1262809932231903
v 0.03432700037956238 0.02951899915933609 0.15573500096797943
v 0.03398500010371208 0.04293899983167648 0.12858599424362183
v 0.03432700037956238 0.02951899915933609 0.15573500096797943
v 0.034230999648571014 0.03335599973797798 0.15673699975013733
v 0.034196000546216965 0.03302999958395958 0.1262809932231903
v 0.03440200164914131 0.02458599954843521 0.12334100157022476
v 0.03438900038599968 0.026065999642014503 0.15553100407123566
v 0.034196000546216965 0.03302999958395958 0.1262809932231903
v 0.03438900038599968 0.026065999642014503 0.15553100407123566
v 0.03432700037956238 0.02951899915933609 0.15573500096797943
v 0.034460000693798065 0.022870000451803207 0.11834900081157684
v 0.03452499955892563 0.01954600028693676 0.11653199791908264
v 0.03440200164914131 0.02458599954843521 0.12334100157022476
v 0.03452499955892563 0.01954600028693676 0.11653199791908264
v 0.03466999903321266 0.014627000316977501 0.12397799640893936
v 0.03440200164914131 0.02458599954843521 0.12334100157022476
vt 0.1606999933719635 0.5109540224075317
vt 0.1514430046081543 0.4892440140247345
vt 0.1615770012140274 0.48408201336860657
vt 0.2886120080947876 0.2217700034379959
vt 0.2733129858970642 0.20517699420452118
vt 0.30503299832344055 0.2164119929075241
vt 0.18133999407291412 0.27617698907852173
vt 0.17135000228881836 0.3117470145225525
vt 0.17528000473976135 0.27540600299835205
vt 0.17528000473976135 0.27540600299835205
vt 0.17135000228881836 0.3117470145225525
vt 0.16829000413417816 0.2758919894695282
vt 0.16829000413417816 0.2758919894695282
vt 0.17135000228881836 0.3117470145225525
vt 0.16183699667453766 0.27733999490737915
vt 0.16183699667453766 0.27733999490737915
vt 0.17135000228881836 0.3117470145225525
vt 0.1565530002117157 0.2793309986591339
vt 0.1565530002117157 0.2793309986591339
vt 0.17135000228881836 0.3117470145225525
vt 0.1512089967727661 0.2822520136833191
vt 0.1512089967727661 0.2822520136833191
vt 0.17135000228881836 0.3117470145225525
vt 0.1468839943408966 0.28615498542785645
vt 0.1468839943408966 0.28615498542785645
vt 0.17135000228881836 0.3117470145225525
vt 0.14206799864768982 0.2913469970226288
vt 0.14206799864768982 0.2913469970226288
vt 0.17135000228881836 0.3117470145225525
vt 0.13864800333976746 0.29673001170158386
vt 0.13864800333976746 0.29673001170158386
vt 0.17135000228881836 0.3117470145225525
vt 0.13533200323581696 0.3050439953804016
vt 0.13533200323581696 0.3050439953804016
vt 0.17135000228881836 0.3117470145225525
vt 0.13429999351501465 0.31311699748039246
vt 0.13429999351501465 0.31311699748039246
vt 0.17135000228881836 0.3117470145225525
vt 0.13479000329971313 0.32142698764801025
vt 0.13479000329971313 0.32142698764801025
vt 0.17135000228881836 0.3117470145225525
vt 0.136695995926857 0.3285500109195709
vt 0.136695995926857 0.3285500109195709
vt 0.17135000228881836 0.3117470145225525
vt 0.13952599465847015 0.33406001329421997
vt 0.14262300729751587 0.3387799859046936
vt 0.17135000228881836 0.3117470145225525
vt 0.14844200015068054 0.34480300545692444
vt 0.14844200015068054 0.34480300545692444
vt 0.17135000228881836 0.3117470145225525
vt 0.15879200398921967 0.351173996925354
vt 0.15879200398921967 0.351173996925354
vt 0.17135000228881836 0.3117470145225525
vt 0.1703909933567047 0.3540619909763336
vt 0.1703909933567047 0.3540619909763336
vt 0.17135000228881836 0.3117470145225525
vt 0.1816370040178299 0.3537749946117401
vt 0.1816370040178299 0.3537749946117401
vt 0.17135000228881836 0.3117470145225525
vt 0.19036400318145752 0.3506050109863281
vt 0.19036400318145752 0.3506050109863281
vt 0.17135000228881836 0.3117470145225525
vt 0.197284996509552 0.3462269902229309
vt 0.197284996509552 0.3462269902229309
vt 0.17135000228881836 0.3117470145225525
vt 0.2025199979543686 0.3418160080909729
vt 0.2025199979543686 0.3418160080909729
vt 0.17135000228881836 0.3117470145225525
vt 0.2085389941930771 0.33347100019454956
vt 0.2085389941930771 0.33347100019454956
vt 0.17135000228881836 0.3117470145225525
vt 0.21212799847126007 0.3240810036659241
vt 0.21212799847126007 0.3240810036659241
vt 0.17135000228881836 0.3117470145225525
vt 0.21319299936294556 0.3153479993343353
vt 0.21319299936294556 0.3153479993343353
vt 0.17135000228881836 0.3117470145225525
vt 0.2123810052871704 0.30677899718284607
vt 0.2123810052871704 0.30677899718284607
vt 0.17135000228881836 0.3117470145225525
vt 0.2088100016117096 0.29735100269317627
vt 0.2088100016117096 0.29735100269317627
vt 0.17135000228881836 0.3117470145225525
vt 0.2036910057067871 0.28933098912239075
vt 0.2036910057067871 0.28933098912239075
vt 0.17135000228881836 0.3117470145225525
vt 0.19746799767017365 0.2832140028476715
vt 0.19746799767017365 0.2832140028476715
vt 0.17135000228881836 0.3117470145225525
vt 0.18946699798107147 0.27874499559402466
vt 0.18946699798107147 0.27874499559402466
vt 0.17135000228881836 0.3117470145225525
vt 0.18133999407291412 0.27617698907852173
vt 0.13952599465847015 0.33406001329421997
vt 0.17135000228881836 0.3117470145225525
vt 0.14262300729751587 0.3387799859046936
vt 0.8764169812202454 0.31368300318717957
vt 0.9096180200576782 0.30765700340270996
vt 0.875868022441864 0.33747199177742004
vt 0.9126480221748352 0.2843729853630066
vt 0.941307008266449 0.2748290002346039
vt 0.9096180200576782 0.30765700340270996
vt 0.9469329714775085 0.04611700028181076
vt 0.9468550086021423 0.029631000012159348
vt 0.9579899907112122 0.04786600172519684
vt 0.941307008266449 0.2748290002346039
vt 0.9415559768676758 0.26010799407958984
vt 0.9483019709587097 0.26013898849487305
vt 0.5705749988555908 0.6694639921188354
vt 0.5679180026054382 0.690392017364502
vt 0.49789801239967346 0.6784610152244568
vt 0.5679180026054382 0.690392017364502
vt 0.5612760186195374 0.7085850238800049
vt 0.49789801239967346 0.6784610152244568
vt 0.5612760186195374 0.7085850238800049
vt 0.5506889820098877 0.723118007183075
vt 0.49789801239967346 0.6784610152244568
vt 0.5506889820098877 0.723118007183075
vt 0.5389660000801086 0.7336829900741577
vt 0.49789801239967346 0.6784610152244568
vt 0.5389660000801086 0.7336829900741577
vt 0.5285080075263977 0.7401440143585205
vt 0.49789801239967346 0.6784610152244568
vt 0.5285080075263977 0.7401440143585205
vt 0.5136039853096008 0.7454599738121033
vt 0.49789801239967346 0.6784610152244568
vt 0.5136039853096008 0.7454599738121033
vt 0.4962640106678009 0.7475280165672302
vt 0.49789801239967346 0.6784610152244568
vt 0.4962640106678009 0.7475280165672302
vt 0.4781459867954254 0.7451490163803101
vt 0.49789801239967346 0.6784610152244568
vt 0.4781459867954254 0.7451490163803101
vt 0.46386998891830444 0.7396569848060608
vt 0.49789801239967346 0.6784610152244568
vt 0.46386998891830444 0.7396569848060608
vt 0.44762301445007324 0.7287330031394958
vt 0.49789801239967346 0.6784610152244568
vt 0.44762301445007324 0.7287330031394958
vt 0.4368230104446411 0.7165679931640625
vt 0.49789801239967346 0.6784610152244568
vt 0.4368230104446411 0.7165679931640625
vt 0.42759498953819275 0.6980609893798828
vt 0.49789801239967346 0.6784610152244568
vt 0.42759498953819275 0.6980609893798828
vt 0.42300501465797424 0.672203004360199
vt 0.49789801239967346 0.6784610152244568
vt 0.42300501465797424 0.672203004360199
vt 0.4262790083885193 0.6521080136299133
vt 0.49789801239967346 0.6784610152244568
vt 0.5634350180625916 0.6449900269508362
vt 0.5705749988555908 0.6694639921188354
vt 0.49789801239967346 0.6784610152244568
vt 0.5497499704360962 0.6243550181388855
vt 0.5634350180625916 0.6449900269508362
vt 0.49789801239967346 0.6784610152244568
vt 0.5310789942741394 0.6098049879074097
vt 0.5497499704360962 0.6243550181388855
vt 0.49789801239967346 0.6784610152244568
vt 0.5051259994506836 0.6026080250740051
vt 0.5310789942741394 0.6098049879074097
vt 0.49789801239967346 0.6784610152244568
vt 0.4760180115699768 0.6051430106163025
vt 0.5051259994506836 0.6026080250740051
vt 0.49789801239967346 0.6784610152244568
vt 0.45022401213645935 0.6177480220794678
vt 0.4760180115699768 0.6051430106163025
vt 0.49789801239967346 0.6784610152244568
vt 0.4335789978504181 0.6368150115013123
vt 0.45022401213645935 0.6177480220794678
vt 0.49789801239967346 0.6784610152244568
vt 0.4262790083885193 0.6521080136299133
vt 0.4335789978504181 0.6368150115013123
vt 0.49789801239967346 0.6784610152244568
vt 0.5443230271339417 0.5768420100212097
vt 0.5067369937896729 0.5739859938621521
vt 0.5062059760093689 0.5642200112342834
vt 0.5730339884757996 0.5957090258598328
vt 0.5443230271339417 0.5768420100212097
vt 0.5735369920730591 0.587086021900177
vt 0.34237000346183777 0.38538500666618347
vt 0.33632099628448486 0.36740899085998535
vt 0.37357598543167114 0.36745500564575195
vt 0.37357598543167114 0.36745500564575195
vt 0.36174601316452026 0.34328898787498474
vt 0.3956420123577118 0.34834301471710205
vt 0.33632099628448486 0.36740899085998535
vt 0.36174601316452026 0.34328898787498474
vt 0.37357598543167114 0.36745500564575195
vt 0.33632099628448486 0.36740899085998535
vt 0.3359749913215637 0.34243500232696533
vt 0.36174601316452026 0.34328898787498474
vt 0.5777180194854736 0.23722800612449646
vt 0.5546489953994751 0.1840829998254776
vt 0.5713369846343994 0.19113300740718842
vt 0.5777180194854736 0.23722800612449646
vt 0.5713369846343994 0.19113300740718842
vt 0.5965750217437744 0.2096250057220459
vt 0.6153389811515808 0.23426200449466705
vt 0.6373159885406494 0.26627200841903687
vt 0.610617995262146 0.2903839945793152
vt 0.5850139856338501 0.311271995306015
vt 0.5809910297393799 0.27178698778152466
vt 0.610617995262146 0.2903839945793152
vt 0.5809910297393799 0.27178698778152466
vt 0.6153389811515808 0.23426200449466705
vt 0.610617995262146 0.2903839945793152
vt 0.05053799971938133 0.7865020036697388
vt 0.0338129997253418 0.7887160181999207
vt 0.03079400025308132 0.7368680238723755
vt 0.3855000138282776 0.2802790105342865
vt 0.3671329915523529 0.2310589998960495
vt 0.4256120026111603 0.23635399341583252
vt 0.6168709993362427 0.319335013628006
vt 0.651669979095459 0.34585699439048767
vt 0.6093189716339111 0.3563919961452484
vt 0.3671329915523529 0.2310589998960495
vt 0.3486289978027344 0.19800099730491638
vt 0.3971579968929291 0.20307399332523346
vt 0.2692030072212219 0.17062099277973175
vt 0.3022100031375885 0.16803599894046783
vt 0.30489298701286316 0.1928350031375885
vt 0.0206339992582798 0.7032859921455383
vt 0.03451300039887428 0.6715549826622009
vt 0.029573999345302582 0.7039409875869751
vt 0.2508929967880249 0.6556180119514465
vt 0.2443619966506958 0.6262990236282349
vt 0.26244598627090454 0.6524180173873901
vt 0.5531859993934631 0.3914659917354584
vt 0.5697879791259766 0.3648500144481659
vt 0.5851820111274719 0.38636600971221924
vt 0.5335689783096313 0.4096260070800781
vt 0.5531859993934631 0.3914659917354584
vt 0.558791995048523 0.40985000133514404
vt 0.046973999589681625 0.6690620183944702
vt 0.03451300039887428 0.6715549826622009
vt 0.04041900113224983 0.6464130282402039
vt 0.25095000863075256 0.1547580063343048
vt 0.2687230110168457 0.15041999518871307
vt 0.2692030072212219 0.17062099277973175
vt 0.6883699893951416 0.3861660063266754
vt 0.7063429951667786 0.4059309959411621
vt 0.6701250076293945 0.41686999797821045
vt 0.41098499298095703 0.14834600687026978
vt 0.4134669899940491 0.12253499776124954
vt 0.4486129879951477 0.12626899778842926
vt 0.3036069869995117 0.14814800024032593
vt 0.30376699566841125 0.12311600148677826
vt 0.33496201038360596 0.12304800003767014
vt 0.18301700055599213 0.5878069996833801
vt 0.18081499636173248 0.5584949851036072
vt 0.209197998046875 0.5822299718856812
vt 0.7063429951667786 0.4059309959411621
vt 0.7357550263404846 0.4267910122871399
vt 0.7011420130729675 0.4371489882469177
vt 0.5936220288276672 0.43310898542404175
vt 0.5684689879417419 0.46053099632263184
vt 0.5514209866523743 0.4327389895915985
vt 0.23065899312496185 0.12376400083303452
vt 0.24365699291229248 0.09658800065517426
vt 0.2467149943113327 0.13273799419403076
vt 0.04867200180888176 0.6185550093650818
vt 0.06399200111627579 0.5861049890518188
vt 0.07331100106239319 0.6132230162620544
vt 0.18081499636173248 0.5584949851036072
vt 0.13628500699996948 0.5699689984321594
vt 0.15122799575328827 0.5436909794807434
vt 0.06399200111627579 0.5861049890518188
vt 0.08720800280570984 0.5594310164451599
vt 0.10012199729681015 0.579246997833252
vt 0.5036309957504272 0.10116899758577347
vt 0.49354299902915955 0.07348299771547318
vt 0.5376070141792297 0.08155100047588348
vt 0.4966770112514496 0.4661960005760193
vt 0.517753005027771 0.48829901218414307
vt 0.4797540009021759 0.4949429929256439
vt 0.7699840068817139 0.4523400068283081
vt 0.8090050220489502 0.48356500267982483
vt 0.7791380286216736 0.48819398880004883
vt 0.5338910222053528 0.04642000049352646
vt 0.5652719736099243 0.046227000653743744
vt 0.5376070141792297 0.08155100047588348
vt 0.5652719736099243 0.046227000653743744
vt 0.5949109792709351 0.04598499834537506
vt 0.5967469811439514 0.08643800020217896
vt 0.8354060053825378 0.43985599279403687
vt 0.8422319889068604 0.47683799266815186
vt 0.8090050220489502 0.48356500267982483
vt 0.7239260077476501 0.7261360287666321
vt 0.7393699884414673 0.7109569907188416
vt 0.8188580274581909 0.8059920072555542
vt 0.7080850005149841 0.7498049736022949
vt 0.7239260077476501 0.7261360287666321
vt 0.8188580274581909 0.8059920072555542
vt 0.6976699829101562 0.7798100113868713
vt 0.7080850005149841 0.7498049736022949
vt 0.8188580274581909 0.8059920072555542
vt 0.6950830221176147 0.815002977848053
vt 0.6976699829101562 0.7798100113868713
vt 0.8188580274581909 0.8059920072555542
vt 0.7010110020637512 0.8461300134658813
vt 0.6950830221176147 0.815002977848053
vt 0.8188580274581909 0.8059920072555542
vt 0.713687002658844 0.8737310171127319
vt 0.7010110020637512 0.8461300134658813
vt 0.8188580274581909 0.8059920072555542
vt 0.7324529886245728 0.8966619968414307
vt 0.713687002658844 0.8737310171127319
vt 0.8188580274581909 0.8059920072555542
vt 0.7563459873199463 0.9153900146484375
vt 0.7324529886245728 0.8966619968414307
vt 0.8188580274581909 0.8059920072555542
vt 0.7820460200309753 0.9270470142364502
vt 0.7563459873199463 0.9153900146484375
vt 0.8188580274581909 0.8059920072555542
vt 0.8198739886283875 0.9326419830322266
vt 0.7820460200309753 0.9270470142364502
vt 0.8188580274581909 0.8059920072555542
vt 0.857122004032135 0.9271050095558167
vt 0.8198739886283875 0.9326419830322266
vt 0.8188580274581909 0.8059920072555542
vt 0.8859689831733704 0.9145339727401733
vt 0.857122004032135 0.9271050095558167
vt 0.8188580274581909 0.8059920072555542
vt 0.9088410139083862 0.8962889909744263
vt 0.8859689831733704 0.9145339727401733
vt 0.8188580274581909 0.8059920072555542
vt 0.9302330017089844 0.868565022945404
vt 0.9088410139083862 0.8962889909744263
vt 0.8188580274581909 0.8059920072555542
vt 0.941307008266449 0.8419610261917114
vt 0.9302330017089844 0.868565022945404
vt 0.8188580274581909 0.8059920072555542
vt 0.9457079768180847 0.815945029258728
vt 0.941307008266449 0.8419610261917114
vt 0.8188580274581909 0.8059920072555542
vt 0.9457079768180847 0.7930120229721069
vt 0.9457079768180847 0.815945029258728
vt 0.8188580274581909 0.8059920072555542
vt 0.9411929845809937 0.7703359723091125
vt 0.9457079768180847 0.7930120229721069
vt 0.8188580274581909 0.8059920072555542
vt 0.9319480061531067 0.7485640048980713
vt 0.9411929845809937 0.7703359723091125
vt 0.8188580274581909 0.8059920072555542
vt 0.9154239892959595 0.7247989773750305
vt 0.9319480061531067 0.7485640048980713
vt 0.8188580274581909 0.8059920072555542
vt 0.9004529714584351 0.7099429965019226
vt 0.9154239892959595 0.7247989773750305
vt 0.8188580274581909 0.8059920072555542
vt 0.8773159980773926 0.695032000541687
vt 0.9004529714584351 0.7099429965019226
vt 0.8188580274581909 0.8059920072555542
vt 0.8479099869728088 0.6844800114631653
vt 0.8773159980773926 0.695032000541687
vt 0.8188580274581909 0.8059920072555542
vt 0.8207650184631348 0.6812829971313477
vt 0.8479099869728088 0.6844800114631653
vt 0.8188580274581909 0.8059920072555542
vt 0.7986770272254944 0.6835240125656128
vt 0.8207650184631348 0.6812829971313477
vt 0.8188580274581909 0.8059920072555542
vt 0.7393699884414673 0.7109569907188416
vt 0.7584400177001953 0.6978260278701782
vt 0.8188580274581909 0.8059920072555542
vt 0.7584400177001953 0.6978260278701782
vt 0.7789329886436462 0.6883249878883362
vt 0.8188580274581909 0.8059920072555542
vt 0.7789329886436462 0.6883249878883362
vt 0.7986770272254944 0.6835240125656128
vt 0.8188580274581909 0.8059920072555542
vt 0.011417999863624573 0.7025359869003296
vt 0.023086000233888626 0.6703659892082214
vt 0.0206339992582798 0.7032859921455383
vt 0.0206339992582798 0.7032859921455383
vt 0.023086000233888626 0.6703659892082214
vt 0.03451300039887428 0.6715549826622009
vt 0.3782249987125397 0.9742069840431213
vt 0.3636240065097809 0.9741089940071106
vt 0.3782770037651062 0.9636489748954773
vt 0.3636240065097809 0.9741089940071106
vt 0.36367499828338623 0.9635499715805054
vt 0.3782770037651062 0.9636489748954773
vt 0.39445599913597107 0.9743030071258545
vt 0.3782249987125397 0.9742069840431213
vt 0.3945100009441376 0.9637449979782104
vt 0.3782249987125397 0.9742069840431213
vt 0.3782770037651062 0.9636489748954773
vt 0.3945100009441376 0.9637449979782104
vt 0.41109201312065125 0.9743679761886597
vt 0.39445599913597107 0.9743030071258545
vt 0.3945100009441376 0.9637449979782104
vt 0.41109201312065125 0.9743679761886597
vt 0.3945100009441376 0.9637449979782104
vt 0.41114699840545654 0.9638109803199768
vt 0.3636240065097809 0.9741089940071106
vt 0.3476699888706207 0.9740409851074219
vt 0.34772101044654846 0.9634829759597778
vt 0.3636240065097809 0.9741089940071106
vt 0.34772101044654846 0.9634829759597778
vt 0.36367499828338623 0.9635499715805054
vt 0.3476699888706207 0.9740409851074219
vt 0.32802900671958923 0.9739329814910889
vt 0.34772101044654846 0.9634829759597778
vt 0.32802900671958923 0.9739329814910889
vt 0.3280789852142334 0.9633749723434448
vt 0.34772101044654846 0.9634829759597778
vt 0.32802900671958923 0.9739329814910889
vt 0.30557799339294434 0.9738360047340393
vt 0.3056269884109497 0.9632769823074341
vt 0.32802900671958923 0.9739329814910889
vt 0.3056269884109497 0.9632769823074341
vt 0.3280789852142334 0.9633749723434448
vt 0.30557799339294434 0.9738360047340393
vt 0.28579598665237427 0.9737409949302673
vt 0.3056269884109497 0.9632769823074341
vt 0.28579598665237427 0.9737409949302673
vt 0.2858459949493408 0.9631819725036621
vt 0.3056269884109497 0.9632769823074341
vt 0.28579598665237427 0.9737409949302673
vt 0.27063900232315063 0.9736800193786621
vt 0.270687997341156 0.9631209969520569
vt 0.28579598665237427 0.9737409949302673
vt 0.270687997341156 0.9631209969520569
vt 0.2858459949493408 0.9631819725036621
vt 0.27063900232315063 0.9736800193786621
vt 0.2498369961977005 0.9735770225524902
vt 0.270687997341156 0.9631209969520569
vt 0.2498369961977005 0.9735770225524902
vt 0.24988700449466705 0.963018000125885
vt 0.270687997341156 0.9631209969520569
vt 0.2498369961977005 0.9735770225524902
vt 0.2328380048274994 0.973537027835846
vt 0.23288799822330475 0.9629769921302795
vt 0.2498369961977005 0.9735770225524902
vt 0.23288799822330475 0.9629769921302795
vt 0.24988700449466705 0.963018000125885
vt 0.2328380048274994 0.973537027835846
vt 0.21622200310230255 0.9734640121459961
vt 0.21627099812030792 0.9629039764404297
vt 0.2328380048274994 0.973537027835846
vt 0.21627099812030792 0.9629039764404297
vt 0.23288799822330475 0.9629769921302795
vt 0.21622200310230255 0.9734640121459961
vt 0.1997399926185608 0.9733880162239075
vt 0.19979000091552734 0.9628289937973022
vt 0.21622200310230255 0.9734640121459961
vt 0.19979000091552734 0.9628289937973022
vt 0.21627099812030792 0.9629039764404297
vt 0.1997399926185608 0.9733880162239075
vt 0.18077600002288818 0.9732990264892578
vt 0.18082599341869354 0.9627389907836914
vt 0.1997399926185608 0.9733880162239075
vt 0.18082599341869354 0.9627389907836914
vt 0.19979000091552734 0.9628289937973022
vt 0.18077600002288818 0.9732990264892578
vt 0.16006599366664886 0.9731950163841248
vt 0.18082599341869354 0.9627389907836914
vt 0.16006599366664886 0.9731950163841248
vt 0.16011600196361542 0.9626359939575195
vt 0.18082599341869354 0.9627389907836914
vt 0.16006599366664886 0.9731950163841248
vt 0.13490000367164612 0.9730769991874695
vt 0.13494999706745148 0.9625170230865479
vt 0.16006599366664886 0.9731950163841248
vt 0.13494999706745148 0.9625170230865479
vt 0.16011600196361542 0.9626359939575195
vt 0.13490000367164612 0.9730769991874695
vt 0.1138719990849495 0.9729830026626587
vt 0.11392299830913544 0.9624230265617371
vt 0.13490000367164612 0.9730769991874695
vt 0.11392299830913544 0.9624230265617371
vt 0.13494999706745148 0.9625170230865479
vt 0.6803489923477173 0.9758579730987549
vt 0.6577489972114563 0.9754809737205505
vt 0.6804059743881226 0.9653040170669556
vt 0.6577489972114563 0.9754809737205505
vt 0.6578059792518616 0.9649270176887512
vt 0.6804059743881226 0.9653040170669556
vt 0.6577489972114563 0.9754809737205505
vt 0.6306989789009094 0.975354015827179
vt 0.6307560205459595 0.9648000001907349
vt 0.6577489972114563 0.9754809737205505
vt 0.6307560205459595 0.9648000001907349
vt 0.6578059792518616 0.9649270176887512
vt 0.6306989789009094 0.975354015827179
vt 0.6032310128211975 0.9754340052604675
vt 0.6032879948616028 0.9648799896240234
vt 0.6306989789009094 0.975354015827179
vt 0.6032879948616028 0.9648799896240234
vt 0.6307560205459595 0.9648000001907349
vt 0.6032310128211975 0.9754340052604675
vt 0.5829600095748901 0.9752990007400513
vt 0.6032879948616028 0.9648799896240234
vt 0.5829600095748901 0.9752990007400513
vt 0.5830169916152954 0.964743971824646
vt 0.6032879948616028 0.9648799896240234
vt 0.5829600095748901 0.9752990007400513
vt 0.561152994632721 0.9751920104026794
vt 0.5612099766731262 0.9646379947662354
vt 0.5829600095748901 0.9752990007400513
vt 0.5612099766731262 0.9646379947662354
vt 0.5830169916152954 0.964743971824646
vt 0.561152994632721 0.9751920104026794
vt 0.5398679971694946 0.974931001663208
vt 0.5612099766731262 0.9646379947662354
vt 0.5398679971694946 0.974931001663208
vt 0.5399259924888611 0.9643759727478027
vt 0.5612099766731262 0.9646379947662354
vt 0.5398679971694946 0.974931001663208
vt 0.5180490016937256 0.9747959971427917
vt 0.5399259924888611 0.9643759727478027
vt 0.5180490016937256 0.9747959971427917
vt 0.518106997013092 0.9642400145530701
vt 0.5399259924888611 0.9643759727478027
vt 0.5180490016937256 0.9747959971427917
vt 0.4952850043773651 0.9748309850692749
vt 0.49534299969673157 0.9642750024795532
vt 0.5180490016937256 0.9747959971427917
vt 0.49534299969673157 0.9642750024795532
vt 0.518106997013092 0.9642400145530701
vt 0.4952850043773651 0.9748309850692749
vt 0.46993300318717957 0.9746500253677368
vt 0.49534299969673157 0.9642750024795532
vt 0.46993300318717957 0.9746500253677368
vt 0.46998998522758484 0.9640939831733704
vt 0.49534299969673157 0.9642750024795532
vt 0.46993300318717957 0.9746500253677368
vt 0.4471139907836914 0.9745799899101257
vt 0.44717100262641907 0.9640229940414429
vt 0.46993300318717957 0.9746500253677368
vt 0.44717100262641907 0.9640229940414429
vt 0.46998998522758484 0.9640939831733704
vt 0.4471139907836914 0.9745799899101257
vt 0.4266510009765625 0.9744740128517151
vt 0.426706999540329 0.9639170169830322
vt 0.4471139907836914 0.9745799899101257
vt 0.426706999540329 0.9639170169830322
vt 0.44717100262641907 0.9640229940414429
vt 0.4266510009765625 0.9744740128517151
vt 0.41109201312065125 0.9743679761886597
vt 0.426706999540329 0.9639170169830322
vt 0.41109201312065125 0.9743679761886597
vt 0.41114699840545654 0.9638109803199768
vt 0.426706999540329 0.9639170169830322
vt 0.8227519989013672 0.9882950186729431
vt 0.7858380079269409 0.9858819842338562
vt 0.8192890286445618 0.9508389830589294
vt 0.7858380079269409 0.9858819842338562
vt 0.7904620170593262 0.9494820237159729
vt 0.8192890286445618 0.9508389830589294
vt 0.8602399826049805 0.9828490018844604
vt 0.8227519989013672 0.9882950186729431
vt 0.850350022315979 0.9461659789085388
vt 0.8227519989013672 0.9882950186729431
vt 0.8192890286445618 0.9508389830589294
vt 0.850350022315979 0.9461659789085388
vt 0.9001230001449585 0.967756986618042
vt 0.8602399826049805 0.9828490018844604
vt 0.8806399703025818 0.9354029893875122
vt 0.8602399826049805 0.9828490018844604
vt 0.850350022315979 0.9461659789085388
vt 0.8806399703025818 0.9354029893875122
vt 0.7858380079269409 0.9858819842338562
vt 0.750881016254425 0.9752789735794067
vt 0.7904620170593262 0.9494820237159729
vt 0.750881016254425 0.9752789735794067
vt 0.7621430158615112 0.9434980154037476
vt 0.7904620170593262 0.9494820237159729
vt 0.750881016254425 0.9752789735794067
vt 0.7169899940490723 0.9551939964294434
vt 0.7621430158615112 0.9434980154037476
vt 0.7169899940490723 0.9551939964294434
vt 0.7339879870414734 0.9291099905967712
vt 0.7621430158615112 0.9434980154037476
vt 0.7169899940490723 0.9551939964294434
vt 0.6859639883041382 0.9266080260276794
vt 0.7339879870414734 0.9291099905967712
vt 0.6859639883041382 0.9266080260276794
vt 0.7092670202255249 0.9064559936523438
vt 0.7339879870414734 0.9291099905967712
vt 0.6859639883041382 0.9266080260276794
vt 0.6649730205535889 0.8958280086517334
vt 0.7092670202255249 0.9064559936523438
vt 0.6649730205535889 0.8958280086517334
vt 0.6919180154800415 0.8813329935073853
vt 0.7092670202255249 0.9064559936523438
vt 0.6649730205535889 0.8958280086517334
vt 0.6536319851875305 0.8668360114097595
vt 0.6919180154800415 0.8813329935073853
vt 0.6536319851875305 0.8668360114097595
vt 0.6818249821662903 0.8586779832839966
vt 0.6919180154800415 0.8813329935073853
vt 0.6536319851875305 0.8668360114097595
vt 0.6487770080566406 0.830689013004303
vt 0.6763700246810913 0.830344021320343
vt 0.6536319851875305 0.8668360114097595
vt 0.6763700246810913 0.830344021320343
vt 0.6818249821662903 0.8586779832839966
vt 0.6487770080566406 0.830689013004303
vt 0.6500880122184753 0.8013139963150024
vt 0.6766909956932068 0.8058459758758545
vt 0.6487770080566406 0.830689013004303
vt 0.6766909956932068 0.8058459758758545
vt 0.6763700246810913 0.830344021320343
vt 0.6500880122184753 0.8013139963150024
vt 0.6559500098228455 0.7750290036201477
vt 0.6812379956245422 0.7842540144920349
vt 0.6500880122184753 0.8013139963150024
vt 0.6812379956245422 0.7842540144920349
vt 0.6766909956932068 0.8058459758758545
vt 0.6559500098228455 0.7750290036201477
vt 0.6649140119552612 0.7488899827003479
vt 0.6917700171470642 0.7630209922790527
vt 0.6559500098228455 0.7750290036201477
vt 0.6917700171470642 0.7630209922790527
vt 0.6812379956245422 0.7842540144920349
vt 0.6649140119552612 0.7488899827003479
vt 0.6804500222206116 0.7160279750823975
vt 0.7061629891395569 0.7335140109062195
vt 0.6649140119552612 0.7488899827003479
vt 0.7061629891395569 0.7335140109062195
vt 0.6917700171470642 0.7630209922790527
vt 0.6804500222206116 0.7160279750823975
vt 0.7055320143699646 0.6828619837760925
vt 0.7262740135192871 0.7061910033226013
vt 0.6804500222206116 0.7160279750823975
vt 0.7262740135192871 0.7061910033226013
vt 0.7061629891395569 0.7335140109062195
vt 0.7055320143699646 0.6828619837760925
vt 0.7441149950027466 0.6547240018844604
vt 0.7570359706878662 0.6826379895210266
vt 0.7055320143699646 0.6828619837760925
vt 0.7570359706878662 0.6826379895210266
vt 0.7262740135192871 0.7061910033226013
vt 0.7441149950027466 0.6547240018844604
vt 0.7810530066490173 0.63925701379776
vt 0.7875769734382629 0.6689130067825317
vt 0.7441149950027466 0.6547240018844604
vt 0.7875769734382629 0.6689130067825317
vt 0.7570359706878662 0.6826379895210266
vt 0.7810530066490173 0.63925701379776
vt 0.8221439719200134 0.6340929865837097
vt 0.8219490051269531 0.6636120080947876
vt 0.7810530066490173 0.63925701379776
vt 0.8219490051269531 0.6636120080947876
vt 0.7875769734382629 0.6689130067825317
vt 0.8221439719200134 0.6340929865837097
vt 0.8697749972343445 0.639723002910614
vt 0.8615440130233765 0.667913019657135
vt 0.8221439719200134 0.6340929865837097
vt 0.8615440130233765 0.667913019657135
vt 0.8219490051269531 0.6636120080947876
vt 0.8697749972343445 0.639723002910614
vt 0.91463702917099 0.6594740152359009
vt 0.8986039757728577 0.6837049722671509
vt 0.8697749972343445 0.639723002910614
vt 0.8986039757728577 0.6837049722671509
vt 0.8615440130233765 0.667913019657135
vt 0.91463702917099 0.6594740152359009
vt 0.94337397813797 0.6828089952468872
vt 0.8986039757728577 0.6837049722671509
vt 0.94337397813797 0.6828089952468872
vt 0.9227679967880249 0.704118013381958
vt 0.8986039757728577 0.6837049722671509
vt 0.94337397813797 0.6828089952468872
vt 0.9686130285263062 0.7153900265693665
vt 0.9227679967880249 0.704118013381958
vt 0.9686130285263062 0.7153900265693665
vt 0.9430189728736877 0.731552004814148
vt 0.9227679967880249 0.704118013381958
vt 0.9686130285263062 0.7153900265693665
vt 0.9857620000839233 0.750810980796814
vt 0.9430189728736877 0.731552004814148
vt 0.9857620000839233 0.750810980796814
vt 0.9577659964561462 0.7620459794998169
vt 0.9430189728736877 0.731552004814148
vt 0.9857620000839233 0.750810980796814
vt 0.9936490058898926 0.7904340028762817
vt 0.9577659964561462 0.7620459794998169
vt 0.9936490058898926 0.7904340028762817
vt 0.9647459983825684 0.7953540086746216
vt 0.9577659964561462 0.7620459794998169
vt 0.9936490058898926 0.7904340028762817
vt 0.9936490058898926 0.8323739767074585
vt 0.9647459983825684 0.7953540086746216
vt 0.9936490058898926 0.8323739767074585
vt 0.9638040065765381 0.830049991607666
vt 0.9647459983825684 0.7953540086746216
vt 0.9936490058898926 0.8323739767074585
vt 0.9812340140342712 0.8769019842147827
vt 0.9638040065765381 0.830049991607666
vt 0.9812340140342712 0.8769019842147827
vt 0.9528399705886841 0.8666539788246155
vt 0.9638040065765381 0.830049991607666
vt 0.9812340140342712 0.8769019842147827
vt 0.9603040218353271 0.9148970246315002
vt 0.9528399705886841 0.8666539788246155
vt 0.9603040218353271 0.9148970246315002
vt 0.9335770010948181 0.8967059850692749
vt 0.9528399705886841 0.8666539788246155
vt 0.9603040218353271 0.9148970246315002
vt 0.9306409955024719 0.946474015712738
vt 0.9335770010948181 0.8967059850692749
vt 0.9306409955024719 0.946474015712738
vt 0.9072039723396301 0.9198899865150452
vt 0.9335770010948181 0.8967059850692749
vt 0.9306409955024719 0.946474015712738
vt 0.9001230001449585 0.967756986618042
vt 0.9072039723396301 0.9198899865150452
vt 0.9001230001449585 0.967756986618042
vt 0.8806399703025818 0.9354029893875122
vt 0.9072039723396301 0.9198899865150452
vt 0.5949109792709351 0.04598499834537506
vt 0.5652719736099243 0.046227000653743744
vt 0.5946549773216248 0.0175199992954731
vt 0.5652719736099243 0.046227000653743744
vt 0.5650280117988586 0.017775999382138252
vt 0.5946549773216248 0.0175199992954731
vt 0.6250399947166443 0.04506000131368637
vt 0.5949109792709351 0.04598499834537506
vt 0.5946549773216248 0.0175199992954731
vt 0.6250399947166443 0.04506000131368637
vt 0.5946549773216248 0.0175199992954731
vt 0.6247810125350952 0.01720000058412552
vt 0.8090050220489502 0.48356500267982483
vt 0.8422319889068604 0.47683799266815186
vt 0.8455579876899719 0.5041469931602478
vt 0.8090050220489502 0.48356500267982483
vt 0.8455579876899719 0.5041469931602478
vt 0.8120329976081848 0.5084009766578674
vt 0.5652719736099243 0.046227000653743744
vt 0.5338910222053528 0.04642000049352646
vt 0.5650280117988586 0.017775999382138252
vt 0.5338910222053528 0.04642000049352646
vt 0.5336549878120422 0.018035000190138817
vt 0.5650280117988586 0.017775999382138252
vt 0.5338910222053528 0.04642000049352646
vt 0.49633800983428955 0.043852001428604126
vt 0.5336549878120422 0.018035000190138817
vt 0.49633800983428955 0.043852001428604126
vt 0.4961380064487457 0.018154999241232872
vt 0.5336549878120422 0.018035000190138817
vt 0.49633800983428955 0.043852001428604126
vt 0.4527350068092346 0.04418899863958359
vt 0.45254799723625183 0.018478000536561012
vt 0.49633800983428955 0.043852001428604126
vt 0.45254799723625183 0.018478000536561012
vt 0.4961380064487457 0.018154999241232872
vt 0.4527350068092346 0.04418899863958359
vt 0.41437599062919617 0.04329000040888786
vt 0.45254799723625183 0.018478000536561012
vt 0.41437599062919617 0.04329000040888786
vt 0.4141960144042969 0.018678000196814537
vt 0.45254799723625183 0.018478000536561012
vt 0.41437599062919617 0.04329000040888786
vt 0.38286399841308594 0.04222999885678291
vt 0.4141960144042969 0.018678000196814537
vt 0.38286399841308594 0.04222999885678291
vt 0.3826940059661865 0.01882600039243698
vt 0.4141960144042969 0.018678000196814537
vt 0.38286399841308594 0.04222999885678291
vt 0.34240299463272095 0.04458099976181984
vt 0.34223300218582153 0.019247999414801598
vt 0.38286399841308594 0.04222999885678291
vt 0.34223300218582153 0.019247999414801598
vt 0.3826940059661865 0.01882600039243698
vt 0.34240299463272095 0.04458099976181984
vt 0.30879101157188416 0.04500100016593933
vt 0.3086419999599457 0.0194690003991127
vt 0.34240299463272095 0.04458099976181984
vt 0.3086419999599457 0.0194690003991127
vt 0.34223300218582153 0.019247999414801598
vt 0.30879101157188416 0.04500100016593933
vt 0.27664899826049805 0.04468100145459175
vt 0.3086419999599457 0.0194690003991127
vt 0.27664899826049805 0.04468100145459175
vt 0.2765370011329651 0.019607000052928925
vt 0.3086419999599457 0.0194690003991127
vt 0.27664899826049805 0.04468100145459175
vt 0.24416899681091309 0.042771998792886734
vt 0.2765370011329651 0.019607000052928925
vt 0.24416899681091309 0.042771998792886734
vt 0.24411100149154663 0.019586000591516495
vt 0.2765370011329651 0.019607000052928925
vt 0.24416899681091309 0.042771998792886734
vt 0.20771899819374084 0.043143998831510544
vt 0.20772099494934082 0.019655000418424606
vt 0.24416899681091309 0.042771998792886734
vt 0.20772099494934082 0.019655000418424606
vt 0.24411100149154663 0.019586000591516495
vt 0.20771899819374084 0.043143998831510544
vt 0.16669799387454987 0.04313499853014946
vt 0.16676199436187744 0.019593000411987305
vt 0.20771899819374084 0.043143998831510544
vt 0.16676199436187744 0.019593000411987305
vt 0.20772099494934082 0.019655000418424606
vt 0.16669799387454987 0.04313499853014946
vt 0.11796099692583084 0.042688999325037
vt 0.16676199436187744 0.019593000411987305
vt 0.11796099692583084 0.042688999325037
vt 0.11801999807357788 0.01942100003361702
vt 0.16676199436187744 0.019593000411987305
vt 0.11796099692583084 0.042688999325037
vt 0.07739199697971344 0.04343799874186516
vt 0.07744300365447998 0.019385000690817833
vt 0.11796099692583084 0.042688999325037
vt 0.07744300365447998 0.019385000690817833
vt 0.11801999807357788 0.01942100003361702
vt 0.30312401056289673 0.5378440022468567
vt 0.34563401341438293 0.5354059934616089
vt 0.304627001285553 0.561585009098053
vt 0.34563401341438293 0.5354059934616089
vt 0.34721100330352783 0.5588690042495728
vt 0.304627001285553 0.561585009098053
vt 0.34563401341438293 0.5354059934616089
vt 0.39639100432395935 0.5312860012054443
vt 0.3982760012149811 0.555188000202179
vt 0.34563401341438293 0.5354059934616089
vt 0.3982760012149811 0.555188000202179
vt 0.34721100330352783 0.5588690042495728
vt 0.39639100432395935 0.5312860012054443
vt 0.4479939937591553 0.5276280045509338
vt 0.3982760012149811 0.555188000202179
vt 0.4479939937591553 0.5276280045509338
vt 0.4501650035381317 0.5506560206413269
vt 0.3982760012149811 0.555188000202179
vt 0.4479939937591553 0.5276280045509338
vt 0.4850800037384033 0.5236309766769409
vt 0.4874950051307678 0.5469250082969666
vt 0.4479939937591553 0.5276280045509338
vt 0.4874950051307678 0.5469250082969666
vt 0.4501650035381317 0.5506560206413269
vt 0.4850800037384033 0.5236309766769409
vt 0.5261059999465942 0.5176990032196045
vt 0.5288429856300354 0.542385995388031
vt 0.4850800037384033 0.5236309766769409
vt 0.5288429856300354 0.542385995388031
vt 0.4874950051307678 0.5469250082969666
vt 0.5261059999465942 0.5176990032196045
vt 0.5652629733085632 0.5120850205421448
vt 0.5682579874992371 0.5378469824790955
vt 0.5261059999465942 0.5176990032196045
vt 0.5682579874992371 0.5378469824790955
vt 0.5288429856300354 0.542385995388031
vt 0.5652629733085632 0.5120850205421448
vt 0.6061649918556213 0.5076979994773865
vt 0.5682579874992371 0.5378469824790955
vt 0.6061649918556213 0.5076979994773865
vt 0.6091910004615784 0.5330269932746887
vt 0.5682579874992371 0.5378469824790955
vt 0.6061649918556213 0.5076979994773865
vt 0.6493750214576721 0.5025539994239807
vt 0.6091910004615784 0.5330269932746887
vt 0.6493750214576721 0.5025539994239807
vt 0.65242999792099 0.5278360247612
vt 0.6091910004615784 0.5330269932746887
vt 0.6493750214576721 0.5025539994239807
vt 0.6971459984779358 0.49681198596954346
vt 0.65242999792099 0.5278360247612
vt 0.6971459984779358 0.49681198596954346
vt 0.7002279758453369 0.5220460295677185
vt 0.65242999792099 0.5278360247612
vt 0.6971459984779358 0.49681198596954346
vt 0.7400149703025818 0.49154800176620483
vt 0.7002279758453369 0.5220460295677185
vt 0.7400149703025818 0.49154800176620483
vt 0.7431089878082275 0.5167940258979797
vt 0.7002279758453369 0.5220460295677185
vt 0.7400149703025818 0.49154800176620483
vt 0.7791380286216736 0.48819398880004883
vt 0.7431089878082275 0.5167940258979797
vt 0.7791380286216736 0.48819398880004883
vt 0.782060980796814 0.5121189951896667
vt 0.7431089878082275 0.5167940258979797
vt 0.7791380286216736 0.48819398880004883
vt 0.8090050220489502 0.48356500267982483
vt 0.8120329976081848 0.5084009766578674
vt 0.7791380286216736 0.48819398880004883
vt 0.8120329976081848 0.5084009766578674
vt 0.782060980796814 0.5121189951896667
vt 0.5967469811439514 0.08643800020217896
vt 0.5949109792709351 0.04598499834537506
vt 0.627822995185852 0.08303599804639816
vt 0.5949109792709351 0.04598499834537506
vt 0.6250399947166443 0.04506000131368637
vt 0.627822995185852 0.08303599804639816
vt 0.5338910222053528 0.04642000049352646
vt 0.5376070141792297 0.08155100047588348
vt 0.49354299902915955 0.07348299771547318
vt 0.5338910222053528 0.04642000049352646
vt 0.49354299902915955 0.07348299771547318
vt 0.49633800983428955 0.043852001428604126
vt 0.7699840068817139 0.4523400068283081
vt 0.7791380286216736 0.48819398880004883
vt 0.7400149703025818 0.49154800176620483
vt 0.7699840068817139 0.4523400068283081
vt 0.7400149703025818 0.49154800176620483
vt 0.730666995048523 0.4602609872817993
vt 0.730666995048523 0.4602609872817993
vt 0.7400149703025818 0.49154800176620483
vt 0.6971459984779358 0.49681198596954346
vt 0.730666995048523 0.4602609872817993
vt 0.6971459984779358 0.49681198596954346
vt 0.6861270070075989 0.4688960015773773
vt 0.6861270070075989 0.4688960015773773
vt 0.6971459984779358 0.49681198596954346
vt 0.6493750214576721 0.5025539994239807
vt 0.6861270070075989 0.4688960015773773
vt 0.6493750214576721 0.5025539994239807
vt 0.6394389867782593 0.47680801153182983
vt 0.6394389867782593 0.47680801153182983
vt 0.6493750214576721 0.5025539994239807
vt 0.6061649918556213 0.5076979994773865
vt 0.6394389867782593 0.47680801153182983
vt 0.6061649918556213 0.5076979994773865
vt 0.5955280065536499 0.48130300641059875
vt 0.5955280065536499 0.48130300641059875
vt 0.6061649918556213 0.5076979994773865
vt 0.5652629733085632 0.5120850205421448
vt 0.5955280065536499 0.48130300641059875
vt 0.5652629733085632 0.5120850205421448
vt 0.552511990070343 0.48376598954200745
vt 0.552511990070343 0.48376598954200745
vt 0.5652629733085632 0.5120850205421448
vt 0.5261059999465942 0.5176990032196045
vt 0.552511990070343 0.48376598954200745
vt 0.5261059999465942 0.5176990032196045
vt 0.517753005027771 0.48829901218414307
vt 0.517753005027771 0.48829901218414307
vt 0.5261059999465942 0.5176990032196045
vt 0.4850800037384033 0.5236309766769409
vt 0.517753005027771 0.48829901218414307
vt 0.4850800037384033 0.5236309766769409
vt 0.4797540009021759 0.4949429929256439
vt 0.4797540009021759 0.4949429929256439
vt 0.4850800037384033 0.5236309766769409
vt 0.4479939937591553 0.5276280045509338
vt 0.4797540009021759 0.4949429929256439
vt 0.4479939937591553 0.5276280045509338
vt 0.4435249865055084 0.5018450021743774
vt 0.4435249865055084 0.5018450021743774
vt 0.4479939937591553 0.5276280045509338
vt 0.39639100432395935 0.5312860012054443
vt 0.4435249865055084 0.5018450021743774
vt 0.39639100432395935 0.5312860012054443
vt 0.3941110074520111 0.5082200169563293
vt 0.3941110074520111 0.5082200169563293
vt 0.39639100432395935 0.5312860012054443
vt 0.3461320102214813 0.5129969716072083
vt 0.39639100432395935 0.5312860012054443
vt 0.34563401341438293 0.5354059934616089
vt 0.3461320102214813 0.5129969716072083
vt 0.3461320102214813 0.5129969716072083
vt 0.34563401341438293 0.5354059934616089
vt 0.3024289906024933 0.5138279795646667
vt 0.34563401341438293 0.5354059934616089
vt 0.30312401056289673 0.5378440022468567
vt 0.3024289906024933 0.5138279795646667
vt 0.07656200230121613 0.06772200018167496
vt 0.07739199697971344 0.04343799874186516
vt 0.11949600279331207 0.06434199959039688
vt 0.07739199697971344 0.04343799874186516
vt 0.11796099692583084 0.042688999325037
vt 0.11949600279331207 0.06434199959039688
vt 0.11949600279331207 0.06434199959039688
vt 0.11796099692583084 0.042688999325037
vt 0.16669799387454987 0.04313499853014946
vt 0.11949600279331207 0.06434199959039688
vt 0.16669799387454987 0.04313499853014946
vt 0.16735999286174774 0.06207599863409996
vt 0.16735999286174774 0.06207599863409996
vt 0.16669799387454987 0.04313499853014946
vt 0.20771899819374084 0.043143998831510544
vt 0.16735999286174774 0.06207599863409996
vt 0.20771899819374084 0.043143998831510544
vt 0.2087080031633377 0.06534899771213531
vt 0.2087080031633377 0.06534899771213531
vt 0.20771899819374084 0.043143998831510544
vt 0.24416899681091309 0.042771998792886734
vt 0.2087080031633377 0.06534899771213531
vt 0.24416899681091309 0.042771998792886734
vt 0.2444310039281845 0.06751299649477005
vt 0.2444310039281845 0.06751299649477005
vt 0.24416899681091309 0.042771998792886734
vt 0.27664899826049805 0.04468100145459175
vt 0.2444310039281845 0.06751299649477005
vt 0.27664899826049805 0.04468100145459175
vt 0.2744170129299164 0.06982599943876266
vt 0.2744170129299164 0.06982599943876266
vt 0.27664899826049805 0.04468100145459175
vt 0.3079879879951477 0.06804700195789337
vt 0.27664899826049805 0.04468100145459175
vt 0.30879101157188416 0.04500100016593933
vt 0.3079879879951477 0.06804700195789337
vt 0.3079879879951477 0.06804700195789337
vt 0.30879101157188416 0.04500100016593933
vt 0.34240299463272095 0.04458099976181984
vt 0.3079879879951477 0.06804700195789337
vt 0.34240299463272095 0.04458099976181984
vt 0.3455759882926941 0.0702119991183281
vt 0.3455759882926941 0.0702119991183281
vt 0.34240299463272095 0.04458099976181984
vt 0.38286399841308594 0.04222999885678291
vt 0.3455759882926941 0.0702119991183281
vt 0.38286399841308594 0.04222999885678291
vt 0.3852429986000061 0.06705699861049652
vt 0.3852429986000061 0.06705699861049652
vt 0.38286399841308594 0.04222999885678291
vt 0.41437599062919617 0.04329000040888786
vt 0.3852429986000061 0.06705699861049652
vt 0.41437599062919617 0.04329000040888786
vt 0.4182789921760559 0.06654500216245651
vt 0.4182789921760559 0.06654500216245651
vt 0.41437599062919617 0.04329000040888786
vt 0.4527350068092346 0.04418899863958359
vt 0.4182789921760559 0.06654500216245651
vt 0.4527350068092346 0.04418899863958359
vt 0.4555410146713257 0.07014200091362
vt 0.4555410146713257 0.07014200091362
vt 0.4527350068092346 0.04418899863958359
vt 0.49633800983428955 0.043852001428604126
vt 0.4555410146713257 0.07014200091362
vt 0.49633800983428955 0.043852001428604126
vt 0.49354299902915955 0.07348299771547318
vt 0.5376070141792297 0.08155100047588348
vt 0.5652719736099243 0.046227000653743744
vt 0.5754179954528809 0.09598500281572342
vt 0.5652719736099243 0.046227000653743744
vt 0.5967469811439514 0.08643800020217896
vt 0.5754179954528809 0.09598500281572342
vt 0.8025460243225098 0.43489599227905273
vt 0.8354060053825378 0.43985599279403687
vt 0.8090050220489502 0.48356500267982483
vt 0.8025460243225098 0.43489599227905273
vt 0.8090050220489502 0.48356500267982483
vt 0.7699840068817139 0.4523400068283081
vt 0.08720800280570984 0.5594310164451599
vt 0.07484699785709381 0.5560150146484375
vt 0.0933459997177124 0.5415850281715393
vt 0.08720800280570984 0.5594310164451599
vt 0.0933459997177124 0.5415850281715393
vt 0.1039469987154007 0.5462300181388855
vt 0.11649200320243835 0.5422350168228149
vt 0.1039469987154007 0.5462300181388855
vt 0.0933459997177124 0.5415850281715393
vt 0.11649200320243835 0.5422350168228149
vt 0.0933459997177124 0.5415850281715393
vt 0.12307599931955338 0.5317639708518982
vt 0.15122799575328827 0.5436909794807434
vt 0.11649200320243835 0.5422350168228149
vt 0.12307599931955338 0.5317639708518982
vt 0.15122799575328827 0.5436909794807434
vt 0.12307599931955338 0.5317639708518982
vt 0.15673400461673737 0.5347549915313721
vt 0.08720800280570984 0.5594310164451599
vt 0.1039469987154007 0.5462300181388855
vt 0.11649200320243835 0.5422350168228149
vt 0.08720800280570984 0.5594310164451599
vt 0.11649200320243835 0.5422350168228149
vt 0.15122799575328827 0.5436909794807434
vt 0.7695770263671875 0.41817501187324524
vt 0.8025460243225098 0.43489599227905273
vt 0.7699840068817139 0.4523400068283081
vt 0.7695770263671875 0.41817501187324524
vt 0.7699840068817139 0.4523400068283081
vt 0.7357550263404846 0.4267910122871399
vt 0.7357550263404846 0.4267910122871399
vt 0.7699840068817139 0.4523400068283081
vt 0.730666995048523 0.4602609872817993
vt 0.7357550263404846 0.4267910122871399
vt 0.730666995048523 0.4602609872817993
vt 0.7011420130729675 0.4371489882469177
vt 0.7011420130729675 0.4371489882469177
vt 0.730666995048523 0.4602609872817993
vt 0.6861270070075989 0.4688960015773773
vt 0.7011420130729675 0.4371489882469177
vt 0.6861270070075989 0.4688960015773773
vt 0.658282995223999 0.44816601276397705
vt 0.658282995223999 0.44816601276397705
vt 0.6861270070075989 0.4688960015773773
vt 0.6394389867782593 0.47680801153182983
vt 0.658282995223999 0.44816601276397705
vt 0.6394389867782593 0.47680801153182983
vt 0.6177889704704285 0.45590001344680786
vt 0.6177889704704285 0.45590001344680786
vt 0.6394389867782593 0.47680801153182983
vt 0.5955280065536499 0.48130300641059875
vt 0.6177889704704285 0.45590001344680786
vt 0.5955280065536499 0.48130300641059875
vt 0.5684689879417419 0.46053099632263184
vt 0.5684689879417419 0.46053099632263184
vt 0.5955280065536499 0.48130300641059875
vt 0.552511990070343 0.48376598954200745
vt 0.5684689879417419 0.46053099632263184
vt 0.552511990070343 0.48376598954200745
vt 0.528302013874054 0.4600600004196167
vt 0.528302013874054 0.4600600004196167
vt 0.552511990070343 0.48376598954200745
vt 0.517753005027771 0.48829901218414307
vt 0.528302013874054 0.4600600004196167
vt 0.517753005027771 0.48829901218414307
vt 0.4966770112514496 0.4661960005760193
vt 0.4966770112514496 0.4661960005760193
vt 0.4797540009021759 0.4949429929256439
vt 0.44420599937438965 0.48159199953079224
vt 0.4797540009021759 0.4949429929256439
vt 0.4435249865055084 0.5018450021743774
vt 0.44420599937438965 0.48159199953079224
vt 0.44420599937438965 0.48159199953079224
vt 0.4435249865055084 0.5018450021743774
vt 0.39445799589157104 0.4879409968852997
vt 0.4435249865055084 0.5018450021743774
vt 0.3941110074520111 0.5082200169563293
vt 0.39445799589157104 0.4879409968852997
vt 0.39445799589157104 0.4879409968852997
vt 0.3941110074520111 0.5082200169563293
vt 0.34764501452445984 0.4903770089149475
vt 0.3941110074520111 0.5082200169563293
vt 0.3461320102214813 0.5129969716072083
vt 0.34764501452445984 0.4903770089149475
vt 0.34764501452445984 0.4903770089149475
vt 0.3461320102214813 0.5129969716072083
vt 0.30081799626350403 0.4918319880962372
vt 0.3461320102214813 0.5129969716072083
vt 0.3024289906024933 0.5138279795646667
vt 0.30081799626350403 0.4918319880962372
vt 0.0769210010766983 0.08997000008821487
vt 0.07656200230121613 0.06772200018167496
vt 0.12149199843406677 0.08528800308704376
vt 0.07656200230121613 0.06772200018167496
vt 0.11949600279331207 0.06434199959039688
vt 0.12149199843406677 0.08528800308704376
vt 0.12149199843406677 0.08528800308704376
vt 0.11949600279331207 0.06434199959039688
vt 0.16821500658988953 0.08036000281572342
vt 0.11949600279331207 0.06434199959039688
vt 0.16735999286174774 0.06207599863409996
vt 0.16821500658988953 0.08036000281572342
vt 0.16821500658988953 0.08036000281572342
vt 0.16735999286174774 0.06207599863409996
vt 0.2087080031633377 0.06534899771213531
vt 0.16821500658988953 0.08036000281572342
vt 0.2087080031633377 0.06534899771213531
vt 0.20739099383354187 0.08599399775266647
vt 0.20739099383354187 0.08599399775266647
vt 0.2087080031633377 0.06534899771213531
vt 0.2444310039281845 0.06751299649477005
vt 0.20739099383354187 0.08599399775266647
vt 0.2444310039281845 0.06751299649477005
vt 0.24365699291229248 0.09658800065517426
vt 0.24365699291229248 0.09658800065517426
vt 0.2444310039281845 0.06751299649477005
vt 0.26888400316238403 0.09548299759626389
vt 0.2444310039281845 0.06751299649477005
vt 0.2744170129299164 0.06982599943876266
vt 0.26888400316238403 0.09548299759626389
vt 0.26888400316238403 0.09548299759626389
vt 0.2744170129299164 0.06982599943876266
vt 0.30997800827026367 0.0944259986281395
vt 0.2744170129299164 0.06982599943876266
vt 0.3079879879951477 0.06804700195789337
vt 0.30997800827026367 0.0944259986281395
vt 0.30997800827026367 0.0944259986281395
vt 0.3079879879951477 0.06804700195789337
vt 0.3455759882926941 0.0702119991183281
vt 0.30997800827026367 0.0944259986281395
vt 0.3455759882926941 0.0702119991183281
vt 0.3447589874267578 0.09633400291204453
vt 0.3447589874267578 0.09633400291204453
vt 0.3455759882926941 0.0702119991183281
vt 0.384876012802124 0.0924760028719902
vt 0.3455759882926941 0.0702119991183281
vt 0.3852429986000061 0.06705699861049652
vt 0.384876012802124 0.0924760028719902
vt 0.384876012802124 0.0924760028719902
vt 0.3852429986000061 0.06705699861049652
vt 0.4182789921760559 0.06654500216245651
vt 0.384876012802124 0.0924760028719902
vt 0.4182789921760559 0.06654500216245651
vt 0.41940298676490784 0.09452900290489197
vt 0.41940298676490784 0.09452900290489197
vt 0.4182789921760559 0.06654500216245651
vt 0.4555410146713257 0.07014200091362
vt 0.41940298676490784 0.09452900290489197
vt 0.4555410146713257 0.07014200091362
vt 0.4599609971046448 0.09532299637794495
vt 0.4599609971046448 0.09532299637794495
vt 0.4555410146713257 0.07014200091362
vt 0.49354299902915955 0.07348299771547318
vt 0.4599609971046448 0.09532299637794495
vt 0.49354299902915955 0.07348299771547318
vt 0.5036309957504272 0.10116899758577347
vt 0.5036309957504272 0.10116899758577347
vt 0.5376070141792297 0.08155100047588348
vt 0.5482609868049622 0.11504200100898743
vt 0.5376070141792297 0.08155100047588348
vt 0.5754179954528809 0.09598500281572342
vt 0.5482609868049622 0.11504200100898743
vt 0.05372700095176697 0.5817670226097107
vt 0.07484699785709381 0.5560150146484375
vt 0.06399200111627579 0.5861049890518188
vt 0.07484699785709381 0.5560150146484375
vt 0.08720800280570984 0.5594310164451599
vt 0.06399200111627579 0.5861049890518188
vt 0.10012199729681015 0.579246997833252
vt 0.08720800280570984 0.5594310164451599
vt 0.13628500699996948 0.5699689984321594
vt 0.08720800280570984 0.5594310164451599
vt 0.15122799575328827 0.5436909794807434
vt 0.13628500699996948 0.5699689984321594
vt 0.18081499636173248 0.5584949851036072
vt 0.15122799575328827 0.5436909794807434
vt 0.15673400461673737 0.5347549915313721
vt 0.18081499636173248 0.5584949851036072
vt 0.15673400461673737 0.5347549915313721
vt 0.19059999287128448 0.5510479807853699
vt 0.07331100106239319 0.6132230162620544
vt 0.06399200111627579 0.5861049890518188
vt 0.10012199729681015 0.579246997833252
vt 0.07331100106239319 0.6132230162620544
vt 0.10012199729681015 0.579246997833252
vt 0.10631000250577927 0.6049219965934753
vt 0.037647001445293427 0.6154729723930359
vt 0.05372700095176697 0.5817670226097107
vt 0.04867200180888176 0.6185550093650818
vt 0.05372700095176697 0.5817670226097107
vt 0.06399200111627579 0.5861049890518188
vt 0.04867200180888176 0.6185550093650818
vt 0.48701900243759155 0.1302970051765442
vt 0.5036309957504272 0.10116899758577347
vt 0.5231189727783203 0.14253799617290497
vt 0.5036309957504272 0.10116899758577347
vt 0.5482609868049622 0.11504200100898743
vt 0.5231189727783203 0.14253799617290497
vt 0.4486129879951477 0.12626899778842926
vt 0.4599609971046448 0.09532299637794495
vt 0.48701900243759155 0.1302970051765442
vt 0.4599609971046448 0.09532299637794495
vt 0.5036309957504272 0.10116899758577347
vt 0.48701900243759155 0.1302970051765442
vt 0.4134669899940491 0.12253499776124954
vt 0.41940298676490784 0.09452900290489197
vt 0.4486129879951477 0.12626899778842926
vt 0.41940298676490784 0.09452900290489197
vt 0.4599609971046448 0.09532299637794495
vt 0.4486129879951477 0.12626899778842926
vt 0.3761979937553406 0.12212199717760086
vt 0.384876012802124 0.0924760028719902
vt 0.4134669899940491 0.12253499776124954
vt 0.384876012802124 0.0924760028719902
vt 0.41940298676490784 0.09452900290489197
vt 0.4134669899940491 0.12253499776124954
vt 0.33496201038360596 0.12304800003767014
vt 0.3447589874267578 0.09633400291204453
vt 0.3761979937553406 0.12212199717760086
vt 0.3447589874267578 0.09633400291204453
vt 0.384876012802124 0.0924760028719902
vt 0.3761979937553406 0.12212199717760086
vt 0.30376699566841125 0.12311600148677826
vt 0.30997800827026367 0.0944259986281395
vt 0.33496201038360596 0.12304800003767014
vt 0.30997800827026367 0.0944259986281395
vt 0.3447589874267578 0.09633400291204453
vt 0.33496201038360596 0.12304800003767014
vt 0.26809799671173096 0.1245570033788681
vt 0.26888400316238403 0.09548299759626389
vt 0.30376699566841125 0.12311600148677826
vt 0.26888400316238403 0.09548299759626389
vt 0.30997800827026367 0.0944259986281395
vt 0.30376699566841125 0.12311600148677826
vt 0.2467149943113327 0.13273799419403076
vt 0.24365699291229248 0.09658800065517426
vt 0.26809799671173096 0.1245570033788681
vt 0.24365699291229248 0.09658800065517426
vt 0.26888400316238403 0.09548299759626389
vt 0.26809799671173096 0.1245570033788681
vt 0.20391400158405304 0.11352299898862839
vt 0.20739099383354187 0.08599399775266647
vt 0.24365699291229248 0.09658800065517426
vt 0.20391400158405304 0.11352299898862839
vt 0.24365699291229248 0.09658800065517426
vt 0.23065899312496185 0.12376400083303452
vt 0.16700699925422668 0.10849499702453613
vt 0.16821500658988953 0.08036000281572342
vt 0.20739099383354187 0.08599399775266647
vt 0.16700699925422668 0.10849499702453613
vt 0.20739099383354187 0.08599399775266647
vt 0.20391400158405304 0.11352299898862839
vt 0.16700699925422668 0.10849499702453613
vt 0.12247099727392197 0.11505000293254852
vt 0.12149199843406677 0.08528800308704376
vt 0.16700699925422668 0.10849499702453613
vt 0.12149199843406677 0.08528800308704376
vt 0.16821500658988953 0.08036000281572342
vt 0.12247099727392197 0.11505000293254852
vt 0.08064600080251694 0.11757899820804596
vt 0.12149199843406677 0.08528800308704376
vt 0.08064600080251694 0.11757899820804596
vt 0.0769210010766983 0.08997000008821487
vt 0.12149199843406677 0.08528800308704376
vt 0.2960290014743805 0.46456000208854675
vt 0.3439309895038605 0.465380996465683
vt 0.30081799626350403 0.4918319880962372
vt 0.3439309895038605 0.465380996465683
vt 0.34764501452445984 0.4903770089149475
vt 0.30081799626350403 0.4918319880962372
vt 0.3439309895038605 0.465380996465683
vt 0.3940899968147278 0.46160200238227844
vt 0.34764501452445984 0.4903770089149475
vt 0.3940899968147278 0.46160200238227844
vt 0.39445799589157104 0.4879409968852997
vt 0.34764501452445984 0.4903770089149475
vt 0.3940899968147278 0.46160200238227844
vt 0.43900200724601746 0.4578869938850403
vt 0.39445799589157104 0.4879409968852997
vt 0.43900200724601746 0.4578869938850403
vt 0.44420599937438965 0.48159199953079224
vt 0.39445799589157104 0.4879409968852997
vt 0.43900200724601746 0.4578869938850403
vt 0.4827849864959717 0.44369199872016907
vt 0.44420599937438965 0.48159199953079224
vt 0.4827849864959717 0.44369199872016907
vt 0.4966770112514496 0.4661960005760193
vt 0.44420599937438965 0.48159199953079224
vt 0.4827849864959717 0.44369199872016907
vt 0.5140069723129272 0.4326399862766266
vt 0.4966770112514496 0.4661960005760193
vt 0.5140069723129272 0.4326399862766266
vt 0.528302013874054 0.4600600004196167
vt 0.4966770112514496 0.4661960005760193
vt 0.5140069723129272 0.4326399862766266
vt 0.5514209866523743 0.4327389895915985
vt 0.528302013874054 0.4600600004196167
vt 0.5514209866523743 0.4327389895915985
vt 0.5684689879417419 0.46053099632263184
vt 0.528302013874054 0.4600600004196167
vt 0.6311870217323303 0.42569100856781006
vt 0.6177889704704285 0.45590001344680786
vt 0.5936220288276672 0.43310898542404175
vt 0.6177889704704285 0.45590001344680786
vt 0.5684689879417419 0.46053099632263184
vt 0.5936220288276672 0.43310898542404175
vt 0.6701250076293945 0.41686999797821045
vt 0.658282995223999 0.44816601276397705
vt 0.6311870217323303 0.42569100856781006
vt 0.658282995223999 0.44816601276397705
vt 0.6177889704704285 0.45590001344680786
vt 0.6311870217323303 0.42569100856781006
vt 0.7063429951667786 0.4059309959411621
vt 0.7011420130729675 0.4371489882469177
vt 0.6701250076293945 0.41686999797821045
vt 0.7011420130729675 0.4371489882469177
vt 0.658282995223999 0.44816601276397705
vt 0.6701250076293945 0.41686999797821045
vt 0.7390580177307129 0.3944700062274933
vt 0.7695770263671875 0.41817501187324524
vt 0.7357550263404846 0.4267910122871399
vt 0.7390580177307129 0.3944700062274933
vt 0.7357550263404846 0.4267910122871399
vt 0.7063429951667786 0.4059309959411621
vt 0.209197998046875 0.5822299718856812
vt 0.18081499636173248 0.5584949851036072
vt 0.19059999287128448 0.5510479807853699
vt 0.209197998046875 0.5822299718856812
vt 0.19059999287128448 0.5510479807853699
vt 0.22133900225162506 0.5755370259284973
vt 0.14577800035476685 0.5958240032196045
vt 0.13628500699996948 0.5699689984321594
vt 0.18301700055599213 0.5878069996833801
vt 0.13628500699996948 0.5699689984321594
vt 0.18081499636173248 0.5584949851036072
vt 0.18301700055599213 0.5878069996833801
vt 0.10631000250577927 0.6049219965934753
vt 0.10012199729681015 0.579246997833252
vt 0.13628500699996948 0.5699689984321594
vt 0.10631000250577927 0.6049219965934753
vt 0.13628500699996948 0.5699689984321594
vt 0.14577800035476685 0.5958240032196045
vt 0.2467149943113327 0.13273799419403076
vt 0.26809799671173096 0.1245570033788681
vt 0.2687230110168457 0.15041999518871307
vt 0.2467149943113327 0.13273799419403076
vt 0.2687230110168457 0.15041999518871307
vt 0.25095000863075256 0.1547580063343048
vt 0.2687230110168457 0.15041999518871307
vt 0.26809799671173096 0.1245570033788681
vt 0.3036069869995117 0.14814800024032593
vt 0.26809799671173096 0.1245570033788681
vt 0.30376699566841125 0.12311600148677826
vt 0.3036069869995117 0.14814800024032593
vt 0.3036069869995117 0.14814800024032593
vt 0.33496201038360596 0.12304800003767014
vt 0.35521200299263 0.14851899445056915
vt 0.33496201038360596 0.12304800003767014
vt 0.3761979937553406 0.12212199717760086
vt 0.35521200299263 0.14851899445056915
vt 0.35521200299263 0.14851899445056915
vt 0.3761979937553406 0.12212199717760086
vt 0.41098499298095703 0.14834600687026978
vt 0.3761979937553406 0.12212199717760086
vt 0.4134669899940491 0.12253499776124954
vt 0.41098499298095703 0.14834600687026978
vt 0.41098499298095703 0.14834600687026978
vt 0.4486129879951477 0.12626899778842926
vt 0.4593159854412079 0.15464900434017181
vt 0.4486129879951477 0.12626899778842926
vt 0.48701900243759155 0.1302970051765442
vt 0.4593159854412079 0.15464900434017181
vt 0.4593159854412079 0.15464900434017181
vt 0.48701900243759155 0.1302970051765442
vt 0.5054110288619995 0.16609099507331848
vt 0.48701900243759155 0.1302970051765442
vt 0.5231189727783203 0.14253799617290497
vt 0.5054110288619995 0.16609099507331848
vt 0.028540000319480896 0.6435700058937073
vt 0.037647001445293427 0.6154729723930359
vt 0.04041900113224983 0.6464130282402039
vt 0.037647001445293427 0.6154729723930359
vt 0.04867200180888176 0.6185550093650818
vt 0.04041900113224983 0.6464130282402039
vt 0.04041900113224983 0.6464130282402039
vt 0.04867200180888176 0.6185550093650818
vt 0.07246699929237366 0.6385350227355957
vt 0.04867200180888176 0.6185550093650818
vt 0.07331100106239319 0.6132230162620544
vt 0.07246699929237366 0.6385350227355957
vt 0.07246699929237366 0.6385350227355957
vt 0.07331100106239319 0.6132230162620544
vt 0.1097090020775795 0.6300190091133118
vt 0.07331100106239319 0.6132230162620544
vt 0.10631000250577927 0.6049219965934753
vt 0.1097090020775795 0.6300190091133118
vt 0.1097090020775795 0.6300190091133118
vt 0.10631000250577927 0.6049219965934753
vt 0.14577800035476685 0.5958240032196045
vt 0.1097090020775795 0.6300190091133118
vt 0.14577800035476685 0.5958240032196045
vt 0.1569020003080368 0.6192229986190796
vt 0.22811000049114227 0.603967010974884
vt 0.20374000072479248 0.608256995677948
vt 0.209197998046875 0.5822299718856812
vt 0.20374000072479248 0.608256995677948
vt 0.18301700055599213 0.5878069996833801
vt 0.209197998046875 0.5822299718856812
vt 0.1569020003080368 0.6192229986190796
vt 0.14577800035476685 0.5958240032196045
vt 0.18301700055599213 0.5878069996833801
vt 0.1569020003080368 0.6192229986190796
vt 0.18301700055599213 0.5878069996833801
vt 0.20374000072479248 0.608256995677948
vt 0.22811000049114227 0.603967010974884
vt 0.209197998046875 0.5822299718856812
vt 0.22133900225162506 0.5755370259284973
vt 0.22811000049114227 0.603967010974884
vt 0.22133900225162506 0.5755370259284973
vt 0.2418760061264038 0.5982990264892578
vt 0.7179049849510193 0.3730430006980896
vt 0.7390580177307129 0.3944700062274933
vt 0.7063429951667786 0.4059309959411621
vt 0.7179049849510193 0.3730430006980896
vt 0.7063429951667786 0.4059309959411621
vt 0.6883699893951416 0.3861660063266754
vt 0.6883699893951416 0.3861660063266754
vt 0.6701250076293945 0.41686999797821045
vt 0.6398500204086304 0.400193989276886
vt 0.6701250076293945 0.41686999797821045
vt 0.6311870217323303 0.42569100856781006
vt 0.6398500204086304 0.400193989276886
vt 0.6398500204086304 0.400193989276886
vt 0.6311870217323303 0.42569100856781006
vt 0.5952150225639343 0.40889400243759155
vt 0.6311870217323303 0.42569100856781006
vt 0.5936220288276672 0.43310898542404175
vt 0.5952150225639343 0.40889400243759155
vt 0.5952150225639343 0.40889400243759155
vt 0.5936220288276672 0.43310898542404175
vt 0.558791995048523 0.40985000133514404
vt 0.5936220288276672 0.43310898542404175
vt 0.5514209866523743 0.4327389895915985
vt 0.558791995048523 0.40985000133514404
vt 0.5140069723129272 0.4326399862766266
vt 0.5335689783096313 0.4096260070800781
vt 0.5514209866523743 0.4327389895915985
vt 0.5335689783096313 0.4096260070800781
vt 0.558791995048523 0.40985000133514404
vt 0.5514209866523743 0.4327389895915985
vt 0.2692030072212219 0.17062099277973175
vt 0.2687230110168457 0.15041999518871307
vt 0.3022100031375885 0.16803599894046783
vt 0.2687230110168457 0.15041999518871307
vt 0.3036069869995117 0.14814800024032593
vt 0.3022100031375885 0.16803599894046783
vt 0.3539009988307953 0.16856999695301056
vt 0.3022100031375885 0.16803599894046783
vt 0.3036069869995117 0.14814800024032593
vt 0.3539009988307953 0.16856999695301056
vt 0.3036069869995117 0.14814800024032593
vt 0.35521200299263 0.14851899445056915
vt 0.4084630012512207 0.17217199504375458
vt 0.3539009988307953 0.16856999695301056
vt 0.35521200299263 0.14851899445056915
vt 0.4084630012512207 0.17217199504375458
vt 0.35521200299263 0.14851899445056915
vt 0.41098499298095703 0.14834600687026978
vt 0.4542180001735687 0.1784750074148178
vt 0.4084630012512207 0.17217199504375458
vt 0.41098499298095703 0.14834600687026978
vt 0.4542180001735687 0.1784750074148178
vt 0.41098499298095703 0.14834600687026978
vt 0.4593159854412079 0.15464900434017181
vt 0.4912300109863281 0.18943199515342712
vt 0.4542180001735687 0.1784750074148178
vt 0.4593159854412079 0.15464900434017181
vt 0.4912300109863281 0.18943199515342712
vt 0.4593159854412079 0.15464900434017181
vt 0.5054110288619995 0.16609099507331848
vt 0.03451300039887428 0.6715549826622009
vt 0.023086000233888626 0.6703659892082214
vt 0.028540000319480896 0.6435700058937073
vt 0.03451300039887428 0.6715549826622009
vt 0.028540000319480896 0.6435700058937073
vt 0.04041900113224983 0.6464130282402039
vt 0.07717899978160858 0.6622909903526306
vt 0.046973999589681625 0.6690620183944702
vt 0.07246699929237366 0.6385350227355957
vt 0.046973999589681625 0.6690620183944702
vt 0.04041900113224983 0.6464130282402039
vt 0.07246699929237366 0.6385350227355957
vt 0.11446800082921982 0.6547229886054993
vt 0.07717899978160858 0.6622909903526306
vt 0.07246699929237366 0.6385350227355957
vt 0.11446800082921982 0.6547229886054993
vt 0.07246699929237366 0.6385350227355957
vt 0.1097090020775795 0.6300190091133118
vt 0.16332800686359406 0.6433039903640747
vt 0.11446800082921982 0.6547229886054993
vt 0.1097090020775795 0.6300190091133118
vt 0.16332800686359406 0.6433039903640747
vt 0.1097090020775795 0.6300190091133118
vt 0.1569020003080368 0.6192229986190796
vt 0.2101600021123886 0.6336640119552612
vt 0.16332800686359406 0.6433039903640747
vt 0.20374000072479248 0.608256995677948
vt 0.16332800686359406 0.6433039903640747
vt 0.1569020003080368 0.6192229986190796
vt 0.20374000072479248 0.608256995677948
vt 0.2443619966506958 0.6262990236282349
vt 0.2101600021123886 0.6336640119552612
vt 0.22811000049114227 0.603967010974884
vt 0.2101600021123886 0.6336640119552612
vt 0.20374000072479248 0.608256995677948
vt 0.22811000049114227 0.603967010974884
vt 0.256974995136261 0.6186439990997314
vt 0.2443619966506958 0.6262990236282349
vt 0.2418760061264038 0.5982990264892578
vt 0.2443619966506958 0.6262990236282349
vt 0.22811000049114227 0.603967010974884
vt 0.2418760061264038 0.5982990264892578
vt 0.6720089912414551 0.36868900060653687
vt 0.7017800211906433 0.3540729880332947
vt 0.6883699893951416 0.3861660063266754
vt 0.7017800211906433 0.3540729880332947
vt 0.7179049849510193 0.3730430006980896
vt 0.6883699893951416 0.3861660063266754
vt 0.6254029870033264 0.3781830072402954
vt 0.6720089912414551 0.36868900060653687
vt 0.6398500204086304 0.400193989276886
vt 0.6720089912414551 0.36868900060653687
vt 0.6883699893951416 0.3861660063266754
vt 0.6398500204086304 0.400193989276886
vt 0.5851820111274719 0.38636600971221924
vt 0.6254029870033264 0.3781830072402954
vt 0.5952150225639343 0.40889400243759155
vt 0.6254029870033264 0.3781830072402954
vt 0.6398500204086304 0.400193989276886
vt 0.5952150225639343 0.40889400243759155
vt 0.5531859993934631 0.3914659917354584
vt 0.5851820111274719 0.38636600971221924
vt 0.558791995048523 0.40985000133514404
vt 0.5851820111274719 0.38636600971221924
vt 0.5952150225639343 0.40889400243759155
vt 0.558791995048523 0.40985000133514404
vt 0.5697879791259766 0.3648500144481659
vt 0.6093189716339111 0.3563919961452484
vt 0.5851820111274719 0.38636600971221924
vt 0.6093189716339111 0.3563919961452484
vt 0.6254029870033264 0.3781830072402954
vt 0.5851820111274719 0.38636600971221924
vt 0.651669979095459 0.34585699439048767
vt 0.6720089912414551 0.36868900060653687
vt 0.6254029870033264 0.3781830072402954
vt 0.651669979095459 0.34585699439048767
vt 0.6254029870033264 0.3781830072402954
vt 0.6093189716339111 0.3563919961452484
vt 0.6855729818344116 0.33134400844573975
vt 0.7017800211906433 0.3540729880332947
vt 0.6720089912414551 0.36868900060653687
vt 0.6855729818344116 0.33134400844573975
vt 0.6720089912414551 0.36868900060653687
vt 0.651669979095459 0.34585699439048767
vt 0.26244598627090454 0.6524180173873901
vt 0.2443619966506958 0.6262990236282349
vt 0.27130401134490967 0.6431599855422974
vt 0.2443619966506958 0.6262990236282349
vt 0.256974995136261 0.6186439990997314
vt 0.27130401134490967 0.6431599855422974
vt 0.21455000340938568 0.6610730290412903
vt 0.2101600021123886 0.6336640119552612
vt 0.2443619966506958 0.6262990236282349
vt 0.21455000340938568 0.6610730290412903
vt 0.2443619966506958 0.6262990236282349
vt 0.2508929967880249 0.6556180119514465
vt 0.1699730008840561 0.671970009803772
vt 0.16332800686359406 0.6433039903640747
vt 0.21455000340938568 0.6610730290412903
vt 0.16332800686359406 0.6433039903640747
vt 0.2101600021123886 0.6336640119552612
vt 0.21455000340938568 0.6610730290412903
vt 0.11907800287008286 0.6817309856414795
vt 0.11446800082921982 0.6547229886054993
vt 0.1699730008840561 0.671970009803772
vt 0.11446800082921982 0.6547229886054993
vt 0.16332800686359406 0.6433039903640747
vt 0.1699730008840561 0.671970009803772
vt 0.08335399627685547 0.6891300082206726
vt 0.07717899978160858 0.6622909903526306
vt 0.11907800287008286 0.6817309856414795
vt 0.07717899978160858 0.6622909903526306
vt 0.11446800082921982 0.6547229886054993
vt 0.11907800287008286 0.6817309856414795
vt 0.0520239993929863 0.698186993598938
vt 0.046973999589681625 0.6690620183944702
vt 0.08335399627685547 0.6891300082206726
vt 0.046973999589681625 0.6690620183944702
vt 0.07717899978160858 0.6622909903526306
vt 0.08335399627685547 0.6891300082206726
vt 0.029573999345302582 0.7039409875869751
vt 0.03451300039887428 0.6715549826622009
vt 0.0520239993929863 0.698186993598938
vt 0.03451300039887428 0.6715549826622009
vt 0.046973999589681625 0.6690620183944702
vt 0.0520239993929863 0.698186993598938
vt 0.4399130046367645 0.20862600207328796
vt 0.4542180001735687 0.1784750074148178
vt 0.46824800968170166 0.21494199335575104
vt 0.4542180001735687 0.1784750074148178
vt 0.4912300109863281 0.18943199515342712
vt 0.46824800968170166 0.21494199335575104
vt 0.3971579968929291 0.20307399332523346
vt 0.4084630012512207 0.17217199504375458
vt 0.4399130046367645 0.20862600207328796
vt 0.4084630012512207 0.17217199504375458
vt 0.4542180001735687 0.1784750074148178
vt 0.4399130046367645 0.20862600207328796
vt 0.3486289978027344 0.19800099730491638
vt 0.3539009988307953 0.16856999695301056
vt 0.3971579968929291 0.20307399332523346
vt 0.3539009988307953 0.16856999695301056
vt 0.4084630012512207 0.17217199504375458
vt 0.3971579968929291 0.20307399332523346
vt 0.30489298701286316 0.1928350031375885
vt 0.3022100031375885 0.16803599894046783
vt 0.3539009988307953 0.16856999695301056
vt 0.30489298701286316 0.1928350031375885
vt 0.3539009988307953 0.16856999695301056
vt 0.3486289978027344 0.19800099730491638
vt 0.30489298701286316 0.1928350031375885
vt 0.3486289978027344 0.19800099730491638
vt 0.3232809901237488 0.2264450043439865
vt 0.3486289978027344 0.19800099730491638
vt 0.3671329915523529 0.2310589998960495
vt 0.3232809901237488 0.2264450043439865
vt 0.3671329915523529 0.2310589998960495
vt 0.3971579968929291 0.20307399332523346
vt 0.4256120026111603 0.23635399341583252
vt 0.3971579968929291 0.20307399332523346
vt 0.4399130046367645 0.20862600207328796
vt 0.4256120026111603 0.23635399341583252
vt 0.4256120026111603 0.23635399341583252
vt 0.4399130046367645 0.20862600207328796
vt 0.45308300852775574 0.24286100268363953
vt 0.4399130046367645 0.20862600207328796
vt 0.46824800968170166 0.21494199335575104
vt 0.45308300852775574 0.24286100268363953
vt 0.008750000037252903 0.7340689897537231
vt 0.011417999863624573 0.7025359869003296
vt 0.0206339992582798 0.7032859921455383
vt 0.008750000037252903 0.7340689897537231
vt 0.0206339992582798 0.7032859921455383
vt 0.0184480007737875 0.7353450059890747
vt 0.0184480007737875 0.7353450059890747
vt 0.0206339992582798 0.7032859921455383
vt 0.029573999345302582 0.7039409875869751
vt 0.0184480007737875 0.7353450059890747
vt 0.029573999345302582 0.7039409875869751
vt 0.03079400025308132 0.7368680238723755
vt 0.03079400025308132 0.7368680238723755
vt 0.029573999345302582 0.7039409875869751
vt 0.06126900017261505 0.7304570078849792
vt 0.029573999345302582 0.7039409875869751
vt 0.0520239993929863 0.698186993598938
vt 0.06126900017261505 0.7304570078849792
vt 0.06126900017261505 0.7304570078849792
vt 0.0520239993929863 0.698186993598938
vt 0.08335399627685547 0.6891300082206726
vt 0.06126900017261505 0.7304570078849792
vt 0.08335399627685547 0.6891300082206726
vt 0.09384900331497192 0.7207000255584717
vt 0.09384900331497192 0.7207000255584717
vt 0.08335399627685547 0.6891300082206726
vt 0.11907800287008286 0.6817309856414795
vt 0.09384900331497192 0.7207000255584717
vt 0.11907800287008286 0.6817309856414795
vt 0.1315550059080124 0.7146919965744019
vt 0.1315550059080124 0.7146919965744019
vt 0.11907800287008286 0.6817309856414795
vt 0.1699730008840561 0.671970009803772
vt 0.1315550059080124 0.7146919965744019
vt 0.1699730008840561 0.671970009803772
vt 0.18190300464630127 0.7044569849967957
vt 0.18190300464630127 0.7044569849967957
vt 0.1699730008840561 0.671970009803772
vt 0.21455000340938568 0.6610730290412903
vt 0.18190300464630127 0.7044569849967957
vt 0.21455000340938568 0.6610730290412903
vt 0.22926099598407745 0.6926620006561279
vt 0.22926099598407745 0.6926620006561279
vt 0.21455000340938568 0.6610730290412903
vt 0.2508929967880249 0.6556180119514465
vt 0.22926099598407745 0.6926620006561279
vt 0.2508929967880249 0.6556180119514465
vt 0.26112100481987 0.6854249835014343
vt 0.26112100481987 0.6854249835014343
vt 0.2508929967880249 0.6556180119514465
vt 0.26244598627090454 0.6524180173873901
vt 0.26112100481987 0.6854249835014343
vt 0.26244598627090454 0.6524180173873901
vt 0.2786650061607361 0.6810939908027649
vt 0.2786650061607361 0.6810939908027649
vt 0.26244598627090454 0.6524180173873901
vt 0.27130401134490967 0.6431599855422974
vt 0.2786650061607361 0.6810939908027649
vt 0.27130401134490967 0.6431599855422974
vt 0.2924349904060364 0.6771630048751831
vt 0.6605920195579529 0.3007819950580597
vt 0.6855729818344116 0.33134400844573975
vt 0.651669979095459 0.34585699439048767
vt 0.6605920195579529 0.3007819950580597
vt 0.651669979095459 0.34585699439048767
vt 0.6168709993362427 0.319335013628006
vt 0.5697879791259766 0.3648500144481659
vt 0.5775790214538574 0.3395029902458191
vt 0.6093189716339111 0.3563919961452484
vt 0.5775790214538574 0.3395029902458191
vt 0.6168709993362427 0.319335013628006
vt 0.6093189716339111 0.3563919961452484
vt 0.3232809901237488 0.2264450043439865
vt 0.3671329915523529 0.2310589998960495
vt 0.33285099267959595 0.2670150101184845
vt 0.3671329915523529 0.2310589998960495
vt 0.3855000138282776 0.2802790105342865
vt 0.33285099267959595 0.2670150101184845
vt 0.43276000022888184 0.2933349907398224
vt 0.3855000138282776 0.2802790105342865
vt 0.4256120026111603 0.23635399341583252
vt 0.43276000022888184 0.2933349907398224
vt 0.4256120026111603 0.23635399341583252
vt 0.45308300852775574 0.24286100268363953
vt 0.022096000611782074 0.7896249890327454
vt 0.011727999895811081 0.7879210114479065
vt 0.0184480007737875 0.7353450059890747
vt 0.011727999895811081 0.7879210114479065
vt 0.008750000037252903 0.7340689897537231
vt 0.0184480007737875 0.7353450059890747
vt 0.0338129997253418 0.7887160181999207
vt 0.022096000611782074 0.7896249890327454
vt 0.03079400025308132 0.7368680238723755
vt 0.022096000611782074 0.7896249890327454
vt 0.0184480007737875 0.7353450059890747
vt 0.03079400025308132 0.7368680238723755
vt 0.07690499722957611 0.7825499773025513
vt 0.05053799971938133 0.7865020036697388
vt 0.06126900017261505 0.7304570078849792
vt 0.05053799971938133 0.7865020036697388
vt 0.03079400025308132 0.7368680238723755
vt 0.06126900017261505 0.7304570078849792
vt 0.11060100048780441 0.7732849717140198
vt 0.07690499722957611 0.7825499773025513
vt 0.09384900331497192 0.7207000255584717
vt 0.07690499722957611 0.7825499773025513
vt 0.06126900017261505 0.7304570078849792
vt 0.09384900331497192 0.7207000255584717
vt 0.15215900540351868 0.7632520198822021
vt 0.11060100048780441 0.7732849717140198
vt 0.1315550059080124 0.7146919965744019
vt 0.11060100048780441 0.7732849717140198
vt 0.09384900331497192 0.7207000255584717
vt 0.1315550059080124 0.7146919965744019
vt 0.19711600244045258 0.7523400187492371
vt 0.15215900540351868 0.7632520198822021
vt 0.18190300464630127 0.7044569849967957
vt 0.15215900540351868 0.7632520198822021
vt 0.1315550059080124 0.7146919965744019
vt 0.18190300464630127 0.7044569849967957
vt 0.24270500242710114 0.740077018737793
vt 0.19711600244045258 0.7523400187492371
vt 0.22926099598407745 0.6926620006561279
vt 0.19711600244045258 0.7523400187492371
vt 0.18190300464630127 0.7044569849967957
vt 0.22926099598407745 0.6926620006561279
vt 0.270114004611969 0.7313330173492432
vt 0.24270500242710114 0.740077018737793
vt 0.22926099598407745 0.6926620006561279
vt 0.270114004611969 0.7313330173492432
vt 0.22926099598407745 0.6926620006561279
vt 0.26112100481987 0.6854249835014343
vt 0.29177799820899963 0.7207940220832825
vt 0.270114004611969 0.7313330173492432
vt 0.26112100481987 0.6854249835014343
vt 0.29177799820899963 0.7207940220832825
vt 0.26112100481987 0.6854249835014343
vt 0.2786650061607361 0.6810939908027649
vt 0.31066998839378357 0.7152379751205444
vt 0.29177799820899963 0.7207940220832825
vt 0.2924349904060364 0.6771630048751831
vt 0.29177799820899963 0.7207940220832825
vt 0.2786650061607361 0.6810939908027649
vt 0.2924349904060364 0.6771630048751831
vt 0.610617995262146 0.2903839945793152
vt 0.6373159885406494 0.26627200841903687
vt 0.6605920195579529 0.3007819950580597
vt 0.610617995262146 0.2903839945793152
vt 0.6605920195579529 0.3007819950580597
vt 0.6168709993362427 0.319335013628006
vt 0.5775790214538574 0.3395029902458191
vt 0.5850139856338501 0.311271995306015
vt 0.6168709993362427 0.319335013628006
vt 0.5850139856338501 0.311271995306015
vt 0.610617995262146 0.2903839945793152
vt 0.6168709993362427 0.319335013628006
vt 0.30766400694847107 0.7626789808273315
vt 0.29177799820899963 0.7207940220832825
vt 0.32583099603652954 0.7513870000839233
vt 0.29177799820899963 0.7207940220832825
vt 0.31066998839378357 0.7152379751205444
vt 0.32583099603652954 0.7513870000839233
vt 0.2823120057582855 0.7674390077590942
vt 0.270114004611969 0.7313330173492432
vt 0.29177799820899963 0.7207940220832825
vt 0.2823120057582855 0.7674390077590942
vt 0.29177799820899963 0.7207940220832825
vt 0.30766400694847107 0.7626789808273315
vt 0.24943900108337402 0.7772259712219238
vt 0.24270500242710114 0.740077018737793
vt 0.2823120057582855 0.7674390077590942
vt 0.24270500242710114 0.740077018737793
vt 0.270114004611969 0.7313330173492432
vt 0.2823120057582855 0.7674390077590942
vt 0.20399199426174164 0.7866100072860718
vt 0.19711600244045258 0.7523400187492371
vt 0.24943900108337402 0.7772259712219238
vt 0.19711600244045258 0.7523400187492371
vt 0.24270500242710114 0.740077018737793
vt 0.24943900108337402 0.7772259712219238
vt 0.15925000607967377 0.7972279787063599
vt 0.15215900540351868 0.7632520198822021
vt 0.20399199426174164 0.7866100072860718
vt 0.15215900540351868 0.7632520198822021
vt 0.19711600244045258 0.7523400187492371
vt 0.20399199426174164 0.7866100072860718
vt 0.1196179986000061 0.8077170252799988
vt 0.11060100048780441 0.7732849717140198
vt 0.15925000607967377 0.7972279787063599
vt 0.11060100048780441 0.7732849717140198
vt 0.15215900540351868 0.7632520198822021
vt 0.15925000607967377 0.7972279787063599
vt 0.08639799803495407 0.8160899877548218
vt 0.07690499722957611 0.7825499773025513
vt 0.11060100048780441 0.7732849717140198
vt 0.08639799803495407 0.8160899877548218
vt 0.11060100048780441 0.7732849717140198
vt 0.1196179986000061 0.8077170252799988
vt 0.05771699920296669 0.8168169856071472
vt 0.05053799971938133 0.7865020036697388
vt 0.07690499722957611 0.7825499773025513
vt 0.05771699920296669 0.8168169856071472
vt 0.07690499722957611 0.7825499773025513
vt 0.08639799803495407 0.8160899877548218
vt 0.03734000027179718 0.8220329880714417
vt 0.0338129997253418 0.7887160181999207
vt 0.05771699920296669 0.8168169856071472
vt 0.0338129997253418 0.7887160181999207
vt 0.05053799971938133 0.7865020036697388
vt 0.05771699920296669 0.8168169856071472
vt 0.025231000036001205 0.8259090185165405
vt 0.022096000611782074 0.7896249890327454
vt 0.03734000027179718 0.8220329880714417
vt 0.022096000611782074 0.7896249890327454
vt 0.0338129997253418 0.7887160181999207
vt 0.03734000027179718 0.8220329880714417
vt 0.010091999545693398 0.8236950039863586
vt 0.011727999895811081 0.7879210114479065
vt 0.022096000611782074 0.7896249890327454
vt 0.010091999545693398 0.8236950039863586
vt 0.022096000611782074 0.7896249890327454
vt 0.025231000036001205 0.8259090185165405
vt 0.37205401062965393 0.3176249861717224
vt 0.3855000138282776 0.2802790105342865
vt 0.4140920042991638 0.32415199279785156
vt 0.3855000138282776 0.2802790105342865
vt 0.43276000022888184 0.2933349907398224
vt 0.4140920042991638 0.32415199279785156
vt 0.33440300822257996 0.30965301394462585
vt 0.33285099267959595 0.2670150101184845
vt 0.3855000138282776 0.2802790105342865
vt 0.33440300822257996 0.30965301394462585
vt 0.3855000138282776 0.2802790105342865
vt 0.37205401062965393 0.3176249861717224
vt 0.5809910297393799 0.27178698778152466
vt 0.5777180194854736 0.23722800612449646
vt 0.6153389811515808 0.23426200449466705
vt 0.5777180194854736 0.23722800612449646
vt 0.5965750217437744 0.2096250057220459
vt 0.6153389811515808 0.23426200449466705
vt 0.3157539963722229 0.7917400002479553
vt 0.30766400694847107 0.7626789808273315
vt 0.3356330096721649 0.7812910079956055
vt 0.30766400694847107 0.7626789808273315
vt 0.32583099603652954 0.7513870000839233
vt 0.3356330096721649 0.7812910079956055
vt 0.3157539963722229 0.7917400002479553
vt 0.28951600193977356 0.8008840084075928
vt 0.2823120057582855 0.7674390077590942
vt 0.3157539963722229 0.7917400002479553
vt 0.2823120057582855 0.7674390077590942
vt 0.30766400694847107 0.7626789808273315
vt 0.25478100776672363 0.810496985912323
vt 0.24943900108337402 0.7772259712219238
vt 0.28951600193977356 0.8008840084075928
vt 0.24943900108337402 0.7772259712219238
vt 0.2823120057582855 0.7674390077590942
vt 0.28951600193977356 0.8008840084075928
vt 0.21291999518871307 0.824882984161377
vt 0.20399199426174164 0.7866100072860718
vt 0.25478100776672363 0.810496985912323
vt 0.20399199426174164 0.7866100072860718
vt 0.24943900108337402 0.7772259712219238
vt 0.25478100776672363 0.810496985912323
vt 0.16926799714565277 0.8354380130767822
vt 0.15925000607967377 0.7972279787063599
vt 0.20399199426174164 0.7866100072860718
vt 0.16926799714565277 0.8354380130767822
vt 0.20399199426174164 0.7866100072860718
vt 0.21291999518871307 0.824882984161377
vt 0.12913000583648682 0.8444640040397644
vt 0.1196179986000061 0.8077170252799988
vt 0.15925000607967377 0.7972279787063599
vt 0.12913000583648682 0.8444640040397644
vt 0.15925000607967377 0.7972279787063599
vt 0.16926799714565277 0.8354380130767822
vt 0.09244100004434586 0.8490179777145386
vt 0.08639799803495407 0.8160899877548218
vt 0.1196179986000061 0.8077170252799988
vt 0.09244100004434586 0.8490179777145386
vt 0.1196179986000061 0.8077170252799988
vt 0.12913000583648682 0.8444640040397644
vt 0.06358999758958817 0.8507509827613831
vt 0.05771699920296669 0.8168169856071472
vt 0.08639799803495407 0.8160899877548218
vt 0.06358999758958817 0.8507509827613831
vt 0.08639799803495407 0.8160899877548218
vt 0.09244100004434586 0.8490179777145386
vt 0.03863900154829025 0.8511589765548706
vt 0.03734000027179718 0.8220329880714417
vt 0.06358999758958817 0.8507509827613831
vt 0.03734000027179718 0.8220329880714417
vt 0.05771699920296669 0.8168169856071472
vt 0.06358999758958817 0.8507509827613831
vt 0.03863900154829025 0.8511589765548706
vt 0.024846000596880913 0.8530110120773315
vt 0.025231000036001205 0.8259090185165405
vt 0.03863900154829025 0.8511589765548706
vt 0.025231000036001205 0.8259090185165405
vt 0.03734000027179718 0.8220329880714417
vt 0.024846000596880913 0.8530110120773315
vt 0.010424000211060047 0.8541439771652222
vt 0.025231000036001205 0.8259090185165405
vt 0.010424000211060047 0.8541439771652222
vt 0.010091999545693398 0.8236950039863586
vt 0.025231000036001205 0.8259090185165405
vt 0.3956420123577118 0.34834301471710205
vt 0.36174601316452026 0.34328898787498474
vt 0.37205401062965393 0.3176249861717224
vt 0.3956420123577118 0.34834301471710205
vt 0.37205401062965393 0.3176249861717224
vt 0.4140920042991638 0.32415199279785156
vt 0.33440300822257996 0.30965301394462585
vt 0.37205401062965393 0.3176249861717224
vt 0.36174601316452026 0.34328898787498474
vt 0.33440300822257996 0.30965301394462585
vt 0.36174601316452026 0.34328898787498474
vt 0.3359749913215637 0.34243500232696533
vt 0.2937920093536377 0.828245997428894
vt 0.2600809931755066 0.8350809812545776
vt 0.25478100776672363 0.810496985912323
vt 0.2937920093536377 0.828245997428894
vt 0.25478100776672363 0.810496985912323
vt 0.28951600193977356 0.8008840084075928
vt 0.2600809931755066 0.8350809812545776
vt 0.2209559977054596 0.8498539924621582
vt 0.21291999518871307 0.824882984161377
vt 0.2600809931755066 0.8350809812545776
vt 0.21291999518871307 0.824882984161377
vt 0.25478100776672363 0.810496985912323
vt 0.2209559977054596 0.8498539924621582
vt 0.17668800055980682 0.8615220189094543
vt 0.21291999518871307 0.824882984161377
vt 0.17668800055980682 0.8615220189094543
vt 0.16926799714565277 0.8354380130767822
vt 0.21291999518871307 0.824882984161377
vt 0.17668800055980682 0.8615220189094543
vt 0.13372500240802765 0.8724139928817749
vt 0.12913000583648682 0.8444640040397644
vt 0.17668800055980682 0.8615220189094543
vt 0.12913000583648682 0.8444640040397644
vt 0.16926799714565277 0.8354380130767822
vt 0.13372500240802765 0.8724139928817749
vt 0.09532299637794495 0.8794689774513245
vt 0.09244100004434586 0.8490179777145386
vt 0.13372500240802765 0.8724139928817749
vt 0.09244100004434586 0.8490179777145386
vt 0.12913000583648682 0.8444640040397644
vt 0.09532299637794495 0.8794689774513245
vt 0.06575299799442291 0.8843100070953369
vt 0.06358999758958817 0.8507509827613831
vt 0.09532299637794495 0.8794689774513245
vt 0.06358999758958817 0.8507509827613831
vt 0.09244100004434586 0.8490179777145386
vt 0.10201799869537354 0.9077619910240173
vt 0.07239300012588501 0.9133350253105164
vt 0.09532299637794495 0.8794689774513245
vt 0.07239300012588501 0.9133350253105164
vt 0.06575299799442291 0.8843100070953369
vt 0.09532299637794495 0.8794689774513245
vt 0.10201799869537354 0.9077619910240173
vt 0.09532299637794495 0.8794689774513245
vt 0.13372500240802765 0.8724139928817749
vt 0.10201799869537354 0.9077619910240173
vt 0.13372500240802765 0.8724139928817749
vt 0.14016200602054596 0.8993200063705444
vt 0.14016200602054596 0.8993200063705444
vt 0.13372500240802765 0.8724139928817749
vt 0.18304899334907532 0.8874819874763489
vt 0.13372500240802765 0.8724139928817749
vt 0.17668800055980682 0.8615220189094543
vt 0.18304899334907532 0.8874819874763489
vt 0.18304899334907532 0.8874819874763489
vt 0.17668800055980682 0.8615220189094543
vt 0.2209559977054596 0.8498539924621582
vt 0.18304899334907532 0.8874819874763489
vt 0.2209559977054596 0.8498539924621582
vt 0.2286980003118515 0.8755189776420593
vt 0.2286980003118515 0.8755189776420593
vt 0.2209559977054596 0.8498539924621582
vt 0.26993298530578613 0.8617029786109924
vt 0.2209559977054596 0.8498539924621582
vt 0.2600809931755066 0.8350809812545776
vt 0.26993298530578613 0.8617029786109924
vt 0.26993298530578613 0.8617029786109924
vt 0.2600809931755066 0.8350809812545776
vt 0.2937920093536377 0.828245997428894
vt 0.26993298530578613 0.8617029786109924
vt 0.2937920093536377 0.828245997428894
vt 0.3017750084400177 0.8496209979057312
vt 0.3238230049610138 0.8216379880905151
vt 0.2937920093536377 0.828245997428894
vt 0.28951600193977356 0.8008840084075928
vt 0.3238230049610138 0.8216379880905151
vt 0.28951600193977356 0.8008840084075928
vt 0.3157539963722229 0.7917400002479553
vt 0.3017750084400177 0.8496209979057312
vt 0.2937920093536377 0.828245997428894
vt 0.3238230049610138 0.8216379880905151
vt 0.3017750084400177 0.8496209979057312
vt 0.3238230049610138 0.8216379880905151
vt 0.32793599367141724 0.8470739722251892
vt 0.03881099820137024 0.8810750246047974
vt 0.03863900154829025 0.8511589765548706
vt 0.06358999758958817 0.8507509827613831
vt 0.03881099820137024 0.8810750246047974
vt 0.06358999758958817 0.8507509827613831
vt 0.06575299799442291 0.8843100070953369
vt 0.07239300012588501 0.9133350253105164
vt 0.041703999042510986 0.9172400236129761
vt 0.06575299799442291 0.8843100070953369
vt 0.041703999042510986 0.9172400236129761
vt 0.03881099820137024 0.8810750246047974
vt 0.06575299799442291 0.8843100070953369
vt 0.34641098976135254 0.8112319707870483
vt 0.3238230049610138 0.8216379880905151
vt 0.3157539963722229 0.7917400002479553
vt 0.34641098976135254 0.8112319707870483
vt 0.3157539963722229 0.7917400002479553
vt 0.3356330096721649 0.7812910079956055
vt 0.35166001319885254 0.8293280005455017
vt 0.32793599367141724 0.8470739722251892
vt 0.3238230049610138 0.8216379880905151
vt 0.35166001319885254 0.8293280005455017
vt 0.3238230049610138 0.8216379880905151
vt 0.34641098976135254 0.8112319707870483
vt 0.025377999991178513 0.881309986114502
vt 0.011363999918103218 0.8834429979324341
vt 0.010424000211060047 0.8541439771652222
vt 0.025377999991178513 0.881309986114502
vt 0.010424000211060047 0.8541439771652222
vt 0.024846000596880913 0.8530110120773315
vt 0.03881099820137024 0.8810750246047974
vt 0.025377999991178513 0.881309986114502
vt 0.024846000596880913 0.8530110120773315
vt 0.03881099820137024 0.8810750246047974
vt 0.024846000596880913 0.8530110120773315
vt 0.03863900154829025 0.8511589765548706
vt 0.041703999042510986 0.9172400236129761
vt 0.028147999197244644 0.9174609780311584
vt 0.03881099820137024 0.8810750246047974
vt 0.028147999197244644 0.9174609780311584
vt 0.025377999991178513 0.881309986114502
vt 0.03881099820137024 0.8810750246047974
vt 0.028147999197244644 0.9174609780311584
vt 0.013592000119388103 0.9192460179328918
vt 0.011363999918103218 0.8834429979324341
vt 0.028147999197244644 0.9174609780311584
vt 0.011363999918103218 0.8834429979324341
vt 0.025377999991178513 0.881309986114502
vt 0.613440990447998 0.5983830094337463
vt 0.6068080067634583 0.630810022354126
vt 0.5935230255126953 0.6182810068130493
vt 0.613440990447998 0.5983830094337463
vt 0.5935230255126953 0.6182810068130493
vt 0.5954130291938782 0.5961719751358032
vt 0.5935230255126953 0.6182810068130493
vt 0.5730339884757996 0.5957090258598328
vt 0.5954130291938782 0.5961719751358032
vt 0.5730339884757996 0.5957090258598328
vt 0.5735369920730591 0.587086021900177
vt 0.5954130291938782 0.5961719751358032
vt 0.5067369937896729 0.5739859938621521
vt 0.4687519967556 0.5781599879264832
vt 0.5062059760093689 0.5642200112342834
vt 0.4687519967556 0.5781599879264832
vt 0.46709299087524414 0.5600169897079468
vt 0.5062059760093689 0.5642200112342834
vt 0.4687519967556 0.5781599879264832
vt 0.43567800521850586 0.5914180278778076
vt 0.4311249852180481 0.5662609934806824
vt 0.4687519967556 0.5781599879264832
vt 0.4311249852180481 0.5662609934806824
vt 0.46709299087524414 0.5600169897079468
vt 0.43567800521850586 0.5914180278778076
vt 0.4101549983024597 0.6065850257873535
vt 0.39955198764801025 0.5916479825973511
vt 0.43567800521850586 0.5914180278778076
vt 0.39955198764801025 0.5916479825973511
vt 0.4311249852180481 0.5662609934806824
vt 0.3884429931640625 0.6179900169372559
vt 0.37873199582099915 0.6030480265617371
vt 0.39955198764801025 0.5916479825973511
vt 0.3884429931640625 0.6179900169372559
vt 0.39955198764801025 0.5916479825973511
vt 0.4101549983024597 0.6065850257873535
vt 0.39587000012397766 0.641402006149292
vt 0.4208329916000366 0.6292440295219421
vt 0.4262790083885193 0.6521080136299133
vt 0.4208329916000366 0.6292440295219421
vt 0.4335789978504181 0.6368150115013123
vt 0.4262790083885193 0.6521080136299133
vt 0.4208329916000366 0.6292440295219421
vt 0.4473850131034851 0.6129270195960999
vt 0.4335789978504181 0.6368150115013123
vt 0.4473850131034851 0.6129270195960999
vt 0.45022401213645935 0.6177480220794678
vt 0.4335789978504181 0.6368150115013123
vt 0.4473850131034851 0.6129270195960999
vt 0.47508400678634644 0.6013209819793701
vt 0.4760180115699768 0.6051430106163025
vt 0.4473850131034851 0.6129270195960999
vt 0.4760180115699768 0.6051430106163025
vt 0.45022401213645935 0.6177480220794678
vt 0.47508400678634644 0.6013209819793701
vt 0.5063639879226685 0.5980560183525085
vt 0.5051259994506836 0.6026080250740051
vt 0.47508400678634644 0.6013209819793701
vt 0.5051259994506836 0.6026080250740051
vt 0.4760180115699768 0.6051430106163025
vt 0.5063639879226685 0.5980560183525085
vt 0.5339109897613525 0.6020050048828125
vt 0.5310789942741394 0.6098049879074097
vt 0.5063639879226685 0.5980560183525085
vt 0.5310789942741394 0.6098049879074097
vt 0.5051259994506836 0.6026080250740051
vt 0.5339109897613525 0.6020050048828125
vt 0.5563499927520752 0.6156929731369019
vt 0.5310789942741394 0.6098049879074097
vt 0.5563499927520752 0.6156929731369019
vt 0.5497499704360962 0.6243550181388855
vt 0.5310789942741394 0.6098049879074097
vt 0.5563499927520752 0.6156929731369019
vt 0.5758029818534851 0.6416329741477966
vt 0.5634350180625916 0.6449900269508362
vt 0.5563499927520752 0.6156929731369019
vt 0.5634350180625916 0.6449900269508362
vt 0.5497499704360962 0.6243550181388855
vt 0.5758029818534851 0.6416329741477966
vt 0.596373975276947 0.6645810008049011
vt 0.5705749988555908 0.6694639921188354
vt 0.5758029818534851 0.6416329741477966
vt 0.5705749988555908 0.6694639921188354
vt 0.5634350180625916 0.6449900269508362
vt 0.3982990086078644 0.67044997215271
vt 0.39587000012397766 0.641402006149292
vt 0.4262790083885193 0.6521080136299133
vt 0.3982990086078644 0.67044997215271
vt 0.4262790083885193 0.6521080136299133
vt 0.42300501465797424 0.672203004360199
vt 0.4095819890499115 0.7028909921646118
vt 0.3982990086078644 0.67044997215271
vt 0.42300501465797424 0.672203004360199
vt 0.4095819890499115 0.7028909921646118
vt 0.42300501465797424 0.672203004360199
vt 0.42759498953819275 0.6980609893798828
vt 0.42181599140167236 0.7254660129547119
vt 0.4095819890499115 0.7028909921646118
vt 0.42759498953819275 0.6980609893798828
vt 0.42181599140167236 0.7254660129547119
vt 0.42759498953819275 0.6980609893798828
vt 0.4368230104446411 0.7165679931640625
vt 0.43548500537872314 0.740543007850647
vt 0.42181599140167236 0.7254660129547119
vt 0.4368230104446411 0.7165679931640625
vt 0.43548500537872314 0.740543007850647
vt 0.4368230104446411 0.7165679931640625
vt 0.44762301445007324 0.7287330031394958
vt 0.45469900965690613 0.7549340128898621
vt 0.43548500537872314 0.740543007850647
vt 0.44762301445007324 0.7287330031394958
vt 0.45469900965690613 0.7549340128898621
vt 0.44762301445007324 0.7287330031394958
vt 0.46386998891830444 0.7396569848060608
vt 0.47366899251937866 0.7612249851226807
vt 0.45469900965690613 0.7549340128898621
vt 0.46386998891830444 0.7396569848060608
vt 0.47366899251937866 0.7612249851226807
vt 0.46386998891830444 0.7396569848060608
vt 0.4781459867954254 0.7451490163803101
vt 0.49665701389312744 0.76350998878479
vt 0.47366899251937866 0.7612249851226807
vt 0.4781459867954254 0.7451490163803101
vt 0.49665701389312744 0.76350998878479
vt 0.4781459867954254 0.7451490163803101
vt 0.4962640106678009 0.7475280165672302
vt 0.5170360207557678 0.7611669898033142
vt 0.49665701389312744 0.76350998878479
vt 0.5136039853096008 0.7454599738121033
vt 0.49665701389312744 0.76350998878479
vt 0.4962640106678009 0.7475280165672302
vt 0.5136039853096008 0.7454599738121033
vt 0.5359579920768738 0.7550179958343506
vt 0.5170360207557678 0.7611669898033142
vt 0.5285080075263977 0.7401440143585205
vt 0.5170360207557678 0.7611669898033142
vt 0.5136039853096008 0.7454599738121033
vt 0.5285080075263977 0.7401440143585205
vt 0.5495190024375916 0.7475590109825134
vt 0.5359579920768738 0.7550179958343506
vt 0.5389660000801086 0.7336829900741577
vt 0.5359579920768738 0.7550179958343506
vt 0.5285080075263977 0.7401440143585205
vt 0.5389660000801086 0.7336829900741577
vt 0.5634829998016357 0.736054003238678
vt 0.5495190024375916 0.7475590109825134
vt 0.5506889820098877 0.723118007183075
vt 0.5495190024375916 0.7475590109825134
vt 0.5389660000801086 0.7336829900741577
vt 0.5506889820098877 0.723118007183075
vt 0.5769069790840149 0.7184370160102844
vt 0.5634829998016357 0.736054003238678
vt 0.5506889820098877 0.723118007183075
vt 0.5769069790840149 0.7184370160102844
vt 0.5506889820098877 0.723118007183075
vt 0.5612760186195374 0.7085850238800049
vt 0.5881890058517456 0.696395993232727
vt 0.5769069790840149 0.7184370160102844
vt 0.5612760186195374 0.7085850238800049
vt 0.5881890058517456 0.696395993232727
vt 0.5612760186195374 0.7085850238800049
vt 0.5679180026054382 0.690392017364502
vt 0.596373975276947 0.6645810008049011
vt 0.5881890058517456 0.696395993232727
vt 0.5705749988555908 0.6694639921188354
vt 0.5881890058517456 0.696395993232727
vt 0.5679180026054382 0.690392017364502
vt 0.5705749988555908 0.6694639921188354
vt 0.39587000012397766 0.641402006149292
vt 0.3884429931640625 0.6179900169372559
vt 0.4208329916000366 0.6292440295219421
vt 0.3884429931640625 0.6179900169372559
vt 0.4101549983024597 0.6065850257873535
vt 0.4208329916000366 0.6292440295219421
vt 0.43567800521850586 0.5914180278778076
vt 0.4473850131034851 0.6129270195960999
vt 0.4101549983024597 0.6065850257873535
vt 0.4473850131034851 0.6129270195960999
vt 0.4208329916000366 0.6292440295219421
vt 0.4101549983024597 0.6065850257873535
vt 0.4687519967556 0.5781599879264832
vt 0.47508400678634644 0.6013209819793701
vt 0.43567800521850586 0.5914180278778076
vt 0.47508400678634644 0.6013209819793701
vt 0.4473850131034851 0.6129270195960999
vt 0.43567800521850586 0.5914180278778076
vt 0.5067369937896729 0.5739859938621521
vt 0.5063639879226685 0.5980560183525085
vt 0.47508400678634644 0.6013209819793701
vt 0.5067369937896729 0.5739859938621521
vt 0.47508400678634644 0.6013209819793701
vt 0.4687519967556 0.5781599879264832
vt 0.5443230271339417 0.5768420100212097
vt 0.5339109897613525 0.6020050048828125
vt 0.5067369937896729 0.5739859938621521
vt 0.5339109897613525 0.6020050048828125
vt 0.5063639879226685 0.5980560183525085
vt 0.5067369937896729 0.5739859938621521
vt 0.5730339884757996 0.5957090258598328
vt 0.5563499927520752 0.6156929731369019
vt 0.5339109897613525 0.6020050048828125
vt 0.5730339884757996 0.5957090258598328
vt 0.5339109897613525 0.6020050048828125
vt 0.5443230271339417 0.5768420100212097
vt 0.5935230255126953 0.6182810068130493
vt 0.5758029818534851 0.6416329741477966
vt 0.5563499927520752 0.6156929731369019
vt 0.5935230255126953 0.6182810068130493
vt 0.5563499927520752 0.6156929731369019
vt 0.5730339884757996 0.5957090258598328
vt 0.6068080067634583 0.630810022354126
vt 0.596373975276947 0.6645810008049011
vt 0.5758029818534851 0.6416329741477966
vt 0.6068080067634583 0.630810022354126
vt 0.5758029818534851 0.6416329741477966
vt 0.5935230255126953 0.6182810068130493
vt 0.3730359971523285 0.6197100281715393
vt 0.35703200101852417 0.5985270142555237
vt 0.37873199582099915 0.6030480265617371
vt 0.3730359971523285 0.6197100281715393
vt 0.37873199582099915 0.6030480265617371
vt 0.3884429931640625 0.6179900169372559
vt 0.38301900029182434 0.6462420225143433
vt 0.3730359971523285 0.6197100281715393
vt 0.3884429931640625 0.6179900169372559
vt 0.38301900029182434 0.6462420225143433
vt 0.3884429931640625 0.6179900169372559
vt 0.39587000012397766 0.641402006149292
vt 0.3886440098285675 0.6736379861831665
vt 0.38301900029182434 0.6462420225143433
vt 0.3982990086078644 0.67044997215271
vt 0.38301900029182434 0.6462420225143433
vt 0.39587000012397766 0.641402006149292
vt 0.3982990086078644 0.67044997215271
vt 0.4001150131225586 0.7072769999504089
vt 0.3886440098285675 0.6736379861831665
vt 0.4095819890499115 0.7028909921646118
vt 0.3886440098285675 0.6736379861831665
vt 0.3982990086078644 0.67044997215271
vt 0.4095819890499115 0.7028909921646118
vt 0.4143190085887909 0.7316259741783142
vt 0.4001150131225586 0.7072769999504089
vt 0.42181599140167236 0.7254660129547119
vt 0.4001150131225586 0.7072769999504089
vt 0.4095819890499115 0.7028909921646118
vt 0.42181599140167236 0.7254660129547119
vt 0.4289419949054718 0.7473679780960083
vt 0.4143190085887909 0.7316259741783142
vt 0.43548500537872314 0.740543007850647
vt 0.4143190085887909 0.7316259741783142
vt 0.42181599140167236 0.7254660129547119
vt 0.43548500537872314 0.740543007850647
vt 0.45061200857162476 0.7620919942855835
vt 0.4289419949054718 0.7473679780960083
vt 0.43548500537872314 0.740543007850647
vt 0.45061200857162476 0.7620919942855835
vt 0.43548500537872314 0.740543007850647
vt 0.45469900965690613 0.7549340128898621
vt 0.47033798694610596 0.769029974937439
vt 0.45061200857162476 0.7620919942855835
vt 0.45469900965690613 0.7549340128898621
vt 0.47033798694610596 0.769029974937439
vt 0.45469900965690613 0.7549340128898621
vt 0.47366899251937866 0.7612249851226807
vt 0.49546098709106445 0.7732629776000977
vt 0.47033798694610596 0.769029974937439
vt 0.47366899251937866 0.7612249851226807
vt 0.49546098709106445 0.7732629776000977
vt 0.47366899251937866 0.7612249851226807
vt 0.49665701389312744 0.76350998878479
vt 0.5179280042648315 0.770317018032074
vt 0.49546098709106445 0.7732629776000977
vt 0.49665701389312744 0.76350998878479
vt 0.5179280042648315 0.770317018032074
vt 0.49665701389312744 0.76350998878479
vt 0.5170360207557678 0.7611669898033142
vt 0.5388739705085754 0.7638429999351501
vt 0.5179280042648315 0.770317018032074
vt 0.5170360207557678 0.7611669898033142
vt 0.5388739705085754 0.7638429999351501
vt 0.5170360207557678 0.7611669898033142
vt 0.5359579920768738 0.7550179958343506
vt 0.5539820194244385 0.7547079920768738
vt 0.5388739705085754 0.7638429999351501
vt 0.5359579920768738 0.7550179958343506
vt 0.5539820194244385 0.7547079920768738
vt 0.5359579920768738 0.7550179958343506
vt 0.5495190024375916 0.7475590109825134
vt 0.5693699717521667 0.7431409955024719
vt 0.5539820194244385 0.7547079920768738
vt 0.5495190024375916 0.7475590109825134
vt 0.5693699717521667 0.7431409955024719
vt 0.5495190024375916 0.7475590109825134
vt 0.5634829998016357 0.736054003238678
vt 0.5842369794845581 0.7238579988479614
vt 0.5693699717521667 0.7431409955024719
vt 0.5634829998016357 0.736054003238678
vt 0.5842369794845581 0.7238579988479614
vt 0.5634829998016357 0.736054003238678
vt 0.5769069790840149 0.7184370160102844
vt 0.5968599915504456 0.7014539837837219
vt 0.5842369794845581 0.7238579988479614
vt 0.5769069790840149 0.7184370160102844
vt 0.5968599915504456 0.7014539837837219
vt 0.5769069790840149 0.7184370160102844
vt 0.5881890058517456 0.696395993232727
vt 0.6097800135612488 0.6682620048522949
vt 0.5968599915504456 0.7014539837837219
vt 0.5881890058517456 0.696395993232727
vt 0.6097800135612488 0.6682620048522949
vt 0.5881890058517456 0.696395993232727
vt 0.596373975276947 0.6645810008049011
vt 0.6201050281524658 0.6353800296783447
vt 0.6097800135612488 0.6682620048522949
vt 0.6068080067634583 0.630810022354126
vt 0.6097800135612488 0.6682620048522949
vt 0.596373975276947 0.6645810008049011
vt 0.6068080067634583 0.630810022354126
vt 0.6275190114974976 0.598488986492157
vt 0.6201050281524658 0.6353800296783447
vt 0.613440990447998 0.5983830094337463
vt 0.6201050281524658 0.6353800296783447
vt 0.6068080067634583 0.630810022354126
vt 0.613440990447998 0.5983830094337463
vt 0.35575899481773376 0.6261339783668518
vt 0.34206101298332214 0.6088230013847351
vt 0.35703200101852417 0.5985270142555237
vt 0.35575899481773376 0.6261339783668518
vt 0.35703200101852417 0.5985270142555237
vt 0.3730359971523285 0.6197100281715393
vt 0.36589398980140686 0.6488900184631348
vt 0.35575899481773376 0.6261339783668518
vt 0.3730359971523285 0.6197100281715393
vt 0.36589398980140686 0.6488900184631348
vt 0.3730359971523285 0.6197100281715393
vt 0.38301900029182434 0.6462420225143433
vt 0.37398600578308105 0.6765769720077515
vt 0.36589398980140686 0.6488900184631348
vt 0.38301900029182434 0.6462420225143433
vt 0.37398600578308105 0.6765769720077515
vt 0.38301900029182434 0.6462420225143433
vt 0.3886440098285675 0.6736379861831665
vt 0.38940900564193726 0.71698397397995
vt 0.37398600578308105 0.6765769720077515
vt 0.4001150131225586 0.7072769999504089
vt 0.37398600578308105 0.6765769720077515
vt 0.3886440098285675 0.6736379861831665
vt 0.4001150131225586 0.7072769999504089
vt 0.4042620062828064 0.7400490045547485
vt 0.38940900564193726 0.71698397397995
vt 0.4143190085887909 0.7316259741783142
vt 0.38940900564193726 0.71698397397995
vt 0.4001150131225586 0.7072769999504089
vt 0.4143190085887909 0.7316259741783142
vt 0.42236098647117615 0.7583829760551453
vt 0.4042620062828064 0.7400490045547485
vt 0.4289419949054718 0.7473679780960083
vt 0.4042620062828064 0.7400490045547485
vt 0.4143190085887909 0.7316259741783142
vt 0.4289419949054718 0.7473679780960083
vt 0.44467800855636597 0.7731840014457703
vt 0.42236098647117615 0.7583829760551453
vt 0.45061200857162476 0.7620919942855835
vt 0.42236098647117615 0.7583829760551453
vt 0.4289419949054718 0.7473679780960083
vt 0.45061200857162476 0.7620919942855835
vt 0.4658609926700592 0.7809510231018066
vt 0.44467800855636597 0.7731840014457703
vt 0.45061200857162476 0.7620919942855835
vt 0.4658609926700592 0.7809510231018066
vt 0.45061200857162476 0.7620919942855835
vt 0.47033798694610596 0.769029974937439
vt 0.4941129982471466 0.7850890159606934
vt 0.4658609926700592 0.7809510231018066
vt 0.47033798694610596 0.769029974937439
vt 0.4941129982471466 0.7850890159606934
vt 0.47033798694610596 0.769029974937439
vt 0.49546098709106445 0.7732629776000977
vt 0.5207099914550781 0.7821080088615417
vt 0.4941129982471466 0.7850890159606934
vt 0.49546098709106445 0.7732629776000977
vt 0.5207099914550781 0.7821080088615417
vt 0.49546098709106445 0.7732629776000977
vt 0.5179280042648315 0.770317018032074
vt 0.5441290140151978 0.7742779850959778
vt 0.5207099914550781 0.7821080088615417
vt 0.5388739705085754 0.7638429999351501
vt 0.5207099914550781 0.7821080088615417
vt 0.5179280042648315 0.770317018032074
vt 0.5388739705085754 0.7638429999351501
vt 0.5592830181121826 0.765192985534668
vt 0.5441290140151978 0.7742779850959778
vt 0.5388739705085754 0.7638429999351501
vt 0.5592830181121826 0.765192985534668
vt 0.5388739705085754 0.7638429999351501
vt 0.5539820194244385 0.7547079920768738
vt 0.5782729983329773 0.7496680021286011
vt 0.5592830181121826 0.765192985534668
vt 0.5693699717521667 0.7431409955024719
vt 0.5592830181121826 0.765192985534668
vt 0.5539820194244385 0.7547079920768738
vt 0.5693699717521667 0.7431409955024719
vt 0.5937849879264832 0.7299519777297974
vt 0.5782729983329773 0.7496680021286011
vt 0.5842369794845581 0.7238579988479614
vt 0.5782729983329773 0.7496680021286011
vt 0.5693699717521667 0.7431409955024719
vt 0.5842369794845581 0.7238579988479614
vt 0.6063860058784485 0.7053940296173096
vt 0.5937849879264832 0.7299519777297974
vt 0.5968599915504456 0.7014539837837219
vt 0.5937849879264832 0.7299519777297974
vt 0.5842369794845581 0.7238579988479614
vt 0.5968599915504456 0.7014539837837219
vt 0.6219310164451599 0.671396017074585
vt 0.6063860058784485 0.7053940296173096
vt 0.6097800135612488 0.6682620048522949
vt 0.6063860058784485 0.7053940296173096
vt 0.5968599915504456 0.7014539837837219
vt 0.6097800135612488 0.6682620048522949
vt 0.6317999958992004 0.6384770274162292
vt 0.6219310164451599 0.671396017074585
vt 0.6201050281524658 0.6353800296783447
vt 0.6219310164451599 0.671396017074585
vt 0.6097800135612488 0.6682620048522949
vt 0.6201050281524658 0.6353800296783447
vt 0.6400550007820129 0.6015710234642029
vt 0.6317999958992004 0.6384770274162292
vt 0.6201050281524658 0.6353800296783447
vt 0.6400550007820129 0.6015710234642029
vt 0.6201050281524658 0.6353800296783447
vt 0.6275190114974976 0.598488986492157
vt 0.3385069966316223 0.6429740190505981
vt 0.3196829855442047 0.6267399787902832
vt 0.34206101298332214 0.6088230013847351
vt 0.3385069966316223 0.6429740190505981
vt 0.34206101298332214 0.6088230013847351
vt 0.35575899481773376 0.6261339783668518
vt 0.3458920121192932 0.6660249829292297
vt 0.3385069966316223 0.6429740190505981
vt 0.36589398980140686 0.6488900184631348
vt 0.3385069966316223 0.6429740190505981
vt 0.35575899481773376 0.6261339783668518
vt 0.36589398980140686 0.6488900184631348
vt 0.353657990694046 0.6905480027198792
vt 0.3458920121192932 0.6660249829292297
vt 0.37398600578308105 0.6765769720077515
vt 0.3458920121192932 0.6660249829292297
vt 0.36589398980140686 0.6488900184631348
vt 0.37398600578308105 0.6765769720077515
vt 0.3713729977607727 0.7335330247879028
vt 0.353657990694046 0.6905480027198792
vt 0.38940900564193726 0.71698397397995
vt 0.353657990694046 0.6905480027198792
vt 0.37398600578308105 0.6765769720077515
vt 0.38940900564193726 0.71698397397995
vt 0.3884879946708679 0.7577549815177917
vt 0.3713729977607727 0.7335330247879028
vt 0.4042620062828064 0.7400490045547485
vt 0.3713729977607727 0.7335330247879028
vt 0.38940900564193726 0.71698397397995
vt 0.4042620062828064 0.7400490045547485
vt 0.4088430106639862 0.7772539854049683
vt 0.3884879946708679 0.7577549815177917
vt 0.42236098647117615 0.7583829760551453
vt 0.3884879946708679 0.7577549815177917
vt 0.4042620062828064 0.7400490045547485
vt 0.42236098647117615 0.7583829760551453
vt 0.43463999032974243 0.7936509847640991
vt 0.4088430106639862 0.7772539854049683
vt 0.44467800855636597 0.7731840014457703
vt 0.4088430106639862 0.7772539854049683
vt 0.42236098647117615 0.7583829760551453
vt 0.44467800855636597 0.7731840014457703
vt 0.46143999695777893 0.8035879731178284
vt 0.43463999032974243 0.7936509847640991
vt 0.4658609926700592 0.7809510231018066
vt 0.43463999032974243 0.7936509847640991
vt 0.44467800855636597 0.7731840014457703
vt 0.4658609926700592 0.7809510231018066
vt 0.4931260049343109 0.8077499866485596
vt 0.46143999695777893 0.8035879731178284
vt 0.4941129982471466 0.7850890159606934
vt 0.46143999695777893 0.8035879731178284
vt 0.4658609926700592 0.7809510231018066
vt 0.4941129982471466 0.7850890159606934
vt 0.5229650139808655 0.8048700094223022
vt 0.4931260049343109 0.8077499866485596
vt 0.4941129982471466 0.7850890159606934
vt 0.5229650139808655 0.8048700094223022
vt 0.4941129982471466 0.7850890159606934
vt 0.5207099914550781 0.7821080088615417
vt 0.549239993095398 0.7967029809951782
vt 0.5229650139808655 0.8048700094223022
vt 0.5207099914550781 0.7821080088615417
vt 0.549239993095398 0.7967029809951782
vt 0.5207099914550781 0.7821080088615417
vt 0.5441290140151978 0.7742779850959778
vt 0.5716850161552429 0.7845519781112671
vt 0.549239993095398 0.7967029809951782
vt 0.5441290140151978 0.7742779850959778
vt 0.5716850161552429 0.7845519781112671
vt 0.5441290140151978 0.7742779850959778
vt 0.5592830181121826 0.765192985534668
vt 0.5930820107460022 0.7676529884338379
vt 0.5716850161552429 0.7845519781112671
vt 0.5592830181121826 0.765192985534668
vt 0.5930820107460022 0.7676529884338379
vt 0.5592830181121826 0.765192985534668
vt 0.5782729983329773 0.7496680021286011
vt 0.6114310026168823 0.7468230128288269
vt 0.5930820107460022 0.7676529884338379
vt 0.5782729983329773 0.7496680021286011
vt 0.6114310026168823 0.7468230128288269
vt 0.5782729983329773 0.7496680021286011
vt 0.5937849879264832 0.7299519777297974
vt 0.628292977809906 0.7200170159339905
vt 0.6114310026168823 0.7468230128288269
vt 0.5937849879264832 0.7299519777297974
vt 0.628292977809906 0.7200170159339905
vt 0.5937849879264832 0.7299519777297974
vt 0.6063860058784485 0.7053940296173096
vt 0.6433929800987244 0.6836820244789124
vt 0.628292977809906 0.7200170159339905
vt 0.6063860058784485 0.7053940296173096
vt 0.6433929800987244 0.6836820244789124
vt 0.6063860058784485 0.7053940296173096
vt 0.6219310164451599 0.671396017074585
vt 0.6568030118942261 0.6470479965209961
vt 0.6433929800987244 0.6836820244789124
vt 0.6219310164451599 0.671396017074585
vt 0.6568030118942261 0.6470479965209961
vt 0.6219310164451599 0.671396017074585
vt 0.6317999958992004 0.6384770274162292
vt 0.668753981590271 0.609798014163971
vt 0.6568030118942261 0.6470479965209961
vt 0.6317999958992004 0.6384770274162292
vt 0.668753981590271 0.609798014163971
vt 0.6317999958992004 0.6384770274162292
vt 0.6400550007820129 0.6015710234642029
vt 0.29216301441192627 0.652866005897522
vt 0.3196829855442047 0.6267399787902832
vt 0.30524998903274536 0.6708390116691589
vt 0.3196829855442047 0.6267399787902832
vt 0.3385069966316223 0.6429740190505981
vt 0.30524998903274536 0.6708390116691589
vt 0.30524998903274536 0.6708390116691589
vt 0.3385069966316223 0.6429740190505981
vt 0.3458920121192932 0.6660249829292297
vt 0.30524998903274536 0.6708390116691589
vt 0.3458920121192932 0.6660249829292297
vt 0.31748899817466736 0.6927000284194946
vt 0.31748899817466736 0.6927000284194946
vt 0.3458920121192932 0.6660249829292297
vt 0.353657990694046 0.6905480027198792
vt 0.31748899817466736 0.6927000284194946
vt 0.353657990694046 0.6905480027198792
vt 0.32912999391555786 0.7199249863624573
vt 0.32912999391555786 0.7199249863624573
vt 0.353657990694046 0.6905480027198792
vt 0.3713729977607727 0.7335330247879028
vt 0.32912999391555786 0.7199249863624573
vt 0.3713729977607727 0.7335330247879028
vt 0.3447830080986023 0.7508900165557861
vt 0.3447830080986023 0.7508900165557861
vt 0.3713729977607727 0.7335330247879028
vt 0.3884879946708679 0.7577549815177917
vt 0.3447830080986023 0.7508900165557861
vt 0.3884879946708679 0.7577549815177917
vt 0.3655659854412079 0.7793409824371338
vt 0.3655659854412079 0.7793409824371338
vt 0.3884879946708679 0.7577549815177917
vt 0.4088430106639862 0.7772539854049683
vt 0.3655659854412079 0.7793409824371338
vt 0.4088430106639862 0.7772539854049683
vt 0.3906340003013611 0.8028630018234253
vt 0.3906340003013611 0.8028630018234253
vt 0.4088430106639862 0.7772539854049683
vt 0.43463999032974243 0.7936509847640991
vt 0.3906340003013611 0.8028630018234253
vt 0.43463999032974243 0.7936509847640991
vt 0.42196398973464966 0.8219789862632751
vt 0.42196398973464966 0.8219789862632751
vt 0.43463999032974243 0.7936509847640991
vt 0.46143999695777893 0.8035879731178284
vt 0.42196398973464966 0.8219789862632751
vt 0.46143999695777893 0.8035879731178284
vt 0.4545919895172119 0.8334580063819885
vt 0.4545919895172119 0.8334580063819885
vt 0.46143999695777893 0.8035879731178284
vt 0.4931260049343109 0.8077499866485596
vt 0.4545919895172119 0.8334580063819885
vt 0.4931260049343109 0.8077499866485596
vt 0.4932140111923218 0.8382049798965454
vt 0.4932140111923218 0.8382049798965454
vt 0.4931260049343109 0.8077499866485596
vt 0.5229650139808655 0.8048700094223022
vt 0.4932140111923218 0.8382049798965454
vt 0.5229650139808655 0.8048700094223022
vt 0.5295289754867554 0.8343660235404968
vt 0.5295289754867554 0.8343660235404968
vt 0.5229650139808655 0.8048700094223022
vt 0.549239993095398 0.7967029809951782
vt 0.5295289754867554 0.8343660235404968
vt 0.549239993095398 0.7967029809951782
vt 0.5614969730377197 0.8242830038070679
vt 0.5614969730377197 0.8242830038070679
vt 0.549239993095398 0.7967029809951782
vt 0.5716850161552429 0.7845519781112671
vt 0.5614969730377197 0.8242830038070679
vt 0.5716850161552429 0.7845519781112671
vt 0.5885639786720276 0.8095710277557373
vt 0.5885639786720276 0.8095710277557373
vt 0.5716850161552429 0.7845519781112671
vt 0.5930820107460022 0.7676529884338379
vt 0.5885639786720276 0.8095710277557373
vt 0.5930820107460022 0.7676529884338379
vt 0.6144449710845947 0.7885519862174988
vt 0.6144449710845947 0.7885519862174988
vt 0.5930820107460022 0.7676529884338379
vt 0.6114310026168823 0.7468230128288269
vt 0.6144449710845947 0.7885519862174988
vt 0.6114310026168823 0.7468230128288269
vt 0.6364229917526245 0.7627930045127869
vt 0.6364229917526245 0.7627930045127869
vt 0.6114310026168823 0.7468230128288269
vt 0.628292977809906 0.7200170159339905
vt 0.6364229917526245 0.7627930045127869
vt 0.628292977809906 0.7200170159339905
vt 0.6565690040588379 0.7287619709968567
vt 0.6565690040588379 0.7287619709968567
vt 0.628292977809906 0.7200170159339905
vt 0.6433929800987244 0.6836820244789124
vt 0.6565690040588379 0.7287619709968567
vt 0.6433929800987244 0.6836820244789124
vt 0.6731250286102295 0.6889730095863342
vt 0.6731250286102295 0.6889730095863342
vt 0.6433929800987244 0.6836820244789124
vt 0.6568030118942261 0.6470479965209961
vt 0.6731250286102295 0.6889730095863342
vt 0.6568030118942261 0.6470479965209961
vt 0.6850150227546692 0.6544219851493835
vt 0.6850150227546692 0.6544219851493835
vt 0.6568030118942261 0.6470479965209961
vt 0.668753981590271 0.609798014163971
vt 0.6850150227546692 0.6544219851493835
vt 0.668753981590271 0.609798014163971
vt 0.696632981300354 0.6177610158920288
vt 0.16700699925422668 0.10849499702453613
vt 0.1666170060634613 0.1333169937133789
vt 0.12247099727392197 0.11505000293254852
vt 0.1666170060634613 0.1333169937133789
vt 0.12451200187206268 0.13570599257946014
vt 0.12247099727392197 0.11505000293254852
vt 0.12451200187206268 0.13570599257946014
vt 0.08005200326442719 0.1376740038394928
vt 0.08064600080251694 0.11757899820804596
vt 0.12451200187206268 0.13570599257946014
vt 0.08064600080251694 0.11757899820804596
vt 0.12247099727392197 0.11505000293254852
vt 0.29622700810432434 0.44460299611091614
vt 0.3420880138874054 0.4472469985485077
vt 0.2960290014743805 0.46456000208854675
vt 0.3420880138874054 0.4472469985485077
vt 0.3439309895038605 0.465380996465683
vt 0.2960290014743805 0.46456000208854675
vt 0.3420880138874054 0.4472469985485077
vt 0.3898319900035858 0.44298699498176575
vt 0.3439309895038605 0.465380996465683
vt 0.3898319900035858 0.44298699498176575
vt 0.3940899968147278 0.46160200238227844
vt 0.3439309895038605 0.465380996465683
vt 0.3898319900035858 0.44298699498176575
vt 0.4319959878921509 0.43414101004600525
vt 0.3940899968147278 0.46160200238227844
vt 0.4319959878921509 0.43414101004600525
vt 0.43900200724601746 0.4578869938850403
vt 0.3940899968147278 0.46160200238227844
vt 0.4319959878921509 0.43414101004600525
vt 0.47566699981689453 0.42190301418304443
vt 0.43900200724601746 0.4578869938850403
vt 0.47566699981689453 0.42190301418304443
vt 0.4827849864959717 0.44369199872016907
vt 0.43900200724601746 0.4578869938850403
vt 0.47566699981689453 0.42190301418304443
vt 0.5023760199546814 0.40621599555015564
vt 0.5140069723129272 0.4326399862766266
vt 0.47566699981689453 0.42190301418304443
vt 0.5140069723129272 0.4326399862766266
vt 0.4827849864959717 0.44369199872016907
vt 0.5023760199546814 0.40621599555015564
vt 0.5233420133590698 0.38656601309776306
vt 0.5335689783096313 0.4096260070800781
vt 0.5023760199546814 0.40621599555015564
vt 0.5335689783096313 0.4096260070800781
vt 0.5140069723129272 0.4326399862766266
vt 0.5233420133590698 0.38656601309776306
vt 0.5374590158462524 0.36684900522232056
vt 0.5531859993934631 0.3914659917354584
vt 0.5233420133590698 0.38656601309776306
vt 0.5531859993934631 0.3914659917354584
vt 0.5335689783096313 0.4096260070800781
vt 0.5374590158462524 0.36684900522232056
vt 0.5480639934539795 0.346112996339798
vt 0.5697879791259766 0.3648500144481659
vt 0.5374590158462524 0.36684900522232056
vt 0.5697879791259766 0.3648500144481659
vt 0.5531859993934631 0.3914659917354584
vt 0.5480639934539795 0.346112996339798
vt 0.5557910203933716 0.32140499353408813
vt 0.5775790214538574 0.3395029902458191
vt 0.5480639934539795 0.346112996339798
vt 0.5775790214538574 0.3395029902458191
vt 0.5697879791259766 0.3648500144481659
vt 0.5557910203933716 0.32140499353408813
vt 0.5597090125083923 0.2957260012626648
vt 0.5850139856338501 0.311271995306015
vt 0.5557910203933716 0.32140499353408813
vt 0.5850139856338501 0.311271995306015
vt 0.5775790214538574 0.3395029902458191
vt 0.5530880093574524 0.23083800077438354
vt 0.5777180194854736 0.23722800612449646
vt 0.5589389801025391 0.2605699896812439
vt 0.5777180194854736 0.23722800612449646
vt 0.5809910297393799 0.27178698778152466
vt 0.5589389801025391 0.2605699896812439
vt 0.5597090125083923 0.2957260012626648
vt 0.5589389801025391 0.2605699896812439
vt 0.5809910297393799 0.27178698778152466
vt 0.5597090125083923 0.2957260012626648
vt 0.5809910297393799 0.27178698778152466
vt 0.5850139856338501 0.311271995306015
vt 0.5530880093574524 0.23083800077438354
vt 0.5362930297851562 0.19080600142478943
vt 0.5546489953994751 0.1840829998254776
vt 0.5530880093574524 0.23083800077438354
vt 0.5546489953994751 0.1840829998254776
vt 0.5777180194854736 0.23722800612449646
vt 0.3335930109024048 0.8614130020141602
vt 0.32793599367141724 0.8470739722251892
vt 0.3623499870300293 0.8469700217247009
vt 0.32793599367141724 0.8470739722251892
vt 0.35166001319885254 0.8293280005455017
vt 0.3623499870300293 0.8469700217247009
vt 0.9470679759979248 0.08487100154161453
vt 0.9469329714775085 0.04611700028181076
vt 0.9579899907112122 0.04786600172519684
vt 0.9470679759979248 0.08487100154161453
vt 0.9579899907112122 0.04786600172519684
vt 0.9573709964752197 0.08557499945163727
vt 0.9463520050048828 0.11871600151062012
vt 0.9470679759979248 0.08487100154161453
vt 0.9569330215454102 0.114996999502182
vt 0.9470679759979248 0.08487100154161453
vt 0.9573709964752197 0.08557499945163727
vt 0.9569330215454102 0.114996999502182
vt 0.9461920261383057 0.14937999844551086
vt 0.9463520050048828 0.11871600151062012
vt 0.9571059942245483 0.14617100358009338
vt 0.9463520050048828 0.11871600151062012
vt 0.9569330215454102 0.114996999502182
vt 0.9571059942245483 0.14617100358009338
vt 0.9454230070114136 0.1725820004940033
vt 0.9461920261383057 0.14937999844551086
vt 0.957859992980957 0.17044800519943237
vt 0.9461920261383057 0.14937999844551086
vt 0.9571059942245483 0.14617100358009338
vt 0.957859992980957 0.17044800519943237
vt 0.944907009601593 0.19594399631023407
vt 0.9454230070114136 0.1725820004940033
vt 0.9580850005149841 0.19336099922657013
vt 0.9454230070114136 0.1725820004940033
vt 0.957859992980957 0.17044800519943237
vt 0.9580850005149841 0.19336099922657013
vt 0.9443060159683228 0.21714100241661072
vt 0.944907009601593 0.19594399631023407
vt 0.9570620059967041 0.21501900255680084
vt 0.944907009601593 0.19594399631023407
vt 0.9580850005149841 0.19336099922657013
vt 0.9570620059967041 0.21501900255680084
vt 0.9437969923019409 0.23826000094413757
vt 0.9443060159683228 0.21714100241661072
vt 0.9546470046043396 0.23573599755764008
vt 0.9443060159683228 0.21714100241661072
vt 0.9570620059967041 0.21501900255680084
vt 0.9546470046043396 0.23573599755764008
vt 0.9415559768676758 0.26010799407958984
vt 0.9437969923019409 0.23826000094413757
vt 0.9483019709587097 0.26013898849487305
vt 0.9437969923019409 0.23826000094413757
vt 0.9546470046043396 0.23573599755764008
vt 0.9483019709587097 0.26013898849487305
vt 0.34162700176239014 0.8695470094680786
vt 0.3335930109024048 0.8614130020141602
vt 0.3623499870300293 0.8469700217247009
vt 0.34162700176239014 0.8695470094680786
vt 0.3623499870300293 0.8469700217247009
vt 0.36157000064849854 0.8600810170173645
vt 0.5395979881286621 0.23094399273395538
vt 0.5238929986953735 0.195251002907753
vt 0.5362930297851562 0.19080600142478943
vt 0.5395979881286621 0.23094399273395538
vt 0.5362930297851562 0.19080600142478943
vt 0.5530880093574524 0.23083800077438354
vt 0.5458059906959534 0.26085400581359863
vt 0.5395979881286621 0.23094399273395538
vt 0.5530880093574524 0.23083800077438354
vt 0.5458059906959534 0.26085400581359863
vt 0.5530880093574524 0.23083800077438354
vt 0.5589389801025391 0.2605699896812439
vt 0.5467039942741394 0.2931169867515564
vt 0.5458059906959534 0.26085400581359863
vt 0.5589389801025391 0.2605699896812439
vt 0.5467039942741394 0.2931169867515564
vt 0.5589389801025391 0.2605699896812439
vt 0.5597090125083923 0.2957260012626648
vt 0.5429909825325012 0.3178049921989441
vt 0.5467039942741394 0.2931169867515564
vt 0.5597090125083923 0.2957260012626648
vt 0.5429909825325012 0.3178049921989441
vt 0.5597090125083923 0.2957260012626648
vt 0.5557910203933716 0.32140499353408813
vt 0.5359860062599182 0.3401910066604614
vt 0.5429909825325012 0.3178049921989441
vt 0.5557910203933716 0.32140499353408813
vt 0.5359860062599182 0.3401910066604614
vt 0.5557910203933716 0.32140499353408813
vt 0.5480639934539795 0.346112996339798
vt 0.5259990096092224 0.3599579930305481
vt 0.5359860062599182 0.3401910066604614
vt 0.5480639934539795 0.346112996339798
vt 0.5259990096092224 0.3599579930305481
vt 0.5480639934539795 0.346112996339798
vt 0.5374590158462524 0.36684900522232056
vt 0.5136269927024841 0.37728700041770935
vt 0.5259990096092224 0.3599579930305481
vt 0.5374590158462524 0.36684900522232056
vt 0.5136269927024841 0.37728700041770935
vt 0.5374590158462524 0.36684900522232056
vt 0.5233420133590698 0.38656601309776306
vt 0.49497899413108826 0.3949519991874695
vt 0.5136269927024841 0.37728700041770935
vt 0.5233420133590698 0.38656601309776306
vt 0.49497899413108826 0.3949519991874695
vt 0.5233420133590698 0.38656601309776306
vt 0.5023760199546814 0.40621599555015564
vt 0.4808250069618225 0.4037480056285858
vt 0.49497899413108826 0.3949519991874695
vt 0.5023760199546814 0.40621599555015564
vt 0.4808250069618225 0.4037480056285858
vt 0.5023760199546814 0.40621599555015564
vt 0.47566699981689453 0.42190301418304443
vt 0.43613201379776 0.41541001200675964
vt 0.4808250069618225 0.4037480056285858
vt 0.47566699981689453 0.42190301418304443
vt 0.43613201379776 0.41541001200675964
vt 0.47566699981689453 0.42190301418304443
vt 0.4319959878921509 0.43414101004600525
vt 0.3017750084400177 0.8496209979057312
vt 0.32793599367141724 0.8470739722251892
vt 0.3095409870147705 0.8717610239982605
vt 0.32793599367141724 0.8470739722251892
vt 0.3335930109024048 0.8614130020141602
vt 0.3095409870147705 0.8717610239982605
vt 0.3095409870147705 0.8717610239982605
vt 0.3335930109024048 0.8614130020141602
vt 0.31467801332473755 0.8840399980545044
vt 0.3335930109024048 0.8614130020141602
vt 0.34162700176239014 0.8695470094680786
vt 0.31467801332473755 0.8840399980545044
vt 0.9166719913482666 0.028036000207066536
vt 0.9468550086021423 0.029631000012159348
vt 0.9168040156364441 0.04380900040268898
vt 0.9468550086021423 0.029631000012159348
vt 0.9469329714775085 0.04611700028181076
vt 0.9168040156364441 0.04380900040268898
vt 0.9168040156364441 0.04380900040268898
vt 0.9469329714775085 0.04611700028181076
vt 0.9166920185089111 0.08321800082921982
vt 0.9469329714775085 0.04611700028181076
vt 0.9470679759979248 0.08487100154161453
vt 0.9166920185089111 0.08321800082921982
vt 0.9166920185089111 0.08321800082921982
vt 0.9470679759979248 0.08487100154161453
vt 0.9159839749336243 0.11709100008010864
vt 0.9470679759979248 0.08487100154161453
vt 0.9463520050048828 0.11871600151062012
vt 0.9159839749336243 0.11709100008010864
vt 0.9159839749336243 0.11709100008010864
vt 0.9463520050048828 0.11871600151062012
vt 0.9157909750938416 0.14797699451446533
vt 0.9463520050048828 0.11871600151062012
vt 0.9461920261383057 0.14937999844551086
vt 0.9157909750938416 0.14797699451446533
vt 0.9157909750938416 0.14797699451446533
vt 0.9461920261383057 0.14937999844551086
vt 0.9150000214576721 0.17126500606536865
vt 0.9461920261383057 0.14937999844551086
vt 0.9454230070114136 0.1725820004940033
vt 0.9150000214576721 0.17126500606536865
vt 0.9150000214576721 0.17126500606536865
vt 0.9454230070114136 0.1725820004940033
vt 0.9144750237464905 0.19465699791908264
vt 0.9454230070114136 0.1725820004940033
vt 0.944907009601593 0.19594399631023407
vt 0.9144750237464905 0.19465699791908264
vt 0.9144750237464905 0.19465699791908264
vt 0.944907009601593 0.19594399631023407
vt 0.9138489961624146 0.2158460021018982
vt 0.944907009601593 0.19594399631023407
vt 0.9443060159683228 0.21714100241661072
vt 0.9138489961624146 0.2158460021018982
vt 0.9138489961624146 0.2158460021018982
vt 0.9443060159683228 0.21714100241661072
vt 0.913336992263794 0.23690499365329742
vt 0.9443060159683228 0.21714100241661072
vt 0.9437969923019409 0.23826000094413757
vt 0.913336992263794 0.23690499365329742
vt 0.913336992263794 0.23690499365329742
vt 0.9437969923019409 0.23826000094413757
vt 0.9415559768676758 0.26010799407958984
vt 0.913336992263794 0.23690499365329742
vt 0.9415559768676758 0.26010799407958984
vt 0.9131919741630554 0.2591080069541931
vt 0.9131919741630554 0.2591080069541931
vt 0.9415559768676758 0.26010799407958984
vt 0.941307008266449 0.2748290002346039
vt 0.9131919741630554 0.2591080069541931
vt 0.941307008266449 0.2748290002346039
vt 0.9126480221748352 0.2843729853630066
vt 0.26993298530578613 0.8617029786109924
vt 0.3017750084400177 0.8496209979057312
vt 0.3095409870147705 0.8717610239982605
vt 0.26993298530578613 0.8617029786109924
vt 0.3095409870147705 0.8717610239982605
vt 0.2767130136489868 0.8839499950408936
vt 0.2767130136489868 0.8839499950408936
vt 0.3095409870147705 0.8717610239982605
vt 0.31467801332473755 0.8840399980545044
vt 0.2767130136489868 0.8839499950408936
vt 0.31467801332473755 0.8840399980545044
vt 0.28049200773239136 0.897150993347168
vt 0.8817560076713562 0.02918899990618229
vt 0.9166719913482666 0.028036000207066536
vt 0.9168040156364441 0.04380900040268898
vt 0.8817560076713562 0.02918899990618229
vt 0.9168040156364441 0.04380900040268898
vt 0.8819540143013 0.04862599819898605
vt 0.8819540143013 0.04862599819898605
vt 0.9168040156364441 0.04380900040268898
vt 0.9166920185089111 0.08321800082921982
vt 0.8819540143013 0.04862599819898605
vt 0.9166920185089111 0.08321800082921982
vt 0.8816239833831787 0.08698700368404388
vt 0.8816239833831787 0.08698700368404388
vt 0.9166920185089111 0.08321800082921982
vt 0.9159839749336243 0.11709100008010864
vt 0.8816239833831787 0.08698700368404388
vt 0.9159839749336243 0.11709100008010864
vt 0.88087397813797 0.1191909983754158
vt 0.88087397813797 0.1191909983754158
vt 0.9159839749336243 0.11709100008010864
vt 0.9157909750938416 0.14797699451446533
vt 0.88087397813797 0.1191909983754158
vt 0.9157909750938416 0.14797699451446533
vt 0.8806710243225098 0.14935199916362762
vt 0.8806710243225098 0.14935199916362762
vt 0.9157909750938416 0.14797699451446533
vt 0.9150000214576721 0.17126500606536865
vt 0.8806710243225098 0.14935199916362762
vt 0.9150000214576721 0.17126500606536865
vt 0.8798710107803345 0.17247700691223145
vt 0.8798710107803345 0.17247700691223145
vt 0.9150000214576721 0.17126500606536865
vt 0.9144750237464905 0.19465699791908264
vt 0.8798710107803345 0.17247700691223145
vt 0.9144750237464905 0.19465699791908264
vt 0.8793410062789917 0.19571000337600708
vt 0.8793410062789917 0.19571000337600708
vt 0.9144750237464905 0.19465699791908264
vt 0.9138489961624146 0.2158460021018982
vt 0.8793410062789917 0.19571000337600708
vt 0.9138489961624146 0.2158460021018982
vt 0.8787069916725159 0.21669399738311768
vt 0.8787069916725159 0.21669399738311768
vt 0.9138489961624146 0.2158460021018982
vt 0.913336992263794 0.23690499365329742
vt 0.8787069916725159 0.21669399738311768
vt 0.913336992263794 0.23690499365329742
vt 0.8781960010528564 0.2377219945192337
vt 0.8781960010528564 0.2377219945192337
vt 0.913336992263794 0.23690499365329742
vt 0.9131919741630554 0.2591080069541931
vt 0.8781960010528564 0.2377219945192337
vt 0.9131919741630554 0.2591080069541931
vt 0.8780590295791626 0.2598850131034851
vt 0.8780590295791626 0.2598850131034851
vt 0.9131919741630554 0.2591080069541931
vt 0.9126480221748352 0.2843729853630066
vt 0.8780590295791626 0.2598850131034851
vt 0.9126480221748352 0.2843729853630066
vt 0.8775619864463806 0.28512299060821533
vt 0.8775619864463806 0.28512299060821533
vt 0.9126480221748352 0.2843729853630066
vt 0.9096180200576782 0.30765700340270996
vt 0.8775619864463806 0.28512299060821533
vt 0.9096180200576782 0.30765700340270996
vt 0.8764169812202454 0.31368300318717957
vt 0.39177900552749634 0.42539098858833313
vt 0.43613201379776 0.41541001200675964
vt 0.4319959878921509 0.43414101004600525
vt 0.39177900552749634 0.42539098858833313
vt 0.4319959878921509 0.43414101004600525
vt 0.3898319900035858 0.44298699498176575
vt 0.2286980003118515 0.8755189776420593
vt 0.26993298530578613 0.8617029786109924
vt 0.2767130136489868 0.8839499950408936
vt 0.2286980003118515 0.8755189776420593
vt 0.2767130136489868 0.8839499950408936
vt 0.23432500660419464 0.8964560031890869
vt 0.23432500660419464 0.8964560031890869
vt 0.2767130136489868 0.8839499950408936
vt 0.28049200773239136 0.897150993347168
vt 0.23432500660419464 0.8964560031890869
vt 0.28049200773239136 0.897150993347168
vt 0.23855799436569214 0.9125760197639465
vt 0.839061975479126 0.03369800001382828
vt 0.8817560076713562 0.02918899990618229
vt 0.8819540143013 0.04862599819898605
vt 0.839061975479126 0.03369800001382828
vt 0.8819540143013 0.04862599819898605
vt 0.8389279842376709 0.05362199991941452
vt 0.8389279842376709 0.05362199991941452
vt 0.8819540143013 0.04862599819898605
vt 0.8816239833831787 0.08698700368404388
vt 0.8389279842376709 0.05362199991941452
vt 0.8816239833831787 0.08698700368404388
vt 0.8385549783706665 0.0902789980173111
vt 0.8385549783706665 0.0902789980173111
vt 0.8816239833831787 0.08698700368404388
vt 0.88087397813797 0.1191909983754158
vt 0.8385549783706665 0.0902789980173111
vt 0.88087397813797 0.1191909983754158
vt 0.8377879858016968 0.12150300294160843
vt 0.8377879858016968 0.12150300294160843
vt 0.88087397813797 0.1191909983754158
vt 0.8806710243225098 0.14935199916362762
vt 0.8377879858016968 0.12150300294160843
vt 0.8806710243225098 0.14935199916362762
vt 0.8375750184059143 0.15081100165843964
vt 0.8375750184059143 0.15081100165843964
vt 0.8806710243225098 0.14935199916362762
vt 0.8798710107803345 0.17247700691223145
vt 0.8375750184059143 0.15081100165843964
vt 0.8798710107803345 0.17247700691223145
vt 0.8367729783058167 0.17368899285793304
vt 0.8367729783058167 0.17368899285793304
vt 0.8798710107803345 0.17247700691223145
vt 0.8793410062789917 0.19571000337600708
vt 0.8367729783058167 0.17368899285793304
vt 0.8793410062789917 0.19571000337600708
vt 0.8362360000610352 0.19676600396633148
vt 0.8362360000610352 0.19676600396633148
vt 0.8793410062789917 0.19571000337600708
vt 0.8787069916725159 0.21669399738311768
vt 0.8362360000610352 0.19676600396633148
vt 0.8787069916725159 0.21669399738311768
vt 0.8356040120124817 0.21761199831962585
vt 0.8356040120124817 0.21761199831962585
vt 0.8787069916725159 0.21669399738311768
vt 0.8781960010528564 0.2377219945192337
vt 0.8356040120124817 0.21761199831962585
vt 0.8781960010528564 0.2377219945192337
vt 0.8351089954376221 0.23850099742412567
vt 0.8351089954376221 0.23850099742412567
vt 0.8781960010528564 0.2377219945192337
vt 0.8780590295791626 0.2598850131034851
vt 0.8351089954376221 0.23850099742412567
vt 0.8780590295791626 0.2598850131034851
vt 0.8349729776382446 0.2605830132961273
vt 0.8349729776382446 0.2605830132961273
vt 0.8780590295791626 0.2598850131034851
vt 0.8775619864463806 0.28512299060821533
vt 0.8349729776382446 0.2605830132961273
vt 0.8775619864463806 0.28512299060821533
vt 0.8344969749450684 0.2859779894351959
vt 0.8344969749450684 0.2859779894351959
vt 0.8775619864463806 0.28512299060821533
vt 0.8764169812202454 0.31368300318717957
vt 0.8344969749450684 0.2859779894351959
vt 0.8764169812202454 0.31368300318717957
vt 0.8333860039710999 0.3146289885044098
vt 0.8333860039710999 0.3146289885044098
vt 0.8764169812202454 0.31368300318717957
vt 0.875868022441864 0.33747199177742004
vt 0.8333860039710999 0.3146289885044098
vt 0.875868022441864 0.33747199177742004
vt 0.8318870067596436 0.35269901156425476
vt 0.3441300094127655 0.4265750050544739
vt 0.39177900552749634 0.42539098858833313
vt 0.3898319900035858 0.44298699498176575
vt 0.3441300094127655 0.4265750050544739
vt 0.3898319900035858 0.44298699498176575
vt 0.3420880138874054 0.4472469985485077
vt 0.18304899334907532 0.8874819874763489
vt 0.2286980003118515 0.8755189776420593
vt 0.23432500660419464 0.8964560031890869
vt 0.18304899334907532 0.8874819874763489
vt 0.23432500660419464 0.8964560031890869
vt 0.1883240044116974 0.908145010471344
vt 0.1883240044116974 0.908145010471344
vt 0.23432500660419464 0.8964560031890869
vt 0.23855799436569214 0.9125760197639465
vt 0.1883240044116974 0.908145010471344
vt 0.23855799436569214 0.9125760197639465
vt 0.19248700141906738 0.924776017665863
vt 0.793317973613739 0.03388400003314018
vt 0.839061975479126 0.03369800001382828
vt 0.8389279842376709 0.05362199991941452
vt 0.793317973613739 0.03388400003314018
vt 0.8389279842376709 0.05362199991941452
vt 0.7931129932403564 0.05376100167632103
vt 0.7931129932403564 0.05376100167632103
vt 0.8389279842376709 0.05362199991941452
vt 0.8385549783706665 0.0902789980173111
vt 0.7931129932403564 0.05376100167632103
vt 0.8385549783706665 0.0902789980173111
vt 0.7926729917526245 0.09123100340366364
vt 0.7926729917526245 0.09123100340366364
vt 0.8385549783706665 0.0902789980173111
vt 0.8377879858016968 0.12150300294160843
vt 0.7926729917526245 0.09123100340366364
vt 0.8377879858016968 0.12150300294160843
vt 0.7920889854431152 0.12169300019741058
vt 0.7920889854431152 0.12169300019741058
vt 0.8377879858016968 0.12150300294160843
vt 0.8375750184059143 0.15081100165843964
vt 0.7920889854431152 0.12169300019741058
vt 0.8375750184059143 0.15081100165843964
vt 0.7918909788131714 0.15082299709320068
vt 0.7918909788131714 0.15082299709320068
vt 0.8375750184059143 0.15081100165843964
vt 0.8367729783058167 0.17368899285793304
vt 0.7918909788131714 0.15082299709320068
vt 0.8367729783058167 0.17368899285793304
vt 0.7911790013313293 0.17354099452495575
vt 0.7911790013313293 0.17354099452495575
vt 0.8367729783058167 0.17368899285793304
vt 0.8362360000610352 0.19676600396633148
vt 0.7911790013313293 0.17354099452495575
vt 0.8362360000610352 0.19676600396633148
vt 0.7906050086021423 0.19666600227355957
vt 0.7906050086021423 0.19666600227355957
vt 0.8362360000610352 0.19676600396633148
vt 0.8356040120124817 0.21761199831962585
vt 0.7906050086021423 0.19666600227355957
vt 0.8356040120124817 0.21761199831962585
vt 0.7900140285491943 0.21742600202560425
vt 0.7900140285491943 0.21742600202560425
vt 0.8356040120124817 0.21761199831962585
vt 0.8351089954376221 0.23850099742412567
vt 0.7900140285491943 0.21742600202560425
vt 0.8351089954376221 0.23850099742412567
vt 0.7896100282669067 0.23826399445533752
vt 0.7896100282669067 0.23826399445533752
vt 0.8351089954376221 0.23850099742412567
vt 0.8349729776382446 0.2605830132961273
vt 0.7896100282669067 0.23826399445533752
vt 0.8349729776382446 0.2605830132961273
vt 0.789447009563446 0.2603229880332947
vt 0.789447009563446 0.2603229880332947
vt 0.8349729776382446 0.2605830132961273
vt 0.8344969749450684 0.2859779894351959
vt 0.789447009563446 0.2603229880332947
vt 0.8344969749450684 0.2859779894351959
vt 0.7890059947967529 0.28588399291038513
vt 0.7890059947967529 0.28588399291038513
vt 0.8344969749450684 0.2859779894351959
vt 0.8333860039710999 0.3146289885044098
vt 0.7890059947967529 0.28588399291038513
vt 0.8333860039710999 0.3146289885044098
vt 0.7879430055618286 0.31454500555992126
vt 0.7879430055618286 0.31454500555992126
vt 0.8333860039710999 0.3146289885044098
vt 0.8318870067596436 0.35269901156425476
vt 0.7879430055618286 0.31454500555992126
vt 0.8318870067596436 0.35269901156425476
vt 0.7872599959373474 0.3551720082759857
vt 0.29771700501441956 0.4256660044193268
vt 0.3441300094127655 0.4265750050544739
vt 0.3420880138874054 0.4472469985485077
vt 0.29771700501441956 0.4256660044193268
vt 0.3420880138874054 0.4472469985485077
vt 0.29622700810432434 0.44460299611091614
vt 0.14016200602054596 0.8993200063705444
vt 0.18304899334907532 0.8874819874763489
vt 0.1883240044116974 0.908145010471344
vt 0.14016200602054596 0.8993200063705444
vt 0.1883240044116974 0.908145010471344
vt 0.14464600384235382 0.9188339710235596
vt 0.14464600384235382 0.9188339710235596
vt 0.1883240044116974 0.908145010471344
vt 0.19248700141906738 0.924776017665863
vt 0.14464600384235382 0.9188339710235596
vt 0.19248700141906738 0.924776017665863
vt 0.14878499507904053 0.9354770183563232
vt 0.7501609921455383 0.03353999927639961
vt 0.793317973613739 0.03388400003314018
vt 0.7931129932403564 0.05376100167632103
vt 0.7501609921455383 0.03353999927639961
vt 0.7931129932403564 0.05376100167632103
vt 0.7497119903564453 0.05881199985742569
vt 0.7497119903564453 0.05881199985742569
vt 0.7931129932403564 0.05376100167632103
vt 0.7926729917526245 0.09123100340366364
vt 0.7497119903564453 0.05881199985742569
vt 0.7926729917526245 0.09123100340366364
vt 0.7496259808540344 0.09159799665212631
vt 0.7496259808540344 0.09159799665212631
vt 0.7926729917526245 0.09123100340366364
vt 0.7920889854431152 0.12169300019741058
vt 0.7496259808540344 0.09159799665212631
vt 0.7920889854431152 0.12169300019741058
vt 0.7490580081939697 0.12167699635028839
vt 0.7490580081939697 0.12167699635028839
vt 0.7920889854431152 0.12169300019741058
vt 0.7918909788131714 0.15082299709320068
vt 0.7490580081939697 0.12167699635028839
vt 0.7918909788131714 0.15082299709320068
vt 0.7488679885864258 0.15073099732398987
vt 0.7488679885864258 0.15073099732398987
vt 0.7918909788131714 0.15082299709320068
vt 0.7911790013313293 0.17354099452495575
vt 0.7488679885864258 0.15073099732398987
vt 0.7911790013313293 0.17354099452495575
vt 0.7481579780578613 0.17344099283218384
vt 0.7481579780578613 0.17344099283218384
vt 0.7911790013313293 0.17354099452495575
vt 0.7906050086021423 0.19666600227355957
vt 0.7481579780578613 0.17344099283218384
vt 0.7906050086021423 0.19666600227355957
vt 0.7475929856300354 0.19658799469470978
vt 0.7475929856300354 0.19658799469470978
vt 0.7906050086021423 0.19666600227355957
vt 0.7900140285491943 0.21742600202560425
vt 0.7475929856300354 0.19658799469470978
vt 0.7900140285491943 0.21742600202560425
vt 0.7470229864120483 0.21731500327587128
vt 0.7470229864120483 0.21731500327587128
vt 0.7900140285491943 0.21742600202560425
vt 0.7896100282669067 0.23826399445533752
vt 0.7470229864120483 0.21731500327587128
vt 0.7896100282669067 0.23826399445533752
vt 0.7466210126876831 0.23817899823188782
vt 0.7466210126876831 0.23817899823188782
vt 0.7896100282669067 0.23826399445533752
vt 0.789447009563446 0.2603229880332947
vt 0.7466210126876831 0.23817899823188782
vt 0.789447009563446 0.2603229880332947
vt 0.7464389801025391 0.26021599769592285
vt 0.7464389801025391 0.26021599769592285
vt 0.789447009563446 0.2603229880332947
vt 0.7890059947967529 0.28588399291038513
vt 0.7464389801025391 0.26021599769592285
vt 0.7890059947967529 0.28588399291038513
vt 0.7459220290184021 0.2855750024318695
vt 0.7459220290184021 0.2855750024318695
vt 0.7890059947967529 0.28588399291038513
vt 0.7879430055618286 0.31454500555992126
vt 0.7459220290184021 0.2855750024318695
vt 0.7879430055618286 0.31454500555992126
vt 0.7448480129241943 0.3148399889469147
vt 0.7448480129241943 0.3148399889469147
vt 0.7879430055618286 0.31454500555992126
vt 0.7441589832305908 0.34756699204444885
vt 0.7879430055618286 0.31454500555992126
vt 0.7872599959373474 0.3551720082759857
vt 0.7441589832305908 0.34756699204444885
vt 0.12754899263381958 0.15296800434589386
vt 0.08216500282287598 0.15666800737380981
vt 0.12451200187206268 0.13570599257946014
vt 0.08216500282287598 0.15666800737380981
vt 0.08005200326442719 0.1376740038394928
vt 0.12451200187206268 0.13570599257946014
vt 0.10201799869537354 0.9077619910240173
vt 0.14016200602054596 0.8993200063705444
vt 0.14464600384235382 0.9188339710235596
vt 0.10201799869537354 0.9077619910240173
vt 0.14464600384235382 0.9188339710235596
vt 0.10632500052452087 0.9276620149612427
vt 0.10632500052452087 0.9276620149612427
vt 0.14464600384235382 0.9188339710235596
vt 0.14878499507904053 0.9354770183563232
vt 0.10632500052452087 0.9276620149612427
vt 0.14878499507904053 0.9354770183563232
vt 0.11081100255250931 0.9459400177001953
vt 0.7124419808387756 0.03441299870610237
vt 0.7501609921455383 0.03353999927639961
vt 0.7497119903564453 0.05881199985742569
vt 0.7124419808387756 0.03441299870610237
vt 0.7497119903564453 0.05881199985742569
vt 0.7119020223617554 0.06045300140976906
vt 0.7119020223617554 0.06045300140976906
vt 0.7497119903564453 0.05881199985742569
vt 0.7496259808540344 0.09159799665212631
vt 0.7119020223617554 0.06045300140976906
vt 0.7496259808540344 0.09159799665212631
vt 0.7116379737854004 0.09245699644088745
vt 0.7116379737854004 0.09245699644088745
vt 0.7496259808540344 0.09159799665212631
vt 0.7490580081939697 0.12167699635028839
vt 0.7116379737854004 0.09245699644088745
vt 0.7490580081939697 0.12167699635028839
vt 0.7111330032348633 0.12285199761390686
vt 0.7111330032348633 0.12285199761390686
vt 0.7490580081939697 0.12167699635028839
vt 0.7488679885864258 0.15073099732398987
vt 0.7111330032348633 0.12285199761390686
vt 0.7488679885864258 0.15073099732398987
vt 0.7105270028114319 0.15109799802303314
vt 0.7105270028114319 0.15109799802303314
vt 0.7488679885864258 0.15073099732398987
vt 0.7481579780578613 0.17344099283218384
vt 0.7105270028114319 0.15109799802303314
vt 0.7481579780578613 0.17344099283218384
vt 0.7102500200271606 0.17384999990463257
vt 0.7102500200271606 0.17384999990463257
vt 0.7481579780578613 0.17344099283218384
vt 0.7475929856300354 0.19658799469470978
vt 0.7102500200271606 0.17384999990463257
vt 0.7475929856300354 0.19658799469470978
vt 0.7096909880638123 0.1970749944448471
vt 0.7096909880638123 0.1970749944448471
vt 0.7475929856300354 0.19658799469470978
vt 0.7470229864120483 0.21731500327587128
vt 0.7096909880638123 0.1970749944448471
vt 0.7470229864120483 0.21731500327587128
vt 0.7092660069465637 0.21835100650787354
vt 0.7092660069465637 0.21835100650787354
vt 0.7470229864120483 0.21731500327587128
vt 0.7466210126876831 0.23817899823188782
vt 0.7092660069465637 0.21835100650787354
vt 0.7466210126876831 0.23817899823188782
vt 0.7088580131530762 0.23775899410247803
vt 0.7088580131530762 0.23775899410247803
vt 0.7466210126876831 0.23817899823188782
vt 0.7464389801025391 0.26021599769592285
vt 0.7088580131530762 0.23775899410247803
vt 0.7464389801025391 0.26021599769592285
vt 0.7083600163459778 0.26017698645591736
vt 0.7083600163459778 0.26017698645591736
vt 0.7464389801025391 0.26021599769592285
vt 0.7459220290184021 0.2855750024318695
vt 0.7083600163459778 0.26017698645591736
vt 0.7459220290184021 0.2855750024318695
vt 0.7077239751815796 0.28505098819732666
vt 0.7077239751815796 0.28505098819732666
vt 0.7459220290184021 0.2855750024318695
vt 0.7070760130882263 0.31223100423812866
vt 0.7459220290184021 0.2855750024318695
vt 0.7448480129241943 0.3148399889469147
vt 0.7070760130882263 0.31223100423812866
vt 0.7070760130882263 0.31223100423812866
vt 0.7448480129241943 0.3148399889469147
vt 0.7063069939613342 0.33606401085853577
vt 0.7448480129241943 0.3148399889469147
vt 0.7441589832305908 0.34756699204444885
vt 0.7063069939613342 0.33606401085853577
vt 0.1683409959077835 0.14784899353981018
vt 0.12754899263381958 0.15296800434589386
vt 0.1666170060634613 0.1333169937133789
vt 0.12754899263381958 0.15296800434589386
vt 0.12451200187206268 0.13570599257946014
vt 0.1666170060634613 0.1333169937133789
vt 0.6548119783401489 0.1794690042734146
vt 0.6416919827461243 0.17947599291801453
vt 0.6547110080718994 0.17464099824428558
vt 0.6416919827461243 0.17947599291801453
vt 0.6415899991989136 0.1746470034122467
vt 0.6547110080718994 0.17464099824428558
vt 0.6541309952735901 0.0520550012588501
vt 0.6410030126571655 0.052028000354766846
vt 0.641198992729187 0.04473400115966797
vt 0.6541309952735901 0.0520550012588501
vt 0.641198992729187 0.04473400115966797
vt 0.6543269753456116 0.04476099833846092
vt 0.6539350152015686 0.05989700183272362
vt 0.6408079862594604 0.059870000928640366
vt 0.6410030126571655 0.052028000354766846
vt 0.6539350152015686 0.05989700183272362
vt 0.6410030126571655 0.052028000354766846
vt 0.6541309952735901 0.0520550012588501
vt 0.6537410020828247 0.06736300140619278
vt 0.6406139731407166 0.06733699887990952
vt 0.6408079862594604 0.059870000928640366
vt 0.6537410020828247 0.06736300140619278
vt 0.6408079862594604 0.059870000928640366
vt 0.6539350152015686 0.05989700183272362
vt 0.653594970703125 0.07550500333309174
vt 0.6404690146446228 0.07547999918460846
vt 0.6406139731407166 0.06733699887990952
vt 0.653594970703125 0.07550500333309174
vt 0.6406139731407166 0.06733699887990952
vt 0.6537410020828247 0.06736300140619278
vt 0.6534820199012756 0.08413299918174744
vt 0.6403570175170898 0.08410900086164474
vt 0.6404690146446228 0.07547999918460846
vt 0.6534820199012756 0.08413299918174744
vt 0.6404690146446228 0.07547999918460846
vt 0.653594970703125 0.07550500333309174
vt 0.6534249782562256 0.091498002409935
vt 0.6402990221977234 0.09147799760103226
vt 0.6403570175170898 0.08410900086164474
vt 0.6534249782562256 0.091498002409935
vt 0.6403570175170898 0.08410900086164474
vt 0.6534820199012756 0.08413299918174744
vt 0.6534019708633423 0.09902600198984146
vt 0.6402770280838013 0.0990080013871193
vt 0.6402990221977234 0.09147799760103226
vt 0.6534019708633423 0.09902600198984146
vt 0.6402990221977234 0.09147799760103226
vt 0.6534249782562256 0.091498002409935
vt 0.6534159779548645 0.10762900114059448
vt 0.6402919888496399 0.10761400312185287
vt 0.6534019708633423 0.09902600198984146
vt 0.6402919888496399 0.10761400312185287
vt 0.6402770280838013 0.0990080013871193
vt 0.6534019708633423 0.09902600198984146
vt 0.6535199880599976 0.11643200367689133
vt 0.640395998954773 0.11642000079154968
vt 0.6534159779548645 0.10762900114059448
vt 0.640395998954773 0.11642000079154968
vt 0.6402919888496399 0.10761400312185287
vt 0.6534159779548645 0.10762900114059448
vt 0.6535990238189697 0.12228800356388092
vt 0.6404749751091003 0.12227799743413925
vt 0.6535199880599976 0.11643200367689133
vt 0.6404749751091003 0.12227799743413925
vt 0.640395998954773 0.11642000079154968
vt 0.6535199880599976 0.11643200367689133
vt 0.6537160277366638 0.12929299473762512
vt 0.6405929923057556 0.1292870044708252
vt 0.6535990238189697 0.12228800356388092
vt 0.6405929923057556 0.1292870044708252
vt 0.6404749751091003 0.12227799743413925
vt 0.6535990238189697 0.12228800356388092
vt 0.6538770198822021 0.13723599910736084
vt 0.640753984451294 0.13723300397396088
vt 0.6537160277366638 0.12929299473762512
vt 0.640753984451294 0.13723300397396088
vt 0.6405929923057556 0.1292870044708252
vt 0.6537160277366638 0.12929299473762512
vt 0.6541190147399902 0.14685699343681335
vt 0.640995979309082 0.14685699343681335
vt 0.6538770198822021 0.13723599910736084
vt 0.640995979309082 0.14685699343681335
vt 0.640753984451294 0.13723300397396088
vt 0.6538770198822021 0.13723599910736084
vt 0.6542829871177673 0.15708300471305847
vt 0.6411610245704651 0.15708500146865845
vt 0.6541190147399902 0.14685699343681335
vt 0.6411610245704651 0.15708500146865845
vt 0.640995979309082 0.14685699343681335
vt 0.6541190147399902 0.14685699343681335
vt 0.6545640230178833 0.16747799515724182
vt 0.6414420008659363 0.16748200356960297
vt 0.6542829871177673 0.15708300471305847
vt 0.6414420008659363 0.16748200356960297
vt 0.6411610245704651 0.15708500146865845
vt 0.6542829871177673 0.15708300471305847
vt 0.6547110080718994 0.17464099824428558
vt 0.6415899991989136 0.1746470034122467
vt 0.6545640230178833 0.16747799515724182
vt 0.6415899991989136 0.1746470034122467
vt 0.6414420008659363 0.16748200356960297
vt 0.6545640230178833 0.16747799515724182
vt 0.654902994632721 0.1847669929265976
vt 0.6417829990386963 0.18477599322795868
vt 0.6548119783401489 0.1794690042734146
vt 0.6417829990386963 0.18477599322795868
vt 0.6416919827461243 0.17947599291801453
vt 0.6548119783401489 0.1794690042734146
vt 0.6549519896507263 0.19107499718666077
vt 0.6418330073356628 0.19108399748802185
vt 0.654902994632721 0.1847669929265976
vt 0.6418330073356628 0.19108399748802185
vt 0.6417829990386963 0.18477599322795868
vt 0.654902994632721 0.1847669929265976
vt 0.6550149917602539 0.19819599390029907
vt 0.6418960094451904 0.19820599257946014
vt 0.6549519896507263 0.19107499718666077
vt 0.6418960094451904 0.19820599257946014
vt 0.6418330073356628 0.19108399748802185
vt 0.6549519896507263 0.19107499718666077
vt 0.6550350189208984 0.205158993601799
vt 0.6419169902801514 0.2051679939031601
vt 0.6550149917602539 0.19819599390029907
vt 0.6419169902801514 0.2051679939031601
vt 0.6418960094451904 0.19820599257946014
vt 0.6550149917602539 0.19819599390029907
vt 0.6549760103225708 0.21281500160694122
vt 0.6418579816818237 0.2128240019083023
vt 0.6419169902801514 0.2051679939031601
vt 0.6549760103225708 0.21281500160694122
vt 0.6419169902801514 0.2051679939031601
vt 0.6550350189208984 0.205158993601799
vt 0.6549370288848877 0.21827000379562378
vt 0.6418190002441406 0.21828000247478485
vt 0.6418579816818237 0.2128240019083023
vt 0.6549370288848877 0.21827000379562378
vt 0.6418579816818237 0.2128240019083023
vt 0.6549760103225708 0.21281500160694122
vt 0.6548629999160767 0.22432799637317657
vt 0.6417449712753296 0.22433699667453766
vt 0.6418190002441406 0.21828000247478485
vt 0.6548629999160767 0.22432799637317657
vt 0.6418190002441406 0.21828000247478485
vt 0.6549370288848877 0.21827000379562378
vt 0.6549540162086487 0.017829999327659607
vt 0.6418240070343018 0.017802000045776367
vt 0.6419010162353516 0.012814999558031559
vt 0.6549540162086487 0.017829999327659607
vt 0.6419010162353516 0.012814999558031559
vt 0.6550310254096985 0.012842999771237373
vt 0.6548420190811157 0.023042000830173492
vt 0.64171302318573 0.02301499992609024
vt 0.6418240070343018 0.017802000045776367
vt 0.6548420190811157 0.023042000830173492
vt 0.6418240070343018 0.017802000045776367
vt 0.6549540162086487 0.017829999327659607
vt 0.6547200083732605 0.02787500061094761
vt 0.6415910124778748 0.027847999706864357
vt 0.64171302318573 0.02301499992609024
vt 0.6547200083732605 0.02787500061094761
vt 0.64171302318573 0.02301499992609024
vt 0.6548420190811157 0.023042000830173492
vt 0.6545900106430054 0.033535998314619064
vt 0.6414610147476196 0.03350900113582611
vt 0.6415910124778748 0.027847999706864357
vt 0.6545900106430054 0.033535998314619064
vt 0.6415910124778748 0.027847999706864357
vt 0.6547200083732605 0.02787500061094761
vt 0.6544319987297058 0.03953300043940544
vt 0.6413040161132812 0.0395050011575222
vt 0.6414610147476196 0.03350900113582611
vt 0.6544319987297058 0.03953300043940544
vt 0.6414610147476196 0.03350900113582611
vt 0.6545900106430054 0.033535998314619064
vt 0.6543269753456116 0.04476099833846092
vt 0.641198992729187 0.04473400115966797
vt 0.6413040161132812 0.0395050011575222
vt 0.6543269753456116 0.04476099833846092
vt 0.6413040161132812 0.0395050011575222
vt 0.6544319987297058 0.03953300043940544
vt 0.12340900301933289 0.30491501092910767
vt 0.1314540058374405 0.3057120144367218
vt 0.12978599965572357 0.31332701444625854
vt 0.12340900301933289 0.30491501092910767
vt 0.12978599965572357 0.31332701444625854
vt 0.12153100222349167 0.3128339946269989
vt 0.2231930047273636 0.29840201139450073
vt 0.21518300473690033 0.30059799551963806
vt 0.21774500608444214 0.2866629958152771
vt 0.21518300473690033 0.30059799551963806
vt 0.21000300347805023 0.2911370098590851
vt 0.21774500608444214 0.2866629958152771
vt 0.2261579930782318 0.31093698740005493
vt 0.21805499494075775 0.31103798747062683
vt 0.2231930047273636 0.29840201139450073
vt 0.21805499494075775 0.31103798747062683
vt 0.21518300473690033 0.30059799551963806
vt 0.2231930047273636 0.29840201139450073
vt 0.2257699966430664 0.3228909969329834
vt 0.21794800460338593 0.32127800583839417
vt 0.2261579930782318 0.31093698740005493
vt 0.21794800460338593 0.32127800583839417
vt 0.21805499494075775 0.31103798747062683
vt 0.2261579930782318 0.31093698740005493
vt 0.2226250022649765 0.3349980115890503
vt 0.21546399593353271 0.3315950036048889
vt 0.2257699966430664 0.3228909969329834
vt 0.21546399593353271 0.3315950036048889
vt 0.21794800460338593 0.32127800583839417
vt 0.2257699966430664 0.3228909969329834
vt 0.21696500480175018 0.3467490077018738
vt 0.21064099669456482 0.3414100110530853
vt 0.2226250022649765 0.3349980115890503
vt 0.21064099669456482 0.3414100110530853
vt 0.21546399593353271 0.3315950036048889
vt 0.2226250022649765 0.3349980115890503
vt 0.20938600599765778 0.3556180000305176
vt 0.20401400327682495 0.3489750027656555
vt 0.21696500480175018 0.3467490077018738
vt 0.20401400327682495 0.3489750027656555
vt 0.21064099669456482 0.3414100110530853
vt 0.21696500480175018 0.3467490077018738
vt 0.19982300698757172 0.3627080023288727
vt 0.195933997631073 0.3551110029220581
vt 0.20938600599765778 0.3556180000305176
vt 0.195933997631073 0.3551110029220581
vt 0.20401400327682495 0.3489750027656555
vt 0.20938600599765778 0.3556180000305176
vt 0.18767699599266052 0.36766499280929565
vt 0.18576599657535553 0.359266996383667
vt 0.19982300698757172 0.3627080023288727
vt 0.18576599657535553 0.359266996383667
vt 0.195933997631073 0.3551110029220581
vt 0.19982300698757172 0.3627080023288727
vt 0.17420600354671478 0.36963099241256714
vt 0.17433899641036987 0.36048299074172974
vt 0.18767699599266052 0.36766499280929565
vt 0.17433899641036987 0.36048299074172974
vt 0.18576599657535553 0.359266996383667
vt 0.18767699599266052 0.36766499280929565
vt 0.16432000696659088 0.3688499927520752
vt 0.1654209941625595 0.3598490059375763
vt 0.17433899641036987 0.36048299074172974
vt 0.16432000696659088 0.3688499927520752
vt 0.17433899641036987 0.36048299074172974
vt 0.17420600354671478 0.36963099241256714
vt 0.153328999876976 0.3662239909172058
vt 0.15601399540901184 0.35810500383377075
vt 0.16432000696659088 0.3688499927520752
vt 0.15601399540901184 0.35810500383377075
vt 0.1654209941625595 0.3598490059375763
vt 0.16432000696659088 0.3688499927520752
vt 0.14286799728870392 0.36094799637794495
vt 0.1471640020608902 0.3540259897708893
vt 0.153328999876976 0.3662239909172058
vt 0.1471640020608902 0.3540259897708893
vt 0.15601399540901184 0.35810500383377075
vt 0.153328999876976 0.3662239909172058
vt 0.1330679953098297 0.3514299988746643
vt 0.13868699967861176 0.3460400104522705
vt 0.1471640020608902 0.3540259897708893
vt 0.1330679953098297 0.3514299988746643
vt 0.1471640020608902 0.3540259897708893
vt 0.14286799728870392 0.36094799637794495
vt 0.12547799944877625 0.33912500739097595
vt 0.13229799270629883 0.33550599217414856
vt 0.13868699967861176 0.3460400104522705
vt 0.12547799944877625 0.33912500739097595
vt 0.13868699967861176 0.3460400104522705
vt 0.1330679953098297 0.3514299988746643
vt 0.12148100137710571 0.3244599997997284
vt 0.1293330043554306 0.32313498854637146
vt 0.13229799270629883 0.33550599217414856
vt 0.12148100137710571 0.3244599997997284
vt 0.13229799270629883 0.33550599217414856
vt 0.12547799944877625 0.33912500739097595
vt 0.12153100222349167 0.3128339946269989
vt 0.12978599965572357 0.31332701444625854
vt 0.1293330043554306 0.32313498854637146
vt 0.12153100222349167 0.3128339946269989
vt 0.1293330043554306 0.32313498854637146
vt 0.12148100137710571 0.3244599997997284
vt 0.12514300644397736 0.2979539930820465
vt 0.13171300292015076 0.29890498518943787
vt 0.1314540058374405 0.3057120144367218
vt 0.12514300644397736 0.2979539930820465
vt 0.1314540058374405 0.3057120144367218
vt 0.12340900301933289 0.30491501092910767
vt 0.12770900130271912 0.2907640039920807
vt 0.1335660070180893 0.2926490008831024
vt 0.13171300292015076 0.29890498518943787
vt 0.12770900130271912 0.2907640039920807
vt 0.13171300292015076 0.29890498518943787
vt 0.12514300644397736 0.2979539930820465
vt 0.1316470056772232 0.2829740047454834
vt 0.13700099289417267 0.28586098551750183
vt 0.1335660070180893 0.2926490008831024
vt 0.1316470056772232 0.2829740047454834
vt 0.1335660070180893 0.2926490008831024
vt 0.12770900130271912 0.2907640039920807
vt 0.13699300587177277 0.2756519913673401
vt 0.14187000691890717 0.2796899974346161
vt 0.13700099289417267 0.28586098551750183
vt 0.13699300587177277 0.2756519913673401
vt 0.13700099289417267 0.28586098551750183
vt 0.1316470056772232 0.2829740047454834
vt 0.14480100572109222 0.26885300874710083
vt 0.14861199259757996 0.27443599700927734
vt 0.14187000691890717 0.2796899974346161
vt 0.14480100572109222 0.26885300874710083
vt 0.14187000691890717 0.2796899974346161
vt 0.13699300587177277 0.2756519913673401
vt 0.1523279994726181 0.2646070122718811
vt 0.15532900393009186 0.2714399993419647
vt 0.14861199259757996 0.27443599700927734
vt 0.1523279994726181 0.2646070122718811
vt 0.14861199259757996 0.27443599700927734
vt 0.14480100572109222 0.26885300874710083
vt 0.16228799521923065 0.2615019977092743
vt 0.16350799798965454 0.269571989774704
vt 0.15532900393009186 0.2714399993419647
vt 0.16228799521923065 0.2615019977092743
vt 0.15532900393009186 0.2714399993419647
vt 0.1523279994726181 0.2646070122718811
vt 0.1718519926071167 0.2599959969520569
vt 0.17165400087833405 0.26889801025390625
vt 0.16228799521923065 0.2615019977092743
vt 0.17165400087833405 0.26889801025390625
vt 0.16350799798965454 0.269571989774704
vt 0.16228799521923065 0.2615019977092743
vt 0.182437002658844 0.26131999492645264
vt 0.18012799322605133 0.27034398913383484
vt 0.17165400087833405 0.26889801025390625
vt 0.182437002658844 0.26131999492645264
vt 0.17165400087833405 0.26889801025390625
vt 0.1718519926071167 0.2599959969520569
vt 0.19213399291038513 0.2646220028400421
vt 0.18818500638008118 0.2732140123844147
vt 0.182437002658844 0.26131999492645264
vt 0.18818500638008118 0.2732140123844147
vt 0.18012799322605133 0.27034398913383484
vt 0.182437002658844 0.26131999492645264
vt 0.20236100256443024 0.2703720033168793
vt 0.19664500653743744 0.27778100967407227
vt 0.19213399291038513 0.2646220028400421
vt 0.19664500653743744 0.27778100967407227
vt 0.18818500638008118 0.2732140123844147
vt 0.19213399291038513 0.2646220028400421
vt 0.2116059958934784 0.2782289981842041
vt 0.2043910026550293 0.2840520143508911
vt 0.20236100256443024 0.2703720033168793
vt 0.2043910026550293 0.2840520143508911
vt 0.19664500653743744 0.27778100967407227
vt 0.20236100256443024 0.2703720033168793
vt 0.21774500608444214 0.2866629958152771
vt 0.21000300347805023 0.2911370098590851
vt 0.2116059958934784 0.2782289981842041
vt 0.21000300347805023 0.2911370098590851
vt 0.2043910026550293 0.2840520143508911
vt 0.2116059958934784 0.2782289981842041
vt 0.6729549765586853 0.1919029951095581
vt 0.6822450160980225 0.19189099967479706
vt 0.6730179786682129 0.19766899943351746
vt 0.6822450160980225 0.19189099967479706
vt 0.6823099851608276 0.19765600562095642
vt 0.6730179786682129 0.19766899943351746
vt 0.6737220287322998 0.09166599810123444
vt 0.6829910278320312 0.09167300164699554
vt 0.6828230023384094 0.10035800188779831
vt 0.6737220287322998 0.09166599810123444
vt 0.6828230023384094 0.10035800188779831
vt 0.6735529899597168 0.1003509983420372
vt 0.6739029884338379 0.08232799917459488
vt 0.6831719875335693 0.08233600109815598
vt 0.6829910278320312 0.09167300164699554
vt 0.6739029884338379 0.08232799917459488
vt 0.6829910278320312 0.09167300164699554
vt 0.6737220287322998 0.09166599810123444
vt 0.674019992351532 0.07343599945306778
vt 0.6832889914512634 0.07344400137662888
vt 0.6831719875335693 0.08233600109815598
vt 0.674019992351532 0.07343599945306778
vt 0.6831719875335693 0.08233600109815598
vt 0.6739029884338379 0.08232799917459488
vt 0.6741660237312317 0.06374099850654602
vt 0.683434009552002 0.0637499988079071
vt 0.6832889914512634 0.07344400137662888
vt 0.6741660237312317 0.06374099850654602
vt 0.6832889914512634 0.07344400137662888
vt 0.674019992351532 0.07343599945306778
vt 0.6742950081825256 0.0534680001437664
vt 0.6835629940032959 0.053477998822927475
vt 0.683434009552002 0.0637499988079071
vt 0.6742950081825256 0.0534680001437664
vt 0.683434009552002 0.0637499988079071
vt 0.6741660237312317 0.06374099850654602
vt 0.6743559837341309 0.044697001576423645
vt 0.6836240291595459 0.04470700025558472
vt 0.6835629940032959 0.053477998822927475
vt 0.6743559837341309 0.044697001576423645
vt 0.6835629940032959 0.053477998822927475
vt 0.6742950081825256 0.0534680001437664
vt 0.6743770241737366 0.035732999444007874
vt 0.6836450099945068 0.035743001848459244
vt 0.6836240291595459 0.04470700025558472
vt 0.6743770241737366 0.035732999444007874
vt 0.6836240291595459 0.04470700025558472
vt 0.6743559837341309 0.044697001576423645
vt 0.6743389964103699 0.025489000603556633
vt 0.6836069822311401 0.025498999282717705
vt 0.6743770241737366 0.035732999444007874
vt 0.6836069822311401 0.025498999282717705
vt 0.6836450099945068 0.035743001848459244
vt 0.6743770241737366 0.035732999444007874
vt 0.6742889881134033 0.015004999935626984
vt 0.6835569739341736 0.01501499954611063
vt 0.6743389964103699 0.025489000603556633
vt 0.6835569739341736 0.01501499954611063
vt 0.6836069822311401 0.025498999282717705
vt 0.6743389964103699 0.025489000603556633
vt 0.6742449998855591 0.2602030038833618
vt 0.6835399866104126 0.2601870000362396
vt 0.6743500232696533 0.26719701290130615
vt 0.6835399866104126 0.2601870000362396
vt 0.6836450099945068 0.26718100905418396
vt 0.6743500232696533 0.26719701290130615
vt 0.6741089820861816 0.2518349885940552
vt 0.6834040284156799 0.25181901454925537
vt 0.6742449998855591 0.2602030038833618
vt 0.6834040284156799 0.25181901454925537
vt 0.6835399866104126 0.2601870000362396
vt 0.6742449998855591 0.2602030038833618
vt 0.6739320158958435 0.24234700202941895
vt 0.683227002620697 0.24233099818229675
vt 0.6741089820861816 0.2518349885940552
vt 0.683227002620697 0.24233099818229675
vt 0.6834040284156799 0.25181901454925537
vt 0.6741089820861816 0.2518349885940552
vt 0.6737120151519775 0.23085300624370575
vt 0.683007001876831 0.23083700239658356
vt 0.6739320158958435 0.24234700202941895
vt 0.683007001876831 0.23083700239658356
vt 0.683227002620697 0.24233099818229675
vt 0.6739320158958435 0.24234700202941895
vt 0.673354983329773 0.21864299476146698
vt 0.6826490163803101 0.21862800419330597
vt 0.6737120151519775 0.23085300624370575
vt 0.6826490163803101 0.21862800419330597
vt 0.683007001876831 0.23083700239658356
vt 0.6737120151519775 0.23085300624370575
vt 0.6731629967689514 0.20622499287128448
vt 0.6824560165405273 0.20621000230312347
vt 0.673354983329773 0.21864299476146698
vt 0.6824560165405273 0.20621000230312347
vt 0.6826490163803101 0.21862800419330597
vt 0.673354983329773 0.21864299476146698
vt 0.6730179786682129 0.19766899943351746
vt 0.6823099851608276 0.19765600562095642
vt 0.6731629967689514 0.20622499287128448
vt 0.6823099851608276 0.19765600562095642
vt 0.6824560165405273 0.20621000230312347
vt 0.6731629967689514 0.20622499287128448
vt 0.6728829741477966 0.18557600677013397
vt 0.6821720004081726 0.18556499481201172
vt 0.6729549765586853 0.1919029951095581
vt 0.6821720004081726 0.18556499481201172
vt 0.6822450160980225 0.19189099967479706
vt 0.6729549765586853 0.1919029951095581
vt 0.6727870106697083 0.17804600298404694
vt 0.6820740103721619 0.17803700268268585
vt 0.6728829741477966 0.18557600677013397
vt 0.6820740103721619 0.17803700268268585
vt 0.6821720004081726 0.18556499481201172
vt 0.6728829741477966 0.18557600677013397
vt 0.6727589964866638 0.1695459932088852
vt 0.6820440292358398 0.1695380061864853
vt 0.6727870106697083 0.17804600298404694
vt 0.6820440292358398 0.1695380061864853
vt 0.6820740103721619 0.17803700268268585
vt 0.6727870106697083 0.17804600298404694
vt 0.6727510094642639 0.16123700141906738
vt 0.6820340156555176 0.16123099625110626
vt 0.6727589964866638 0.1695459932088852
vt 0.6820340156555176 0.16123099625110626
vt 0.6820440292358398 0.1695380061864853
vt 0.6727589964866638 0.1695459932088852
vt 0.6727449893951416 0.15210199356079102
vt 0.6820260286331177 0.15209700167179108
vt 0.6727510094642639 0.16123700141906738
vt 0.6820260286331177 0.15209700167179108
vt 0.6820340156555176 0.16123099625110626
vt 0.6727510094642639 0.16123700141906738
vt 0.6727979779243469 0.14559400081634521
vt 0.6820769906044006 0.14559100568294525
vt 0.6820260286331177 0.15209700167179108
vt 0.6727979779243469 0.14559400081634521
vt 0.6820260286331177 0.15209700167179108
vt 0.6727449893951416 0.15210199356079102
vt 0.672872006893158 0.13837000727653503
vt 0.6821489930152893 0.13836799561977386
vt 0.6820769906044006 0.14559100568294525
vt 0.672872006893158 0.13837000727653503
vt 0.6820769906044006 0.14559100568294525
vt 0.6727979779243469 0.14559400081634521
vt 0.6729490160942078 0.13242800533771515
vt 0.6822249889373779 0.13242800533771515
vt 0.6821489930152893 0.13836799561977386
vt 0.6729490160942078 0.13242800533771515
vt 0.6821489930152893 0.13836799561977386
vt 0.672872006893158 0.13837000727653503
vt 0.673039972782135 0.1262180060148239
vt 0.6823149919509888 0.1262190043926239
vt 0.6822249889373779 0.13242800533771515
vt 0.673039972782135 0.1262180060148239
vt 0.6822249889373779 0.13242800533771515
vt 0.6729490160942078 0.13242800533771515
vt 0.6731240153312683 0.12046000361442566
vt 0.6823970079421997 0.12046299874782562
vt 0.6823149919509888 0.1262190043926239
vt 0.6731240153312683 0.12046000361442566
vt 0.6823149919509888 0.1262190043926239
vt 0.673039972782135 0.1262180060148239
vt 0.6732569932937622 0.11371800303459167
vt 0.682528018951416 0.11372199654579163
vt 0.6823970079421997 0.12046299874782562
vt 0.6732569932937622 0.11371800303459167
vt 0.6823970079421997 0.12046299874782562
vt 0.6731240153312683 0.12046000361442566
vt 0.6733899712562561 0.10657600313425064
vt 0.6826609969139099 0.10658200085163116
vt 0.682528018951416 0.11372199654579163
vt 0.6733899712562561 0.10657600313425064
vt 0.682528018951416 0.11372199654579163
vt 0.6732569932937622 0.11371800303459167
vt 0.6735529899597168 0.1003509983420372
vt 0.6828230023384094 0.10035800188779831
vt 0.6826609969139099 0.10658200085163116
vt 0.6735529899597168 0.1003509983420372
vt 0.6826609969139099 0.10658200085163116
vt 0.6733899712562561 0.10657600313425064
vt 0.2886120080947876 0.2217700034379959
vt 0.22160500288009644 0.27966299653053284
vt 0.2733129858970642 0.20517699420452118
vt 0.22160500288009644 0.27966299653053284
vt 0.21302999556064606 0.26962798833847046
vt 0.2733129858970642 0.20517699420452118
vt 0.1373250037431717 0.4664759933948517
vt 0.15695999562740326 0.3733550012111664
vt 0.1671610027551651 0.46925199031829834
vt 0.15695999562740326 0.3733550012111664
vt 0.17071999609470367 0.3753480017185211
vt 0.1671610027551651 0.46925199031829834
vt 0.1373250037431717 0.4664759933948517
vt 0.11401800066232681 0.44579899311065674
vt 0.15695999562740326 0.3733550012111664
vt 0.11401800066232681 0.44579899311065674
vt 0.14346900582313538 0.3683210015296936
vt 0.15695999562740326 0.3733550012111664
vt 0.11401800066232681 0.44579899311065674
vt 0.08526799827814102 0.42565199732780457
vt 0.14346900582313538 0.3683210015296936
vt 0.08526799827814102 0.42565199732780457
vt 0.13224099576473236 0.360044002532959
vt 0.14346900582313538 0.3683210015296936
vt 0.08526799827814102 0.42565199732780457
vt 0.06167500093579292 0.40031400322914124
vt 0.13224099576473236 0.360044002532959
vt 0.06167500093579292 0.40031400322914124
vt 0.12283000349998474 0.34891098737716675
vt 0.13224099576473236 0.360044002532959
vt 0.06167500093579292 0.40031400322914124
vt 0.04530299827456474 0.37145599722862244
vt 0.12283000349998474 0.34891098737716675
vt 0.04530299827456474 0.37145599722862244
vt 0.11590000241994858 0.3356170058250427
vt 0.12283000349998474 0.34891098737716675
vt 0.04530299827456474 0.37145599722862244
vt 0.0357850007712841 0.33730900287628174
vt 0.11590000241994858 0.3356170058250427
vt 0.0357850007712841 0.33730900287628174
vt 0.11291699856519699 0.3220840096473694
vt 0.11590000241994858 0.3356170058250427
vt 0.0357850007712841 0.33730900287628174
vt 0.0351950004696846 0.3039399981498718
vt 0.11291699856519699 0.3220840096473694
vt 0.0351950004696846 0.3039399981498718
vt 0.11288099735975266 0.3080820143222809
vt 0.11291699856519699 0.3220840096473694
vt 0.0351950004696846 0.3039399981498718
vt 0.04388200119137764 0.26743799448013306
vt 0.11288099735975266 0.3080820143222809
vt 0.04388200119137764 0.26743799448013306
vt 0.11675000190734863 0.293503999710083
vt 0.11288099735975266 0.3080820143222809
vt 0.04388200119137764 0.26743799448013306
vt 0.06046300008893013 0.23658600449562073
vt 0.11675000190734863 0.293503999710083
vt 0.06046300008893013 0.23658600449562073
vt 0.12454800307750702 0.28014498949050903
vt 0.11675000190734863 0.293503999710083
vt 0.06046300008893013 0.23658600449562073
vt 0.0821790024638176 0.21289700269699097
vt 0.13242800533771515 0.27118900418281555
vt 0.06046300008893013 0.23658600449562073
vt 0.13242800533771515 0.27118900418281555
vt 0.12454800307750702 0.28014498949050903
vt 0.0821790024638176 0.21289700269699097
vt 0.10624799877405167 0.1959560066461563
vt 0.14198100566864014 0.26231399178504944
vt 0.0821790024638176 0.21289700269699097
vt 0.14198100566864014 0.26231399178504944
vt 0.13242800533771515 0.27118900418281555
vt 0.10624799877405167 0.1959560066461563
vt 0.1354610025882721 0.18470899760723114
vt 0.15378700196743011 0.2558459937572479
vt 0.10624799877405167 0.1959560066461563
vt 0.15378700196743011 0.2558459937572479
vt 0.14198100566864014 0.26231399178504944
vt 0.1354610025882721 0.18470899760723114
vt 0.16651299595832825 0.18042799830436707
vt 0.1697160005569458 0.2529810070991516
vt 0.1354610025882721 0.18470899760723114
vt 0.1697160005569458 0.2529810070991516
vt 0.15378700196743011 0.2558459937572479
vt 0.16651299595832825 0.18042799830436707
vt 0.20260900259017944 0.18422700464725494
vt 0.1697160005569458 0.2529810070991516
vt 0.20260900259017944 0.18422700464725494
vt 0.18671299517154694 0.25457099080085754
vt 0.1697160005569458 0.2529810070991516
vt 0.24126799404621124 0.19383999705314636
vt 0.20269399881362915 0.2613599896430969
vt 0.20260900259017944 0.18422700464725494
vt 0.20269399881362915 0.2613599896430969
vt 0.18671299517154694 0.25457099080085754
vt 0.20260900259017944 0.18422700464725494
vt 0.2733129858970642 0.20517699420452118
vt 0.21302999556064606 0.26962798833847046
vt 0.24126799404621124 0.19383999705314636
vt 0.21302999556064606 0.26962798833847046
vt 0.20269399881362915 0.2613599896430969
vt 0.24126799404621124 0.19383999705314636
vt 0.2886120080947876 0.2217700034379959
vt 0.2888149917125702 0.23824800550937653
vt 0.22160500288009644 0.27966299653053284
vt 0.2888149917125702 0.23824800550937653
vt 0.22862400114536285 0.28639599680900574
vt 0.22160500288009644 0.27966299653053284
vt 0.2888149917125702 0.23824800550937653
vt 0.3009819984436035 0.25947898626327515
vt 0.22862400114536285 0.28639599680900574
vt 0.3009819984436035 0.25947898626327515
vt 0.23356500267982483 0.2943510115146637
vt 0.22862400114536285 0.28639599680900574
vt 0.3009819984436035 0.25947898626327515
vt 0.31192100048065186 0.2875309884548187
vt 0.23356500267982483 0.2943510115146637
vt 0.31192100048065186 0.2875309884548187
vt 0.2377070039510727 0.304874986410141
vt 0.23356500267982483 0.2943510115146637
vt 0.31192100048065186 0.2875309884548187
vt 0.3167380094528198 0.3169200122356415
vt 0.23964600265026093 0.3161799907684326
vt 0.31192100048065186 0.2875309884548187
vt 0.23964600265026093 0.3161799907684326
vt 0.2377070039510727 0.304874986410141
vt 0.3167380094528198 0.3169200122356415
vt 0.3147850036621094 0.34530600905418396
vt 0.23964600265026093 0.3161799907684326
vt 0.3147850036621094 0.34530600905418396
vt 0.23868900537490845 0.3279840052127838
vt 0.23964600265026093 0.3161799907684326
vt 0.3147850036621094 0.34530600905418396
vt 0.30900898575782776 0.3684839904308319
vt 0.23868900537490845 0.3279840052127838
vt 0.30900898575782776 0.3684839904308319
vt 0.23544900119304657 0.33785200119018555
vt 0.23868900537490845 0.3279840052127838
vt 0.30900898575782776 0.3684839904308319
vt 0.2986780107021332 0.3914259970188141
vt 0.23544900119304657 0.33785200119018555
vt 0.2986780107021332 0.3914259970188141
vt 0.2301730066537857 0.3471069931983948
vt 0.23544900119304657 0.33785200119018555
vt 0.2986780107021332 0.3914259970188141
vt 0.284714013338089 0.4103269875049591
vt 0.2301730066537857 0.3471069931983948
vt 0.284714013338089 0.4103269875049591
vt 0.22359800338745117 0.35592201352119446
vt 0.2301730066537857 0.3471069931983948
vt 0.284714013338089 0.4103269875049591
vt 0.2695620059967041 0.4258210062980652
vt 0.22359800338745117 0.35592201352119446
vt 0.2695620059967041 0.4258210062980652
vt 0.21512900292873383 0.36277100443840027
vt 0.22359800338745117 0.35592201352119446
vt 0.2695620059967041 0.4258210062980652
vt 0.24867700040340424 0.44058799743652344
vt 0.21512900292873383 0.36277100443840027
vt 0.24867700040340424 0.44058799743652344
vt 0.20543700456619263 0.3683300018310547
vt 0.21512900292873383 0.36277100443840027
vt 0.24867700040340424 0.44058799743652344
vt 0.22324299812316895 0.45375698804855347
vt 0.19453200697898865 0.37262600660324097
vt 0.24867700040340424 0.44058799743652344
vt 0.19453200697898865 0.37262600660324097
vt 0.20543700456619263 0.3683300018310547
vt 0.22324299812316895 0.45375698804855347
vt 0.19264400005340576 0.4608229994773865
vt 0.18278999626636505 0.3751850128173828
vt 0.22324299812316895 0.45375698804855347
vt 0.18278999626636505 0.3751850128173828
vt 0.19453200697898865 0.37262600660324097
vt 0.19264400005340576 0.4608229994773865
vt 0.1671610027551651 0.46925199031829834
vt 0.17071999609470367 0.3753480017185211
vt 0.19264400005340576 0.4608229994773865
vt 0.17071999609470367 0.3753480017185211
vt 0.18278999626636505 0.3751850128173828
vt 0.1615770012140274 0.48408201336860657
vt 0.1514430046081543 0.4892440140247345
vt 0.1671610027551651 0.46925199031829834
vt 0.1514430046081543 0.4892440140247345
vt 0.1373250037431717 0.4664759933948517
vt 0.1671610027551651 0.46925199031829834
vn -0.9998092618739394 -0.019528998696687665 0.00024099998639764462
vn -0.999721090194493 -0.023611999583521465 0.000464000002430804
vn -0.9998283571128239 -0.01844500640799006 -0.0017430007689600497
vn -0.999408651952096 -0.03154598700674057 0.013681999381111561
vn -0.9995886018252759 -0.027013985756863163 0.009636995097955844
vn -0.999394733407567 -0.015835999792370065 0.030973988244883344
vn -0.9997586345079217 -0.021965987955896108 0.0004099999726090122
vn -0.999711381904638 -0.024024006541765806 0
vn -0.999766214209057 -0.021621010269827722 -0.00022100000433704548
vn -0.999766214209057 -0.021621010269827722 -0.00022100000433704548
vn -0.999711381904638 -0.024024006541765806 0
vn -0.9997145946694687 -0.023888989845925846 -0.0002130000027273283
vn -0.9997145946694687 -0.023888989845925846 -0.0002130000027273283
vn -0.999711381904638 -0.024024006541765806 0
vn -0.9997034811408256 -0.024342016555204977 -0.000644999954184976
vn -0.9997034811408256 -0.024342016555204977 -0.000644999954184976
vn -0.999711381904638 -0.024024006541765806 0
vn -0.9996796550288725 -0.02529199124763237 -0.0009500000445226938
vn -0.9996796550288725 -0.02529199124763237 -0.0009500000445226938
vn -0.999711381904638 -0.024024006541765806 0
vn -0.999713615602643 -0.023929988355636585 0.00020599997569526566
vn -0.999713615602643 -0.023929988355636585 0.00020599997569526566
vn -0.999711381904638 -0.024024006541765806 0
vn -0.9997205505508101 -0.023636988754647606 0.00033699999723633007
vn -0.9997205505508101 -0.023636988754647606 0.00033699999723633007
vn -0.999711381904638 -0.024024006541765806 0
vn -0.9997179077159238 -0.02374799678124995 0.0003709999637894596
vn -0.9997179077159238 -0.02374799678124995 0.0003709999637894596
vn -0.999711381904638 -0.024024006541765806 0
vn -0.9997055857649837 -0.024192990084323945 -0.0018549989409894568
vn -0.9997055857649837 -0.024192990084323945 -0.0018549989409894568
vn -0.999711381904638 -0.024024006541765806 0
vn -0.9996939153330665 -0.024687000725042665 -0.0016210000756942458
vn -0.9996939153330665 -0.024687000725042665 -0.0016210000756942458
vn -0.999711381904638 -0.024024006541765806 0
vn -0.9996903172557212 -0.02484400703800252 0.0014299998080490415
vn -0.9996903172557212 -0.02484400703800252 0.0014299998080490415
vn -0.999711381904638 -0.024024006541765806 0
vn -0.9997155447611978 -0.02384798779433448 -0.00032099997336854986
vn -0.9997155447611978 -0.02384798779433448 -0.00032099997336854986
vn -0.999711381904638 -0.024024006541765806 0
vn -0.9997114390331557 -0.02399800911556206 -0.0010649998810122927
vn -0.9997114390331557 -0.02399800911556206 -0.0010649998810122927
vn -0.999711381904638 -0.024024006541765806 0
vn -0.9996517642347806 -0.02632498860445488 0.0018289989792187255
vn -0.9996775840839754 -0.025357986205376996 0.0013039998597241815
vn -0.999711381904638 -0.024024006541765806 0
vn -0.9996498368618114 -0.026420998116980003 0.0014609998824712308
vn -0.9996498368618114 -0.026420998116980003 0.0014609998824712308
vn -0.999711381904638 -0.024024006541765806 0
vn -0.9997588110247074 -0.021918001333492875 0.0013860000029005469
vn -0.9997588110247074 -0.021918001333492875 0.0013860000029005469
vn -0.999711381904638 -0.024024006541765806 0
vn -0.9997855802594552 -0.020706987812549423 -0.0001189999798423458
vn -0.9997855802594552 -0.020706987812549423 -0.0001189999798423458
vn -0.999711381904638 -0.024024006541765806 0
vn -0.9996912707327444 -0.024840001201591848 -0.0005810000481260531
vn -0.9996912707327444 -0.024840001201591848 -0.0005810000481260531
vn -0.999711381904638 -0.024024006541765806 0
vn -0.9997164782054996 -0.02381098915192221 0
vn -0.9997164782054996 -0.02381098915192221 0
vn -0.999711381904638 -0.024024006541765806 0
vn -0.9997241164324612 -0.0234870069260815 0.00022699997572337804
vn -0.9997241164324612 -0.0234870069260815 0.00022699997572337804
vn -0.999711381904638 -0.024024006541765806 0
vn -0.9997022286365941 -0.024372008435051697 -0.0012079999457163537
vn -0.9997022286365941 -0.024372008435051697 -0.0012079999457163537
vn -0.999711381904638 -0.024024006541765806 0
vn -0.9997006234768872 -0.024461987736211145 -0.0005239999204106991
vn -0.9997006234768872 -0.024461987736211145 -0.0005239999204106991
vn -0.999711381904638 -0.024024006541765806 0
vn -0.99971479943976 -0.02387199657041681 0.0006689998971775043
vn -0.99971479943976 -0.02387199657041681 0.0006689998971775043
vn -0.999711381904638 -0.024024006541765806 0
vn -0.9997134740238796 -0.023935007648227844 -0.00029199997483830766
vn -0.9997134740238796 -0.023935007648227844 -0.00029199997483830766
vn -0.999711381904638 -0.024024006541765806 0
vn -0.9997168336068637 -0.02377799979211709 -0.0009269999744024146
vn -0.9997168336068637 -0.02377799979211709 -0.0009269999744024146
vn -0.999711381904638 -0.024024006541765806 0
vn -0.9997159604289053 -0.023809000291512294 -0.0010629999202114667
vn -0.9997159604289053 -0.023809000291512294 -0.0010629999202114667
vn -0.999711381904638 -0.024024006541765806 0
vn -0.9996739394254853 -0.025524000636233352 0.0007350000355071486
vn -0.9996739394254853 -0.025524000636233352 0.0007350000355071486
vn -0.999711381904638 -0.024024006541765806 0
vn -0.9996717965898517 -0.02557999808932787 0.0014009998458021275
vn -0.9996717965898517 -0.02557999808932787 0.0014009998458021275
vn -0.999711381904638 -0.024024006541765806 0
vn -0.9997035306282898 -0.02434301800057658 0.0005179999574429649
vn -0.9997035306282898 -0.02434301800057658 0.0005179999574429649
vn -0.999711381904638 -0.024024006541765806 0
vn -0.9997586345079217 -0.021965987955896108 0.0004099999726090122
vn -0.9996517642347806 -0.02632498860445488 0.0018289989792187255
vn -0.999711381904638 -0.024024006541765806 0
vn -0.9996775840839754 -0.025357986205376996 0.0013039998597241815
vn -0.006827003132369454 -0.21530708092392709 0.9765225306833673
vn -0.008738000456848753 -0.2468979835946078 0.9690020810323026
vn -0.024495008514655324 -0.1135580948804856 0.993229356012488
vn -0.011798999729887478 -0.4001539784943257 0.9163719643793874
vn -0.04946097671944578 -0.4335737743619867 0.8997596312168377
vn -0.008738000456848753 -0.2468979835946078 0.9690020810323026
vn -0.01224100051583543 -0.9350755968288716 -0.35423690677497294
vn -0.012570999111619808 -0.9654909621901884 -0.26013298889298947
vn -0.10158399307760373 -0.9344592431202254 -0.3412720546683898
vn -0.04946097671944578 -0.4335737743619867 0.8997596312168377
vn -0.03613300719017238 -0.5730331699997971 0.8187352391777079
vn -0.16725700255708867 -0.5979291433776192 0.7839042253970345
vn 0.992336625293807 0.07487797400109829 0.09829196869525685
vn 0.9967584714659009 0.052265023698705046 0.06116303506804033
vn 0.9996769923579653 0.025413999077925273 0.00019899999988002187
vn 0.9967584714659009 0.052265023698705046 0.06116303506804033
vn 0.9962085258312992 0.03264101697494714 0.08064203042998826
vn 0.9996769923579653 0.025413999077925273 0.00019899999988002187
vn 0.9962085258312992 0.03264101697494714 0.08064203042998826
vn 0.9959232123164834 -0.01735400020652366 0.08852001946480177
vn 0.9996769923579653 0.025413999077925273 0.00019899999988002187
vn 0.9959232123164834 -0.01735400020652366 0.08852001946480177
vn 0.9980084316448239 -0.016696008815239218 0.06083102543505353
vn 0.9996769923579653 0.025413999077925273 0.00019899999988002187
vn 0.9980084316448239 -0.016696008815239218 0.06083102543505353
vn 0.9981355174173113 -0.02221898943785814 0.056848969897760004
vn 0.9996769923579653 0.025413999077925273 0.00019899999988002187
vn 0.9981355174173113 -0.02221898943785814 0.056848969897760004
vn 0.9989301244757817 -0.03125300717623494 0.03408600823272908
vn 0.9996769923579653 0.025413999077925273 0.00019899999988002187
vn 0.9989301244757817 -0.03125300717623494 0.03408600823272908
vn 0.999756136876849 -0.02034400799244948 0.008590000924451217
vn 0.9996769923579653 0.025413999077925273 0.00019899999988002187
vn 0.999756136876849 -0.02034400799244948 0.008590000924451217
vn 0.998976914239243 -0.044912000512750634 0.005295000187276978
vn 0.9996769923579653 0.025413999077925273 0.00019899999988002187
vn 0.998976914239243 -0.044912000512750634 0.005295000187276978
vn 0.9988782177287112 -0.04527001249442386 -0.013890000571204068
vn 0.9996769923579653 0.025413999077925273 0.00019899999988002187
vn 0.9988782177287112 -0.04527001249442386 -0.013890000571204068
vn 0.9987719659118198 -0.04107099900603718 -0.027707997929924153
vn 0.9996769923579653 0.025413999077925273 0.00019899999988002187
vn 0.9987719659118198 -0.04107099900603718 -0.027707997929924153
vn 0.9988055792799002 -0.029325989911096625 -0.039081979416058794
vn 0.9996769923579653 0.025413999077925273 0.00019899999988002187
vn 0.9988055792799002 -0.029325989911096625 -0.039081979416058794
vn 0.9984593589951465 -0.015247007267162556 -0.05335201218694859
vn 0.9996769923579653 0.025413999077925273 0.00019899999988002187
vn 0.9984593589951465 -0.015247007267162556 -0.05335201218694859
vn 0.9957239288014337 0.005746000128575685 -0.09220000593687579
vn 0.9996769923579653 0.025413999077925273 0.00019899999988002187
vn 0.9957239288014337 0.005746000128575685 -0.09220000593687579
vn 0.9897095201437134 0.035781987281710684 -0.13854499313606441
vn 0.9996769923579653 0.025413999077925273 0.00019899999988002187
vn 0.9983899223525197 0.05172399676130535 0.023284997401031474
vn 0.992336625293807 0.07487797400109829 0.09829196869525685
vn 0.9996769923579653 0.025413999077925273 0.00019899999988002187
vn 0.9990304150857909 0.043009017987517335 0.009405004266961831
vn 0.9983899223525197 0.05172399676130535 0.023284997401031474
vn 0.9996769923579653 0.025413999077925273 0.00019899999988002187
vn 0.998532704930311 0.053450986874617586 0.008684997794243084
vn 0.9990304150857909 0.043009017987517335 0.009405004266961831
vn 0.9996769923579653 0.025413999077925273 0.00019899999988002187
vn 0.9990992445177287 0.04210500870482201 -0.005279000480279708
vn 0.998532704930311 0.053450986874617586 0.008684997794243084
vn 0.9996769923579653 0.025413999077925273 0.00019899999988002187
vn 0.9991537113980301 0.03729999206322903 -0.017337000652508767
vn 0.9990992445177287 0.04210500870482201 -0.005279000480279708
vn 0.9996769923579653 0.025413999077925273 0.00019899999988002187
vn 0.9992374946918108 0.03598101813794471 -0.015159008403921018
vn 0.9991537113980301 0.03729999206322903 -0.017337000652508767
vn 0.9996769923579653 0.025413999077925273 0.00019899999988002187
vn 0.9981496600374692 0.04986198231310536 -0.03479998400706684
vn 0.9992374946918108 0.03598101813794471 -0.015159008403921018
vn 0.9996769923579653 0.025413999077925273 0.00019899999988002187
vn 0.9897095201437134 0.035781987281710684 -0.13854499313606441
vn 0.9981496600374692 0.04986198231310536 -0.03479998400706684
vn 0.9996769923579653 0.025413999077925273 0.00019899999988002187
vn 0.9990915796216195 0.0385779869833351 -0.01810398987767352
vn 0.9988989310121462 0.03741099863247018 -0.028307998942220844
vn 0.9993071234030128 0.03720200837593889 -0.001132999908393463
vn 0.9995245190744597 -0.017954991074863695 0.025066991532128803
vn 0.9990915796216195 0.0385779869833351 -0.01810398987767352
vn 0.9999109024722408 -0.013332000154479053 -0.0006670000224158492
vn 0.9488873386078209 0.07841702483964479 0.3057181526260179
vn 0.9991163884986561 0.0021110007461328842 0.04197601588112061
vn 0.9565777942376555 0.20865400492699948 0.2035250102551156
vn 0.9565777942376555 0.20865400492699948 0.2035250102551156
vn 0.9955606231243083 0.09382696050313456 0.007452997187877428
vn 0.9332903268211388 0.3450970595943186 0.09938402950900746
vn 0.9991163884986561 0.0021110007461328842 0.04197601588112061
vn 0.9955606231243083 0.09382696050313456 0.007452997187877428
vn 0.9565777942376555 0.20865400492699948 0.2035250102551156
vn 0.9991163884986561 0.0021110007461328842 0.04197601588112061
vn 0.9999109024722408 -0.013332000154479053 -0.0006670000224158492
vn 0.9955606231243083 0.09382696050313456 0.007452997187877428
vn -0.9771565563598879 0.21246289703894422 -0.004957998054066039
vn -0.8171017196727637 0.29855689504227745 0.4931617991395186
vn -0.8441511185393956 0.401444006576779 0.3553190096973009
vn -0.9771565563598879 0.21246289703894422 -0.004957998054066039
vn -0.8441511185393956 0.401444006576779 0.3553190096973009
vn -0.829337053368698 0.5056520889903499 0.23773097570451462
vn -0.8782039305015003 0.47583797434751846 0.04833299722308162
vn -0.8452356979782157 0.5334817720453222 0.031205989147300894
vn -0.9388107717927285 0.34417087856559286 -0.01344399915684254
vn -0.9528483597606272 0.3027310919525009 0.020830008802898172
vn -0.9445051867436515 0.326017101893132 -0.04028401032100787
vn -0.9388107717927285 0.34417087856559286 -0.01344399915684254
vn -0.9445051867436515 0.326017101893132 -0.04028401032100787
vn -0.8782039305015003 0.47583797434751846 0.04833299722308162
vn -0.9388107717927285 0.34417087856559286 -0.01344399915684254
vn -0.021497010976214124 0.9263214585701798 0.3761202386358693
vn 0.07309002878403921 0.928031347374067 0.36526109289578335
vn 0.10179098710950743 0.9335971910251658 0.3435620465842991
vn 0.9738428577372877 0.22685998744150307 -0.012830998874363767
vn 0.9875047432662439 0.15756689911373223 0.0026559989369197385
vn 0.9268786897586384 0.37535784742423334 0.0015429997911651208
vn -0.9370063687219542 0.3472141753974188 0.038228018227314045
vn -0.8785844656931159 0.477505210790374 -0.008838003778145564
vn -0.9642280255565074 0.2650149873572045 0.005601000576701539
vn 0.9875047432662439 0.15756689911373223 0.0026559989369197385
vn 0.9993073465692931 0.035342014138310826 -0.011652001085052894
vn 0.9622856243933176 0.2720289062763682 0.002578999039516363
vn 0.9777814774027865 -0.13205009736850612 -0.16280710744003815
vn 0.9871781706725085 -0.15740697594902237 -0.026501005080260646
vn 0.9944132107299467 -0.09406000867767368 -0.04790700463725925
vn 0.5915159928414914 0.7983578701177247 0.1128429946156822
vn 0.2206509807564652 0.9365498171503411 0.27237397945999275
vn 0.12713609490098135 0.9335513603965823 0.3351391813486141
vn -0.02735399873608309 0.9251168492752422 0.37869588582422603
vn -0.14104399637471826 0.9352861617086722 0.32457108127944456
vn -0.1914339899402884 0.9273527568928215 0.32151188435083533
vn -0.9991011685543386 -0.0421470083287038 -0.004526000695458333
vn -0.9947491259462171 0.10215599805421875 -0.006191000790154121
vn -0.9940488301521329 0.1089019929560866 0.0026979998830018326
vn -0.9880936542778658 -0.15373699057345064 0.005988998683593772
vn -0.9991011685543386 -0.0421470083287038 -0.004526000695458333
vn -0.9996548781896324 -0.023592998947336772 0.011553999841693169
vn -0.01302499944313677 0.9292917025450076 0.3691168933691699
vn 0.2206509807564652 0.9365498171503411 0.27237397945999275
vn 0.1299930127137056 0.9465622155946128 0.29516400297839873
vn 0.9422727338868433 -0.19983698890502147 -0.2686768930123852
vn 0.9534169177682966 -0.28982296970661864 -0.0836589932023893
vn 0.9777814774027865 -0.13205009736850612 -0.16280710744003815
vn -0.7920041531192414 0.6104620716781965 -0.008092001250465998
vn -0.7078899623767121 0.7062709810421742 -0.008550000235195065
vn -0.8372790999220119 0.5467710020265297 -0.002276000151618787
vn 0.9247183434855205 0.38011117269749245 0.020285009537394982
vn 0.9278818989417222 0.372873009234086 -0.0009490000109058256
vn 0.8329140485495723 0.5533909362824125 0.0035580007357542244
vn 0.9852862361751936 -0.17015206712370728 0.0161030077081844
vn 0.9678263904603956 -0.25113106284602427 -0.015661008978608417
vn 0.999134566985701 -0.040051985255511534 0.011222991196103989
vn -0.022849989963328102 0.9274848066327681 0.37316191046789915
vn -0.07039596366103965 0.9399485293414612 0.3339777993954958
vn -0.12102900444723601 0.9428232295986068 0.31054200651725683
vn -0.7078899623767121 0.7062709810421742 -0.008550000235195065
vn -0.5810439874569105 0.813860969301278 -0.004266999901312727
vn -0.7585623741137781 0.6515642898197942 -0.006863003023138032
vn -0.9958885874625221 0.09035195716325095 -0.006514997979467668
vn -0.9998949644887902 -0.013353999542160036 -0.005632999750452863
vn -0.9941172397832606 -0.10827699179514713 0.002647000850968847
vn 0.8319439369822439 -0.5104379932049723 -0.21753698722599973
vn 0.8425412582534691 -0.5361811992815065 -0.051322019423501945
vn 0.9061849963291038 -0.3938040621936963 -0.15410098321479193
vn 0.09977601510568872 0.9503721521195697 0.2946820647498706
vn 0.05318798767913417 0.949629884639994 0.30882700685865566
vn -0.02038899816699593 0.9287510296358279 0.37014296387225276
vn -0.07039596366103965 0.9399485293414612 0.3339777993954958
vn -0.02286199827889439 0.92532501017195 0.3784850784178636
vn -0.04387100054467639 0.9391160040307772 0.34078800783547897
vn 0.05318798767913417 0.949629884639994 0.30882700685865566
vn 0.002277998968414732 0.9374635882369192 0.3480758989798921
vn -0.020069992671259272 0.926339795036104 0.376153930627668
vn 0.5913670759006582 0.8063111224858948 -0.012138998980213936
vn 0.6330968239799404 0.774062824340203 -0.0038929989699890716
vn 0.4496997462116383 0.8931796291274381 -0.000536999963010694
vn -0.8783917875859761 -0.4779409440636213 -0.0005670000774952466
vn -0.9310390630108498 -0.36444197836004516 -0.018662999675699083
vn -0.831544286578551 -0.5554581924164531 -0.0005440000138100464
vn -0.43953408156073076 0.8982241415654174 -0.0017839998973046937
vn -0.22231308488589396 0.9749734069139225 -0.0019360008202574496
vn -0.42707199603171236 0.9042121329666335 -0.0031510000666728787
vn 0.48164306819300995 0.8763660018496906 0.0016079998792059354
vn 0.28040989127913635 0.9598755458058726 -0.0030379987986717157
vn 0.4496997462116383 0.8931796291274381 -0.000536999963010694
vn 0.28040989127913635 0.9598755458058726 -0.0030379987986717157
vn 0.10315299941857517 0.994641498516366 -0.0069100028993679015
vn 0.1251220060720966 0.9919891575234505 0.017378001968267366
vn -0.059175011876326025 0.9980572052536215 0.019497000045324276
vn -0.03264401493049792 0.9994534939904145 -0.005204002264626123
vn -0.22231308488589396 0.9749734069139225 -0.0019360008202574496
vn -0.0006859999263481065 0.00023999997346891642 -0.999999735902022
vn -0.00011800000009421913 0.00021199999276999635 -0.999999970566001
vn 0.000398000007453596 0.00024799999894068597 -0.9999998900459912
vn 0.0008280000288737698 0.001147000017220932 -0.9999989994029557
vn -0.0006859999263481065 0.00023999997346891642 -0.999999735902022
vn 0.000398000007453596 0.00024799999894068597 -0.9999998900459912
vn 0.000280999974895165 0 -0.9999999605195062
vn 0.0008280000288737698 0.001147000017220932 -0.9999989994029557
vn 0.000398000007453596 0.00024799999894068597 -0.9999998900459912
vn 0.0006730000152766194 0.002389000076369993 -0.9999969198700637
vn 0.000280999974895165 0 -0.9999999605195062
vn 0.000398000007453596 0.00024799999894068597 -0.9999998900459912
vn 0.0019290000879610076 0.002973999001513339 -0.9999937171245625
vn 0.0006730000152766194 0.002389000076369993 -0.9999969198700637
vn 0.000398000007453596 0.00024799999894068597 -0.9999998900459912
vn 0.0016509999373221312 -0.003649999950419085 -0.9999919758175907
vn 0.0019290000879610076 0.002973999001513339 -0.9999937171245625
vn 0.000398000007453596 0.00024799999894068597 -0.9999998900459912
vn 0.0007079999469717011 -0.0030400008969982176 -0.9999951285534451
vn 0.0016509999373221312 -0.003649999950419085 -0.9999919758175907
vn 0.000398000007453596 0.00024799999894068597 -0.9999998900459912
vn 0 -0.0003749999768924436 -0.9999999296875063
vn 0.0007079999469717011 -0.0030400008969982176 -0.9999951285534451
vn 0.000398000007453596 0.00024799999894068597 -0.9999998900459912
vn -0.0033939989446616684 0.002628998968155507 -0.999990784525332
vn 0 -0.0003749999768924436 -0.9999999296875063
vn 0.000398000007453596 0.00024799999894068597 -0.9999998900459912
vn -0.0031579990211980293 0.0038709981910736925 -0.9999875211297324
vn -0.0033939989446616684 0.002628998968155507 -0.999990784525332
vn 0.000398000007453596 0.00024799999894068597 -0.9999998900459912
vn 0.005223001304031857 0.0013730008896583148 -0.9999854174566422
vn -0.0031579990211980293 0.0038709981910736925 -0.9999875211297324
vn 0.000398000007453596 0.00024799999894068597 -0.9999998900459912
vn 0.005812000198129482 -0.00011700000686282666 -0.9999831033395989
vn 0.005223001304031857 0.0013730008896583148 -0.9999854174566422
vn 0.000398000007453596 0.00024799999894068597 -0.9999998900459912
vn 0 -0.0005249999715137328 -0.9999998621875054
vn 0.005812000198129482 -0.00011700000686282666 -0.9999831033395989
vn 0.000398000007453596 0.00024799999894068597 -0.9999998900459912
vn 0.0003459999822436306 -0.00037600000661151676 -0.999999869453995
vn 0 -0.0005249999715137328 -0.9999998621875054
vn 0.000398000007453596 0.00024799999894068597 -0.9999998900459912
vn 0.0004889999767476028 -0.00029499999234080274 -0.9999998369270002
vn 0.0003459999822436306 -0.00037600000661151676 -0.999999869453995
vn 0.000398000007453596 0.00024799999894068597 -0.9999998900459912
vn 0.00043399996928048456 -0.0003619999769250713 -0.999999840300009
vn 0.0004889999767476028 -0.00029499999234080274 -0.9999998369270002
vn 0.000398000007453596 0.00024799999894068597 -0.9999998900459912
vn 0.00040999998845634724 -0.0004059999872912392 -0.9999998335319961
vn 0.00043399996928048456 -0.0003619999769250713 -0.999999840300009
vn 0.000398000007453596 0.00024799999894068597 -0.9999998900459912
vn 0.00021599997947711744 -0.0013909998634573887 -0.9999990092312036
vn 0.00040999998845634724 -0.0004059999872912392 -0.9999998335319961
vn 0.000398000007453596 0.00024799999894068597 -0.9999998900459912
vn 0 -0.0009020000091772769 -0.999999593197909
vn 0.00021599997947711744 -0.0013909998634573887 -0.9999990092312036
vn 0.000398000007453596 0.00024799999894068597 -0.9999998900459912
vn 0.0001279999986282551 0 -0.9999999918080001
vn 0 -0.0009020000091772769 -0.999999593197909
vn 0.000398000007453596 0.00024799999894068597 -0.9999998900459912
vn 0 -0.00018800000211472502 -0.9999999823279996
vn 0.0001279999986282551 0 -0.9999999918080001
vn 0.000398000007453596 0.00024799999894068597 -0.9999998900459912
vn 0 0 -1
vn 0 -0.00018800000211472502 -0.9999999823279996
vn 0.000398000007453596 0.00024799999894068597 -0.9999998900459912
vn -0.00016900000386743473 0 -0.9999999857194992
vn 0 0 -1
vn 0.000398000007453596 0.00024799999894068597 -0.9999998900459912
vn 0 0.0001639999951067312 -0.9999999865520006
vn -0.00016900000386743473 0 -0.9999999857194992
vn 0.000398000007453596 0.00024799999894068597 -0.9999998900459912
vn -0.0005529999920710013 0.00018199999425903146 -0.9999998305334911
vn 0 0.0001639999951067312 -0.9999999865520006
vn 0.000398000007453596 0.00024799999894068597 -0.9999998900459912
vn -0.00011800000009421913 0.00021199999276999635 -0.999999970566001
vn 0.00019699999929560232 0.0004680000083726007 -0.999999871083488
vn 0.000398000007453596 0.00024799999894068597 -0.9999998900459912
vn 0.00019699999929560232 0.0004680000083726007 -0.999999871083488
vn -0.0012709999632302385 0.0005049999828258391 -0.9999990647666179
vn 0.000398000007453596 0.00024799999894068597 -0.9999998900459912
vn -0.0012709999632302385 0.0005049999828258391 -0.9999990647666179
vn -0.0005529999920710013 0.00018199999425903146 -0.9999998305334911
vn 0.000398000007453596 0.00024799999894068597 -0.9999998900459912
vn 0.7725981803315154 0.6348951835850114 -0.00039699998245346937
vn 0.6830068543266071 0.730386882515785 0.006052998574742387
vn 0.5915159928414914 0.7983578701177247 0.1128429946156822
vn 0.5915159928414914 0.7983578701177247 0.1128429946156822
vn 0.6830068543266071 0.730386882515785 0.006052998574742387
vn 0.2206509807564652 0.9365498171503411 0.27237397945999275
vn 0.10143298564104873 0.9948423741598178 0
vn 0.30349682354008045 0.9528324501721597 0
vn 0.16600807921463215 0.9861243925770565 0
vn 0.30349682354008045 0.9528324501721597 0
vn 0.3034958911674031 0.9528327471516204 0
vn 0.16600807921463215 0.9861243925770565 0
vn -0.04447397609235947 0.9990105432129015 0
vn 0.10143298564104873 0.9948423741598178 0
vn -0.04447397609235947 0.9990105432129015 0
vn 0.10143298564104873 0.9948423741598178 0
vn 0.16600807921463215 0.9861243925770565 0
vn -0.04447397609235947 0.9990105432129015 0
vn -0.21023207536515365 0.9776515097352738 0
vn -0.04447397609235947 0.9990105432129015 0
vn -0.04447397609235947 0.9990105432129015 0
vn -0.21023207536515365 0.9776515097352738 0
vn -0.04447397609235947 0.9990105432129015 0
vn -0.21023191471329913 0.9776515442814889 0
vn 0.30349682354008045 0.9528324501721597 0
vn 0.4746518000733784 0.8801736582556318 0
vn 0.4746518000733784 0.8801736582556318 0
vn 0.30349682354008045 0.9528324501721597 0
vn 0.4746518000733784 0.8801736582556318 0
vn 0.3034958911674031 0.9528327471516204 0
vn 0.4746518000733784 0.8801736582556318 0
vn 0.6545798519049381 0.7559928686701413 0
vn 0.4746518000733784 0.8801736582556318 0
vn 0.6545798519049381 0.7559928686701413 0
vn 0.6545803695352295 0.7559924204772973 0
vn 0.4746518000733784 0.8801736582556318 0
vn 0.6545798519049381 0.7559928686701413 0
vn 0.7994708147943183 0.6007049328015451 0
vn 0.7994708147943183 0.6007049328015451 0
vn 0.6545798519049381 0.7559928686701413 0
vn 0.7994708147943183 0.6007049328015451 0
vn 0.6545803695352295 0.7559924204772973 0
vn 0.7994708147943183 0.6007049328015451 0
vn 0.9079147465237881 0.4191548795429271 0
vn 0.7994708147943183 0.6007049328015451 0
vn 0.9079147465237881 0.4191548795429271 0
vn 0.9079147465237881 0.4191548795429271 0
vn 0.7994708147943183 0.6007049328015451 0
vn 0.9079147465237881 0.4191548795429271 0
vn 0.9782498641981942 0.20742999589310748 0
vn 0.9782496750807783 0.20743088777795787 0
vn 0.9079147465237881 0.4191548795429271 0
vn 0.9782496750807783 0.20743088777795787 0
vn 0.9079147465237881 0.4191548795429271 0
vn 0.9782498641981942 0.20742999589310748 0
vn 0.9992073868271171 0.039807010816235916 0
vn 0.9782496750807783 0.20743088777795787 0
vn 0.9992073868271171 0.039807010816235916 0
vn 0.9992073868271171 0.039807010816235916 0
vn 0.9782496750807783 0.20743088777795787 0
vn 0.9992073868271171 0.039807010816235916 0
vn 0.978171311324891 -0.20780010996374165 0
vn 0.9901081921863788 -0.14030597907937112 0
vn 0.9992073868271171 0.039807010816235916 0
vn 0.9901081921863788 -0.14030597907937112 0
vn 0.9992073868271171 0.039807010816235916 0
vn 0.978171311324891 -0.20780010996374165 0
vn 0.9173646480750318 -0.3980478645366322 0
vn 0.9415207936831763 -0.33695488579660327 0
vn 0.978171311324891 -0.20780010996374165 0
vn 0.9415207936831763 -0.33695488579660327 0
vn 0.9901081921863788 -0.14030597907937112 0
vn 0.9173646480750318 -0.3980478645366322 0
vn 0.8298064740087021 -0.5580512661872966 0
vn 0.8595991402692642 -0.5109689991069337 0
vn 0.9173646480750318 -0.3980478645366322 0
vn 0.8595991402692642 -0.5109689991069337 0
vn 0.9415207936831763 -0.33695488579660327 0
vn 0.8298064740087021 -0.5580512661872966 0
vn 0.7240291892701984 -0.6897693332446282 0
vn 0.7240291892701984 -0.6897693332446282 0
vn 0.8298064740087021 -0.5580512661872966 0
vn 0.7240291892701984 -0.6897693332446282 0
vn 0.8595991402692642 -0.5109689991069337 0
vn 0.7240291892701984 -0.6897693332446282 0
vn 0.5286339962647375 -0.8488498677582353 0
vn 0.7240291892701984 -0.6897693332446282 0
vn 0.5286339962647375 -0.8488498677582353 0
vn 0.5286339962647375 -0.8488498677582353 0
vn 0.7240291892701984 -0.6897693332446282 0
vn 0.5286339962647375 -0.8488498677582353 0
vn 0.28402886325712967 -0.9588157303866384 0
vn 0.3596060840004705 -0.933104208730111 0
vn 0.5286339962647375 -0.8488498677582353 0
vn 0.3596060840004705 -0.933104208730111 0
vn 0.5286339962647375 -0.8488498677582353 0
vn 0.28402886325712967 -0.9588157303866384 0
vn 0.06216498823422237 -0.9980658867218333 0
vn 0.06216399745103861 -0.9980659484327212 0
vn 0.28402886325712967 -0.9588157303866384 0
vn 0.06216399745103861 -0.9980659484327212 0
vn 0.3596060840004705 -0.933104208730111 0
vn 0.06216498823422237 -0.9980658867218333 0
vn -0.2062620090484701 -0.9784967979627163 0
vn 0.06216399745103861 -0.9980659484327212 0
vn -0.2062620090484701 -0.9784967979627163 0
vn -0.2062620090484701 -0.9784967979627163 0
vn 0.06216399745103861 -0.9980659484327212 0
vn -0.2062620090484701 -0.9784967979627163 0
vn -0.5013529929845832 -0.8652428424583473 0
vn -0.4136019210116598 -0.9104578249075927 0
vn -0.2062620090484701 -0.9784967979627163 0
vn -0.4136019210116598 -0.9104578249075927 0
vn -0.2062620090484701 -0.9784967979627163 0
vn -0.5013529929845832 -0.8652428424583473 0
vn -0.6745151486403254 -0.7382610068632365 0
vn -0.674516178610945 -0.7382600658251044 0
vn -0.5013529929845832 -0.8652428424583473 0
vn -0.674516178610945 -0.7382600658251044 0
vn -0.4136019210116598 -0.9104578249075927 0
vn -0.6745151486403254 -0.7382610068632365 0
vn -0.8546395521634267 -0.5192217598270484 0
vn -0.674516178610945 -0.7382600658251044 0
vn -0.8546395521634267 -0.5192217598270484 0
vn -0.854640008487647 -0.5192210087161677 0
vn -0.674516178610945 -0.7382600658251044 0
vn -0.8546395521634267 -0.5192217598270484 0
vn -0.9485701405650976 -0.316567036231366 0
vn -0.9485704538087073 -0.31656609761808496 0
vn -0.8546395521634267 -0.5192217598270484 0
vn -0.9485704538087073 -0.31656609761808496 0
vn -0.854640008487647 -0.5192210087161677 0
vn -0.9485701405650976 -0.316567036231366 0
vn -0.9922722187429438 -0.12407998997000011 0
vn -0.9485704538087073 -0.31656609761808496 0
vn -0.9922722187429438 -0.12407998997000011 0
vn -0.9992438096332622 -0.03888198695546678 0
vn -0.9485704538087073 -0.31656609761808496 0
vn -0.9922722187429438 -0.12407998997000011 0
vn -0.9858618810920625 0.16755999346389258 0
vn -0.9992438096332622 -0.03888198695546678 0
vn -0.9858618810920625 0.16755999346389258 0
vn -0.9858615542989486 0.16756191618402114 0
vn -0.9992438096332622 -0.03888198695546678 0
vn -0.9858618810920625 0.16755999346389258 0
vn -0.9111206014777063 0.4121398422415658 0
vn -0.9111200414001343 0.4121410804069617 0
vn -0.9858618810920625 0.16755999346389258 0
vn -0.9111200414001343 0.4121410804069617 0
vn -0.9858615542989486 0.16756191618402114 0
vn -0.9111206014777063 0.4121398422415658 0
vn -0.7825857142761606 0.62254284977893 0
vn -0.9111200414001343 0.4121410804069617 0
vn -0.7825857142761606 0.62254284977893 0
vn -0.7825871167514035 0.6225410867522926 0
vn -0.9111200414001343 0.4121410804069617 0
vn -0.7825857142761606 0.62254284977893 0
vn -0.5623490099794806 0.8268999884962499 0
vn -0.6308261637163514 0.7759241916391776 0
vn -0.7825857142761606 0.62254284977893 0
vn -0.6308261637163514 0.7759241916391776 0
vn -0.7825871167514035 0.6225410867522926 0
vn -0.5623490099794806 0.8268999884962499 0
vn -0.4056191220395565 0.9140421914965737 0
vn -0.4056207843686223 0.9140414538127819 0
vn -0.5623490099794806 0.8268999884962499 0
vn -0.4056207843686223 0.9140414538127819 0
vn -0.6308261637163514 0.7759241916391776 0
vn -0.4056191220395565 0.9140421914965737 0
vn -0.21023207536515365 0.9776515097352738 0
vn -0.4056207843686223 0.9140414538127819 0
vn -0.21023207536515365 0.9776515097352738 0
vn -0.21023191471329913 0.9776515442814889 0
vn -0.4056207843686223 0.9140414538127819 0
vn 0 -0.0029659991047551633 -0.9999956014149814
vn -0.0009159999022652315 -0.0012239998897370012 -0.9999988313835417
vn -0.001085999961601981 -0.0017179999763461355 -0.9999979345379493
vn -0.0009159999022652315 -0.0012239998897370012 -0.9999988313835417
vn -0.0007869999650742473 -0.0010059999356816464 -0.9999991842972595
vn -0.001085999961601981 -0.0017179999763461355 -0.9999979345379493
vn 0.0031459997193214 -0.005318999791807993 -0.9999809052811863
vn 0 -0.0029659991047551633 -0.9999956014149814
vn 0.0007079999042962029 -0.003597000706293045 -0.999993280138449
vn 0 -0.0029659991047551633 -0.9999956014149814
vn -0.001085999961601981 -0.0017179999763461355 -0.9999979345379493
vn 0.0007079999042962029 -0.003597000706293045 -0.999993280138449
vn 0.004556999074296153 -0.008698998015545464 -0.9999517794338698
vn 0.0031459997193214 -0.005318999791807993 -0.9999809052811863
vn 0.003259001199048244 -0.006688002302469344 -0.9999723243852234
vn 0.0031459997193214 -0.005318999791807993 -0.9999809052811863
vn 0.0007079999042962029 -0.003597000706293045 -0.999993280138449
vn 0.003259001199048244 -0.006688002302469344 -0.9999723243852234
vn -0.0009159999022652315 -0.0012239998897370012 -0.9999988313835417
vn -0.00225600110718453 -0.00040099999647904183 -0.9999973748255578
vn -0.0007869999650742473 -0.0010059999356816464 -0.9999991842972595
vn -0.00225600110718453 -0.00040099999647904183 -0.9999973748255578
vn -0.0035550000316532998 -0.0018309999570965659 -0.9999920046750035
vn -0.0007869999650742473 -0.0010059999356816464 -0.9999991842972595
vn -0.00225600110718453 -0.00040099999647904183 -0.9999973748255578
vn -0.004868998799524322 -0.0029749987063955046 -0.9999837209841903
vn -0.0035550000316532998 -0.0018309999570965659 -0.9999920046750035
vn -0.004868998799524322 -0.0029749987063955046 -0.9999837209841903
vn -0.004752001726530219 -0.004958001412344633 -0.9999764180727395
vn -0.0035550000316532998 -0.0018309999570965659 -0.9999920046750035
vn -0.004868998799524322 -0.0029749987063955046 -0.9999837209841903
vn -0.0056670017922077175 -0.003922000890545019 -0.9999762512178485
vn -0.004752001726530219 -0.004958001412344633 -0.9999764180727395
vn -0.0056670017922077175 -0.003922000890545019 -0.9999762512178485
vn -0.0066990026656669425 -0.0037650018099308655 -0.9999704736264248
vn -0.004752001726530219 -0.004958001412344633 -0.9999764180727395
vn -0.0056670017922077175 -0.003922000890545019 -0.9999762512178485
vn -0.008324998413319833 -0.0023070000994640234 -0.9999626853797892
vn -0.0066990026656669425 -0.0037650018099308655 -0.9999704736264248
vn -0.008324998413319833 -0.0023070000994640234 -0.9999626853797892
vn -0.009716000770564864 -0.003043000582195497 -0.9999481683949841
vn -0.0066990026656669425 -0.0037650018099308655 -0.9999704736264248
vn -0.008324998413319833 -0.0023070000994640234 -0.9999626853797892
vn -0.010295000303555854 -0.002566999151129479 -0.9999437101577809
vn -0.009716000770564864 -0.003043000582195497 -0.9999481683949841
vn -0.010295000303555854 -0.002566999151129479 -0.9999437101577809
vn -0.011988999638237545 -0.002630998943980594 -0.9999246680286625
vn -0.009716000770564864 -0.003043000582195497 -0.9999481683949841
vn -0.010295000303555854 -0.002566999151129479 -0.9999437101577809
vn -0.008653996427145027 -0.0019749987413328163 -0.9999606030868469
vn -0.009489997581891231 -0.002551998771117902 -0.9999517124582405
vn -0.010295000303555854 -0.002566999151129479 -0.9999437101577809
vn -0.009489997581891231 -0.002551998771117902 -0.9999517124582405
vn -0.011988999638237545 -0.002630998943980594 -0.9999246680286625
vn -0.008653996427145027 -0.0019749987413328163 -0.9999606030868469
vn -0.009756998914359745 0.0022559999081455317 -0.9999498544610123
vn -0.009088997367263915 0.0003370000260616523 -0.9999586374234888
vn -0.008653996427145027 -0.0019749987413328163 -0.9999606030868469
vn -0.009088997367263915 0.0003370000260616523 -0.9999586374234888
vn -0.009489997581891231 -0.002551998771117902 -0.9999517124582405
vn -0.009756998914359745 0.0022559999081455317 -0.9999498544610123
vn -0.01039999996383937 0.006457000930811495 -0.9999250707626706
vn -0.009758003616977134 0.0037800009324568803 -0.9999452449801248
vn -0.009756998914359745 0.0022559999081455317 -0.9999498544610123
vn -0.009758003616977134 0.0037800009324568803 -0.9999452449801248
vn -0.009088997367263915 0.0003370000260616523 -0.9999586374234888
vn -0.01039999996383937 0.006457000930811495 -0.9999250707626706
vn -0.011685999482284748 0.009245999646168967 -0.9998889682893013
vn -0.01102999870654987 0.008154999659225308 -0.9999059131283762
vn -0.01039999996383937 0.006457000930811495 -0.9999250707626706
vn -0.01102999870654987 0.008154999659225308 -0.9999059131283762
vn -0.009758003616977134 0.0037800009324568803 -0.9999452449801248
vn -0.011685999482284748 0.009245999646168967 -0.9998889682893013
vn -0.010113999477288131 0.010276999542990384 -0.999896039743616
vn -0.011042009363240957 0.009656004016660773 -0.9998924120202395
vn -0.011685999482284748 0.009245999646168967 -0.9998889682893013
vn -0.011042009363240957 0.009656004016660773 -0.9998924120202395
vn -0.01102999870654987 0.008154999659225308 -0.9999059131283762
vn -0.010113999477288131 0.010276999542990384 -0.999896039743616
vn -0.006887001241213851 0.01242200051932503 -0.9998991264707662
vn -0.008054995980211536 0.011577990007950796 -0.9999005286462922
vn -0.010113999477288131 0.010276999542990384 -0.999896039743616
vn -0.008054995980211536 0.011577990007950796 -0.9999005286462922
vn -0.011042009363240957 0.009656004016660773 -0.9998924120202395
vn -0.006887001241213851 0.01242200051932503 -0.9998991264707662
vn -0.004365001346642526 0.013645008635789702 -0.9998973749853397
vn -0.005073998173734983 0.01345998993455524 -0.9998965362543739
vn -0.006887001241213851 0.01242200051932503 -0.9998991264707662
vn -0.005073998173734983 0.01345998993455524 -0.9998965362543739
vn -0.008054995980211536 0.011577990007950796 -0.9999005286462922
vn -0.004365001346642526 0.013645008635789702 -0.9998973749853397
vn 0.0025519999902004617 0.008590998665367368 -0.9999598402125867
vn 0.001677999717814622 0.013477997679876556 -0.9999077596936071
vn -0.004365001346642526 0.013645008635789702 -0.9998973749853397
vn 0.001677999717814622 0.013477997679876556 -0.9999077596936071
vn -0.005073998173734983 0.01345998993455524 -0.9998965362543739
vn 0.0025519999902004617 0.008590998665367368 -0.9999598402125867
vn -0.00024199997747639603 0.0005669999698974719 -0.9999998099735045
vn 0.0035619979518050327 0.004282997840319098 -0.9999844839296714
vn 0.0025519999902004617 0.008590998665367368 -0.9999598402125867
vn 0.0035619979518050327 0.004282997840319098 -0.9999844839296714
vn 0.001677999717814622 0.013477997679876556 -0.9999077596936071
vn -0.00024199997747639603 0.0005669999698974719 -0.9999998099735045
vn 0.0008859999124895493 0.005212999398653212 -0.9999860197229883
vn -0.002614999841482087 0.0017919999923832735 -0.999994975243304
vn -0.00024199997747639603 0.0005669999698974719 -0.9999998099735045
vn -0.002614999841482087 0.0017919999923832735 -0.999994975243304
vn 0.0035619979518050327 0.004282997840319098 -0.9999844839296714
vn 0.0008859999124895493 0.005212999398653212 -0.9999860197229883
vn 0.009804005224885774 0.009938004841277022 -0.9999025540228033
vn 0.005339997469303188 0.007757996629984853 -0.9999556479741073
vn 0.0008859999124895493 0.005212999398653212 -0.9999860197229883
vn 0.005339997469303188 0.007757996629984853 -0.9999556479741073
vn -0.002614999841482087 0.0017919999923832735 -0.999994975243304
vn 0.009804005224885774 0.009938004841277022 -0.9999025540228033
vn 0.010205999830248063 0.0075830020066276725 -0.9999191645568317
vn 0.005339997469303188 0.007757996629984853 -0.9999556479741073
vn 0.010205999830248063 0.0075830020066276725 -0.9999191645568317
vn 0.009478995818080085 0.006086997377286946 -0.9999365465374339
vn 0.005339997469303188 0.007757996629984853 -0.9999556479741073
vn 0.010205999830248063 0.0075830020066276725 -0.9999191645568317
vn 0.009012998667589738 0.005203999845139962 -0.9999458406536975
vn 0.009478995818080085 0.006086997377286946 -0.9999365465374339
vn 0.009012998667589738 0.005203999845139962 -0.9999458406536975
vn 0.0060870010213179195 0.0006890000160582042 -0.999981236672741
vn 0.009478995818080085 0.006086997377286946 -0.9999365465374339
vn 0.009012998667589738 0.005203999845139962 -0.9999458406536975
vn 0.0030869989411922588 -0.0009579999822531382 -0.9999947763231422
vn 0.0060870010213179195 0.0006890000160582042 -0.999981236672741
vn 0.0030869989411922588 -0.0009579999822531382 -0.9999947763231422
vn 0 -0.002620999217357915 -0.9999965651756523
vn 0.0060870010213179195 0.0006890000160582042 -0.999981236672741
vn 0.0030869989411922588 -0.0009579999822531382 -0.9999947763231422
vn -0.0002859999854967335 -0.0004719999986556236 -0.9999998477099932
vn 0 -0.002620999217357915 -0.9999965651756523
vn -0.0002859999854967335 -0.0004719999986556236 -0.9999998477099932
vn 0.0030549992639017087 0.001171999111753018 -0.9999946466844609
vn 0 -0.002620999217357915 -0.9999965651756523
vn -0.0002859999854967335 -0.0004719999986556236 -0.9999998477099932
vn 0.005446000002519488 -0.00038899999186458337 -0.9999850947704065
vn 0.0030549992639017087 0.001171999111753018 -0.9999946466844609
vn 0.005446000002519488 -0.00038899999186458337 -0.9999850947704065
vn 0.006993998411920242 -0.0018439998595670827 -0.9999738414832321
vn 0.0030549992639017087 0.001171999111753018 -0.9999946466844609
vn 0.005446000002519488 -0.00038899999186458337 -0.9999850947704065
vn 0.005264002294293612 -0.004398002773158076 -0.9999764736489819
vn 0.006993998411920242 -0.0018439998595670827 -0.9999738414832321
vn 0.005264002294293612 -0.004398002773158076 -0.9999764736489819
vn 0.005363000501652835 -0.004559000511278446 -0.9999752265631171
vn 0.006993998411920242 -0.0018439998595670827 -0.9999738414832321
vn 0.005264002294293612 -0.004398002773158076 -0.9999764736489819
vn 0.004887002051431358 -0.006144002075977628 -0.9999691837498992
vn 0.005363000501652835 -0.004559000511278446 -0.9999752265631171
vn 0.004887002051431358 -0.006144002075977628 -0.9999691837498992
vn 0.0054330016088920555 -0.008124001639026966 -0.9999522404049538
vn 0.005363000501652835 -0.004559000511278446 -0.9999752265631171
vn 0.004887002051431358 -0.006144002075977628 -0.9999691837498992
vn 0.004668001127409721 -0.01000100010667517 -0.9999390930263405
vn 0.0054330016088920555 -0.008124001639026966 -0.9999522404049538
vn 0.004668001127409721 -0.01000100010667517 -0.9999390930263405
vn 0.00452399918116854 -0.009915996613501525 -0.9999406014571913
vn 0.0054330016088920555 -0.008124001639026966 -0.9999522404049538
vn 0.004668001127409721 -0.01000100010667517 -0.9999390930263405
vn 0.004556999074296153 -0.008698998015545464 -0.9999517794338698
vn 0.00452399918116854 -0.009915996613501525 -0.9999406014571913
vn 0.004556999074296153 -0.008698998015545464 -0.9999517794338698
vn 0.003259001199048244 -0.006688002302469344 -0.9999723243852234
vn 0.00452399918116854 -0.009915996613501525 -0.9999406014571913
vn 0.10315299941857517 0.994641498516366 -0.0069100028993679015
vn 0.28040989127913635 0.9598755458058726 -0.0030379987986717157
vn 0.12433898751600242 0.9922397977220503 0
vn 0.28040989127913635 0.9598755458058726 -0.0030379987986717157
vn 0.3226078946570745 0.9465326969021883 0
vn 0.12433898751600242 0.9922397977220503 0
vn -0.03264401493049792 0.9994534939904145 -0.005204002264626123
vn 0.10315299941857517 0.994641498516366 -0.0069100028993679015
vn 0.12433898751600242 0.9922397977220503 0
vn -0.03264401493049792 0.9994534939904145 -0.005204002264626123
vn 0.12433898751600242 0.9922397977220503 0
vn -0.0749480385187292 0.9971874405156711 0
vn -0.22231308488589396 0.9749734069139225 -0.0019360008202574496
vn -0.03264401493049792 0.9994534939904145 -0.005204002264626123
vn -0.0749480385187292 0.9971874405156711 0
vn -0.22231308488589396 0.9749734069139225 -0.0019360008202574496
vn -0.0749480385187292 0.9971874405156711 0
vn -0.2572450607729713 0.9663462002346315 0
vn 0.28040989127913635 0.9598755458058726 -0.0030379987986717157
vn 0.48164306819300995 0.8763660018496906 0.0016079998792059354
vn 0.3226078946570745 0.9465326969021883 0
vn 0.48164306819300995 0.8763660018496906 0.0016079998792059354
vn 0.5064791154596037 0.8622522285290177 0
vn 0.3226078946570745 0.9465326969021883 0
vn 0.48164306819300995 0.8763660018496906 0.0016079998792059354
vn 0.6578736988487265 0.7531197170904711 -0.0035899989782796596
vn 0.5064791154596037 0.8622522285290177 0
vn 0.6578736988487265 0.7531197170904711 -0.0035899989782796596
vn 0.6492764589422 0.7605524833063645 0
vn 0.5064791154596037 0.8622522285290177 0
vn 0.6578736988487265 0.7531197170904711 -0.0035899989782796596
vn 0.8038767181484724 0.5947898489294496 -0.002693998760990133
vn 0.792073191681959 0.6104261290432731 0
vn 0.6578736988487265 0.7531197170904711 -0.0035899989782796596
vn 0.792073191681959 0.6104261290432731 0
vn 0.6492764589422 0.7605524833063645 0
vn 0.8038767181484724 0.5947898489294496 -0.002693998760990133
vn 0.9066937924971367 0.4217858800366788 -0.0017429999551784486
vn 0.792073191681959 0.6104261290432731 0
vn 0.9066937924971367 0.4217858800366788 -0.0017429999551784486
vn 0.922337138047809 0.3863860812422945 0
vn 0.792073191681959 0.6104261290432731 0
vn 0.9066937924971367 0.4217858800366788 -0.0017429999551784486
vn 0.9826568671358974 0.18537999142895284 -0.0044429999397270934
vn 0.922337138047809 0.3863860812422945 0
vn 0.9826568671358974 0.18537999142895284 -0.0044429999397270934
vn 0.9802302680629056 0.19786010606821283 0
vn 0.922337138047809 0.3863860812422945 0
vn 0.9826568671358974 0.18537999142895284 -0.0044429999397270934
vn 0.9998866852037614 -0.015048998380660364 -0.00037999996450405416
vn 0.9987379786578892 0.05022399811199366 0
vn 0.9826568671358974 0.18537999142895284 -0.0044429999397270934
vn 0.9987379786578892 0.05022399811199366 0
vn 0.9802302680629056 0.19786010606821283 0
vn 0.9998866852037614 -0.015048998380660364 -0.00037999996450405416
vn 0.9826353017172084 -0.18537908827697172 0.007903002513580367
vn 0.982724024587985 -0.18507698802820757 0
vn 0.9998866852037614 -0.015048998380660364 -0.00037999996450405416
vn 0.982724024587985 -0.18507698802820757 0
vn 0.9987379786578892 0.05022399811199366 0
vn 0.9826353017172084 -0.18537908827697172 0.007903002513580367
vn 0.9329366591221196 -0.3600168856419361 0.004126998756859203
vn 0.982724024587985 -0.18507698802820757 0
vn 0.9329366591221196 -0.3600168856419361 0.004126998756859203
vn 0.9183103606091725 -0.3958611898100792 0
vn 0.982724024587985 -0.18507698802820757 0
vn 0.9329366591221196 -0.3600168856419361 0.004126998756859203
vn 0.833864614075608 -0.5519417625292276 0.005485997508855466
vn 0.9183103606091725 -0.3958611898100792 0
vn 0.833864614075608 -0.5519417625292276 0.005485997508855466
vn 0.839706132060955 -0.543041077432665 0
vn 0.9183103606091725 -0.3958611898100792 0
vn 0.833864614075608 -0.5519417625292276 0.005485997508855466
vn 0.6919190132050664 -0.7219750122852844 0.0004009999884953973
vn 0.7365289672890816 -0.6764060025931757 0
vn 0.833864614075608 -0.5519417625292276 0.005485997508855466
vn 0.7365289672890816 -0.6764060025931757 0
vn 0.839706132060955 -0.543041077432665 0
vn 0.6919190132050664 -0.7219750122852844 0.0004009999884953973
vn 0.4988209696810742 -0.8666770695606776 -0.006964000585073091
vn 0.5209768816970549 -0.8535707871859326 0
vn 0.6919190132050664 -0.7219750122852844 0.0004009999884953973
vn 0.5209768816970549 -0.8535707871859326 0
vn 0.7365289672890816 -0.6764060025931757 0
vn 0.4988209696810742 -0.8666770695606776 -0.006964000585073091
vn 0.3085918284681644 -0.9511815194910731 -0.004979998125364752
vn 0.5209768816970549 -0.8535707871859326 0
vn 0.3085918284681644 -0.9511815194910731 -0.004979998125364752
vn 0.3090399947900426 -0.9510490426997812 0
vn 0.5209768816970549 -0.8535707871859326 0
vn 0.3085918284681644 -0.9511815194910731 -0.004979998125364752
vn 0.07532903259942152 -0.9971573768012322 -0.0016440007667552342
vn 0.049965996759353155 -0.9987509194828531 0
vn 0.3085918284681644 -0.9511815194910731 -0.004979998125364752
vn 0.049965996759353155 -0.9987509194828531 0
vn 0.3090399947900426 -0.9510490426997812 0
vn 0.07532903259942152 -0.9971573768012322 -0.0016440007667552342
vn -0.1954228774847479 -0.9807175920435611 0.001703998785363885
vn 0.049965996759353155 -0.9987509194828531 0
vn -0.1954228774847479 -0.9807175920435611 0.001703998785363885
vn -0.2119629723883621 -0.9772776976562448 0
vn 0.049965996759353155 -0.9987509194828531 0
vn -0.1954228774847479 -0.9807175920435611 0.001703998785363885
vn -0.4688641603213925 -0.883267323192124 0.0022880006851615804
vn -0.46667296668534064 -0.8844299532269941 0
vn -0.1954228774847479 -0.9807175920435611 0.001703998785363885
vn -0.46667296668534064 -0.8844299532269941 0
vn -0.2119629723883621 -0.9772776976562448 0
vn -0.4688641603213925 -0.883267323192124 0.0022880006851615804
vn -0.6961332817818746 -0.7178531536793799 -0.009236002824038988
vn -0.46667296668534064 -0.8844299532269941 0
vn -0.6961332817818746 -0.7178531536793799 -0.009236002824038988
vn -0.682107145044599 -0.7312522428540692 0
vn -0.46667296668534064 -0.8844299532269941 0
vn -0.6961332817818746 -0.7178531536793799 -0.009236002824038988
vn -0.8714940929001102 -0.49033807498578263 -0.008162000946518238
vn -0.832231768845002 -0.5544278879395579 0
vn -0.6961332817818746 -0.7178531536793799 -0.009236002824038988
vn -0.832231768845002 -0.5544278879395579 0
vn -0.682107145044599 -0.7312522428540692 0
vn -0.8714940929001102 -0.49033807498578263 -0.008162000946518238
vn -0.9539411873871679 -0.2999880788475611 -0.0018339999208964312
vn -0.9323170443082047 -0.361641989946429 0
vn -0.8714940929001102 -0.49033807498578263 -0.008162000946518238
vn -0.9323170443082047 -0.361641989946429 0
vn -0.832231768845002 -0.5544278879395579 0
vn -0.9539411873871679 -0.2999880788475611 -0.0018339999208964312
vn -0.997389467880762 -0.07220003554888589 0.0011850009578541103
vn -0.9964117680802478 -0.08463798456481869 0
vn -0.9539411873871679 -0.2999880788475611 -0.0018339999208964312
vn -0.9964117680802478 -0.08463798456481869 0
vn -0.9323170443082047 -0.361641989946429 0
vn -0.997389467880762 -0.07220003554888589 0.0011850009578541103
vn -0.9892630366485932 0.1460149914174507 -0.006186000498380288
vn -0.9964117680802478 -0.08463798456481869 0
vn -0.9892630366485932 0.1460149914174507 -0.006186000498380288
vn -0.9825800237750957 0.18583997653393264 0
vn -0.9964117680802478 -0.08463798456481869 0
vn -0.9892630366485932 0.1460149914174507 -0.006186000498380288
vn -0.918896257364977 0.3944861374915224 0.003218000568276023
vn -0.9825800237750957 0.18583997653393264 0
vn -0.918896257364977 0.3944861374915224 0.003218000568276023
vn -0.8985710354685005 0.43882809187319216 0
vn -0.9825800237750957 0.18583997653393264 0
vn -0.918896257364977 0.3944861374915224 0.003218000568276023
vn -0.7916150908788072 0.6109740443604982 0.007501000647485058
vn -0.8985710354685005 0.43882809187319216 0
vn -0.7916150908788072 0.6109740443604982 0.007501000647485058
vn -0.7623499865640332 0.647164969683788 0
vn -0.8985710354685005 0.43882809187319216 0
vn -0.7916150908788072 0.6109740443604982 0.007501000647485058
vn -0.6093320094333977 0.7929079925440397 -0.0033789997985648936
vn -0.7623499865640332 0.647164969683788 0
vn -0.6093320094333977 0.7929079925440397 -0.0033789997985648936
vn -0.577025864463197 0.8167258730691103 0
vn -0.7623499865640332 0.647164969683788 0
vn -0.6093320094333977 0.7929079925440397 -0.0033789997985648936
vn -0.42707199603171236 0.9042121329666335 -0.0031510000666728787
vn -0.577025864463197 0.8167258730691103 0
vn -0.42707199603171236 0.9042121329666335 -0.0031510000666728787
vn -0.42684813348719924 0.9043233221246118 0
vn -0.577025864463197 0.8167258730691103 0
vn -0.42707199603171236 0.9042121329666335 -0.0031510000666728787
vn -0.22231308488589396 0.9749734069139225 -0.0019360008202574496
vn -0.2572450607729713 0.9663462002346315 0
vn -0.42707199603171236 0.9042121329666335 -0.0031510000666728787
vn -0.2572450607729713 0.9663462002346315 0
vn -0.42684813348719924 0.9043233221246118 0
vn 0.1251220060720966 0.9919891575234505 0.017378001968267366
vn 0.10315299941857517 0.994641498516366 -0.0069100028993679015
vn -0.059175011876326025 0.9980572052536215 0.019497000045324276
vn 0.10315299941857517 0.994641498516366 -0.0069100028993679015
vn -0.03264401493049792 0.9994534939904145 -0.005204002264626123
vn -0.059175011876326025 0.9980572052536215 0.019497000045324276
vn 0.48164306819300995 0.8763660018496906 0.0016079998792059354
vn 0.4496997462116383 0.8931796291274381 -0.000536999963010694
vn 0.6330968239799404 0.774062824340203 -0.0038929989699890716
vn 0.48164306819300995 0.8763660018496906 0.0016079998792059354
vn 0.6330968239799404 0.774062824340203 -0.0038929989699890716
vn 0.6578736988487265 0.7531197170904711 -0.0035899989782796596
vn -0.43953408156073076 0.8982241415654174 -0.0017839998973046937
vn -0.42707199603171236 0.9042121329666335 -0.0031510000666728787
vn -0.6093320094333977 0.7929079925440397 -0.0033789997985648936
vn -0.43953408156073076 0.8982241415654174 -0.0017839998973046937
vn -0.6093320094333977 0.7929079925440397 -0.0033789997985648936
vn -0.6578661202322987 0.7531311424465325 -0.002376999723113718
vn -0.6578661202322987 0.7531311424465325 -0.002376999723113718
vn -0.6093320094333977 0.7929079925440397 -0.0033789997985648936
vn -0.7916150908788072 0.6109740443604982 0.007501000647485058
vn -0.6578661202322987 0.7531311424465325 -0.002376999723113718
vn -0.7916150908788072 0.6109740443604982 0.007501000647485058
vn -0.818407971870958 0.5746209932982441 -0.004370999771761347
vn -0.818407971870958 0.5746209932982441 -0.004370999771761347
vn -0.7916150908788072 0.6109740443604982 0.007501000647485058
vn -0.918896257364977 0.3944861374915224 0.003218000568276023
vn -0.818407971870958 0.5746209932982441 -0.004370999771761347
vn -0.918896257364977 0.3944861374915224 0.003218000568276023
vn -0.9369256812401744 0.34940693203353895 -0.009222997318939925
vn -0.9369256812401744 0.34940693203353895 -0.009222997318939925
vn -0.918896257364977 0.3944861374915224 0.003218000568276023
vn -0.9892630366485932 0.1460149914174507 -0.006186000498380288
vn -0.9369256812401744 0.34940693203353895 -0.009222997318939925
vn -0.9892630366485932 0.1460149914174507 -0.006186000498380288
vn -0.996020419837459 0.08912404691132693 0.00047699995771177493
vn -0.996020419837459 0.08912404691132693 0.00047699995771177493
vn -0.9892630366485932 0.1460149914174507 -0.006186000498380288
vn -0.997389467880762 -0.07220003554888589 0.0011850009578541103
vn -0.996020419837459 0.08912404691132693 0.00047699995771177493
vn -0.997389467880762 -0.07220003554888589 0.0011850009578541103
vn -0.9889304074952985 -0.14838008333729621 0
vn -0.9889304074952985 -0.14838008333729621 0
vn -0.997389467880762 -0.07220003554888589 0.0011850009578541103
vn -0.9539411873871679 -0.2999880788475611 -0.0018339999208964312
vn -0.9889304074952985 -0.14838008333729621 0
vn -0.9539411873871679 -0.2999880788475611 -0.0018339999208964312
vn -0.9310390630108498 -0.36444197836004516 -0.018662999675699083
vn -0.9310390630108498 -0.36444197836004516 -0.018662999675699083
vn -0.9539411873871679 -0.2999880788475611 -0.0018339999208964312
vn -0.8714940929001102 -0.49033807498578263 -0.008162000946518238
vn -0.9310390630108498 -0.36444197836004516 -0.018662999675699083
vn -0.8714940929001102 -0.49033807498578263 -0.008162000946518238
vn -0.831544286578551 -0.5554581924164531 -0.0005440000138100464
vn -0.831544286578551 -0.5554581924164531 -0.0005440000138100464
vn -0.8714940929001102 -0.49033807498578263 -0.008162000946518238
vn -0.6961332817818746 -0.7178531536793799 -0.009236002824038988
vn -0.831544286578551 -0.5554581924164531 -0.0005440000138100464
vn -0.6961332817818746 -0.7178531536793799 -0.009236002824038988
vn -0.6428389200329665 -0.7659908003137545 -0.004026999570782209
vn -0.6428389200329665 -0.7659908003137545 -0.004026999570782209
vn -0.6961332817818746 -0.7178531536793799 -0.009236002824038988
vn -0.4688641603213925 -0.883267323192124 0.0022880006851615804
vn -0.6428389200329665 -0.7659908003137545 -0.004026999570782209
vn -0.4688641603213925 -0.883267323192124 0.0022880006851615804
vn -0.4377071077960374 -0.8991171953003723 -0.000870000011709692
vn -0.4377071077960374 -0.8991171953003723 -0.000870000011709692
vn -0.4688641603213925 -0.883267323192124 0.0022880006851615804
vn -0.2178629806528749 -0.9759729526062708 0.003537999723435859
vn -0.4688641603213925 -0.883267323192124 0.0022880006851615804
vn -0.1954228774847479 -0.9807175920435611 0.001703998785363885
vn -0.2178629806528749 -0.9759729526062708 0.003537999723435859
vn -0.2178629806528749 -0.9759729526062708 0.003537999723435859
vn -0.1954228774847479 -0.9807175920435611 0.001703998785363885
vn 0.04826900633645075 -0.998803994246087 0.007790000343651477
vn -0.1954228774847479 -0.9807175920435611 0.001703998785363885
vn 0.07532903259942152 -0.9971573768012322 -0.0016440007667552342
vn 0.04826900633645075 -0.998803994246087 0.007790000343651477
vn 0.04826900633645075 -0.998803994246087 0.007790000343651477
vn 0.07532903259942152 -0.9971573768012322 -0.0016440007667552342
vn 0.31997399849389524 -0.947420994386525 0.0031779999176458876
vn 0.07532903259942152 -0.9971573768012322 -0.0016440007667552342
vn 0.3085918284681644 -0.9511815194910731 -0.004979998125364752
vn 0.31997399849389524 -0.947420994386525 0.0031779999176458876
vn 0.31997399849389524 -0.947420994386525 0.0031779999176458876
vn 0.3085918284681644 -0.9511815194910731 -0.004979998125364752
vn 0.4988209696810742 -0.8666770695606776 -0.006964000585073091
vn 0.31997399849389524 -0.947420994386525 0.0031779999176458876
vn 0.4988209696810742 -0.8666770695606776 -0.006964000585073091
vn 0.5563321780193006 -0.8309373364932934 0.006136002096871227
vn 0.5563321780193006 -0.8309373364932934 0.006136002096871227
vn 0.4988209696810742 -0.8666770695606776 -0.006964000585073091
vn 0.6919190132050664 -0.7219750122852844 0.0004009999884953973
vn 0.5563321780193006 -0.8309373364932934 0.006136002096871227
vn 0.6919190132050664 -0.7219750122852844 0.0004009999884953973
vn 0.7218359586619065 -0.692044067591259 0.005278000984420478
vn 0.7218359586619065 -0.692044067591259 0.005278000984420478
vn 0.6919190132050664 -0.7219750122852844 0.0004009999884953973
vn 0.833864614075608 -0.5519417625292276 0.005485997508855466
vn 0.7218359586619065 -0.692044067591259 0.005278000984420478
vn 0.833864614075608 -0.5519417625292276 0.005485997508855466
vn 0.845793147291676 -0.5335020764613427 0.003080000954046394
vn 0.845793147291676 -0.5335020764613427 0.003080000954046394
vn 0.833864614075608 -0.5519417625292276 0.005485997508855466
vn 0.9329366591221196 -0.3600168856419361 0.004126998756859203
vn 0.845793147291676 -0.5335020764613427 0.003080000954046394
vn 0.9329366591221196 -0.3600168856419361 0.004126998756859203
vn 0.9333717484774424 -0.3585038949267405 0.017092000073668328
vn 0.9333717484774424 -0.3585038949267405 0.017092000073668328
vn 0.9329366591221196 -0.3600168856419361 0.004126998756859203
vn 0.9825004089897535 -0.18608207889680967 0.008149002908855047
vn 0.9329366591221196 -0.3600168856419361 0.004126998756859203
vn 0.9826353017172084 -0.18537908827697172 0.007903002513580367
vn 0.9825004089897535 -0.18608207889680967 0.008149002908855047
vn 0.9825004089897535 -0.18608207889680967 0.008149002908855047
vn 0.9826353017172084 -0.18537908827697172 0.007903002513580367
vn 0.9998866852037614 -0.015048998380660364 -0.00037999996450405416
vn 0.9825004089897535 -0.18608207889680967 0.008149002908855047
vn 0.9998866852037614 -0.015048998380660364 -0.00037999996450405416
vn 0.9994764157987948 0.03232500826912602 0.0014100008494773073
vn 0.9994764157987948 0.03232500826912602 0.0014100008494773073
vn 0.9998866852037614 -0.015048998380660364 -0.00037999996450405416
vn 0.9826568671358974 0.18537999142895284 -0.0044429999397270934
vn 0.9994764157987948 0.03232500826912602 0.0014100008494773073
vn 0.9826568671358974 0.18537999142895284 -0.0044429999397270934
vn 0.9717357515576983 0.23595889822132582 0.007281997993202764
vn 0.9717357515576983 0.23595889822132582 0.007281997993202764
vn 0.9826568671358974 0.18537999142895284 -0.0044429999397270934
vn 0.9066937924971367 0.4217858800366788 -0.0017429999551784486
vn 0.9717357515576983 0.23595889822132582 0.007281997993202764
vn 0.9066937924971367 0.4217858800366788 -0.0017429999551784486
vn 0.9023959538581403 0.4307809113741326 0.010457000340860815
vn 0.9023959538581403 0.4307809113741326 0.010457000340860815
vn 0.9066937924971367 0.4217858800366788 -0.0017429999551784486
vn 0.8038767181484724 0.5947898489294496 -0.002693998760990133
vn 0.9023959538581403 0.4307809113741326 0.010457000340860815
vn 0.8038767181484724 0.5947898489294496 -0.002693998760990133
vn 0.790402847351724 0.6125859889495907 0.0013209999770006358
vn 0.790402847351724 0.6125859889495907 0.0013209999770006358
vn 0.8038767181484724 0.5947898489294496 -0.002693998760990133
vn 0.6578736988487265 0.7531197170904711 -0.0035899989782796596
vn 0.790402847351724 0.6125859889495907 0.0013209999770006358
vn 0.6578736988487265 0.7531197170904711 -0.0035899989782796596
vn 0.6330968239799404 0.774062824340203 -0.0038929989699890716
vn 0.4496997462116383 0.8931796291274381 -0.000536999963010694
vn 0.28040989127913635 0.9598755458058726 -0.0030379987986717157
vn 0.2747480832639693 0.9611291757153909 0.027279998743186134
vn 0.28040989127913635 0.9598755458058726 -0.0030379987986717157
vn 0.1251220060720966 0.9919891575234505 0.017378001968267366
vn 0.2747480832639693 0.9611291757153909 0.027279998743186134
vn -0.2488120666722987 0.9678781148740847 0.03611800418139823
vn -0.059175011876326025 0.9980572052536215 0.019497000045324276
vn -0.22231308488589396 0.9749734069139225 -0.0019360008202574496
vn -0.2488120666722987 0.9678781148740847 0.03611800418139823
vn -0.22231308488589396 0.9749734069139225 -0.0019360008202574496
vn -0.43953408156073076 0.8982241415654174 -0.0017839998973046937
vn 0.002277998968414732 0.9374635882369192 0.3480758989798921
vn 0.2747480832639693 0.9611291757153909 0.027279998743186134
vn 0.1251220060720966 0.9919891575234505 0.017378001968267366
vn 0.002277998968414732 0.9374635882369192 0.3480758989798921
vn 0.1251220060720966 0.9919891575234505 0.017378001968267366
vn 0.037440980346234456 0.9767974853806953 0.21086689058423416
vn -0.023042006682891785 0.9598653663086807 0.2795130488709387
vn 0.037440980346234456 0.9767974853806953 0.21086689058423416
vn 0.1251220060720966 0.9919891575234505 0.017378001968267366
vn -0.023042006682891785 0.9598653663086807 0.2795130488709387
vn 0.1251220060720966 0.9919891575234505 0.017378001968267366
vn -0.059175011876326025 0.9980572052536215 0.019497000045324276
vn -0.04387100054467639 0.9391160040307772 0.34078800783547897
vn -0.023042006682891785 0.9598653663086807 0.2795130488709387
vn -0.059175011876326025 0.9980572052536215 0.019497000045324276
vn -0.04387100054467639 0.9391160040307772 0.34078800783547897
vn -0.059175011876326025 0.9980572052536215 0.019497000045324276
vn -0.2488120666722987 0.9678781148740847 0.03611800418139823
vn 0.002277998968414732 0.9374635882369192 0.3480758989798921
vn 0.037440980346234456 0.9767974853806953 0.21086689058423416
vn -0.023042006682891785 0.9598653663086807 0.2795130488709387
vn 0.002277998968414732 0.9374635882369192 0.3480758989798921
vn -0.023042006682891785 0.9598653663086807 0.2795130488709387
vn -0.04387100054467639 0.9391160040307772 0.34078800783547897
vn -0.3909169787690364 0.9188909553474465 0.05313499685467298
vn -0.2488120666722987 0.9678781148740847 0.03611800418139823
vn -0.43953408156073076 0.8982241415654174 -0.0017839998973046937
vn -0.3909169787690364 0.9188909553474465 0.05313499685467298
vn -0.43953408156073076 0.8982241415654174 -0.0017839998973046937
vn -0.5810439874569105 0.813860969301278 -0.004266999901312727
vn -0.5810439874569105 0.813860969301278 -0.004266999901312727
vn -0.43953408156073076 0.8982241415654174 -0.0017839998973046937
vn -0.6578661202322987 0.7531311424465325 -0.002376999723113718
vn -0.5810439874569105 0.813860969301278 -0.004266999901312727
vn -0.6578661202322987 0.7531311424465325 -0.002376999723113718
vn -0.7585623741137781 0.6515642898197942 -0.006863003023138032
vn -0.7585623741137781 0.6515642898197942 -0.006863003023138032
vn -0.6578661202322987 0.7531311424465325 -0.002376999723113718
vn -0.818407971870958 0.5746209932982441 -0.004370999771761347
vn -0.7585623741137781 0.6515642898197942 -0.006863003023138032
vn -0.818407971870958 0.5746209932982441 -0.004370999771761347
vn -0.8753484476851547 0.48348226772369196 -0.0031610017314045325
vn -0.8753484476851547 0.48348226772369196 -0.0031610017314045325
vn -0.818407971870958 0.5746209932982441 -0.004370999771761347
vn -0.9369256812401744 0.34940693203353895 -0.009222997318939925
vn -0.8753484476851547 0.48348226772369196 -0.0031610017314045325
vn -0.9369256812401744 0.34940693203353895 -0.009222997318939925
vn -0.974672613922609 0.22344090007692868 -0.009351996689531255
vn -0.974672613922609 0.22344090007692868 -0.009351996689531255
vn -0.9369256812401744 0.34940693203353895 -0.009222997318939925
vn -0.996020419837459 0.08912404691132693 0.00047699995771177493
vn -0.974672613922609 0.22344090007692868 -0.009351996689531255
vn -0.996020419837459 0.08912404691132693 0.00047699995771177493
vn -0.9998949644887902 -0.013353999542160036 -0.005632999750452863
vn -0.9998949644887902 -0.013353999542160036 -0.005632999750452863
vn -0.996020419837459 0.08912404691132693 0.00047699995771177493
vn -0.9889304074952985 -0.14838008333729621 0
vn -0.9998949644887902 -0.013353999542160036 -0.005632999750452863
vn -0.9889304074952985 -0.14838008333729621 0
vn -0.9714691187915754 -0.23700806924218945 -0.008656000716828425
vn -0.9714691187915754 -0.23700806924218945 -0.008656000716828425
vn -0.9889304074952985 -0.14838008333729621 0
vn -0.9310390630108498 -0.36444197836004516 -0.018662999675699083
vn -0.9714691187915754 -0.23700806924218945 -0.008656000716828425
vn -0.9310390630108498 -0.36444197836004516 -0.018662999675699083
vn -0.8783917875859761 -0.4779409440636213 -0.0005670000774952466
vn -0.8783917875859761 -0.4779409440636213 -0.0005670000774952466
vn -0.831544286578551 -0.5554581924164531 -0.0005440000138100464
vn -0.7377358377538307 -0.6749277984076197 0.014775000179261701
vn -0.831544286578551 -0.5554581924164531 -0.0005440000138100464
vn -0.6428389200329665 -0.7659908003137545 -0.004026999570782209
vn -0.7377358377538307 -0.6749277984076197 0.014775000179261701
vn -0.7377358377538307 -0.6749277984076197 0.014775000179261701
vn -0.6428389200329665 -0.7659908003137545 -0.004026999570782209
vn -0.5129711894777907 -0.8584032699879077 0.0020940009091933785
vn -0.6428389200329665 -0.7659908003137545 -0.004026999570782209
vn -0.4377071077960374 -0.8991171953003723 -0.000870000011709692
vn -0.5129711894777907 -0.8584032699879077 0.0020940009091933785
vn -0.5129711894777907 -0.8584032699879077 0.0020940009091933785
vn -0.4377071077960374 -0.8991171953003723 -0.000870000011709692
vn -0.26071691314714257 -0.9654137926243087 0.00170300022709393
vn -0.4377071077960374 -0.8991171953003723 -0.000870000011709692
vn -0.2178629806528749 -0.9759729526062708 0.003537999723435859
vn -0.26071691314714257 -0.9654137926243087 0.00170300022709393
vn -0.26071691314714257 -0.9654137926243087 0.00170300022709393
vn -0.2178629806528749 -0.9759729526062708 0.003537999723435859
vn 0.006051000833734307 -0.9999660345124955 0.00559599948756877
vn -0.2178629806528749 -0.9759729526062708 0.003537999723435859
vn 0.04826900633645075 -0.998803994246087 0.007790000343651477
vn 0.006051000833734307 -0.9999660345124955 0.00559599948756877
vn 0.006051000833734307 -0.9999660345124955 0.00559599948756877
vn 0.04826900633645075 -0.998803994246087 0.007790000343651477
vn 0.29540889824011823 -0.9553566966954755 -0.005211997665852842
vn 0.04826900633645075 -0.998803994246087 0.007790000343651477
vn 0.31997399849389524 -0.947420994386525 0.0031779999176458876
vn 0.29540889824011823 -0.9553566966954755 -0.005211997665852842
vn 0.29540889824011823 -0.9553566966954755 -0.005211997665852842
vn 0.31997399849389524 -0.947420994386525 0.0031779999176458876
vn 0.5293149011092299 -0.8483528307590811 -0.011100000305406442
vn 0.31997399849389524 -0.947420994386525 0.0031779999176458876
vn 0.5563321780193006 -0.8309373364932934 0.006136002096871227
vn 0.5293149011092299 -0.8483528307590811 -0.011100000305406442
vn 0.5293149011092299 -0.8483528307590811 -0.011100000305406442
vn 0.5563321780193006 -0.8309373364932934 0.006136002096871227
vn 0.7218359586619065 -0.692044067591259 0.005278000984420478
vn 0.5293149011092299 -0.8483528307590811 -0.011100000305406442
vn 0.7218359586619065 -0.692044067591259 0.005278000984420478
vn 0.7150389594579613 -0.6974819358614767 -0.04730999476012086
vn 0.7150389594579613 -0.6974819358614767 -0.04730999476012086
vn 0.7218359586619065 -0.692044067591259 0.005278000984420478
vn 0.845793147291676 -0.5335020764613427 0.003080000954046394
vn 0.7150389594579613 -0.6974819358614767 -0.04730999476012086
vn 0.845793147291676 -0.5335020764613427 0.003080000954046394
vn 0.8425412582534691 -0.5361811992815065 -0.051322019423501945
vn 0.8425412582534691 -0.5361811992815065 -0.051322019423501945
vn 0.845793147291676 -0.5335020764613427 0.003080000954046394
vn 0.9274383659493312 -0.3738312075285774 -0.010406999709811283
vn 0.845793147291676 -0.5335020764613427 0.003080000954046394
vn 0.9333717484774424 -0.3585038949267405 0.017092000073668328
vn 0.9274383659493312 -0.3738312075285774 -0.010406999709811283
vn 0.9274383659493312 -0.3738312075285774 -0.010406999709811283
vn 0.9333717484774424 -0.3585038949267405 0.017092000073668328
vn 0.980825994236141 -0.19487499674062722 -0.002026000006425742
vn 0.9333717484774424 -0.3585038949267405 0.017092000073668328
vn 0.9825004089897535 -0.18608207889680967 0.008149002908855047
vn 0.980825994236141 -0.19487499674062722 -0.002026000006425742
vn 0.980825994236141 -0.19487499674062722 -0.002026000006425742
vn 0.9825004089897535 -0.18608207889680967 0.008149002908855047
vn 0.9994764157987948 0.03232500826912602 0.0014100008494773073
vn 0.980825994236141 -0.19487499674062722 -0.002026000006425742
vn 0.9994764157987948 0.03232500826912602 0.0014100008494773073
vn 0.9993731180778253 0.03531900188671894 -0.002437000026955431
vn 0.9993731180778253 0.03531900188671894 -0.002437000026955431
vn 0.9994764157987948 0.03232500826912602 0.0014100008494773073
vn 0.9722458813682551 0.23394800947525352 0.0025050000062771145
vn 0.9994764157987948 0.03232500826912602 0.0014100008494773073
vn 0.9717357515576983 0.23595889822132582 0.007281997993202764
vn 0.9722458813682551 0.23394800947525352 0.0025050000062771145
vn 0.9722458813682551 0.23394800947525352 0.0025050000062771145
vn 0.9717357515576983 0.23595889822132582 0.007281997993202764
vn 0.9023959538581403 0.4307809113741326 0.010457000340860815
vn 0.9722458813682551 0.23394800947525352 0.0025050000062771145
vn 0.9023959538581403 0.4307809113741326 0.010457000340860815
vn 0.8878453526288849 0.46012616838460274 -0.0038130018351684425
vn 0.8878453526288849 0.46012616838460274 -0.0038130018351684425
vn 0.9023959538581403 0.4307809113741326 0.010457000340860815
vn 0.790402847351724 0.6125859889495907 0.0013209999770006358
vn 0.8878453526288849 0.46012616838460274 -0.0038130018351684425
vn 0.790402847351724 0.6125859889495907 0.0013209999770006358
vn 0.7669570940384817 0.641632071571964 -0.009225000505042413
vn 0.7669570940384817 0.641632071571964 -0.009225000505042413
vn 0.790402847351724 0.6125859889495907 0.0013209999770006358
vn 0.6330968239799404 0.774062824340203 -0.0038929989699890716
vn 0.7669570940384817 0.641632071571964 -0.009225000505042413
vn 0.6330968239799404 0.774062824340203 -0.0038929989699890716
vn 0.5913670759006582 0.8063111224858948 -0.012138998980213936
vn 0.5913670759006582 0.8063111224858948 -0.012138998980213936
vn 0.4496997462116383 0.8931796291274381 -0.000536999963010694
vn 0.41728289854778783 0.9085987575359332 0.017979999547130525
vn 0.4496997462116383 0.8931796291274381 -0.000536999963010694
vn 0.2747480832639693 0.9611291757153909 0.027279998743186134
vn 0.41728289854778783 0.9085987575359332 0.017979999547130525
vn 0.41728289854778783 0.9085987575359332 0.017979999547130525
vn 0.2747480832639693 0.9611291757153909 0.027279998743186134
vn 0.05318798767913417 0.949629884639994 0.30882700685865566
vn 0.2747480832639693 0.9611291757153909 0.027279998743186134
vn 0.002277998968414732 0.9374635882369192 0.3480758989798921
vn 0.05318798767913417 0.949629884639994 0.30882700685865566
vn -0.020069992671259272 0.926339795036104 0.376153930627668
vn 0.002277998968414732 0.9374635882369192 0.3480758989798921
vn -0.02286199827889439 0.92532501017195 0.3784850784178636
vn 0.002277998968414732 0.9374635882369192 0.3480758989798921
vn -0.04387100054467639 0.9391160040307772 0.34078800783547897
vn -0.02286199827889439 0.92532501017195 0.3784850784178636
vn -0.07039596366103965 0.9399485293414612 0.3339777993954958
vn -0.04387100054467639 0.9391160040307772 0.34078800783547897
vn -0.2488120666722987 0.9678781148740847 0.03611800418139823
vn -0.07039596366103965 0.9399485293414612 0.3339777993954958
vn -0.2488120666722987 0.9678781148740847 0.03611800418139823
vn -0.3909169787690364 0.9188909553474465 0.05313499685467298
vn -0.02038899816699593 0.9287510296358279 0.37014296387225276
vn 0.05318798767913417 0.949629884639994 0.30882700685865566
vn -0.020069992671259272 0.926339795036104 0.376153930627668
vn -0.02038899816699593 0.9287510296358279 0.37014296387225276
vn -0.020069992671259272 0.926339795036104 0.376153930627668
vn -0.023016008848299897 0.9273421509950601 0.3735060887382562
vn 0.5148559183304457 0.8571668814382413 0.013722999874423429
vn 0.41728289854778783 0.9085987575359332 0.017979999547130525
vn 0.09977601510568872 0.9503721521195697 0.2946820647498706
vn 0.41728289854778783 0.9085987575359332 0.017979999547130525
vn 0.05318798767913417 0.949629884639994 0.30882700685865566
vn 0.09977601510568872 0.9503721521195697 0.2946820647498706
vn 0.6906684728214125 0.7231714196831607 -0.00039799997467484887
vn 0.5913670759006582 0.8063111224858948 -0.012138998980213936
vn 0.5148559183304457 0.8571668814382413 0.013722999874423429
vn 0.5913670759006582 0.8063111224858948 -0.012138998980213936
vn 0.41728289854778783 0.9085987575359332 0.017979999547130525
vn 0.5148559183304457 0.8571668814382413 0.013722999874423429
vn 0.8329140485495723 0.5533909362824125 0.0035580007357542244
vn 0.7669570940384817 0.641632071571964 -0.009225000505042413
vn 0.6906684728214125 0.7231714196831607 -0.00039799997467484887
vn 0.7669570940384817 0.641632071571964 -0.009225000505042413
vn 0.5913670759006582 0.8063111224858948 -0.012138998980213936
vn 0.6906684728214125 0.7231714196831607 -0.00039799997467484887
vn 0.9278818989417222 0.372873009234086 -0.0009490000109058256
vn 0.8878453526288849 0.46012616838460274 -0.0038130018351684425
vn 0.8329140485495723 0.5533909362824125 0.0035580007357542244
vn 0.8878453526288849 0.46012616838460274 -0.0038130018351684425
vn 0.7669570940384817 0.641632071571964 -0.009225000505042413
vn 0.8329140485495723 0.5533909362824125 0.0035580007357542244
vn 0.9840666657326629 0.17733788916374124 0.012808999209458658
vn 0.9722458813682551 0.23394800947525352 0.0025050000062771145
vn 0.9278818989417222 0.372873009234086 -0.0009490000109058256
vn 0.9722458813682551 0.23394800947525352 0.0025050000062771145
vn 0.8878453526288849 0.46012616838460274 -0.0038130018351684425
vn 0.9278818989417222 0.372873009234086 -0.0009490000109058256
vn 0.999134566985701 -0.040051985255511534 0.011222991196103989
vn 0.9993731180778253 0.03531900188671894 -0.002437000026955431
vn 0.9840666657326629 0.17733788916374124 0.012808999209458658
vn 0.9993731180778253 0.03531900188671894 -0.002437000026955431
vn 0.9722458813682551 0.23394800947525352 0.0025050000062771145
vn 0.9840666657326629 0.17733788916374124 0.012808999209458658
vn 0.9678263904603956 -0.25113106284602427 -0.015661008978608417
vn 0.980825994236141 -0.19487499674062722 -0.002026000006425742
vn 0.999134566985701 -0.040051985255511534 0.011222991196103989
vn 0.980825994236141 -0.19487499674062722 -0.002026000006425742
vn 0.9993731180778253 0.03531900188671894 -0.002437000026955431
vn 0.999134566985701 -0.040051985255511534 0.011222991196103989
vn 0.9303119466623699 -0.36571400131113646 -0.02780199888983133
vn 0.9274383659493312 -0.3738312075285774 -0.010406999709811283
vn 0.9678263904603956 -0.25113106284602427 -0.015661008978608417
vn 0.9274383659493312 -0.3738312075285774 -0.010406999709811283
vn 0.980825994236141 -0.19487499674062722 -0.002026000006425742
vn 0.9678263904603956 -0.25113106284602427 -0.015661008978608417
vn 0.9061849963291038 -0.3938040621936963 -0.15410098321479193
vn 0.8425412582534691 -0.5361811992815065 -0.051322019423501945
vn 0.9303119466623699 -0.36571400131113646 -0.02780199888983133
vn 0.8425412582534691 -0.5361811992815065 -0.051322019423501945
vn 0.9274383659493312 -0.3738312075285774 -0.010406999709811283
vn 0.9303119466623699 -0.36571400131113646 -0.02780199888983133
vn 0.6991814198822156 -0.6762934137276921 -0.23188911281048377
vn 0.7150389594579613 -0.6974819358614767 -0.04730999476012086
vn 0.8425412582534691 -0.5361811992815065 -0.051322019423501945
vn 0.6991814198822156 -0.6762934137276921 -0.23188911281048377
vn 0.8425412582534691 -0.5361811992815065 -0.051322019423501945
vn 0.8319439369822439 -0.5104379932049723 -0.21753698722599973
vn 0.5272939711915205 -0.844867990013622 -0.09032799895612927
vn 0.5293149011092299 -0.8483528307590811 -0.011100000305406442
vn 0.7150389594579613 -0.6974819358614767 -0.04730999476012086
vn 0.5272939711915205 -0.844867990013622 -0.09032799895612927
vn 0.7150389594579613 -0.6974819358614767 -0.04730999476012086
vn 0.6991814198822156 -0.6762934137276921 -0.23188911281048377
vn 0.5272939711915205 -0.844867990013622 -0.09032799895612927
vn 0.30613700199760224 -0.9519689283471661 -0.005940999029454342
vn 0.29540889824011823 -0.9553566966954755 -0.005211997665852842
vn 0.5272939711915205 -0.844867990013622 -0.09032799895612927
vn 0.29540889824011823 -0.9553566966954755 -0.005211997665852842
vn 0.5293149011092299 -0.8483528307590811 -0.011100000305406442
vn 0.30613700199760224 -0.9519689283471661 -0.005940999029454342
vn 0.10354009705306358 -0.9945803582510073 0.009453003942681512
vn 0.29540889824011823 -0.9553566966954755 -0.005211997665852842
vn 0.10354009705306358 -0.9945803582510073 0.009453003942681512
vn 0.006051000833734307 -0.9999660345124955 0.00559599948756877
vn 0.29540889824011823 -0.9553566966954755 -0.005211997665852842
vn 0.10354009705306358 -0.9945803582510073 0.009453003942681512
vn -0.1721289001079043 -0.9849715188348147 0.014238989847641777
vn 0.006051000833734307 -0.9999660345124955 0.00559599948756877
vn -0.1721289001079043 -0.9849715188348147 0.014238989847641777
vn -0.26071691314714257 -0.9654137926243087 0.00170300022709393
vn 0.006051000833734307 -0.9999660345124955 0.00559599948756877
vn -0.1721289001079043 -0.9849715188348147 0.014238989847641777
vn -0.42786410707948735 -0.9037653262067142 0.011854999769910229
vn -0.26071691314714257 -0.9654137926243087 0.00170300022709393
vn -0.42786410707948735 -0.9037653262067142 0.011854999769910229
vn -0.5129711894777907 -0.8584032699879077 0.0020940009091933785
vn -0.26071691314714257 -0.9654137926243087 0.00170300022709393
vn -0.42786410707948735 -0.9037653262067142 0.011854999769910229
vn -0.6592620541136904 -0.7518500522089562 0.009748999907030839
vn -0.5129711894777907 -0.8584032699879077 0.0020940009091933785
vn -0.6592620541136904 -0.7518500522089562 0.009748999907030839
vn -0.7377358377538307 -0.6749277984076197 0.014775000179261701
vn -0.5129711894777907 -0.8584032699879077 0.0020940009091933785
vn -0.6592620541136904 -0.7518500522089562 0.009748999907030839
vn -0.8299556717175358 -0.5578207799338991 0.0030919990023839656
vn -0.7377358377538307 -0.6749277984076197 0.014775000179261701
vn -0.8299556717175358 -0.5578207799338991 0.0030919990023839656
vn -0.8783917875859761 -0.4779409440636213 -0.0005670000774952466
vn -0.7377358377538307 -0.6749277984076197 0.014775000179261701
vn -0.8299556717175358 -0.5578207799338991 0.0030919990023839656
vn -0.95331313757275 -0.3019599994731852 0.003771001107541334
vn -0.8783917875859761 -0.4779409440636213 -0.0005670000774952466
vn -0.95331313757275 -0.3019599994731852 0.003771001107541334
vn -0.9714691187915754 -0.23700806924218945 -0.008656000716828425
vn -0.8783917875859761 -0.4779409440636213 -0.0005670000774952466
vn -0.95331313757275 -0.3019599994731852 0.003771001107541334
vn -0.9941172397832606 -0.10827699179514713 0.002647000850968847
vn -0.9714691187915754 -0.23700806924218945 -0.008656000716828425
vn -0.9941172397832606 -0.10827699179514713 0.002647000850968847
vn -0.9998949644887902 -0.013353999542160036 -0.005632999750452863
vn -0.9714691187915754 -0.23700806924218945 -0.008656000716828425
vn -0.9369886270287704 0.34935587480629887 0.0016689988213726874
vn -0.974672613922609 0.22344090007692868 -0.009351996689531255
vn -0.9958885874625221 0.09035195716325095 -0.006514997979467668
vn -0.974672613922609 0.22344090007692868 -0.009351996689531255
vn -0.9998949644887902 -0.013353999542160036 -0.005632999750452863
vn -0.9958885874625221 0.09035195716325095 -0.006514997979467668
vn -0.8372790999220119 0.5467710020265297 -0.002276000151618787
vn -0.8753484476851547 0.48348226772369196 -0.0031610017314045325
vn -0.9369886270287704 0.34935587480629887 0.0016689988213726874
vn -0.8753484476851547 0.48348226772369196 -0.0031610017314045325
vn -0.974672613922609 0.22344090007692868 -0.009351996689531255
vn -0.9369886270287704 0.34935587480629887 0.0016689988213726874
vn -0.7078899623767121 0.7062709810421742 -0.008550000235195065
vn -0.7585623741137781 0.6515642898197942 -0.006863003023138032
vn -0.8372790999220119 0.5467710020265297 -0.002276000151618787
vn -0.7585623741137781 0.6515642898197942 -0.006863003023138032
vn -0.8753484476851547 0.48348226772369196 -0.0031610017314045325
vn -0.8372790999220119 0.5467710020265297 -0.002276000151618787
vn -0.5107032130657382 0.8583113072796104 0.04983902045884757
vn -0.3909169787690364 0.9188909553474465 0.05313499685467298
vn -0.5810439874569105 0.813860969301278 -0.004266999901312727
vn -0.5107032130657382 0.8583113072796104 0.04983902045884757
vn -0.5810439874569105 0.813860969301278 -0.004266999901312727
vn -0.7078899623767121 0.7062709810421742 -0.008550000235195065
vn -0.12102900444723601 0.9428232295986068 0.31054200651725683
vn -0.07039596366103965 0.9399485293414612 0.3339777993954958
vn -0.3909169787690364 0.9188909553474465 0.05313499685467298
vn -0.12102900444723601 0.9428232295986068 0.31054200651725683
vn -0.3909169787690364 0.9188909553474465 0.05313499685467298
vn -0.5107032130657382 0.8583113072796104 0.04983902045884757
vn -0.022915000229023423 0.9277480298507843 0.37250301458175067
vn -0.02286199827889439 0.92532501017195 0.3784850784178636
vn -0.022849989963328102 0.9274848066327681 0.37316191046789915
vn -0.02286199827889439 0.92532501017195 0.3784850784178636
vn -0.07039596366103965 0.9399485293414612 0.3339777993954958
vn -0.022849989963328102 0.9274848066327681 0.37316191046789915
vn -0.023016008848299897 0.9273421509950601 0.3735060887382562
vn -0.020069992671259272 0.926339795036104 0.376153930627668
vn -0.02286199827889439 0.92532501017195 0.3784850784178636
vn -0.023016008848299897 0.9273421509950601 0.3735060887382562
vn -0.02286199827889439 0.92532501017195 0.3784850784178636
vn -0.022915000229023423 0.9277480298507843 0.37250301458175067
vn 0.9061849963291038 -0.3938040621936963 -0.15410098321479193
vn 0.9303119466623699 -0.36571400131113646 -0.02780199888983133
vn 0.9534169177682966 -0.28982296970661864 -0.0836589932023893
vn 0.9061849963291038 -0.3938040621936963 -0.15410098321479193
vn 0.9534169177682966 -0.28982296970661864 -0.0836589932023893
vn 0.9422727338868433 -0.19983698890502147 -0.2686768930123852
vn 0.9534169177682966 -0.28982296970661864 -0.0836589932023893
vn 0.9303119466623699 -0.36571400131113646 -0.02780199888983133
vn 0.9852862361751936 -0.17015206712370728 0.0161030077081844
vn 0.9303119466623699 -0.36571400131113646 -0.02780199888983133
vn 0.9678263904603956 -0.25113106284602427 -0.015661008978608417
vn 0.9852862361751936 -0.17015206712370728 0.0161030077081844
vn 0.9852862361751936 -0.17015206712370728 0.0161030077081844
vn 0.999134566985701 -0.040051985255511534 0.011222991196103989
vn 0.9944867796350062 0.10182801066180386 0.025041992250100113
vn 0.999134566985701 -0.040051985255511534 0.011222991196103989
vn 0.9840666657326629 0.17733788916374124 0.012808999209458658
vn 0.9944867796350062 0.10182801066180386 0.025041992250100113
vn 0.9944867796350062 0.10182801066180386 0.025041992250100113
vn 0.9840666657326629 0.17733788916374124 0.012808999209458658
vn 0.9247183434855205 0.38011117269749245 0.020285009537394982
vn 0.9840666657326629 0.17733788916374124 0.012808999209458658
vn 0.9278818989417222 0.372873009234086 -0.0009490000109058256
vn 0.9247183434855205 0.38011117269749245 0.020285009537394982
vn 0.9247183434855205 0.38011117269749245 0.020285009537394982
vn 0.8329140485495723 0.5533909362824125 0.0035580007357542244
vn 0.7777560815991684 0.6285470616351465 0.004906000951018501
vn 0.8329140485495723 0.5533909362824125 0.0035580007357542244
vn 0.6906684728214125 0.7231714196831607 -0.00039799997467484887
vn 0.7777560815991684 0.6285470616351465 0.004906000951018501
vn 0.7777560815991684 0.6285470616351465 0.004906000951018501
vn 0.6906684728214125 0.7231714196831607 -0.00039799997467484887
vn 0.623206879518758 0.7816677859744223 0.024670988839867933
vn 0.6906684728214125 0.7231714196831607 -0.00039799997467484887
vn 0.5148559183304457 0.8571668814382413 0.013722999874423429
vn 0.623206879518758 0.7816677859744223 0.024670988839867933
vn 0.623206879518758 0.7816677859744223 0.024670988839867933
vn 0.5148559183304457 0.8571668814382413 0.013722999874423429
vn 0.1299930127137056 0.9465622155946128 0.29516400297839873
vn 0.5148559183304457 0.8571668814382413 0.013722999874423429
vn 0.09977601510568872 0.9503721521195697 0.2946820647498706
vn 0.1299930127137056 0.9465622155946128 0.29516400297839873
vn 0.1299930127137056 0.9465622155946128 0.29516400297839873
vn 0.09977601510568872 0.9503721521195697 0.2946820647498706
vn -0.019780008992999996 0.9296541343812913 0.36790208163587357
vn 0.09977601510568872 0.9503721521195697 0.2946820647498706
vn -0.02038899816699593 0.9287510296358279 0.37014296387225276
vn -0.019780008992999996 0.9296541343812913 0.36790208163587357
vn -0.019780008992999996 0.9296541343812913 0.36790208163587357
vn -0.02038899816699593 0.9287510296358279 0.37014296387225276
vn -0.022847007780204417 0.9283293251761779 0.371056165901381
vn -0.02038899816699593 0.9287510296358279 0.37014296387225276
vn -0.023016008848299897 0.9273421509950601 0.3735060887382562
vn -0.022847007780204417 0.9283293251761779 0.371056165901381
vn -0.022847007780204417 0.9283293251761779 0.371056165901381
vn -0.023016008848299897 0.9273421509950601 0.3735060887382562
vn -0.022915000229023423 0.9277480298507843 0.37250301458175067
vn -0.022847007780204417 0.9283293251761779 0.371056165901381
vn -0.022915000229023423 0.9277480298507843 0.37250301458175067
vn -0.022849989026249618 0.9284156738967925 0.370839877122546
vn -0.1382319900836458 0.9387259900244682 0.31572999947755503
vn -0.0231770087255657 0.9284182646613566 0.3708130959253333
vn -0.12102900444723601 0.9428232295986068 0.31054200651725683
vn -0.0231770087255657 0.9284182646613566 0.3708130959253333
vn -0.022849989963328102 0.9274848066327681 0.37316191046789915
vn -0.12102900444723601 0.9428232295986068 0.31054200651725683
vn -0.022849989026249618 0.9284156738967925 0.370839877122546
vn -0.022915000229023423 0.9277480298507843 0.37250301458175067
vn -0.022849989963328102 0.9274848066327681 0.37316191046789915
vn -0.022849989026249618 0.9284156738967925 0.370839877122546
vn -0.022849989963328102 0.9274848066327681 0.37316191046789915
vn -0.0231770087255657 0.9284182646613566 0.3708130959253333
vn -0.1382319900836458 0.9387259900244682 0.31572999947755503
vn -0.12102900444723601 0.9428232295986068 0.31054200651725683
vn -0.5107032130657382 0.8583113072796104 0.04983902045884757
vn -0.1382319900836458 0.9387259900244682 0.31572999947755503
vn -0.5107032130657382 0.8583113072796104 0.04983902045884757
vn -0.5863139395689105 0.8081668067711502 0.05569898293960455
vn -0.5863139395689105 0.8081668067711502 0.05569898293960455
vn -0.5107032130657382 0.8583113072796104 0.04983902045884757
vn -0.7078899623767121 0.7062709810421742 -0.008550000235195065
vn -0.5863139395689105 0.8081668067711502 0.05569898293960455
vn -0.7078899623767121 0.7062709810421742 -0.008550000235195065
vn -0.7920041531192414 0.6104620716781965 -0.008092001250465998
vn -0.7920041531192414 0.6104620716781965 -0.008092001250465998
vn -0.8372790999220119 0.5467710020265297 -0.002276000151618787
vn -0.8994131678821742 0.43709108290416665 0.0027090008887103536
vn -0.8372790999220119 0.5467710020265297 -0.002276000151618787
vn -0.9369886270287704 0.34935587480629887 0.0016689988213726874
vn -0.8994131678821742 0.43709108290416665 0.0027090008887103536
vn -0.8994131678821742 0.43709108290416665 0.0027090008887103536
vn -0.9369886270287704 0.34935587480629887 0.0016689988213726874
vn -0.9831542356301458 0.18268200342052845 0.005919002345487481
vn -0.9369886270287704 0.34935587480629887 0.0016689988213726874
vn -0.9958885874625221 0.09035195716325095 -0.006514997979467668
vn -0.9831542356301458 0.18268200342052845 0.005919002345487481
vn -0.9831542356301458 0.18268200342052845 0.005919002345487481
vn -0.9958885874625221 0.09035195716325095 -0.006514997979467668
vn -0.9996548781896324 -0.023592998947336772 0.011553999841693169
vn -0.9958885874625221 0.09035195716325095 -0.006514997979467668
vn -0.9941172397832606 -0.10827699179514713 0.002647000850968847
vn -0.9996548781896324 -0.023592998947336772 0.011553999841693169
vn -0.95331313757275 -0.3019599994731852 0.003771001107541334
vn -0.9880936542778658 -0.15373699057345064 0.005988998683593772
vn -0.9941172397832606 -0.10827699179514713 0.002647000850968847
vn -0.9880936542778658 -0.15373699057345064 0.005988998683593772
vn -0.9996548781896324 -0.023592998947336772 0.011553999841693169
vn -0.9941172397832606 -0.10827699179514713 0.002647000850968847
vn 0.9777814774027865 -0.13205009736850612 -0.16280710744003815
vn 0.9534169177682966 -0.28982296970661864 -0.0836589932023893
vn 0.9871781706725085 -0.15740697594902237 -0.026501005080260646
vn 0.9534169177682966 -0.28982296970661864 -0.0836589932023893
vn 0.9852862361751936 -0.17015206712370728 0.0161030077081844
vn 0.9871781706725085 -0.15740697594902237 -0.026501005080260646
vn 0.9986996333084778 0.050031974059819385 -0.009789994953497682
vn 0.9871781706725085 -0.15740697594902237 -0.026501005080260646
vn 0.9852862361751936 -0.17015206712370728 0.0161030077081844
vn 0.9986996333084778 0.050031974059819385 -0.009789994953497682
vn 0.9852862361751936 -0.17015206712370728 0.0161030077081844
vn 0.9944867796350062 0.10182801066180386 0.025041992250100113
vn 0.9421073154709902 0.3352380763368155 -0.007017001498900023
vn 0.9986996333084778 0.050031974059819385 -0.009789994953497682
vn 0.9944867796350062 0.10182801066180386 0.025041992250100113
vn 0.9421073154709902 0.3352380763368155 -0.007017001498900023
vn 0.9944867796350062 0.10182801066180386 0.025041992250100113
vn 0.9247183434855205 0.38011117269749245 0.020285009537394982
vn 0.8275307011542012 0.5613027940381018 -0.01149400070716103
vn 0.9421073154709902 0.3352380763368155 -0.007017001498900023
vn 0.9247183434855205 0.38011117269749245 0.020285009537394982
vn 0.8275307011542012 0.5613027940381018 -0.01149400070716103
vn 0.9247183434855205 0.38011117269749245 0.020285009537394982
vn 0.7777560815991684 0.6285470616351465 0.004906000951018501
vn 0.6830068543266071 0.730386882515785 0.006052998574742387
vn 0.8275307011542012 0.5613027940381018 -0.01149400070716103
vn 0.7777560815991684 0.6285470616351465 0.004906000951018501
vn 0.6830068543266071 0.730386882515785 0.006052998574742387
vn 0.7777560815991684 0.6285470616351465 0.004906000951018501
vn 0.623206879518758 0.7816677859744223 0.024670988839867933
vn 0.2206509807564652 0.9365498171503411 0.27237397945999275
vn 0.6830068543266071 0.730386882515785 0.006052998574742387
vn 0.623206879518758 0.7816677859744223 0.024670988839867933
vn 0.2206509807564652 0.9365498171503411 0.27237397945999275
vn 0.623206879518758 0.7816677859744223 0.024670988839867933
vn 0.1299930127137056 0.9465622155946128 0.29516400297839873
vn -0.024202988248652652 0.9274485260598622 0.37316678157256244
vn -0.01302499944313677 0.9292917025450076 0.3691168933691699
vn -0.019780008992999996 0.9296541343812913 0.36790208163587357
vn -0.01302499944313677 0.9292917025450076 0.3691168933691699
vn 0.1299930127137056 0.9465622155946128 0.29516400297839873
vn -0.019780008992999996 0.9296541343812913 0.36790208163587357
vn -0.023691999239987674 0.927738968661934 0.3724769727085201
vn -0.024202988248652652 0.9274485260598622 0.37316678157256244
vn -0.019780008992999996 0.9296541343812913 0.36790208163587357
vn -0.023691999239987674 0.927738968661934 0.3724769727085201
vn -0.019780008992999996 0.9296541343812913 0.36790208163587357
vn -0.022847007780204417 0.9283293251761779 0.371056165901381
vn -0.022770000069399225 0.9276427997660208 0.3727738766854478
vn -0.023691999239987674 0.927738968661934 0.3724769727085201
vn -0.022847007780204417 0.9283293251761779 0.371056165901381
vn -0.022770000069399225 0.9276427997660208 0.3727738766854478
vn -0.022847007780204417 0.9283293251761779 0.371056165901381
vn -0.022849989026249618 0.9284156738967925 0.370839877122546
vn -0.02360799794134253 0.9276298430657134 0.3727539894985449
vn -0.022770000069399225 0.9276427997660208 0.3727738766854478
vn -0.0231770087255657 0.9284182646613566 0.3708130959253333
vn -0.022770000069399225 0.9276427997660208 0.3727738766854478
vn -0.022849989026249618 0.9284156738967925 0.370839877122546
vn -0.0231770087255657 0.9284182646613566 0.3708130959253333
vn -0.14104399637471826 0.9352861617086722 0.32457108127944456
vn -0.02360799794134253 0.9276298430657134 0.3727539894985449
vn -0.1382319900836458 0.9387259900244682 0.31572999947755503
vn -0.02360799794134253 0.9276298430657134 0.3727539894985449
vn -0.0231770087255657 0.9284182646613566 0.3708130959253333
vn -0.1382319900836458 0.9387259900244682 0.31572999947755503
vn -0.6810603168561374 0.7308232813004437 0.04532302188811189
vn -0.14104399637471826 0.9352861617086722 0.32457108127944456
vn -0.5863139395689105 0.8081668067711502 0.05569898293960455
vn -0.14104399637471826 0.9352861617086722 0.32457108127944456
vn -0.1382319900836458 0.9387259900244682 0.31572999947755503
vn -0.5863139395689105 0.8081668067711502 0.05569898293960455
vn -0.8386173059541925 0.5447152134365614 0.002520000971014977
vn -0.6810603168561374 0.7308232813004437 0.04532302188811189
vn -0.7920041531192414 0.6104620716781965 -0.008092001250465998
vn -0.6810603168561374 0.7308232813004437 0.04532302188811189
vn -0.5863139395689105 0.8081668067711502 0.05569898293960455
vn -0.7920041531192414 0.6104620716781965 -0.008092001250465998
vn -0.9338074760111071 0.3577007887124557 0.007330995856841213
vn -0.8386173059541925 0.5447152134365614 0.002520000971014977
vn -0.8994131678821742 0.43709108290416665 0.0027090008887103536
vn -0.8386173059541925 0.5447152134365614 0.002520000971014977
vn -0.7920041531192414 0.6104620716781965 -0.008092001250465998
vn -0.8994131678821742 0.43709108290416665 0.0027090008887103536
vn -0.9940488301521329 0.1089019929560866 0.0026979998830018326
vn -0.9338074760111071 0.3577007887124557 0.007330995856841213
vn -0.9831542356301458 0.18268200342052845 0.005919002345487481
vn -0.9338074760111071 0.3577007887124557 0.007330995856841213
vn -0.8994131678821742 0.43709108290416665 0.0027090008887103536
vn -0.9831542356301458 0.18268200342052845 0.005919002345487481
vn -0.9991011685543386 -0.0421470083287038 -0.004526000695458333
vn -0.9940488301521329 0.1089019929560866 0.0026979998830018326
vn -0.9996548781896324 -0.023592998947336772 0.011553999841693169
vn -0.9940488301521329 0.1089019929560866 0.0026979998830018326
vn -0.9831542356301458 0.18268200342052845 0.005919002345487481
vn -0.9996548781896324 -0.023592998947336772 0.011553999841693169
vn -0.9947491259462171 0.10215599805421875 -0.006191000790154121
vn -0.9642280255565074 0.2650149873572045 0.005601000576701539
vn -0.9940488301521329 0.1089019929560866 0.0026979998830018326
vn -0.9642280255565074 0.2650149873572045 0.005601000576701539
vn -0.9338074760111071 0.3577007887124557 0.007330995856841213
vn -0.9940488301521329 0.1089019929560866 0.0026979998830018326
vn -0.8785844656931159 0.477505210790374 -0.008838003778145564
vn -0.8386173059541925 0.5447152134365614 0.002520000971014977
vn -0.9338074760111071 0.3577007887124557 0.007330995856841213
vn -0.8785844656931159 0.477505210790374 -0.008838003778145564
vn -0.9338074760111071 0.3577007887124557 0.007330995856841213
vn -0.9642280255565074 0.2650149873572045 0.005601000576701539
vn -0.7050928470245016 0.7064068315290506 0.06191498561713783
vn -0.6810603168561374 0.7308232813004437 0.04532302188811189
vn -0.8386173059541925 0.5447152134365614 0.002520000971014977
vn -0.7050928470245016 0.7064068315290506 0.06191498561713783
vn -0.8386173059541925 0.5447152134365614 0.002520000971014977
vn -0.8785844656931159 0.477505210790374 -0.008838003778145564
vn -0.1914339899402884 0.9273527568928215 0.32151188435083533
vn -0.14104399637471826 0.9352861617086722 0.32457108127944456
vn -0.7050928470245016 0.7064068315290506 0.06191498561713783
vn -0.14104399637471826 0.9352861617086722 0.32457108127944456
vn -0.6810603168561374 0.7308232813004437 0.04532302188811189
vn -0.7050928470245016 0.7064068315290506 0.06191498561713783
vn -0.02277798978415131 0.9255246036722388 0.378001813724139
vn -0.02360799794134253 0.9276298430657134 0.3727539894985449
vn -0.14104399637471826 0.9352861617086722 0.32457108127944456
vn -0.02277798978415131 0.9255246036722388 0.378001813724139
vn -0.14104399637471826 0.9352861617086722 0.32457108127944456
vn -0.02735399873608309 0.9251168492752422 0.37869588582422603
vn -0.022873998230595972 0.9252690734833157 0.3786210795244679
vn -0.022770000069399225 0.9276427997660208 0.3727738766854478
vn -0.02277798978415131 0.9255246036722388 0.378001813724139
vn -0.022770000069399225 0.9276427997660208 0.3727738766854478
vn -0.02360799794134253 0.9276298430657134 0.3727539894985449
vn -0.02277798978415131 0.9255246036722388 0.378001813724139
vn -0.023141987911915986 0.9250385132691203 0.37916776941657393
vn -0.023691999239987674 0.927738968661934 0.3724769727085201
vn -0.022873998230595972 0.9252690734833157 0.3786210795244679
vn -0.023691999239987674 0.927738968661934 0.3724769727085201
vn -0.022770000069399225 0.9276427997660208 0.3727738766854478
vn -0.022873998230595972 0.9252690734833157 0.3786210795244679
vn -0.023034007413892943 0.9245162131193361 0.38044606211911214
vn -0.024202988248652652 0.9274485260598622 0.37316678157256244
vn -0.023141987911915986 0.9250385132691203 0.37916776941657393
vn -0.024202988248652652 0.9274485260598622 0.37316678157256244
vn -0.023691999239987674 0.927738968661934 0.3724769727085201
vn -0.023141987911915986 0.9250385132691203 0.37916776941657393
vn -0.008557996718840255 0.9255245930717575 0.37859079269247703
vn -0.01302499944313677 0.9292917025450076 0.3691168933691699
vn -0.023034007413892943 0.9245162131193361 0.38044606211911214
vn -0.01302499944313677 0.9292917025450076 0.3691168933691699
vn -0.024202988248652652 0.9274485260598622 0.37316678157256244
vn -0.023034007413892943 0.9245162131193361 0.38044606211911214
vn 0.12713609490098135 0.9335513603965823 0.3351391813486141
vn 0.2206509807564652 0.9365498171503411 0.27237397945999275
vn -0.008557996718840255 0.9255245930717575 0.37859079269247703
vn 0.2206509807564652 0.9365498171503411 0.27237397945999275
vn -0.01302499944313677 0.9292917025450076 0.3691168933691699
vn -0.008557996718840255 0.9255245930717575 0.37859079269247703
vn 0.8725885010974779 0.48842977327393583 -0.00506599763409463
vn 0.8275307011542012 0.5613027940381018 -0.01149400070716103
vn 0.7725981803315154 0.6348951835850114 -0.00039699998245346937
vn 0.8275307011542012 0.5613027940381018 -0.01149400070716103
vn 0.6830068543266071 0.730386882515785 0.006052998574742387
vn 0.7725981803315154 0.6348951835850114 -0.00039699998245346937
vn 0.9622856243933176 0.2720289062763682 0.002578999039516363
vn 0.9421073154709902 0.3352380763368155 -0.007017001498900023
vn 0.8725885010974779 0.48842977327393583 -0.00506599763409463
vn 0.9421073154709902 0.3352380763368155 -0.007017001498900023
vn 0.8275307011542012 0.5613027940381018 -0.01149400070716103
vn 0.8725885010974779 0.48842977327393583 -0.00506599763409463
vn 0.9993073465692931 0.035342014138310826 -0.011652001085052894
vn 0.9986996333084778 0.050031974059819385 -0.009789994953497682
vn 0.9622856243933176 0.2720289062763682 0.002578999039516363
vn 0.9986996333084778 0.050031974059819385 -0.009789994953497682
vn 0.9421073154709902 0.3352380763368155 -0.007017001498900023
vn 0.9622856243933176 0.2720289062763682 0.002578999039516363
vn 0.9944132107299467 -0.09406000867767368 -0.04790700463725925
vn 0.9871781706725085 -0.15740697594902237 -0.026501005080260646
vn 0.9986996333084778 0.050031974059819385 -0.009789994953497682
vn 0.9944132107299467 -0.09406000867767368 -0.04790700463725925
vn 0.9986996333084778 0.050031974059819385 -0.009789994953497682
vn 0.9993073465692931 0.035342014138310826 -0.011652001085052894
vn 0.9944132107299467 -0.09406000867767368 -0.04790700463725925
vn 0.9993073465692931 0.035342014138310826 -0.011652001085052894
vn 0.999315862543622 -0.03285398898672171 -0.016982999627769297
vn 0.9993073465692931 0.035342014138310826 -0.011652001085052894
vn 0.9875047432662439 0.15756689911373223 0.0026559989369197385
vn 0.999315862543622 -0.03285398898672171 -0.016982999627769297
vn 0.9875047432662439 0.15756689911373223 0.0026559989369197385
vn 0.9622856243933176 0.2720289062763682 0.002578999039516363
vn 0.9268786897586384 0.37535784742423334 0.0015429997911651208
vn 0.9622856243933176 0.2720289062763682 0.002578999039516363
vn 0.8725885010974779 0.48842977327393583 -0.00506599763409463
vn 0.9268786897586384 0.37535784742423334 0.0015429997911651208
vn 0.9268786897586384 0.37535784742423334 0.0015429997911651208
vn 0.8725885010974779 0.48842977327393583 -0.00506599763409463
vn 0.8201833669774621 0.5719182882606445 0.014447009605047393
vn 0.8725885010974779 0.48842977327393583 -0.00506599763409463
vn 0.7725981803315154 0.6348951835850114 -0.00039699998245346937
vn 0.8201833669774621 0.5719182882606445 0.014447009605047393
vn 0.8201833669774621 0.5719182882606445 0.014447009605047393
vn 0.7725981803315154 0.6348951835850114 -0.00039699998245346937
vn 0.5915159928414914 0.7983578701177247 0.1128429946156822
vn 0.8201833669774621 0.5719182882606445 0.014447009605047393
vn 0.5915159928414914 0.7983578701177247 0.1128429946156822
vn 0.5830829440377666 0.7965259739333037 0.15987699403557973
vn 0.5830829440377666 0.7965259739333037 0.15987699403557973
vn 0.5915159928414914 0.7983578701177247 0.1128429946156822
vn 0.12713609490098135 0.9335513603965823 0.3351391813486141
vn 0.5830829440377666 0.7965259739333037 0.15987699403557973
vn 0.12713609490098135 0.9335513603965823 0.3351391813486141
vn 0.10179098710950743 0.9335971910251658 0.3435620465842991
vn 0.10179098710950743 0.9335971910251658 0.3435620465842991
vn 0.12713609490098135 0.9335513603965823 0.3351391813486141
vn -0.018221999070669105 0.9264270558093369 0.3760330690435512
vn 0.12713609490098135 0.9335513603965823 0.3351391813486141
vn -0.008557996718840255 0.9255245930717575 0.37859079269247703
vn -0.018221999070669105 0.9264270558093369 0.3760330690435512
vn -0.018221999070669105 0.9264270558093369 0.3760330690435512
vn -0.008557996718840255 0.9255245930717575 0.37859079269247703
vn -0.023034007413892943 0.9245162131193361 0.38044606211911214
vn -0.018221999070669105 0.9264270558093369 0.3760330690435512
vn -0.023034007413892943 0.9245162131193361 0.38044606211911214
vn -0.02277699933748127 0.9258439687882674 0.3772189732232066
vn -0.02277699933748127 0.9258439687882674 0.3772189732232066
vn -0.023034007413892943 0.9245162131193361 0.38044606211911214
vn -0.023141987911915986 0.9250385132691203 0.37916776941657393
vn -0.02277699933748127 0.9258439687882674 0.3772189732232066
vn -0.023141987911915986 0.9250385132691203 0.37916776941657393
vn -0.02277800646502926 0.9257982726309206 0.3773310493652526
vn -0.02277800646502926 0.9257982726309206 0.3773310493652526
vn -0.023141987911915986 0.9250385132691203 0.37916776941657393
vn -0.022873998230595972 0.9252690734833157 0.3786210795244679
vn -0.02277800646502926 0.9257982726309206 0.3773310493652526
vn -0.022873998230595972 0.9252690734833157 0.3786210795244679
vn -0.022885009851366975 0.9258502208656412 0.37719709018912934
vn -0.022885009851366975 0.9258502208656412 0.37719709018912934
vn -0.022873998230595972 0.9252690734833157 0.3786210795244679
vn -0.02277798978415131 0.9255246036722388 0.378001813724139
vn -0.022885009851366975 0.9258502208656412 0.37719709018912934
vn -0.02277798978415131 0.9255246036722388 0.378001813724139
vn -0.022692009358082518 0.9260023649279288 0.3768351003544863
vn -0.022692009358082518 0.9260023649279288 0.3768351003544863
vn -0.02277798978415131 0.9255246036722388 0.378001813724139
vn -0.02735399873608309 0.9251168492752422 0.37869588582422603
vn -0.022692009358082518 0.9260023649279288 0.3768351003544863
vn -0.02735399873608309 0.9251168492752422 0.37869588582422603
vn -0.02874499714773493 0.9272958531792018 0.37322396200623664
vn -0.02874499714773493 0.9272958531792018 0.37322396200623664
vn -0.02735399873608309 0.9251168492752422 0.37869588582422603
vn -0.1914339899402884 0.9273527568928215 0.32151188435083533
vn -0.02874499714773493 0.9272958531792018 0.37322396200623664
vn -0.1914339899402884 0.9273527568928215 0.32151188435083533
vn -0.29347805107109654 0.9083071578678668 0.29807505850961225
vn -0.29347805107109654 0.9083071578678668 0.29807505850961225
vn -0.1914339899402884 0.9273527568928215 0.32151188435083533
vn -0.7050928470245016 0.7064068315290506 0.06191498561713783
vn -0.29347805107109654 0.9083071578678668 0.29807505850961225
vn -0.7050928470245016 0.7064068315290506 0.06191498561713783
vn -0.828353355452967 0.5569651389773735 0.06017102686281392
vn -0.828353355452967 0.5569651389773735 0.06017102686281392
vn -0.7050928470245016 0.7064068315290506 0.06191498561713783
vn -0.8785844656931159 0.477505210790374 -0.008838003778145564
vn -0.828353355452967 0.5569651389773735 0.06017102686281392
vn -0.8785844656931159 0.477505210790374 -0.008838003778145564
vn -0.9370063687219542 0.3472141753974188 0.038228018227314045
vn -0.9947491259462171 0.10215599805421875 -0.006191000790154121
vn -0.9823625927897455 0.18694589362363057 -0.003868997889730287
vn -0.9642280255565074 0.2650149873572045 0.005601000576701539
vn -0.9823625927897455 0.18694589362363057 -0.003868997889730287
vn -0.9370063687219542 0.3472141753974188 0.038228018227314045
vn -0.9642280255565074 0.2650149873572045 0.005601000576701539
vn 0.999315862543622 -0.03285398898672171 -0.016982999627769297
vn 0.9875047432662439 0.15756689911373223 0.0026559989369197385
vn 0.9993071234030128 0.03720200837593889 -0.001132999908393463
vn 0.9875047432662439 0.15756689911373223 0.0026559989369197385
vn 0.9738428577372877 0.22685998744150307 -0.012830998874363767
vn 0.9993071234030128 0.03720200837593889 -0.001132999908393463
vn 0.8828810301841565 0.4694370527909238 0.012244999303143307
vn 0.9738428577372877 0.22685998744150307 -0.012830998874363767
vn 0.9268786897586384 0.37535784742423334 0.0015429997911651208
vn 0.8828810301841565 0.4694370527909238 0.012244999303143307
vn 0.9268786897586384 0.37535784742423334 0.0015429997911651208
vn 0.8201833669774621 0.5719182882606445 0.014447009605047393
vn 0.48409516395136987 0.8423763726027447 0.23675708884749008
vn 0.8828810301841565 0.4694370527909238 0.012244999303143307
vn 0.5830829440377666 0.7965259739333037 0.15987699403557973
vn 0.8828810301841565 0.4694370527909238 0.012244999303143307
vn 0.8201833669774621 0.5719182882606445 0.014447009605047393
vn 0.5830829440377666 0.7965259739333037 0.15987699403557973
vn 0.07309002878403921 0.928031347374067 0.36526109289578335
vn 0.48409516395136987 0.8423763726027447 0.23675708884749008
vn 0.10179098710950743 0.9335971910251658 0.3435620465842991
vn 0.48409516395136987 0.8423763726027447 0.23675708884749008
vn 0.5830829440377666 0.7965259739333037 0.15987699403557973
vn 0.10179098710950743 0.9335971910251658 0.3435620465842991
vn -0.02509499998337083 0.9228929553761356 0.38423799121499763
vn -0.021497010976214124 0.9263214585701798 0.3761202386358693
vn -0.018221999070669105 0.9264270558093369 0.3760330690435512
vn -0.021497010976214124 0.9263214585701798 0.3761202386358693
vn 0.10179098710950743 0.9335971910251658 0.3435620465842991
vn -0.018221999070669105 0.9264270558093369 0.3760330690435512
vn -0.02249299844030892 0.9212879818935059 0.3882299826646001
vn -0.02509499998337083 0.9228929553761356 0.38423799121499763
vn -0.02277699933748127 0.9258439687882674 0.3772189732232066
vn -0.02509499998337083 0.9228929553761356 0.38423799121499763
vn -0.018221999070669105 0.9264270558093369 0.3760330690435512
vn -0.02277699933748127 0.9258439687882674 0.3772189732232066
vn -0.02246499077031289 0.9233257834025753 0.3833599116935809
vn -0.02249299844030892 0.9212879818935059 0.3882299826646001
vn -0.02277800646502926 0.9257982726309206 0.3773310493652526
vn -0.02249299844030892 0.9212879818935059 0.3882299826646001
vn -0.02277699933748127 0.9258439687882674 0.3772189732232066
vn -0.02277800646502926 0.9257982726309206 0.3773310493652526
vn -0.02297199878585145 0.9238300124485239 0.38211306621357877
vn -0.02246499077031289 0.9233257834025753 0.3833599116935809
vn -0.022885009851366975 0.9258502208656412 0.37719709018912934
vn -0.02246499077031289 0.9233257834025753 0.3833599116935809
vn -0.02277800646502926 0.9257982726309206 0.3773310493652526
vn -0.022885009851366975 0.9258502208656412 0.37719709018912934
vn -0.02219600000534506 0.9235960659520673 0.3827239795748718
vn -0.02297199878585145 0.9238300124485239 0.38211306621357877
vn -0.022692009358082518 0.9260023649279288 0.3768351003544863
vn -0.02297199878585145 0.9238300124485239 0.38211306621357877
vn -0.022885009851366975 0.9258502208656412 0.37719709018912934
vn -0.022692009358082518 0.9260023649279288 0.3768351003544863
vn -0.017354008181579433 0.9255693355481602 0.3781801733208276
vn -0.02219600000534506 0.9235960659520673 0.3827239795748718
vn -0.022692009358082518 0.9260023649279288 0.3768351003544863
vn -0.017354008181579433 0.9255693355481602 0.3781801733208276
vn -0.022692009358082518 0.9260023649279288 0.3768351003544863
vn -0.02874499714773493 0.9272958531792018 0.37322396200623664
vn -0.24555412369504218 0.9113104461695486 0.330479111349898
vn -0.017354008181579433 0.9255693355481602 0.3781801733208276
vn -0.02874499714773493 0.9272958531792018 0.37322396200623664
vn -0.24555412369504218 0.9113104461695486 0.330479111349898
vn -0.02874499714773493 0.9272958531792018 0.37322396200623664
vn -0.29347805107109654 0.9083071578678668 0.29807505850961225
vn -0.8452356979782157 0.5334817720453222 0.031205989147300894
vn -0.24555412369504218 0.9113104461695486 0.330479111349898
vn -0.828353355452967 0.5569651389773735 0.06017102686281392
vn -0.24555412369504218 0.9113104461695486 0.330479111349898
vn -0.29347805107109654 0.9083071578678668 0.29807505850961225
vn -0.828353355452967 0.5569651389773735 0.06017102686281392
vn -0.9388107717927285 0.34417087856559286 -0.01344399915684254
vn -0.8452356979782157 0.5334817720453222 0.031205989147300894
vn -0.828353355452967 0.5569651389773735 0.06017102686281392
vn -0.9388107717927285 0.34417087856559286 -0.01344399915684254
vn -0.828353355452967 0.5569651389773735 0.06017102686281392
vn -0.9370063687219542 0.3472141753974188 0.038228018227314045
vn -0.9823625927897455 0.18694589362363057 -0.003868997889730287
vn -0.9528483597606272 0.3027310919525009 0.020830008802898172
vn -0.9370063687219542 0.3472141753974188 0.038228018227314045
vn -0.9528483597606272 0.3027310919525009 0.020830008802898172
vn -0.9388107717927285 0.34417087856559286 -0.01344399915684254
vn -0.9370063687219542 0.3472141753974188 0.038228018227314045
vn -0.3172458918971374 0.8593557836462252 0.4010769018382536
vn -0.24555412369504218 0.9113104461695486 0.330479111349898
vn -0.8782039305015003 0.47583797434751846 0.04833299722308162
vn -0.24555412369504218 0.9113104461695486 0.330479111349898
vn -0.8452356979782157 0.5334817720453222 0.031205989147300894
vn -0.8782039305015003 0.47583797434751846 0.04833299722308162
vn -0.016529989533987297 0.8853276525523792 0.4646737641314604
vn -0.017354008181579433 0.9255693355481602 0.3781801733208276
vn -0.24555412369504218 0.9113104461695486 0.330479111349898
vn -0.016529989533987297 0.8853276525523792 0.4646737641314604
vn -0.24555412369504218 0.9113104461695486 0.330479111349898
vn -0.3172458918971374 0.8593557836462252 0.4010769018382536
vn -0.022024989209501415 0.8736718329289367 0.48601690114327645
vn -0.02219600000534506 0.9235960659520673 0.3827239795748718
vn -0.016529989533987297 0.8853276525523792 0.4646737641314604
vn -0.02219600000534506 0.9235960659520673 0.3827239795748718
vn -0.017354008181579433 0.9255693355481602 0.3781801733208276
vn -0.016529989533987297 0.8853276525523792 0.4646737641314604
vn -0.018268008267784346 0.8513713431973157 0.524245282149803
vn -0.02297199878585145 0.9238300124485239 0.38211306621357877
vn -0.022024989209501415 0.8736718329289367 0.48601690114327645
vn -0.02297199878585145 0.9238300124485239 0.38211306621357877
vn -0.02219600000534506 0.9235960659520673 0.3827239795748718
vn -0.022024989209501415 0.8736718329289367 0.48601690114327645
vn -0.02143301002654627 0.8544452519018078 0.5190991596830593
vn -0.02246499077031289 0.9233257834025753 0.3833599116935809
vn -0.018268008267784346 0.8513713431973157 0.524245282149803
vn -0.02246499077031289 0.9233257834025753 0.3833599116935809
vn -0.02297199878585145 0.9238300124485239 0.38211306621357877
vn -0.018268008267784346 0.8513713431973157 0.524245282149803
vn -0.02583301077430552 0.8397333058692907 0.5423842093646964
vn -0.02249299844030892 0.9212879818935059 0.3882299826646001
vn -0.02143301002654627 0.8544452519018078 0.5190991596830593
vn -0.02249299844030892 0.9212879818935059 0.3882299826646001
vn -0.02246499077031289 0.9233257834025753 0.3833599116935809
vn -0.02143301002654627 0.8544452519018078 0.5190991596830593
vn -0.025374998728560968 0.8592660839847184 0.5108991156315428
vn -0.02509499998337083 0.9228929553761356 0.38423799121499763
vn -0.02249299844030892 0.9212879818935059 0.3882299826646001
vn -0.025374998728560968 0.8592660839847184 0.5108991156315428
vn -0.02249299844030892 0.9212879818935059 0.3882299826646001
vn -0.02583301077430552 0.8397333058692907 0.5423842093646964
vn -0.020389998499304403 0.8811859352009803 0.47232996471235245
vn -0.021497010976214124 0.9263214585701798 0.3761202386358693
vn -0.02509499998337083 0.9228929553761356 0.38423799121499763
vn -0.020389998499304403 0.8811859352009803 0.47232996471235245
vn -0.02509499998337083 0.9228929553761356 0.38423799121499763
vn -0.025374998728560968 0.8592660839847184 0.5108991156315428
vn 0.060277005525486295 0.8709900148699014 0.4875890447926508
vn 0.07309002878403921 0.928031347374067 0.36526109289578335
vn -0.020389998499304403 0.8811859352009803 0.47232996471235245
vn 0.07309002878403921 0.928031347374067 0.36526109289578335
vn -0.021497010976214124 0.9263214585701798 0.3761202386358693
vn -0.020389998499304403 0.8811859352009803 0.47232996471235245
vn 0.5534769179912022 0.7651517825872733 0.3289468815089726
vn 0.48409516395136987 0.8423763726027447 0.23675708884749008
vn 0.060277005525486295 0.8709900148699014 0.4875890447926508
vn 0.48409516395136987 0.8423763726027447 0.23675708884749008
vn 0.07309002878403921 0.928031347374067 0.36526109289578335
vn 0.060277005525486295 0.8709900148699014 0.4875890447926508
vn 0.9184503368636474 0.3949751517343134 0.021062009104271518
vn 0.8828810301841565 0.4694370527909238 0.012244999303143307
vn 0.48409516395136987 0.8423763726027447 0.23675708884749008
vn 0.9184503368636474 0.3949751517343134 0.021062009104271518
vn 0.48409516395136987 0.8423763726027447 0.23675708884749008
vn 0.5534769179912022 0.7651517825872733 0.3289468815089726
vn 0.9846462687165546 0.17349008746107553 -0.01931100865607621
vn 0.9738428577372877 0.22685998744150307 -0.012830998874363767
vn 0.9184503368636474 0.3949751517343134 0.021062009104271518
vn 0.9738428577372877 0.22685998744150307 -0.012830998874363767
vn 0.8828810301841565 0.4694370527909238 0.012244999303143307
vn 0.9184503368636474 0.3949751517343134 0.021062009104271518
vn 0.9990915796216195 0.0385779869833351 -0.01810398987767352
vn 0.9993071234030128 0.03720200837593889 -0.001132999908393463
vn 0.9738428577372877 0.22685998744150307 -0.012830998874363767
vn 0.9990915796216195 0.0385779869833351 -0.01810398987767352
vn 0.9738428577372877 0.22685998744150307 -0.012830998874363767
vn 0.9846462687165546 0.17349008746107553 -0.01931100865607621
vn -0.9445051867436515 0.326017101893132 -0.04028401032100787
vn -0.9771565563598879 0.21246289703894422 -0.004957998054066039
vn -0.8782039305015003 0.47583797434751846 0.04833299722308162
vn -0.9771565563598879 0.21246289703894422 -0.004957998054066039
vn -0.829337053368698 0.5056520889903499 0.23773097570451462
vn -0.8782039305015003 0.47583797434751846 0.04833299722308162
vn -0.25927098985256014 0.7501160924809606 0.608362064581585
vn -0.3172458918971374 0.8593557836462252 0.4010769018382536
vn -0.829337053368698 0.5056520889903499 0.23773097570451462
vn -0.3172458918971374 0.8593557836462252 0.4010769018382536
vn -0.8782039305015003 0.47583797434751846 0.04833299722308162
vn -0.829337053368698 0.5056520889903499 0.23773097570451462
vn -0.25927098985256014 0.7501160924809606 0.608362064581585
vn -0.017187988562433427 0.7523426271697157 0.6585477540714478
vn -0.016529989533987297 0.8853276525523792 0.4646737641314604
vn -0.25927098985256014 0.7501160924809606 0.608362064581585
vn -0.016529989533987297 0.8853276525523792 0.4646737641314604
vn -0.3172458918971374 0.8593557836462252 0.4010769018382536
vn -0.016170000633541362 0.7490950811759219 0.6622651209580271
vn -0.022024989209501415 0.8736718329289367 0.48601690114327645
vn -0.017187988562433427 0.7523426271697157 0.6585477540714478
vn -0.022024989209501415 0.8736718329289367 0.48601690114327645
vn -0.016529989533987297 0.8853276525523792 0.4646737641314604
vn -0.017187988562433427 0.7523426271697157 0.6585477540714478
vn -0.012742989464313997 0.7100275625521992 0.7040585747192455
vn -0.018268008267784346 0.8513713431973157 0.524245282149803
vn -0.016170000633541362 0.7490950811759219 0.6622651209580271
vn -0.018268008267784346 0.8513713431973157 0.524245282149803
vn -0.022024989209501415 0.8736718329289367 0.48601690114327645
vn -0.016170000633541362 0.7490950811759219 0.6622651209580271
vn -0.01855399832839532 0.7438069434166937 0.6681369470932926
vn -0.02143301002654627 0.8544452519018078 0.5190991596830593
vn -0.018268008267784346 0.8513713431973157 0.524245282149803
vn -0.01855399832839532 0.7438069434166937 0.6681369470932926
vn -0.018268008267784346 0.8513713431973157 0.524245282149803
vn -0.012742989464313997 0.7100275625521992 0.7040585747192455
vn -0.01936799959326494 0.7200469697348537 0.6936549877045576
vn -0.02583301077430552 0.8397333058692907 0.5423842093646964
vn -0.02143301002654627 0.8544452519018078 0.5190991596830593
vn -0.01936799959326494 0.7200469697348537 0.6936549877045576
vn -0.02143301002654627 0.8544452519018078 0.5190991596830593
vn -0.01855399832839532 0.7438069434166937 0.6681369470932926
vn -0.019858002812375722 0.7113198762750325 0.7025878545352005
vn -0.025374998728560968 0.8592660839847184 0.5108991156315428
vn -0.02583301077430552 0.8397333058692907 0.5423842093646964
vn -0.019858002812375722 0.7113198762750325 0.7025878545352005
vn -0.02583301077430552 0.8397333058692907 0.5423842093646964
vn -0.01936799959326494 0.7200469697348537 0.6936549877045576
vn -0.02509801093961737 0.7203031790383944 0.693205178943477
vn -0.020389998499304403 0.8811859352009803 0.47232996471235245
vn -0.025374998728560968 0.8592660839847184 0.5108991156315428
vn -0.02509801093961737 0.7203031790383944 0.693205178943477
vn -0.025374998728560968 0.8592660839847184 0.5108991156315428
vn -0.019858002812375722 0.7113198762750325 0.7025878545352005
vn 0.0905730111231522 0.7624471044007197 0.6406800626264589
vn 0.060277005525486295 0.8709900148699014 0.4875890447926508
vn -0.02509801093961737 0.7203031790383944 0.693205178943477
vn 0.060277005525486295 0.8709900148699014 0.4875890447926508
vn -0.020389998499304403 0.8811859352009803 0.47232996471235245
vn -0.02509801093961737 0.7203031790383944 0.693205178943477
vn 0.0905730111231522 0.7624471044007197 0.6406800626264589
vn 0.5321808243363253 0.6700408343663569 0.5175218357618794
vn 0.5534769179912022 0.7651517825872733 0.3289468815089726
vn 0.0905730111231522 0.7624471044007197 0.6406800626264589
vn 0.5534769179912022 0.7651517825872733 0.3289468815089726
vn 0.060277005525486295 0.8709900148699014 0.4875890447926508
vn 0.5321808243363253 0.6700408343663569 0.5175218357618794
vn 0.9332903268211388 0.3450970595943186 0.09938402950900746
vn 0.5534769179912022 0.7651517825872733 0.3289468815089726
vn 0.9332903268211388 0.3450970595943186 0.09938402950900746
vn 0.9184503368636474 0.3949751517343134 0.021062009104271518
vn 0.5534769179912022 0.7651517825872733 0.3289468815089726
vn 0.9332903268211388 0.3450970595943186 0.09938402950900746
vn 0.9955606231243083 0.09382696050313456 0.007452997187877428
vn 0.9846462687165546 0.17349008746107553 -0.01931100865607621
vn 0.9332903268211388 0.3450970595943186 0.09938402950900746
vn 0.9846462687165546 0.17349008746107553 -0.01931100865607621
vn 0.9184503368636474 0.3949751517343134 0.021062009104271518
vn 0.9990915796216195 0.0385779869833351 -0.01810398987767352
vn 0.9846462687165546 0.17349008746107553 -0.01931100865607621
vn 0.9955606231243083 0.09382696050313456 0.007452997187877428
vn 0.9990915796216195 0.0385779869833351 -0.01810398987767352
vn 0.9955606231243083 0.09382696050313456 0.007452997187877428
vn 0.9999109024722408 -0.013332000154479053 -0.0006670000224158492
vn -0.012495999272375354 0.6019630602604794 0.7984261544338481
vn -0.015760998234157816 0.6009078859993606 0.7991628766893781
vn -0.016170000633541362 0.7490950811759219 0.6622651209580271
vn -0.012495999272375354 0.6019630602604794 0.7984261544338481
vn -0.016170000633541362 0.7490950811759219 0.6622651209580271
vn -0.017187988562433427 0.7523426271697157 0.6585477540714478
vn -0.015760998234157816 0.6009078859993606 0.7991628766893781
vn -0.012276998730202788 0.5488739793479795 0.8358149496730077
vn -0.012742989464313997 0.7100275625521992 0.7040585747192455
vn -0.015760998234157816 0.6009078859993606 0.7991628766893781
vn -0.012742989464313997 0.7100275625521992 0.7040585747192455
vn -0.016170000633541362 0.7490950811759219 0.6622651209580271
vn -0.012276998730202788 0.5488739793479795 0.8358149496730077
vn -0.01527100824458505 0.5858903496886565 0.8102464405653983
vn -0.012742989464313997 0.7100275625521992 0.7040585747192455
vn -0.01527100824458505 0.5858903496886565 0.8102464405653983
vn -0.01855399832839532 0.7438069434166937 0.6681369470932926
vn -0.012742989464313997 0.7100275625521992 0.7040585747192455
vn -0.01527100824458505 0.5858903496886565 0.8102464405653983
vn -0.010129009553092233 0.5513153859110443 0.8342354274563203
vn -0.01936799959326494 0.7200469697348537 0.6936549877045576
vn -0.01527100824458505 0.5858903496886565 0.8102464405653983
vn -0.01936799959326494 0.7200469697348537 0.6936549877045576
vn -0.01855399832839532 0.7438069434166937 0.6681369470932926
vn -0.010129009553092233 0.5513153859110443 0.8342354274563203
vn -0.001270000021636225 0.559110885930022 0.8290919154921793
vn -0.019858002812375722 0.7113198762750325 0.7025878545352005
vn -0.010129009553092233 0.5513153859110443 0.8342354274563203
vn -0.019858002812375722 0.7113198762750325 0.7025878545352005
vn -0.01936799959326494 0.7200469697348537 0.6936549877045576
vn -0.001270000021636225 0.559110885930022 0.8290919154921793
vn -0.027953009993238256 0.5392851222060336 0.8416591864879401
vn -0.02509801093961737 0.7203031790383944 0.693205178943477
vn -0.001270000021636225 0.559110885930022 0.8290919154921793
vn -0.02509801093961737 0.7203031790383944 0.693205178943477
vn -0.019858002812375722 0.7113198762750325 0.7025878545352005
vn 0.008814002179884645 0.4522960973675973 0.8918242840782111
vn -0.0047459970203460764 0.40435779073470024 0.9145885701146911
vn -0.001270000021636225 0.559110885930022 0.8290919154921793
vn -0.0047459970203460764 0.40435779073470024 0.9145885701146911
vn -0.027953009993238256 0.5392851222060336 0.8416591864879401
vn -0.001270000021636225 0.559110885930022 0.8290919154921793
vn 0.008814002179884645 0.4522960973675973 0.8918242840782111
vn -0.001270000021636225 0.559110885930022 0.8290919154921793
vn -0.010129009553092233 0.5513153859110443 0.8342354274563203
vn 0.008814002179884645 0.4522960973675973 0.8918242840782111
vn -0.010129009553092233 0.5513153859110443 0.8342354274563203
vn -0.007818997082269623 0.49507380646166893 0.868815739636536
vn -0.007818997082269623 0.49507380646166893 0.868815739636536
vn -0.010129009553092233 0.5513153859110443 0.8342354274563203
vn -0.014692000721343865 0.4977729228468201 0.8671829463240947
vn -0.010129009553092233 0.5513153859110443 0.8342354274563203
vn -0.01527100824458505 0.5858903496886565 0.8102464405653983
vn -0.014692000721343865 0.4977729228468201 0.8671829463240947
vn -0.014692000721343865 0.4977729228468201 0.8671829463240947
vn -0.01527100824458505 0.5858903496886565 0.8102464405653983
vn -0.012276998730202788 0.5488739793479795 0.8358149496730077
vn -0.014692000721343865 0.4977729228468201 0.8671829463240947
vn -0.012276998730202788 0.5488739793479795 0.8358149496730077
vn -0.010017000398599582 0.5015897880966371 0.8650475964825204
vn -0.010017000398599582 0.5015897880966371 0.8650475964825204
vn -0.012276998730202788 0.5488739793479795 0.8358149496730077
vn -0.010914000082277468 0.5179799952275747 0.8553231021936949
vn -0.012276998730202788 0.5488739793479795 0.8358149496730077
vn -0.015760998234157816 0.6009078859993606 0.7991628766893781
vn -0.010914000082277468 0.5179799952275747 0.8553231021936949
vn -0.010914000082277468 0.5179799952275747 0.8553231021936949
vn -0.015760998234157816 0.6009078859993606 0.7991628766893781
vn -0.012495999272375354 0.6019630602604794 0.7984261544338481
vn -0.010914000082277468 0.5179799952275747 0.8553231021936949
vn -0.012495999272375354 0.6019630602604794 0.7984261544338481
vn -0.015444008284739795 0.5191701816351572 0.854531336528403
vn -0.23372102086837251 0.579955920370098 0.7804009321060033
vn -0.012495999272375354 0.6019630602604794 0.7984261544338481
vn -0.017187988562433427 0.7523426271697157 0.6585477540714478
vn -0.23372102086837251 0.579955920370098 0.7804009321060033
vn -0.017187988562433427 0.7523426271697157 0.6585477540714478
vn -0.25927098985256014 0.7501160924809606 0.608362064581585
vn -0.015444008284739795 0.5191701816351572 0.854531336528403
vn -0.012495999272375354 0.6019630602604794 0.7984261544338481
vn -0.23372102086837251 0.579955920370098 0.7804009321060033
vn -0.015444008284739795 0.5191701816351572 0.854531336528403
vn -0.23372102086837251 0.579955920370098 0.7804009321060033
vn -0.313288204091864 0.4657232944485202 0.8276184593065281
vn 0.11827598961427839 0.5888819772333284 0.7995178591942326
vn 0.0905730111231522 0.7624471044007197 0.6406800626264589
vn -0.02509801093961737 0.7203031790383944 0.693205178943477
vn 0.11827598961427839 0.5888819772333284 0.7995178591942326
vn -0.02509801093961737 0.7203031790383944 0.693205178943477
vn -0.027953009993238256 0.5392851222060336 0.8416591864879401
vn -0.0047459970203460764 0.40435779073470024 0.9145885701146911
vn 0.12646398404994977 0.4042821792219218 0.9058492039527264
vn -0.027953009993238256 0.5392851222060336 0.8416591864879401
vn 0.12646398404994977 0.4042821792219218 0.9058492039527264
vn 0.11827598961427839 0.5888819772333284 0.7995178591942326
vn -0.027953009993238256 0.5392851222060336 0.8416591864879401
vn -0.8441511185393956 0.401444006576779 0.3553190096973009
vn -0.23372102086837251 0.579955920370098 0.7804009321060033
vn -0.25927098985256014 0.7501160924809606 0.608362064581585
vn -0.8441511185393956 0.401444006576779 0.3553190096973009
vn -0.25927098985256014 0.7501160924809606 0.608362064581585
vn -0.829337053368698 0.5056520889903499 0.23773097570451462
vn -0.8171017196727637 0.29855689504227745 0.4931617991395186
vn -0.313288204091864 0.4657232944485202 0.8276184593065281
vn -0.23372102086837251 0.579955920370098 0.7804009321060033
vn -0.8171017196727637 0.29855689504227745 0.4931617991395186
vn -0.23372102086837251 0.579955920370098 0.7804009321060033
vn -0.8441511185393956 0.401444006576779 0.3553190096973009
vn 0.673632717374861 0.4772348360985285 0.5643278065948649
vn 0.9565777942376555 0.20865400492699948 0.2035250102551156
vn 0.9332903268211388 0.3450970595943186 0.09938402950900746
vn 0.673632717374861 0.4772348360985285 0.5643278065948649
vn 0.9332903268211388 0.3450970595943186 0.09938402950900746
vn 0.5321808243363253 0.6700408343663569 0.5175218357618794
vn 0.11827598961427839 0.5888819772333284 0.7995178591942326
vn 0.673632717374861 0.4772348360985285 0.5643278065948649
vn 0.5321808243363253 0.6700408343663569 0.5175218357618794
vn 0.11827598961427839 0.5888819772333284 0.7995178591942326
vn 0.5321808243363253 0.6700408343663569 0.5175218357618794
vn 0.0905730111231522 0.7624471044007197 0.6406800626264589
vn 0.12646398404994977 0.4042821792219218 0.9058492039527264
vn 0.6278219795380203 0.3302550005372672 0.7048199746240817
vn 0.11827598961427839 0.5888819772333284 0.7995178591942326
vn 0.6278219795380203 0.3302550005372672 0.7048199746240817
vn 0.673632717374861 0.4772348360985285 0.5643278065948649
vn 0.11827598961427839 0.5888819772333284 0.7995178591942326
vn 0.6278219795380203 0.3302550005372672 0.7048199746240817
vn 0.9488873386078209 0.07841702483964479 0.3057181526260179
vn 0.9565777942376555 0.20865400492699948 0.2035250102551156
vn 0.6278219795380203 0.3302550005372672 0.7048199746240817
vn 0.9565777942376555 0.20865400492699948 0.2035250102551156
vn 0.673632717374861 0.4772348360985285 0.5643278065948649
vn 0.9488873386078209 0.07841702483964479 0.3057181526260179
vn 0.9556958278322657 -0.006189998527369619 0.2942909590562225
vn 0.9979107855501071 -0.007535998183951625 0.0641659786346269
vn 0.9488873386078209 0.07841702483964479 0.3057181526260179
vn 0.9979107855501071 -0.007535998183951625 0.0641659786346269
vn 0.9991163884986561 0.0021110007461328842 0.04197601588112061
vn 0.9979107855501071 -0.007535998183951625 0.0641659786346269
vn 0.9995245190744597 -0.017954991074863695 0.025066991532128803
vn 0.9991163884986561 0.0021110007461328842 0.04197601588112061
vn 0.9995245190744597 -0.017954991074863695 0.025066991532128803
vn 0.9999109024722408 -0.013332000154479053 -0.0006670000224158492
vn 0.9991163884986561 0.0021110007461328842 0.04197601588112061
vn 0.9988989310121462 0.03741099863247018 -0.028307998942220844
vn 0.9977735888826984 0.002375999002731006 -0.06664998092182241
vn 0.9993071234030128 0.03720200837593889 -0.001132999908393463
vn 0.9977735888826984 0.002375999002731006 -0.06664998092182241
vn 0.999315862543622 -0.03285398898672171 -0.016982999627769297
vn 0.9993071234030128 0.03720200837593889 -0.001132999908393463
vn 0.9977735888826984 0.002375999002731006 -0.06664998092182241
vn 0.9880827362667364 0.02322799873678886 -0.15216098831935584
vn 0.9944132107299467 -0.09406000867767368 -0.04790700463725925
vn 0.9977735888826984 0.002375999002731006 -0.06664998092182241
vn 0.9944132107299467 -0.09406000867767368 -0.04790700463725925
vn 0.999315862543622 -0.03285398898672171 -0.016982999627769297
vn 0.9880827362667364 0.02322799873678886 -0.15216098831935584
vn 0.9565386164706254 0.07718597343303259 -0.28120490875099824
vn 0.9777814774027865 -0.13205009736850612 -0.16280710744003815
vn 0.9880827362667364 0.02322799873678886 -0.15216098831935584
vn 0.9777814774027865 -0.13205009736850612 -0.16280710744003815
vn 0.9944132107299467 -0.09406000867767368 -0.04790700463725925
vn 0.910299520380129 -0.020421010417480595 -0.4134462063306858
vn 0.9422727338868433 -0.19983698890502147 -0.2686768930123852
vn 0.9777814774027865 -0.13205009736850612 -0.16280710744003815
vn 0.910299520380129 -0.020421010417480595 -0.4134462063306858
vn 0.9777814774027865 -0.13205009736850612 -0.16280710744003815
vn 0.9565386164706254 0.07718597343303259 -0.28120490875099824
vn 0.9024381906547703 0.030840008333173564 -0.4297140978997016
vn 0.9409829022424339 0.0969309932301016 -0.3242769807415138
vn 0.9897095201437134 0.035781987281710684 -0.13854499313606441
vn 0.9409829022424339 0.0969309932301016 -0.3242769807415138
vn 0.9981496600374692 0.04986198231310536 -0.03479998400706684
vn 0.9897095201437134 0.035781987281710684 -0.13854499313606441
vn 0.9409829022424339 0.0969309932301016 -0.3242769807415138
vn 0.965453978386318 0.1527979963700113 -0.21107199701367538
vn 0.9981496600374692 0.04986198231310536 -0.03479998400706684
vn 0.965453978386318 0.1527979963700113 -0.21107199701367538
vn 0.9992374946918108 0.03598101813794471 -0.015159008403921018
vn 0.9981496600374692 0.04986198231310536 -0.03479998400706684
vn 0.965453978386318 0.1527979963700113 -0.21107199701367538
vn 0.9882540621634888 0.1153310006323189 -0.10026299871094776
vn 0.9991537113980301 0.03729999206322903 -0.017337000652508767
vn 0.965453978386318 0.1527979963700113 -0.21107199701367538
vn 0.9991537113980301 0.03729999206322903 -0.017337000652508767
vn 0.9992374946918108 0.03598101813794471 -0.015159008403921018
vn 0.9882540621634888 0.1153310006323189 -0.10026299871094776
vn 0.9939390905447025 0.10860899713973154 -0.017005000072668145
vn 0.9990992445177287 0.04210500870482201 -0.005279000480279708
vn 0.9882540621634888 0.1153310006323189 -0.10026299871094776
vn 0.9990992445177287 0.04210500870482201 -0.005279000480279708
vn 0.9991537113980301 0.03729999206322903 -0.017337000652508767
vn 0.9939390905447025 0.10860899713973154 -0.017005000072668145
vn 0.9989953413200634 0.04472400626016995 0.002841000677660879
vn 0.998532704930311 0.053450986874617586 0.008684997794243084
vn 0.9939390905447025 0.10860899713973154 -0.017005000072668145
vn 0.998532704930311 0.053450986874617586 0.008684997794243084
vn 0.9990992445177287 0.04210500870482201 -0.005279000480279708
vn 0.9989953413200634 0.04472400626016995 0.002841000677660879
vn 0.9959339937135585 0.07424099625300001 0.051026999138921184
vn 0.998532704930311 0.053450986874617586 0.008684997794243084
vn 0.9959339937135585 0.07424099625300001 0.051026999138921184
vn 0.9990304150857909 0.043009017987517335 0.009405004266961831
vn 0.998532704930311 0.053450986874617586 0.008684997794243084
vn 0.9959339937135585 0.07424099625300001 0.051026999138921184
vn 0.9871108723909009 0.07440099111371021 0.1416919832911247
vn 0.9983899223525197 0.05172399676130535 0.023284997401031474
vn 0.9959339937135585 0.07424099625300001 0.051026999138921184
vn 0.9983899223525197 0.05172399676130535 0.023284997401031474
vn 0.9990304150857909 0.043009017987517335 0.009405004266961831
vn 0.9871108723909009 0.07440099111371021 0.1416919832911247
vn 0.9406441930966484 0.09837600711701024 0.324824049628825
vn 0.992336625293807 0.07487797400109829 0.09829196869525685
vn 0.9871108723909009 0.07440099111371021 0.1416919832911247
vn 0.992336625293807 0.07487797400109829 0.09829196869525685
vn 0.9983899223525197 0.05172399676130535 0.023284997401031474
vn 0.9137529895150085 -0.012816000028993208 -0.4060680045209689
vn 0.9024381906547703 0.030840008333173564 -0.4297140978997016
vn 0.9897095201437134 0.035781987281710684 -0.13854499313606441
vn 0.9137529895150085 -0.012816000028993208 -0.4060680045209689
vn 0.9897095201437134 0.035781987281710684 -0.13854499313606441
vn 0.9957239288014337 0.005746000128575685 -0.09220000593687579
vn 0.9381319235300591 -0.11252298922348523 -0.32748598588337036
vn 0.9137529895150085 -0.012816000028993208 -0.4060680045209689
vn 0.9957239288014337 0.005746000128575685 -0.09220000593687579
vn 0.9381319235300591 -0.11252298922348523 -0.32748598588337036
vn 0.9957239288014337 0.005746000128575685 -0.09220000593687579
vn 0.9984593589951465 -0.015247007267162556 -0.05335201218694859
vn 0.9435602585453157 -0.22008805647098906 -0.2474980523008612
vn 0.9381319235300591 -0.11252298922348523 -0.32748598588337036
vn 0.9984593589951465 -0.015247007267162556 -0.05335201218694859
vn 0.9435602585453157 -0.22008805647098906 -0.2474980523008612
vn 0.9984593589951465 -0.015247007267162556 -0.05335201218694859
vn 0.9988055792799002 -0.029325989911096625 -0.039081979416058794
vn 0.9352739742586047 -0.30645700283977423 -0.17704998866133062
vn 0.9435602585453157 -0.22008805647098906 -0.2474980523008612
vn 0.9988055792799002 -0.029325989911096625 -0.039081979416058794
vn 0.9352739742586047 -0.30645700283977423 -0.17704998866133062
vn 0.9988055792799002 -0.029325989911096625 -0.039081979416058794
vn 0.9987719659118198 -0.04107099900603718 -0.027707997929924153
vn 0.9486915312915166 -0.30719290607693667 -0.07494595994290783
vn 0.9352739742586047 -0.30645700283977423 -0.17704998866133062
vn 0.9987719659118198 -0.04107099900603718 -0.027707997929924153
vn 0.9486915312915166 -0.30719290607693667 -0.07494595994290783
vn 0.9987719659118198 -0.04107099900603718 -0.027707997929924153
vn 0.9988782177287112 -0.04527001249442386 -0.013890000571204068
vn 0.9444837185414144 -0.3279158728528842 0.02053498822286523
vn 0.9486915312915166 -0.30719290607693667 -0.07494595994290783
vn 0.9988782177287112 -0.04527001249442386 -0.013890000571204068
vn 0.9444837185414144 -0.3279158728528842 0.02053498822286523
vn 0.9988782177287112 -0.04527001249442386 -0.013890000571204068
vn 0.998976914239243 -0.044912000512750634 0.005295000187276978
vn 0.9508031714522117 -0.29175807527706127 0.104165995732969
vn 0.9444837185414144 -0.3279158728528842 0.02053498822286523
vn 0.998976914239243 -0.044912000512750634 0.005295000187276978
vn 0.9508031714522117 -0.29175807527706127 0.104165995732969
vn 0.998976914239243 -0.044912000512750634 0.005295000187276978
vn 0.999756136876849 -0.02034400799244948 0.008590000924451217
vn 0.9420579162016143 -0.2624279880695252 0.2089460064218827
vn 0.9508031714522117 -0.29175807527706127 0.104165995732969
vn 0.9989301244757817 -0.03125300717623494 0.03408600823272908
vn 0.9508031714522117 -0.29175807527706127 0.104165995732969
vn 0.999756136876849 -0.02034400799244948 0.008590000924451217
vn 0.9989301244757817 -0.03125300717623494 0.03408600823272908
vn 0.9393436776781924 -0.2104159235013272 0.2708479173689394
vn 0.9420579162016143 -0.2624279880695252 0.2089460064218827
vn 0.9981355174173113 -0.02221898943785814 0.056848969897760004
vn 0.9420579162016143 -0.2624279880695252 0.2089460064218827
vn 0.9989301244757817 -0.03125300717623494 0.03408600823272908
vn 0.9981355174173113 -0.02221898943785814 0.056848969897760004
vn 0.9365626263328196 -0.14594288248212486 0.31867086783918597
vn 0.9393436776781924 -0.2104159235013272 0.2708479173689394
vn 0.9980084316448239 -0.016696008815239218 0.06083102543505353
vn 0.9393436776781924 -0.2104159235013272 0.2708479173689394
vn 0.9981355174173113 -0.02221898943785814 0.056848969897760004
vn 0.9980084316448239 -0.016696008815239218 0.06083102543505353
vn 0.9151060146127244 -0.1018150019673475 0.3901470074138784
vn 0.9365626263328196 -0.14594288248212486 0.31867086783918597
vn 0.9959232123164834 -0.01735400020652366 0.08852001946480177
vn 0.9365626263328196 -0.14594288248212486 0.31867086783918597
vn 0.9980084316448239 -0.016696008815239218 0.06083102543505353
vn 0.9959232123164834 -0.01735400020652366 0.08852001946480177
vn 0.9237786703769074 0.006314997737276187 0.3828747692918028
vn 0.9151060146127244 -0.1018150019673475 0.3901470074138784
vn 0.9959232123164834 -0.01735400020652366 0.08852001946480177
vn 0.9237786703769074 0.006314997737276187 0.3828747692918028
vn 0.9959232123164834 -0.01735400020652366 0.08852001946480177
vn 0.9962085258312992 0.03264101697494714 0.08064203042998826
vn 0.9212171787307408 0.13204198507265383 0.3659560407882992
vn 0.9237786703769074 0.006314997737276187 0.3828747692918028
vn 0.9962085258312992 0.03264101697494714 0.08064203042998826
vn 0.9212171787307408 0.13204198507265383 0.3659560407882992
vn 0.9962085258312992 0.03264101697494714 0.08064203042998826
vn 0.9967584714659009 0.052265023698705046 0.06116303506804033
vn 0.9406441930966484 0.09837600711701024 0.324824049628825
vn 0.9212171787307408 0.13204198507265383 0.3659560407882992
vn 0.992336625293807 0.07487797400109829 0.09829196869525685
vn 0.9212171787307408 0.13204198507265383 0.3659560407882992
vn 0.9967584714659009 0.052265023698705046 0.06116303506804033
vn 0.992336625293807 0.07487797400109829 0.09829196869525685
vn 0.9024381906547703 0.030840008333173564 -0.4297140978997016
vn 0.910299520380129 -0.020421010417480595 -0.4134462063306858
vn 0.9409829022424339 0.0969309932301016 -0.3242769807415138
vn 0.910299520380129 -0.020421010417480595 -0.4134462063306858
vn 0.9565386164706254 0.07718597343303259 -0.28120490875099824
vn 0.9409829022424339 0.0969309932301016 -0.3242769807415138
vn 0.9880827362667364 0.02322799873678886 -0.15216098831935584
vn 0.965453978386318 0.1527979963700113 -0.21107199701367538
vn 0.9565386164706254 0.07718597343303259 -0.28120490875099824
vn 0.965453978386318 0.1527979963700113 -0.21107199701367538
vn 0.9409829022424339 0.0969309932301016 -0.3242769807415138
vn 0.9565386164706254 0.07718597343303259 -0.28120490875099824
vn 0.9977735888826984 0.002375999002731006 -0.06664998092182241
vn 0.9882540621634888 0.1153310006323189 -0.10026299871094776
vn 0.9880827362667364 0.02322799873678886 -0.15216098831935584
vn 0.9882540621634888 0.1153310006323189 -0.10026299871094776
vn 0.965453978386318 0.1527979963700113 -0.21107199701367538
vn 0.9880827362667364 0.02322799873678886 -0.15216098831935584
vn 0.9988989310121462 0.03741099863247018 -0.028307998942220844
vn 0.9939390905447025 0.10860899713973154 -0.017005000072668145
vn 0.9882540621634888 0.1153310006323189 -0.10026299871094776
vn 0.9988989310121462 0.03741099863247018 -0.028307998942220844
vn 0.9882540621634888 0.1153310006323189 -0.10026299871094776
vn 0.9977735888826984 0.002375999002731006 -0.06664998092182241
vn 0.9990915796216195 0.0385779869833351 -0.01810398987767352
vn 0.9989953413200634 0.04472400626016995 0.002841000677660879
vn 0.9988989310121462 0.03741099863247018 -0.028307998942220844
vn 0.9989953413200634 0.04472400626016995 0.002841000677660879
vn 0.9939390905447025 0.10860899713973154 -0.017005000072668145
vn 0.9988989310121462 0.03741099863247018 -0.028307998942220844
vn 0.9995245190744597 -0.017954991074863695 0.025066991532128803
vn 0.9959339937135585 0.07424099625300001 0.051026999138921184
vn 0.9989953413200634 0.04472400626016995 0.002841000677660879
vn 0.9995245190744597 -0.017954991074863695 0.025066991532128803
vn 0.9989953413200634 0.04472400626016995 0.002841000677660879
vn 0.9990915796216195 0.0385779869833351 -0.01810398987767352
vn 0.9979107855501071 -0.007535998183951625 0.0641659786346269
vn 0.9871108723909009 0.07440099111371021 0.1416919832911247
vn 0.9959339937135585 0.07424099625300001 0.051026999138921184
vn 0.9979107855501071 -0.007535998183951625 0.0641659786346269
vn 0.9959339937135585 0.07424099625300001 0.051026999138921184
vn 0.9995245190744597 -0.017954991074863695 0.025066991532128803
vn 0.9556958278322657 -0.006189998527369619 0.2942909590562225
vn 0.9406441930966484 0.09837600711701024 0.324824049628825
vn 0.9871108723909009 0.07440099111371021 0.1416919832911247
vn 0.9556958278322657 -0.006189998527369619 0.2942909590562225
vn 0.9871108723909009 0.07440099111371021 0.1416919832911247
vn 0.9979107855501071 -0.007535998183951625 0.0641659786346269
vn 0.8633109005512006 -0.21524500030990001 -0.45646892427750885
vn 0.9061849963291038 -0.3938040621936963 -0.15410098321479193
vn 0.9422727338868433 -0.19983698890502147 -0.2686768930123852
vn 0.8633109005512006 -0.21524500030990001 -0.45646892427750885
vn 0.9422727338868433 -0.19983698890502147 -0.2686768930123852
vn 0.910299520380129 -0.020421010417480595 -0.4134462063306858
vn 0.7581369977632801 -0.08152599741104011 -0.6469789829419618
vn 0.8633109005512006 -0.21524500030990001 -0.45646892427750885
vn 0.910299520380129 -0.020421010417480595 -0.4134462063306858
vn 0.7581369977632801 -0.08152599741104011 -0.6469789829419618
vn 0.910299520380129 -0.020421010417480595 -0.4134462063306858
vn 0.9024381906547703 0.030840008333173564 -0.4297140978997016
vn 0.7370171242769493 -0.15113198401320124 -0.6587601095472989
vn 0.7581369977632801 -0.08152599741104011 -0.6469789829419618
vn 0.9137529895150085 -0.012816000028993208 -0.4060680045209689
vn 0.7581369977632801 -0.08152599741104011 -0.6469789829419618
vn 0.9024381906547703 0.030840008333173564 -0.4297140978997016
vn 0.9137529895150085 -0.012816000028993208 -0.4060680045209689
vn 0.7299848281233317 -0.30626399149962347 -0.6110028790607034
vn 0.7370171242769493 -0.15113198401320124 -0.6587601095472989
vn 0.9381319235300591 -0.11252298922348523 -0.32748598588337036
vn 0.7370171242769493 -0.15113198401320124 -0.6587601095472989
vn 0.9137529895150085 -0.012816000028993208 -0.4060680045209689
vn 0.9381319235300591 -0.11252298922348523 -0.32748598588337036
vn 0.7487099078392191 -0.468961970606657 -0.46851696236967655
vn 0.7299848281233317 -0.30626399149962347 -0.6110028790607034
vn 0.9435602585453157 -0.22008805647098906 -0.2474980523008612
vn 0.7299848281233317 -0.30626399149962347 -0.6110028790607034
vn 0.9381319235300591 -0.11252298922348523 -0.32748598588337036
vn 0.9435602585453157 -0.22008805647098906 -0.2474980523008612
vn 0.7485078458884067 -0.5712589675423317 -0.3367479719997824
vn 0.7487099078392191 -0.468961970606657 -0.46851696236967655
vn 0.9352739742586047 -0.30645700283977423 -0.17704998866133062
vn 0.7487099078392191 -0.468961970606657 -0.46851696236967655
vn 0.9435602585453157 -0.22008805647098906 -0.2474980523008612
vn 0.9352739742586047 -0.30645700283977423 -0.17704998866133062
vn 0.7560016827089739 -0.6323776605421549 -0.16899689402007087
vn 0.7485078458884067 -0.5712589675423317 -0.3367479719997824
vn 0.9352739742586047 -0.30645700283977423 -0.17704998866133062
vn 0.7560016827089739 -0.6323776605421549 -0.16899689402007087
vn 0.9352739742586047 -0.30645700283977423 -0.17704998866133062
vn 0.9486915312915166 -0.30719290607693667 -0.07494595994290783
vn 0.7620121292419796 -0.6462821498863114 0.04070500738769086
vn 0.7560016827089739 -0.6323776605421549 -0.16899689402007087
vn 0.9486915312915166 -0.30719290607693667 -0.07494595994290783
vn 0.7620121292419796 -0.6462821498863114 0.04070500738769086
vn 0.9486915312915166 -0.30719290607693667 -0.07494595994290783
vn 0.9444837185414144 -0.3279158728528842 0.02053498822286523
vn 0.7684133497386075 -0.607555270695075 0.20104108285155667
vn 0.7620121292419796 -0.6462821498863114 0.04070500738769086
vn 0.9444837185414144 -0.3279158728528842 0.02053498822286523
vn 0.7684133497386075 -0.607555270695075 0.20104108285155667
vn 0.9444837185414144 -0.3279158728528842 0.02053498822286523
vn 0.9508031714522117 -0.29175807527706127 0.104165995732969
vn 0.7860415451477207 -0.5230667706386127 0.3294538552748724
vn 0.7684133497386075 -0.607555270695075 0.20104108285155667
vn 0.9508031714522117 -0.29175807527706127 0.104165995732969
vn 0.7860415451477207 -0.5230667706386127 0.3294538552748724
vn 0.9508031714522117 -0.29175807527706127 0.104165995732969
vn 0.9420579162016143 -0.2624279880695252 0.2089460064218827
vn 0.7560769619164938 -0.4536929846756033 0.4717099779687382
vn 0.7860415451477207 -0.5230667706386127 0.3294538552748724
vn 0.9420579162016143 -0.2624279880695252 0.2089460064218827
vn 0.7560769619164938 -0.4536929846756033 0.4717099779687382
vn 0.9420579162016143 -0.2624279880695252 0.2089460064218827
vn 0.9393436776781924 -0.2104159235013272 0.2708479173689394
vn 0.7749750534018994 -0.3180789669974383 0.5461130261755031
vn 0.7560769619164938 -0.4536929846756033 0.4717099779687382
vn 0.9393436776781924 -0.2104159235013272 0.2708479173689394
vn 0.7749750534018994 -0.3180789669974383 0.5461130261755031
vn 0.9393436776781924 -0.2104159235013272 0.2708479173689394
vn 0.9365626263328196 -0.14594288248212486 0.31867086783918597
vn 0.7500821992229493 -0.2156040636553459 0.6252132293419306
vn 0.7749750534018994 -0.3180789669974383 0.5461130261755031
vn 0.9365626263328196 -0.14594288248212486 0.31867086783918597
vn 0.7500821992229493 -0.2156040636553459 0.6252132293419306
vn 0.9365626263328196 -0.14594288248212486 0.31867086783918597
vn 0.9151060146127244 -0.1018150019673475 0.3901470074138784
vn 0.7431997519591578 -0.06123397267687722 0.6662616072370174
vn 0.7500821992229493 -0.2156040636553459 0.6252132293419306
vn 0.9151060146127244 -0.1018150019673475 0.3901470074138784
vn 0.7431997519591578 -0.06123397267687722 0.6662616072370174
vn 0.9151060146127244 -0.1018150019673475 0.3901470074138784
vn 0.9237786703769074 0.006314997737276187 0.3828747692918028
vn 0.733071956483959 0.12188500718408933 0.6691409056697364
vn 0.7431997519591578 -0.06123397267687722 0.6662616072370174
vn 0.9237786703769074 0.006314997737276187 0.3828747692918028
vn 0.733071956483959 0.12188500718408933 0.6691409056697364
vn 0.9237786703769074 0.006314997737276187 0.3828747692918028
vn 0.9212171787307408 0.13204198507265383 0.3659560407882992
vn 0.7703671305430483 0.11991799206584118 0.6262221325997405
vn 0.733071956483959 0.12188500718408933 0.6691409056697364
vn 0.9212171787307408 0.13204198507265383 0.3659560407882992
vn 0.7703671305430483 0.11991799206584118 0.6262221325997405
vn 0.9212171787307408 0.13204198507265383 0.3659560407882992
vn 0.9406441930966484 0.09837600711701024 0.324824049628825
vn 0.6929469692626898 0.12085600176384262 0.7107871162502252
vn 0.7703671305430483 0.11991799206584118 0.6262221325997405
vn 0.9556958278322657 -0.006189998527369619 0.2942909590562225
vn 0.7703671305430483 0.11991799206584118 0.6262221325997405
vn 0.9406441930966484 0.09837600711701024 0.324824049628825
vn 0.9556958278322657 -0.006189998527369619 0.2942909590562225
vn 0.6278219795380203 0.3302550005372672 0.7048199746240817
vn 0.6929469692626898 0.12085600176384262 0.7107871162502252
vn 0.9488873386078209 0.07841702483964479 0.3057181526260179
vn 0.6929469692626898 0.12085600176384262 0.7107871162502252
vn 0.9556958278322657 -0.006189998527369619 0.2942909590562225
vn 0.9488873386078209 0.07841702483964479 0.3057181526260179
vn 0.8349364270693221 -0.3521647743448448 -0.422919773081561
vn 0.8319439369822439 -0.5104379932049723 -0.21753698722599973
vn 0.9061849963291038 -0.3938040621936963 -0.15410098321479193
vn 0.8349364270693221 -0.3521647743448448 -0.422919773081561
vn 0.9061849963291038 -0.3938040621936963 -0.15410098321479193
vn 0.8633109005512006 -0.21524500030990001 -0.45646892427750885
vn 0.7065596479086212 -0.25490886436929283 -0.6601476613706988
vn 0.8349364270693221 -0.3521647743448448 -0.422919773081561
vn 0.8633109005512006 -0.21524500030990001 -0.45646892427750885
vn 0.7065596479086212 -0.25490886436929283 -0.6601476613706988
vn 0.8633109005512006 -0.21524500030990001 -0.45646892427750885
vn 0.7581369977632801 -0.08152599741104011 -0.6469789829419618
vn 0.534493786198383 -0.2755719033603667 -0.7989846798241265
vn 0.7065596479086212 -0.25490886436929283 -0.6601476613706988
vn 0.7581369977632801 -0.08152599741104011 -0.6469789829419618
vn 0.534493786198383 -0.2755719033603667 -0.7989846798241265
vn 0.7581369977632801 -0.08152599741104011 -0.6469789829419618
vn 0.7370171242769493 -0.15113198401320124 -0.6587601095472989
vn 0.45095899996745525 -0.44295701674925714 -0.7748709967865302
vn 0.534493786198383 -0.2755719033603667 -0.7989846798241265
vn 0.7299848281233317 -0.30626399149962347 -0.6110028790607034
vn 0.534493786198383 -0.2755719033603667 -0.7989846798241265
vn 0.7370171242769493 -0.15113198401320124 -0.6587601095472989
vn 0.7299848281233317 -0.30626399149962347 -0.6110028790607034
vn 0.46502006344683877 -0.6421971545733622 -0.6093760376399577
vn 0.45095899996745525 -0.44295701674925714 -0.7748709967865302
vn 0.7487099078392191 -0.468961970606657 -0.46851696236967655
vn 0.45095899996745525 -0.44295701674925714 -0.7748709967865302
vn 0.7299848281233317 -0.30626399149962347 -0.6110028790607034
vn 0.7487099078392191 -0.468961970606657 -0.46851696236967655
vn 0.47152819695919973 -0.7745332630244551 -0.421615208384489
vn 0.46502006344683877 -0.6421971545733622 -0.6093760376399577
vn 0.7485078458884067 -0.5712589675423317 -0.3367479719997824
vn 0.46502006344683877 -0.6421971545733622 -0.6093760376399577
vn 0.7487099078392191 -0.468961970606657 -0.46851696236967655
vn 0.7485078458884067 -0.5712589675423317 -0.3367479719997824
vn 0.4251629039831191 -0.8720688071398441 -0.24234789186277336
vn 0.47152819695919973 -0.7745332630244551 -0.421615208384489
vn 0.7560016827089739 -0.6323776605421549 -0.16899689402007087
vn 0.47152819695919973 -0.7745332630244551 -0.421615208384489
vn 0.7485078458884067 -0.5712589675423317 -0.3367479719997824
vn 0.7560016827089739 -0.6323776605421549 -0.16899689402007087
vn 0.46089216530743465 -0.8874542036105815 -0.001857000843507905
vn 0.4251629039831191 -0.8720688071398441 -0.24234789186277336
vn 0.7560016827089739 -0.6323776605421549 -0.16899689402007087
vn 0.46089216530743465 -0.8874542036105815 -0.001857000843507905
vn 0.7560016827089739 -0.6323776605421549 -0.16899689402007087
vn 0.7620121292419796 -0.6462821498863114 0.04070500738769086
vn 0.4348379101440557 -0.8660948328133105 0.24656790641856433
vn 0.46089216530743465 -0.8874542036105815 -0.001857000843507905
vn 0.7620121292419796 -0.6462821498863114 0.04070500738769086
vn 0.4348379101440557 -0.8660948328133105 0.24656790641856433
vn 0.7620121292419796 -0.6462821498863114 0.04070500738769086
vn 0.7684133497386075 -0.607555270695075 0.20104108285155667
vn 0.48013882782429174 -0.7302207048748209 0.48604982068470604
vn 0.4348379101440557 -0.8660948328133105 0.24656790641856433
vn 0.7684133497386075 -0.607555270695075 0.20104108285155667
vn 0.48013882782429174 -0.7302207048748209 0.48604982068470604
vn 0.7684133497386075 -0.607555270695075 0.20104108285155667
vn 0.7860415451477207 -0.5230667706386127 0.3294538552748724
vn 0.4121130168333748 -0.6195008844173098 0.6681178904674424
vn 0.48013882782429174 -0.7302207048748209 0.48604982068470604
vn 0.7560769619164938 -0.4536929846756033 0.4717099779687382
vn 0.48013882782429174 -0.7302207048748209 0.48604982068470604
vn 0.7860415451477207 -0.5230667706386127 0.3294538552748724
vn 0.7560769619164938 -0.4536929846756033 0.4717099779687382
vn 0.4653238845183585 -0.42772989481828455 0.7749327839080526
vn 0.4121130168333748 -0.6195008844173098 0.6681178904674424
vn 0.7560769619164938 -0.4536929846756033 0.4717099779687382
vn 0.4653238845183585 -0.42772989481828455 0.7749327839080526
vn 0.7560769619164938 -0.4536929846756033 0.4717099779687382
vn 0.7749750534018994 -0.3180789669974383 0.5461130261755031
vn 0.43891020741899794 -0.24621310525220655 0.8641394196687696
vn 0.4653238845183585 -0.42772989481828455 0.7749327839080526
vn 0.7500821992229493 -0.2156040636553459 0.6252132293419306
vn 0.4653238845183585 -0.42772989481828455 0.7749327839080526
vn 0.7749750534018994 -0.3180789669974383 0.5461130261755031
vn 0.7500821992229493 -0.2156040636553459 0.6252132293419306
vn 0.42575681011663385 -0.018636990251935225 0.90464567717624
vn 0.43891020741899794 -0.24621310525220655 0.8641394196687696
vn 0.7431997519591578 -0.06123397267687722 0.6662616072370174
vn 0.43891020741899794 -0.24621310525220655 0.8641394196687696
vn 0.7500821992229493 -0.2156040636553459 0.6252132293419306
vn 0.7431997519591578 -0.06123397267687722 0.6662616072370174
vn 0.4184878798619532 0.17468499027242065 0.8912648588282676
vn 0.42575681011663385 -0.018636990251935225 0.90464567717624
vn 0.733071956483959 0.12188500718408933 0.6691409056697364
vn 0.42575681011663385 -0.018636990251935225 0.90464567717624
vn 0.7431997519591578 -0.06123397267687722 0.6662616072370174
vn 0.733071956483959 0.12188500718408933 0.6691409056697364
vn 0.34641887860992204 0.18967289742637375 0.9187046056946315
vn 0.4184878798619532 0.17468499027242065 0.8912648588282676
vn 0.7703671305430483 0.11991799206584118 0.6262221325997405
vn 0.4184878798619532 0.17468499027242065 0.8912648588282676
vn 0.733071956483959 0.12188500718408933 0.6691409056697364
vn 0.7703671305430483 0.11991799206584118 0.6262221325997405
vn 0.13126300569495022 0.27749699976061243 0.9517171000143825
vn 0.34641887860992204 0.18967289742637375 0.9187046056946315
vn 0.6929469692626898 0.12085600176384262 0.7107871162502252
vn 0.34641887860992204 0.18967289742637375 0.9187046056946315
vn 0.7703671305430483 0.11991799206584118 0.6262221325997405
vn 0.6929469692626898 0.12085600176384262 0.7107871162502252
vn 0.12646398404994977 0.4042821792219218 0.9058492039527264
vn 0.13126300569495022 0.27749699976061243 0.9517171000143825
vn 0.6929469692626898 0.12085600176384262 0.7107871162502252
vn 0.12646398404994977 0.4042821792219218 0.9058492039527264
vn 0.6929469692626898 0.12085600176384262 0.7107871162502252
vn 0.6278219795380203 0.3302550005372672 0.7048199746240817
vn 0.6688848231675546 -0.539146978904903 -0.5117749783584827
vn 0.6991814198822156 -0.6762934137276921 -0.23188911281048377
vn 0.8319439369822439 -0.5104379932049723 -0.21753698722599973
vn 0.6688848231675546 -0.539146978904903 -0.5117749783584827
vn 0.8319439369822439 -0.5104379932049723 -0.21753698722599973
vn 0.8349364270693221 -0.3521647743448448 -0.422919773081561
vn 0.46210311443795643 -0.5101651127803812 -0.7253911147295105
vn 0.6688848231675546 -0.539146978904903 -0.5117749783584827
vn 0.7065596479086212 -0.25490886436929283 -0.6601476613706988
vn 0.6688848231675546 -0.539146978904903 -0.5117749783584827
vn 0.8349364270693221 -0.3521647743448448 -0.422919773081561
vn 0.7065596479086212 -0.25490886436929283 -0.6601476613706988
vn 0.2540281083077083 -0.4572781859435734 -0.8522713070670406
vn 0.46210311443795643 -0.5101651127803812 -0.7253911147295105
vn 0.534493786198383 -0.2755719033603667 -0.7989846798241265
vn 0.46210311443795643 -0.5101651127803812 -0.7253911147295105
vn 0.7065596479086212 -0.25490886436929283 -0.6601476613706988
vn 0.534493786198383 -0.2755719033603667 -0.7989846798241265
vn 0.16719500004677482 -0.5509579541832168 -0.8176130898423799
vn 0.2540281083077083 -0.4572781859435734 -0.8522713070670406
vn 0.45095899996745525 -0.44295701674925714 -0.7748709967865302
vn 0.2540281083077083 -0.4572781859435734 -0.8522713070670406
vn 0.534493786198383 -0.2755719033603667 -0.7989846798241265
vn 0.45095899996745525 -0.44295701674925714 -0.7748709967865302
vn 0.15826998932974212 -0.7468099620077903 -0.6459299428912443
vn 0.16719500004677482 -0.5509579541832168 -0.8176130898423799
vn 0.46502006344683877 -0.6421971545733622 -0.6093760376399577
vn 0.16719500004677482 -0.5509579541832168 -0.8176130898423799
vn 0.45095899996745525 -0.44295701674925714 -0.7748709967865302
vn 0.46502006344683877 -0.6421971545733622 -0.6093760376399577
vn 0.16501001411645178 -0.8806267258618115 -0.44414892202863054
vn 0.15826998932974212 -0.7468099620077903 -0.6459299428912443
vn 0.47152819695919973 -0.7745332630244551 -0.421615208384489
vn 0.15826998932974212 -0.7468099620077903 -0.6459299428912443
vn 0.46502006344683877 -0.6421971545733622 -0.6093760376399577
vn 0.47152819695919973 -0.7745332630244551 -0.421615208384489
vn 0.16078499456944126 -0.9608367684313132 -0.2257008860234622
vn 0.16501001411645178 -0.8806267258618115 -0.44414892202863054
vn 0.4251629039831191 -0.8720688071398441 -0.24234789186277336
vn 0.16501001411645178 -0.8806267258618115 -0.44414892202863054
vn 0.47152819695919973 -0.7745332630244551 -0.421615208384489
vn 0.4251629039831191 -0.8720688071398441 -0.24234789186277336
vn 0.1700329862275773 -0.9848828521875498 0.033084000082361786
vn 0.16078499456944126 -0.9608367684313132 -0.2257008860234622
vn 0.46089216530743465 -0.8874542036105815 -0.001857000843507905
vn 0.16078499456944126 -0.9608367684313132 -0.2257008860234622
vn 0.4251629039831191 -0.8720688071398441 -0.24234789186277336
vn 0.46089216530743465 -0.8874542036105815 -0.001857000843507905
vn 0.13322199375796487 -0.9583203429103196 0.25273310179594655
vn 0.1700329862275773 -0.9848828521875498 0.033084000082361786
vn 0.4348379101440557 -0.8660948328133105 0.24656790641856433
vn 0.1700329862275773 -0.9848828521875498 0.033084000082361786
vn 0.46089216530743465 -0.8874542036105815 -0.001857000843507905
vn 0.4348379101440557 -0.8660948328133105 0.24656790641856433
vn 0.1547570806490983 -0.8654642362460002 0.47646815399152975
vn 0.13322199375796487 -0.9583203429103196 0.25273310179594655
vn 0.4348379101440557 -0.8660948328133105 0.24656790641856433
vn 0.1547570806490983 -0.8654642362460002 0.47646815399152975
vn 0.4348379101440557 -0.8660948328133105 0.24656790641856433
vn 0.48013882782429174 -0.7302207048748209 0.48604982068470604
vn 0.14775709188114147 -0.7290843419394233 0.6682842689586415
vn 0.1547570806490983 -0.8654642362460002 0.47646815399152975
vn 0.48013882782429174 -0.7302207048748209 0.48604982068470604
vn 0.14775709188114147 -0.7290843419394233 0.6682842689586415
vn 0.48013882782429174 -0.7302207048748209 0.48604982068470604
vn 0.4121130168333748 -0.6195008844173098 0.6681178904674424
vn 0.14450799983974316 -0.5564041566298622 0.8182492605968725
vn 0.14775709188114147 -0.7290843419394233 0.6682842689586415
vn 0.4121130168333748 -0.6195008844173098 0.6681178904674424
vn 0.14450799983974316 -0.5564041566298622 0.8182492605968725
vn 0.4121130168333748 -0.6195008844173098 0.6681178904674424
vn 0.4653238845183585 -0.42772989481828455 0.7749327839080526
vn 0.14608390804204358 -0.35847491455142794 0.9220386257898909
vn 0.14450799983974316 -0.5564041566298622 0.8182492605968725
vn 0.4653238845183585 -0.42772989481828455 0.7749327839080526
vn 0.14608390804204358 -0.35847491455142794 0.9220386257898909
vn 0.4653238845183585 -0.42772989481828455 0.7749327839080526
vn 0.43891020741899794 -0.24621310525220655 0.8641394196687696
vn 0.1292069911875084 -0.12611799558712858 0.9835648451512264
vn 0.14608390804204358 -0.35847491455142794 0.9220386257898909
vn 0.43891020741899794 -0.24621310525220655 0.8641394196687696
vn 0.1292069911875084 -0.12611799558712858 0.9835648451512264
vn 0.43891020741899794 -0.24621310525220655 0.8641394196687696
vn 0.42575681011663385 -0.018636990251935225 0.90464567717624
vn 0.11963400073723308 0.10412199646427477 0.9873430587794181
vn 0.1292069911875084 -0.12611799558712858 0.9835648451512264
vn 0.42575681011663385 -0.018636990251935225 0.90464567717624
vn 0.11963400073723308 0.10412199646427477 0.9873430587794181
vn 0.42575681011663385 -0.018636990251935225 0.90464567717624
vn 0.4184878798619532 0.17468499027242065 0.8912648588282676
vn 0.11717700094132871 0.24375009289073954 0.9627333185603123
vn 0.11963400073723308 0.10412199646427477 0.9873430587794181
vn 0.4184878798619532 0.17468499027242065 0.8912648588282676
vn 0.11717700094132871 0.24375009289073954 0.9627333185603123
vn 0.4184878798619532 0.17468499027242065 0.8912648588282676
vn 0.34641887860992204 0.18967289742637375 0.9187046056946315
vn 0.0403010158250914 0.3092931693445764 0.9501123952039848
vn 0.11717700094132871 0.24375009289073954 0.9627333185603123
vn 0.34641887860992204 0.18967289742637375 0.9187046056946315
vn 0.0403010158250914 0.3092931693445764 0.9501123952039848
vn 0.34641887860992204 0.18967289742637375 0.9187046056946315
vn 0.13126300569495022 0.27749699976061243 0.9517171000143825
vn -0.0047459970203460764 0.40435779073470024 0.9145885701146911
vn 0.0403010158250914 0.3092931693445764 0.9501123952039848
vn 0.13126300569495022 0.27749699976061243 0.9517171000143825
vn -0.0047459970203460764 0.40435779073470024 0.9145885701146911
vn 0.13126300569495022 0.27749699976061243 0.9517171000143825
vn 0.12646398404994977 0.4042821792219218 0.9058492039527264
vn 0.5272939711915205 -0.844867990013622 -0.09032799895612927
vn 0.6991814198822156 -0.6762934137276921 -0.23188911281048377
vn 0.5175520586659726 -0.6987050513802132 -0.493914079315813
vn 0.6991814198822156 -0.6762934137276921 -0.23188911281048377
vn 0.6688848231675546 -0.539146978904903 -0.5117749783584827
vn 0.5175520586659726 -0.6987050513802132 -0.493914079315813
vn 0.5175520586659726 -0.6987050513802132 -0.493914079315813
vn 0.6688848231675546 -0.539146978904903 -0.5117749783584827
vn 0.46210311443795643 -0.5101651127803812 -0.7253911147295105
vn 0.5175520586659726 -0.6987050513802132 -0.493914079315813
vn 0.46210311443795643 -0.5101651127803812 -0.7253911147295105
vn 0.28870217083715777 -0.6289712370881778 -0.7218353271139338
vn 0.28870217083715777 -0.6289712370881778 -0.7218353271139338
vn 0.46210311443795643 -0.5101651127803812 -0.7253911147295105
vn 0.2540281083077083 -0.4572781859435734 -0.8522713070670406
vn 0.28870217083715777 -0.6289712370881778 -0.7218353271139338
vn 0.2540281083077083 -0.4572781859435734 -0.8522713070670406
vn 0.08955298160036158 -0.5207408710716768 -0.8490048343101448
vn 0.08955298160036158 -0.5207408710716768 -0.8490048343101448
vn 0.2540281083077083 -0.4572781859435734 -0.8522713070670406
vn 0.16719500004677482 -0.5509579541832168 -0.8176130898423799
vn 0.08955298160036158 -0.5207408710716768 -0.8490048343101448
vn 0.16719500004677482 -0.5509579541832168 -0.8176130898423799
vn 0.010518998869953864 -0.6331690603962263 -0.7739420466803271
vn 0.010518998869953864 -0.6331690603962263 -0.7739420466803271
vn 0.16719500004677482 -0.5509579541832168 -0.8176130898423799
vn 0.15826998932974212 -0.7468099620077903 -0.6459299428912443
vn 0.010518998869953864 -0.6331690603962263 -0.7739420466803271
vn 0.15826998932974212 -0.7468099620077903 -0.6459299428912443
vn 0.023507001846764207 -0.7875431504408608 -0.6158110157003204
vn 0.023507001846764207 -0.7875431504408608 -0.6158110157003204
vn 0.15826998932974212 -0.7468099620077903 -0.6459299428912443
vn 0.16501001411645178 -0.8806267258618115 -0.44414892202863054
vn 0.023507001846764207 -0.7875431504408608 -0.6158110157003204
vn 0.16501001411645178 -0.8806267258618115 -0.44414892202863054
vn 0.035461007905901475 -0.9127132131106073 -0.40705909587135986
vn 0.035461007905901475 -0.9127132131106073 -0.40705909587135986
vn 0.16501001411645178 -0.8806267258618115 -0.44414892202863054
vn 0.16078499456944126 -0.9608367684313132 -0.2257008860234622
vn 0.035461007905901475 -0.9127132131106073 -0.40705909587135986
vn 0.16078499456944126 -0.9608367684313132 -0.2257008860234622
vn 0.03145100747047682 -0.9837213209340219 -0.17692709478458926
vn 0.03145100747047682 -0.9837213209340219 -0.17692709478458926
vn 0.16078499456944126 -0.9608367684313132 -0.2257008860234622
vn 0.1700329862275773 -0.9848828521875498 0.033084000082361786
vn 0.03145100747047682 -0.9837213209340219 -0.17692709478458926
vn 0.1700329862275773 -0.9848828521875498 0.033084000082361786
vn 0.026270990332926337 -0.9962365412089781 0.08259896504738766
vn 0.026270990332926337 -0.9962365412089781 0.08259896504738766
vn 0.1700329862275773 -0.9848828521875498 0.033084000082361786
vn 0.13322199375796487 -0.9583203429103196 0.25273310179594655
vn 0.026270990332926337 -0.9962365412089781 0.08259896504738766
vn 0.13322199375796487 -0.9583203429103196 0.25273310179594655
vn 0.02148800974115303 -0.9442702625941587 0.32846908015477255
vn 0.02148800974115303 -0.9442702625941587 0.32846908015477255
vn 0.13322199375796487 -0.9583203429103196 0.25273310179594655
vn 0.1547570806490983 -0.8654642362460002 0.47646815399152975
vn 0.02148800974115303 -0.9442702625941587 0.32846908015477255
vn 0.1547570806490983 -0.8654642362460002 0.47646815399152975
vn 0.013842998622633223 -0.8341738386786145 0.5513278319233652
vn 0.013842998622633223 -0.8341738386786145 0.5513278319233652
vn 0.1547570806490983 -0.8654642362460002 0.47646815399152975
vn 0.14775709188114147 -0.7290843419394233 0.6682842689586415
vn 0.013842998622633223 -0.8341738386786145 0.5513278319233652
vn 0.14775709188114147 -0.7290843419394233 0.6682842689586415
vn 0.016318999032522964 -0.691947868997242 0.7217630060211953
vn 0.016318999032522964 -0.691947868997242 0.7217630060211953
vn 0.14775709188114147 -0.7290843419394233 0.6682842689586415
vn 0.14450799983974316 -0.5564041566298622 0.8182492605968725
vn 0.016318999032522964 -0.691947868997242 0.7217630060211953
vn 0.14450799983974316 -0.5564041566298622 0.8182492605968725
vn 0.011738001365246074 -0.5020038286203321 0.8647857395762709
vn 0.011738001365246074 -0.5020038286203321 0.8647857395762709
vn 0.14450799983974316 -0.5564041566298622 0.8182492605968725
vn 0.14608390804204358 -0.35847491455142794 0.9220386257898909
vn 0.011738001365246074 -0.5020038286203321 0.8647857395762709
vn 0.14608390804204358 -0.35847491455142794 0.9220386257898909
vn -0.010784010469577455 -0.2822391110239 0.9592834770424385
vn -0.010784010469577455 -0.2822391110239 0.9592834770424385
vn 0.14608390804204358 -0.35847491455142794 0.9220386257898909
vn 0.1292069911875084 -0.12611799558712858 0.9835648451512264
vn -0.010784010469577455 -0.2822391110239 0.9592834770424385
vn 0.1292069911875084 -0.12611799558712858 0.9835648451512264
vn -0.03788497964658795 -0.04046197895889265 0.9984625964831672
vn -0.03788497964658795 -0.04046197895889265 0.9984625964831672
vn 0.1292069911875084 -0.12611799558712858 0.9835648451512264
vn 0.11963400073723308 0.10412199646427477 0.9873430587794181
vn -0.03788497964658795 -0.04046197895889265 0.9984625964831672
vn 0.11963400073723308 0.10412199646427477 0.9873430587794181
vn -0.049414981590366405 0.16140898260306266 0.985649684182706
vn -0.049414981590366405 0.16140898260306266 0.985649684182706
vn 0.11963400073723308 0.10412199646427477 0.9873430587794181
vn 0.11717700094132871 0.24375009289073954 0.9627333185603123
vn -0.049414981590366405 0.16140898260306266 0.985649684182706
vn 0.11717700094132871 0.24375009289073954 0.9627333185603123
vn -0.03543899729540488 0.2713929839389811 0.9618159521131847
vn -0.03543899729540488 0.2713929839389811 0.9618159521131847
vn 0.11717700094132871 0.24375009289073954 0.9627333185603123
vn 0.0403010158250914 0.3092931693445764 0.9501123952039848
vn -0.03543899729540488 0.2713929839389811 0.9618159521131847
vn 0.0403010158250914 0.3092931693445764 0.9501123952039848
vn -0.01340899983348563 0.34804999681416293 0.9373800714977498
vn -0.01340899983348563 0.34804999681416293 0.9373800714977498
vn 0.0403010158250914 0.3092931693445764 0.9501123952039848
vn -0.0047459970203460764 0.40435779073470024 0.9145885701146911
vn -0.01340899983348563 0.34804999681416293 0.9373800714977498
vn -0.0047459970203460764 0.40435779073470024 0.9145885701146911
vn 0.008814002179884645 0.4522960973675973 0.8918242840782111
vn 0.4088390760969264 -0.9126002108560206 0.0033860008503335164
vn 0.4085968828005846 -0.8969217689595972 0.16905598993242602
vn 0.3496130052911633 -0.9367869942549994 -0.01417299989292501
vn 0.4085968828005846 -0.8969217689595972 0.16905598993242602
vn 0.2716579812794046 -0.9249460542429967 0.26585096943120234
vn 0.3496130052911633 -0.9367869942549994 -0.01417299989292501
vn 0.2716579812794046 -0.9249460542429967 0.26585096943120234
vn 0.05329697013246681 -0.9565745317626161 0.2865738965046024
vn 0.06496899958675899 -0.9975189607808512 -0.027109997701702443
vn 0.2716579812794046 -0.9249460542429967 0.26585096943120234
vn 0.06496899958675899 -0.9975189607808512 -0.027109997701702443
vn 0.3496130052911633 -0.9367869942549994 -0.01417299989292501
vn 0.05329697013246681 -0.9565745317626161 0.2865738965046024
vn -0.15845101113562987 -0.9527031503063427 0.2593260196479841
vn 0.06496899958675899 -0.9975189607808512 -0.027109997701702443
vn -0.15845101113562987 -0.9527031503063427 0.2593260196479841
vn -0.2546691095639612 -0.9660873178097379 -0.04264902110348494
vn 0.06496899958675899 -0.9975189607808512 -0.027109997701702443
vn -0.15845101113562987 -0.9527031503063427 0.2593260196479841
vn -0.3906907729537767 -0.8886635204107639 0.24007887749639353
vn -0.2546691095639612 -0.9660873178097379 -0.04264902110348494
vn -0.3906907729537767 -0.8886635204107639 0.24007887749639353
vn -0.5122468001829028 -0.858085593884708 -0.035948981486342395
vn -0.2546691095639612 -0.9660873178097379 -0.04264902110348494
vn -0.3906907729537767 -0.8886635204107639 0.24007887749639353
vn -0.6087039168840653 -0.7420787879300814 0.2807109083634226
vn -0.5122468001829028 -0.858085593884708 -0.035948981486342395
vn -0.6087039168840653 -0.7420787879300814 0.2807109083634226
vn -0.7232191385803426 -0.6901862479760065 -0.024434006955670128
vn -0.5122468001829028 -0.858085593884708 -0.035948981486342395
vn -0.6087039168840653 -0.7420787879300814 0.2807109083634226
vn -0.7828055356811717 -0.5951326146312426 0.18174890456092055
vn -0.7232191385803426 -0.6901862479760065 -0.024434006955670128
vn -0.7828055356811717 -0.5951326146312426 0.18174890456092055
vn -0.8432881168737782 -0.5367239670810131 -0.028151999934224743
vn -0.7232191385803426 -0.6901862479760065 -0.024434006955670128
vn -0.7828055356811717 -0.5951326146312426 0.18174890456092055
vn -0.902486829802172 -0.41476185928502607 0.11614698496325099
vn -0.9243075281374176 -0.3816417817917336 -0.002267998969938046
vn -0.7828055356811717 -0.5951326146312426 0.18174890456092055
vn -0.9243075281374176 -0.3816417817917336 -0.002267998969938046
vn -0.8432881168737782 -0.5367239670810131 -0.028151999934224743
vn -0.902486829802172 -0.41476185928502607 0.11614698496325099
vn -0.9410670359169105 -0.3144659783326112 0.12451498858319696
vn -0.9760287066697078 -0.2176140008427896 -0.00347999911665363
vn -0.902486829802172 -0.41476185928502607 0.11614698496325099
vn -0.9760287066697078 -0.2176140008427896 -0.00347999911665363
vn -0.9243075281374176 -0.3816417817917336 -0.002267998969938046
vn -0.9410670359169105 -0.3144659783326112 0.12451498858319696
vn -0.9669689520983645 -0.23284798878987076 0.10369599700230966
vn -0.9961685497854386 -0.08279396809631588 -0.028166988927507065
vn -0.9410670359169105 -0.3144659783326112 0.12451498858319696
vn -0.9961685497854386 -0.08279396809631588 -0.028166988927507065
vn -0.9760287066697078 -0.2176140008427896 -0.00347999911665363
vn -0.9669689520983645 -0.23284798878987076 0.10369599700230966
vn -0.9698473928386848 -0.20855408085704272 0.12610007915096616
vn -0.9996699905882956 -0.025683999945391715 -0.0004920000022899236
vn -0.9669689520983645 -0.23284798878987076 0.10369599700230966
vn -0.9996699905882956 -0.025683999945391715 -0.0004920000022899236
vn -0.9961685497854386 -0.08279396809631588 -0.028166988927507065
vn -0.9698473928386848 -0.20855408085704272 0.12610007915096616
vn -0.9749379075557699 -0.19552698860767 0.10613799101543724
vn -0.9991922451633184 0.0367310109000604 0.016300001341918863
vn -0.9698473928386848 -0.20855408085704272 0.12610007915096616
vn -0.9991922451633184 0.0367310109000604 0.016300001341918863
vn -0.9996699905882956 -0.025683999945391715 -0.0004920000022899236
vn -0.9749379075557699 -0.19552698860767 0.10613799101543724
vn -0.9711732322175075 -0.22898909576528406 0.06623101271154369
vn -0.9986707830456184 0.051112989118156225 0.006642998905496106
vn -0.9749379075557699 -0.19552698860767 0.10613799101543724
vn -0.9986707830456184 0.051112989118156225 0.006642998905496106
vn -0.9991922451633184 0.0367310109000604 0.016300001341918863
vn -0.958995222971818 -0.2754969894674779 -0.06655502318825626
vn -0.999966623563007 0.005167997919031507 -0.006327997906789775
vn -0.9526498471665488 -0.3035189964583136 0.018288998947169878
vn -0.999966623563007 0.005167997919031507 -0.006327997906789775
vn -0.999755659458173 0.022098989690780006 0.0005060000005473516
vn -0.9526498471665488 -0.3035189964583136 0.018288998947169878
vn -0.9711732322175075 -0.22898909576528406 0.06623101271154369
vn -0.9526498471665488 -0.3035189964583136 0.018288998947169878
vn -0.999755659458173 0.022098989690780006 0.0005060000005473516
vn -0.9711732322175075 -0.22898909576528406 0.06623101271154369
vn -0.999755659458173 0.022098989690780006 0.0005060000005473516
vn -0.9986707830456184 0.051112989118156225 0.006642998905496106
vn -0.958995222971818 -0.2754969894674779 -0.06655502318825626
vn -0.8815637234734501 -0.4215258672798075 0.2125119871198624
vn -0.986652939367352 -0.056715997019694035 0.152640993575863
vn -0.958995222971818 -0.2754969894674779 -0.06655502318825626
vn -0.986652939367352 -0.056715997019694035 0.152640993575863
vn -0.999966623563007 0.005167997919031507 -0.006327997906789775
vn -0.3998281517449194 -0.5073461572514052 0.7633723375879389
vn -0.4050359276837563 -0.06746999419112325 0.9118079277837021
vn -0.8815637234734501 -0.4215258672798075 0.2125119871198624
vn -0.4050359276837563 -0.06746999419112325 0.9118079277837021
vn -0.986652939367352 -0.056715997019694035 0.152640993575863
vn -0.8815637234734501 -0.4215258672798075 0.2125119871198624
vn -0.015061008308975932 -0.9751463839917854 -0.221049080107705
vn -0.01224100051583543 -0.9350755968288716 -0.35423690677497294
vn -0.10158399307760373 -0.9344592431202254 -0.3412720546683898
vn -0.015061008308975932 -0.9751463839917854 -0.221049080107705
vn -0.10158399307760373 -0.9344592431202254 -0.3412720546683898
vn -0.061186972304523905 -0.9674085877963134 -0.2457168668979566
vn -0.003897998634982325 -0.999326744983499 0.03648098638093727
vn -0.015061008308975932 -0.9751463839917854 -0.221049080107705
vn -0.04129000881026636 -0.9982102517863636 -0.043260009258584704
vn -0.015061008308975932 -0.9751463839917854 -0.221049080107705
vn -0.061186972304523905 -0.9674085877963134 -0.2457168668979566
vn -0.04129000881026636 -0.9982102517863636 -0.043260009258584704
vn -0.004849999837343402 -0.9704638107850853 0.24119798808876505
vn -0.003897998634982325 -0.999326744983499 0.03648098638093727
vn -0.028961997590864794 -0.9859219193437602 0.16467899578593156
vn -0.003897998634982325 -0.999326744983499 0.03648098638093727
vn -0.04129000881026636 -0.9982102517863636 -0.043260009258584704
vn -0.028961997590864794 -0.9859219193437602 0.16467899578593156
vn -0.009800002250210582 -0.9025721538192374 0.43042707524736235
vn -0.004849999837343402 -0.9704638107850853 0.24119798808876505
vn -0.03494101062955759 -0.9335014344923775 0.3568671987964971
vn -0.004849999837343402 -0.9704638107850853 0.24119798808876505
vn -0.028961997590864794 -0.9859219193437602 0.16467899578593156
vn -0.03494101062955759 -0.9335014344923775 0.3568671987964971
vn -0.02052998620405004 -0.8380514967609028 0.545204739931039
vn -0.009800002250210582 -0.9025721538192374 0.43042707524736235
vn -0.07977697328553733 -0.8614636144916306 0.5015137838987217
vn -0.009800002250210582 -0.9025721538192374 0.43042707524736235
vn -0.03494101062955759 -0.9335014344923775 0.3568671987964971
vn -0.07977697328553733 -0.8614636144916306 0.5015137838987217
vn -0.020628009735011138 -0.7474531721870953 0.6639941570539766
vn -0.02052998620405004 -0.8380514967609028 0.545204739931039
vn -0.08604195702862169 -0.789664574269284 0.6074756306015865
vn -0.02052998620405004 -0.8380514967609028 0.545204739931039
vn -0.07977697328553733 -0.8614636144916306 0.5015137838987217
vn -0.08604195702862169 -0.789664574269284 0.6074756306015865
vn -0.04209100042178488 -0.6462479171808174 0.7619658635548897
vn -0.020628009735011138 -0.7474531721870953 0.6639941570539766
vn -0.10496189899448713 -0.6832125593637275 0.7226365604417869
vn -0.020628009735011138 -0.7474531721870953 0.6639941570539766
vn -0.08604195702862169 -0.789664574269284 0.6074756306015865
vn -0.10496189899448713 -0.6832125593637275 0.7226365604417869
vn -0.03613300719017238 -0.5730331699997971 0.8187352391777079
vn -0.04209100042178488 -0.6462479171808174 0.7619658635548897
vn -0.16725700255708867 -0.5979291433776192 0.7839042253970345
vn -0.04209100042178488 -0.6462479171808174 0.7619658635548897
vn -0.10496189899448713 -0.6832125593637275 0.7226365604417869
vn -0.16725700255708867 -0.5979291433776192 0.7839042253970345
vn -0.42827803781660395 -0.8285600157184557 0.3606469501834059
vn -0.3998281517449194 -0.5073461572514052 0.7633723375879389
vn -0.8815637234734501 -0.4215258672798075 0.2125119871198624
vn -0.42827803781660395 -0.8285600157184557 0.3606469501834059
vn -0.8815637234734501 -0.4215258672798075 0.2125119871198624
vn -0.6288477860883553 -0.7627537350524127 -0.1508549024571889
vn -0.6262173791658381 -0.7473973682426568 -0.2219210850158662
vn -0.6288477860883553 -0.7627537350524127 -0.1508549024571889
vn -0.8815637234734501 -0.4215258672798075 0.2125119871198624
vn -0.6262173791658381 -0.7473973682426568 -0.2219210850158662
vn -0.8815637234734501 -0.4215258672798075 0.2125119871198624
vn -0.958995222971818 -0.2754969894674779 -0.06655502318825626
vn -0.6421259992748479 -0.7662480066010601 -0.02319899642614172
vn -0.6262173791658381 -0.7473973682426568 -0.2219210850158662
vn -0.958995222971818 -0.2754969894674779 -0.06655502318825626
vn -0.6421259992748479 -0.7662480066010601 -0.02319899642614172
vn -0.958995222971818 -0.2754969894674779 -0.06655502318825626
vn -0.9526498471665488 -0.3035189964583136 0.018288998947169878
vn -0.6484719995104364 -0.7504598960391383 0.1276479936695537
vn -0.6421259992748479 -0.7662480066010601 -0.02319899642614172
vn -0.9526498471665488 -0.3035189964583136 0.018288998947169878
vn -0.6484719995104364 -0.7504598960391383 0.1276479936695537
vn -0.9526498471665488 -0.3035189964583136 0.018288998947169878
vn -0.9711732322175075 -0.22898909576528406 0.06623101271154369
vn -0.6705781357499703 -0.6899401668354488 0.27259407557973014
vn -0.6484719995104364 -0.7504598960391383 0.1276479936695537
vn -0.9711732322175075 -0.22898909576528406 0.06623101271154369
vn -0.6705781357499703 -0.6899401668354488 0.27259407557973014
vn -0.9711732322175075 -0.22898909576528406 0.06623101271154369
vn -0.9749379075557699 -0.19552698860767 0.10613799101543724
vn -0.7015513966596199 -0.6286072900244268 0.3356762022739814
vn -0.6705781357499703 -0.6899401668354488 0.27259407557973014
vn -0.9749379075557699 -0.19552698860767 0.10613799101543724
vn -0.7015513966596199 -0.6286072900244268 0.3356762022739814
vn -0.9749379075557699 -0.19552698860767 0.10613799101543724
vn -0.9698473928386848 -0.20855408085704272 0.12610007915096616
vn -0.7130763778505184 -0.5797752454831885 0.3941861794590127
vn -0.7015513966596199 -0.6286072900244268 0.3356762022739814
vn -0.9698473928386848 -0.20855408085704272 0.12610007915096616
vn -0.7130763778505184 -0.5797752454831885 0.3941861794590127
vn -0.9698473928386848 -0.20855408085704272 0.12610007915096616
vn -0.9669689520983645 -0.23284798878987076 0.10369599700230966
vn -0.722492197327043 -0.555064066249917 0.41220008146487425
vn -0.7130763778505184 -0.5797752454831885 0.3941861794590127
vn -0.9669689520983645 -0.23284798878987076 0.10369599700230966
vn -0.722492197327043 -0.555064066249917 0.41220008146487425
vn -0.9669689520983645 -0.23284798878987076 0.10369599700230966
vn -0.9410670359169105 -0.3144659783326112 0.12451498858319696
vn -0.7261657798155695 -0.5540539089826176 0.4070718931170846
vn -0.722492197327043 -0.555064066249917 0.41220008146487425
vn -0.9410670359169105 -0.3144659783326112 0.12451498858319696
vn -0.7261657798155695 -0.5540539089826176 0.4070718931170846
vn -0.9410670359169105 -0.3144659783326112 0.12451498858319696
vn -0.902486829802172 -0.41476185928502607 0.11614698496325099
vn -0.6225789082294219 -0.6333187709636174 0.4596768836617679
vn -0.7261657798155695 -0.5540539089826176 0.4070718931170846
vn -0.902486829802172 -0.41476185928502607 0.11614698496325099
vn -0.6225789082294219 -0.6333187709636174 0.4596768836617679
vn -0.902486829802172 -0.41476185928502607 0.11614698496325099
vn -0.7828055356811717 -0.5951326146312426 0.18174890456092055
vn -0.4838881705630533 -0.6033912419484451 0.6338542794121172
vn -0.6225789082294219 -0.6333187709636174 0.4596768836617679
vn -0.7828055356811717 -0.5951326146312426 0.18174890456092055
vn -0.4838881705630533 -0.6033912419484451 0.6338542794121172
vn -0.7828055356811717 -0.5951326146312426 0.18174890456092055
vn -0.6087039168840653 -0.7420787879300814 0.2807109083634226
vn 0.01072699956612719 0.06374397364824828 0.9979086317413232
vn -0.4050359276837563 -0.06746999419112325 0.9118079277837021
vn 0.005733997976940263 -0.1942329985929552 0.9809386645070066
vn -0.4050359276837563 -0.06746999419112325 0.9118079277837021
vn -0.3998281517449194 -0.5073461572514052 0.7633723375879389
vn 0.005733997976940263 -0.1942329985929552 0.9809386645070066
vn 0.005733997976940263 -0.1942329985929552 0.9809386645070066
vn -0.3998281517449194 -0.5073461572514052 0.7633723375879389
vn 0.006728998643914141 -0.8725648849850135 0.488451883063563
vn -0.3998281517449194 -0.5073461572514052 0.7633723375879389
vn -0.42827803781660395 -0.8285600157184557 0.3606469501834059
vn 0.006728998643914141 -0.8725648849850135 0.488451883063563
vn 0.006171998225261755 -0.9708486392925599 -0.23961391032594903
vn -0.012570999111619808 -0.9654909621901884 -0.26013298889298947
vn 0.018372997986120056 -0.9424737509196756 -0.33377486689743335
vn -0.012570999111619808 -0.9654909621901884 -0.26013298889298947
vn -0.01224100051583543 -0.9350755968288716 -0.35423690677497294
vn 0.018372997986120056 -0.9424737509196756 -0.33377486689743335
vn 0.018372997986120056 -0.9424737509196756 -0.33377486689743335
vn -0.01224100051583543 -0.9350755968288716 -0.35423690677497294
vn 0.020514008808018517 -0.9552652504109591 -0.2950380938114811
vn -0.01224100051583543 -0.9350755968288716 -0.35423690677497294
vn -0.015061008308975932 -0.9751463839917854 -0.221049080107705
vn 0.020514008808018517 -0.9552652504109591 -0.2950380938114811
vn 0.020514008808018517 -0.9552652504109591 -0.2950380938114811
vn -0.015061008308975932 -0.9751463839917854 -0.221049080107705
vn 0.019791990152748212 -0.9991465622285579 -0.03625499017580598
vn -0.015061008308975932 -0.9751463839917854 -0.221049080107705
vn -0.003897998634982325 -0.999326744983499 0.03648098638093727
vn 0.019791990152748212 -0.9991465622285579 -0.03625499017580598
vn 0.019791990152748212 -0.9991465622285579 -0.03625499017580598
vn -0.003897998634982325 -0.999326744983499 0.03648098638093727
vn 0.016325000142110878 -0.9845878757402178 0.17412699192177433
vn -0.003897998634982325 -0.999326744983499 0.03648098638093727
vn -0.004849999837343402 -0.9704638107850853 0.24119798808876505
vn 0.016325000142110878 -0.9845878757402178 0.17412699192177433
vn 0.016325000142110878 -0.9845878757402178 0.17412699192177433
vn -0.004849999837343402 -0.9704638107850853 0.24119798808876505
vn 0.017609000135648544 -0.9278899990207381 0.37243801206578975
vn -0.004849999837343402 -0.9704638107850853 0.24119798808876505
vn -0.009800002250210582 -0.9025721538192374 0.43042707524736235
vn 0.017609000135648544 -0.9278899990207381 0.37243801206578975
vn 0.017609000135648544 -0.9278899990207381 0.37243801206578975
vn -0.009800002250210582 -0.9025721538192374 0.43042707524736235
vn 0.018735000134576723 -0.8564927840704613 0.5158188738357558
vn -0.009800002250210582 -0.9025721538192374 0.43042707524736235
vn -0.02052998620405004 -0.8380514967609028 0.545204739931039
vn 0.018735000134576723 -0.8564927840704613 0.5158188738357558
vn 0.018735000134576723 -0.8564927840704613 0.5158188738357558
vn -0.02052998620405004 -0.8380514967609028 0.545204739931039
vn 0.013819999755805813 -0.7812021836756541 0.624125112318948
vn -0.02052998620405004 -0.8380514967609028 0.545204739931039
vn -0.020628009735011138 -0.7474531721870953 0.6639941570539766
vn 0.013819999755805813 -0.7812021836756541 0.624125112318948
vn 0.013819999755805813 -0.7812021836756541 0.624125112318948
vn -0.020628009735011138 -0.7474531721870953 0.6639941570539766
vn 0.008860001482898719 -0.6507409915601343 0.7592480900713918
vn -0.020628009735011138 -0.7474531721870953 0.6639941570539766
vn -0.04209100042178488 -0.6462479171808174 0.7619658635548897
vn 0.008860001482898719 -0.6507409915601343 0.7592480900713918
vn 0.008860001482898719 -0.6507409915601343 0.7592480900713918
vn -0.04209100042178488 -0.6462479171808174 0.7619658635548897
vn -0.03613300719017238 -0.5730331699997971 0.8187352391777079
vn 0.008860001482898719 -0.6507409915601343 0.7592480900713918
vn -0.03613300719017238 -0.5730331699997971 0.8187352391777079
vn -0.009836002877555806 -0.5231331524401822 0.852194201966541
vn -0.009836002877555806 -0.5231331524401822 0.852194201966541
vn -0.03613300719017238 -0.5730331699997971 0.8187352391777079
vn -0.04946097671944578 -0.4335737743619867 0.8997596312168377
vn -0.009836002877555806 -0.5231331524401822 0.852194201966541
vn -0.04946097671944578 -0.4335737743619867 0.8997596312168377
vn -0.011798999729887478 -0.4001539784943257 0.9163719643793874
vn -0.019671000495848932 0.00573300103294037 0.9997900701840606
vn 0.01072699956612719 0.06374397364824828 0.9979086317413232
vn 0.005733997976940263 -0.1942329985929552 0.9809386645070066
vn -0.019671000495848932 0.00573300103294037 0.9997900701840606
vn 0.005733997976940263 -0.1942329985929552 0.9809386645070066
vn 0.003929999197362421 -0.400743902346346 0.9161816849503875
vn 0.003929999197362421 -0.400743902346346 0.9161816849503875
vn 0.005733997976940263 -0.1942329985929552 0.9809386645070066
vn 0.006728998643914141 -0.8725648849850135 0.488451883063563
vn 0.003929999197362421 -0.400743902346346 0.9161816849503875
vn 0.006728998643914141 -0.8725648849850135 0.488451883063563
vn 0.04511403161656385 -0.937504520589598 0.3450362271202367
vn 0.019926997988065232 -0.9483287866745801 -0.3166629550729013
vn 0.006171998225261755 -0.9708486392925599 -0.23961391032594903
vn 0.018372997986120056 -0.9424737509196756 -0.33377486689743335
vn 0.019926997988065232 -0.9483287866745801 -0.3166629550729013
vn 0.018372997986120056 -0.9424737509196756 -0.33377486689743335
vn 0.021191989330648753 -0.9344185890335077 -0.35554577772326035
vn 0.021191989330648753 -0.9344185890335077 -0.35554577772326035
vn 0.018372997986120056 -0.9424737509196756 -0.33377486689743335
vn 0.020514008808018517 -0.9552652504109591 -0.2950380938114811
vn 0.021191989330648753 -0.9344185890335077 -0.35554577772326035
vn 0.020514008808018517 -0.9552652504109591 -0.2950380938114811
vn 0.01962200846002447 -0.9707695452177 -0.23921008938131097
vn 0.01962200846002447 -0.9707695452177 -0.23921008938131097
vn 0.020514008808018517 -0.9552652504109591 -0.2950380938114811
vn 0.019791990152748212 -0.9991465622285579 -0.03625499017580598
vn 0.01962200846002447 -0.9707695452177 -0.23921008938131097
vn 0.019791990152748212 -0.9991465622285579 -0.03625499017580598
vn 0.025944990026140567 -0.9994985193232325 0.01815399028339105
vn 0.025944990026140567 -0.9994985193232325 0.01815399028339105
vn 0.019791990152748212 -0.9991465622285579 -0.03625499017580598
vn 0.016325000142110878 -0.9845878757402178 0.17412699192177433
vn 0.025944990026140567 -0.9994985193232325 0.01815399028339105
vn 0.016325000142110878 -0.9845878757402178 0.17412699192177433
vn 0.02386000846050153 -0.9762612798155934 0.21527799127891473
vn 0.02386000846050153 -0.9762612798155934 0.21527799127891473
vn 0.016325000142110878 -0.9845878757402178 0.17412699192177433
vn 0.017609000135648544 -0.9278899990207381 0.37243801206578975
vn 0.02386000846050153 -0.9762612798155934 0.21527799127891473
vn 0.017609000135648544 -0.9278899990207381 0.37243801206578975
vn 0.024330009523799098 -0.9142602859606468 0.4043960684177436
vn 0.024330009523799098 -0.9142602859606468 0.4043960684177436
vn 0.017609000135648544 -0.9278899990207381 0.37243801206578975
vn 0.018735000134576723 -0.8564927840704613 0.5158188738357558
vn 0.024330009523799098 -0.9142602859606468 0.4043960684177436
vn 0.018735000134576723 -0.8564927840704613 0.5158188738357558
vn 0.023373999443119138 -0.8424418760593125 0.5382799844056058
vn 0.023373999443119138 -0.8424418760593125 0.5382799844056058
vn 0.018735000134576723 -0.8564927840704613 0.5158188738357558
vn 0.013819999755805813 -0.7812021836756541 0.624125112318948
vn 0.023373999443119138 -0.8424418760593125 0.5382799844056058
vn 0.013819999755805813 -0.7812021836756541 0.624125112318948
vn 0.021073008331505803 -0.7584922374409508 0.6513412731139342
vn 0.021073008331505803 -0.7584922374409508 0.6513412731139342
vn 0.013819999755805813 -0.7812021836756541 0.624125112318948
vn 0.008860001482898719 -0.6507409915601343 0.7592480900713918
vn 0.021073008331505803 -0.7584922374409508 0.6513412731139342
vn 0.008860001482898719 -0.6507409915601343 0.7592480900713918
vn 0.0198289892489901 -0.6315817561310044 0.7750556731666701
vn 0.0198289892489901 -0.6315817561310044 0.7750556731666701
vn 0.008860001482898719 -0.6507409915601343 0.7592480900713918
vn -0.009836002877555806 -0.5231331524401822 0.852194201966541
vn 0.0198289892489901 -0.6315817561310044 0.7750556731666701
vn -0.009836002877555806 -0.5231331524401822 0.852194201966541
vn 0.016455010158133197 -0.5014321980324756 0.8650404518963353
vn 0.016455010158133197 -0.5014321980324756 0.8650404518963353
vn -0.009836002877555806 -0.5231331524401822 0.852194201966541
vn -0.011798999729887478 -0.4001539784943257 0.9163719643793874
vn 0.016455010158133197 -0.5014321980324756 0.8650404518963353
vn -0.011798999729887478 -0.4001539784943257 0.9163719643793874
vn 0.00180399904350598 -0.352625924393083 0.9357626317786871
vn 0.00180399904350598 -0.352625924393083 0.9357626317786871
vn -0.011798999729887478 -0.4001539784943257 0.9163719643793874
vn -0.008738000456848753 -0.2468979835946078 0.9690020810323026
vn 0.00180399904350598 -0.352625924393083 0.9357626317786871
vn -0.008738000456848753 -0.2468979835946078 0.9690020810323026
vn -0.006827003132369454 -0.21530708092392709 0.9765225306833673
vn -0.3827548881008236 -0.7080367729394852 0.5934497651868823
vn -0.4838881705630533 -0.6033912419484451 0.6338542794121172
vn -0.6087039168840653 -0.7420787879300814 0.2807109083634226
vn -0.3827548881008236 -0.7080367729394852 0.5934497651868823
vn -0.6087039168840653 -0.7420787879300814 0.2807109083634226
vn -0.3906907729537767 -0.8886635204107639 0.24007887749639353
vn -0.012365001045190204 -0.10010200578940787 0.9949003443491663
vn -0.019671000495848932 0.00573300103294037 0.9997900701840606
vn 0.003929999197362421 -0.400743902346346 0.9161816849503875
vn -0.012365001045190204 -0.10010200578940787 0.9949003443491663
vn 0.003929999197362421 -0.400743902346346 0.9161816849503875
vn 0.019996999482423172 -0.5801168924676915 0.8142877323681899
vn 0.019996999482423172 -0.5801168924676915 0.8142877323681899
vn 0.003929999197362421 -0.400743902346346 0.9161816849503875
vn 0.04511403161656385 -0.937504520589598 0.3450362271202367
vn 0.019996999482423172 -0.5801168924676915 0.8142877323681899
vn 0.04511403161656385 -0.937504520589598 0.3450362271202367
vn 0.03866200009011652 -0.9829019548094284 0.18002498987872806
vn 0.018701000531698923 -0.9411232072985374 -0.3375461172391519
vn 0.019926997988065232 -0.9483287866745801 -0.3166629550729013
vn 0.021191989330648753 -0.9344185890335077 -0.35554577772326035
vn 0.018701000531698923 -0.9411232072985374 -0.3375461172391519
vn 0.021191989330648753 -0.9344185890335077 -0.35554577772326035
vn 0.013530999655714184 -0.9389677755674356 -0.34373889581229955
vn 0.013530999655714184 -0.9389677755674356 -0.34373889581229955
vn 0.021191989330648753 -0.9344185890335077 -0.35554577772326035
vn 0.01962200846002447 -0.9707695452177 -0.23921008938131097
vn 0.013530999655714184 -0.9389677755674356 -0.34373889581229955
vn 0.01962200846002447 -0.9707695452177 -0.23921008938131097
vn 0.020795001039539365 -0.9740350993532351 -0.22543999902346265
vn 0.020795001039539365 -0.9740350993532351 -0.22543999902346265
vn 0.01962200846002447 -0.9707695452177 -0.23921008938131097
vn 0.025944990026140567 -0.9994985193232325 0.01815399028339105
vn 0.020795001039539365 -0.9740350993532351 -0.22543999902346265
vn 0.025944990026140567 -0.9994985193232325 0.01815399028339105
vn 0.02564701103584286 -0.9988461881494364 0.040602010347616777
vn 0.02564701103584286 -0.9988461881494364 0.040602010347616777
vn 0.025944990026140567 -0.9994985193232325 0.01815399028339105
vn 0.02386000846050153 -0.9762612798155934 0.21527799127891473
vn 0.02564701103584286 -0.9988461881494364 0.040602010347616777
vn 0.02386000846050153 -0.9762612798155934 0.21527799127891473
vn 0.022583007503973726 -0.9725474972300888 0.23160607376225234
vn 0.022583007503973726 -0.9725474972300888 0.23160607376225234
vn 0.02386000846050153 -0.9762612798155934 0.21527799127891473
vn 0.024330009523799098 -0.9142602859606468 0.4043960684177436
vn 0.022583007503973726 -0.9725474972300888 0.23160607376225234
vn 0.024330009523799098 -0.9142602859606468 0.4043960684177436
vn 0.02243900863533328 -0.9096654517465039 0.414735164641597
vn 0.02243900863533328 -0.9096654517465039 0.414735164641597
vn 0.024330009523799098 -0.9142602859606468 0.4043960684177436
vn 0.023373999443119138 -0.8424418760593125 0.5382799844056058
vn 0.02243900863533328 -0.9096654517465039 0.414735164641597
vn 0.023373999443119138 -0.8424418760593125 0.5382799844056058
vn 0.02403399814588323 -0.8381129776855666 0.5449669747499903
vn 0.02403399814588323 -0.8381129776855666 0.5449669747499903
vn 0.023373999443119138 -0.8424418760593125 0.5382799844056058
vn 0.021073008331505803 -0.7584922374409508 0.6513412731139342
vn 0.02403399814588323 -0.8381129776855666 0.5449669747499903
vn 0.021073008331505803 -0.7584922374409508 0.6513412731139342
vn 0.022386011088459286 -0.7503942965322535 0.6606112822525906
vn 0.022386011088459286 -0.7503942965322535 0.6606112822525906
vn 0.021073008331505803 -0.7584922374409508 0.6513412731139342
vn 0.0198289892489901 -0.6315817561310044 0.7750556731666701
vn 0.022386011088459286 -0.7503942965322535 0.6606112822525906
vn 0.0198289892489901 -0.6315817561310044 0.7750556731666701
vn 0.01663899924913505 -0.6200969012104057 0.7843487596810744
vn 0.01663899924913505 -0.6200969012104057 0.7843487596810744
vn 0.0198289892489901 -0.6315817561310044 0.7750556731666701
vn 0.016455010158133197 -0.5014321980324756 0.8650404518963353
vn 0.01663899924913505 -0.6200969012104057 0.7843487596810744
vn 0.016455010158133197 -0.5014321980324756 0.8650404518963353
vn 0.011442010673002797 -0.4837192160486523 0.8751484447892462
vn 0.011442010673002797 -0.4837192160486523 0.8751484447892462
vn 0.016455010158133197 -0.5014321980324756 0.8650404518963353
vn 0.00180399904350598 -0.352625924393083 0.9357626317786871
vn 0.011442010673002797 -0.4837192160486523 0.8751484447892462
vn 0.00180399904350598 -0.352625924393083 0.9357626317786871
vn -0.0016840008244145264 -0.32063508652453543 0.9472013014299692
vn -0.0016840008244145264 -0.32063508652453543 0.9472013014299692
vn 0.00180399904350598 -0.352625924393083 0.9357626317786871
vn -0.006827003132369454 -0.21530708092392709 0.9765225306833673
vn -0.0016840008244145264 -0.32063508652453543 0.9472013014299692
vn -0.006827003132369454 -0.21530708092392709 0.9765225306833673
vn -0.013367000966806975 -0.16131001344123366 0.9868132563199291
vn -0.013367000966806975 -0.16131001344123366 0.9868132563199291
vn -0.006827003132369454 -0.21530708092392709 0.9765225306833673
vn -0.024495008514655324 -0.1135580948804856 0.993229356012488
vn -0.013367000966806975 -0.16131001344123366 0.9868132563199291
vn -0.024495008514655324 -0.1135580948804856 0.993229356012488
vn -0.022531999513155543 -0.06595899234367218 0.9975679026146274
vn -0.20663796665097883 -0.8371368156779758 0.506460958588999
vn -0.3827548881008236 -0.7080367729394852 0.5934497651868823
vn -0.3906907729537767 -0.8886635204107639 0.24007887749639353
vn -0.20663796665097883 -0.8371368156779758 0.506460958588999
vn -0.3906907729537767 -0.8886635204107639 0.24007887749639353
vn -0.15845101113562987 -0.9527031503063427 0.2593260196479841
vn -0.016261999828442956 -0.17821800053185505 0.9838566418172963
vn -0.012365001045190204 -0.10010200578940787 0.9949003443491663
vn 0.019996999482423172 -0.5801168924676915 0.8142877323681899
vn -0.016261999828442956 -0.17821800053185505 0.9838566418172963
vn 0.019996999482423172 -0.5801168924676915 0.8142877323681899
vn 0.0059419994100935415 -0.6887518474943571 0.7249728168808263
vn 0.0059419994100935415 -0.6887518474943571 0.7249728168808263
vn 0.019996999482423172 -0.5801168924676915 0.8142877323681899
vn 0.03866200009011652 -0.9829019548094284 0.18002498987872806
vn 0.0059419994100935415 -0.6887518474943571 0.7249728168808263
vn 0.03866200009011652 -0.9829019548094284 0.18002498987872806
vn 0.017970998124431436 -0.9877029385917971 0.1553059828967961
vn 0.011378999592788633 -0.9426128097014763 -0.3336938857020845
vn 0.018701000531698923 -0.9411232072985374 -0.3375461172391519
vn 0.013530999655714184 -0.9389677755674356 -0.34373889581229955
vn 0.011378999592788633 -0.9426128097014763 -0.3336938857020845
vn 0.013530999655714184 -0.9389677755674356 -0.34373889581229955
vn 0.027231978276870093 -0.9340834583104567 -0.3560147641178739
vn 0.027231978276870093 -0.9340834583104567 -0.3560147641178739
vn 0.013530999655714184 -0.9389677755674356 -0.34373889581229955
vn 0.020795001039539365 -0.9740350993532351 -0.22543999902346265
vn 0.027231978276870093 -0.9340834583104567 -0.3560147641178739
vn 0.020795001039539365 -0.9740350993532351 -0.22543999902346265
vn 0.02765098584206321 -0.9775795802889089 -0.20874287337325514
vn 0.02765098584206321 -0.9775795802889089 -0.20874287337325514
vn 0.020795001039539365 -0.9740350993532351 -0.22543999902346265
vn 0.02564701103584286 -0.9988461881494364 0.040602010347616777
vn 0.02765098584206321 -0.9775795802889089 -0.20874287337325514
vn 0.02564701103584286 -0.9988461881494364 0.040602010347616777
vn 0.01901699934014168 -0.9982080839807477 0.0567360098313396
vn 0.01901699934014168 -0.9982080839807477 0.0567360098313396
vn 0.02564701103584286 -0.9988461881494364 0.040602010347616777
vn 0.022583007503973726 -0.9725474972300888 0.23160607376225234
vn 0.01901699934014168 -0.9982080839807477 0.0567360098313396
vn 0.022583007503973726 -0.9725474972300888 0.23160607376225234
vn 0.0170469989840629 -0.9706283692616878 0.23997910036091405
vn 0.0170469989840629 -0.9706283692616878 0.23997910036091405
vn 0.022583007503973726 -0.9725474972300888 0.23160607376225234
vn 0.02243900863533328 -0.9096654517465039 0.414735164641597
vn 0.0170469989840629 -0.9706283692616878 0.23997910036091405
vn 0.02243900863533328 -0.9096654517465039 0.414735164641597
vn 0.01676299924035075 -0.908525972067832 0.41749198786883196
vn 0.01676299924035075 -0.908525972067832 0.41749198786883196
vn 0.02243900863533328 -0.9096654517465039 0.414735164641597
vn 0.02403399814588323 -0.8381129776855666 0.5449669747499903
vn 0.01676299924035075 -0.908525972067832 0.41749198786883196
vn 0.02403399814588323 -0.8381129776855666 0.5449669747499903
vn 0.017788002374434016 -0.8368121716098852 0.5472010383918101
vn 0.017788002374434016 -0.8368121716098852 0.5472010383918101
vn 0.02403399814588323 -0.8381129776855666 0.5449669747499903
vn 0.022386011088459286 -0.7503942965322535 0.6606112822525906
vn 0.017788002374434016 -0.8368121716098852 0.5472010383918101
vn 0.022386011088459286 -0.7503942965322535 0.6606112822525906
vn 0.01147098987905091 -0.7378065940022985 0.6749146955267177
vn 0.01147098987905091 -0.7378065940022985 0.6749146955267177
vn 0.022386011088459286 -0.7503942965322535 0.6606112822525906
vn 0.01663899924913505 -0.6200969012104057 0.7843487596810744
vn 0.01147098987905091 -0.7378065940022985 0.6749146955267177
vn 0.01663899924913505 -0.6200969012104057 0.7843487596810744
vn 0.0034690015017931376 -0.6115173472638302 0.7912234197898776
vn 0.0034690015017931376 -0.6115173472638302 0.7912234197898776
vn 0.01663899924913505 -0.6200969012104057 0.7843487596810744
vn 0.011442010673002797 -0.4837192160486523 0.8751484447892462
vn 0.0034690015017931376 -0.6115173472638302 0.7912234197898776
vn 0.011442010673002797 -0.4837192160486523 0.8751484447892462
vn 0.0019750010114542712 -0.47048218672670056 0.8824072820097684
vn 0.0019750010114542712 -0.47048218672670056 0.8824072820097684
vn 0.011442010673002797 -0.4837192160486523 0.8751484447892462
vn -0.0016840008244145264 -0.32063508652453543 0.9472013014299692
vn 0.0019750010114542712 -0.47048218672670056 0.8824072820097684
vn -0.0016840008244145264 -0.32063508652453543 0.9472013014299692
vn 0.0026439999851611017 -0.31453897072459625 0.9492408783652282
vn 0.0026439999851611017 -0.31453897072459625 0.9492408783652282
vn -0.0016840008244145264 -0.32063508652453543 0.9472013014299692
vn -0.013367000966806975 -0.16131001344123366 0.9868132563199291
vn 0.0026439999851611017 -0.31453897072459625 0.9492408783652282
vn -0.013367000966806975 -0.16131001344123366 0.9868132563199291
vn 0.001796999056602721 -0.1305990100402339 0.9914336434532074
vn 0.001796999056602721 -0.1305990100402339 0.9914336434532074
vn -0.013367000966806975 -0.16131001344123366 0.9868132563199291
vn -0.022531999513155543 -0.06595899234367218 0.9975679026146274
vn 0.001796999056602721 -0.1305990100402339 0.9914336434532074
vn -0.022531999513155543 -0.06595899234367218 0.9975679026146274
vn 0.011365010088894735 -0.055709028939037036 0.9983823619437339
vn 0.03889301150552445 -0.8287222010584162 0.5583071261670631
vn -0.20663796665097883 -0.8371368156779758 0.506460958588999
vn -0.15845101113562987 -0.9527031503063427 0.2593260196479841
vn 0.03889301150552445 -0.8287222010584162 0.5583071261670631
vn -0.15845101113562987 -0.9527031503063427 0.2593260196479841
vn 0.05329697013246681 -0.9565745317626161 0.2865738965046024
vn -0.008501998199238022 -0.2779469798100157 0.9605587917671208
vn -0.016261999828442956 -0.17821800053185505 0.9838566418172963
vn 0.0059419994100935415 -0.6887518474943571 0.7249728168808263
vn -0.008501998199238022 -0.2779469798100157 0.9605587917671208
vn 0.0059419994100935415 -0.6887518474943571 0.7249728168808263
vn 0.004155999401381877 -0.7379269167044579 0.6748678339290055
vn 0.004155999401381877 -0.7379269167044579 0.6748678339290055
vn 0.0059419994100935415 -0.6887518474943571 0.7249728168808263
vn 0.017970998124431436 -0.9877029385917971 0.1553059828967961
vn 0.004155999401381877 -0.7379269167044579 0.6748678339290055
vn 0.017970998124431436 -0.9877029385917971 0.1553059828967961
vn 0.013734001274770995 -0.9928126802542498 0.11888801089831276
vn 0.026113007998007462 -0.9196882462795993 -0.39178009197565294
vn 0.011378999592788633 -0.9426128097014763 -0.3336938857020845
vn 0.027231978276870093 -0.9340834583104567 -0.3560147641178739
vn 0.026113007998007462 -0.9196882462795993 -0.39178009197565294
vn 0.027231978276870093 -0.9340834583104567 -0.3560147641178739
vn 0.036178008717373755 -0.9312933576732929 -0.36246907956245006
vn 0.036178008717373755 -0.9312933576732929 -0.36246907956245006
vn 0.027231978276870093 -0.9340834583104567 -0.3560147641178739
vn 0.02765098584206321 -0.9775795802889089 -0.20874287337325514
vn 0.036178008717373755 -0.9312933576732929 -0.36246907956245006
vn 0.02765098584206321 -0.9775795802889089 -0.20874287337325514
vn 0.020857988804532608 -0.9854297769323332 -0.16879899003880974
vn 0.020857988804532608 -0.9854297769323332 -0.16879899003880974
vn 0.02765098584206321 -0.9775795802889089 -0.20874287337325514
vn 0.01901699934014168 -0.9982080839807477 0.0567360098313396
vn 0.020857988804532608 -0.9854297769323332 -0.16879899003880974
vn 0.01901699934014168 -0.9982080839807477 0.0567360098313396
vn 0.019236999612826183 -0.9977379579661918 0.06441199484063381
vn 0.019236999612826183 -0.9977379579661918 0.06441199484063381
vn 0.01901699934014168 -0.9982080839807477 0.0567360098313396
vn 0.0170469989840629 -0.9706283692616878 0.23997910036091405
vn 0.019236999612826183 -0.9977379579661918 0.06441199484063381
vn 0.0170469989840629 -0.9706283692616878 0.23997910036091405
vn 0.01904099893112668 -0.9686749663336502 0.24760098941281816
vn 0.01904099893112668 -0.9686749663336502 0.24760098941281816
vn 0.0170469989840629 -0.9706283692616878 0.23997910036091405
vn 0.01676299924035075 -0.908525972067832 0.41749198786883196
vn 0.01904099893112668 -0.9686749663336502 0.24760098941281816
vn 0.01676299924035075 -0.908525972067832 0.41749198786883196
vn 0.01753199845730724 -0.908036016405566 0.41852505533170126
vn 0.01753199845730724 -0.908036016405566 0.41852505533170126
vn 0.01676299924035075 -0.908525972067832 0.41749198786883196
vn 0.017788002374434016 -0.8368121716098852 0.5472010383918101
vn 0.01753199845730724 -0.908036016405566 0.41852505533170126
vn 0.017788002374434016 -0.8368121716098852 0.5472010383918101
vn 0.015709989893821562 -0.8315806592299455 0.5551817751081399
vn 0.015709989893821562 -0.8315806592299455 0.5551817751081399
vn 0.017788002374434016 -0.8368121716098852 0.5472010383918101
vn 0.01147098987905091 -0.7378065940022985 0.6749146955267177
vn 0.015709989893821562 -0.8315806592299455 0.5551817751081399
vn 0.01147098987905091 -0.7378065940022985 0.6749146955267177
vn 0.006161997357483446 -0.7229406545847087 0.6908826526532559
vn 0.006161997357483446 -0.7229406545847087 0.6908826526532559
vn 0.01147098987905091 -0.7378065940022985 0.6749146955267177
vn 0.0034690015017931376 -0.6115173472638302 0.7912234197898776
vn 0.006161997357483446 -0.7229406545847087 0.6908826526532559
vn 0.0034690015017931376 -0.6115173472638302 0.7912234197898776
vn 0.004059998834410601 -0.6104468778743382 0.7920467951471917
vn 0.004059998834410601 -0.6104468778743382 0.7920467951471917
vn 0.0034690015017931376 -0.6115173472638302 0.7912234197898776
vn 0.0019750010114542712 -0.47048218672670056 0.8824072820097684
vn 0.004059998834410601 -0.6104468778743382 0.7920467951471917
vn 0.0019750010114542712 -0.47048218672670056 0.8824072820097684
vn 0.0032900007674139145 -0.47226916378566436 0.8814482473929708
vn 0.0032900007674139145 -0.47226916378566436 0.8814482473929708
vn 0.0019750010114542712 -0.47048218672670056 0.8824072820097684
vn 0.0026439999851611017 -0.31453897072459625 0.9492408783652282
vn 0.0032900007674139145 -0.47226916378566436 0.8814482473929708
vn 0.0026439999851611017 -0.31453897072459625 0.9492408783652282
vn 0.006558000926544824 -0.29894098115874207 0.9542490672815438
vn 0.006558000926544824 -0.29894098115874207 0.9542490672815438
vn 0.0026439999851611017 -0.31453897072459625 0.9492408783652282
vn 0.001796999056602721 -0.1305990100402339 0.9914336434532074
vn 0.006558000926544824 -0.29894098115874207 0.9542490672815438
vn 0.001796999056602721 -0.1305990100402339 0.9914336434532074
vn 0.034422009616826406 -0.18718599965066765 0.9817212062437682
vn 0.034422009616826406 -0.18718599965066765 0.9817212062437682
vn 0.001796999056602721 -0.1305990100402339 0.9914336434532074
vn 0.05481598951025964 -0.09366297811154198 0.9940937852261666
vn 0.001796999056602721 -0.1305990100402339 0.9914336434532074
vn 0.011365010088894735 -0.055709028939037036 0.9983823619437339
vn 0.05481598951025964 -0.09366297811154198 0.9940937852261666
vn 0.29578909444743523 -0.8218652056317888 0.48687410629215405
vn 0.03889301150552445 -0.8287222010584162 0.5583071261670631
vn 0.2716579812794046 -0.9249460542429967 0.26585096943120234
vn 0.03889301150552445 -0.8287222010584162 0.5583071261670631
vn 0.05329697013246681 -0.9565745317626161 0.2865738965046024
vn 0.2716579812794046 -0.9249460542429967 0.26585096943120234
vn -0.007790001348129945 -0.30851295828333136 0.9511882413330516
vn -0.008501998199238022 -0.2779469798100157 0.9605587917671208
vn 0.004155999401381877 -0.7379269167044579 0.6748678339290055
vn -0.007790001348129945 -0.30851295828333136 0.9511882413330516
vn 0.004155999401381877 -0.7379269167044579 0.6748678339290055
vn 0.003969998893628222 -0.8760098513536928 0.4822768701068565
vn 0.003969998893628222 -0.8760098513536928 0.4822768701068565
vn 0.004155999401381877 -0.7379269167044579 0.6748678339290055
vn 0.013734001274770995 -0.9928126802542498 0.11888801089831276
vn 0.003969998893628222 -0.8760098513536928 0.4822768701068565
vn 0.013734001274770995 -0.9928126802542498 0.11888801089831276
vn 0.04028699050113089 -0.998501746814191 0.03702998792021663
vn 0.026632999292099894 -0.9049089906049786 -0.4247709995644547
vn 0.026113007998007462 -0.9196882462795993 -0.39178009197565294
vn 0.036178008717373755 -0.9312933576732929 -0.36246907956245006
vn 0.026632999292099894 -0.9049089906049786 -0.4247709995644547
vn 0.036178008717373755 -0.9312933576732929 -0.36246907956245006
vn 0.029527999152881023 -0.944845010921441 -0.3261840011448898
vn 0.029527999152881023 -0.944845010921441 -0.3261840011448898
vn 0.036178008717373755 -0.9312933576732929 -0.36246907956245006
vn 0.020857988804532608 -0.9854297769323332 -0.16879899003880974
vn 0.029527999152881023 -0.944845010921441 -0.3261840011448898
vn 0.020857988804532608 -0.9854297769323332 -0.16879899003880974
vn 0.019768997366849894 -0.9928747936713928 -0.11751098176382903
vn 0.019768997366849894 -0.9928747936713928 -0.11751098176382903
vn 0.020857988804532608 -0.9854297769323332 -0.16879899003880974
vn 0.019236999612826183 -0.9977379579661918 0.06441199484063381
vn 0.019768997366849894 -0.9928747936713928 -0.11751098176382903
vn 0.019236999612826183 -0.9977379579661918 0.06441199484063381
vn 0.025095000019616166 -0.9944500588915678 0.1021729971400118
vn 0.025095000019616166 -0.9944500588915678 0.1021729971400118
vn 0.019236999612826183 -0.9977379579661918 0.06441199484063381
vn 0.01904099893112668 -0.9686749663336502 0.24760098941281816
vn 0.025095000019616166 -0.9944500588915678 0.1021729971400118
vn 0.01904099893112668 -0.9686749663336502 0.24760098941281816
vn 0.02208799006597667 -0.9596025051856897 0.2804909138210964
vn 0.02208799006597667 -0.9596025051856897 0.2804909138210964
vn 0.01904099893112668 -0.9686749663336502 0.24760098941281816
vn 0.01753199845730724 -0.908036016405566 0.41852505533170126
vn 0.02208799006597667 -0.9596025051856897 0.2804909138210964
vn 0.01753199845730724 -0.908036016405566 0.41852505533170126
vn 0.021571010559656652 -0.8948162880593754 0.44591311051266
vn 0.021571010559656652 -0.8948162880593754 0.44591311051266
vn 0.01753199845730724 -0.908036016405566 0.41852505533170126
vn 0.015709989893821562 -0.8315806592299455 0.5551817751081399
vn 0.021571010559656652 -0.8948162880593754 0.44591311051266
vn 0.015709989893821562 -0.8315806592299455 0.5551817751081399
vn 0.014991000940864956 -0.8078911056664846 0.589141096237375
vn 0.014991000940864956 -0.8078911056664846 0.589141096237375
vn 0.015709989893821562 -0.8315806592299455 0.5551817751081399
vn 0.006161997357483446 -0.7229406545847087 0.6908826526532559
vn 0.014991000940864956 -0.8078911056664846 0.589141096237375
vn 0.006161997357483446 -0.7229406545847087 0.6908826526532559
vn 0.007857000310538894 -0.7011189927658796 0.7130009996690598
vn 0.007857000310538894 -0.7011189927658796 0.7130009996690598
vn 0.006161997357483446 -0.7229406545847087 0.6908826526532559
vn 0.004059998834410601 -0.6104468778743382 0.7920467951471917
vn 0.007857000310538894 -0.7011189927658796 0.7130009996690598
vn 0.004059998834410601 -0.6104468778743382 0.7920467951471917
vn 0.005889000361062866 -0.5872060778265387 0.8094160499016068
vn 0.005889000361062866 -0.5872060778265387 0.8094160499016068
vn 0.004059998834410601 -0.6104468778743382 0.7920467951471917
vn 0.0032900007674139145 -0.47226916378566436 0.8814482473929708
vn 0.005889000361062866 -0.5872060778265387 0.8094160499016068
vn 0.0032900007674139145 -0.47226916378566436 0.8814482473929708
vn -0.0014779999477014332 -0.4553520933645428 0.8903102192970062
vn -0.0014779999477014332 -0.4553520933645428 0.8903102192970062
vn 0.0032900007674139145 -0.47226916378566436 0.8814482473929708
vn 0.006558000926544824 -0.29894098115874207 0.9542490672815438
vn -0.0014779999477014332 -0.4553520933645428 0.8903102192970062
vn 0.006558000926544824 -0.29894098115874207 0.9542490672815438
vn 0.006647999654705502 -0.32460599115425737 0.9458259642277501
vn 0.006647999654705502 -0.32460599115425737 0.9458259642277501
vn 0.006558000926544824 -0.29894098115874207 0.9542490672815438
vn 0.016771999398667237 -0.2500719916693205 0.9680819691631027
vn 0.006558000926544824 -0.29894098115874207 0.9542490672815438
vn 0.034422009616826406 -0.18718599965066765 0.9817212062437682
vn 0.016771999398667237 -0.2500719916693205 0.9680819691631027
vn 0.016771999398667237 -0.2500719916693205 0.9680819691631027
vn 0.034422009616826406 -0.18718599965066765 0.9817212062437682
vn 0.09670401119665815 -0.2066829738036415 0.9736172156233475
vn 0.034422009616826406 -0.18718599965066765 0.9817212062437682
vn 0.05481598951025964 -0.09366297811154198 0.9940937852261666
vn 0.09670401119665815 -0.2066829738036415 0.9736172156233475
vn 0.3289551730735075 -0.891871429999594 0.31040915975315214
vn 0.29578909444743523 -0.8218652056317888 0.48687410629215405
vn 0.4085968828005846 -0.8969217689595972 0.16905598993242602
vn 0.29578909444743523 -0.8218652056317888 0.48687410629215405
vn 0.2716579812794046 -0.9249460542429967 0.26585096943120234
vn 0.4085968828005846 -0.8969217689595972 0.16905598993242602
vn 0 -0.769267627220213 -0.638926691969418
vn 0 -0.7461537505201866 -0.6657736706904674
vn 0 -0.6629901453855592 -0.7486281233841239
vn 0 -0.7461537505201866 -0.6657736706904674
vn 0 -0.6165211829051946 -0.787338320564406
vn 0 -0.6629901453855592 -0.7486281233841239
vn 0 0.1902880812596006 0.9817282954720923
vn 0 0.25652608396468735 0.9665373082534073
vn 0 0.07309499977767263 0.9973249826448258
vn 0 0.1902880812596006 0.9817282954720923
vn 0 0.07309499977767263 0.9973249826448258
vn 0 0.014700999504463826 0.9998919344677053
vn 0 0.39851610919113645 0.917161332980822
vn 0 0.47893198658375224 0.8778520104362354
vn 0 0.25652608396468735 0.9665373082534073
vn 0 0.39851610919113645 0.917161332980822
vn 0 0.25652608396468735 0.9665373082534073
vn 0 0.1902880812596006 0.9817282954720923
vn 0 0.6216232649717486 0.7833163578311533
vn 0 0.6788911091107087 0.7342389678915385
vn 0 0.47893198658375224 0.8778520104362354
vn 0 0.6216232649717486 0.7833163578311533
vn 0 0.47893198658375224 0.8778520104362354
vn 0 0.39851610919113645 0.917161332980822
vn 0 0.7760444019906764 0.6306782746685774
vn 0 0.8175985647874131 0.5757886650999325
vn 0 0.6788911091107087 0.7342389678915385
vn 0 0.7760444019906764 0.6306782746685774
vn 0 0.6788911091107087 0.7342389678915385
vn 0 0.6216232649717486 0.7833163578311533
vn 0 0.8925588194197968 0.4509309857128235
vn 0 0.9291727187856884 0.36964585573818104
vn 0 0.8175985647874131 0.5757886650999325
vn 0 0.8925588194197968 0.4509309857128235
vn 0 0.8175985647874131 0.5757886650999325
vn 0 0.7760444019906764 0.6306782746685774
vn 0 0.9786152868033676 0.20569910168681543
vn 0 0.9908967553936684 0.1346239954476935
vn 0 0.9291727187856884 0.36964585573818104
vn 0 0.9786152868033676 0.20569910168681543
vn 0 0.9291727187856884 0.36964585573818104
vn 0 0.8925588194197968 0.4509309857128235
vn 0 0.9978419228457036 -0.06566199061549267
vn 0 0.9978418574054042 -0.06566298508088948
vn 0 0.9908967553936684 0.1346239954476935
vn 0 0.9978419228457036 -0.06566199061549267
vn 0 0.9908967553936684 0.1346239954476935
vn 0 0.9786152868033676 0.20569910168681543
vn 0 0.9379535773187121 -0.3467608495707534
vn 0 0.9645390995576572 -0.2639400034562851
vn 0 0.9978419228457036 -0.06566199061549267
vn 0 0.9645390995576572 -0.2639400034562851
vn 0 0.9978418574054042 -0.06566298508088948
vn 0 0.9978419228457036 -0.06566199061549267
vn 0 0.836766623421931 -0.5475596934828753
vn 0 0.8774768907166896 -0.4796189177442552
vn 0 0.9379535773187121 -0.3467608495707534
vn 0 0.8774768907166896 -0.4796189177442552
vn 0 0.9645390995576572 -0.2639400034562851
vn 0 0.9379535773187121 -0.3467608495707534
vn 0 0.7103089986830721 -0.703889995943863
vn 0 0.7413583719457643 -0.6711093534930993
vn 0 0.836766623421931 -0.5475596934828753
vn 0 0.7413583719457643 -0.6711093534930993
vn 0 0.8774768907166896 -0.4796189177442552
vn 0 0.836766623421931 -0.5475596934828753
vn 0 0.5647190670868718 -0.8252832091279532
vn 0 0.6225010116633893 -0.782618994452637
vn 0 0.7103089986830721 -0.703889995943863
vn 0 0.6225010116633893 -0.782618994452637
vn 0 0.7413583719457643 -0.6711093534930993
vn 0 0.7103089986830721 -0.703889995943863
vn 0 0.30034217448089096 -0.9538315250756236
vn 0 0.4010931865635183 -0.9160372567162989
vn 0 0.5647190670868718 -0.8252832091279532
vn 0 0.4010931865635183 -0.9160372567162989
vn 0 0.6225010116633893 -0.782618994452637
vn 0 0.5647190670868718 -0.8252832091279532
vn 0 0.027616990406953257 -0.9996185781791284
vn 0 0.11757299559694831 -0.9930642429905329
vn 0 0.30034217448089096 -0.9538315250756236
vn 0 0.11757299559694831 -0.9930642429905329
vn 0 0.4010931865635183 -0.9160372567162989
vn 0 0.30034217448089096 -0.9538315250756236
vn 0 -0.2620039047548735 -0.9650668131757505
vn 0 -0.1610359048659771 -0.9869485484785903
vn 0 0.027616990406953257 -0.9996185781791284
vn 0 -0.1610359048659771 -0.9869485484785903
vn 0 0.11757299559694831 -0.9930642429905329
vn 0 0.027616990406953257 -0.9996185781791284
vn 0 -0.48972887910691876 -0.8718747759676735
vn 0 -0.4171490865700564 -0.9088380711511636
vn 0 -0.2620039047548735 -0.9650668131757505
vn 0 -0.4171490865700564 -0.9088380711511636
vn 0 -0.1610359048659771 -0.9869485484785903
vn 0 -0.2620039047548735 -0.9650668131757505
vn 0 -0.6629901453855592 -0.7486281233841239
vn 0 -0.6165211829051946 -0.787338320564406
vn 0 -0.48972887910691876 -0.8718747759676735
vn 0 -0.6165211829051946 -0.787338320564406
vn 0 -0.4171490865700564 -0.9088380711511636
vn 0 -0.48972887910691876 -0.8718747759676735
vn 0 -0.872773792776109 -0.48812488836690693
vn 0 -0.8361447509986868 -0.5485088471276868
vn 0 -0.769267627220213 -0.638926691969418
vn 0 -0.8361447509986868 -0.5485088471276868
vn 0 -0.7461537505201866 -0.6657736706904674
vn 0 -0.769267627220213 -0.638926691969418
vn 0 -0.9533880433980843 -0.30174697795599
vn 0 -0.9308408203913713 -0.36542491307123387
vn 0 -0.872773792776109 -0.48812488836690693
vn 0 -0.9308408203913713 -0.36542491307123387
vn 0 -0.8361447509986868 -0.5485088471276868
vn 0 -0.872773792776109 -0.48812488836690693
vn 0 -0.9926503122726952 -0.12101800504437722
vn 0 -0.9832193872803707 -0.18242707166430144
vn 0 -0.9533880433980843 -0.30174697795599
vn 0 -0.9832193872803707 -0.18242707166430144
vn 0 -0.9308408203913713 -0.36542491307123387
vn 0 -0.9533880433980843 -0.30174697795599
vn 0 -0.9972880632589974 0.07359700320745478
vn 0 -0.9972879898813081 0.07359799751691624
vn 0 -0.9926503122726952 -0.12101800504437722
vn 0 -0.9972879898813081 0.07359799751691624
vn 0 -0.9832193872803707 -0.18242707166430144
vn 0 -0.9926503122726952 -0.12101800504437722
vn 0 -0.9707221694854031 0.2402050575436584
vn 0 -0.9543646290450953 0.29864385951768313
vn 0 -0.9972879898813081 0.07359799751691624
vn 0 -0.9707221694854031 0.2402050575436584
vn 0 -0.9972879898813081 0.07359799751691624
vn 0 -0.9972880632589974 0.07359700320745478
vn 0 -0.9026268759210582 0.43042388742377047
vn 0 -0.8748655815494778 0.48436578555890364
vn 0 -0.9543646290450953 0.29864385951768313
vn 0 -0.9026268759210582 0.43042388742377047
vn 0 -0.9543646290450953 0.29864385951768313
vn 0 -0.9707221694854031 0.2402050575436584
vn 0 -0.8320870364806048 0.5546450790558993
vn 0 -0.815448970527103 0.5788289699611519
vn 0 -0.8748655815494778 0.48436578555890364
vn 0 -0.8320870364806048 0.5546450790558993
vn 0 -0.8748655815494778 0.48436578555890364
vn 0 -0.9026268759210582 0.43042388742377047
vn 0 -0.7444770039502014 0.6676481038611072
vn 0 -0.6899628030102647 0.7238448248500632
vn 0 -0.815448970527103 0.5788289699611519
vn 0 -0.7444770039502014 0.6676481038611072
vn 0 -0.815448970527103 0.5788289699611519
vn 0 -0.8320870364806048 0.5546450790558993
vn 0 -0.5985181255405762 0.8011092643325224
vn 0 -0.5605771531268883 0.8281022010550104
vn 0 -0.6899628030102647 0.7238448248500632
vn 0 -0.5985181255405762 0.8011092643325224
vn 0 -0.6899628030102647 0.7238448248500632
vn 0 -0.7444770039502014 0.6676481038611072
vn 0 -0.4747069165173094 0.880143933348761
vn 0 -0.43340389623434333 0.9011997906840028
vn 0 -0.5605771531268883 0.8281022010550104
vn 0 -0.4747069165173094 0.880143933348761
vn 0 -0.5605771531268883 0.8281022010550104
vn 0 -0.5985181255405762 0.8011092643325224
vn 0 -0.3467801850013019 0.9379464287956231
vn 0 -0.2989840033434142 0.9542581232270151
vn 0 -0.43340389623434333 0.9011997906840028
vn 0 -0.3467801850013019 0.9379464287956231
vn 0 -0.43340389623434333 0.9011997906840028
vn 0 -0.4747069165173094 0.880143933348761
vn 0 -0.1944289045372944 0.9809166127048862
vn 0 -0.12999798959915604 0.9915142574366631
vn 0 -0.2989840033434142 0.9542581232270151
vn 0 -0.1944289045372944 0.9809166127048862
vn 0 -0.2989840033434142 0.9542581232270151
vn 0 -0.3467801850013019 0.9379464287956231
vn 0 0.014700999504463826 0.9998919344677053
vn 0 0.07309499977767263 0.9973249826448258
vn 0 -0.12999798959915604 0.9915142574366631
vn 0 0.014700999504463826 0.9998919344677053
vn 0 -0.12999798959915604 0.9915142574366631
vn 0 -0.1944289045372944 0.9809166127048862
vn -0.9996468888044053 -0.026493999755086792 0.002040999914413902
vn -0.9996604291221249 -0.02601000875693787 0.0015830008948075805
vn -0.9996629208361316 -0.02590399787489205 0.0017399998481940587
vn -0.9996468888044053 -0.026493999755086792 0.002040999914413902
vn -0.9996629208361316 -0.02590399787489205 0.0017399998481940587
vn -0.9996868694634311 -0.025000999929293655 0.0010549999717831364
vn -0.9997065933601329 -0.024217988506509018 0.0004649999749187546
vn -0.9996998180849123 -0.02449399160973733 0.0005640000135431435
vn -0.9997375930056722 -0.022901988893107506 0.0004939999645482953
vn -0.9996998180849123 -0.02449399160973733 0.0005640000135431435
vn -0.9997861446199868 -0.02067800188327035 0.00029200003072655937
vn -0.9997375930056722 -0.022901988893107506 0.0004939999645482953
vn -0.999659021814822 -0.026056996754351837 0.001694999816227398
vn -0.999687769942099 -0.024966990052507822 0.001005999955708376
vn -0.9997065933601329 -0.024217988506509018 0.0004649999749187546
vn -0.999687769942099 -0.024966990052507822 0.001005999955708376
vn -0.9996998180849123 -0.02449399160973733 0.0005640000135431435
vn -0.9997065933601329 -0.024217988506509018 0.0004649999749187546
vn -0.9996866871101023 -0.02502898980857038 0.0002779999836630494
vn -0.9996579566857816 -0.026117998274176196 0.0013489999844060203
vn -0.999659021814822 -0.026056996754351837 0.001694999816227398
vn -0.9996579566857816 -0.026117998274176196 0.0013489999844060203
vn -0.999687769942099 -0.024966990052507822 0.001005999955708376
vn -0.999659021814822 -0.026056996754351837 0.001694999816227398
vn -0.999716775595187 -0.023771989074365743 -0.0011230000047497684
vn -0.999714573984859 -0.02387198899003611 -0.000947999963830007
vn -0.9996866871101023 -0.02502898980857038 0.0002779999836630494
vn -0.999714573984859 -0.02387198899003611 -0.000947999963830007
vn -0.9996579566857816 -0.026117998274176196 0.0013489999844060203
vn -0.9996866871101023 -0.02502898980857038 0.0002779999836630494
vn -0.9997159482650354 -0.023819998921034938 -0.0007939999640344979
vn -0.9997177667194247 -0.023732989900948874 -0.001063999947120862
vn -0.999716775595187 -0.023771989074365743 -0.0011230000047497684
vn -0.9997177667194247 -0.023732989900948874 -0.001063999947120862
vn -0.999714573984859 -0.02387198899003611 -0.000947999963830007
vn -0.999716775595187 -0.023771989074365743 -0.0011230000047497684
vn -0.9997131124447505 -0.023950999353514867 -0.00020599999483578602
vn -0.9997133613467203 -0.0239390083305628 -0.0003449999871147707
vn -0.9997159482650354 -0.023819998921034938 -0.0007939999640344979
vn -0.9997133613467203 -0.0239390083305628 -0.0003449999871147707
vn -0.9997177667194247 -0.023732989900948874 -0.001063999947120862
vn -0.9997159482650354 -0.023819998921034938 -0.0007939999640344979
vn -0.9997152994877595 -0.02384400858009894 0.0008849999613057451
vn -0.999714194340242 -0.02390299635371764 0.00041999994600050444
vn -0.9997131124447505 -0.023950999353514867 -0.00020599999483578602
vn -0.999714194340242 -0.02390299635371764 0.00041999994600050444
vn -0.9997133613467203 -0.0239390083305628 -0.0003449999871147707
vn -0.9997131124447505 -0.023950999353514867 -0.00020599999483578602
vn -0.9996949766145836 -0.02467299932605283 -0.001093999919442357
vn -0.9997065705477572 -0.024222989155825606 0.00013999999598229208
vn -0.9997152994877595 -0.02384400858009894 0.0008849999613057451
vn -0.9997065705477572 -0.024222989155825606 0.00013999999598229208
vn -0.999714194340242 -0.02390299635371764 0.00041999994600050444
vn -0.9997152994877595 -0.02384400858009894 0.0008849999613057451
vn -0.9997018253392452 -0.024387998128799642 -0.0012189998568648043
vn -0.9997019155832618 -0.0243839979147199 -0.0012249999395450295
vn -0.9996949766145836 -0.02467299932605283 -0.001093999919442357
vn -0.9997019155832618 -0.0243839979147199 -0.0012249999395450295
vn -0.9997065705477572 -0.024222989155825606 0.00013999999598229208
vn -0.9996949766145836 -0.02467299932605283 -0.001093999919442357
vn -0.9997241622418468 -0.023484998208282367 0.00023299998787371296
vn -0.9997241833461677 -0.0234839984636349 0.00024299999591803753
vn -0.9997019155832618 -0.0243839979147199 -0.0012249999395450295
vn -0.9997241622418468 -0.023484998208282367 0.00023299998787371296
vn -0.9997019155832618 -0.0243839979147199 -0.0012249999395450295
vn -0.9997018253392452 -0.024387998128799642 -0.0012189998568648043
vn -0.9997161605833291 -0.023824008573908647 -0.00012199999011572664
vn -0.9997180240320251 -0.023745998094489434 0
vn -0.9997241622418468 -0.023484998208282367 0.00023299998787371296
vn -0.9997180240320251 -0.023745998094489434 0
vn -0.9997241833461677 -0.0234839984636349 0.00024299999591803753
vn -0.9997241622418468 -0.023484998208282367 0.00023299998787371296
vn -0.9996914936498557 -0.024830009969371528 -0.0006230000335526633
vn -0.9996913054440987 -0.024838006835164197 -0.0006059999424412779
vn -0.9997161605833291 -0.023824008573908647 -0.00012199999011572664
vn -0.9996913054440987 -0.024838006835164197 -0.0006059999424412779
vn -0.9997180240320251 -0.023745998094489434 0
vn -0.9997161605833291 -0.023824008573908647 -0.00012199999011572664
vn -0.9997547867943727 -0.02214098908678134 -0.00037799999711383265
vn -0.9998210610038841 -0.01891599844234867 0.00017599998985211345
vn -0.9996913054440987 -0.024838006835164197 -0.0006059999424412779
vn -0.9997547867943727 -0.02214098908678134 -0.00037799999711383265
vn -0.9996913054440987 -0.024838006835164197 -0.0006059999424412779
vn -0.9996914936498557 -0.024830009969371528 -0.0006230000335526633
vn -0.9997970653267165 -0.020109999111032787 0.0011899999326919002
vn -0.999707736589579 -0.02411698726044573 0.0016769998272022817
vn -0.9998210610038841 -0.01891599844234867 0.00017599998985211345
vn -0.9997970653267165 -0.020109999111032787 0.0011899999326919002
vn -0.9998210610038841 -0.01891599844234867 0.00017599998985211345
vn -0.9997547867943727 -0.02214098908678134 -0.00037799999711383265
vn -0.9996357234031272 -0.02693598841493208 0.0016949998281002797
vn -0.9996679468258959 -0.025741998544811347 0.001159999921075408
vn -0.999707736589579 -0.02411698726044573 0.0016769998272022817
vn -0.9996357234031272 -0.02693598841493208 0.0016949998281002797
vn -0.999707736589579 -0.02411698726044573 0.0016769998272022817
vn -0.9997970653267165 -0.020109999111032787 0.0011899999326919002
vn -0.9996868694634311 -0.025000999929293655 0.0010549999717831364
vn -0.9996629208361316 -0.02590399787489205 0.0017399998481940587
vn -0.9996679468258959 -0.025741998544811347 0.001159999921075408
vn -0.9996868694634311 -0.025000999929293655 0.0010549999717831364
vn -0.9996679468258959 -0.025741998544811347 0.001159999921075408
vn -0.9996357234031272 -0.02693598841493208 0.0016949998281002797
vn -0.9997021645270739 -0.02440100784608466 -0.00041599997422771056
vn -0.9997247200909619 -0.023395989884603997 -0.0017640001041000829
vn -0.9996604291221249 -0.02601000875693787 0.0015830008948075805
vn -0.9997021645270739 -0.02440100784608466 -0.00041599997422771056
vn -0.9996604291221249 -0.02601000875693787 0.0015830008948075805
vn -0.9996468888044053 -0.026493999755086792 0.002040999914413902
vn -0.9997247758124549 -0.023437002913196617 -0.0010390000884060557
vn -0.9997058085534587 -0.024246997516864665 0.0006159999127772781
vn -0.9997247200909619 -0.023395989884603997 -0.0017640001041000829
vn -0.9997247758124549 -0.023437002913196617 -0.0010390000884060557
vn -0.9997247200909619 -0.023395989884603997 -0.0017640001041000829
vn -0.9997021645270739 -0.02440100784608466 -0.00041599997422771056
vn -0.9996895559537745 -0.024861988969440037 0.0016349989078107022
vn -0.9996923688687487 -0.02477400907539823 0.0011899999670918922
vn -0.9997058085534587 -0.024246997516864665 0.0006159999127772781
vn -0.9996895559537745 -0.024861988969440037 0.0016349989078107022
vn -0.9997058085534587 -0.024246997516864665 0.0006159999127772781
vn -0.9997247758124549 -0.023437002913196617 -0.0010390000884060557
vn -0.999695164436537 -0.024673008861601155 -0.0009059999562410016
vn -0.9996922711193331 -0.024687009567448865 -0.0024319997710782392
vn -0.9996923688687487 -0.02477400907539823 0.0011899999670918922
vn -0.999695164436537 -0.024673008861601155 -0.0009059999562410016
vn -0.9996923688687487 -0.02477400907539823 0.0011899999670918922
vn -0.9996895559537745 -0.024861988969440037 0.0016349989078107022
vn -0.9996997479834396 -0.024375989462072426 -0.0024949989162731164
vn -0.9997114900269894 -0.02400098870918941 -0.0009429999987653257
vn -0.9996922711193331 -0.024687009567448865 -0.0024319997710782392
vn -0.9996997479834396 -0.024375989462072426 -0.0024949989162731164
vn -0.9996922711193331 -0.024687009567448865 -0.0024319997710782392
vn -0.999695164436537 -0.024673008861601155 -0.0009059999562410016
vn -0.9997189324450442 -0.023701997172840918 0.0005209999614705483
vn -0.9997155108798347 -0.02385099055115981 0.00016599999862844812
vn -0.9997114900269894 -0.02400098870918941 -0.0009429999987653257
vn -0.9997189324450442 -0.023701997172840918 0.0005209999614705483
vn -0.9997114900269894 -0.02400098870918941 -0.0009429999987653257
vn -0.9996997479834396 -0.024375989462072426 -0.0024949989162731164
vn -0.999720510276884 -0.02363900877228643 0.00031399998460267785
vn -0.9997203832446637 -0.023644006516847147 0.000340999961762469
vn -0.9997155108798347 -0.02385099055115981 0.00016599999862844812
vn -0.999720510276884 -0.02363900877228643 0.00031399998460267785
vn -0.9997155108798347 -0.02385099055115981 0.00016599999862844812
vn -0.9997189324450442 -0.023701997172840918 0.0005209999614705483
vn -0.9997146547902971 -0.023886989377405795 0.00014400000253304905
vn -0.9997141720604736 -0.02390700609544532 0.00017099998251894093
vn -0.999720510276884 -0.02363900877228643 0.00031399998460267785
vn -0.9997141720604736 -0.02390700609544532 0.00017099998251894093
vn -0.9997203832446637 -0.023644006516847147 0.000340999961762469
vn -0.999720510276884 -0.02363900877228643 0.00031399998460267785
vn -0.9996804042916153 -0.02526097942078361 -0.0009859990139086954
vn -0.9996800150479015 -0.025276997725264476 -0.0009699999094398021
vn -0.9997141720604736 -0.02390700609544532 0.00017099998251894093
vn -0.9996804042916153 -0.02526097942078361 -0.0009859990139086954
vn -0.9997141720604736 -0.02390700609544532 0.00017099998251894093
vn -0.9997146547902971 -0.023886989377405795 0.00014400000253304905
vn -0.9997149958379167 -0.02386899813189905 -0.0004449999705810741
vn -0.9996890689165606 -0.0249159998353627 -0.0009789999714403782
vn -0.9996804042916153 -0.02526097942078361 -0.0009859990139086954
vn -0.9996890689165606 -0.0249159998353627 -0.0009789999714403782
vn -0.9996800150479015 -0.025276997725264476 -0.0009699999094398021
vn -0.9996804042916153 -0.02526097942078361 -0.0009859990139086954
vn -0.999708090972541 -0.024158998717712116 -0.00027499999161032174
vn -0.9997235250718346 -0.023513017010735947 -0.00010699999040456242
vn -0.9997149958379167 -0.02386899813189905 -0.0004449999705810741
vn -0.9997235250718346 -0.023513017010735947 -0.00010699999040456242
vn -0.9996890689165606 -0.0249159998353627 -0.0009789999714403782
vn -0.9997149958379167 -0.02386899813189905 -0.0004449999705810741
vn -0.9997876620293263 -0.02060599012264368 -0.00015499999747544812
vn -0.999738716008707 -0.022855998606101303 -0.00032099996856596407
vn -0.999708090972541 -0.024158998717712116 -0.00027499999161032174
vn -0.999738716008707 -0.022855998606101303 -0.00032099996856596407
vn -0.9997235250718346 -0.023513017010735947 -0.00010699999040456242
vn -0.999708090972541 -0.024158998717712116 -0.00027499999161032174
vn -0.9997375930056722 -0.022901988893107506 0.0004939999645482953
vn -0.9997861446199868 -0.02067800188327035 0.00029200003072655937
vn -0.9997876620293263 -0.02060599012264368 -0.00015499999747544812
vn -0.9997861446199868 -0.02067800188327035 0.00029200003072655937
vn -0.999738716008707 -0.022855998606101303 -0.00032099996856596407
vn -0.9997876620293263 -0.02060599012264368 -0.00015499999747544812
vn -0.03357499613754016 0.7684329235205827 0.6390489509294061
vn -0.032552008173277205 0.745324122587476 0.6659071399625447
vn -0.028910991132001043 0.6622558311157021 0.7487198199226571
vn -0.032552008173277205 0.745324122587476 0.6659071399625447
vn -0.026882999613253196 0.6158661041332321 0.7873920536248437
vn -0.028910991132001043 0.6622558311157021 0.7487198199226571
vn 0.008305997429180126 -0.19015692453475105 -0.9817185719228252
vn 0.011191000439826937 -0.25628790738493373 -0.9665357055160495
vn 0.003193000695680057 -0.07308902571223955 -0.9973203091620028
vn 0.008305997429180126 -0.19015692453475105 -0.9817185719228252
vn 0.003193000695680057 -0.07308902571223955 -0.9973203091620028
vn 0.0006419999790107018 -0.014692999894990578 -0.9998918459464069
vn 0.017379001320743544 -0.3980619136486013 -0.9171939179996274
vn 0.020885989158772933 -0.4783557971796231 -0.8779177107004432
vn 0.011191000439826937 -0.25628790738493373 -0.9665357055160495
vn 0.017379001320743544 -0.3980619136486013 -0.9171939179996274
vn 0.011191000439826937 -0.25628790738493373 -0.9665357055160495
vn 0.008305997429180126 -0.19015692453475105 -0.9817185719228252
vn 0.027115002469817896 -0.6209360236325172 -0.7833921311811216
vn 0.029617987338557514 -0.6782136675293226 -0.7342676596462888
vn 0.020885989158772933 -0.4783557971796231 -0.8779177107004432
vn 0.027115002469817896 -0.6209360236325172 -0.7833921311811216
vn 0.020885989158772933 -0.4783557971796231 -0.8779177107004432
vn 0.017379001320743544 -0.3980619136486013 -0.9171939179996274
vn 0.033858988231559445 -0.7753407908795114 -0.6306347809265432
vn 0.0356699789128264 -0.8168616341760591 -0.575729731050583
vn 0.029617987338557514 -0.6782136675293226 -0.7342676596462888
vn 0.033858988231559445 -0.7753407908795114 -0.6306347809265432
vn 0.029617987338557514 -0.6782136675293226 -0.7342676596462888
vn 0.027115002469817896 -0.6209360236325172 -0.7833921311811216
vn 0.03893897671203977 -0.8917106107242593 -0.45092786874885826
vn 0.04053499316745268 -0.928265790580815 -0.36970195612991974
vn 0.0356699789128264 -0.8168616341760591 -0.575729731050583
vn 0.03893897671203977 -0.8917106107242593 -0.45092786874885826
vn 0.0356699789128264 -0.8168616341760591 -0.575729731050583
vn 0.033858988231559445 -0.7753407908795114 -0.6306347809265432
vn 0.04269098209033342 -0.9776736110429672 -0.2057469084053708
vn 0.04322501920519773 -0.9899514692548743 -0.13463909623443693
vn 0.04053499316745268 -0.928265790580815 -0.36970195612991974
vn 0.04269098209033342 -0.9776736110429672 -0.2057469084053708
vn 0.04053499316745268 -0.928265790580815 -0.36970195612991974
vn 0.03893897671203977 -0.8917106107242593 -0.45092786874885826
vn 0.0435280034741696 -0.9968939221136013 0.06563399246209195
vn 0.043524998511294266 -0.9968939868395459 0.06563500215393661
vn 0.04322501920519773 -0.9899514692548743 -0.13463909623443693
vn 0.0435280034741696 -0.9968939221136013 0.06563399246209195
vn 0.04322501920519773 -0.9899514692548743 -0.13463909623443693
vn 0.04269098209033342 -0.9776736110429672 -0.2057469084053708
vn 0.04091802931975276 -0.9370434760027146 0.34680720718770774
vn 0.04207699861794971 -0.9636200674762357 0.26394297062888394
vn 0.0435280034741696 -0.9968939221136013 0.06563399246209195
vn 0.04207699861794971 -0.9636200674762357 0.26394297062888394
vn 0.043524998511294266 -0.9968939868395459 0.06563500215393661
vn 0.0435280034741696 -0.9968939221136013 0.06563399246209195
vn 0.03650097842888573 -0.835908573746625 0.5476536632860383
vn 0.03827800940861537 -0.8765993041824052 0.4796962100148773
vn 0.04091802931975276 -0.9370434760027146 0.34680720718770774
vn 0.03827800940861537 -0.8765993041824052 0.4796962100148773
vn 0.04207699861794971 -0.9636200674762357 0.26394297062888394
vn 0.04091802931975276 -0.9370434760027146 0.34680720718770774
vn 0.030987999129848048 -0.7096039973286478 0.7039189661354017
vn 0.03233900995274873 -0.7405831714215119 0.6711860804892573
vn 0.03650097842888573 -0.835908573746625 0.5476536632860383
vn 0.03233900995274873 -0.7405831714215119 0.6711860804892573
vn 0.03827800940861537 -0.8765993041824052 0.4796962100148773
vn 0.03650097842888573 -0.835908573746625 0.5476536632860383
vn 0.024635988555330394 -0.5640898790998439 0.8253457919957097
vn 0.027158010911742334 -0.6218740976899305 0.7826461838312715
vn 0.030987999129848048 -0.7096039973286478 0.7039189661354017
vn 0.027158010911742334 -0.6218740976899305 0.7826461838312715
vn 0.03233900995274873 -0.7405831714215119 0.6711860804892573
vn 0.030987999129848048 -0.7096039973286478 0.7039189661354017
vn 0.013109000726879467 -0.3001539186048953 0.953800702057861
vn 0.017498999368627307 -0.40067507751014986 0.9160530919566465
vn 0.024635988555330394 -0.5640898790998439 0.8253457919957097
vn 0.017498999368627307 -0.40067507751014986 0.9160530919566465
vn 0.027158010911742334 -0.6218740976899305 0.7826461838312715
vn 0.024635988555330394 -0.5640898790998439 0.8253457919957097
vn 0.001202999852353116 -0.02753100662551766 0.9996202261186701
vn 0.005133998315381215 -0.11755990696716839 0.9930525214384022
vn 0.013109000726879467 -0.3001539186048953 0.953800702057861
vn 0.005133998315381215 -0.11755990696716839 0.9930525214384022
vn 0.017498999368627307 -0.40067507751014986 0.9160530919566465
vn 0.013109000726879467 -0.3001539186048953 0.953800702057861
vn -0.011426000198278136 0.26173991591951135 0.9650708072125672
vn -0.007027002106325858 0.1610060729431169 0.9869283994884499
vn 0.001202999852353116 -0.02753100662551766 0.9996202261186701
vn -0.007027002106325858 0.1610060729431169 0.9869283994884499
vn 0.005133998315381215 -0.11755990696716839 0.9930525214384022
vn 0.001202999852353116 -0.02753100662551766 0.9996202261186701
vn -0.021356989060094228 0.48915785093900954 0.8719337565910709
vn -0.018190000856880384 0.41660891473368905 0.9089038101104233
vn -0.011426000198278136 0.26173991591951135 0.9650708072125672
vn -0.018190000856880384 0.41660891473368905 0.9089038101104233
vn -0.007027002106325858 0.1610060729431169 0.9869283994884499
vn -0.011426000198278136 0.26173991591951135 0.9650708072125672
vn -0.028910991132001043 0.6622558311157021 0.7487198199226571
vn -0.026882999613253196 0.6158661041332321 0.7873920536248437
vn -0.021356989060094228 0.48915785093900954 0.8719337565910709
vn -0.026882999613253196 0.6158661041332321 0.7873920536248437
vn -0.018190000856880384 0.41660891473368905 0.9089038101104233
vn -0.021356989060094228 0.48915785093900954 0.8719337565910709
vn -0.038086991143326636 0.8719557979245375 0.48810087847844674
vn -0.03649798318115851 0.8353196433013124 0.5485517211154076
vn -0.03357499613754016 0.7684329235205827 0.6390489509294061
vn -0.03649798318115851 0.8353196433013124 0.5485517211154076
vn -0.032552008173277205 0.745324122587476 0.6659071399625447
vn -0.03357499613754016 0.7684329235205827 0.6390489509294061
vn -0.041579998943769035 0.9524710754752098 0.30177798804905115
vn -0.04060998911919465 0.9299628093640893 0.365403888845466
vn -0.038086991143326636 0.8719557979245375 0.48810087847844674
vn -0.04060998911919465 0.9299628093640893 0.365403888845466
vn -0.03649798318115851 0.8353196433013124 0.5485517211154076
vn -0.038086991143326636 0.8719557979245375 0.48810087847844674
vn -0.043286003297022375 0.9916981568400025 0.12108297831946464
vn -0.04288001069850298 0.982268293042886 0.18251110970324905
vn -0.041579998943769035 0.9524710754752098 0.30177798804905115
vn -0.04288001069850298 0.982268293042886 0.18251110970324905
vn -0.04060998911919465 0.9299628093640893 0.365403888845466
vn -0.041579998943769035 0.9524710754752098 0.30177798804905115
vn -0.04330499735360253 0.9924229733379738 -0.11498399538726999
vn -0.04357999744754302 0.9985730806456719 -0.03086399896780174
vn -0.043286003297022375 0.9916981568400025 0.12108297831946464
vn -0.04357999744754302 0.9985730806456719 -0.03086399896780174
vn -0.04288001069850298 0.982268293042886 0.18251110970324905
vn -0.043286003297022375 0.9916981568400025 0.12108297831946464
vn -0.04199701595258721 0.9624933451877979 -0.2680350930760381
vn -0.042004996329332606 0.9624899661812898 -0.26804597606327246
vn -0.04330499735360253 0.9924229733379738 -0.11498399538726999
vn -0.042004996329332606 0.9624899661812898 -0.26804597606327246
vn -0.04357999744754302 0.9985730806456719 -0.03086399896780174
vn -0.04330499735360253 0.9924229733379738 -0.11498399538726999
vn -0.039369997117332814 0.9017239065792292 -0.4305159690771931
vn -0.03817098763005036 0.8739997292859509 -0.4844248640516205
vn -0.042004996329332606 0.9624899661812898 -0.26804597606327246
vn -0.039369997117332814 0.9017239065792292 -0.4305159690771931
vn -0.042004996329332606 0.9624899661812898 -0.26804597606327246
vn -0.04199701595258721 0.9624933451877979 -0.2680350930760381
vn -0.03630500843445428 0.8312932417472706 -0.5546471784728451
vn -0.035584021154444555 0.8146704984407307 -0.5788313713067145
vn -0.03817098763005036 0.8739997292859509 -0.4844248640516205
vn -0.03630500843445428 0.8312932417472706 -0.5546471784728451
vn -0.03817098763005036 0.8739997292859509 -0.4844248640516205
vn -0.039369997117332814 0.9017239065792292 -0.4305159690771931
vn -0.032490997186605385 0.7437290843186168 -0.6676910844398117
vn -0.030102977416397385 0.6892325425855519 -0.7239145757558164
vn -0.035584021154444555 0.8146704984407307 -0.5788313713067145
vn -0.032490997186605385 0.7437290843186168 -0.6676910844398117
vn -0.035584021154444555 0.8146704984407307 -0.5788313713067145
vn -0.03630500843445428 0.8312932417472706 -0.5546471784728451
vn -0.02610299167595818 0.5978889273312562 -0.8011538331682903
vn -0.024445017944251468 0.56004633543472 -0.8281005634968776
vn -0.030102977416397385 0.6892325425855519 -0.7239145757558164
vn -0.02610299167595818 0.5978889273312562 -0.8011538331682903
vn -0.030102977416397385 0.6892325425855519 -0.7239145757558164
vn -0.032490997186605385 0.7437290843186168 -0.6676910844398117
vn -0.02070700798910852 0.47427508074863584 -0.8801331533359108
vn -0.01891098877722079 0.4329538852533942 -0.9012176805564006
vn -0.024445017944251468 0.56004633543472 -0.8281005634968776
vn -0.02070700798910852 0.47427508074863584 -0.8801331533359108
vn -0.024445017944251468 0.56004633543472 -0.8281005634968776
vn -0.02610299167595818 0.5978889273312562 -0.8011538331682903
vn -0.015135006792981175 0.34645812842214435 -0.9379433334800144
vn -0.013055999051985916 0.2988079921525688 -0.9542239384518212
vn -0.01891098877722079 0.4329538852533942 -0.9012176805564006
vn -0.015135006792981175 0.34645812842214435 -0.9379433334800144
vn -0.01891098877722079 0.4329538852533942 -0.9012176805564006
vn -0.02070700798910852 0.47427508074863584 -0.8801331533359108
vn -0.008494996608553127 0.19442988617535875 -0.980879632979734
vn -0.0056809972498772674 0.13001598520783814 -0.9914956227138283
vn -0.013055999051985916 0.2988079921525688 -0.9542239384518212
vn -0.008494996608553127 0.19442988617535875 -0.980879632979734
vn -0.013055999051985916 0.2988079921525688 -0.9542239384518212
vn -0.015135006792981175 0.34645812842214435 -0.9379433334800144
vn 0.0006419999790107018 -0.014692999894990578 -0.9998918459464069
vn 0.003193000695680057 -0.07308902571223955 -0.9973203091620028
vn -0.0056809972498772674 0.13001598520783814 -0.9914956227138283
vn 0.0006419999790107018 -0.014692999894990578 -0.9998918459464069
vn -0.0056809972498772674 0.13001598520783814 -0.9914956227138283
vn -0.008494996608553127 0.19442988617535875 -0.980879632979734
vn -0.999408651952096 -0.03154598700674057 0.013681999381111561
vn -0.9994753761810523 -0.031141007831369482 0.00890000219047972
vn -0.9995886018252759 -0.027013985756863163 0.009636995097955844
vn -0.9994753761810523 -0.031141007831369482 0.00890000219047972
vn -0.9997249334895016 -0.023033999601584667 0.004414999633733341
vn -0.9995886018252759 -0.027013985756863163 0.009636995097955844
vn -0.9995937485604909 -0.02848399267210004 0.0010000001209512256
vn -0.9996245795150344 -0.027395985644740405 0.0003999999300160968
vn -0.9996732175844589 -0.025555011648111737 0.0006319999999964351
vn -0.9996245795150344 -0.027395985644740405 0.0003999999300160968
vn -0.9997256276799801 -0.023400991403451723 0.0010310000996654634
vn -0.9996732175844589 -0.025555011648111737 0.0006319999999964351
vn -0.9995937485604909 -0.02848399267210004 0.0010000001209512256
vn -0.9996258670714144 -0.02734399811245308 -0.0006569999612550557
vn -0.9996245795150344 -0.027395985644740405 0.0003999999300160968
vn -0.9996258670714144 -0.02734399811245308 -0.0006569999612550557
vn -0.9996619482765516 -0.025968999655617653 -0.0012649999271125494
vn -0.9996245795150344 -0.027395985644740405 0.0003999999300160968
vn -0.9996258670714144 -0.02734399811245308 -0.0006569999612550557
vn -0.9996625642277691 -0.02595498935608162 -0.0010470000415973382
vn -0.9996619482765516 -0.025968999655617653 -0.0012649999271125494
vn -0.9996625642277691 -0.02595498935608162 -0.0010470000415973382
vn -0.9996630339177076 -0.02594499825782438 -0.0008219999063859601
vn -0.9996619482765516 -0.025968999655617653 -0.0012649999271125494
vn -0.9996625642277691 -0.02595498935608162 -0.0010470000415973382
vn -0.9996745940038708 -0.025483989470164562 -0.0011279999470627483
vn -0.9996630339177076 -0.02594499825782438 -0.0008219999063859601
vn -0.9996745940038708 -0.025483989470164562 -0.0011279999470627483
vn -0.9996742678112395 -0.02548100851997908 -0.0014409999538976999
vn -0.9996630339177076 -0.02594499825782438 -0.0008219999063859601
vn -0.9996745940038708 -0.025483989470164562 -0.0011279999470627483
vn -0.9996634290817503 -0.025923008844345174 -0.0010129999864017783
vn -0.9996742678112395 -0.02548100851997908 -0.0014409999538976999
vn -0.9996634290817503 -0.025923008844345174 -0.0010129999864017783
vn -0.9996596591796307 -0.02606398833819252 -0.001110999897031127
vn -0.9996742678112395 -0.02548100851997908 -0.0014409999538976999
vn -0.9996634290817503 -0.025923008844345174 -0.0010129999864017783
vn -0.9996514748277067 -0.02639400914619763 -0.0005339999826212338
vn -0.9996596591796307 -0.02606398833819252 -0.001110999897031127
vn -0.9996514748277067 -0.02639400914619763 -0.0005339999826212338
vn -0.9996498756776355 -0.0264560001076588 -0.000453999990609025
vn -0.9996596591796307 -0.02606398833819252 -0.001110999897031127
vn -0.9996514748277067 -0.02639400914619763 -0.0005339999826212338
vn -0.9996486807579763 -0.026505000638324276 0
vn -0.9996498756776355 -0.0264560001076588 -0.000453999990609025
vn -0.9996486807579763 -0.026505000638324276 0
vn -0.9996529194895695 -0.026339998690678885 0.0004949999548426284
vn -0.9996498756776355 -0.0264560001076588 -0.000453999990609025
vn -0.9996486807579763 -0.026505000638324276 0
vn -0.9996731870649296 -0.025257009995993757 0.0039500012036104565
vn -0.9996529194895695 -0.026339998690678885 0.0004949999548426284
vn -0.9996731870649296 -0.025257009995993757 0.0039500012036104565
vn -0.9996487668430568 -0.02598699195188078 0.005197999466011884
vn -0.9996529194895695 -0.026339998690678885 0.0004949999548426284
vn -0.9996731870649296 -0.025257009995993757 0.0039500012036104565
vn -0.9996104027602889 -0.027416007237480958 0.005235001486873967
vn -0.9996487668430568 -0.02598699195188078 0.005197999466011884
vn -0.9996104027602889 -0.027416007237480958 0.005235001486873967
vn -0.9995407973272928 -0.030214992904801164 0.002291000236281962
vn -0.9996487668430568 -0.02598699195188078 0.005197999466011884
vn -0.9996104027602889 -0.027416007237480958 0.005235001486873967
vn -0.9995841169365183 -0.028513000503557318 0.004313000176788904
vn -0.9995758091950194 -0.028826997417080995 0.004147998558060184
vn -0.9996104027602889 -0.027416007237480958 0.005235001486873967
vn -0.9995758091950194 -0.028826997417080995 0.004147998558060184
vn -0.9995407973272928 -0.030214992904801164 0.002291000236281962
vn -0.9995841169365183 -0.028513000503557318 0.004313000176788904
vn -0.9996098530624432 -0.02745399901782036 0.005139999845355747
vn -0.9996017017491634 -0.027787990311708706 0.00492599782915451
vn -0.9995841169365183 -0.028513000503557318 0.004313000176788904
vn -0.9996017017491634 -0.027787990311708706 0.00492599782915451
vn -0.9995758091950194 -0.028826997417080995 0.004147998558060184
vn -0.9996098530624432 -0.02745399901782036 0.005139999845355747
vn -0.9996321228093635 -0.02652600042174777 0.005656001173204862
vn -0.9996189586847841 -0.027078997894601452 0.005353999530433617
vn -0.9996098530624432 -0.02745399901782036 0.005139999845355747
vn -0.9996189586847841 -0.027078997894601452 0.005353999530433617
vn -0.9996017017491634 -0.027787990311708706 0.00492599782915451
vn -0.9996321228093635 -0.02652600042174777 0.005656001173204862
vn -0.9996704630357955 -0.02492100825785044 0.006157002615759769
vn -0.9997044005226264 -0.023703008864327964 0.005411002353861349
vn -0.9996321228093635 -0.02652600042174777 0.005656001173204862
vn -0.9997044005226264 -0.023703008864327964 0.005411002353861349
vn -0.9996189586847841 -0.027078997894601452 0.005353999530433617
vn -0.9996704630357955 -0.02492100825785044 0.006157002615759769
vn -0.9997217803647409 -0.02308099986095907 0.004860998845027773
vn -0.9997044005226264 -0.023703008864327964 0.005411002353861349
vn -0.9997217803647409 -0.02308099986095907 0.004860998845027773
vn -0.9997641450825815 -0.021422001893223543 0.0035710001654333354
vn -0.9997044005226264 -0.023703008864327964 0.005411002353861349
vn -0.9997229224794904 -0.023108997986325024 0.004477999680080916
vn -0.999701239784459 -0.02401099717457056 0.004572000448189446
vn -0.9997217803647409 -0.02308099986095907 0.004860998845027773
vn -0.999701239784459 -0.02401099717457056 0.004572000448189446
vn -0.9997641450825815 -0.021422001893223543 0.0035710001654333354
vn -0.9997217803647409 -0.02308099986095907 0.004860998845027773
vn -0.9995886018252759 -0.027013985756863163 0.009636995097955844
vn -0.9997249334895016 -0.023033999601584667 0.004414999633733341
vn -0.9997229224794904 -0.023108997986325024 0.004477999680080916
vn -0.9997249334895016 -0.023033999601584667 0.004414999633733341
vn -0.999701239784459 -0.02401099717457056 0.004572000448189446
vn -0.9997229224794904 -0.023108997986325024 0.004477999680080916
vn -0.999408651952096 -0.03154598700674057 0.013681999381111561
vn -0.9996536578844413 -0.026315986667145384 -0.00018199997457822248
vn -0.9994753761810523 -0.031141007831369482 0.00890000219047972
vn -0.9996536578844413 -0.026315986667145384 -0.00018199997457822248
vn -0.9996990695036626 -0.024258998031667135 -0.003642999864215071
vn -0.9994753761810523 -0.031141007831369482 0.00890000219047972
vn -0.9996536578844413 -0.026315986667145384 -0.00018199997457822248
vn -0.9996796671500765 -0.025307991676805964 -0.0002619999978708221
vn -0.9996990695036626 -0.024258998031667135 -0.003642999864215071
vn -0.9996796671500765 -0.025307991676805964 -0.0002619999978708221
vn -0.999642469565262 -0.026632008493962522 0.0023810008487753533
vn -0.9996990695036626 -0.024258998031667135 -0.003642999864215071
vn -0.9996796671500765 -0.025307991676805964 -0.0002619999978708221
vn -0.9996310032132535 -0.027108001013599115 0.0017359999744516632
vn -0.999642469565262 -0.026632008493962522 0.0023810008487753533
vn -0.9996310032132535 -0.027108001013599115 0.0017359999744516632
vn -0.9996269335084138 -0.02729199847463543 0.0010679999184351789
vn -0.999642469565262 -0.026632008493962522 0.0023810008487753533
vn -0.9996310032132535 -0.027108001013599115 0.0017359999744516632
vn -0.999634625040656 -0.026886990334558797 -0.0027759990231244285
vn -0.9996360572351762 -0.026870997968950556 -0.0023879998878675005
vn -0.9996310032132535 -0.027108001013599115 0.0017359999744516632
vn -0.9996360572351762 -0.026870997968950556 -0.0023879998878675005
vn -0.9996269335084138 -0.02729199847463543 0.0010679999184351789
vn -0.999634625040656 -0.026886990334558797 -0.0027759990231244285
vn -0.9996652598970235 -0.02585700930374714 -0.0008849999336002153
vn -0.9996360572351762 -0.026870997968950556 -0.0023879998878675005
vn -0.9996652598970235 -0.02585700930374714 -0.0008849999336002153
vn -0.9996806080942218 -0.025186990196785785 0.0020729990819741413
vn -0.9996360572351762 -0.026870997968950556 -0.0023879998878675005
vn -0.9996652598970235 -0.02585700930374714 -0.0008849999336002153
vn -0.9996492035409874 -0.02647300934647308 0.000806000006832365
vn -0.9996806080942218 -0.025186990196785785 0.0020729990819741413
vn -0.9996492035409874 -0.02647300934647308 0.000806000006832365
vn -0.999624091450736 -0.02736500140976635 -0.001683000039720297
vn -0.9996806080942218 -0.025186990196785785 0.0020729990819741413
vn -0.9996492035409874 -0.02647300934647308 0.000806000006832365
vn -0.9996372725396471 -0.026868005843453672 -0.0018530006722136119
vn -0.999624091450736 -0.02736500140976635 -0.001683000039720297
vn -0.9996372725396471 -0.026868005843453672 -0.0018530006722136119
vn -0.9996887418286068 -0.0249480023275885 0.00012900000008028077
vn -0.999624091450736 -0.02736500140976635 -0.001683000039720297
vn -0.9996372725396471 -0.026868005843453672 -0.0018530006722136119
vn -0.9996928295341813 -0.024783998425244827 0
vn -0.9996887418286068 -0.0249480023275885 0.00012900000008028077
vn -0.9996928295341813 -0.024783998425244827 0
vn -0.9997024703248992 -0.02438901673540717 0.00038299996669962673
vn -0.9996887418286068 -0.0249480023275885 0.00012900000008028077
vn -0.9996928295341813 -0.024783998425244827 0
vn -0.9996991142899184 -0.024528000467876926 0.0002410000011988327
vn -0.9997024703248992 -0.02438901673540717 0.00038299996669962673
vn -0.9996991142899184 -0.024528000467876926 0.0002410000011988327
vn -0.9996876514713324 -0.02499198863099517 0
vn -0.9997024703248992 -0.02438901673540717 0.00038299996669962673
vn -0.9996991142899184 -0.024528000467876926 0.0002410000011988327
vn -0.9996975928190777 -0.024587989908927563 0.00039199997431832646
vn -0.9996876514713324 -0.02499198863099517 0
vn -0.9996975928190777 -0.024587989908927563 0.00039199997431832646
vn -0.9996899416657229 -0.024896998461846908 0.0003999999680576608
vn -0.9996876514713324 -0.02499198863099517 0
vn -0.9996975928190777 -0.024587989908927563 0.00039199997431832646
vn -0.9997251507956526 -0.023422997625468657 0.0009929999228870147
vn -0.9997022949338521 -0.024393011375810864 0.0005500000080970435
vn -0.9996975928190777 -0.024587989908927563 0.00039199997431832646
vn -0.9997022949338521 -0.024393011375810864 0.0005500000080970435
vn -0.9996899416657229 -0.024896998461846908 0.0003999999680576608
vn -0.9997251507956526 -0.023422997625468657 0.0009929999228870147
vn -0.9997489849802673 -0.02235699959389322 0.001460000028701014
vn -0.9997612434535776 -0.021795010622786576 0.0015600000349246107
vn -0.9997251507956526 -0.023422997625468657 0.0009929999228870147
vn -0.9997612434535776 -0.021795010622786576 0.0015600000349246107
vn -0.9997022949338521 -0.024393011375810864 0.0005500000080970435
vn -0.9997489849802673 -0.02235699959389322 0.001460000028701014
vn -0.9996732175844589 -0.025555011648111737 0.0006319999999964351
vn -0.9997256276799801 -0.023400991403451723 0.0010310000996654634
vn -0.9997489849802673 -0.02235699959389322 0.001460000028701014
vn -0.9997256276799801 -0.023400991403451723 0.0010310000996654634
vn -0.9997612434535776 -0.021795010622786576 0.0015600000349246107
vn -0.9998283571128239 -0.01844500640799006 -0.0017430007689600497
vn -0.999721090194493 -0.023611999583521465 0.000464000002430804
vn -0.9996732175844589 -0.025555011648111737 0.0006319999999964351
vn -0.999721090194493 -0.023611999583521465 0.000464000002430804
vn -0.9995937485604909 -0.02848399267210004 0.0010000001209512256
vn -0.9996732175844589 -0.025555011648111737 0.0006319999999964351
f 1/1/1 2/2/2 3/3/3
f 4/4/4 5/5/5 6/6/6
f 7/7/7 8/8/8 9/9/9
f 10/10/10 11/11/11 12/12/12
f 13/13/13 14/14/14 15/15/15
f 16/16/16 17/17/17 18/18/18
f 19/19/19 20/20/20 21/21/21
f 22/22/22 23/23/23 24/24/24
f 25/25/25 26/26/26 27/27/27
f 28/28/28 29/29/29 30/30/30
f 31/31/31 32/32/32 33/33/33
f 34/34/34 35/35/35 36/36/36
f 37/37/37 38/38/38 39/39/39
f 40/40/40 41/41/41 42/42/42
f 43/43/43 44/44/44 45/45/45
f 46/46/46 47/47/47 48/48/48
f 49/49/49 50/50/50 51/51/51
f 52/52/52 53/53/53 54/54/54
f 55/55/55 56/56/56 57/57/57
f 58/58/58 59/59/59 60/60/60
f 61/61/61 62/62/62 63/63/63
f 64/64/64 65/65/65 66/66/66
f 67/67/67 68/68/68 69/69/69
f 70/70/70 71/71/71 72/72/72
f 73/73/73 74/74/74 75/75/75
f 76/76/76 77/77/77 78/78/78
f 79/79/79 80/80/80 81/81/81
f 82/82/82 83/83/83 84/84/84
f 85/85/85 86/86/86 87/87/87
f 88/88/88 89/89/89 90/90/90
f 91/91/91 92/92/92 93/93/93
f 94/94/94 95/95/95 96/96/96
f 97/97/97 98/98/98 99/99/99
f 100/100/100 101/101/101 102/102/102
f 103/103/103 104/104/104 105/105/105
f 106/106/106 107/107/107 108/108/108
f 109/109/109 110/110/110 111/111/111
f 112/112/112 113/113/113 114/114/114
f 115/115/115 116/116/116 117/117/117
f 118/118/118 119/119/119 120/120/120
f 121/121/121 122/122/122 123/123/123
f 124/124/124 125/125/125 126/126/126
f 127/127/127 128/128/128 129/129/129
f 130/130/130 131/131/131 132/132/132
f 133/133/133 134/134/134 135/135/135
f 136/136/136 137/137/137 138/138/138
f 139/139/139 140/140/140 141/141/141
f 142/142/142 143/143/143 144/144/144
f 145/145/145 146/146/146 147/147/147
f 148/148/148 149/149/149 150/150/150
f 151/151/151 152/152/152 153/153/153
f 154/154/154 155/155/155 156/156/156
f 157/157/157 158/158/158 159/159/159
f 160/160/160 161/161/161 162/162/162
f 163/163/163 164/164/164 165/165/165
f 166/166/166 167/167/167 168/168/168
f 169/169/169 170/170/170 171/171/171
f 172/172/172 173/173/173 174/174/174
f 175/175/175 176/176/176 177/177/177
f 178/178/178 179/179/179 180/180/180
f 181/181/181 182/182/182 183/183/183
f 184/184/184 185/185/185 186/186/186
f 187/187/187 188/188/188 189/189/189
f 190/190/190 191/191/191 192/192/192
f 193/193/193 194/194/194 195/195/195
f 196/196/196 197/197/197 198/198/198
f 199/199/199 200/200/200 201/201/201
f 202/202/202 203/203/203 204/204/204
f 205/205/205 206/206/206 207/207/207
f 208/208/208 209/209/209 210/210/210
f 211/211/211 212/212/212 213/213/213
f 214/214/214 215/215/215 216/216/216
f 217/217/217 218/218/218 219/219/219
f 220/220/220 221/221/221 222/222/222
f 223/223/223 224/224/224 225/225/225
f 226/226/226 227/227/227 228/228/228
f 229/229/229 230/230/230 231/231/231
f 232/232/232 233/233/233 234/234/234
f 235/235/235 236/236/236 237/237/237
f 238/238/238 239/239/239 240/240/240
f 241/241/241 242/242/242 243/243/243
f 244/244/244 245/245/245 246/246/246
f 247/247/247 248/248/248 249/249/249
f 250/250/250 251/251/251 252/252/252
f 253/253/253 254/254/254 255/255/255
f 256/256/256 257/257/257 258/258/258
f 259/259/259 260/260/260 261/261/261
f 262/262/262 263/263/263 264/264/264
f 265/265/265 266/266/266 267/267/267
f 268/268/268 269/269/269 270/270/270
f 271/271/271 272/272/272 273/273/273
f 274/274/274 275/275/275 276/276/276
f 277/277/277 278/278/278 279/279/279
f 280/280/280 281/281/281 282/282/282
f 283/283/283 284/284/284 285/285/285
f 286/286/286 287/287/287 288/288/288
f 289/289/289 290/290/290 291/291/291
f 292/292/292 293/293/293 294/294/294
f 295/295/295 296/296/296 297/297/297
f 298/298/298 299/299/299 300/300/300
f 301/301/301 302/302/302 303/303/303
f 304/304/304 305/305/305 306/306/306
f 307/307/307 308/308/308 309/309/309
f 310/310/310 311/311/311 312/312/312
f 313/313/313 314/314/314 315/315/315
f 316/316/316 317/317/317 318/318/318
f 319/319/319 320/320/320 321/321/321
f 322/322/322 323/323/323 324/324/324
f 325/325/325 326/326/326 327/327/327
f 328/328/328 329/329/329 330/330/330
f 331/331/331 332/332/332 333/333/333
f 334/334/334 335/335/335 336/336/336
f 337/337/337 338/338/338 339/339/339
f 340/340/340 341/341/341 342/342/342
f 343/343/343 344/344/344 345/345/345
f 346/346/346 347/347/347 348/348/348
f 349/349/349 350/350/350 351/351/351
f 352/352/352 353/353/353 354/354/354
f 355/355/355 356/356/356 357/357/357
f 358/358/358 359/359/359 360/360/360
f 361/361/361 362/362/362 363/363/363
f 364/364/364 365/365/365 366/366/366
f 367/367/367 368/368/368 369/369/369
f 370/370/370 371/371/371 372/372/372
f 373/373/373 374/374/374 375/375/375
f 376/376/376 377/377/377 378/378/378
f 379/379/379 380/380/380 381/381/381
f 382/382/382 383/383/383 384/384/384
f 385/385/385 386/386/386 387/387/387
f 388/388/388 389/389/389 390/390/390
f 391/391/391 392/392/392 393/393/393
f 394/394/394 395/395/395 396/396/396
f 397/397/397 398/398/398 399/399/399
f 400/400/400 401/401/401 402/402/402
f 403/403/403 404/404/404 405/405/405
f 406/406/406 407/407/407 408/408/408
f 409/409/409 410/410/410 411/411/411
f 412/412/412 413/413/413 414/414/414
f 415/415/415 416/416/416 417/417/417
f 418/418/418 419/419/419 420/420/420
f 421/421/421 422/422/422 423/423/423
f 424/424/424 425/425/425 426/426/426
f 427/427/427 428/428/428 429/429/429
f 430/430/430 431/431/431 432/432/432
f 433/433/433 434/434/434 435/435/435
f 436/436/436 437/437/437 438/438/438
f 439/439/439 440/440/440 441/441/441
f 442/442/442 443/443/443 444/444/444
f 445/445/445 446/446/446 447/447/447
f 448/448/448 449/449/449 450/450/450
f 451/451/451 452/452/452 453/453/453
f 454/454/454 455/455/455 456/456/456
f 457/457/457 458/458/458 459/459/459
f 460/460/460 461/461/461 462/462/462
f 463/463/463 464/464/464 465/465/465
f 466/466/466 467/467/467 468/468/468
f 469/469/469 470/470/470 471/471/471
f 472/472/472 473/473/473 474/474/474
f 475/475/475 476/476/476 477/477/477
f 478/478/478 479/479/479 480/480/480
f 481/481/481 482/482/482 483/483/483
f 484/484/484 485/485/485 486/486/486
f 487/487/487 488/488/488 489/489/489
f 490/490/490 491/491/491 492/492/492
f 493/493/493 494/494/494 495/495/495
f 496/496/496 497/497/497 498/498/498
f 499/499/499 500/500/500 501/501/501
f 502/502/502 503/503/503 504/504/504
f 505/505/505 506/506/506 507/507/507
f 508/508/508 509/509/509 510/510/510
f 511/511/511 512/512/512 513/513/513
f 514/514/514 515/515/515 516/516/516
f 517/517/517 518/518/518 519/519/519
f 520/520/520 521/521/521 522/522/522
f 523/523/523 524/524/524 525/525/525
f 526/526/526 527/527/527 528/528/528
f 529/529/529 530/530/530 531/531/531
f 532/532/532 533/533/533 534/534/534
f 535/535/535 536/536/536 537/537/537
f 538/538/538 539/539/539 540/540/540
f 541/541/541 542/542/542 543/543/543
f 544/544/544 545/545/545 546/546/546
f 547/547/547 548/548/548 549/549/549
f 550/550/550 551/551/551 552/552/552
f 553/553/553 554/554/554 555/555/555
f 556/556/556 557/557/557 558/558/558
f 559/559/559 560/560/560 561/561/561
f 562/562/562 563/563/563 564/564/564
f 565/565/565 566/566/566 567/567/567
f 568/568/568 569/569/569 570/570/570
f 571/571/571 572/572/572 573/573/573
f 574/574/574 575/575/575 576/576/576
f 577/577/577 578/578/578 579/579/579
f 580/580/580 581/581/581 582/582/582
f 583/583/583 584/584/584 585/585/585
f 586/586/586 587/587/587 588/588/588
f 589/589/589 590/590/590 591/591/591
f 592/592/592 593/593/593 594/594/594
f 595/595/595 596/596/596 597/597/597
f 598/598/598 599/599/599 600/600/600
f 601/601/601 602/602/602 603/603/603
f 604/604/604 605/605/605 606/606/606
f 607/607/607 608/608/608 609/609/609
f 610/610/610 611/611/611 612/612/612
f 613/613/613 614/614/614 615/615/615
f 616/616/616 617/617/617 618/618/618
f 619/619/619 620/620/620 621/621/621
f 622/622/622 623/623/623 624/624/624
f 625/625/625 626/626/626 627/627/627
f 628/628/628 629/629/629 630/630/630
f 631/631/631 632/632/632 633/633/633
f 634/634/634 635/635/635 636/636/636
f 637/637/637 638/638/638 639/639/639
f 640/640/640 641/641/641 642/642/642
f 643/643/643 644/644/644 645/645/645
f 646/646/646 647/647/647 648/648/648
f 649/649/649 650/650/650 651/651/651
f 652/652/652 653/653/653 654/654/654
f 655/655/655 656/656/656 657/657/657
f 658/658/658 659/659/659 660/660/660
f 661/661/661 662/662/662 663/663/663
f 664/664/664 665/665/665 666/666/666
f 667/667/667 668/668/668 669/669/669
f 670/670/670 671/671/671 672/672/672
f 673/673/673 674/674/674 675/675/675
f 676/676/676 677/677/677 678/678/678
f 679/679/679 680/680/680 681/681/681
f 682/682/682 683/683/683 684/684/684
f 685/685/685 686/686/686 687/687/687
f 688/688/688 689/689/689 690/690/690
f 691/691/691 692/692/692 693/693/693
f 694/694/694 695/695/695 696/696/696
f 697/697/697 698/698/698 699/699/699
f 700/700/700 701/701/701 702/702/702
f 703/703/703 704/704/704 705/705/705
f 706/706/706 707/707/707 708/708/708
f 709/709/709 710/710/710 711/711/711
f 712/712/712 713/713/713 714/714/714
f 715/715/715 716/716/716 717/717/717
f 718/718/718 719/719/719 720/720/720
f 721/721/721 722/722/722 723/723/723
f 724/724/724 725/725/725 726/726/726
f 727/727/727 728/728/728 729/729/729
f 730/730/730 731/731/731 732/732/732
f 733/733/733 734/734/734 735/735/735
f 736/736/736 737/737/737 738/738/738
f 739/739/739 740/740/740 741/741/741
f 742/742/742 743/743/743 744/744/744
f 745/745/745 746/746/746 747/747/747
f 748/748/748 749/749/749 750/750/750
f 751/751/751 752/752/752 753/753/753
f 754/754/754 755/755/755 756/756/756
f 757/757/757 758/758/758 759/759/759
f 760/760/760 761/761/761 762/762/762
f 763/763/763 764/764/764 765/765/765
f 766/766/766 767/767/767 768/768/768
f 769/769/769 770/770/770 771/771/771
f 772/772/772 773/773/773 774/774/774
f 775/775/775 776/776/776 777/777/777
f 778/778/778 779/779/779 780/780/780
f 781/781/781 782/782/782 783/783/783
f 784/784/784 785/785/785 786/786/786
f 787/787/787 788/788/788 789/789/789
f 790/790/790 791/791/791 792/792/792
f 793/793/793 794/794/794 795/795/795
f 796/796/796 797/797/797 798/798/798
f 799/799/799 800/800/800 801/801/801
f 802/802/802 803/803/803 804/804/804
f 805/805/805 806/806/806 807/807/807
f 808/808/808 809/809/809 810/810/810
f 811/811/811 812/812/812 813/813/813
f 814/814/814 815/815/815 816/816/816
f 817/817/817 818/818/818 819/819/819
f 820/820/820 821/821/821 822/822/822
f 823/823/823 824/824/824 825/825/825
f 826/826/826 827/827/827 828/828/828
f 829/829/829 830/830/830 831/831/831
f 832/832/832 833/833/833 834/834/834
f 835/835/835 836/836/836 837/837/837
f 838/838/838 839/839/839 840/840/840
f 841/841/841 842/842/842 843/843/843
f 844/844/844 845/845/845 846/846/846
f 847/847/847 848/848/848 849/849/849
f 850/850/850 851/851/851 852/852/852
f 853/853/853 854/854/854 855/855/855
f 856/856/856 857/857/857 858/858/858
f 859/859/859 860/860/860 861/861/861
f 862/862/862 863/863/863 864/864/864
f 865/865/865 866/866/866 867/867/867
f 868/868/868 869/869/869 870/870/870
f 871/871/871 872/872/872 873/873/873
f 874/874/874 875/875/875 876/876/876
f 877/877/877 878/878/878 879/879/879
f 880/880/880 881/881/881 882/882/882
f 883/883/883 884/884/884 885/885/885
f 886/886/886 887/887/887 888/888/888
f 889/889/889 890/890/890 891/891/891
f 892/892/892 893/893/893 894/894/894
f 895/895/895 896/896/896 897/897/897
f 898/898/898 899/899/899 900/900/900
f 901/901/901 902/902/902 903/903/903
f 904/904/904 905/905/905 906/906/906
f 907/907/907 908/908/908 909/909/909
f 910/910/910 911/911/911 912/912/912
f 913/913/913 914/914/914 915/915/915
f 916/916/916 917/917/917 918/918/918
f 919/919/919 920/920/920 921/921/921
f 922/922/922 923/923/923 924/924/924
f 925/925/925 926/926/926 927/927/927
f 928/928/928 929/929/929 930/930/930
f 931/931/931 932/932/932 933/933/933
f 934/934/934 935/935/935 936/936/936
f 937/937/937 938/938/938 939/939/939
f 940/940/940 941/941/941 942/942/942
f 943/943/943 944/944/944 945/945/945
f 946/946/946 947/947/947 948/948/948
f 949/949/949 950/950/950 951/951/951
f 952/952/952 953/953/953 954/954/954
f 955/955/955 956/956/956 957/957/957
f 958/958/958 959/959/959 960/960/960
f 961/961/961 962/962/962 963/963/963
f 964/964/964 965/965/965 966/966/966
f 967/967/967 968/968/968 969/969/969
f 970/970/970 971/971/971 972/972/972
f 973/973/973 974/974/974 975/975/975
f 976/976/976 977/977/977 978/978/978
f 979/979/979 980/980/980 981/981/981
f 982/982/982 983/983/983 984/984/984
f 985/985/985 986/986/986 987/987/987
f 988/988/988 989/989/989 990/990/990
f 991/991/991 992/992/992 993/993/993
f 994/994/994 995/995/995 996/996/996
f 997/997/997 998/998/998 999/999/999
f 1000/1000/1000 1001/1001/1001 1002/1002/1002
f 1003/1003/1003 1004/1004/1004 1005/1005/1005
f 1006/1006/1006 1007/1007/1007 1008/1008/1008
f 1009/1009/1009 1010/1010/1010 1011/1011/1011
f 1012/1012/1012 1013/1013/1013 1014/1014/1014
f 1015/1015/1015 1016/1016/1016 1017/1017/1017
f 1018/1018/1018 1019/1019/1019 1020/1020/1020
f 1021/1021/1021 1022/1022/1022 1023/1023/1023
f 1024/1024/1024 1025/1025/1025 1026/1026/1026
f 1027/1027/1027 1028/1028/1028 1029/1029/1029
f 1030/1030/1030 1031/1031/1031 1032/1032/1032
f 1033/1033/1033 1034/1034/1034 1035/1035/1035
f 1036/1036/1036 1037/1037/1037 1038/1038/1038
f 1039/1039/1039 1040/1040/1040 1041/1041/1041
f 1042/1042/1042 1043/1043/1043 1044/1044/1044
f 1045/1045/1045 1046/1046/1046 1047/1047/1047
f 1048/1048/1048 1049/1049/1049 1050/1050/1050
f 1051/1051/1051 1052/1052/1052 1053/1053/1053
f 1054/1054/1054 1055/1055/1055 1056/1056/1056
f 1057/1057/1057 1058/1058/1058 1059/1059/1059
f 1060/1060/1060 1061/1061/1061 1062/1062/1062
f 1063/1063/1063 1064/1064/1064 1065/1065/1065
f 1066/1066/1066 1067/1067/1067 1068/1068/1068
f 1069/1069/1069 1070/1070/1070 1071/1071/1071
f 1072/1072/1072 1073/1073/1073 1074/1074/1074
f 1075/1075/1075 1076/1076/1076 1077/1077/1077
f 1078/1078/1078 1079/1079/1079 1080/1080/1080
f 1081/1081/1081 1082/1082/1082 1083/1083/1083
f 1084/1084/1084 1085/1085/1085 1086/1086/1086
f 1087/1087/1087 1088/1088/1088 1089/1089/1089
f 1090/1090/1090 1091/1091/1091 1092/1092/1092
f 1093/1093/1093 1094/1094/1094 1095/1095/1095
f 1096/1096/1096 1097/1097/1097 1098/1098/1098
f 1099/1099/1099 1100/1100/1100 1101/1101/1101
f 1102/1102/1102 1103/1103/1103 1104/1104/1104
f 1105/1105/1105 1106/1106/1106 1107/1107/1107
f 1108/1108/1108 1109/1109/1109 1110/1110/1110
f 1111/1111/1111 1112/1112/1112 1113/1113/1113
f 1114/1114/1114 1115/1115/1115 1116/1116/1116
f 1117/1117/1117 1118/1118/1118 1119/1119/1119
f 1120/1120/1120 1121/1121/1121 1122/1122/1122
f 1123/1123/1123 1124/1124/1124 1125/1125/1125
f 1126/1126/1126 1127/1127/1127 1128/1128/1128
f 1129/1129/1129 1130/1130/1130 1131/1131/1131
f 1132/1132/1132 1133/1133/1133 1134/1134/1134
f 1135/1135/1135 1136/1136/1136 1137/1137/1137
f 1138/1138/1138 1139/1139/1139 1140/1140/1140
f 1141/1141/1141 1142/1142/1142 1143/1143/1143
f 1144/1144/1144 1145/1145/1145 1146/1146/1146
f 1147/1147/1147 1148/1148/1148 1149/1149/1149
f 1150/1150/1150 1151/1151/1151 1152/1152/1152
f 1153/1153/1153 1154/1154/1154 1155/1155/1155
f 1156/1156/1156 1157/1157/1157 1158/1158/1158
f 1159/1159/1159 1160/1160/1160 1161/1161/1161
f 1162/1162/1162 1163/1163/1163 1164/1164/1164
f 1165/1165/1165 1166/1166/1166 1167/1167/1167
f 1168/1168/1168 1169/1169/1169 1170/1170/1170
f 1171/1171/1171 1172/1172/1172 1173/1173/1173
f 1174/1174/1174 1175/1175/1175 1176/1176/1176
f 1177/1177/1177 1178/1178/1178 1179/1179/1179
f 1180/1180/1180 1181/1181/1181 1182/1182/1182
f 1183/1183/1183 1184/1184/1184 1185/1185/1185
f 1186/1186/1186 1187/1187/1187 1188/1188/1188
f 1189/1189/1189 1190/1190/1190 1191/1191/1191
f 1192/1192/1192 1193/1193/1193 1194/1194/1194
f 1195/1195/1195 1196/1196/1196 1197/1197/1197
f 1198/1198/1198 1199/1199/1199 1200/1200/1200
f 1201/1201/1201 1202/1202/1202 1203/1203/1203
f 1204/1204/1204 1205/1205/1205 1206/1206/1206
f 1207/1207/1207 1208/1208/1208 1209/1209/1209
f 1210/1210/1210 1211/1211/1211 1212/1212/1212
f 1213/1213/1213 1214/1214/1214 1215/1215/1215
f 1216/1216/1216 1217/1217/1217 1218/1218/1218
f 1219/1219/1219 1220/1220/1220 1221/1221/1221
f 1222/1222/1222 1223/1223/1223 1224/1224/1224
f 1225/1225/1225 1226/1226/1226 1227/1227/1227
f 1228/1228/1228 1229/1229/1229 1230/1230/1230
f 1231/1231/1231 1232/1232/1232 1233/1233/1233
f 1234/1234/1234 1235/1235/1235 1236/1236/1236
f 1237/1237/1237 1238/1238/1238 1239/1239/1239
f 1240/1240/1240 1241/1241/1241 1242/1242/1242
f 1243/1243/1243 1244/1244/1244 1245/1245/1245
f 1246/1246/1246 1247/1247/1247 1248/1248/1248
f 1249/1249/1249 1250/1250/1250 1251/1251/1251
f 1252/1252/1252 1253/1253/1253 1254/1254/1254
f 1255/1255/1255 1256/1256/1256 1257/1257/1257
f 1258/1258/1258 1259/1259/1259 1260/1260/1260
f 1261/1261/1261 1262/1262/1262 1263/1263/1263
f 1264/1264/1264 1265/1265/1265 1266/1266/1266
f 1267/1267/1267 1268/1268/1268 1269/1269/1269
f 1270/1270/1270 1271/1271/1271 1272/1272/1272
f 1273/1273/1273 1274/1274/1274 1275/1275/1275
f 1276/1276/1276 1277/1277/1277 1278/1278/1278
f 1279/1279/1279 1280/1280/1280 1281/1281/1281
f 1282/1282/1282 1283/1283/1283 1284/1284/1284
f 1285/1285/1285 1286/1286/1286 1287/1287/1287
f 1288/1288/1288 1289/1289/1289 1290/1290/1290
f 1291/1291/1291 1292/1292/1292 1293/1293/1293
f 1294/1294/1294 1295/1295/1295 1296/1296/1296
f 1297/1297/1297 1298/1298/1298 1299/1299/1299
f 1300/1300/1300 1301/1301/1301 1302/1302/1302
f 1303/1303/1303 1304/1304/1304 1305/1305/1305
f 1306/1306/1306 1307/1307/1307 1308/1308/1308
f 1309/1309/1309 1310/1310/1310 1311/1311/1311
f 1312/1312/1312 1313/1313/1313 1314/1314/1314
f 1315/1315/1315 1316/1316/1316 1317/1317/1317
f 1318/1318/1318 1319/1319/1319 1320/1320/1320
f 1321/1321/1321 1322/1322/1322 1323/1323/1323
f 1324/1324/1324 1325/1325/1325 1326/1326/1326
f 1327/1327/1327 1328/1328/1328 1329/1329/1329
f 1330/1330/1330 1331/1331/1331 1332/1332/1332
f 1333/1333/1333 1334/1334/1334 1335/1335/1335
f 1336/1336/1336 1337/1337/1337 1338/1338/1338
f 1339/1339/1339 1340/1340/1340 1341/1341/1341
f 1342/1342/1342 1343/1343/1343 1344/1344/1344
f 1345/1345/1345 1346/1346/1346 1347/1347/1347
f 1348/1348/1348 1349/1349/1349 1350/1350/1350
f 1351/1351/1351 1352/1352/1352 1353/1353/1353
f 1354/1354/1354 1355/1355/1355 1356/1356/1356
f 1357/1357/1357 1358/1358/1358 1359/1359/1359
f 1360/1360/1360 1361/1361/1361 1362/1362/1362
f 1363/1363/1363 1364/1364/1364 1365/1365/1365
f 1366/1366/1366 1367/1367/1367 1368/1368/1368
f 1369/1369/1369 1370/1370/1370 1371/1371/1371
f 1372/1372/1372 1373/1373/1373 1374/1374/1374
f 1375/1375/1375 1376/1376/1376 1377/1377/1377
f 1378/1378/1378 1379/1379/1379 1380/1380/1380
f 1381/1381/1381 1382/1382/1382 1383/1383/1383
f 1384/1384/1384 1385/1385/1385 1386/1386/1386
f 1387/1387/1387 1388/1388/1388 1389/1389/1389
f 1390/1390/1390 1391/1391/1391 1392/1392/1392
f 1393/1393/1393 1394/1394/1394 1395/1395/1395
f 1396/1396/1396 1397/1397/1397 1398/1398/1398
f 1399/1399/1399 1400/1400/1400 1401/1401/1401
f 1402/1402/1402 1403/1403/1403 1404/1404/1404
f 1405/1405/1405 1406/1406/1406 1407/1407/1407
f 1408/1408/1408 1409/1409/1409 1410/1410/1410
f 1411/1411/1411 1412/1412/1412 1413/1413/1413
f 1414/1414/1414 1415/1415/1415 1416/1416/1416
f 1417/1417/1417 1418/1418/1418 1419/1419/1419
f 1420/1420/1420 1421/1421/1421 1422/1422/1422
f 1423/1423/1423 1424/1424/1424 1425/1425/1425
f 1426/1426/1426 1427/1427/1427 1428/1428/1428
f 1429/1429/1429 1430/1430/1430 1431/1431/1431
f 1432/1432/1432 1433/1433/1433 1434/1434/1434
f 1435/1435/1435 1436/1436/1436 1437/1437/1437
f 1438/1438/1438 1439/1439/1439 1440/1440/1440
f 1441/1441/1441 1442/1442/1442 1443/1443/1443
f 1444/1444/1444 1445/1445/1445 1446/1446/1446
f 1447/1447/1447 1448/1448/1448 1449/1449/1449
f 1450/1450/1450 1451/1451/1451 1452/1452/1452
f 1453/1453/1453 1454/1454/1454 1455/1455/1455
f 1456/1456/1456 1457/1457/1457 1458/1458/1458
f 1459/1459/1459 1460/1460/1460 1461/1461/1461
f 1462/1462/1462 1463/1463/1463 1464/1464/1464
f 1465/1465/1465 1466/1466/1466 1467/1467/1467
f 1468/1468/1468 1469/1469/1469 1470/1470/1470
f 1471/1471/1471 1472/1472/1472 1473/1473/1473
f 1474/1474/1474 1475/1475/1475 1476/1476/1476
f 1477/1477/1477 1478/1478/1478 1479/1479/1479
f 1480/1480/1480 1481/1481/1481 1482/1482/1482
f 1483/1483/1483 1484/1484/1484 1485/1485/1485
f 1486/1486/1486 1487/1487/1487 1488/1488/1488
f 1489/1489/1489 1490/1490/1490 1491/1491/1491
f 1492/1492/1492 1493/1493/1493 1494/1494/1494
f 1495/1495/1495 1496/1496/1496 1497/1497/1497
f 1498/1498/1498 1499/1499/1499 1500/1500/1500
f 1501/1501/1501 1502/1502/1502 1503/1503/1503
f 1504/1504/1504 1505/1505/1505 1506/1506/1506
f 1507/1507/1507 1508/1508/1508 1509/1509/1509
f 1510/1510/1510 1511/1511/1511 1512/1512/1512
f 1513/1513/1513 1514/1514/1514 1515/1515/1515
f 1516/1516/1516 1517/1517/1517 1518/1518/1518
f 1519/1519/1519 1520/1520/1520 1521/1521/1521
f 1522/1522/1522 1523/1523/1523 1524/1524/1524
f 1525/1525/1525 1526/1526/1526 1527/1527/1527
f 1528/1528/1528 1529/1529/1529 1530/1530/1530
f 1531/1531/1531 1532/1532/1532 1533/1533/1533
f 1534/1534/1534 1535/1535/1535 1536/1536/1536
f 1537/1537/1537 1538/1538/1538 1539/1539/1539
f 1540/1540/1540 1541/1541/1541 1542/1542/1542
f 1543/1543/1543 1544/1544/1544 1545/1545/1545
f 1546/1546/1546 1547/1547/1547 1548/1548/1548
f 1549/1549/1549 1550/1550/1550 1551/1551/1551
f 1552/1552/1552 1553/1553/1553 1554/1554/1554
f 1555/1555/1555 1556/1556/1556 1557/1557/1557
f 1558/1558/1558 1559/1559/1559 1560/1560/1560
f 1561/1561/1561 1562/1562/1562 1563/1563/1563
f 1564/1564/1564 1565/1565/1565 1566/1566/1566
f 1567/1567/1567 1568/1568/1568 1569/1569/1569
f 1570/1570/1570 1571/1571/1571 1572/1572/1572
f 1573/1573/1573 1574/1574/1574 1575/1575/1575
f 1576/1576/1576 1577/1577/1577 1578/1578/1578
f 1579/1579/1579 1580/1580/1580 1581/1581/1581
f 1582/1582/1582 1583/1583/1583 1584/1584/1584
f 1585/1585/1585 1586/1586/1586 1587/1587/1587
f 1588/1588/1588 1589/1589/1589 1590/1590/1590
f 1591/1591/1591 1592/1592/1592 1593/1593/1593
f 1594/1594/1594 1595/1595/1595 1596/1596/1596
f 1597/1597/1597 1598/1598/1598 1599/1599/1599
f 1600/1600/1600 1601/1601/1601 1602/1602/1602
f 1603/1603/1603 1604/1604/1604 1605/1605/1605
f 1606/1606/1606 1607/1607/1607 1608/1608/1608
f 1609/1609/1609 1610/1610/1610 1611/1611/1611
f 1612/1612/1612 1613/1613/1613 1614/1614/1614
f 1615/1615/1615 1616/1616/1616 1617/1617/1617
f 1618/1618/1618 1619/1619/1619 1620/1620/1620
f 1621/1621/1621 1622/1622/1622 1623/1623/1623
f 1624/1624/1624 1625/1625/1625 1626/1626/1626
f 1627/1627/1627 1628/1628/1628 1629/1629/1629
f 1630/1630/1630 1631/1631/1631 1632/1632/1632
f 1633/1633/1633 1634/1634/1634 1635/1635/1635
f 1636/1636/1636 1637/1637/1637 1638/1638/1638
f 1639/1639/1639 1640/1640/1640 1641/1641/1641
f 1642/1642/1642 1643/1643/1643 1644/1644/1644
f 1645/1645/1645 1646/1646/1646 1647/1647/1647
f 1648/1648/1648 1649/1649/1649 1650/1650/1650
f 1651/1651/1651 1652/1652/1652 1653/1653/1653
f 1654/1654/1654 1655/1655/1655 1656/1656/1656
f 1657/1657/1657 1658/1658/1658 1659/1659/1659
f 1660/1660/1660 1661/1661/1661 1662/1662/1662
f 1663/1663/1663 1664/1664/1664 1665/1665/1665
f 1666/1666/1666 1667/1667/1667 1668/1668/1668
f 1669/1669/1669 1670/1670/1670 1671/1671/1671
f 1672/1672/1672 1673/1673/1673 1674/1674/1674
f 1675/1675/1675 1676/1676/1676 1677/1677/1677
f 1678/1678/1678 1679/1679/1679 1680/1680/1680
f 1681/1681/1681 1682/1682/1682 1683/1683/1683
f 1684/1684/1684 1685/1685/1685 1686/1686/1686
f 1687/1687/1687 1688/1688/1688 1689/1689/1689
f 1690/1690/1690 1691/1691/1691 1692/1692/1692
f 1693/1693/1693 1694/1694/1694 1695/1695/1695
f 1696/1696/1696 1697/1697/1697 1698/1698/1698
f 1699/1699/1699 1700/1700/1700 1701/1701/1701
f 1702/1702/1702 1703/1703/1703 1704/1704/1704
f 1705/1705/1705 1706/1706/1706 1707/1707/1707
f 1708/1708/1708 1709/1709/1709 1710/1710/1710
f 1711/1711/1711 1712/1712/1712 1713/1713/1713
f 1714/1714/1714 1715/1715/1715 1716/1716/1716
f 1717/1717/1717 1718/1718/1718 1719/1719/1719
f 1720/1720/1720 1721/1721/1721 1722/1722/1722
f 1723/1723/1723 1724/1724/1724 1725/1725/1725
f 1726/1726/1726 1727/1727/1727 1728/1728/1728
f 1729/1729/1729 1730/1730/1730 1731/1731/1731
f 1732/1732/1732 1733/1733/1733 1734/1734/1734
f 1735/1735/1735 1736/1736/1736 1737/1737/1737
f 1738/1738/1738 1739/1739/1739 1740/1740/1740
f 1741/1741/1741 1742/1742/1742 1743/1743/1743
f 1744/1744/1744 1745/1745/1745 1746/1746/1746
f 1747/1747/1747 1748/1748/1748 1749/1749/1749
f 1750/1750/1750 1751/1751/1751 1752/1752/1752
f 1753/1753/1753 1754/1754/1754 1755/1755/1755
f 1756/1756/1756 1757/1757/1757 1758/1758/1758
f 1759/1759/1759 1760/1760/1760 1761/1761/1761
f 1762/1762/1762 1763/1763/1763 1764/1764/1764
f 1765/1765/1765 1766/1766/1766 1767/1767/1767
f 1768/1768/1768 1769/1769/1769 1770/1770/1770
f 1771/1771/1771 1772/1772/1772 1773/1773/1773
f 1774/1774/1774 1775/1775/1775 1776/1776/1776
f 1777/1777/1777 1778/1778/1778 1779/1779/1779
f 1780/1780/1780 1781/1781/1781 1782/1782/1782
f 1783/1783/1783 1784/1784/1784 1785/1785/1785
f 1786/1786/1786 1787/1787/1787 1788/1788/1788
f 1789/1789/1789 1790/1790/1790 1791/1791/1791
f 1792/1792/1792 1793/1793/1793 1794/1794/1794
f 1795/1795/1795 1796/1796/1796 1797/1797/1797
f 1798/1798/1798 1799/1799/1799 1800/1800/1800
f 1801/1801/1801 1802/1802/1802 1803/1803/1803
f 1804/1804/1804 1805/1805/1805 1806/1806/1806
f 1807/1807/1807 1808/1808/1808 1809/1809/1809
f 1810/1810/1810 1811/1811/1811 1812/1812/1812
f 1813/1813/1813 1814/1814/1814 1815/1815/1815
f 1816/1816/1816 1817/1817/1817 1818/1818/1818
f 1819/1819/1819 1820/1820/1820 1821/1821/1821
f 1822/1822/1822 1823/1823/1823 1824/1824/1824
f 1825/1825/1825 1826/1826/1826 1827/1827/1827
f 1828/1828/1828 1829/1829/1829 1830/1830/1830
f 1831/1831/1831 1832/1832/1832 1833/1833/1833
f 1834/1834/1834 1835/1835/1835 1836/1836/1836
f 1837/1837/1837 1838/1838/1838 1839/1839/1839
f 1840/1840/1840 1841/1841/1841 1842/1842/1842
f 1843/1843/1843 1844/1844/1844 1845/1845/1845
f 1846/1846/1846 1847/1847/1847 1848/1848/1848
f 1849/1849/1849 1850/1850/1850 1851/1851/1851
f 1852/1852/1852 1853/1853/1853 1854/1854/1854
f 1855/1855/1855 1856/1856/1856 1857/1857/1857
f 1858/1858/1858 1859/1859/1859 1860/1860/1860
f 1861/1861/1861 1862/1862/1862 1863/1863/1863
f 1864/1864/1864 1865/1865/1865 1866/1866/1866
f 1867/1867/1867 1868/1868/1868 1869/1869/1869
f 1870/1870/1870 1871/1871/1871 1872/1872/1872
f 1873/1873/1873 1874/1874/1874 1875/1875/1875
f 1876/1876/1876 1877/1877/1877 1878/1878/1878
f 1879/1879/1879 1880/1880/1880 1881/1881/1881
f 1882/1882/1882 1883/1883/1883 1884/1884/1884
f 1885/1885/1885 1886/1886/1886 1887/1887/1887
f 1888/1888/1888 1889/1889/1889 1890/1890/1890
f 1891/1891/1891 1892/1892/1892 1893/1893/1893
f 1894/1894/1894 1895/1895/1895 1896/1896/1896
f 1897/1897/1897 1898/1898/1898 1899/1899/1899
f 1900/1900/1900 1901/1901/1901 1902/1902/1902
f 1903/1903/1903 1904/1904/1904 1905/1905/1905
f 1906/1906/1906 1907/1907/1907 1908/1908/1908
f 1909/1909/1909 1910/1910/1910 1911/1911/1911
f 1912/1912/1912 1913/1913/1913 1914/1914/1914
f 1915/1915/1915 1916/1916/1916 1917/1917/1917
f 1918/1918/1918 1919/1919/1919 1920/1920/1920
f 1921/1921/1921 1922/1922/1922 1923/1923/1923
f 1924/1924/1924 1925/1925/1925 1926/1926/1926
f 1927/1927/1927 1928/1928/1928 1929/1929/1929
f 1930/1930/1930 1931/1931/1931 1932/1932/1932
f 1933/1933/1933 1934/1934/1934 1935/1935/1935
f 1936/1936/1936 1937/1937/1937 1938/1938/1938
f 1939/1939/1939 1940/1940/1940 1941/1941/1941
f 1942/1942/1942 1943/1943/1943 1944/1944/1944
f 1945/1945/1945 1946/1946/1946 1947/1947/1947
f 1948/1948/1948 1949/1949/1949 1950/1950/1950
f 1951/1951/1951 1952/1952/1952 1953/1953/1953
f 1954/1954/1954 1955/1955/1955 1956/1956/1956
f 1957/1957/1957 1958/1958/1958 1959/1959/1959
f 1960/1960/1960 1961/1961/1961 1962/1962/1962
f 1963/1963/1963 1964/1964/1964 1965/1965/1965
f 1966/1966/1966 1967/1967/1967 1968/1968/1968
f 1969/1969/1969 1970/1970/1970 1971/1971/1971
f 1972/1972/1972 1973/1973/1973 1974/1974/1974
f 1975/1975/1975 1976/1976/1976 1977/1977/1977
f 1978/1978/1978 1979/1979/1979 1980/1980/1980
f 1981/1981/1981 1982/1982/1982 1983/1983/1983
f 1984/1984/1984 1985/1985/1985 1986/1986/1986
f 1987/1987/1987 1988/1988/1988 1989/1989/1989
f 1990/1990/1990 1991/1991/1991 1992/1992/1992
f 1993/1993/1993 1994/1994/1994 1995/1995/1995
f 1996/1996/1996 1997/1997/1997 1998/1998/1998
f 1999/1999/1999 2000/2000/2000 2001/2001/2001
f 2002/2002/2002 2003/2003/2003 2004/2004/2004
f 2005/2005/2005 2006/2006/2006 2007/2007/2007
f 2008/2008/2008 2009/2009/2009 2010/2010/2010
f 2011/2011/2011 2012/2012/2012 2013/2013/2013
f 2014/2014/2014 2015/2015/2015 2016/2016/2016
f 2017/2017/2017 2018/2018/2018 2019/2019/2019
f 2020/2020/2020 2021/2021/2021 2022/2022/2022
f 2023/2023/2023 2024/2024/2024 2025/2025/2025
f 2026/2026/2026 2027/2027/2027 2028/2028/2028
f 2029/2029/2029 2030/2030/2030 2031/2031/2031
f 2032/2032/2032 2033/2033/2033 2034/2034/2034
f 2035/2035/2035 2036/2036/2036 2037/2037/2037
f 2038/2038/2038 2039/2039/2039 2040/2040/2040
f 2041/2041/2041 2042/2042/2042 2043/2043/2043
f 2044/2044/2044 2045/2045/2045 2046/2046/2046
f 2047/2047/2047 2048/2048/2048 2049/2049/2049
f 2050/2050/2050 2051/2051/2051 2052/2052/2052
f 2053/2053/2053 2054/2054/2054 2055/2055/2055
f 2056/2056/2056 2057/2057/2057 2058/2058/2058
f 2059/2059/2059 2060/2060/2060 2061/2061/2061
f 2062/2062/2062 2063/2063/2063 2064/2064/2064
f 2065/2065/2065 2066/2066/2066 2067/2067/2067
f 2068/2068/2068 2069/2069/2069 2070/2070/2070
f 2071/2071/2071 2072/2072/2072 2073/2073/2073
f 2074/2074/2074 2075/2075/2075 2076/2076/2076
f 2077/2077/2077 2078/2078/2078 2079/2079/2079
f 2080/2080/2080 2081/2081/2081 2082/2082/2082
f 2083/2083/2083 2084/2084/2084 2085/2085/2085
f 2086/2086/2086 2087/2087/2087 2088/2088/2088
f 2089/2089/2089 2090/2090/2090 2091/2091/2091
f 2092/2092/2092 2093/2093/2093 2094/2094/2094
f 2095/2095/2095 2096/2096/2096 2097/2097/2097
f 2098/2098/2098 2099/2099/2099 2100/2100/2100
f 2101/2101/2101 2102/2102/2102 2103/2103/2103
f 2104/2104/2104 2105/2105/2105 2106/2106/2106
f 2107/2107/2107 2108/2108/2108 2109/2109/2109
f 2110/2110/2110 2111/2111/2111 2112/2112/2112
f 2113/2113/2113 2114/2114/2114 2115/2115/2115
f 2116/2116/2116 2117/2117/2117 2118/2118/2118
f 2119/2119/2119 2120/2120/2120 2121/2121/2121
f 2122/2122/2122 2123/2123/2123 2124/2124/2124
f 2125/2125/2125 2126/2126/2126 2127/2127/2127
f 2128/2128/2128 2129/2129/2129 2130/2130/2130
f 2131/2131/2131 2132/2132/2132 2133/2133/2133
f 2134/2134/2134 2135/2135/2135 2136/2136/2136
f 2137/2137/2137 2138/2138/2138 2139/2139/2139
f 2140/2140/2140 2141/2141/2141 2142/2142/2142
f 2143/2143/2143 2144/2144/2144 2145/2145/2145
f 2146/2146/2146 2147/2147/2147 2148/2148/2148
f 2149/2149/2149 2150/2150/2150 2151/2151/2151
f 2152/2152/2152 2153/2153/2153 2154/2154/2154
f 2155/2155/2155 2156/2156/2156 2157/2157/2157
f 2158/2158/2158 2159/2159/2159 2160/2160/2160
f 2161/2161/2161 2162/2162/2162 2163/2163/2163
f 2164/2164/2164 2165/2165/2165 2166/2166/2166
f 2167/2167/2167 2168/2168/2168 2169/2169/2169
f 2170/2170/2170 2171/2171/2171 2172/2172/2172
f 2173/2173/2173 2174/2174/2174 2175/2175/2175
f 2176/2176/2176 2177/2177/2177 2178/2178/2178
f 2179/2179/2179 2180/2180/2180 2181/2181/2181
f 2182/2182/2182 2183/2183/2183 2184/2184/2184
f 2185/2185/2185 2186/2186/2186 2187/2187/2187
f 2188/2188/2188 2189/2189/2189 2190/2190/2190
f 2191/2191/2191 2192/2192/2192 2193/2193/2193
f 2194/2194/2194 2195/2195/2195 2196/2196/2196
f 2197/2197/2197 2198/2198/2198 2199/2199/2199
f 2200/2200/2200 2201/2201/2201 2202/2202/2202
f 2203/2203/2203 2204/2204/2204 2205/2205/2205
f 2206/2206/2206 2207/2207/2207 2208/2208/2208
f 2209/2209/2209 2210/2210/2210 2211/2211/2211
f 2212/2212/2212 2213/2213/2213 2214/2214/2214
f 2215/2215/2215 2216/2216/2216 2217/2217/2217
f 2218/2218/2218 2219/2219/2219 2220/2220/2220
f 2221/2221/2221 2222/2222/2222 2223/2223/2223
f 2224/2224/2224 2225/2225/2225 2226/2226/2226
f 2227/2227/2227 2228/2228/2228 2229/2229/2229
f 2230/2230/2230 2231/2231/2231 2232/2232/2232
f 2233/2233/2233 2234/2234/2234 2235/2235/2235
f 2236/2236/2236 2237/2237/2237 2238/2238/2238
f 2239/2239/2239 2240/2240/2240 2241/2241/2241
f 2242/2242/2242 2243/2243/2243 2244/2244/2244
f 2245/2245/2245 2246/2246/2246 2247/2247/2247
f 2248/2248/2248 2249/2249/2249 2250/2250/2250
f 2251/2251/2251 2252/2252/2252 2253/2253/2253
f 2254/2254/2254 2255/2255/2255 2256/2256/2256
f 2257/2257/2257 2258/2258/2258 2259/2259/2259
f 2260/2260/2260 2261/2261/2261 2262/2262/2262
f 2263/2263/2263 2264/2264/2264 2265/2265/2265
f 2266/2266/2266 2267/2267/2267 2268/2268/2268
f 2269/2269/2269 2270/2270/2270 2271/2271/2271
f 2272/2272/2272 2273/2273/2273 2274/2274/2274
f 2275/2275/2275 2276/2276/2276 2277/2277/2277
f 2278/2278/2278 2279/2279/2279 2280/2280/2280
f 2281/2281/2281 2282/2282/2282 2283/2283/2283
f 2284/2284/2284 2285/2285/2285 2286/2286/2286
f 2287/2287/2287 2288/2288/2288 2289/2289/2289
f 2290/2290/2290 2291/2291/2291 2292/2292/2292
f 2293/2293/2293 2294/2294/2294 2295/2295/2295
f 2296/2296/2296 2297/2297/2297 2298/2298/2298
f 2299/2299/2299 2300/2300/2300 2301/2301/2301
f 2302/2302/2302 2303/2303/2303 2304/2304/2304
f 2305/2305/2305 2306/2306/2306 2307/2307/2307
f 2308/2308/2308 2309/2309/2309 2310/2310/2310
f 2311/2311/2311 2312/2312/2312 2313/2313/2313
f 2314/2314/2314 2315/2315/2315 2316/2316/2316
f 2317/2317/2317 2318/2318/2318 2319/2319/2319
f 2320/2320/2320 2321/2321/2321 2322/2322/2322
f 2323/2323/2323 2324/2324/2324 2325/2325/2325
f 2326/2326/2326 2327/2327/2327 2328/2328/2328
f 2329/2329/2329 2330/2330/2330 2331/2331/2331
f 2332/2332/2332 2333/2333/2333 2334/2334/2334
f 2335/2335/2335 2336/2336/2336 2337/2337/2337
f 2338/2338/2338 2339/2339/2339 2340/2340/2340
f 2341/2341/2341 2342/2342/2342 2343/2343/2343
f 2344/2344/2344 2345/2345/2345 2346/2346/2346
f 2347/2347/2347 2348/2348/2348 2349/2349/2349
f 2350/2350/2350 2351/2351/2351 2352/2352/2352
f 2353/2353/2353 2354/2354/2354 2355/2355/2355
f 2356/2356/2356 2357/2357/2357 2358/2358/2358
f 2359/2359/2359 2360/2360/2360 2361/2361/2361
f 2362/2362/2362 2363/2363/2363 2364/2364/2364
f 2365/2365/2365 2366/2366/2366 2367/2367/2367
f 2368/2368/2368 2369/2369/2369 2370/2370/2370
f 2371/2371/2371 2372/2372/2372 2373/2373/2373
f 2374/2374/2374 2375/2375/2375 2376/2376/2376
f 2377/2377/2377 2378/2378/2378 2379/2379/2379
f 2380/2380/2380 2381/2381/2381 2382/2382/2382
f 2383/2383/2383 2384/2384/2384 2385/2385/2385
f 2386/2386/2386 2387/2387/2387 2388/2388/2388
f 2389/2389/2389 2390/2390/2390 2391/2391/2391
f 2392/2392/2392 2393/2393/2393 2394/2394/2394
f 2395/2395/2395 2396/2396/2396 2397/2397/2397
f 2398/2398/2398 2399/2399/2399 2400/2400/2400
f 2401/2401/2401 2402/2402/2402 2403/2403/2403
f 2404/2404/2404 2405/2405/2405 2406/2406/2406
f 2407/2407/2407 2408/2408/2408 2409/2409/2409
f 2410/2410/2410 2411/2411/2411 2412/2412/2412
f 2413/2413/2413 2414/2414/2414 2415/2415/2415
f 2416/2416/2416 2417/2417/2417 2418/2418/2418
f 2419/2419/2419 2420/2420/2420 2421/2421/2421
f 2422/2422/2422 2423/2423/2423 2424/2424/2424
f 2425/2425/2425 2426/2426/2426 2427/2427/2427
f 2428/2428/2428 2429/2429/2429 2430/2430/2430
f 2431/2431/2431 2432/2432/2432 2433/2433/2433
f 2434/2434/2434 2435/2435/2435 2436/2436/2436
f 2437/2437/2437 2438/2438/2438 2439/2439/2439
f 2440/2440/2440 2441/2441/2441 2442/2442/2442
f 2443/2443/2443 2444/2444/2444 2445/2445/2445
f 2446/2446/2446 2447/2447/2447 2448/2448/2448
f 2449/2449/2449 2450/2450/2450 2451/2451/2451
f 2452/2452/2452 2453/2453/2453 2454/2454/2454
f 2455/2455/2455 2456/2456/2456 2457/2457/2457
f 2458/2458/2458 2459/2459/2459 2460/2460/2460
f 2461/2461/2461 2462/2462/2462 2463/2463/2463
f 2464/2464/2464 2465/2465/2465 2466/2466/2466
f 2467/2467/2467 2468/2468/2468 2469/2469/2469
f 2470/2470/2470 2471/2471/2471 2472/2472/2472
f 2473/2473/2473 2474/2474/2474 2475/2475/2475
f 2476/2476/2476 2477/2477/2477 2478/2478/2478
f 2479/2479/2479 2480/2480/2480 2481/2481/2481
f 2482/2482/2482 2483/2483/2483 2484/2484/2484
f 2485/2485/2485 2486/2486/2486 2487/2487/2487
f 2488/2488/2488 2489/2489/2489 2490/2490/2490
f 2491/2491/2491 2492/2492/2492 2493/2493/2493
f 2494/2494/2494 2495/2495/2495 2496/2496/2496
f 2497/2497/2497 2498/2498/2498 2499/2499/2499
f 2500/2500/2500 2501/2501/2501 2502/2502/2502
f 2503/2503/2503 2504/2504/2504 2505/2505/2505
f 2506/2506/2506 2507/2507/2507 2508/2508/2508
f 2509/2509/2509 2510/2510/2510 2511/2511/2511
f 2512/2512/2512 2513/2513/2513 2514/2514/2514
f 2515/2515/2515 2516/2516/2516 2517/2517/2517
f 2518/2518/2518 2519/2519/2519 2520/2520/2520
f 2521/2521/2521 2522/2522/2522 2523/2523/2523
f 2524/2524/2524 2525/2525/2525 2526/2526/2526
f 2527/2527/2527 2528/2528/2528 2529/2529/2529
f 2530/2530/2530 2531/2531/2531 2532/2532/2532
f 2533/2533/2533 2534/2534/2534 2535/2535/2535
f 2536/2536/2536 2537/2537/2537 2538/2538/2538
f 2539/2539/2539 2540/2540/2540 2541/2541/2541
f 2542/2542/2542 2543/2543/2543 2544/2544/2544
f 2545/2545/2545 2546/2546/2546 2547/2547/2547
f 2548/2548/2548 2549/2549/2549 2550/2550/2550
f 2551/2551/2551 2552/2552/2552 2553/2553/2553
f 2554/2554/2554 2555/2555/2555 2556/2556/2556
f 2557/2557/2557 2558/2558/2558 2559/2559/2559
f 2560/2560/2560 2561/2561/2561 2562/2562/2562
f 2563/2563/2563 2564/2564/2564 2565/2565/2565
f 2566/2566/2566 2567/2567/2567 2568/2568/2568
f 2569/2569/2569 2570/2570/2570 2571/2571/2571
f 2572/2572/2572 2573/2573/2573 2574/2574/2574
f 2575/2575/2575 2576/2576/2576 2577/2577/2577
f 2578/2578/2578 2579/2579/2579 2580/2580/2580
f 2581/2581/2581 2582/2582/2582 2583/2583/2583
f 2584/2584/2584 2585/2585/2585 2586/2586/2586
f 2587/2587/2587 2588/2588/2588 2589/2589/2589
f 2590/2590/2590 2591/2591/2591 2592/2592/2592
f 2593/2593/2593 2594/2594/2594 2595/2595/2595
f 2596/2596/2596 2597/2597/2597 2598/2598/2598
f 2599/2599/2599 2600/2600/2600 2601/2601/2601
f 2602/2602/2602 2603/2603/2603 2604/2604/2604
f 2605/2605/2605 2606/2606/2606 2607/2607/2607
f 2608/2608/2608 2609/2609/2609 2610/2610/2610
f 2611/2611/2611 2612/2612/2612 2613/2613/2613
f 2614/2614/2614 2615/2615/2615 2616/2616/2616
f 2617/2617/2617 2618/2618/2618 2619/2619/2619
f 2620/2620/2620 2621/2621/2621 2622/2622/2622
f 2623/2623/2623 2624/2624/2624 2625/2625/2625
f 2626/2626/2626 2627/2627/2627 2628/2628/2628
f 2629/2629/2629 2630/2630/2630 2631/2631/2631
f 2632/2632/2632 2633/2633/2633 2634/2634/2634
f 2635/2635/2635 2636/2636/2636 2637/2637/2637
f 2638/2638/2638 2639/2639/2639 2640/2640/2640
f 2641/2641/2641 2642/2642/2642 2643/2643/2643
f 2644/2644/2644 2645/2645/2645 2646/2646/2646
f 2647/2647/2647 2648/2648/2648 2649/2649/2649
f 2650/2650/2650 2651/2651/2651 2652/2652/2652
f 2653/2653/2653 2654/2654/2654 2655/2655/2655
f 2656/2656/2656 2657/2657/2657 2658/2658/2658
f 2659/2659/2659 2660/2660/2660 2661/2661/2661
f 2662/2662/2662 2663/2663/2663 2664/2664/2664
f 2665/2665/2665 2666/2666/2666 2667/2667/2667
f 2668/2668/2668 2669/2669/2669 2670/2670/2670
f 2671/2671/2671 2672/2672/2672 2673/2673/2673
f 2674/2674/2674 2675/2675/2675 2676/2676/2676
f 2677/2677/2677 2678/2678/2678 2679/2679/2679
f 2680/2680/2680 2681/2681/2681 2682/2682/2682
f 2683/2683/2683 2684/2684/2684 2685/2685/2685
f 2686/2686/2686 2687/2687/2687 2688/2688/2688
f 2689/2689/2689 2690/2690/2690 2691/2691/2691
f 2692/2692/2692 2693/2693/2693 2694/2694/2694
f 2695/2695/2695 2696/2696/2696 2697/2697/2697
f 2698/2698/2698 2699/2699/2699 2700/2700/2700
f 2701/2701/2701 2702/2702/2702 2703/2703/2703
f 2704/2704/2704 2705/2705/2705 2706/2706/2706
f 2707/2707/2707 2708/2708/2708 2709/2709/2709
f 2710/2710/2710 2711/2711/2711 2712/2712/2712
f 2713/2713/2713 2714/2714/2714 2715/2715/2715
f 2716/2716/2716 2717/2717/2717 2718/2718/2718
f 2719/2719/2719 2720/2720/2720 2721/2721/2721
f 2722/2722/2722 2723/2723/2723 2724/2724/2724
f 2725/2725/2725 2726/2726/2726 2727/2727/2727
f 2728/2728/2728 2729/2729/2729 2730/2730/2730
f 2731/2731/2731 2732/2732/2732 2733/2733/2733
f 2734/2734/2734 2735/2735/2735 2736/2736/2736
f 2737/2737/2737 2738/2738/2738 2739/2739/2739
f 2740/2740/2740 2741/2741/2741 2742/2742/2742
f 2743/2743/2743 2744/2744/2744 2745/2745/2745
f 2746/2746/2746 2747/2747/2747 2748/2748/2748
f 2749/2749/2749 2750/2750/2750 2751/2751/2751
f 2752/2752/2752 2753/2753/2753 2754/2754/2754
f 2755/2755/2755 2756/2756/2756 2757/2757/2757
f 2758/2758/2758 2759/2759/2759 2760/2760/2760
f 2761/2761/2761 2762/2762/2762 2763/2763/2763
f 2764/2764/2764 2765/2765/2765 2766/2766/2766
f 2767/2767/2767 2768/2768/2768 2769/2769/2769
f 2770/2770/2770 2771/2771/2771 2772/2772/2772
f 2773/2773/2773 2774/2774/2774 2775/2775/2775
f 2776/2776/2776 2777/2777/2777 2778/2778/2778
f 2779/2779/2779 2780/2780/2780 2781/2781/2781
f 2782/2782/2782 2783/2783/2783 2784/2784/2784
f 2785/2785/2785 2786/2786/2786 2787/2787/2787
f 2788/2788/2788 2789/2789/2789 2790/2790/2790
f 2791/2791/2791 2792/2792/2792 2793/2793/2793
f 2794/2794/2794 2795/2795/2795 2796/2796/2796
f 2797/2797/2797 2798/2798/2798 2799/2799/2799
f 2800/2800/2800 2801/2801/2801 2802/2802/2802
f 2803/2803/2803 2804/2804/2804 2805/2805/2805
f 2806/2806/2806 2807/2807/2807 2808/2808/2808
f 2809/2809/2809 2810/2810/2810 2811/2811/2811
f 2812/2812/2812 2813/2813/2813 2814/2814/2814
f 2815/2815/2815 2816/2816/2816 2817/2817/2817
f 2818/2818/2818 2819/2819/2819 2820/2820/2820
f 2821/2821/2821 2822/2822/2822 2823/2823/2823
f 2824/2824/2824 2825/2825/2825 2826/2826/2826
f 2827/2827/2827 2828/2828/2828 2829/2829/2829
f 2830/2830/2830 2831/2831/2831 2832/2832/2832
f 2833/2833/2833 2834/2834/2834 2835/2835/2835
f 2836/2836/2836 2837/2837/2837 2838/2838/2838
f 2839/2839/2839 2840/2840/2840 2841/2841/2841
f 2842/2842/2842 2843/2843/2843 2844/2844/2844
f 2845/2845/2845 2846/2846/2846 2847/2847/2847
f 2848/2848/2848 2849/2849/2849 2850/2850/2850
f 2851/2851/2851 2852/2852/2852 2853/2853/2853
f 2854/2854/2854 2855/2855/2855 2856/2856/2856
f 2857/2857/2857 2858/2858/2858 2859/2859/2859
f 2860/2860/2860 2861/2861/2861 2862/2862/2862
f 2863/2863/2863 2864/2864/2864 2865/2865/2865
f 2866/2866/2866 2867/2867/2867 2868/2868/2868
f 2869/2869/2869 2870/2870/2870 2871/2871/2871
f 2872/2872/2872 2873/2873/2873 2874/2874/2874
f 2875/2875/2875 2876/2876/2876 2877/2877/2877
f 2878/2878/2878 2879/2879/2879 2880/2880/2880
f 2881/2881/2881 2882/2882/2882 2883/2883/2883
f 2884/2884/2884 2885/2885/2885 2886/2886/2886
f 2887/2887/2887 2888/2888/2888 2889/2889/2889
f 2890/2890/2890 2891/2891/2891 2892/2892/2892
f 2893/2893/2893 2894/2894/2894 2895/2895/2895
f 2896/2896/2896 2897/2897/2897 2898/2898/2898
f 2899/2899/2899 2900/2900/2900 2901/2901/2901
f 2902/2902/2902 2903/2903/2903 2904/2904/2904
f 2905/2905/2905 2906/2906/2906 2907/2907/2907
f 2908/2908/2908 2909/2909/2909 2910/2910/2910
f 2911/2911/2911 2912/2912/2912 2913/2913/2913
f 2914/2914/2914 2915/2915/2915 2916/2916/2916
f 2917/2917/2917 2918/2918/2918 2919/2919/2919
f 2920/2920/2920 2921/2921/2921 2922/2922/2922
f 2923/2923/2923 2924/2924/2924 2925/2925/2925
f 2926/2926/2926 2927/2927/2927 2928/2928/2928
f 2929/2929/2929 2930/2930/2930 2931/2931/2931
f 2932/2932/2932 2933/2933/2933 2934/2934/2934
f 2935/2935/2935 2936/2936/2936 2937/2937/2937
f 2938/2938/2938 2939/2939/2939 2940/2940/2940
f 2941/2941/2941 2942/2942/2942 2943/2943/2943
f 2944/2944/2944 2945/2945/2945 2946/2946/2946
f 2947/2947/2947 2948/2948/2948 2949/2949/2949
f 2950/2950/2950 2951/2951/2951 2952/2952/2952
f 2953/2953/2953 2954/2954/2954 2955/2955/2955
f 2956/2956/2956 2957/2957/2957 2958/2958/2958
f 2959/2959/2959 2960/2960/2960 2961/2961/2961
f 2962/2962/2962 2963/2963/2963 2964/2964/2964
f 2965/2965/2965 2966/2966/2966 2967/2967/2967
f 2968/2968/2968 2969/2969/2969 2970/2970/2970
f 2971/2971/2971 2972/2972/2972 2973/2973/2973
f 2974/2974/2974 2975/2975/2975 2976/2976/2976
f 2977/2977/2977 2978/2978/2978 2979/2979/2979
f 2980/2980/2980 2981/2981/2981 2982/2982/2982
f 2983/2983/2983 2984/2984/2984 2985/2985/2985
f 2986/2986/2986 2987/2987/2987 2988/2988/2988
f 2989/2989/2989 2990/2990/2990 2991/2991/2991
f 2992/2992/2992 2993/2993/2993 2994/2994/2994
f 2995/2995/2995 2996/2996/2996 2997/2997/2997
f 2998/2998/2998 2999/2999/2999 3000/3000/3000
f 3001/3001/3001 3002/3002/3002 3003/3003/3003
f 3004/3004/3004 3005/3005/3005 3006/3006/3006
f 3007/3007/3007 3008/3008/3008 3009/3009/3009
f 3010/3010/3010 3011/3011/3011 3012/3012/3012
f 3013/3013/3013 3014/3014/3014 3015/3015/3015
f 3016/3016/3016 3017/3017/3017 3018/3018/3018
f 3019/3019/3019 3020/3020/3020 3021/3021/3021
f 3022/3022/3022 3023/3023/3023 3024/3024/3024
f 3025/3025/3025 3026/3026/3026 3027/3027/3027
f 3028/3028/3028 3029/3029/3029 3030/3030/3030
f 3031/3031/3031 3032/3032/3032 3033/3033/3033
f 3034/3034/3034 3035/3035/3035 3036/3036/3036
f 3037/3037/3037 3038/3038/3038 3039/3039/3039
f 3040/3040/3040 3041/3041/3041 3042/3042/3042
f 3043/3043/3043 3044/3044/3044 3045/3045/3045
f 3046/3046/3046 3047/3047/3047 3048/3048/3048
f 3049/3049/3049 3050/3050/3050 3051/3051/3051
f 3052/3052/3052 3053/3053/3053 3054/3054/3054
f 3055/3055/3055 3056/3056/3056 3057/3057/3057
f 3058/3058/3058 3059/3059/3059 3060/3060/3060
f 3061/3061/3061 3062/3062/3062 3063/3063/3063
f 3064/3064/3064 3065/3065/3065 3066/3066/3066
f 3067/3067/3067 3068/3068/3068 3069/3069/3069
f 3070/3070/3070 3071/3071/3071 3072/3072/3072
f 3073/3073/3073 3074/3074/3074 3075/3075/3075
f 3076/3076/3076 3077/3077/3077 3078/3078/3078
f 3079/3079/3079 3080/3080/3080 3081/3081/3081
f 3082/3082/3082 3083/3083/3083 3084/3084/3084
f 3085/3085/3085 3086/3086/3086 3087/3087/3087
f 3088/3088/3088 3089/3089/3089 3090/3090/3090
f 3091/3091/3091 3092/3092/3092 3093/3093/3093
f 3094/3094/3094 3095/3095/3095 3096/3096/3096
f 3097/3097/3097 3098/3098/3098 3099/3099/3099
f 3100/3100/3100 3101/3101/3101 3102/3102/3102
f 3103/3103/3103 3104/3104/3104 3105/3105/3105
f 3106/3106/3106 3107/3107/3107 3108/3108/3108
f 3109/3109/3109 3110/3110/3110 3111/3111/3111
f 3112/3112/3112 3113/3113/3113 3114/3114/3114
f 3115/3115/3115 3116/3116/3116 3117/3117/3117
f 3118/3118/3118 3119/3119/3119 3120/3120/3120
f 3121/3121/3121 3122/3122/3122 3123/3123/3123
f 3124/3124/3124 3125/3125/3125 3126/3126/3126
f 3127/3127/3127 3128/3128/3128 3129/3129/3129
f 3130/3130/3130 3131/3131/3131 3132/3132/3132
f 3133/3133/3133 3134/3134/3134 3135/3135/3135
f 3136/3136/3136 3137/3137/3137 3138/3138/3138
f 3139/3139/3139 3140/3140/3140 3141/3141/3141
f 3142/3142/3142 3143/3143/3143 3144/3144/3144
f 3145/3145/3145 3146/3146/3146 3147/3147/3147
f 3148/3148/3148 3149/3149/3149 3150/3150/3150
f 3151/3151/3151 3152/3152/3152 3153/3153/3153
f 3154/3154/3154 3155/3155/3155 3156/3156/3156
f 3157/3157/3157 3158/3158/3158 3159/3159/3159
f 3160/3160/3160 3161/3161/3161 3162/3162/3162
f 3163/3163/3163 3164/3164/3164 3165/3165/3165
f 3166/3166/3166 3167/3167/3167 3168/3168/3168
f 3169/3169/3169 3170/3170/3170 3171/3171/3171
f 3172/3172/3172 3173/3173/3173 3174/3174/3174
f 3175/3175/3175 3176/3176/3176 3177/3177/3177
f 3178/3178/3178 3179/3179/3179 3180/3180/3180
f 3181/3181/3181 3182/3182/3182 3183/3183/3183
f 3184/3184/3184 3185/3185/3185 3186/3186/3186
f 3187/3187/3187 3188/3188/3188 3189/3189/3189
f 3190/3190/3190 3191/3191/3191 3192/3192/3192
f 3193/3193/3193 3194/3194/3194 3195/3195/3195
f 3196/3196/3196 3197/3197/3197 3198/3198/3198
f 3199/3199/3199 3200/3200/3200 3201/3201/3201
f 3202/3202/3202 3203/3203/3203 3204/3204/3204
f 3205/3205/3205 3206/3206/3206 3207/3207/3207
f 3208/3208/3208 3209/3209/3209 3210/3210/3210
f 3211/3211/3211 3212/3212/3212 3213/3213/3213
f 3214/3214/3214 3215/3215/3215 3216/3216/3216
f 3217/3217/3217 3218/3218/3218 3219/3219/3219
f 3220/3220/3220 3221/3221/3221 3222/3222/3222
f 3223/3223/3223 3224/3224/3224 3225/3225/3225
f 3226/3226/3226 3227/3227/3227 3228/3228/3228
f 3229/3229/3229 3230/3230/3230 3231/3231/3231
f 3232/3232/3232 3233/3233/3233 3234/3234/3234
f 3235/3235/3235 3236/3236/3236 3237/3237/3237
f 3238/3238/3238 3239/3239/3239 3240/3240/3240
f 3241/3241/3241 3242/3242/3242 3243/3243/3243
f 3244/3244/3244 3245/3245/3245 3246/3246/3246
f 3247/3247/3247 3248/3248/3248 3249/3249/3249
f 3250/3250/3250 3251/3251/3251 3252/3252/3252
f 3253/3253/3253 3254/3254/3254 3255/3255/3255
f 3256/3256/3256 3257/3257/3257 3258/3258/3258
f 3259/3259/3259 3260/3260/3260 3261/3261/3261
f 3262/3262/3262 3263/3263/3263 3264/3264/3264
f 3265/3265/3265 3266/3266/3266 3267/3267/3267
f 3268/3268/3268 3269/3269/3269 3270/3270/3270
f 3271/3271/3271 3272/3272/3272 3273/3273/3273
f 3274/3274/3274 3275/3275/3275 3276/3276/3276
f 3277/3277/3277 3278/3278/3278 3279/3279/3279
f 3280/3280/3280 3281/3281/3281 3282/3282/3282
f 3283/3283/3283 3284/3284/3284 3285/3285/3285
f 3286/3286/3286 3287/3287/3287 3288/3288/3288
f 3289/3289/3289 3290/3290/3290 3291/3291/3291
f 3292/3292/3292 3293/3293/3293 3294/3294/3294
f 3295/3295/3295 3296/3296/3296 3297/3297/3297
f 3298/3298/3298 3299/3299/3299 3300/3300/3300
f 3301/3301/3301 3302/3302/3302 3303/3303/3303
f 3304/3304/3304 3305/3305/3305 3306/3306/3306
f 3307/3307/3307 3308/3308/3308 3309/3309/3309
f 3310/3310/3310 3311/3311/3311 3312/3312/3312
f 3313/3313/3313 3314/3314/3314 3315/3315/3315
f 3316/3316/3316 3317/3317/3317 3318/3318/3318
f 3319/3319/3319 3320/3320/3320 3321/3321/3321
f 3322/3322/3322 3323/3323/3323 3324/3324/3324
f 3325/3325/3325 3326/3326/3326 3327/3327/3327
f 3328/3328/3328 3329/3329/3329 3330/3330/3330
f 3331/3331/3331 3332/3332/3332 3333/3333/3333
f 3334/3334/3334 3335/3335/3335 3336/3336/3336
f 3337/3337/3337 3338/3338/3338 3339/3339/3339
f 3340/3340/3340 3341/3341/3341 3342/3342/3342
f 3343/3343/3343 3344/3344/3344 3345/3345/3345
f 3346/3346/3346 3347/3347/3347 3348/3348/3348
f 3349/3349/3349 3350/3350/3350 3351/3351/3351
f 3352/3352/3352 3353/3353/3353 3354/3354/3354
f 3355/3355/3355 3356/3356/3356 3357/3357/3357
f 3358/3358/3358 3359/3359/3359 3360/3360/3360
f 3361/3361/3361 3362/3362/3362 3363/3363/3363
f 3364/3364/3364 3365/3365/3365 3366/3366/3366
f 3367/3367/3367 3368/3368/3368 3369/3369/3369
f 3370/3370/3370 3371/3371/3371 3372/3372/3372
f 3373/3373/3373 3374/3374/3374 3375/3375/3375
f 3376/3376/3376 3377/3377/3377 3378/3378/3378
f 3379/3379/3379 3380/3380/3380 3381/3381/3381
f 3382/3382/3382 3383/3383/3383 3384/3384/3384
f 3385/3385/3385 3386/3386/3386 3387/3387/3387
f 3388/3388/3388 3389/3389/3389 3390/3390/3390
f 3391/3391/3391 3392/3392/3392 3393/3393/3393
f 3394/3394/3394 3395/3395/3395 3396/3396/3396
f 3397/3397/3397 3398/3398/3398 3399/3399/3399
f 3400/3400/3400 3401/3401/3401 3402/3402/3402
f 3403/3403/3403 3404/3404/3404 3405/3405/3405
f 3406/3406/3406 3407/3407/3407 3408/3408/3408
f 3409/3409/3409 3410/3410/3410 3411/3411/3411
f 3412/3412/3412 3413/3413/3413 3414/3414/3414
f 3415/3415/3415 3416/3416/3416 3417/3417/3417
f 3418/3418/3418 3419/3419/3419 3420/3420/3420
f 3421/3421/3421 3422/3422/3422 3423/3423/3423
f 3424/3424/3424 3425/3425/3425 3426/3426/3426
f 3427/3427/3427 3428/3428/3428 3429/3429/3429
f 3430/3430/3430 3431/3431/3431 3432/3432/3432
f 3433/3433/3433 3434/3434/3434 3435/3435/3435
f 3436/3436/3436 3437/3437/3437 3438/3438/3438
f 3439/3439/3439 3440/3440/3440 3441/3441/3441
f 3442/3442/3442 3443/3443/3443 3444/3444/3444
f 3445/3445/3445 3446/3446/3446 3447/3447/3447
f 3448/3448/3448 3449/3449/3449 3450/3450/3450
f 3451/3451/3451 3452/3452/3452 3453/3453/3453
f 3454/3454/3454 3455/3455/3455 3456/3456/3456
f 3457/3457/3457 3458/3458/3458 3459/3459/3459
f 3460/3460/3460 3461/3461/3461 3462/3462/3462
f 3463/3463/3463 3464/3464/3464 3465/3465/3465
f 3466/3466/3466 3467/3467/3467 3468/3468/3468
f 3469/3469/3469 3470/3470/3470 3471/3471/3471
f 3472/3472/3472 3473/3473/3473 3474/3474/3474
f 3475/3475/3475 3476/3476/3476 3477/3477/3477
f 3478/3478/3478 3479/3479/3479 3480/3480/3480
f 3481/3481/3481 3482/3482/3482 3483/3483/3483
f 3484/3484/3484 3485/3485/3485 3486/3486/3486
f 3487/3487/3487 3488/3488/3488 3489/3489/3489
f 3490/3490/3490 3491/3491/3491 3492/3492/3492
f 3493/3493/3493 3494/3494/3494 3495/3495/3495
f 3496/3496/3496 3497/3497/3497 3498/3498/3498
f 3499/3499/3499 3500/3500/3500 3501/3501/3501
f 3502/3502/3502 3503/3503/3503 3504/3504/3504
f 3505/3505/3505 3506/3506/3506 3507/3507/3507
f 3508/3508/3508 3509/3509/3509 3510/3510/3510
f 3511/3511/3511 3512/3512/3512 3513/3513/3513
f 3514/3514/3514 3515/3515/3515 3516/3516/3516
f 3517/3517/3517 3518/3518/3518 3519/3519/3519
f 3520/3520/3520 3521/3521/3521 3522/3522/3522
f 3523/3523/3523 3524/3524/3524 3525/3525/3525
f 3526/3526/3526 3527/3527/3527 3528/3528/3528
f 3529/3529/3529 3530/3530/3530 3531/3531/3531
f 3532/3532/3532 3533/3533/3533 3534/3534/3534
f 3535/3535/3535 3536/3536/3536 3537/3537/3537
f 3538/3538/3538 3539/3539/3539 3540/3540/3540
f 3541/3541/3541 3542/3542/3542 3543/3543/3543
f 3544/3544/3544 3545/3545/3545 3546/3546/3546
f 3547/3547/3547 3548/3548/3548 3549/3549/3549
f 3550/3550/3550 3551/3551/3551 3552/3552/3552
f 3553/3553/3553 3554/3554/3554 3555/3555/3555
f 3556/3556/3556 3557/3557/3557 3558/3558/3558
f 3559/3559/3559 3560/3560/3560 3561/3561/3561
f 3562/3562/3562 3563/3563/3563 3564/3564/3564
f 3565/3565/3565 3566/3566/3566 3567/3567/3567
f 3568/3568/3568 3569/3569/3569 3570/3570/3570
f 3571/3571/3571 3572/3572/3572 3573/3573/3573
f 3574/3574/3574 3575/3575/3575 3576/3576/3576
f 3577/3577/3577 3578/3578/3578 3579/3579/3579
f 3580/3580/3580 3581/3581/3581 3582/3582/3582
f 3583/3583/3583 3584/3584/3584 3585/3585/3585
f 3586/3586/3586 3587/3587/3587 3588/3588/3588
f 3589/3589/3589 3590/3590/3590 3591/3591/3591
f 3592/3592/3592 3593/3593/3593 3594/3594/3594
f 3595/3595/3595 3596/3596/3596 3597/3597/3597
f 3598/3598/3598 3599/3599/3599 3600/3600/3600
f 3601/3601/3601 3602/3602/3602 3603/3603/3603
f 3604/3604/3604 3605/3605/3605 3606/3606/3606
f 3607/3607/3607 3608/3608/3608 3609/3609/3609
f 3610/3610/3610 3611/3611/3611 3612/3612/3612
f 3613/3613/3613 3614/3614/3614 3615/3615/3615
f 3616/3616/3616 3617/3617/3617 3618/3618/3618
f 3619/3619/3619 3620/3620/3620 3621/3621/3621
f 3622/3622/3622 3623/3623/3623 3624/3624/3624
f 3625/3625/3625 3626/3626/3626 3627/3627/3627
f 3628/3628/3628 3629/3629/3629 3630/3630/3630
f 3631/3631/3631 3632/3632/3632 3633/3633/3633
f 3634/3634/3634 3635/3635/3635 3636/3636/3636
f 3637/3637/3637 3638/3638/3638 3639/3639/3639
f 3640/3640/3640 3641/3641/3641 3642/3642/3642
f 3643/3643/3643 3644/3644/3644 3645/3645/3645
f 3646/3646/3646 3647/3647/3647 3648/3648/3648
f 3649/3649/3649 3650/3650/3650 3651/3651/3651
f 3652/3652/3652 3653/3653/3653 3654/3654/3654
f 3655/3655/3655 3656/3656/3656 3657/3657/3657
f 3658/3658/3658 3659/3659/3659 3660/3660/3660
f 3661/3661/3661 3662/3662/3662 3663/3663/3663
f 3664/3664/3664 3665/3665/3665 3666/3666/3666
f 3667/3667/3667 3668/3668/3668 3669/3669/3669
f 3670/3670/3670 3671/3671/3671 3672/3672/3672
f 3673/3673/3673 3674/3674/3674 3675/3675/3675
f 3676/3676/3676 3677/3677/3677 3678/3678/3678
f 3679/3679/3679 3680/3680/3680 3681/3681/3681
f 3682/3682/3682 3683/3683/3683 3684/3684/3684
f 3685/3685/3685 3686/3686/3686 3687/3687/3687
f 3688/3688/3688 3689/3689/3689 3690/3690/3690
f 3691/3691/3691 3692/3692/3692 3693/3693/3693
f 3694/3694/3694 3695/3695/3695 3696/3696/3696
f 3697/3697/3697 3698/3698/3698 3699/3699/3699
f 3700/3700/3700 3701/3701/3701 3702/3702/3702
f 3703/3703/3703 3704/3704/3704 3705/3705/3705
f 3706/3706/3706 3707/3707/3707 3708/3708/3708
f 3709/3709/3709 3710/3710/3710 3711/3711/3711
f 3712/3712/3712 3713/3713/3713 3714/3714/3714
f 3715/3715/3715 3716/3716/3716 3717/3717/3717
f 3718/3718/3718 3719/3719/3719 3720/3720/3720
f 3721/3721/3721 3722/3722/3722 3723/3723/3723
f 3724/3724/3724 3725/3725/3725 3726/3726/3726
f 3727/3727/3727 3728/3728/3728 3729/3729/3729
f 3730/3730/3730 3731/3731/3731 3732/3732/3732
f 3733/3733/3733 3734/3734/3734 3735/3735/3735
f 3736/3736/3736 3737/3737/3737 3738/3738/3738
f 3739/3739/3739 3740/3740/3740 3741/3741/3741
f 3742/3742/3742 3743/3743/3743 3744/3744/3744
f 3745/3745/3745 3746/3746/3746 3747/3747/3747
f 3748/3748/3748 3749/3749/3749 3750/3750/3750
f 3751/3751/3751 3752/3752/3752 3753/3753/3753
f 3754/3754/3754 3755/3755/3755 3756/3756/3756
f 3757/3757/3757 3758/3758/3758 3759/3759/3759
f 3760/3760/3760 3761/3761/3761 3762/3762/3762
f 3763/3763/3763 3764/3764/3764 3765/3765/3765
f 3766/3766/3766 3767/3767/3767 3768/3768/3768
f 3769/3769/3769 3770/3770/3770 3771/3771/3771
f 3772/3772/3772 3773/3773/3773 3774/3774/3774
f 3775/3775/3775 3776/3776/3776 3777/3777/3777
f 3778/3778/3778 3779/3779/3779 3780/3780/3780
f 3781/3781/3781 3782/3782/3782 3783/3783/3783
f 3784/3784/3784 3785/3785/3785 3786/3786/3786
f 3787/3787/3787 3788/3788/3788 3789/3789/3789
f 3790/3790/3790 3791/3791/3791 3792/3792/3792
f 3793/3793/3793 3794/3794/3794 3795/3795/3795
f 3796/3796/3796 3797/3797/3797 3798/3798/3798
f 3799/3799/3799 3800/3800/3800 3801/3801/3801
f 3802/3802/3802 3803/3803/3803 3804/3804/3804
f 3805/3805/3805 3806/3806/3806 3807/3807/3807
f 3808/3808/3808 3809/3809/3809 3810/3810/3810
f 3811/3811/3811 3812/3812/3812 3813/3813/3813
f 3814/3814/3814 3815/3815/3815 3816/3816/3816
f 3817/3817/3817 3818/3818/3818 3819/3819/3819
f 3820/3820/3820 3821/3821/3821 3822/3822/3822
f 3823/3823/3823 3824/3824/3824 3825/3825/3825
f 3826/3826/3826 3827/3827/3827 3828/3828/3828
f 3829/3829/3829 3830/3830/3830 3831/3831/3831
f 3832/3832/3832 3833/3833/3833 3834/3834/3834
f 3835/3835/3835 3836/3836/3836 3837/3837/3837
f 3838/3838/3838 3839/3839/3839 3840/3840/3840
f 3841/3841/3841 3842/3842/3842 3843/3843/3843
f 3844/3844/3844 3845/3845/3845 3846/3846/3846
f 3847/3847/3847 3848/3848/3848 3849/3849/3849
f 3850/3850/3850 3851/3851/3851 3852/3852/3852
f 3853/3853/3853 3854/3854/3854 3855/3855/3855
f 3856/3856/3856 3857/3857/3857 3858/3858/3858
f 3859/3859/3859 3860/3860/3860 3861/3861/3861
f 3862/3862/3862 3863/3863/3863 3864/3864/3864
f 3865/3865/3865 3866/3866/3866 3867/3867/3867
f 3868/3868/3868 3869/3869/3869 3870/3870/3870
f 3871/3871/3871 3872/3872/3872 3873/3873/3873
f 3874/3874/3874 3875/3875/3875 3876/3876/3876
f 3877/3877/3877 3878/3878/3878 3879/3879/3879
f 3880/3880/3880 3881/3881/3881 3882/3882/3882
f 3883/3883/3883 3884/3884/3884 3885/3885/3885
f 3886/3886/3886 3887/3887/3887 3888/3888/3888
f 3889/3889/3889 3890/3890/3890 3891/3891/3891
f 3892/3892/3892 3893/3893/3893 3894/3894/3894
f 3895/3895/3895 3896/3896/3896 3897/3897/3897
f 3898/3898/3898 3899/3899/3899 3900/3900/3900
f 3901/3901/3901 3902/3902/3902 3903/3903/3903
f 3904/3904/3904 3905/3905/3905 3906/3906/3906
f 3907/3907/3907 3908/3908/3908 3909/3909/3909
f 3910/3910/3910 3911/3911/3911 3912/3912/3912
f 3913/3913/3913 3914/3914/3914 3915/3915/3915
f 3916/3916/3916 3917/3917/3917 3918/3918/3918
f 3919/3919/3919 3920/3920/3920 3921/3921/3921
f 3922/3922/3922 3923/3923/3923 3924/3924/3924
f 3925/3925/3925 3926/3926/3926 3927/3927/3927
f 3928/3928/3928 3929/3929/3929 3930/3930/3930
f 3931/3931/3931 3932/3932/3932 3933/3933/3933
f 3934/3934/3934 3935/3935/3935 3936/3936/3936
f 3937/3937/3937 3938/3938/3938 3939/3939/3939
f 3940/3940/3940 3941/3941/3941 3942/3942/3942
f 3943/3943/3943 3944/3944/3944 3945/3945/3945
f 3946/3946/3946 3947/3947/3947 3948/3948/3948
f 3949/3949/3949 3950/3950/3950 3951/3951/3951
f 3952/3952/3952 3953/3953/3953 3954/3954/3954
f 3955/3955/3955 3956/3956/3956 3957/3957/3957
f 3958/3958/3958 3959/3959/3959 3960/3960/3960
f 3961/3961/3961 3962/3962/3962 3963/3963/3963
f 3964/3964/3964 3965/3965/3965 3966/3966/3966
f 3967/3967/3967 3968/3968/3968 3969/3969/3969
f 3970/3970/3970 3971/3971/3971 3972/3972/3972
f 3973/3973/3973 3974/3974/3974 3975/3975/3975
f 3976/3976/3976 3977/3977/3977 3978/3978/3978
f 3979/3979/3979 3980/3980/3980 3981/3981/3981
f 3982/3982/3982 3983/3983/3983 3984/3984/3984
f 3985/3985/3985 3986/3986/3986 3987/3987/3987
f 3988/3988/3988 3989/3989/3989 3990/3990/3990
f 3991/3991/3991 3992/3992/3992 3993/3993/3993
f 3994/3994/3994 3995/3995/3995 3996/3996/3996
f 3997/3997/3997 3998/3998/3998 3999/3999/3999
f 4000/4000/4000 4001/4001/4001 4002/4002/4002
f 4003/4003/4003 4004/4004/4004 4005/4005/4005
f 4006/4006/4006 4007/4007/4007 4008/4008/4008
f 4009/4009/4009 4010/4010/4010 4011/4011/4011
f 4012/4012/4012 4013/4013/4013 4014/4014/4014
f 4015/4015/4015 4016/4016/4016 4017/4017/4017
f 4018/4018/4018 4019/4019/4019 4020/4020/4020
f 4021/4021/4021 4022/4022/4022 4023/4023/4023
f 4024/4024/4024 4025/4025/4025 4026/4026/4026
f 4027/4027/4027 4028/4028/4028 4029/4029/4029
f 4030/4030/4030 4031/4031/4031 4032/4032/4032
f 4033/4033/4033 4034/4034/4034 4035/4035/4035
f 4036/4036/4036 4037/4037/4037 4038/4038/4038
f 4039/4039/4039 4040/4040/4040 4041/4041/4041
f 4042/4042/4042 4043/4043/4043 4044/4044/4044
f 4045/4045/4045 4046/4046/4046 4047/4047/4047
f 4048/4048/4048 4049/4049/4049 4050/4050/4050
f 4051/4051/4051 4052/4052/4052 4053/4053/4053
f 4054/4054/4054 4055/4055/4055 4056/4056/4056
f 4057/4057/4057 4058/4058/4058 4059/4059/4059
f 4060/4060/4060 4061/4061/4061 4062/4062/4062
f 4063/4063/4063 4064/4064/4064 4065/4065/4065
f 4066/4066/4066 4067/4067/4067 4068/4068/4068
f 4069/4069/4069 4070/4070/4070 4071/4071/4071
f 4072/4072/4072 4073/4073/4073 4074/4074/4074
f 4075/4075/4075 4076/4076/4076 4077/4077/4077
f 4078/4078/4078 4079/4079/4079 4080/4080/4080
f 4081/4081/4081 4082/4082/4082 4083/4083/4083
f 4084/4084/4084 4085/4085/4085 4086/4086/4086
f 4087/4087/4087 4088/4088/4088 4089/4089/4089
f 4090/4090/4090 4091/4091/4091 4092/4092/4092
f 4093/4093/4093 4094/4094/4094 4095/4095/4095
f 4096/4096/4096 4097/4097/4097 4098/4098/4098
f 4099/4099/4099 4100/4100/4100 4101/4101/4101
f 4102/4102/4102 4103/4103/4103 4104/4104/4104
f 4105/4105/4105 4106/4106/4106 4107/4107/4107
f 4108/4108/4108 4109/4109/4109 4110/4110/4110
f 4111/4111/4111 4112/4112/4112 4113/4113/4113
f 4114/4114/4114 4115/4115/4115 4116/4116/4116
f 4117/4117/4117 4118/4118/4118 4119/4119/4119
f 4120/4120/4120 4121/4121/4121 4122/4122/4122
f 4123/4123/4123 4124/4124/4124 4125/4125/4125
f 4126/4126/4126 4127/4127/4127 4128/4128/4128
f 4129/4129/4129 4130/4130/4130 4131/4131/4131
f 4132/4132/4132 4133/4133/4133 4134/4134/4134
f 4135/4135/4135 4136/4136/4136 4137/4137/4137
f 4138/4138/4138 4139/4139/4139 4140/4140/4140
f 4141/4141/4141 4142/4142/4142 4143/4143/4143
f 4144/4144/4144 4145/4145/4145 4146/4146/4146
f 4147/4147/4147 4148/4148/4148 4149/4149/4149
f 4150/4150/4150 4151/4151/4151 4152/4152/4152
f 4153/4153/4153 4154/4154/4154 4155/4155/4155
f 4156/4156/4156 4157/4157/4157 4158/4158/4158
f 4159/4159/4159 4160/4160/4160 4161/4161/4161
f 4162/4162/4162 4163/4163/4163 4164/4164/4164
f 4165/4165/4165 4166/4166/4166 4167/4167/4167
f 4168/4168/4168 4169/4169/4169 4170/4170/4170
f 4171/4171/4171 4172/4172/4172 4173/4173/4173
f 4174/4174/4174 4175/4175/4175 4176/4176/4176
f 4177/4177/4177 4178/4178/4178 4179/4179/4179
f 4180/4180/4180 4181/4181/4181 4182/4182/4182
f 4183/4183/4183 4184/4184/4184 4185/4185/4185
f 4186/4186/4186 4187/4187/4187 4188/4188/4188
f 4189/4189/4189 4190/4190/4190 4191/4191/4191
f 4192/4192/4192 4193/4193/4193 4194/4194/4194
f 4195/4195/4195 4196/4196/4196 4197/4197/4197
f 4198/4198/4198 4199/4199/4199 4200/4200/4200
f 4201/4201/4201 4202/4202/4202 4203/4203/4203
f 4204/4204/4204 4205/4205/4205 4206/4206/4206
f 4207/4207/4207 4208/4208/4208 4209/4209/4209
f 4210/4210/4210 4211/4211/4211 4212/4212/4212
f 4213/4213/4213 4214/4214/4214 4215/4215/4215
f 4216/4216/4216 4217/4217/4217 4218/4218/4218
f 4219/4219/4219 4220/4220/4220 4221/4221/4221
f 4222/4222/4222 4223/4223/4223 4224/4224/4224
f 4225/4225/4225 4226/4226/4226 4227/4227/4227
f 4228/4228/4228 4229/4229/4229 4230/4230/4230
f 4231/4231/4231 4232/4232/4232 4233/4233/4233
f 4234/4234/4234 4235/4235/4235 4236/4236/4236
