o Mesh
usemtl material_1
v 0.02887599915266037 0.056960999965667725 -0.0036849998869001865
v 0.02887599915266037 0.056960999965667725 0.00046099998871795833
v 0.02887599915266037 0.06064600124955177 0.001075000036507845
v 0.02887599915266037 0.056960999965667725 -0.0036849998869001865
v 0.02887599915266037 0.05342999845743179 0.0029170000925660133
v 0.02887599915266037 0.056960999965667725 0.00046099998871795833
v 0.02887899987399578 0.009809000417590141 0.0561240017414093
v 0.028804000467061996 0.0053820000030100346 0.05483800172805786
v 0.028804000467061996 0.011427000164985657 0.05917400121688843
v 0.02887899987399578 0.01153200026601553 0.05274299904704094
v 0.028804000467061996 0.0053820000030100346 0.05483800172805786
v 0.02887899987399578 0.009809000417590141 0.0561240017414093
v 0.029798999428749084 -0.018428999930620193 -0.004399999976158142
v 0.02981399931013584 -0.018936000764369965 0.002237000036984682
v 0.029834000393748283 0.00018899999849963933 0.00010800000018207356
v 0.029795000329613686 -0.015990000218153 -0.010169999673962593
v 0.029798999428749084 -0.018428999930620193 -0.004399999976158142
v 0.029834000393748283 0.00018899999849963933 0.00010800000018207356
v 0.029805000871419907 -0.012532000429928303 -0.014045000076293945
v 0.029795000329613686 -0.015990000218153 -0.010169999673962593
v 0.029834000393748283 0.00018899999849963933 0.00010800000018207356
v 0.0297860000282526 -0.008132999762892723 -0.016947999596595764
v 0.029805000871419907 -0.012532000429928303 -0.014045000076293945
v 0.029834000393748283 0.00018899999849963933 0.00010800000018207356
v 0.029805999249219894 -0.003792000003159046 -0.018414000049233437
v 0.0297860000282526 -0.008132999762892723 -0.016947999596595764
v 0.029834000393748283 0.00018899999849963933 0.00010800000018207356
v 0.02978700026869774 -0.00023200000578071922 -0.01874300092458725
v 0.029805999249219894 -0.003792000003159046 -0.018414000049233437
v 0.029834000393748283 0.00018899999849963933 0.00010800000018207356
v 0.02980699948966503 0.003593999892473221 -0.01846799999475479
v 0.02978700026869774 -0.00023200000578071922 -0.01874300092458725
v 0.029834000393748283 0.00018899999849963933 0.00010800000018207356
v 0.029841000214219093 0.006941999774426222 -0.017542999237775803
v 0.02980699948966503 0.003593999892473221 -0.01846799999475479
v 0.029834000393748283 0.00018899999849963933 0.00010800000018207356
v 0.029834000393748283 0.010476999916136265 -0.01573600061237812
v 0.029841000214219093 0.006941999774426222 -0.017542999237775803
v 0.029834000393748283 0.00018899999849963933 0.00010800000018207356
v 0.029839999973773956 0.013412999920547009 -0.013337000273168087
v 0.029834000393748283 0.010476999916136265 -0.01573600061237812
v 0.029834000393748283 0.00018899999849963933 0.00010800000018207356
v 0.02983899973332882 0.01584699936211109 -0.010343000292778015
v 0.029839999973773956 0.013412999920547009 -0.013337000273168087
v 0.029834000393748283 0.00018899999849963933 0.00010800000018207356
v 0.02984200045466423 0.0176790002733469 -0.006787999998778105
v 0.02983899973332882 0.01584699936211109 -0.010343000292778015
v 0.029834000393748283 0.00018899999849963933 0.00010800000018207356
v 0.029834000393748283 0.018758000805974007 -0.0032450000289827585
v 0.02984200045466423 0.0176790002733469 -0.006787999998778105
v 0.029834000393748283 0.00018899999849963933 0.00010800000018207356
v 0.029833000153303146 0.019040999934077263 0
v 0.029834000393748283 0.018758000805974007 -0.0032450000289827585
v 0.029834000393748283 0.00018899999849963933 0.00010800000018207356
v 0.029829999431967735 0.018890999257564545 0.0028699999675154686
v 0.029833000153303146 0.019040999934077263 0
v 0.029834000393748283 0.00018899999849963933 0.00010800000018207356
v 0.029843000695109367 0.017669999971985817 0.007449999917298555
v 0.029837999492883682 0.018293999135494232 0.005537000019103289
v 0.029834000393748283 0.00018899999849963933 0.00010800000018207356
v 0.02984200045466423 0.016610000282526016 0.009538000449538231
v 0.029843000695109367 0.017669999971985817 0.007449999917298555
v 0.029834000393748283 0.00018899999849963933 0.00010800000018207356
v 0.02984200045466423 0.015548000112175941 0.011184999719262123
v 0.02984200045466423 0.016610000282526016 0.009538000449538231
v 0.029834000393748283 0.00018899999849963933 0.00010800000018207356
v 0.029841000214219093 0.014085999689996243 0.01296200044453144
v 0.02984200045466423 0.015548000112175941 0.011184999719262123
v 0.029834000393748283 0.00018899999849963933 0.00010800000018207356
v 0.029843999072909355 0.012818999588489532 0.01424300018697977
v 0.029841000214219093 0.014085999689996243 0.01296200044453144
v 0.029834000393748283 0.00018899999849963933 0.00010800000018207356
v 0.029841000214219093 0.011017000302672386 0.015711000189185143
v 0.029843999072909355 0.012818999588489532 0.01424300018697977
v 0.029834000393748283 0.00018899999849963933 0.00010800000018207356
v 0.02984900027513504 0.009196000173687935 0.016878999769687653
v 0.029841000214219093 0.011017000302672386 0.015711000189185143
v 0.029834000393748283 0.00018899999849963933 0.00010800000018207356
v 0.029867000877857208 0.006816000211983919 0.01806199923157692
v 0.02984900027513504 0.009196000173687935 0.016878999769687653
v 0.029834000393748283 0.00018899999849963933 0.00010800000018207356
v 0.029867999255657196 0.0018489999929443002 0.01918499916791916
v 0.02985299937427044 0.004772000014781952 0.018758000805974007
v 0.029834000393748283 0.00018899999849963933 0.00010800000018207356
v 0.02984900027513504 -0.0013719999697059393 0.019206000491976738
v 0.029867999255657196 0.0018489999929443002 0.01918499916791916
v 0.029834000393748283 0.00018899999849963933 0.00010800000018207356
v 0.029867000877857208 -0.005073000211268663 0.0185100007802248
v 0.02984900027513504 -0.0013719999697059393 0.019206000491976738
v 0.029834000393748283 0.00018899999849963933 0.00010800000018207356
v 0.029858000576496124 -0.00868299975991249 0.01709900051355362
v 0.029867000877857208 -0.005073000211268663 0.0185100007802248
v 0.029834000393748283 0.00018899999849963933 0.00010800000018207356
v 0.02986299991607666 -0.012373000383377075 0.014510000124573708
v 0.029858000576496124 -0.00868299975991249 0.01709900051355362
v 0.029834000393748283 0.00018899999849963933 0.00010800000018207356
v 0.029834000393748283 -0.01548099983483553 0.011176999658346176
v 0.02986299991607666 -0.012373000383377075 0.014510000124573708
v 0.029834000393748283 0.00018899999849963933 0.00010800000018207356
v 0.0298289991915226 -0.018268000334501266 0.005566000007092953
v 0.029823999851942062 -0.017333000898361206 0.007930000312626362
v 0.029834000393748283 0.00018899999849963933 0.00010800000018207356
v 0.0298289991915226 -0.018268000334501266 0.005566000007092953
v 0.029834000393748283 0.00018899999849963933 0.00010800000018207356
v 0.02981399931013584 -0.018936000764369965 0.002237000036984682
v 0.029834000393748283 -0.01548099983483553 0.011176999658346176
v 0.029834000393748283 0.00018899999849963933 0.00010800000018207356
v 0.029823999851942062 -0.017333000898361206 0.007930000312626362
v 0.029837999492883682 0.018293999135494232 0.005537000019103289
v 0.029829999431967735 0.018890999257564545 0.0028699999675154686
v 0.029834000393748283 0.00018899999849963933 0.00010800000018207356
v 0.02985299937427044 0.004772000014781952 0.018758000805974007
v 0.029867000877857208 0.006816000211983919 0.01806199923157692
v 0.029834000393748283 0.00018899999849963933 0.00010800000018207356
v 0.06343500316143036 -0.02670300006866455 -0.0007210000185295939
v 0.06342499703168869 -0.025635000318288803 -0.007670000195503235
v 0.06333299726247787 0.0017330000409856439 0.0014449999434873462
v 0.06342499703168869 -0.025635000318288803 -0.007670000195503235
v 0.06349500268697739 -0.022610999643802643 -0.014798000454902649
v 0.06333299726247787 0.0017330000409856439 0.0014449999434873462
v 0.06349500268697739 -0.022610999643802643 -0.014798000454902649
v 0.06345000118017197 -0.018497999757528305 -0.019082000479102135
v 0.06333299726247787 0.0017330000409856439 0.0014449999434873462
v 0.06345000118017197 -0.018497999757528305 -0.019082000479102135
v 0.06344900280237198 -0.013718999922275543 -0.022760000079870224
v 0.06333299726247787 0.0017330000409856439 0.0014449999434873462
v 0.06344900280237198 -0.013718999922275543 -0.022760000079870224
v 0.06345099955797195 -0.008453999646008015 -0.025180000811815262
v 0.06333299726247787 0.0017330000409856439 0.0014449999434873462
v 0.06345099955797195 -0.008453999646008015 -0.025180000811815262
v 0.06354299932718277 -0.004358999896794558 -0.026399999856948853
v 0.06333299726247787 0.0017330000409856439 0.0014449999434873462
v 0.06354299932718277 -0.004358999896794558 -0.026399999856948853
v 0.06349500268697739 0.0006680000224150717 -0.02674899995326996
v 0.06333299726247787 0.0017330000409856439 0.0014449999434873462
v 0.06349500268697739 0.0006680000224150717 -0.02674899995326996
v 0.06350799649953842 0.004261000081896782 -0.0263030007481575
v 0.06333299726247787 0.0017330000409856439 0.0014449999434873462
v 0.06350799649953842 0.004261000081896782 -0.0263030007481575
v 0.06350699812173843 0.009868999943137169 -0.024484999477863312
v 0.06333299726247787 0.0017330000409856439 0.0014449999434873462
v 0.06350699812173843 0.009868999943137169 -0.024484999477863312
v 0.06350400298833847 0.01398599985986948 -0.022339999675750732
v 0.06333299726247787 0.0017330000409856439 0.0014449999434873462
v 0.06350400298833847 0.01398599985986948 -0.022339999675750732
v 0.06351400166749954 0.01783199980854988 -0.019284000620245934
v 0.06333299726247787 0.0017330000409856439 0.0014449999434873462
v 0.06351400166749954 0.01783199980854988 -0.019284000620245934
v 0.06352200359106064 0.020503999665379524 -0.01634800061583519
v 0.06333299726247787 0.0017330000409856439 0.0014449999434873462
v 0.06352200359106064 0.020503999665379524 -0.01634800061583519
v 0.06341399997472763 0.024329999461770058 -0.010417000390589237
v 0.06333299726247787 0.0017330000409856439 0.0014449999434873462
v 0.06341399997472763 0.024329999461770058 -0.010417000390589237
v 0.06327799707651138 0.026413999497890472 -0.005373000167310238
v 0.06333299726247787 0.0017330000409856439 0.0014449999434873462
v 0.06327799707651138 0.026413999497890472 -0.005373000167310238
v 0.063230000436306 0.027157999575138092 -0.0003000000142492354
v 0.06333299726247787 0.0017330000409856439 0.0014449999434873462
v 0.06332600116729736 0.026645999401807785 0.00405499991029501
v 0.06333299726247787 0.0017330000409856439 0.0014449999434873462
v 0.063230000436306 0.027157999575138092 -0.0003000000142492354
v 0.06343399733304977 0.0025190000887960196 0.026496000587940216
v 0.06333299726247787 0.0017330000409856439 0.0014449999434873462
v 0.06342600286006927 0.005932000000029802 0.026023000478744507
v 0.06343399733304977 0.0025190000887960196 0.026496000587940216
v 0.06343399733304977 -0.0002770000137388706 0.02653600089251995
v 0.06333299726247787 0.0017330000409856439 0.0014449999434873462
v 0.06343399733304977 -0.0002770000137388706 0.02653600089251995
v 0.06343500316143036 -0.004042999818921089 0.02625199966132641
v 0.06333299726247787 0.0017330000409856439 0.0014449999434873462
v 0.06343500316143036 -0.004042999818921089 0.02625199966132641
v 0.06342700123786926 -0.00887800008058548 0.025127999484539032
v 0.06333299726247787 0.0017330000409856439 0.0014449999434873462
v 0.06342700123786926 -0.00887800008058548 0.025127999484539032
v 0.06353799998760223 -0.013356000185012817 0.02325199916958809
v 0.06333299726247787 0.0017330000409856439 0.0014449999434873462
v 0.06353799998760223 -0.013356000185012817 0.02325199916958809
v 0.06356299668550491 -0.01759899966418743 0.020004000514745712
v 0.06333299726247787 0.0017330000409856439 0.0014449999434873462
v 0.06356299668550491 -0.01759899966418743 0.020004000514745712
v 0.06358999758958817 -0.02132900059223175 0.01567400060594082
v 0.06333299726247787 0.0017330000409856439 0.0014449999434873462
v 0.06354299932718277 -0.024351000785827637 0.011119999922811985
v 0.06351999938488007 -0.02648100070655346 0.00534699996933341
v 0.06333299726247787 0.0017330000409856439 0.0014449999434873462
v 0.06343500316143036 -0.02670300006866455 -0.0007210000185295939
v 0.06333299726247787 0.0017330000409856439 0.0014449999434873462
v 0.06351999938488007 -0.02648100070655346 0.00534699996933341
v 0.06354299932718277 -0.024351000785827637 0.011119999922811985
v 0.06333299726247787 0.0017330000409856439 0.0014449999434873462
v 0.06358999758958817 -0.02132900059223175 0.01567400060594082
v 0.06342100352048874 0.025682000443339348 0.008369999937713146
v 0.06333299726247787 0.0017330000409856439 0.0014449999434873462
v 0.06332600116729736 0.026645999401807785 0.00405499991029501
v 0.06342600286006927 0.005932000000029802 0.026023000478744507
v 0.06333299726247787 0.0017330000409856439 0.0014449999434873462
v 0.06342899799346924 0.009816000238060951 0.02474999986588955
v 0.06342899799346924 0.009816000238060951 0.02474999986588955
v 0.06333299726247787 0.0017330000409856439 0.0014449999434873462
v 0.06342200189828873 0.01386599987745285 0.022677000612020493
v 0.06342200189828873 0.01386599987745285 0.022677000612020493
v 0.06333299726247787 0.0017330000409856439 0.0014449999434873462
v 0.06342600286006927 0.017312999814748764 0.020150000229477882
v 0.06342600286006927 0.017312999814748764 0.020150000229477882
v 0.06333299726247787 0.0017330000409856439 0.0014449999434873462
v 0.06345599889755249 0.0212980005890131 0.015862999483942986
v 0.0634550005197525 0.0238840002566576 0.01245800033211708
v 0.06333299726247787 0.0017330000409856439 0.0014449999434873462
v 0.06342100352048874 0.025682000443339348 0.008369999937713146
v 0.06345599889755249 0.0212980005890131 0.015862999483942986
v 0.06333299726247787 0.0017330000409856439 0.0014449999434873462
v 0.0634550005197525 0.0238840002566576 0.01245800033211708
v 0.028804000467061996 0.011427000164985657 0.05917400121688843
v 0.0375639982521534 0.01092899963259697 0.055275000631809235
v 0.03594300150871277 0.014188000001013279 0.0578790009021759
v -0.0302520003169775 0.018633000552654266 0.04981200024485588
v -0.030301999300718307 0.015022000297904015 0.05177599936723709
v -0.037025000900030136 0.019703000783920288 0.04989299923181534
v -0.037025000900030136 0.019703000783920288 0.04989299923181534
v -0.043303001672029495 0.02544100023806095 0.04707600176334381
v -0.0370509997010231 0.025380000472068787 0.04667999967932701
v -0.043303001672029495 0.02544100023806095 0.04707600176334381
v -0.04799399897456169 0.030587000772356987 0.04394499957561493
v -0.04278700053691864 0.0312890000641346 0.043095000088214874
v -0.04799399897456169 0.030587000772356987 0.04394499957561493
v -0.05155999958515167 0.03591899946331978 0.03975500166416168
v -0.0472479984164238 0.036635998636484146 0.038502998650074005
v -0.05081599950790405 0.05384200066328049 0.006707000080496073
v -0.049129001796245575 0.05172400176525116 0.01332200039178133
v -0.05626799911260605 0.051545001566410065 0.015982000157237053
v -0.044861000031232834 0.0610090009868145 0.003014999907463789
v -0.052108000963926315 0.061278000473976135 0.007792000193148851
v -0.04472799971699715 0.06372600048780441 0.006093000061810017
v 0.04443899914622307 0.10184899717569351 0.029002999886870384
v 0.039000000804662704 0.1018579974770546 0.026977000758051872
v 0.03895999863743782 0.1091110035777092 0.030186999589204788
v 0.03895999863743782 0.1091110035777092 0.030186999589204788
v 0.029433999210596085 0.1113630011677742 0.02848600037395954
v 0.031530000269412994 0.11617500334978104 0.0311489999294281
v -0.04811599850654602 0.07546799629926682 0.017971999943256378
v -0.04592999815940857 0.06855499744415283 0.01224599964916706
v -0.05089699849486351 0.06572599709033966 0.013275000266730785
v -0.04053699970245361 0.1058650016784668 0.029153000563383102
v -0.041797999292612076 0.09618499875068665 0.025418000295758247
v -0.045065999031066895 0.09726399928331375 0.026916999369859695
v -0.032590001821517944 0.1136069968342781 0.030267000198364258
v -0.03233199939131737 0.10569699853658676 0.02740900032222271
v -0.04053699970245361 0.1058650016784668 0.029153000563383102
v -0.022644000127911568 0.12011899799108505 0.030803000554442406
v -0.021727999672293663 0.11487899720668793 0.028723999857902527
v -0.032590001821517944 0.1136069968342781 0.030267000198364258
v -0.05444600060582161 0.07337500154972076 0.02202400006353855
v -0.05598999932408333 0.06376300007104874 0.019255999475717545
v -0.05870300158858299 0.06160299852490425 0.02460400015115738
v 0.05685700103640556 0.05395999923348427 0.022137999534606934
v 0.05371500179171562 0.05886299908161163 0.01649400033056736
v 0.05482900142669678 0.06856700032949448 0.020942000672221184
v 0.057054001837968826 0.047527000308036804 0.028291000053286552
v 0.05685700103640556 0.05395999923348427 0.022137999534606934
v 0.058768998831510544 0.05755599960684776 0.02790199965238571
v 0.054012998938560486 0.038423001766204834 0.04061499983072281
v 0.05965299904346466 0.05570799857378006 0.04823699966073036
v 0.05470699816942215 0.04446600005030632 0.049917999655008316
v 0.04320099949836731 0.019053999334573746 0.054301001131534576
v 0.042139001190662384 0.021490000188350677 0.057002000510692596
v 0.03594300150871277 0.014188000001013279 0.0578790009021759
v -0.03821900114417076 0.019610000774264336 0.05820100009441376
v -0.04526900127530098 0.029217999428510666 0.058664001524448395
v -0.04707200080156326 0.026335999369621277 0.0537480004131794
v -0.06318599730730057 0.07481899857521057 0.05011799931526184
v -0.06323999911546707 0.07353899627923965 0.05536000058054924
v -0.0618709996342659 0.08933000266551971 0.055195000022649765
v 0.04887700080871582 0.03590900078415871 0.06460300087928772
v 0.04695200175046921 0.03363100066781044 0.07599899917840958
v 0.04470999911427498 0.03088800050318241 0.06507699936628342
v 0.0562950000166893 0.047391001135110855 0.06360600143671036
v 0.05452900007367134 0.04402799904346466 0.0761139988899231
v 0.052549999207258224 0.04092000052332878 0.06410899758338928
v -0.012493000365793705 0.13816599547863007 0.07604499906301498
v 0.0035830000415444374 0.06658899784088135 0.07600200176239014
v 0.004796000197529793 0.13918399810791016 0.07605499774217606
v -0.033799998462200165 0.12961700558662415 0.07604199647903442
v 0.0035830000415444374 0.06658899784088135 0.07600200176239014
v -0.012493000365793705 0.13816599547863007 0.07604499906301498
v -0.04834999889135361 0.1169859990477562 0.07601399719715118
v 0.0035830000415444374 0.06658899784088135 0.07600200176239014
v -0.033799998462200165 0.12961700558662415 0.07604199647903442
v -0.058166999369859695 0.10097800195217133 0.07600799947977066
v 0.0035830000415444374 0.06658899784088135 0.07600200176239014
v -0.04834999889135361 0.1169859990477562 0.07601399719715118
v -0.06227999925613403 0.08686400204896927 0.07600200176239014
v 0.0035830000415444374 0.06658899784088135 0.07600200176239014
v -0.058166999369859695 0.10097800195217133 0.07600799947977066
v -0.06316699832677841 0.07139000296592712 0.07601399719715118
v 0.0035830000415444374 0.06658899784088135 0.07600200176239014
v -0.06227999925613403 0.08686400204896927 0.07600200176239014
v -0.06042899936437607 0.05684199929237366 0.07599399983882904
v 0.0035830000415444374 0.06658899784088135 0.07600200176239014
v -0.06316699832677841 0.07139000296592712 0.07601399719715118
v -0.055590998381376266 0.045598000288009644 0.07612600177526474
v 0.0035830000415444374 0.06658899784088135 0.07600200176239014
v -0.06042899936437607 0.05684199929237366 0.07599399983882904
v -0.05021800100803375 0.037581998854875565 0.0759660005569458
v 0.0035830000415444374 0.06658899784088135 0.07600200176239014
v -0.055590998381376266 0.045598000288009644 0.07612600177526474
v -0.044089000672101974 0.030672000721096992 0.07593700289726257
v 0.0035830000415444374 0.06658899784088135 0.07600200176239014
v -0.05021800100803375 0.037581998854875565 0.0759660005569458
v -0.03590400144457817 0.023958999663591385 0.07604300230741501
v 0.0035830000415444374 0.06658899784088135 0.07600200176239014
v -0.044089000672101974 0.030672000721096992 0.07593700289726257
v -0.028111999854445457 0.019375000149011612 0.07607799768447876
v 0.0035830000415444374 0.06658899784088135 0.07600200176239014
v -0.03590400144457817 0.023958999663591385 0.07604300230741501
v -0.02013299986720085 0.016095999628305435 0.0759190022945404
v 0.0035830000415444374 0.06658899784088135 0.07600200176239014
v -0.028111999854445457 0.019375000149011612 0.07607799768447876
v -0.009837999939918518 0.01360000018030405 0.07590000331401825
v 0.0035830000415444374 0.06658899784088135 0.07600200176239014
v -0.02013299986720085 0.016095999628305435 0.0759190022945404
v 0.0025629999581724405 0.012870999984443188 0.07603000104427338
v 0.0035830000415444374 0.06658899784088135 0.07600200176239014
v -0.009837999939918518 0.01360000018030405 0.07590000331401825
v 0.013597000390291214 0.014264999888837337 0.07596199959516525
v 0.0035830000415444374 0.06658899784088135 0.07600200176239014
v 0.0025629999581724405 0.012870999984443188 0.07603000104427338
v 0.026033999398350716 0.018366999924182892 0.07587999850511551
v 0.0035830000415444374 0.06658899784088135 0.07600200176239014
v 0.013597000390291214 0.014264999888837337 0.07596199959516525
v 0.0324539989233017 0.02171899937093258 0.07607299834489822
v 0.0035830000415444374 0.06658899784088135 0.07600200176239014
v 0.026033999398350716 0.018366999924182892 0.07587999850511551
v 0.03936599940061569 0.026480000466108322 0.07601200044155121
v 0.0035830000415444374 0.06658899784088135 0.07600200176239014
v 0.0324539989233017 0.02171899937093258 0.07607299834489822
v 0.05967799946665764 0.05518300086259842 0.07594099640846252
v 0.0035830000415444374 0.06658899784088135 0.07600200176239014
v 0.05452900007367134 0.04402799904346466 0.0761139988899231
v 0.06230099871754646 0.06532499939203262 0.07593200355768204
v 0.0035830000415444374 0.06658899784088135 0.07600200176239014
v 0.05967799946665764 0.05518300086259842 0.07594099640846252
v 0.06324099749326706 0.0767659991979599 0.07593999803066254
v 0.0035830000415444374 0.06658899784088135 0.07600200176239014
v 0.06230099871754646 0.06532499939203262 0.07593200355768204
v 0.06235399842262268 0.08631599694490433 0.07595299929380417
v 0.0035830000415444374 0.06658899784088135 0.07600200176239014
v 0.06324099749326706 0.0767659991979599 0.07593999803066254
v 0.05982299894094467 0.09643299877643585 0.07597500085830688
v 0.0035830000415444374 0.06658899784088135 0.07600200176239014
v 0.06235399842262268 0.08631599694490433 0.07595299929380417
v 0.05483400076627731 0.10781099647283554 0.0760049968957901
v 0.0035830000415444374 0.06658899784088135 0.07600200176239014
v 0.05982299894094467 0.09643299877643585 0.07597500085830688
v 0.04769999906420708 0.11770100146532059 0.07602699846029282
v 0.0035830000415444374 0.06658899784088135 0.07600200176239014
v 0.05483400076627731 0.10781099647283554 0.0760049968957901
v 0.0388839989900589 0.12595699727535248 0.0760359987616539
v 0.0035830000415444374 0.06658899784088135 0.07600200176239014
v 0.04769999906420708 0.11770100146532059 0.07602699846029282
v 0.02453099936246872 0.13448700308799744 0.07603800296783447
v 0.0035830000415444374 0.06658899784088135 0.07600200176239014
v 0.0388839989900589 0.12595699727535248 0.0760359987616539
v 0.004796000197529793 0.13918399810791016 0.07605499774217606
v 0.0035830000415444374 0.06658899784088135 0.07600200176239014
v 0.02453099936246872 0.13448700308799744 0.07603800296783447
v 0.05452900007367134 0.04402799904346466 0.0761139988899231
v 0.0035830000415444374 0.06658899784088135 0.07600200176239014
v 0.04695200175046921 0.03363100066781044 0.07599899917840958
v 0.04695200175046921 0.03363100066781044 0.07599899917840958
v 0.0035830000415444374 0.06658899784088135 0.07600200176239014
v 0.03936599940061569 0.026480000466108322 0.07601200044155121
v 0.004796000197529793 0.13918399810791016 0.06810399889945984
v 0.004796000197529793 0.13918399810791016 0.07605499774217606
v 0.02453099936246872 0.13448700308799744 0.07603800296783447
v 0.004796000197529793 0.13918399810791016 0.06810399889945984
v 0.02453099936246872 0.13448700308799744 0.07603800296783447
v 0.02453099936246872 0.13448700308799744 0.0673540011048317
v 0.02453099936246872 0.13448700308799744 0.0673540011048317
v 0.02453099936246872 0.13448700308799744 0.07603800296783447
v 0.0388839989900589 0.12595699727535248 0.0760359987616539
v 0.02453099936246872 0.13448700308799744 0.0673540011048317
v 0.0388839989900589 0.12595699727535248 0.0760359987616539
v 0.0388839989900589 0.12595699727535248 0.06726499646902084
v 0.0388839989900589 0.12595699727535248 0.06726499646902084
v 0.0388839989900589 0.12595699727535248 0.0760359987616539
v 0.04769999906420708 0.11770100146532059 0.07602699846029282
v 0.0388839989900589 0.12595699727535248 0.06726499646902084
v 0.04769999906420708 0.11770100146532059 0.07602699846029282
v 0.04769999906420708 0.11770100146532059 0.06685400009155273
v 0.04769999906420708 0.11770100146532059 0.06685400009155273
v 0.04769999906420708 0.11770100146532059 0.07602699846029282
v 0.05483400076627731 0.10781099647283554 0.0760049968957901
v 0.04769999906420708 0.11770100146532059 0.06685400009155273
v 0.05483400076627731 0.10781099647283554 0.0760049968957901
v 0.05483400076627731 0.10781099647283554 0.06588099896907806
v 0.05483400076627731 0.10781099647283554 0.06588099896907806
v 0.05483400076627731 0.10781099647283554 0.0760049968957901
v 0.05982299894094467 0.09643299877643585 0.07597500085830688
v 0.05483400076627731 0.10781099647283554 0.06588099896907806
v 0.05982299894094467 0.09643299877643585 0.07597500085830688
v 0.05982299894094467 0.09643299877643585 0.06451699882745743
v 0.05982299894094467 0.09643299877643585 0.06451699882745743
v 0.05982299894094467 0.09643299877643585 0.07597500085830688
v 0.06235399842262268 0.08631599694490433 0.07595299929380417
v 0.05982299894094467 0.09643299877643585 0.06451699882745743
v 0.06235399842262268 0.08631599694490433 0.07595299929380417
v 0.06235399842262268 0.08631599694490433 0.06350400298833847
v 0.06235399842262268 0.08631599694490433 0.06350400298833847
v 0.06235399842262268 0.08631599694490433 0.07595299929380417
v 0.06324099749326706 0.0767659991979599 0.07593999803066254
v 0.06235399842262268 0.08631599694490433 0.06350400298833847
v 0.06324099749326706 0.0767659991979599 0.07593999803066254
v 0.06324099749326706 0.0767659991979599 0.06294699758291245
v 0.06324099749326706 0.0767659991979599 0.06294699758291245
v 0.06324099749326706 0.0767659991979599 0.07593999803066254
v 0.06230099871754646 0.06532499939203262 0.07593200355768204
v 0.06324099749326706 0.0767659991979599 0.06294699758291245
v 0.06230099871754646 0.06532499939203262 0.07593200355768204
v 0.06230099871754646 0.06532499939203262 0.06259399652481079
v 0.06230099871754646 0.06532499939203262 0.06259399652481079
v 0.06230099871754646 0.06532499939203262 0.07593200355768204
v 0.05967799946665764 0.05518300086259842 0.06300900131464005
v 0.06230099871754646 0.06532499939203262 0.07593200355768204
v 0.05967799946665764 0.05518300086259842 0.07594099640846252
v 0.05967799946665764 0.05518300086259842 0.06300900131464005
v 0.05967799946665764 0.05518300086259842 0.06300900131464005
v 0.05967799946665764 0.05518300086259842 0.07594099640846252
v 0.0562950000166893 0.047391001135110855 0.06360600143671036
v 0.05967799946665764 0.05518300086259842 0.07594099640846252
v 0.05452900007367134 0.04402799904346466 0.0761139988899231
v 0.0562950000166893 0.047391001135110855 0.06360600143671036
v 0.052549999207258224 0.04092000052332878 0.06410899758338928
v 0.05452900007367134 0.04402799904346466 0.0761139988899231
v 0.04695200175046921 0.03363100066781044 0.07599899917840958
v 0.052549999207258224 0.04092000052332878 0.06410899758338928
v 0.04695200175046921 0.03363100066781044 0.07599899917840958
v 0.04887700080871582 0.03590900078415871 0.06460300087928772
v 0.04470999911427498 0.03088800050318241 0.06507699936628342
v 0.04695200175046921 0.03363100066781044 0.07599899917840958
v 0.03936599940061569 0.026480000466108322 0.07601200044155121
v 0.04470999911427498 0.03088800050318241 0.06507699936628342
v 0.03936599940061569 0.026480000466108322 0.07601200044155121
v 0.040137000381946564 0.025642000138759613 0.06571599841117859
v 0.040137000381946564 0.025642000138759613 0.06571599841117859
v 0.03936599940061569 0.026480000466108322 0.07601200044155121
v 0.03355700150132179 0.019742000848054886 0.06632199883460999
v 0.03936599940061569 0.026480000466108322 0.07601200044155121
v 0.0324539989233017 0.02171899937093258 0.07607299834489822
v 0.03355700150132179 0.019742000848054886 0.06632199883460999
v 0.03355700150132179 0.019742000848054886 0.06632199883460999
v 0.0324539989233017 0.02171899937093258 0.07607299834489822
v 0.02660599909722805 0.016397999599575996 0.06700900197029114
v 0.0324539989233017 0.02171899937093258 0.07607299834489822
v 0.026033999398350716 0.018366999924182892 0.07587999850511551
v 0.02660599909722805 0.016397999599575996 0.06700900197029114
v 0.02660599909722805 0.016397999599575996 0.06700900197029114
v 0.026033999398350716 0.018366999924182892 0.07587999850511551
v 0.013597000390291214 0.014264999888837337 0.07596199959516525
v 0.02660599909722805 0.016397999599575996 0.06700900197029114
v 0.013597000390291214 0.014264999888837337 0.07596199959516525
v 0.01381599996238947 0.01258699968457222 0.06721200048923492
v 0.01381599996238947 0.01258699968457222 0.06721200048923492
v 0.013597000390291214 0.014264999888837337 0.07596199959516525
v 0.002701000077649951 0.011443999595940113 0.06765399873256683
v 0.013597000390291214 0.014264999888837337 0.07596199959516525
v 0.0025629999581724405 0.012870999984443188 0.07603000104427338
v 0.002701000077649951 0.011443999595940113 0.06765399873256683
v 0.002701000077649951 0.011443999595940113 0.06765399873256683
v 0.0025629999581724405 0.012870999984443188 0.07603000104427338
v -0.009995000436902046 0.012222000397741795 0.0680449977517128
v 0.0025629999581724405 0.012870999984443188 0.07603000104427338
v -0.009837999939918518 0.01360000018030405 0.07590000331401825
v -0.009995000436902046 0.012222000397741795 0.0680449977517128
v -0.009995000436902046 0.012222000397741795 0.0680449977517128
v -0.009837999939918518 0.01360000018030405 0.07590000331401825
v -0.020022999495267868 0.014727000147104263 0.06806600093841553
v -0.009837999939918518 0.01360000018030405 0.07590000331401825
v -0.02013299986720085 0.016095999628305435 0.0759190022945404
v -0.020022999495267868 0.014727000147104263 0.06806600093841553
v -0.020022999495267868 0.014727000147104263 0.06806600093841553
v -0.02013299986720085 0.016095999628305435 0.0759190022945404
v -0.028529999777674675 0.018330000340938568 0.06751000136137009
v -0.02013299986720085 0.016095999628305435 0.0759190022945404
v -0.028111999854445457 0.019375000149011612 0.07607799768447876
v -0.028529999777674675 0.018330000340938568 0.06751000136137009
v -0.028529999777674675 0.018330000340938568 0.06751000136137009
v -0.028111999854445457 0.019375000149011612 0.07607799768447876
v -0.03590400144457817 0.023958999663591385 0.07604300230741501
v -0.028529999777674675 0.018330000340938568 0.06751000136137009
v -0.03590400144457817 0.023958999663591385 0.07604300230741501
v -0.03627200052142143 0.023434000089764595 0.06685300171375275
v -0.03627200052142143 0.023434000089764595 0.06685300171375275
v -0.03590400144457817 0.023958999663591385 0.07604300230741501
v -0.044089000672101974 0.030672000721096992 0.07593700289726257
v -0.03627200052142143 0.023434000089764595 0.06685300171375275
v -0.044089000672101974 0.030672000721096992 0.07593700289726257
v -0.04399299994111061 0.03074900060892105 0.06670399755239487
v -0.04399299994111061 0.03074900060892105 0.06670399755239487
v -0.044089000672101974 0.030672000721096992 0.07593700289726257
v -0.05021800100803375 0.037581998854875565 0.0759660005569458
v -0.04399299994111061 0.03074900060892105 0.06670399755239487
v -0.05021800100803375 0.037581998854875565 0.0759660005569458
v -0.05013899877667427 0.03760699927806854 0.06621100008487701
v -0.05013899877667427 0.03760699927806854 0.06621100008487701
v -0.05021800100803375 0.037581998854875565 0.0759660005569458
v -0.055590998381376266 0.045598000288009644 0.07612600177526474
v -0.05013899877667427 0.03760699927806854 0.06621100008487701
v -0.055590998381376266 0.045598000288009644 0.07612600177526474
v -0.0553940013051033 0.045646000653505325 0.06596100330352783
v -0.0553940013051033 0.045646000653505325 0.06596100330352783
v -0.055590998381376266 0.045598000288009644 0.07612600177526474
v -0.060245998203754425 0.05691000074148178 0.06615699827671051
v -0.055590998381376266 0.045598000288009644 0.07612600177526474
v -0.06042899936437607 0.05684199929237366 0.07599399983882904
v -0.060245998203754425 0.05691000074148178 0.06615699827671051
v -0.060245998203754425 0.05691000074148178 0.06615699827671051
v -0.06042899936437607 0.05684199929237366 0.07599399983882904
v -0.06316699832677841 0.07139000296592712 0.07601399719715118
v -0.060245998203754425 0.05691000074148178 0.06615699827671051
v -0.06316699832677841 0.07139000296592712 0.07601399719715118
v -0.06316500157117844 0.07184600085020065 0.06587500125169754
v -0.06316500157117844 0.07184600085020065 0.06587500125169754
v -0.06316699832677841 0.07139000296592712 0.07601399719715118
v -0.06227999925613403 0.08686400204896927 0.07600200176239014
v -0.06316500157117844 0.07184600085020065 0.06587500125169754
v -0.06227999925613403 0.08686400204896927 0.07600200176239014
v -0.06227999925613403 0.08686400204896927 0.06574399769306183
v -0.06227999925613403 0.08686400204896927 0.06574399769306183
v -0.06227999925613403 0.08686400204896927 0.07600200176239014
v -0.058166999369859695 0.10097800195217133 0.06599400192499161
v -0.06227999925613403 0.08686400204896927 0.07600200176239014
v -0.058166999369859695 0.10097800195217133 0.07600799947977066
v -0.058166999369859695 0.10097800195217133 0.06599400192499161
v -0.058166999369859695 0.10097800195217133 0.06599400192499161
v -0.058166999369859695 0.10097800195217133 0.07600799947977066
v -0.04834999889135361 0.1169859990477562 0.06627900153398514
v -0.058166999369859695 0.10097800195217133 0.07600799947977066
v -0.04834999889135361 0.1169859990477562 0.07601399719715118
v -0.04834999889135361 0.1169859990477562 0.06627900153398514
v -0.04834999889135361 0.1169859990477562 0.06627900153398514
v -0.04834999889135361 0.1169859990477562 0.07601399719715118
v -0.033799998462200165 0.12961700558662415 0.06752800196409225
v -0.04834999889135361 0.1169859990477562 0.07601399719715118
v -0.033799998462200165 0.12961700558662415 0.07604199647903442
v -0.033799998462200165 0.12961700558662415 0.06752800196409225
v -0.033799998462200165 0.12961700558662415 0.06752800196409225
v -0.033799998462200165 0.12961700558662415 0.07604199647903442
v -0.012493000365793705 0.13816599547863007 0.0676489993929863
v -0.033799998462200165 0.12961700558662415 0.07604199647903442
v -0.012493000365793705 0.13816599547863007 0.07604499906301498
v -0.012493000365793705 0.13816599547863007 0.0676489993929863
v -0.012493000365793705 0.13816599547863007 0.0676489993929863
v -0.012493000365793705 0.13816599547863007 0.07604499906301498
v 0.004796000197529793 0.13918399810791016 0.06810399889945984
v -0.012493000365793705 0.13816599547863007 0.07604499906301498
v 0.004796000197529793 0.13918399810791016 0.07605499774217606
v 0.004796000197529793 0.13918399810791016 0.06810399889945984
v 0.05965299904346466 0.05570799857378006 0.04823699966073036
v 0.05967799946665764 0.05518300086259842 0.06300900131464005
v 0.05470699816942215 0.04446600005030632 0.049917999655008316
v 0.05967799946665764 0.05518300086259842 0.06300900131464005
v 0.0562950000166893 0.047391001135110855 0.06360600143671036
v 0.05470699816942215 0.04446600005030632 0.049917999655008316
v 0.051061999052762985 0.03736399859189987 0.05249999836087227
v 0.05470699816942215 0.04446600005030632 0.049917999655008316
v 0.052549999207258224 0.04092000052332878 0.06410899758338928
v 0.05470699816942215 0.04446600005030632 0.049917999655008316
v 0.0562950000166893 0.047391001135110855 0.06360600143671036
v 0.052549999207258224 0.04092000052332878 0.06410899758338928
v 0.04878799989819527 0.032788001000881195 0.05361500009894371
v 0.051061999052762985 0.03736399859189987 0.05249999836087227
v 0.04887700080871582 0.03590900078415871 0.06460300087928772
v 0.051061999052762985 0.03736399859189987 0.05249999836087227
v 0.052549999207258224 0.04092000052332878 0.06410899758338928
v 0.04887700080871582 0.03590900078415871 0.06460300087928772
v 0.04878799989819527 0.032788001000881195 0.05361500009894371
v 0.04887700080871582 0.03590900078415871 0.06460300087928772
v 0.04470999911427498 0.03088800050318241 0.06507699936628342
v 0.04878799989819527 0.032788001000881195 0.05361500009894371
v 0.04470999911427498 0.03088800050318241 0.06507699936628342
v 0.04625599831342697 0.02724899910390377 0.054659001529216766
v 0.04625599831342697 0.02724899910390377 0.054659001529216766
v 0.04470999911427498 0.03088800050318241 0.06507699936628342
v 0.042139001190662384 0.021490000188350677 0.057002000510692596
v 0.04470999911427498 0.03088800050318241 0.06507699936628342
v 0.040137000381946564 0.025642000138759613 0.06571599841117859
v 0.042139001190662384 0.021490000188350677 0.057002000510692596
v 0.03594300150871277 0.014188000001013279 0.0578790009021759
v 0.042139001190662384 0.021490000188350677 0.057002000510692596
v 0.03355700150132179 0.019742000848054886 0.06632199883460999
v 0.042139001190662384 0.021490000188350677 0.057002000510692596
v 0.040137000381946564 0.025642000138759613 0.06571599841117859
v 0.03355700150132179 0.019742000848054886 0.06632199883460999
v 0.028804000467061996 0.011427000164985657 0.05917400121688843
v 0.03594300150871277 0.014188000001013279 0.0578790009021759
v 0.03355700150132179 0.019742000848054886 0.06632199883460999
v 0.028804000467061996 0.011427000164985657 0.05917400121688843
v 0.03355700150132179 0.019742000848054886 0.06632199883460999
v 0.02660599909722805 0.016397999599575996 0.06700900197029114
v 0.028804000467061996 0.011427000164985657 0.05917400121688843
v 0.02660599909722805 0.016397999599575996 0.06700900197029114
v 0.014630000106990337 0.008363000117242336 0.0604030005633831
v 0.02660599909722805 0.016397999599575996 0.06700900197029114
v 0.01381599996238947 0.01258699968457222 0.06721200048923492
v 0.014630000106990337 0.008363000117242336 0.0604030005633831
v 0.014630000106990337 0.008363000117242336 0.0604030005633831
v 0.01381599996238947 0.01258699968457222 0.06721200048923492
v 0.002701000077649951 0.011443999595940113 0.06765399873256683
v 0.014630000106990337 0.008363000117242336 0.0604030005633831
v 0.002701000077649951 0.011443999595940113 0.06765399873256683
v 0.0024580000899732113 0.006969999987632036 0.059953998774290085
v 0.0024580000899732113 0.006969999987632036 0.059953998774290085
v 0.002701000077649951 0.011443999595940113 0.06765399873256683
v -0.010635999962687492 0.00784400012344122 0.06036100164055824
v 0.002701000077649951 0.011443999595940113 0.06765399873256683
v -0.009995000436902046 0.012222000397741795 0.0680449977517128
v -0.010635999962687492 0.00784400012344122 0.06036100164055824
v -0.010635999962687492 0.00784400012344122 0.06036100164055824
v -0.009995000436902046 0.012222000397741795 0.0680449977517128
v -0.02092899940907955 0.010134000331163406 0.06008300185203552
v -0.009995000436902046 0.012222000397741795 0.0680449977517128
v -0.020022999495267868 0.014727000147104263 0.06806600093841553
v -0.02092899940907955 0.010134000331163406 0.06008300185203552
v -0.02092899940907955 0.010134000331163406 0.06008300185203552
v -0.020022999495267868 0.014727000147104263 0.06806600093841553
v -0.028529999777674675 0.018330000340938568 0.06751000136137009
v -0.02092899940907955 0.010134000331163406 0.06008300185203552
v -0.028529999777674675 0.018330000340938568 0.06751000136137009
v -0.030212000012397766 0.013981999829411507 0.05922599881887436
v -0.030212000012397766 0.013981999829411507 0.05922599881887436
v -0.028529999777674675 0.018330000340938568 0.06751000136137009
v -0.03821900114417076 0.019610000774264336 0.05820100009441376
v -0.028529999777674675 0.018330000340938568 0.06751000136137009
v -0.03627200052142143 0.023434000089764595 0.06685300171375275
v -0.03821900114417076 0.019610000774264336 0.05820100009441376
v -0.03821900114417076 0.019610000774264336 0.05820100009441376
v -0.03627200052142143 0.023434000089764595 0.06685300171375275
v -0.04526900127530098 0.029217999428510666 0.058664001524448395
v -0.03627200052142143 0.023434000089764595 0.06685300171375275
v -0.04399299994111061 0.03074900060892105 0.06670399755239487
v -0.04526900127530098 0.029217999428510666 0.058664001524448395
v -0.05058300122618675 0.03701400011777878 0.058063000440597534
v -0.04526900127530098 0.029217999428510666 0.058664001524448395
v -0.05013899877667427 0.03760699927806854 0.06621100008487701
v -0.04526900127530098 0.029217999428510666 0.058664001524448395
v -0.04399299994111061 0.03074900060892105 0.06670399755239487
v -0.05013899877667427 0.03760699927806854 0.06621100008487701
v -0.05058300122618675 0.03701400011777878 0.058063000440597534
v -0.05013899877667427 0.03760699927806854 0.06621100008487701
v -0.0553940013051033 0.045646000653505325 0.06596100330352783
v -0.05058300122618675 0.03701400011777878 0.058063000440597534
v -0.0553940013051033 0.045646000653505325 0.06596100330352783
v -0.05526600033044815 0.045361001044511795 0.057068999856710434
v -0.060538001358509064 0.05826399847865105 0.05603199824690819
v -0.05526600033044815 0.045361001044511795 0.057068999856710434
v -0.060245998203754425 0.05691000074148178 0.06615699827671051
v -0.05526600033044815 0.045361001044511795 0.057068999856710434
v -0.0553940013051033 0.045646000653505325 0.06596100330352783
v -0.060245998203754425 0.05691000074148178 0.06615699827671051
v -0.060538001358509064 0.05826399847865105 0.05603199824690819
v -0.060245998203754425 0.05691000074148178 0.06615699827671051
v -0.06316500157117844 0.07184600085020065 0.06587500125169754
v -0.060538001358509064 0.05826399847865105 0.05603199824690819
v -0.06316500157117844 0.07184600085020065 0.06587500125169754
v -0.06323999911546707 0.07353899627923965 0.05536000058054924
v -0.0618709996342659 0.08933000266551971 0.055195000022649765
v -0.06323999911546707 0.07353899627923965 0.05536000058054924
v -0.06227999925613403 0.08686400204896927 0.06574399769306183
v -0.06323999911546707 0.07353899627923965 0.05536000058054924
v -0.06316500157117844 0.07184600085020065 0.06587500125169754
v -0.06227999925613403 0.08686400204896927 0.06574399769306183
v -0.0618709996342659 0.08933000266551971 0.055195000022649765
v -0.06227999925613403 0.08686400204896927 0.06574399769306183
v -0.058166999369859695 0.10097800195217133 0.06599400192499161
v -0.0618709996342659 0.08933000266551971 0.055195000022649765
v -0.058166999369859695 0.10097800195217133 0.06599400192499161
v -0.05738399922847748 0.10277599841356277 0.0559220016002655
v -0.05738399922847748 0.10277599841356277 0.0559220016002655
v -0.058166999369859695 0.10097800195217133 0.06599400192499161
v -0.04834999889135361 0.1169859990477562 0.06627900153398514
v -0.05738399922847748 0.10277599841356277 0.0559220016002655
v -0.04834999889135361 0.1169859990477562 0.06627900153398514
v -0.047283999621868134 0.11814899742603302 0.057555001229047775
v -0.047283999621868134 0.11814899742603302 0.057555001229047775
v -0.04834999889135361 0.1169859990477562 0.06627900153398514
v -0.033799998462200165 0.12961700558662415 0.06752800196409225
v -0.047283999621868134 0.11814899742603302 0.057555001229047775
v -0.033799998462200165 0.12961700558662415 0.06752800196409225
v -0.03223099932074547 0.13062700629234314 0.059349000453948975
v -0.03223099932074547 0.13062700629234314 0.059349000453948975
v -0.033799998462200165 0.12961700558662415 0.06752800196409225
v -0.012493000365793705 0.13816599547863007 0.0676489993929863
v -0.03223099932074547 0.13062700629234314 0.059349000453948975
v -0.012493000365793705 0.13816599547863007 0.0676489993929863
v -0.011188000440597534 0.1383800059556961 0.06026899814605713
v -0.011188000440597534 0.1383800059556961 0.06026899814605713
v -0.012493000365793705 0.13816599547863007 0.0676489993929863
v 0.004796000197529793 0.13918399810791016 0.06810399889945984
v -0.011188000440597534 0.1383800059556961 0.06026899814605713
v 0.004796000197529793 0.13918399810791016 0.06810399889945984
v 0.005270000081509352 0.13917399942874908 0.060575999319553375
v 0.005270000081509352 0.13917399942874908 0.060575999319553375
v 0.004796000197529793 0.13918399810791016 0.06810399889945984
v 0.02453099936246872 0.13448700308799744 0.0673540011048317
v 0.005270000081509352 0.13917399942874908 0.060575999319553375
v 0.02453099936246872 0.13448700308799744 0.0673540011048317
v 0.024632999673485756 0.1344269961118698 0.06002400070428848
v 0.024632999673485756 0.1344269961118698 0.06002400070428848
v 0.02453099936246872 0.13448700308799744 0.0673540011048317
v 0.0388839989900589 0.12595699727535248 0.06726499646902084
v 0.024632999673485756 0.1344269961118698 0.06002400070428848
v 0.0388839989900589 0.12595699727535248 0.06726499646902084
v 0.03897799924015999 0.12581700086593628 0.060180000960826874
v 0.03897799924015999 0.12581700086593628 0.060180000960826874
v 0.0388839989900589 0.12595699727535248 0.06726499646902084
v 0.04769999906420708 0.11770100146532059 0.06685400009155273
v 0.03897799924015999 0.12581700086593628 0.060180000960826874
v 0.04769999906420708 0.11770100146532059 0.06685400009155273
v 0.04799799993634224 0.11734499782323837 0.05960400030016899
v 0.04799799993634224 0.11734499782323837 0.05960400030016899
v 0.04769999906420708 0.11770100146532059 0.06685400009155273
v 0.05483400076627731 0.10781099647283554 0.06588099896907806
v 0.04799799993634224 0.11734499782323837 0.05960400030016899
v 0.05483400076627731 0.10781099647283554 0.06588099896907806
v 0.05500900000333786 0.10743500292301178 0.05893599987030029
v 0.05500900000333786 0.10743500292301178 0.05893599987030029
v 0.05483400076627731 0.10781099647283554 0.06588099896907806
v 0.05982299894094467 0.09643299877643585 0.06451699882745743
v 0.05500900000333786 0.10743500292301178 0.05893599987030029
v 0.05982299894094467 0.09643299877643585 0.06451699882745743
v 0.059822000563144684 0.0961650013923645 0.056407999247312546
v 0.059822000563144684 0.0961650013923645 0.056407999247312546
v 0.05982299894094467 0.09643299877643585 0.06451699882745743
v 0.06235399842262268 0.08631599694490433 0.06350400298833847
v 0.059822000563144684 0.0961650013923645 0.056407999247312546
v 0.06235399842262268 0.08631599694490433 0.06350400298833847
v 0.062219999730587006 0.08600399643182755 0.05437999963760376
v 0.062219999730587006 0.08600399643182755 0.05437999963760376
v 0.06235399842262268 0.08631599694490433 0.06350400298833847
v 0.06324099749326706 0.0767659991979599 0.06294699758291245
v 0.062219999730587006 0.08600399643182755 0.05437999963760376
v 0.06324099749326706 0.0767659991979599 0.06294699758291245
v 0.06319700181484222 0.07766100019216537 0.05309699848294258
v 0.06319700181484222 0.07766100019216537 0.05309699848294258
v 0.06324099749326706 0.0767659991979599 0.06294699758291245
v 0.06230099871754646 0.06532499939203262 0.06259399652481079
v 0.06319700181484222 0.07766100019216537 0.05309699848294258
v 0.06230099871754646 0.06532499939203262 0.06259399652481079
v 0.06235300004482269 0.06634700298309326 0.0500670000910759
v 0.06235300004482269 0.06634700298309326 0.0500670000910759
v 0.06230099871754646 0.06532499939203262 0.06259399652481079
v 0.05967799946665764 0.05518300086259842 0.06300900131464005
v 0.06235300004482269 0.06634700298309326 0.0500670000910759
v 0.05967799946665764 0.05518300086259842 0.06300900131464005
v 0.05965299904346466 0.05570799857378006 0.04823699966073036
v -0.06134900078177452 0.06086200103163719 0.04874899983406067
v -0.060538001358509064 0.05826399847865105 0.05603199824690819
v -0.06323999911546707 0.07353899627923965 0.05536000058054924
v -0.06134900078177452 0.06086200103163719 0.04874899983406067
v -0.06323999911546707 0.07353899627923965 0.05536000058054924
v -0.06318599730730057 0.07481899857521057 0.05011799931526184
v -0.05239399895071983 0.03305799886584282 0.04984100162982941
v -0.05058300122618675 0.03701400011777878 0.058063000440597534
v -0.056150998920202255 0.04623600095510483 0.05027399957180023
v -0.05058300122618675 0.03701400011777878 0.058063000440597534
v -0.05526600033044815 0.045361001044511795 0.057068999856710434
v -0.056150998920202255 0.04623600095510483 0.05027399957180023
v -0.056150998920202255 0.04623600095510483 0.05027399957180023
v -0.05526600033044815 0.045361001044511795 0.057068999856710434
v -0.060538001358509064 0.05826399847865105 0.05603199824690819
v -0.056150998920202255 0.04623600095510483 0.05027399957180023
v -0.060538001358509064 0.05826399847865105 0.05603199824690819
v -0.06134900078177452 0.06086200103163719 0.04874899983406067
v -0.04707200080156326 0.026335999369621277 0.0537480004131794
v -0.04526900127530098 0.029217999428510666 0.058664001524448395
v -0.05239399895071983 0.03305799886584282 0.04984100162982941
v -0.04526900127530098 0.029217999428510666 0.058664001524448395
v -0.05058300122618675 0.03701400011777878 0.058063000440597534
v -0.05239399895071983 0.03305799886584282 0.04984100162982941
v 0.047759998589754105 0.02300800010561943 0.049678001552820206
v 0.05053500086069107 0.026558000594377518 0.046316999942064285
v 0.04625599831342697 0.02724899910390377 0.054659001529216766
v 0.05053500086069107 0.026558000594377518 0.046316999942064285
v 0.04878799989819527 0.032788001000881195 0.05361500009894371
v 0.04625599831342697 0.02724899910390377 0.054659001529216766
v 0.047759998589754105 0.02300800010561943 0.049678001552820206
v 0.04625599831342697 0.02724899910390377 0.054659001529216766
v 0.04320099949836731 0.019053999334573746 0.054301001131534576
v 0.04625599831342697 0.02724899910390377 0.054659001529216766
v 0.042139001190662384 0.021490000188350677 0.057002000510692596
v 0.04320099949836731 0.019053999334573746 0.054301001131534576
v 0.05208500102162361 0.03151300176978111 0.04380900040268898
v 0.054012998938560486 0.038423001766204834 0.04061499983072281
v 0.051061999052762985 0.03736399859189987 0.05249999836087227
v 0.054012998938560486 0.038423001766204834 0.04061499983072281
v 0.05470699816942215 0.04446600005030632 0.049917999655008316
v 0.051061999052762985 0.03736399859189987 0.05249999836087227
v 0.05208500102162361 0.03151300176978111 0.04380900040268898
v 0.051061999052762985 0.03736399859189987 0.05249999836087227
v 0.04878799989819527 0.032788001000881195 0.05361500009894371
v 0.05208500102162361 0.03151300176978111 0.04380900040268898
v 0.04878799989819527 0.032788001000881195 0.05361500009894371
v 0.05053500086069107 0.026558000594377518 0.046316999942064285
v -0.05239399895071983 0.03305799886584282 0.04984100162982941
v -0.056150998920202255 0.04623600095510483 0.05027399957180023
v -0.05617300048470497 0.0391709990799427 0.04470499977469444
v -0.056150998920202255 0.04623600095510483 0.05027399957180023
v -0.05871700122952461 0.05183799937367439 0.04317399859428406
v -0.05617300048470497 0.0391709990799427 0.04470499977469444
v -0.05871700122952461 0.05183799937367439 0.04317399859428406
v -0.056150998920202255 0.04623600095510483 0.05027399957180023
v -0.06134900078177452 0.06086200103163719 0.04874899983406067
v -0.05871700122952461 0.05183799937367439 0.04317399859428406
v -0.06134900078177452 0.06086200103163719 0.04874899983406067
v -0.06227400153875351 0.066041000187397 0.039372000843286514
v -0.06227400153875351 0.066041000187397 0.039372000843286514
v -0.06134900078177452 0.06086200103163719 0.04874899983406067
v -0.06318599730730057 0.07481899857521057 0.05011799931526184
v -0.06227400153875351 0.066041000187397 0.039372000843286514
v -0.06318599730730057 0.07481899857521057 0.05011799931526184
v -0.06293000280857086 0.07820100337266922 0.04156599938869476
v -0.06293000280857086 0.07820100337266922 0.04156599938869476
v -0.06318599730730057 0.07481899857521057 0.05011799931526184
v -0.0618709996342659 0.08933000266551971 0.055195000022649765
v -0.06293000280857086 0.07820100337266922 0.04156599938869476
v -0.0618709996342659 0.08933000266551971 0.055195000022649765
v -0.06098899990320206 0.09220200031995773 0.046613000333309174
v -0.06098899990320206 0.09220200031995773 0.046613000333309174
v -0.0618709996342659 0.08933000266551971 0.055195000022649765
v -0.05738399922847748 0.10277599841356277 0.0559220016002655
v -0.06098899990320206 0.09220200031995773 0.046613000333309174
v -0.05738399922847748 0.10277599841356277 0.0559220016002655
v -0.05599699914455414 0.10528799891471863 0.04868699982762337
v -0.05599699914455414 0.10528799891471863 0.04868699982762337
v -0.05738399922847748 0.10277599841356277 0.0559220016002655
v -0.047283999621868134 0.11814899742603302 0.057555001229047775
v -0.05599699914455414 0.10528799891471863 0.04868699982762337
v -0.047283999621868134 0.11814899742603302 0.057555001229047775
v -0.0456169992685318 0.11978600174188614 0.05045799911022186
v -0.0456169992685318 0.11978600174188614 0.05045799911022186
v -0.047283999621868134 0.11814899742603302 0.057555001229047775
v -0.03223099932074547 0.13062700629234314 0.059349000453948975
v -0.0456169992685318 0.11978600174188614 0.05045799911022186
v -0.03223099932074547 0.13062700629234314 0.059349000453948975
v -0.030704999342560768 0.13128000497817993 0.05154100060462952
v -0.030704999342560768 0.13128000497817993 0.05154100060462952
v -0.03223099932074547 0.13062700629234314 0.059349000453948975
v -0.011188000440597534 0.1383800059556961 0.06026899814605713
v -0.030704999342560768 0.13128000497817993 0.05154100060462952
v -0.011188000440597534 0.1383800059556961 0.06026899814605713
v -0.009829999879002571 0.1382180005311966 0.05212000012397766
v -0.009829999879002571 0.1382180005311966 0.05212000012397766
v -0.011188000440597534 0.1383800059556961 0.06026899814605713
v 0.005270000081509352 0.13917399942874908 0.060575999319553375
v -0.009829999879002571 0.1382180005311966 0.05212000012397766
v 0.005270000081509352 0.13917399942874908 0.060575999319553375
v 0.005869000218808651 0.13904699683189392 0.052345000207424164
v 0.005869000218808651 0.13904699683189392 0.052345000207424164
v 0.005270000081509352 0.13917399942874908 0.060575999319553375
v 0.024632999673485756 0.1344269961118698 0.06002400070428848
v 0.005869000218808651 0.13904699683189392 0.052345000207424164
v 0.024632999673485756 0.1344269961118698 0.06002400070428848
v 0.024765999987721443 0.13417300581932068 0.05175299942493439
v 0.024765999987721443 0.13417300581932068 0.05175299942493439
v 0.024632999673485756 0.1344269961118698 0.06002400070428848
v 0.03897799924015999 0.12581700086593628 0.060180000960826874
v 0.024765999987721443 0.13417300581932068 0.05175299942493439
v 0.03897799924015999 0.12581700086593628 0.060180000960826874
v 0.03897700086236 0.12568600475788116 0.05210699886083603
v 0.03897700086236 0.12568600475788116 0.05210699886083603
v 0.03897799924015999 0.12581700086593628 0.060180000960826874
v 0.04799799993634224 0.11734499782323837 0.05960400030016899
v 0.03897700086236 0.12568600475788116 0.05210699886083603
v 0.04799799993634224 0.11734499782323837 0.05960400030016899
v 0.048151999711990356 0.11690299957990646 0.05112199857831001
v 0.048151999711990356 0.11690299957990646 0.05112199857831001
v 0.04799799993634224 0.11734499782323837 0.05960400030016899
v 0.05500900000333786 0.10743500292301178 0.05893599987030029
v 0.048151999711990356 0.11690299957990646 0.05112199857831001
v 0.05500900000333786 0.10743500292301178 0.05893599987030029
v 0.05509300157427788 0.10712199658155441 0.05052199959754944
v 0.05509300157427788 0.10712199658155441 0.05052199959754944
v 0.05500900000333786 0.10743500292301178 0.05893599987030029
v 0.059822000563144684 0.0961650013923645 0.056407999247312546
v 0.05509300157427788 0.10712199658155441 0.05052199959754944
v 0.059822000563144684 0.0961650013923645 0.056407999247312546
v 0.05994800105690956 0.09558799862861633 0.04743900150060654
v 0.05994800105690956 0.09558799862861633 0.04743900150060654
v 0.059822000563144684 0.0961650013923645 0.056407999247312546
v 0.062219999730587006 0.08600399643182755 0.05437999963760376
v 0.05994800105690956 0.09558799862861633 0.04743900150060654
v 0.062219999730587006 0.08600399643182755 0.05437999963760376
v 0.062334999442100525 0.08586200326681137 0.0452210009098053
v 0.062334999442100525 0.08586200326681137 0.0452210009098053
v 0.062219999730587006 0.08600399643182755 0.05437999963760376
v 0.06319700181484222 0.07766100019216537 0.05309699848294258
v 0.062334999442100525 0.08586200326681137 0.0452210009098053
v 0.06319700181484222 0.07766100019216537 0.05309699848294258
v 0.06317300349473953 0.07715299725532532 0.04312700033187866
v 0.06317300349473953 0.07715299725532532 0.04312700033187866
v 0.06319700181484222 0.07766100019216537 0.05309699848294258
v 0.06235300004482269 0.06634700298309326 0.0500670000910759
v 0.06317300349473953 0.07715299725532532 0.04312700033187866
v 0.06235300004482269 0.06634700298309326 0.0500670000910759
v 0.06255999952554703 0.06780099868774414 0.039149001240730286
v 0.06255999952554703 0.06780099868774414 0.039149001240730286
v 0.06235300004482269 0.06634700298309326 0.0500670000910759
v 0.05965299904346466 0.05570799857378006 0.04823699966073036
v 0.06255999952554703 0.06780099868774414 0.039149001240730286
v 0.05965299904346466 0.05570799857378006 0.04823699966073036
v 0.06001700088381767 0.05634399875998497 0.03700000047683716
v 0.05597599968314171 0.044071998447179794 0.035307999700307846
v 0.06001700088381767 0.05634399875998497 0.03700000047683716
v 0.05965299904346466 0.05570799857378006 0.04823699966073036
v 0.05597599968314171 0.044071998447179794 0.035307999700307846
v 0.05965299904346466 0.05570799857378006 0.04823699966073036
v 0.054012998938560486 0.038423001766204834 0.04061499983072281
v 0.05597599968314171 0.044071998447179794 0.035307999700307846
v 0.057054001837968826 0.047527000308036804 0.028291000053286552
v 0.06001700088381767 0.05634399875998497 0.03700000047683716
v 0.057054001837968826 0.047527000308036804 0.028291000053286552
v 0.058768998831510544 0.05755599960684776 0.02790199965238571
v 0.06001700088381767 0.05634399875998497 0.03700000047683716
v 0.05983399972319603 0.06823600083589554 0.028672000393271446
v 0.06255999952554703 0.06780099868774414 0.039149001240730286
v 0.06001700088381767 0.05634399875998497 0.03700000047683716
v 0.05983399972319603 0.06823600083589554 0.028672000393271446
v 0.06001700088381767 0.05634399875998497 0.03700000047683716
v 0.058768998831510544 0.05755599960684776 0.02790199965238571
v 0.06063200160861015 0.07718800008296967 0.03234799951314926
v 0.06317300349473953 0.07715299725532532 0.04312700033187866
v 0.06255999952554703 0.06780099868774414 0.039149001240730286
v 0.06063200160861015 0.07718800008296967 0.03234799951314926
v 0.06255999952554703 0.06780099868774414 0.039149001240730286
v 0.05983399972319603 0.06823600083589554 0.028672000393271446
v 0.0597510002553463 0.08638100326061249 0.03505200147628784
v 0.062334999442100525 0.08586200326681137 0.0452210009098053
v 0.06317300349473953 0.07715299725532532 0.04312700033187866
v 0.0597510002553463 0.08638100326061249 0.03505200147628784
v 0.06317300349473953 0.07715299725532532 0.04312700033187866
v 0.06063200160861015 0.07718800008296967 0.03234799951314926
v 0.05799400061368942 0.09521199762821198 0.038284000009298325
v 0.05994800105690956 0.09558799862861633 0.04743900150060654
v 0.062334999442100525 0.08586200326681137 0.0452210009098053
v 0.05799400061368942 0.09521199762821198 0.038284000009298325
v 0.062334999442100525 0.08586200326681137 0.0452210009098053
v 0.0597510002553463 0.08638100326061249 0.03505200147628784
v 0.05363500118255615 0.10606099665164948 0.04119199886918068
v 0.05509300157427788 0.10712199658155441 0.05052199959754944
v 0.05994800105690956 0.09558799862861633 0.04743900150060654
v 0.05363500118255615 0.10606099665164948 0.04119199886918068
v 0.05994800105690956 0.09558799862861633 0.04743900150060654
v 0.05799400061368942 0.09521199762821198 0.038284000009298325
v 0.046918001025915146 0.11543399840593338 0.042013999074697495
v 0.048151999711990356 0.11690299957990646 0.05112199857831001
v 0.05509300157427788 0.10712199658155441 0.05052199959754944
v 0.046918001025915146 0.11543399840593338 0.042013999074697495
v 0.05509300157427788 0.10712199658155441 0.05052199959754944
v 0.05363500118255615 0.10606099665164948 0.04119199886918068
v 0.037641000002622604 0.12398000061511993 0.042514998465776443
v 0.03897700086236 0.12568600475788116 0.05210699886083603
v 0.048151999711990356 0.11690299957990646 0.05112199857831001
v 0.037641000002622604 0.12398000061511993 0.042514998465776443
v 0.048151999711990356 0.11690299957990646 0.05112199857831001
v 0.046918001025915146 0.11543399840593338 0.042013999074697495
v 0.02441900037229061 0.13152100145816803 0.04174000024795532
v 0.024765999987721443 0.13417300581932068 0.05175299942493439
v 0.03897700086236 0.12568600475788116 0.05210699886083603
v 0.02441900037229061 0.13152100145816803 0.04174000024795532
v 0.03897700086236 0.12568600475788116 0.05210699886083603
v 0.037641000002622604 0.12398000061511993 0.042514998465776443
v 0.006056999787688255 0.13606399297714233 0.04144600033760071
v 0.005869000218808651 0.13904699683189392 0.052345000207424164
v 0.024765999987721443 0.13417300581932068 0.05175299942493439
v 0.006056999787688255 0.13606399297714233 0.04144600033760071
v 0.024765999987721443 0.13417300581932068 0.05175299942493439
v 0.02441900037229061 0.13152100145816803 0.04174000024795532
v -0.009027999825775623 0.1351190060377121 0.04097500070929527
v -0.009829999879002571 0.1382180005311966 0.05212000012397766
v 0.005869000218808651 0.13904699683189392 0.052345000207424164
v -0.009027999825775623 0.1351190060377121 0.04097500070929527
v 0.005869000218808651 0.13904699683189392 0.052345000207424164
v 0.006056999787688255 0.13606399297714233 0.04144600033760071
v -0.02795100025832653 0.1293870061635971 0.041255999356508255
v -0.030704999342560768 0.13128000497817993 0.05154100060462952
v -0.009829999879002571 0.1382180005311966 0.05212000012397766
v -0.02795100025832653 0.1293870061635971 0.041255999356508255
v -0.009829999879002571 0.1382180005311966 0.05212000012397766
v -0.009027999825775623 0.1351190060377121 0.04097500070929527
v -0.04200400039553642 0.11983399838209152 0.04127199947834015
v -0.0456169992685318 0.11978600174188614 0.05045799911022186
v -0.030704999342560768 0.13128000497817993 0.05154100060462952
v -0.04200400039553642 0.11983399838209152 0.04127199947834015
v -0.030704999342560768 0.13128000497817993 0.05154100060462952
v -0.02795100025832653 0.1293870061635971 0.041255999356508255
v -0.052267998456954956 0.10728400200605392 0.040144000202417374
v -0.05599699914455414 0.10528799891471863 0.04868699982762337
v -0.0456169992685318 0.11978600174188614 0.05045799911022186
v -0.052267998456954956 0.10728400200605392 0.040144000202417374
v -0.0456169992685318 0.11978600174188614 0.05045799911022186
v -0.04200400039553642 0.11983399838209152 0.04127199947834015
v -0.05768800154328346 0.09553900361061096 0.03777400031685829
v -0.06098899990320206 0.09220200031995773 0.046613000333309174
v -0.05599699914455414 0.10528799891471863 0.04868699982762337
v -0.05768800154328346 0.09553900361061096 0.03777400031685829
v -0.05599699914455414 0.10528799891471863 0.04868699982762337
v -0.052267998456954956 0.10728400200605392 0.040144000202417374
v -0.060187000781297684 0.08172500133514404 0.033020999282598495
v -0.06293000280857086 0.07820100337266922 0.04156599938869476
v -0.06098899990320206 0.09220200031995773 0.046613000333309174
v -0.060187000781297684 0.08172500133514404 0.033020999282598495
v -0.06098899990320206 0.09220200031995773 0.046613000333309174
v -0.05768800154328346 0.09553900361061096 0.03777400031685829
v -0.06024499982595444 0.07027599960565567 0.03001900017261505
v -0.06227400153875351 0.066041000187397 0.039372000843286514
v -0.06293000280857086 0.07820100337266922 0.04156599938869476
v -0.06024499982595444 0.07027599960565567 0.03001900017261505
v -0.06293000280857086 0.07820100337266922 0.04156599938869476
v -0.060187000781297684 0.08172500133514404 0.033020999282598495
v -0.06024499982595444 0.07027599960565567 0.03001900017261505
v -0.060304999351501465 0.05682399868965149 0.0341779999434948
v -0.06227400153875351 0.066041000187397 0.039372000843286514
v -0.060304999351501465 0.05682399868965149 0.0341779999434948
v -0.05871700122952461 0.05183799937367439 0.04317399859428406
v -0.06227400153875351 0.066041000187397 0.039372000843286514
v -0.05617300048470497 0.0391709990799427 0.04470499977469444
v -0.05871700122952461 0.05183799937367439 0.04317399859428406
v -0.05862100049853325 0.0443120002746582 0.03933199867606163
v -0.05871700122952461 0.05183799937367439 0.04317399859428406
v -0.060304999351501465 0.05682399868965149 0.0341779999434948
v -0.05862100049853325 0.0443120002746582 0.03933199867606163
v 0.05685700103640556 0.05395999923348427 0.022137999534606934
v 0.05482900142669678 0.06856700032949448 0.020942000672221184
v 0.058768998831510544 0.05755599960684776 0.02790199965238571
v 0.05482900142669678 0.06856700032949448 0.020942000672221184
v 0.05983399972319603 0.06823600083589554 0.028672000393271446
v 0.058768998831510544 0.05755599960684776 0.02790199965238571
v 0.05482900142669678 0.06856700032949448 0.020942000672221184
v 0.05493000149726868 0.0769990012049675 0.02384199947118759
v 0.05983399972319603 0.06823600083589554 0.028672000393271446
v 0.05493000149726868 0.0769990012049675 0.02384199947118759
v 0.06063200160861015 0.07718800008296967 0.03234799951314926
v 0.05983399972319603 0.06823600083589554 0.028672000393271446
v 0.05493000149726868 0.0769990012049675 0.02384199947118759
v 0.05478399991989136 0.08548899739980698 0.02729099988937378
v 0.06063200160861015 0.07718800008296967 0.03234799951314926
v 0.05478399991989136 0.08548899739980698 0.02729099988937378
v 0.0597510002553463 0.08638100326061249 0.03505200147628784
v 0.06063200160861015 0.07718800008296967 0.03234799951314926
v 0.05478399991989136 0.08548899739980698 0.02729099988937378
v 0.05315700173377991 0.09438099712133408 0.03085700049996376
v 0.0597510002553463 0.08638100326061249 0.03505200147628784
v 0.05315700173377991 0.09438099712133408 0.03085700049996376
v 0.05799400061368942 0.09521199762821198 0.038284000009298325
v 0.0597510002553463 0.08638100326061249 0.03505200147628784
v 0.05315700173377991 0.09438099712133408 0.03085700049996376
v 0.04898099973797798 0.10376600176095963 0.03307799994945526
v 0.05799400061368942 0.09521199762821198 0.038284000009298325
v 0.04898099973797798 0.10376600176095963 0.03307799994945526
v 0.05363500118255615 0.10606099665164948 0.04119199886918068
v 0.05799400061368942 0.09521199762821198 0.038284000009298325
v 0.04898099973797798 0.10376600176095963 0.03307799994945526
v 0.0428990013897419 0.11226899921894073 0.034290000796318054
v 0.05363500118255615 0.10606099665164948 0.04119199886918068
v 0.0428990013897419 0.11226899921894073 0.034290000796318054
v 0.046918001025915146 0.11543399840593338 0.042013999074697495
v 0.05363500118255615 0.10606099665164948 0.04119199886918068
v 0.0428990013897419 0.11226899921894073 0.034290000796318054
v 0.03464300185441971 0.12022899836301804 0.035280998796224594
v 0.046918001025915146 0.11543399840593338 0.042013999074697495
v 0.03464300185441971 0.12022899836301804 0.035280998796224594
v 0.037641000002622604 0.12398000061511993 0.042514998465776443
v 0.046918001025915146 0.11543399840593338 0.042013999074697495
v 0.03464300185441971 0.12022899836301804 0.035280998796224594
v 0.02179500088095665 0.12585599720478058 0.03394300118088722
v 0.02441900037229061 0.13152100145816803 0.04174000024795532
v 0.03464300185441971 0.12022899836301804 0.035280998796224594
v 0.02441900037229061 0.13152100145816803 0.04174000024795532
v 0.037641000002622604 0.12398000061511993 0.042514998465776443
v 0.02179500088095665 0.12585599720478058 0.03394300118088722
v 0.0061889998614788055 0.12929099798202515 0.033500999212265015
v 0.02441900037229061 0.13152100145816803 0.04174000024795532
v 0.0061889998614788055 0.12929099798202515 0.033500999212265015
v 0.006056999787688255 0.13606399297714233 0.04144600033760071
v 0.02441900037229061 0.13152100145816803 0.04174000024795532
v 0.0061889998614788055 0.12929099798202515 0.033500999212265015
v -0.008578999899327755 0.12936100363731384 0.033805001527071
v 0.006056999787688255 0.13606399297714233 0.04144600033760071
v -0.008578999899327755 0.12936100363731384 0.033805001527071
v -0.009027999825775623 0.1351190060377121 0.04097500070929527
v 0.006056999787688255 0.13606399297714233 0.04144600033760071
v -0.008578999899327755 0.12936100363731384 0.033805001527071
v -0.024979999288916588 0.12485499680042267 0.034345999360084534
v -0.009027999825775623 0.1351190060377121 0.04097500070929527
v -0.024979999288916588 0.12485499680042267 0.034345999360084534
v -0.02795100025832653 0.1293870061635971 0.041255999356508255
v -0.009027999825775623 0.1351190060377121 0.04097500070929527
v -0.024979999288916588 0.12485499680042267 0.034345999360084534
v -0.036295998841524124 0.1173119992017746 0.033904001116752625
v -0.02795100025832653 0.1293870061635971 0.041255999356508255
v -0.036295998841524124 0.1173119992017746 0.033904001116752625
v -0.04200400039553642 0.11983399838209152 0.04127199947834015
v -0.02795100025832653 0.1293870061635971 0.041255999356508255
v -0.036295998841524124 0.1173119992017746 0.033904001116752625
v -0.04538099840283394 0.10789799690246582 0.03281800076365471
v -0.04200400039553642 0.11983399838209152 0.04127199947834015
v -0.04538099840283394 0.10789799690246582 0.03281800076365471
v -0.052267998456954956 0.10728400200605392 0.040144000202417374
v -0.04200400039553642 0.11983399838209152 0.04127199947834015
v -0.04538099840283394 0.10789799690246582 0.03281800076365471
v -0.05076799914240837 0.0970890000462532 0.030191000550985336
v -0.052267998456954956 0.10728400200605392 0.040144000202417374
v -0.05076799914240837 0.0970890000462532 0.030191000550985336
v -0.05768800154328346 0.09553900361061096 0.03777400031685829
v -0.052267998456954956 0.10728400200605392 0.040144000202417374
v -0.05076799914240837 0.0970890000462532 0.030191000550985336
v -0.05285099893808365 0.08427900075912476 0.025273000821471214
v -0.05768800154328346 0.09553900361061096 0.03777400031685829
v -0.05285099893808365 0.08427900075912476 0.025273000821471214
v -0.060187000781297684 0.08172500133514404 0.033020999282598495
v -0.05768800154328346 0.09553900361061096 0.03777400031685829
v -0.05285099893808365 0.08427900075912476 0.025273000821471214
v -0.05444600060582161 0.07337500154972076 0.02202400006353855
v -0.060187000781297684 0.08172500133514404 0.033020999282598495
v -0.05444600060582161 0.07337500154972076 0.02202400006353855
v -0.06024499982595444 0.07027599960565567 0.03001900017261505
v -0.060187000781297684 0.08172500133514404 0.033020999282598495
v -0.05444600060582161 0.07337500154972076 0.02202400006353855
v -0.05870300158858299 0.06160299852490425 0.02460400015115738
v -0.06024499982595444 0.07027599960565567 0.03001900017261505
v -0.05870300158858299 0.06160299852490425 0.02460400015115738
v -0.060304999351501465 0.05682399868965149 0.0341779999434948
v -0.06024499982595444 0.07027599960565567 0.03001900017261505
v -0.05862100049853325 0.0443120002746582 0.03933199867606163
v -0.060304999351501465 0.05682399868965149 0.0341779999434948
v -0.06095400080084801 0.05008599907159805 0.03009600006043911
v -0.060304999351501465 0.05682399868965149 0.0341779999434948
v -0.05870300158858299 0.06160299852490425 0.02460400015115738
v -0.06095400080084801 0.05008599907159805 0.03009600006043911
v -0.05955100059509277 0.05698800086975098 0.017587000504136086
v -0.06095400080084801 0.05008599907159805 0.03009600006043911
v -0.05870300158858299 0.06160299852490425 0.02460400015115738
v -0.05955100059509277 0.05698800086975098 0.017587000504136086
v -0.05870300158858299 0.06160299852490425 0.02460400015115738
v -0.05598999932408333 0.06376300007104874 0.019255999475717545
v -0.008449999615550041 0.12394999712705612 0.030551999807357788
v -0.008225000463426113 0.11449199914932251 0.02815599925816059
v -0.022644000127911568 0.12011899799108505 0.030803000554442406
v -0.008225000463426113 0.11449199914932251 0.02815599925816059
v -0.021727999672293663 0.11487899720668793 0.028723999857902527
v -0.022644000127911568 0.12011899799108505 0.030803000554442406
v -0.008511999621987343 0.10436800122261047 0.02675900049507618
v -0.020493999123573303 0.10513299703598022 0.026910999789834023
v -0.008225000463426113 0.11449199914932251 0.02815599925816059
v -0.020493999123573303 0.10513299703598022 0.026910999789834023
v -0.021727999672293663 0.11487899720668793 0.028723999857902527
v -0.008225000463426113 0.11449199914932251 0.02815599925816059
v -0.032590001821517944 0.1136069968342781 0.030267000198364258
v -0.021727999672293663 0.11487899720668793 0.028723999857902527
v -0.03233199939131737 0.10569699853658676 0.02740900032222271
v -0.021727999672293663 0.11487899720668793 0.028723999857902527
v -0.020493999123573303 0.10513299703598022 0.026910999789834023
v -0.03233199939131737 0.10569699853658676 0.02740900032222271
v -0.008542000316083431 0.09424000233411789 0.02401600033044815
v -0.019902000203728676 0.09453099966049194 0.02411000058054924
v -0.008511999621987343 0.10436800122261047 0.02675900049507618
v -0.019902000203728676 0.09453099966049194 0.02411000058054924
v -0.020493999123573303 0.10513299703598022 0.026910999789834023
v -0.008511999621987343 0.10436800122261047 0.02675900049507618
v -0.019902000203728676 0.09453099966049194 0.02411000058054924
v -0.03213600069284439 0.09502600133419037 0.024292999878525734
v -0.020493999123573303 0.10513299703598022 0.026910999789834023
v -0.03213600069284439 0.09502600133419037 0.024292999878525734
v -0.03233199939131737 0.10569699853658676 0.02740900032222271
v -0.020493999123573303 0.10513299703598022 0.026910999789834023
v -0.04053699970245361 0.1058650016784668 0.029153000563383102
v -0.03233199939131737 0.10569699853658676 0.02740900032222271
v -0.041797999292612076 0.09618499875068665 0.025418000295758247
v -0.03233199939131737 0.10569699853658676 0.02740900032222271
v -0.03213600069284439 0.09502600133419037 0.024292999878525734
v -0.041797999292612076 0.09618499875068665 0.025418000295758247
v -0.03126300126314163 0.08586499840021133 0.020617999136447906
v -0.03213600069284439 0.09502600133419037 0.024292999878525734
v -0.019902000203728676 0.09453099966049194 0.02411000058054924
v -0.03126300126314163 0.08586499840021133 0.020617999136447906
v -0.019902000203728676 0.09453099966049194 0.02411000058054924
v -0.019958000630140305 0.08583799749612808 0.020591000095009804
v -0.03126300126314163 0.08586499840021133 0.020617999136447906
v -0.04179000109434128 0.08592099696397781 0.021090999245643616
v -0.03213600069284439 0.09502600133419037 0.024292999878525734
v -0.04179000109434128 0.08592099696397781 0.021090999245643616
v -0.041797999292612076 0.09618499875068665 0.025418000295758247
v -0.03213600069284439 0.09502600133419037 0.024292999878525734
v -0.045065999031066895 0.09726399928331375 0.026916999369859695
v -0.041797999292612076 0.09618499875068665 0.025418000295758247
v -0.04705600067973137 0.08571700006723404 0.022539999336004257
v -0.041797999292612076 0.09618499875068665 0.025418000295758247
v -0.04179000109434128 0.08592099696397781 0.021090999245643616
v -0.04705600067973137 0.08571700006723404 0.022539999336004257
v -0.00865000020712614 0.08614599704742432 0.020728999748826027
v -0.019958000630140305 0.08583799749612808 0.020591000095009804
v -0.019902000203728676 0.09453099966049194 0.02411000058054924
v -0.00865000020712614 0.08614599704742432 0.020728999748826027
v -0.019902000203728676 0.09453099966049194 0.02411000058054924
v -0.008542000316083431 0.09424000233411789 0.02401600033044815
v -0.030538000166416168 0.07763300091028214 0.015971999615430832
v -0.03126300126314163 0.08586499840021133 0.020617999136447906
v -0.019958000630140305 0.08583799749612808 0.020591000095009804
v -0.030538000166416168 0.07763300091028214 0.015971999615430832
v -0.019958000630140305 0.08583799749612808 0.020591000095009804
v -0.020323000848293304 0.07795500010251999 0.016194000840187073
v -0.030538000166416168 0.07763300091028214 0.015971999615430832
v -0.04020500183105469 0.07699400186538696 0.016090000048279762
v -0.03126300126314163 0.08586499840021133 0.020617999136447906
v -0.04020500183105469 0.07699400186538696 0.016090000048279762
v -0.04179000109434128 0.08592099696397781 0.021090999245643616
v -0.03126300126314163 0.08586499840021133 0.020617999136447906
v -0.04705600067973137 0.08571700006723404 0.022539999336004257
v -0.04179000109434128 0.08592099696397781 0.021090999245643616
v -0.04811599850654602 0.07546799629926682 0.017971999943256378
v -0.04179000109434128 0.08592099696397781 0.021090999245643616
v -0.04020500183105469 0.07699400186538696 0.016090000048279762
v -0.04811599850654602 0.07546799629926682 0.017971999943256378
v -0.008662999607622623 0.07834099978208542 0.016445999965071678
v -0.020323000848293304 0.07795500010251999 0.016194000840187073
v -0.019958000630140305 0.08583799749612808 0.020591000095009804
v -0.008662999607622623 0.07834099978208542 0.016445999965071678
v -0.019958000630140305 0.08583799749612808 0.020591000095009804
v -0.00865000020712614 0.08614599704742432 0.020728999748826027
v -0.008806000463664532 0.07143700122833252 0.011532999575138092
v -0.020208999514579773 0.07130800187587738 0.011376000009477139
v -0.020323000848293304 0.07795500010251999 0.016194000840187073
v -0.008806000463664532 0.07143700122833252 0.011532999575138092
v -0.020323000848293304 0.07795500010251999 0.016194000840187073
v -0.008662999607622623 0.07834099978208542 0.016445999965071678
v -0.020208999514579773 0.07130800187587738 0.011376000009477139
v -0.029839999973773956 0.07120399922132492 0.011303000152111053
v -0.020323000848293304 0.07795500010251999 0.016194000840187073
v -0.029839999973773956 0.07120399922132492 0.011303000152111053
v -0.030538000166416168 0.07763300091028214 0.015971999615430832
v -0.020323000848293304 0.07795500010251999 0.016194000840187073
v -0.029839999973773956 0.07120399922132492 0.011303000152111053
v -0.03889000043272972 0.07022900134325027 0.011111999861896038
v -0.030538000166416168 0.07763300091028214 0.015971999615430832
v -0.03889000043272972 0.07022900134325027 0.011111999861896038
v -0.04020500183105469 0.07699400186538696 0.016090000048279762
v -0.030538000166416168 0.07763300091028214 0.015971999615430832
v -0.04811599850654602 0.07546799629926682 0.017971999943256378
v -0.04020500183105469 0.07699400186538696 0.016090000048279762
v -0.04592999815940857 0.06855499744415283 0.01224599964916706
v -0.04020500183105469 0.07699400186538696 0.016090000048279762
v -0.03889000043272972 0.07022900134325027 0.011111999861896038
v -0.04592999815940857 0.06855499744415283 0.01224599964916706
v -0.009379999712109566 0.06502600014209747 0.005541000049561262
v -0.020123999565839767 0.06481000036001205 0.005437999963760376
v -0.020208999514579773 0.07130800187587738 0.011376000009477139
v -0.009379999712109566 0.06502600014209747 0.005541000049561262
v -0.020208999514579773 0.07130800187587738 0.011376000009477139
v -0.008806000463664532 0.07143700122833252 0.011532999575138092
v -0.020123999565839767 0.06481000036001205 0.005437999963760376
v -0.029113000258803368 0.06450700014829636 0.005127000156790018
v -0.020208999514579773 0.07130800187587738 0.011376000009477139
v -0.029113000258803368 0.06450700014829636 0.005127000156790018
v -0.029839999973773956 0.07120399922132492 0.011303000152111053
v -0.020208999514579773 0.07130800187587738 0.011376000009477139
v -0.029113000258803368 0.06450700014829636 0.005127000156790018
v -0.03799699991941452 0.06420999765396118 0.005063999909907579
v -0.029839999973773956 0.07120399922132492 0.011303000152111053
v -0.03799699991941452 0.06420999765396118 0.005063999909907579
v -0.03889000043272972 0.07022900134325027 0.011111999861896038
v -0.029839999973773956 0.07120399922132492 0.011303000152111053
v -0.03799699991941452 0.06420999765396118 0.005063999909907579
v -0.04472799971699715 0.06372600048780441 0.006093000061810017
v -0.03889000043272972 0.07022900134325027 0.011111999861896038
v -0.04472799971699715 0.06372600048780441 0.006093000061810017
v -0.04592999815940857 0.06855499744415283 0.01224599964916706
v -0.03889000043272972 0.07022900134325027 0.011111999861896038
v -0.052108000963926315 0.061278000473976135 0.007792000193148851
v -0.05089699849486351 0.06572599709033966 0.013275000266730785
v -0.04472799971699715 0.06372600048780441 0.006093000061810017
v -0.05089699849486351 0.06572599709033966 0.013275000266730785
v -0.04592999815940857 0.06855499744415283 0.01224599964916706
v -0.04472799971699715 0.06372600048780441 0.006093000061810017
v 0.031530000269412994 0.11617500334978104 0.0311489999294281
v 0.029433999210596085 0.1113630011677742 0.02848600037395954
v 0.020401999354362488 0.12072800099849701 0.03049599938094616
v 0.029433999210596085 0.1113630011677742 0.02848600037395954
v 0.018679000437259674 0.11264000087976456 0.028067000210285187
v 0.020401999354362488 0.12072800099849701 0.03049599938094616
v 0.020401999354362488 0.12072800099849701 0.03049599938094616
v 0.018679000437259674 0.11264000087976456 0.028067000210285187
v 0.0054270001128315926 0.11352899670600891 0.02796499989926815
v 0.020401999354362488 0.12072800099849701 0.03049599938094616
v 0.0054270001128315926 0.11352899670600891 0.02796499989926815
v 0.0055669997818768024 0.12394499778747559 0.030232999473810196
v 0.005100000184029341 0.10402499884366989 0.026681000366806984
v 0.0054270001128315926 0.11352899670600891 0.02796499989926815
v 0.018679000437259674 0.11264000087976456 0.028067000210285187
v 0.005100000184029341 0.10402499884366989 0.026681000366806984
v 0.018679000437259674 0.11264000087976456 0.028067000210285187
v 0.01789800077676773 0.103302001953125 0.026486000046133995
v 0.018679000437259674 0.11264000087976456 0.028067000210285187
v 0.029433999210596085 0.1113630011677742 0.02848600037395954
v 0.028384000062942505 0.10265100002288818 0.02634499967098236
v 0.018679000437259674 0.11264000087976456 0.028067000210285187
v 0.028384000062942505 0.10265100002288818 0.02634499967098236
v 0.01789800077676773 0.103302001953125 0.026486000046133995
v 0.03895999863743782 0.1091110035777092 0.030186999589204788
v 0.039000000804662704 0.1018579974770546 0.026977000758051872
v 0.028384000062942505 0.10265100002288818 0.02634499967098236
v 0.03895999863743782 0.1091110035777092 0.030186999589204788
v 0.028384000062942505 0.10265100002288818 0.02634499967098236
v 0.029433999210596085 0.1113630011677742 0.02848600037395954
v 0.04832899942994118 0.09356199949979782 0.02686000056564808
v 0.03918299823999405 0.09418199956417084 0.024219000712037086
v 0.04443899914622307 0.10184899717569351 0.029002999886870384
v 0.03918299823999405 0.09418199956417084 0.024219000712037086
v 0.039000000804662704 0.1018579974770546 0.026977000758051872
v 0.04443899914622307 0.10184899717569351 0.029002999886870384
v 0.028282999992370605 0.09379500150680542 0.023847000673413277
v 0.028384000062942505 0.10265100002288818 0.02634499967098236
v 0.039000000804662704 0.1018579974770546 0.026977000758051872
v 0.028282999992370605 0.09379500150680542 0.023847000673413277
v 0.039000000804662704 0.1018579974770546 0.026977000758051872
v 0.03918299823999405 0.09418199956417084 0.024219000712037086
v 0.01789800077676773 0.103302001953125 0.026486000046133995
v 0.028384000062942505 0.10265100002288818 0.02634499967098236
v 0.028282999992370605 0.09379500150680542 0.023847000673413277
v 0.01789800077676773 0.103302001953125 0.026486000046133995
v 0.028282999992370605 0.09379500150680542 0.023847000673413277
v 0.016885999590158463 0.09357699751853943 0.023724999278783798
v 0.005067999940365553 0.0940610021352768 0.0239499993622303
v 0.005100000184029341 0.10402499884366989 0.026681000366806984
v 0.01789800077676773 0.103302001953125 0.026486000046133995
v 0.005067999940365553 0.0940610021352768 0.0239499993622303
v 0.01789800077676773 0.103302001953125 0.026486000046133995
v 0.016885999590158463 0.09357699751853943 0.023724999278783798
v 0.049842000007629395 0.08620700240135193 0.02398099936544895
v 0.04014100134372711 0.08681300282478333 0.021260999143123627
v 0.04832899942994118 0.09356199949979782 0.02686000056564808
v 0.04014100134372711 0.08681300282478333 0.021260999143123627
v 0.03918299823999405 0.09418199956417084 0.024219000712037086
v 0.04832899942994118 0.09356199949979782 0.02686000056564808
v 0.028734000399708748 0.08616100251674652 0.020639000460505486
v 0.028282999992370605 0.09379500150680542 0.023847000673413277
v 0.03918299823999405 0.09418199956417084 0.024219000712037086
v 0.028734000399708748 0.08616100251674652 0.020639000460505486
v 0.03918299823999405 0.09418199956417084 0.024219000712037086
v 0.04014100134372711 0.08681300282478333 0.021260999143123627
v 0.016885999590158463 0.09357699751853943 0.023724999278783798
v 0.028282999992370605 0.09379500150680542 0.023847000673413277
v 0.028734000399708748 0.08616100251674652 0.020639000460505486
v 0.016885999590158463 0.09357699751853943 0.023724999278783798
v 0.028734000399708748 0.08616100251674652 0.020639000460505486
v 0.01649099960923195 0.0858519971370697 0.020514000207185745
v 0.0049589998088777065 0.08597499877214432 0.02065099962055683
v 0.005067999940365553 0.0940610021352768 0.0239499993622303
v 0.016885999590158463 0.09357699751853943 0.023724999278783798
v 0.0049589998088777065 0.08597499877214432 0.02065099962055683
v 0.016885999590158463 0.09357699751853943 0.023724999278783798
v 0.01649099960923195 0.0858519971370697 0.020514000207185745
v 0.04947099834680557 0.0616380013525486 0.012179000303149223
v 0.04032199829816818 0.06601899862289429 0.008387000299990177
v 0.04052099958062172 0.0719040036201477 0.013001999817788601
v 0.04947099834680557 0.0616380013525486 0.012179000303149223
v 0.04052099958062172 0.0719040036201477 0.013001999817788601
v 0.0500900000333786 0.07013499736785889 0.017117999494075775
v 0.0500900000333786 0.07013499736785889 0.017117999494075775
v 0.04052099958062172 0.0719040036201477 0.013001999817788601
v 0.04014100134372711 0.07871299982070923 0.01698100008070469
v 0.0500900000333786 0.07013499736785889 0.017117999494075775
v 0.04014100134372711 0.07871299982070923 0.01698100008070469
v 0.050363000482320786 0.077674999833107 0.02031400054693222
v 0.02861200086772442 0.07837700098752975 0.016311999410390854
v 0.04014100134372711 0.07871299982070923 0.01698100008070469
v 0.028968999162316322 0.07223399728536606 0.012117000296711922
v 0.04014100134372711 0.07871299982070923 0.01698100008070469
v 0.04052099958062172 0.0719040036201477 0.013001999817788601
v 0.028968999162316322 0.07223399728536606 0.012117000296711922
v 0.04032199829816818 0.06601899862289429 0.008387000299990177
v 0.028713999316096306 0.06648699939250946 0.006818000227212906
v 0.028968999162316322 0.07223399728536606 0.012117000296711922
v 0.04032199829816818 0.06601899862289429 0.008387000299990177
v 0.028968999162316322 0.07223399728536606 0.012117000296711922
v 0.04052099958062172 0.0719040036201477 0.013001999817788601
v 0.015960000455379486 0.07805799692869186 0.016161000356078148
v 0.02861200086772442 0.07837700098752975 0.016311999410390854
v 0.028968999162316322 0.07223399728536606 0.012117000296711922
v 0.015960000455379486 0.07805799692869186 0.016161000356078148
v 0.028968999162316322 0.07223399728536606 0.012117000296711922
v 0.015279999934136868 0.0717490017414093 0.011761000379920006
v 0.028713999316096306 0.06648699939250946 0.006818000227212906
v 0.015478000044822693 0.06538499891757965 0.005994999781250954
v 0.015279999934136868 0.0717490017414093 0.011761000379920006
v 0.028713999316096306 0.06648699939250946 0.006818000227212906
v 0.015279999934136868 0.0717490017414093 0.011761000379920006
v 0.028968999162316322 0.07223399728536606 0.012117000296711922
v 0.00493700010702014 0.07800599932670593 0.01622699946165085
v 0.015960000455379486 0.07805799692869186 0.016161000356078148
v 0.015279999934136868 0.0717490017414093 0.011761000379920006
v 0.00493700010702014 0.07800599932670593 0.01622699946165085
v 0.015279999934136868 0.0717490017414093 0.011761000379920006
v 0.004765999969094992 0.07151500135660172 0.01154400035738945
v 0.015478000044822693 0.06538499891757965 0.005994999781250954
v 0.004207000136375427 0.06486599892377853 0.005384000018239021
v 0.004765999969094992 0.07151500135660172 0.01154400035738945
v 0.015478000044822693 0.06538499891757965 0.005994999781250954
v 0.004765999969094992 0.07151500135660172 0.01154400035738945
v 0.015279999934136868 0.0717490017414093 0.011761000379920006
v 0.050363000482320786 0.077674999833107 0.02031400054693222
v 0.04014100134372711 0.07871299982070923 0.01698100008070469
v 0.04014100134372711 0.08681300282478333 0.021260999143123627
v 0.050363000482320786 0.077674999833107 0.02031400054693222
v 0.04014100134372711 0.08681300282478333 0.021260999143123627
v 0.049842000007629395 0.08620700240135193 0.02398099936544895
v 0.028734000399708748 0.08616100251674652 0.020639000460505486
v 0.04014100134372711 0.08681300282478333 0.021260999143123627
v 0.04014100134372711 0.07871299982070923 0.01698100008070469
v 0.028734000399708748 0.08616100251674652 0.020639000460505486
v 0.04014100134372711 0.07871299982070923 0.01698100008070469
v 0.02861200086772442 0.07837700098752975 0.016311999410390854
v 0.01649099960923195 0.0858519971370697 0.020514000207185745
v 0.028734000399708748 0.08616100251674652 0.020639000460505486
v 0.02861200086772442 0.07837700098752975 0.016311999410390854
v 0.01649099960923195 0.0858519971370697 0.020514000207185745
v 0.02861200086772442 0.07837700098752975 0.016311999410390854
v 0.015960000455379486 0.07805799692869186 0.016161000356078148
v 0.00493700010702014 0.07800599932670593 0.01622699946165085
v 0.0049589998088777065 0.08597499877214432 0.02065099962055683
v 0.015960000455379486 0.07805799692869186 0.016161000356078148
v 0.0049589998088777065 0.08597499877214432 0.02065099962055683
v 0.01649099960923195 0.0858519971370697 0.020514000207185745
v 0.015960000455379486 0.07805799692869186 0.016161000356078148
v 0.0055669997818768024 0.12394499778747559 0.030232999473810196
v 0.0054270001128315926 0.11352899670600891 0.02796499989926815
v -0.008225000463426113 0.11449199914932251 0.02815599925816059
v 0.0055669997818768024 0.12394499778747559 0.030232999473810196
v -0.008225000463426113 0.11449199914932251 0.02815599925816059
v -0.008449999615550041 0.12394999712705612 0.030551999807357788
v -0.008511999621987343 0.10436800122261047 0.02675900049507618
v -0.008225000463426113 0.11449199914932251 0.02815599925816059
v 0.0054270001128315926 0.11352899670600891 0.02796499989926815
v -0.008511999621987343 0.10436800122261047 0.02675900049507618
v 0.0054270001128315926 0.11352899670600891 0.02796499989926815
v 0.005100000184029341 0.10402499884366989 0.026681000366806984
v -0.008542000316083431 0.09424000233411789 0.02401600033044815
v -0.008511999621987343 0.10436800122261047 0.02675900049507618
v 0.005100000184029341 0.10402499884366989 0.026681000366806984
v -0.008542000316083431 0.09424000233411789 0.02401600033044815
v 0.005100000184029341 0.10402499884366989 0.026681000366806984
v 0.005067999940365553 0.0940610021352768 0.0239499993622303
v -0.00865000020712614 0.08614599704742432 0.020728999748826027
v -0.008542000316083431 0.09424000233411789 0.02401600033044815
v 0.005067999940365553 0.0940610021352768 0.0239499993622303
v -0.00865000020712614 0.08614599704742432 0.020728999748826027
v 0.005067999940365553 0.0940610021352768 0.0239499993622303
v 0.0049589998088777065 0.08597499877214432 0.02065099962055683
v -0.008662999607622623 0.07834099978208542 0.016445999965071678
v -0.00865000020712614 0.08614599704742432 0.020728999748826027
v 0.0049589998088777065 0.08597499877214432 0.02065099962055683
v -0.008662999607622623 0.07834099978208542 0.016445999965071678
v 0.0049589998088777065 0.08597499877214432 0.02065099962055683
v 0.00493700010702014 0.07800599932670593 0.01622699946165085
v -0.008806000463664532 0.07143700122833252 0.011532999575138092
v -0.008662999607622623 0.07834099978208542 0.016445999965071678
v 0.004765999969094992 0.07151500135660172 0.01154400035738945
v -0.008662999607622623 0.07834099978208542 0.016445999965071678
v 0.00493700010702014 0.07800599932670593 0.01622699946165085
v 0.004765999969094992 0.07151500135660172 0.01154400035738945
v -0.009379999712109566 0.06502600014209747 0.005541000049561262
v -0.008806000463664532 0.07143700122833252 0.011532999575138092
v 0.004207000136375427 0.06486599892377853 0.005384000018239021
v -0.008806000463664532 0.07143700122833252 0.011532999575138092
v 0.004765999969094992 0.07151500135660172 0.01154400035738945
v 0.004207000136375427 0.06486599892377853 0.005384000018239021
v -0.052108000963926315 0.061278000473976135 0.007792000193148851
v -0.05955100059509277 0.05698800086975098 0.017587000504136086
v -0.05598999932408333 0.06376300007104874 0.019255999475717545
v -0.052108000963926315 0.061278000473976135 0.007792000193148851
v -0.05598999932408333 0.06376300007104874 0.019255999475717545
v -0.05089699849486351 0.06572599709033966 0.013275000266730785
v -0.04811599850654602 0.07546799629926682 0.017971999943256378
v -0.05089699849486351 0.06572599709033966 0.013275000266730785
v -0.05444600060582161 0.07337500154972076 0.02202400006353855
v -0.05089699849486351 0.06572599709033966 0.013275000266730785
v -0.05598999932408333 0.06376300007104874 0.019255999475717545
v -0.05444600060582161 0.07337500154972076 0.02202400006353855
v -0.04705600067973137 0.08571700006723404 0.022539999336004257
v -0.04811599850654602 0.07546799629926682 0.017971999943256378
v -0.05285099893808365 0.08427900075912476 0.025273000821471214
v -0.04811599850654602 0.07546799629926682 0.017971999943256378
v -0.05444600060582161 0.07337500154972076 0.02202400006353855
v -0.05285099893808365 0.08427900075912476 0.025273000821471214
v -0.045065999031066895 0.09726399928331375 0.026916999369859695
v -0.04705600067973137 0.08571700006723404 0.022539999336004257
v -0.05076799914240837 0.0970890000462532 0.030191000550985336
v -0.04705600067973137 0.08571700006723404 0.022539999336004257
v -0.05285099893808365 0.08427900075912476 0.025273000821471214
v -0.05076799914240837 0.0970890000462532 0.030191000550985336
v -0.04053699970245361 0.1058650016784668 0.029153000563383102
v -0.045065999031066895 0.09726399928331375 0.026916999369859695
v -0.04538099840283394 0.10789799690246582 0.03281800076365471
v -0.045065999031066895 0.09726399928331375 0.026916999369859695
v -0.05076799914240837 0.0970890000462532 0.030191000550985336
v -0.04538099840283394 0.10789799690246582 0.03281800076365471
v -0.032590001821517944 0.1136069968342781 0.030267000198364258
v -0.04053699970245361 0.1058650016784668 0.029153000563383102
v -0.036295998841524124 0.1173119992017746 0.033904001116752625
v -0.04053699970245361 0.1058650016784668 0.029153000563383102
v -0.04538099840283394 0.10789799690246582 0.03281800076365471
v -0.036295998841524124 0.1173119992017746 0.033904001116752625
v -0.022644000127911568 0.12011899799108505 0.030803000554442406
v -0.032590001821517944 0.1136069968342781 0.030267000198364258
v -0.024979999288916588 0.12485499680042267 0.034345999360084534
v -0.032590001821517944 0.1136069968342781 0.030267000198364258
v -0.036295998841524124 0.1173119992017746 0.033904001116752625
v -0.024979999288916588 0.12485499680042267 0.034345999360084534
v -0.008449999615550041 0.12394999712705612 0.030551999807357788
v -0.022644000127911568 0.12011899799108505 0.030803000554442406
v -0.024979999288916588 0.12485499680042267 0.034345999360084534
v -0.008449999615550041 0.12394999712705612 0.030551999807357788
v -0.024979999288916588 0.12485499680042267 0.034345999360084534
v -0.008578999899327755 0.12936100363731384 0.033805001527071
v 0.0055669997818768024 0.12394499778747559 0.030232999473810196
v -0.008449999615550041 0.12394999712705612 0.030551999807357788
v -0.008578999899327755 0.12936100363731384 0.033805001527071
v 0.0055669997818768024 0.12394499778747559 0.030232999473810196
v -0.008578999899327755 0.12936100363731384 0.033805001527071
v 0.0061889998614788055 0.12929099798202515 0.033500999212265015
v 0.020401999354362488 0.12072800099849701 0.03049599938094616
v 0.0055669997818768024 0.12394499778747559 0.030232999473810196
v 0.02179500088095665 0.12585599720478058 0.03394300118088722
v 0.0055669997818768024 0.12394499778747559 0.030232999473810196
v 0.0061889998614788055 0.12929099798202515 0.033500999212265015
v 0.02179500088095665 0.12585599720478058 0.03394300118088722
v 0.031530000269412994 0.11617500334978104 0.0311489999294281
v 0.020401999354362488 0.12072800099849701 0.03049599938094616
v 0.02179500088095665 0.12585599720478058 0.03394300118088722
v 0.031530000269412994 0.11617500334978104 0.0311489999294281
v 0.02179500088095665 0.12585599720478058 0.03394300118088722
v 0.03464300185441971 0.12022899836301804 0.035280998796224594
v 0.03895999863743782 0.1091110035777092 0.030186999589204788
v 0.031530000269412994 0.11617500334978104 0.0311489999294281
v 0.0428990013897419 0.11226899921894073 0.034290000796318054
v 0.031530000269412994 0.11617500334978104 0.0311489999294281
v 0.03464300185441971 0.12022899836301804 0.035280998796224594
v 0.0428990013897419 0.11226899921894073 0.034290000796318054
v 0.04443899914622307 0.10184899717569351 0.029002999886870384
v 0.03895999863743782 0.1091110035777092 0.030186999589204788
v 0.04898099973797798 0.10376600176095963 0.03307799994945526
v 0.03895999863743782 0.1091110035777092 0.030186999589204788
v 0.0428990013897419 0.11226899921894073 0.034290000796318054
v 0.04898099973797798 0.10376600176095963 0.03307799994945526
v 0.04832899942994118 0.09356199949979782 0.02686000056564808
v 0.04443899914622307 0.10184899717569351 0.029002999886870384
v 0.05315700173377991 0.09438099712133408 0.03085700049996376
v 0.04443899914622307 0.10184899717569351 0.029002999886870384
v 0.04898099973797798 0.10376600176095963 0.03307799994945526
v 0.05315700173377991 0.09438099712133408 0.03085700049996376
v 0.049842000007629395 0.08620700240135193 0.02398099936544895
v 0.04832899942994118 0.09356199949979782 0.02686000056564808
v 0.05478399991989136 0.08548899739980698 0.02729099988937378
v 0.04832899942994118 0.09356199949979782 0.02686000056564808
v 0.05315700173377991 0.09438099712133408 0.03085700049996376
v 0.05478399991989136 0.08548899739980698 0.02729099988937378
v 0.050363000482320786 0.077674999833107 0.02031400054693222
v 0.049842000007629395 0.08620700240135193 0.02398099936544895
v 0.05493000149726868 0.0769990012049675 0.02384199947118759
v 0.049842000007629395 0.08620700240135193 0.02398099936544895
v 0.05478399991989136 0.08548899739980698 0.02729099988937378
v 0.05493000149726868 0.0769990012049675 0.02384199947118759
v 0.0500900000333786 0.07013499736785889 0.017117999494075775
v 0.050363000482320786 0.077674999833107 0.02031400054693222
v 0.05482900142669678 0.06856700032949448 0.020942000672221184
v 0.050363000482320786 0.077674999833107 0.02031400054693222
v 0.05493000149726868 0.0769990012049675 0.02384199947118759
v 0.05482900142669678 0.06856700032949448 0.020942000672221184
v 0.04947099834680557 0.0616380013525486 0.012179000303149223
v 0.0500900000333786 0.07013499736785889 0.017117999494075775
v 0.05371500179171562 0.05886299908161163 0.01649400033056736
v 0.0500900000333786 0.07013499736785889 0.017117999494075775
v 0.05482900142669678 0.06856700032949448 0.020942000672221184
v 0.05371500179171562 0.05886299908161163 0.01649400033056736
v 0.02887599915266037 0.06064600124955177 0.001075000036507845
v 0.015985000878572464 0.06026500090956688 0.0012120000319555402
v 0.015478000044822693 0.06538499891757965 0.005994999781250954
v 0.02887599915266037 0.06064600124955177 0.001075000036507845
v 0.015478000044822693 0.06538499891757965 0.005994999781250954
v 0.028713999316096306 0.06648699939250946 0.006818000227212906
v 0.015985000878572464 0.06026500090956688 0.0012120000319555402
v 0.0044109998270869255 0.060586001724004745 0.0016720000421628356
v 0.015478000044822693 0.06538499891757965 0.005994999781250954
v 0.0044109998270869255 0.060586001724004745 0.0016720000421628356
v 0.004207000136375427 0.06486599892377853 0.005384000018239021
v 0.015478000044822693 0.06538499891757965 0.005994999781250954
v 0.0044109998270869255 0.060586001724004745 0.0016720000421628356
v -0.008988999761641026 0.061115000396966934 0.00204299995675683
v 0.004207000136375427 0.06486599892377853 0.005384000018239021
v -0.008988999761641026 0.061115000396966934 0.00204299995675683
v -0.009379999712109566 0.06502600014209747 0.005541000049561262
v 0.004207000136375427 0.06486599892377853 0.005384000018239021
v -0.008988999761641026 0.061115000396966934 0.00204299995675683
v -0.019582999870181084 0.061553001403808594 0.0023240000009536743
v -0.009379999712109566 0.06502600014209747 0.005541000049561262
v -0.019582999870181084 0.061553001403808594 0.0023240000009536743
v -0.020123999565839767 0.06481000036001205 0.005437999963760376
v -0.009379999712109566 0.06502600014209747 0.005541000049561262
v -0.019582999870181084 0.061553001403808594 0.0023240000009536743
v -0.028838999569416046 0.06135199964046478 0.002096999902278185
v -0.020123999565839767 0.06481000036001205 0.005437999963760376
v -0.028838999569416046 0.06135199964046478 0.002096999902278185
v -0.029113000258803368 0.06450700014829636 0.005127000156790018
v -0.020123999565839767 0.06481000036001205 0.005437999963760376
v -0.028838999569416046 0.06135199964046478 0.002096999902278185
v -0.03764599934220314 0.06110300123691559 0.0019120000069960952
v -0.029113000258803368 0.06450700014829636 0.005127000156790018
v -0.03764599934220314 0.06110300123691559 0.0019120000069960952
v -0.03799699991941452 0.06420999765396118 0.005063999909907579
v -0.029113000258803368 0.06450700014829636 0.005127000156790018
v -0.03764599934220314 0.06110300123691559 0.0019120000069960952
v -0.044861000031232834 0.0610090009868145 0.003014999907463789
v -0.03799699991941452 0.06420999765396118 0.005063999909907579
v -0.044861000031232834 0.0610090009868145 0.003014999907463789
v -0.04472799971699715 0.06372600048780441 0.006093000061810017
v -0.03799699991941452 0.06420999765396118 0.005063999909907579
v -0.04473600164055824 0.05424400046467781 0.003570999950170517
v -0.043501999229192734 0.05177700147032738 0.013201000168919563
v -0.05081599950790405 0.05384200066328049 0.006707000080496073
v -0.043501999229192734 0.05177700147032738 0.013201000168919563
v -0.049129001796245575 0.05172400176525116 0.01332200039178133
v -0.05081599950790405 0.05384200066328049 0.006707000080496073
v -0.05626799911260605 0.051545001566410065 0.015982000157237053
v -0.049129001796245575 0.05172400176525116 0.01332200039178133
v -0.04922100156545639 0.04594799876213074 0.022919999435544014
v -0.05626799911260605 0.051545001566410065 0.015982000157237053
v -0.04922100156545639 0.04594799876213074 0.022919999435544014
v -0.05614500120282173 0.04628400132060051 0.026693999767303467
v -0.043122999370098114 0.04634400084614754 0.02260899916291237
v -0.04922100156545639 0.04594799876213074 0.022919999435544014
v -0.049129001796245575 0.05172400176525116 0.01332200039178133
v -0.043122999370098114 0.04634400084614754 0.02260899916291237
v -0.049129001796245575 0.05172400176525116 0.01332200039178133
v -0.043501999229192734 0.05177700147032738 0.013201000168919563
v -0.05423500016331673 0.04165799915790558 0.033344998955726624
v -0.05614500120282173 0.04628400132060051 0.026693999767303467
v -0.04814799875020981 0.041269998997449875 0.03075299970805645
v -0.05614500120282173 0.04628400132060051 0.026693999767303467
v -0.04922100156545639 0.04594799876213074 0.022919999435544014
v -0.04814799875020981 0.041269998997449875 0.03075299970805645
v -0.042583998292684555 0.0419670008122921 0.02990099973976612
v -0.04814799875020981 0.041269998997449875 0.03075299970805645
v -0.04922100156545639 0.04594799876213074 0.022919999435544014
v -0.042583998292684555 0.0419670008122921 0.02990099973976612
v -0.04922100156545639 0.04594799876213074 0.022919999435544014
v -0.043122999370098114 0.04634400084614754 0.02260899916291237
v -0.05155999958515167 0.03591899946331978 0.03975500166416168
v -0.05423500016331673 0.04165799915790558 0.033344998955726624
v -0.0472479984164238 0.036635998636484146 0.038502998650074005
v -0.05423500016331673 0.04165799915790558 0.033344998955726624
v -0.04814799875020981 0.041269998997449875 0.03075299970805645
v -0.0472479984164238 0.036635998636484146 0.038502998650074005
v -0.04266500100493431 0.03693599998950958 0.038284000009298325
v -0.0472479984164238 0.036635998636484146 0.038502998650074005
v -0.04814799875020981 0.041269998997449875 0.03075299970805645
v -0.04266500100493431 0.03693599998950958 0.038284000009298325
v -0.04814799875020981 0.041269998997449875 0.03075299970805645
v -0.042583998292684555 0.0419670008122921 0.02990099973976612
v -0.04799399897456169 0.030587000772356987 0.04394499957561493
v -0.0472479984164238 0.036635998636484146 0.038502998650074005
v -0.04278700053691864 0.0312890000641346 0.043095000088214874
v -0.0472479984164238 0.036635998636484146 0.038502998650074005
v -0.04266500100493431 0.03693599998950958 0.038284000009298325
v -0.04278700053691864 0.0312890000641346 0.043095000088214874
v -0.0370509997010231 0.025380000472068787 0.04667999967932701
v -0.043303001672029495 0.02544100023806095 0.04707600176334381
v -0.04278700053691864 0.0312890000641346 0.043095000088214874
v -0.0370509997010231 0.025380000472068787 0.04667999967932701
v -0.04278700053691864 0.0312890000641346 0.043095000088214874
v -0.03711799904704094 0.0315760001540184 0.042771998792886734
v -0.03711799904704094 0.0315760001540184 0.042771998792886734
v -0.04278700053691864 0.0312890000641346 0.043095000088214874
v -0.04266500100493431 0.03693599998950958 0.038284000009298325
v -0.03711799904704094 0.0315760001540184 0.042771998792886734
v -0.04266500100493431 0.03693599998950958 0.038284000009298325
v -0.036580998450517654 0.037696000188589096 0.03737400099635124
v -0.036580998450517654 0.037696000188589096 0.03737400099635124
v -0.04266500100493431 0.03693599998950958 0.038284000009298325
v -0.042583998292684555 0.0419670008122921 0.02990099973976612
v -0.036580998450517654 0.037696000188589096 0.03737400099635124
v -0.042583998292684555 0.0419670008122921 0.02990099973976612
v -0.03674200177192688 0.04224500060081482 0.02976199984550476
v -0.03674200177192688 0.04224500060081482 0.02976199984550476
v -0.042583998292684555 0.0419670008122921 0.02990099973976612
v -0.043122999370098114 0.04634400084614754 0.02260899916291237
v -0.03674200177192688 0.04224500060081482 0.02976199984550476
v -0.043122999370098114 0.04634400084614754 0.02260899916291237
v -0.03669799864292145 0.046783000230789185 0.022230999544262886
v -0.03669799864292145 0.046783000230789185 0.022230999544262886
v -0.043122999370098114 0.04634400084614754 0.02260899916291237
v -0.036935001611709595 0.0514490008354187 0.013667999766767025
v -0.043122999370098114 0.04634400084614754 0.02260899916291237
v -0.043501999229192734 0.05177700147032738 0.013201000168919563
v -0.036935001611709595 0.0514490008354187 0.013667999766767025
v -0.03786899894475937 0.05421200022101402 0.0026710000820457935
v -0.036935001611709595 0.0514490008354187 0.013667999766767025
v -0.043501999229192734 0.05177700147032738 0.013201000168919563
v -0.03786899894475937 0.05421200022101402 0.0026710000820457935
v -0.043501999229192734 0.05177700147032738 0.013201000168919563
v -0.04473600164055824 0.05424400046467781 0.003570999950170517
v -0.02945699915289879 0.05448000133037567 0.002483000047504902
v -0.02947399951517582 0.051688000559806824 0.012997999787330627
v -0.03786899894475937 0.05421200022101402 0.0026710000820457935
v -0.02947399951517582 0.051688000559806824 0.012997999787330627
v -0.036935001611709595 0.0514490008354187 0.013667999766767025
v -0.03786899894475937 0.05421200022101402 0.0026710000820457935
v -0.02947399951517582 0.051688000559806824 0.012997999787330627
v -0.029777999967336655 0.047109998762607574 0.02203500084578991
v -0.036935001611709595 0.0514490008354187 0.013667999766767025
v -0.029777999967336655 0.047109998762607574 0.02203500084578991
v -0.03669799864292145 0.046783000230789185 0.022230999544262886
v -0.036935001611709595 0.0514490008354187 0.013667999766767025
v -0.029777999967336655 0.047109998762607574 0.02203500084578991
v -0.029721999540925026 0.04256200045347214 0.029614999890327454
v -0.03669799864292145 0.046783000230789185 0.022230999544262886
v -0.029721999540925026 0.04256200045347214 0.029614999890327454
v -0.03674200177192688 0.04224500060081482 0.02976199984550476
v -0.03669799864292145 0.046783000230789185 0.022230999544262886
v -0.029721999540925026 0.04256200045347214 0.029614999890327454
v -0.02958899922668934 0.03806700184941292 0.0371210016310215
v -0.03674200177192688 0.04224500060081482 0.02976199984550476
v -0.02958899922668934 0.03806700184941292 0.0371210016310215
v -0.036580998450517654 0.037696000188589096 0.03737400099635124
v -0.03674200177192688 0.04224500060081482 0.02976199984550476
v -0.02958899922668934 0.03806700184941292 0.0371210016310215
v -0.029753999784588814 0.03162600100040436 0.04259900003671646
v -0.036580998450517654 0.037696000188589096 0.03737400099635124
v -0.029753999784588814 0.03162600100040436 0.04259900003671646
v -0.03711799904704094 0.0315760001540184 0.042771998792886734
v -0.036580998450517654 0.037696000188589096 0.03737400099635124
v -0.029753999784588814 0.03162600100040436 0.04259900003671646
v -0.029910000041127205 0.025456000119447708 0.04675399884581566
v -0.03711799904704094 0.0315760001540184 0.042771998792886734
v -0.029910000041127205 0.025456000119447708 0.04675399884581566
v -0.0370509997010231 0.025380000472068787 0.04667999967932701
v -0.03711799904704094 0.0315760001540184 0.042771998792886734
v -0.029910000041127205 0.025456000119447708 0.04675399884581566
v -0.0302520003169775 0.018633000552654266 0.04981200024485588
v -0.037025000900030136 0.019703000783920288 0.04989299923181534
v -0.029910000041127205 0.025456000119447708 0.04675399884581566
v -0.037025000900030136 0.019703000783920288 0.04989299923181534
v -0.0370509997010231 0.025380000472068787 0.04667999967932701
v -0.05862100049853325 0.0443120002746582 0.03933199867606163
v -0.06095400080084801 0.05008599907159805 0.03009600006043911
v -0.05719099938869476 0.04138199985027313 0.03624400123953819
v -0.06095400080084801 0.05008599907159805 0.03009600006043911
v -0.05971100181341171 0.04738900065422058 0.02791599929332733
v -0.05719099938869476 0.04138199985027313 0.03624400123953819
v -0.05719099938869476 0.04138199985027313 0.03624400123953819
v -0.05971100181341171 0.04738900065422058 0.02791599929332733
v -0.05423500016331673 0.04165799915790558 0.033344998955726624
v -0.05971100181341171 0.04738900065422058 0.02791599929332733
v -0.05614500120282173 0.04628400132060051 0.026693999767303467
v -0.05423500016331673 0.04165799915790558 0.033344998955726624
v -0.05626799911260605 0.051545001566410065 0.015982000157237053
v -0.05614500120282173 0.04628400132060051 0.026693999767303467
v -0.05971100181341171 0.04738900065422058 0.02791599929332733
v -0.05626799911260605 0.051545001566410065 0.015982000157237053
v -0.05971100181341171 0.04738900065422058 0.02791599929332733
v -0.05893300101161003 0.0539029985666275 0.01625099964439869
v -0.05893300101161003 0.0539029985666275 0.01625099964439869
v -0.05971100181341171 0.04738900065422058 0.02791599929332733
v -0.05955100059509277 0.05698800086975098 0.017587000504136086
v -0.05971100181341171 0.04738900065422058 0.02791599929332733
v -0.06095400080084801 0.05008599907159805 0.03009600006043911
v -0.05955100059509277 0.05698800086975098 0.017587000504136086
v -0.05081599950790405 0.05384200066328049 0.006707000080496073
v -0.05626799911260605 0.051545001566410065 0.015982000157237053
v -0.05209299921989441 0.056710001081228256 0.005772999953478575
v -0.05626799911260605 0.051545001566410065 0.015982000157237053
v -0.05893300101161003 0.0539029985666275 0.01625099964439869
v -0.05209299921989441 0.056710001081228256 0.005772999953478575
v -0.05209299921989441 0.056710001081228256 0.005772999953478575
v -0.05893300101161003 0.0539029985666275 0.01625099964439869
v -0.052108000963926315 0.061278000473976135 0.007792000193148851
v -0.05893300101161003 0.0539029985666275 0.01625099964439869
v -0.05955100059509277 0.05698800086975098 0.017587000504136086
v -0.052108000963926315 0.061278000473976135 0.007792000193148851
v -0.045434001833200455 0.05691299960017204 0.001988000003620982
v -0.05209299921989441 0.056710001081228256 0.005772999953478575
v -0.044861000031232834 0.0610090009868145 0.003014999907463789
v -0.05209299921989441 0.056710001081228256 0.005772999953478575
v -0.052108000963926315 0.061278000473976135 0.007792000193148851
v -0.044861000031232834 0.0610090009868145 0.003014999907463789
v -0.04473600164055824 0.05424400046467781 0.003570999950170517
v -0.05081599950790405 0.05384200066328049 0.006707000080496073
v -0.045434001833200455 0.05691299960017204 0.001988000003620982
v -0.05081599950790405 0.05384200066328049 0.006707000080496073
v -0.05209299921989441 0.056710001081228256 0.005772999953478575
v -0.045434001833200455 0.05691299960017204 0.001988000003620982
v -0.03786899894475937 0.05421200022101402 0.0026710000820457935
v -0.04473600164055824 0.05424400046467781 0.003570999950170517
v -0.037985000759363174 0.056853998452425 0.000914999982342124
v -0.04473600164055824 0.05424400046467781 0.003570999950170517
v -0.045434001833200455 0.05691299960017204 0.001988000003620982
v -0.037985000759363174 0.056853998452425 0.000914999982342124
v -0.037985000759363174 0.056853998452425 0.000914999982342124
v -0.045434001833200455 0.05691299960017204 0.001988000003620982
v -0.044861000031232834 0.0610090009868145 0.003014999907463789
v -0.037985000759363174 0.056853998452425 0.000914999982342124
v -0.044861000031232834 0.0610090009868145 0.003014999907463789
v -0.03764599934220314 0.06110300123691559 0.0019120000069960952
v -0.02917099930346012 0.057367000728845596 0.0010369999799877405
v -0.037985000759363174 0.056853998452425 0.000914999982342124
v -0.03764599934220314 0.06110300123691559 0.0019120000069960952
v -0.02917099930346012 0.057367000728845596 0.0010369999799877405
v -0.03764599934220314 0.06110300123691559 0.0019120000069960952
v -0.028838999569416046 0.06135199964046478 0.002096999902278185
v -0.02945699915289879 0.05448000133037567 0.002483000047504902
v -0.03786899894475937 0.05421200022101402 0.0026710000820457935
v -0.037985000759363174 0.056853998452425 0.000914999982342124
v -0.02945699915289879 0.05448000133037567 0.002483000047504902
v -0.037985000759363174 0.056853998452425 0.000914999982342124
v -0.02917099930346012 0.057367000728845596 0.0010369999799877405
v -0.05471299961209297 0.03644299879670143 0.041166000068187714
v -0.05719099938869476 0.04138199985027313 0.03624400123953819
v -0.05155999958515167 0.03591899946331978 0.03975500166416168
v -0.05719099938869476 0.04138199985027313 0.03624400123953819
v -0.05423500016331673 0.04165799915790558 0.033344998955726624
v -0.05155999958515167 0.03591899946331978 0.03975500166416168
v -0.05617300048470497 0.0391709990799427 0.04470499977469444
v -0.05862100049853325 0.0443120002746582 0.03933199867606163
v -0.05719099938869476 0.04138199985027313 0.03624400123953819
v -0.05617300048470497 0.0391709990799427 0.04470499977469444
v -0.05719099938869476 0.04138199985027313 0.03624400123953819
v -0.05471299961209297 0.03644299879670143 0.041166000068187714
v -0.05239399895071983 0.03305799886584282 0.04984100162982941
v -0.05617300048470497 0.0391709990799427 0.04470499977469444
v -0.05471299961209297 0.03644299879670143 0.041166000068187714
v -0.05239399895071983 0.03305799886584282 0.04984100162982941
v -0.05471299961209297 0.03644299879670143 0.041166000068187714
v -0.051079001277685165 0.03066599927842617 0.045802000910043716
v -0.051079001277685165 0.03066599927842617 0.045802000910043716
v -0.05471299961209297 0.03644299879670143 0.041166000068187714
v -0.05155999958515167 0.03591899946331978 0.03975500166416168
v -0.051079001277685165 0.03066599927842617 0.045802000910043716
v -0.05155999958515167 0.03591899946331978 0.03975500166416168
v -0.04799399897456169 0.030587000772356987 0.04394499957561493
v -0.04608599841594696 0.024721000343561172 0.049396999180316925
v -0.051079001277685165 0.03066599927842617 0.045802000910043716
v -0.04799399897456169 0.030587000772356987 0.04394499957561493
v -0.04608599841594696 0.024721000343561172 0.049396999180316925
v -0.04799399897456169 0.030587000772356987 0.04394499957561493
v -0.043303001672029495 0.02544100023806095 0.04707600176334381
v -0.04707200080156326 0.026335999369621277 0.0537480004131794
v -0.05239399895071983 0.03305799886584282 0.04984100162982941
v -0.051079001277685165 0.03066599927842617 0.045802000910043716
v -0.04707200080156326 0.026335999369621277 0.0537480004131794
v -0.051079001277685165 0.03066599927842617 0.045802000910043716
v -0.04608599841594696 0.024721000343561172 0.049396999180316925
v -0.03821900114417076 0.019610000774264336 0.05820100009441376
v -0.04707200080156326 0.026335999369621277 0.0537480004131794
v -0.03883099928498268 0.01812399923801422 0.0526529997587204
v -0.04707200080156326 0.026335999369621277 0.0537480004131794
v -0.04608599841594696 0.024721000343561172 0.049396999180316925
v -0.03883099928498268 0.01812399923801422 0.0526529997587204
v -0.03883099928498268 0.01812399923801422 0.0526529997587204
v -0.04608599841594696 0.024721000343561172 0.049396999180316925
v -0.043303001672029495 0.02544100023806095 0.04707600176334381
v -0.03883099928498268 0.01812399923801422 0.0526529997587204
v -0.043303001672029495 0.02544100023806095 0.04707600176334381
v -0.037025000900030136 0.019703000783920288 0.04989299923181534
v -0.03049200028181076 0.012870999984443188 0.0546719990670681
v -0.03883099928498268 0.01812399923801422 0.0526529997587204
v -0.030301999300718307 0.015022000297904015 0.05177599936723709
v -0.03883099928498268 0.01812399923801422 0.0526529997587204
v -0.037025000900030136 0.019703000783920288 0.04989299923181534
v -0.030301999300718307 0.015022000297904015 0.05177599936723709
v -0.030212000012397766 0.013981999829411507 0.05922599881887436
v -0.03821900114417076 0.019610000774264336 0.05820100009441376
v -0.03049200028181076 0.012870999984443188 0.0546719990670681
v -0.03821900114417076 0.019610000774264336 0.05820100009441376
v -0.03883099928498268 0.01812399923801422 0.0526529997587204
v -0.03049200028181076 0.012870999984443188 0.0546719990670681
v -0.02092899940907955 0.010134000331163406 0.06008300185203552
v -0.030212000012397766 0.013981999829411507 0.05922599881887436
v -0.021170999854803085 0.009208999574184418 0.05615999922156334
v -0.030212000012397766 0.013981999829411507 0.05922599881887436
v -0.03049200028181076 0.012870999984443188 0.0546719990670681
v -0.021170999854803085 0.009208999574184418 0.05615999922156334
v -0.021170999854803085 0.009208999574184418 0.05615999922156334
v -0.03049200028181076 0.012870999984443188 0.0546719990670681
v -0.021020999178290367 0.0107829999178648 0.05289199948310852
v -0.03049200028181076 0.012870999984443188 0.0546719990670681
v -0.030301999300718307 0.015022000297904015 0.05177599936723709
v -0.021020999178290367 0.0107829999178648 0.05289199948310852
v -0.02084299921989441 0.017007999122142792 0.05019799992442131
v -0.021020999178290367 0.0107829999178648 0.05289199948310852
v -0.030301999300718307 0.015022000297904015 0.05177599936723709
v -0.02084299921989441 0.017007999122142792 0.05019799992442131
v -0.030301999300718307 0.015022000297904015 0.05177599936723709
v -0.0302520003169775 0.018633000552654266 0.04981200024485588
v -0.020529000088572502 0.025256000459194183 0.046629998832941055
v -0.02084299921989441 0.017007999122142792 0.05019799992442131
v -0.0302520003169775 0.018633000552654266 0.04981200024485588
v -0.020529000088572502 0.025256000459194183 0.046629998832941055
v -0.0302520003169775 0.018633000552654266 0.04981200024485588
v -0.029910000041127205 0.025456000119447708 0.04675399884581566
v -0.02031099982559681 0.03199499845504761 0.042344000190496445
v -0.020529000088572502 0.025256000459194183 0.046629998832941055
v -0.029753999784588814 0.03162600100040436 0.04259900003671646
v -0.020529000088572502 0.025256000459194183 0.046629998832941055
v -0.029910000041127205 0.025456000119447708 0.04675399884581566
v -0.029753999784588814 0.03162600100040436 0.04259900003671646
v -0.01982700079679489 0.038353998214006424 0.036977000534534454
v -0.02031099982559681 0.03199499845504761 0.042344000190496445
v -0.02958899922668934 0.03806700184941292 0.0371210016310215
v -0.02031099982559681 0.03199499845504761 0.042344000190496445
v -0.029753999784588814 0.03162600100040436 0.04259900003671646
v -0.02958899922668934 0.03806700184941292 0.0371210016310215
v -0.019856000319123268 0.04287400096654892 0.0296229999512434
v -0.01982700079679489 0.038353998214006424 0.036977000534534454
v -0.029721999540925026 0.04256200045347214 0.029614999890327454
v -0.01982700079679489 0.038353998214006424 0.036977000534534454
v -0.02958899922668934 0.03806700184941292 0.0371210016310215
v -0.029721999540925026 0.04256200045347214 0.029614999890327454
v -0.020258000120520592 0.04761200025677681 0.0217250008136034
v -0.019856000319123268 0.04287400096654892 0.0296229999512434
v -0.029777999967336655 0.047109998762607574 0.02203500084578991
v -0.019856000319123268 0.04287400096654892 0.0296229999512434
v -0.029721999540925026 0.04256200045347214 0.029614999890327454
v -0.029777999967336655 0.047109998762607574 0.02203500084578991
v -0.020089000463485718 0.05155999958515167 0.012930000200867653
v -0.020258000120520592 0.04761200025677681 0.0217250008136034
v -0.02947399951517582 0.051688000559806824 0.012997999787330627
v -0.020258000120520592 0.04761200025677681 0.0217250008136034
v -0.029777999967336655 0.047109998762607574 0.02203500084578991
v -0.02947399951517582 0.051688000559806824 0.012997999787330627
v -0.02007400058209896 0.05431300029158592 0.002383999992161989
v -0.020089000463485718 0.05155999958515167 0.012930000200867653
v -0.02945699915289879 0.05448000133037567 0.002483000047504902
v -0.020089000463485718 0.05155999958515167 0.012930000200867653
v -0.02947399951517582 0.051688000559806824 0.012997999787330627
v -0.02945699915289879 0.05448000133037567 0.002483000047504902
v -0.02007400058209896 0.05431300029158592 0.002383999992161989
v -0.02945699915289879 0.05448000133037567 0.002483000047504902
v -0.02917099930346012 0.057367000728845596 0.0010369999799877405
v -0.02007400058209896 0.05431300029158592 0.002383999992161989
v -0.02917099930346012 0.057367000728845596 0.0010369999799877405
v -0.019847000017762184 0.057388998568058014 0.0007689999765716493
v -0.019847000017762184 0.057388998568058014 0.0007689999765716493
v -0.02917099930346012 0.057367000728845596 0.0010369999799877405
v -0.028838999569416046 0.06135199964046478 0.002096999902278185
v -0.019847000017762184 0.057388998568058014 0.0007689999765716493
v -0.028838999569416046 0.06135199964046478 0.002096999902278185
v -0.019582999870181084 0.061553001403808594 0.0023240000009536743
v -0.010635999962687492 0.00784400012344122 0.06036100164055824
v -0.02092899940907955 0.010134000331163406 0.06008300185203552
v -0.010720999911427498 0.006988999899476767 0.05634099990129471
v -0.02092899940907955 0.010134000331163406 0.06008300185203552
v -0.021170999854803085 0.009208999574184418 0.05615999922156334
v -0.010720999911427498 0.006988999899476767 0.05634099990129471
v -0.010720999911427498 0.006988999899476767 0.05634099990129471
v -0.021170999854803085 0.009208999574184418 0.05615999922156334
v -0.010533999651670456 0.009053000248968601 0.053018998354673386
v -0.021170999854803085 0.009208999574184418 0.05615999922156334
v -0.021020999178290367 0.0107829999178648 0.05289199948310852
v -0.010533999651670456 0.009053000248968601 0.053018998354673386
v -0.010255999863147736 0.01670899987220764 0.05043099820613861
v -0.010533999651670456 0.009053000248968601 0.053018998354673386
v -0.021020999178290367 0.0107829999178648 0.05289199948310852
v -0.010255999863147736 0.01670899987220764 0.05043099820613861
v -0.021020999178290367 0.0107829999178648 0.05289199948310852
v -0.02084299921989441 0.017007999122142792 0.05019799992442131
v -0.009922999888658524 0.025293000042438507 0.04684799909591675
v -0.010255999863147736 0.01670899987220764 0.05043099820613861
v -0.020529000088572502 0.025256000459194183 0.046629998832941055
v -0.010255999863147736 0.01670899987220764 0.05043099820613861
v -0.02084299921989441 0.017007999122142792 0.05019799992442131
v -0.020529000088572502 0.025256000459194183 0.046629998832941055
v -0.009704000316560268 0.0321430005133152 0.042419999837875366
v -0.009922999888658524 0.025293000042438507 0.04684799909591675
v -0.02031099982559681 0.03199499845504761 0.042344000190496445
v -0.009922999888658524 0.025293000042438507 0.04684799909591675
v -0.020529000088572502 0.025256000459194183 0.046629998832941055
v -0.02031099982559681 0.03199499845504761 0.042344000190496445
v -0.009138000197708607 0.03841099888086319 0.03700299933552742
v -0.009704000316560268 0.0321430005133152 0.042419999837875366
v -0.01982700079679489 0.038353998214006424 0.036977000534534454
v -0.009704000316560268 0.0321430005133152 0.042419999837875366
v -0.02031099982559681 0.03199499845504761 0.042344000190496445
v -0.01982700079679489 0.038353998214006424 0.036977000534534454
v -0.009236999787390232 0.043136999011039734 0.029757000505924225
v -0.009138000197708607 0.03841099888086319 0.03700299933552742
v -0.01982700079679489 0.038353998214006424 0.036977000534534454
v -0.009236999787390232 0.043136999011039734 0.029757000505924225
v -0.01982700079679489 0.038353998214006424 0.036977000534534454
v -0.019856000319123268 0.04287400096654892 0.0296229999512434
v -0.009720999747514725 0.048006001859903336 0.021333999931812286
v -0.009236999787390232 0.043136999011039734 0.029757000505924225
v -0.019856000319123268 0.04287400096654892 0.0296229999512434
v -0.009720999747514725 0.048006001859903336 0.021333999931812286
v -0.019856000319123268 0.04287400096654892 0.0296229999512434
v -0.020258000120520592 0.04761200025677681 0.0217250008136034
v -0.009503000415861607 0.05152500048279762 0.012748000212013721
v -0.009720999747514725 0.048006001859903336 0.021333999931812286
v -0.020089000463485718 0.05155999958515167 0.012930000200867653
v -0.009720999747514725 0.048006001859903336 0.021333999931812286
v -0.020258000120520592 0.04761200025677681 0.0217250008136034
v -0.020089000463485718 0.05155999958515167 0.012930000200867653
v -0.009469999931752682 0.05439100041985512 0.0024389999452978373
v -0.009503000415861607 0.05152500048279762 0.012748000212013721
v -0.02007400058209896 0.05431300029158592 0.002383999992161989
v -0.009503000415861607 0.05152500048279762 0.012748000212013721
v -0.020089000463485718 0.05155999958515167 0.012930000200867653
v -0.02007400058209896 0.05431300029158592 0.002383999992161989
v -0.009469999931752682 0.05439100041985512 0.0024389999452978373
v -0.02007400058209896 0.05431300029158592 0.002383999992161989
v -0.019847000017762184 0.057388998568058014 0.0007689999765716493
v -0.009469999931752682 0.05439100041985512 0.0024389999452978373
v -0.019847000017762184 0.057388998568058014 0.0007689999765716493
v -0.00926200021058321 0.057218998670578 0.0008190000080503523
v -0.00926200021058321 0.057218998670578 0.0008190000080503523
v -0.019847000017762184 0.057388998568058014 0.0007689999765716493
v -0.019582999870181084 0.061553001403808594 0.0023240000009536743
v -0.00926200021058321 0.057218998670578 0.0008190000080503523
v -0.019582999870181084 0.061553001403808594 0.0023240000009536743
v -0.008988999761641026 0.061115000396966934 0.00204299995675683
v 0.0024580000899732113 0.006969999987632036 0.059953998774290085
v -0.010635999962687492 0.00784400012344122 0.06036100164055824
v -0.010720999911427498 0.006988999899476767 0.05634099990129471
v 0.0024580000899732113 0.006969999987632036 0.059953998774290085
v -0.010720999911427498 0.006988999899476767 0.05634099990129471
v 0.002423000056296587 0.006397000048309565 0.055890001356601715
v 0.002423000056296587 0.006397000048309565 0.055890001356601715
v -0.010720999911427498 0.006988999899476767 0.05634099990129471
v -0.010533999651670456 0.009053000248968601 0.053018998354673386
v 0.002423000056296587 0.006397000048309565 0.055890001356601715
v -0.010533999651670456 0.009053000248968601 0.053018998354673386
v 0.0026340000331401825 0.008953000418841839 0.05293399840593338
v 0.003208999987691641 0.016811000183224678 0.050255000591278076
v 0.0026340000331401825 0.008953000418841839 0.05293399840593338
v -0.010255999863147736 0.01670899987220764 0.05043099820613861
v 0.0026340000331401825 0.008953000418841839 0.05293399840593338
v -0.010533999651670456 0.009053000248968601 0.053018998354673386
v -0.010255999863147736 0.01670899987220764 0.05043099820613861
v 0.0035059999208897352 0.02522299997508526 0.046845000237226486
v 0.003208999987691641 0.016811000183224678 0.050255000591278076
v -0.009922999888658524 0.025293000042438507 0.04684799909591675
v 0.003208999987691641 0.016811000183224678 0.050255000591278076
v -0.010255999863147736 0.01670899987220764 0.05043099820613861
v -0.009922999888658524 0.025293000042438507 0.04684799909591675
v 0.0036039999686181545 0.031957000494003296 0.0424560010433197
v 0.0035059999208897352 0.02522299997508526 0.046845000237226486
v -0.009704000316560268 0.0321430005133152 0.042419999837875366
v 0.0035059999208897352 0.02522299997508526 0.046845000237226486
v -0.009922999888658524 0.025293000042438507 0.04684799909591675
v -0.009704000316560268 0.0321430005133152 0.042419999837875366
v 0.003783999942243099 0.038954999297857285 0.03629999980330467
v 0.0036039999686181545 0.031957000494003296 0.0424560010433197
v -0.009138000197708607 0.03841099888086319 0.03700299933552742
v 0.0036039999686181545 0.031957000494003296 0.0424560010433197
v -0.009704000316560268 0.0321430005133152 0.042419999837875366
v -0.009138000197708607 0.03841099888086319 0.03700299933552742
v 0.003790999995544553 0.04360799863934517 0.02962999977171421
v 0.003783999942243099 0.038954999297857285 0.03629999980330467
v -0.009236999787390232 0.043136999011039734 0.029757000505924225
v 0.003783999942243099 0.038954999297857285 0.03629999980330467
v -0.009138000197708607 0.03841099888086319 0.03700299933552742
v -0.009236999787390232 0.043136999011039734 0.029757000505924225
v 0.0038240000139921904 0.04832499846816063 0.0217289999127388
v 0.003790999995544553 0.04360799863934517 0.02962999977171421
v -0.009236999787390232 0.043136999011039734 0.029757000505924225
v 0.0038240000139921904 0.04832499846816063 0.0217289999127388
v -0.009236999787390232 0.043136999011039734 0.029757000505924225
v -0.009720999747514725 0.048006001859903336 0.021333999931812286
v 0.00419300002977252 0.05139400064945221 0.012861999683082104
v 0.0038240000139921904 0.04832499846816063 0.0217289999127388
v -0.009503000415861607 0.05152500048279762 0.012748000212013721
v 0.0038240000139921904 0.04832499846816063 0.0217289999127388
v -0.009720999747514725 0.048006001859903336 0.021333999931812286
v -0.009503000415861607 0.05152500048279762 0.012748000212013721
v 0.004230000078678131 0.054072000086307526 0.002894999925047159
v 0.00419300002977252 0.05139400064945221 0.012861999683082104
v -0.009503000415861607 0.05152500048279762 0.012748000212013721
v 0.004230000078678131 0.054072000086307526 0.002894999925047159
v -0.009503000415861607 0.05152500048279762 0.012748000212013721
v -0.009469999931752682 0.05439100041985512 0.0024389999452978373
v 0.004230000078678131 0.054072000086307526 0.002894999925047159
v -0.009469999931752682 0.05439100041985512 0.0024389999452978373
v 0.004203000105917454 0.05676800012588501 0.0008249999955296516
v -0.009469999931752682 0.05439100041985512 0.0024389999452978373
v -0.00926200021058321 0.057218998670578 0.0008190000080503523
v 0.004203000105917454 0.05676800012588501 0.0008249999955296516
v 0.004203000105917454 0.05676800012588501 0.0008249999955296516
v -0.00926200021058321 0.057218998670578 0.0008190000080503523
v -0.008988999761641026 0.061115000396966934 0.00204299995675683
v 0.004203000105917454 0.05676800012588501 0.0008249999955296516
v -0.008988999761641026 0.061115000396966934 0.00204299995675683
v 0.0044109998270869255 0.060586001724004745 0.0016720000421628356
v 0.014630000106990337 0.008363000117242336 0.0604030005633831
v 0.0024580000899732113 0.006969999987632036 0.059953998774290085
v 0.014450999908149242 0.0074640000239014626 0.05601400136947632
v 0.0024580000899732113 0.006969999987632036 0.059953998774290085
v 0.002423000056296587 0.006397000048309565 0.055890001356601715
v 0.014450999908149242 0.0074640000239014626 0.05601400136947632
v 0.014450999908149242 0.0074640000239014626 0.05601400136947632
v 0.002423000056296587 0.006397000048309565 0.055890001356601715
v 0.0026340000331401825 0.008953000418841839 0.05293399840593338
v 0.014450999908149242 0.0074640000239014626 0.05601400136947632
v 0.0026340000331401825 0.008953000418841839 0.05293399840593338
v 0.01445200014859438 0.009851999580860138 0.052921000868082047
v 0.014789000153541565 0.01673799939453602 0.05023699998855591
v 0.01445200014859438 0.009851999580860138 0.052921000868082047
v 0.003208999987691641 0.016811000183224678 0.050255000591278076
v 0.01445200014859438 0.009851999580860138 0.052921000868082047
v 0.0026340000331401825 0.008953000418841839 0.05293399840593338
v 0.003208999987691641 0.016811000183224678 0.050255000591278076
v 0.015147999860346317 0.024966999888420105 0.04676700010895729
v 0.014789000153541565 0.01673799939453602 0.05023699998855591
v 0.0035059999208897352 0.02522299997508526 0.046845000237226486
v 0.014789000153541565 0.01673799939453602 0.05023699998855591
v 0.003208999987691641 0.016811000183224678 0.050255000591278076
v 0.0035059999208897352 0.02522299997508526 0.046845000237226486
v 0.01533500012010336 0.031849998980760574 0.04256400093436241
v 0.015147999860346317 0.024966999888420105 0.04676700010895729
v 0.0036039999686181545 0.031957000494003296 0.0424560010433197
v 0.015147999860346317 0.024966999888420105 0.04676700010895729
v 0.0035059999208897352 0.02522299997508526 0.046845000237226486
v 0.0036039999686181545 0.031957000494003296 0.0424560010433197
v 0.015475999563932419 0.03876800090074539 0.03633899986743927
v 0.01533500012010336 0.031849998980760574 0.04256400093436241
v 0.003783999942243099 0.038954999297857285 0.03629999980330467
v 0.01533500012010336 0.031849998980760574 0.04256400093436241
v 0.0036039999686181545 0.031957000494003296 0.0424560010433197
v 0.003783999942243099 0.038954999297857285 0.03629999980330467
v 0.015441999770700932 0.043928999453783035 0.029983999207615852
v 0.015475999563932419 0.03876800090074539 0.03633899986743927
v 0.003783999942243099 0.038954999297857285 0.03629999980330467
v 0.015441999770700932 0.043928999453783035 0.029983999207615852
v 0.003783999942243099 0.038954999297857285 0.03629999980330467
v 0.003790999995544553 0.04360799863934517 0.02962999977171421
v 0.015561000443994999 0.04852300137281418 0.022109000012278557
v 0.015441999770700932 0.043928999453783035 0.029983999207615852
v 0.003790999995544553 0.04360799863934517 0.02962999977171421
v 0.015561000443994999 0.04852300137281418 0.022109000012278557
v 0.003790999995544553 0.04360799863934517 0.02962999977171421
v 0.0038240000139921904 0.04832499846816063 0.0217289999127388
v 0.015869000926613808 0.0512939989566803 0.013054000213742256
v 0.015561000443994999 0.04852300137281418 0.022109000012278557
v 0.00419300002977252 0.05139400064945221 0.012861999683082104
v 0.015561000443994999 0.04852300137281418 0.022109000012278557
v 0.0038240000139921904 0.04832499846816063 0.0217289999127388
v 0.00419300002977252 0.05139400064945221 0.012861999683082104
v 0.015946000814437866 0.05400799959897995 0.0028389999642968178
v 0.015869000926613808 0.0512939989566803 0.013054000213742256
v 0.00419300002977252 0.05139400064945221 0.012861999683082104
v 0.015946000814437866 0.05400799959897995 0.0028389999642968178
v 0.00419300002977252 0.05139400064945221 0.012861999683082104
v 0.004230000078678131 0.054072000086307526 0.002894999925047159
v 0.015946000814437866 0.05400799959897995 0.0028389999642968178
v 0.004230000078678131 0.054072000086307526 0.002894999925047159
v 0.015773000195622444 0.056547001004219055 0.0007529999711550772
v 0.004230000078678131 0.054072000086307526 0.002894999925047159
v 0.004203000105917454 0.05676800012588501 0.0008249999955296516
v 0.015773000195622444 0.056547001004219055 0.0007529999711550772
v 0.015773000195622444 0.056547001004219055 0.0007529999711550772
v 0.004203000105917454 0.05676800012588501 0.0008249999955296516
v 0.0044109998270869255 0.060586001724004745 0.0016720000421628356
v 0.015773000195622444 0.056547001004219055 0.0007529999711550772
v 0.0044109998270869255 0.060586001724004745 0.0016720000421628356
v 0.015985000878572464 0.06026500090956688 0.0012120000319555402
v 0.028804000467061996 0.011427000164985657 0.05917400121688843
v 0.014630000106990337 0.008363000117242336 0.0604030005633831
v 0.02887899987399578 0.009809000417590141 0.0561240017414093
v 0.014630000106990337 0.008363000117242336 0.0604030005633831
v 0.014450999908149242 0.0074640000239014626 0.05601400136947632
v 0.02887899987399578 0.009809000417590141 0.0561240017414093
v 0.02887899987399578 0.009809000417590141 0.0561240017414093
v 0.014450999908149242 0.0074640000239014626 0.05601400136947632
v 0.01445200014859438 0.009851999580860138 0.052921000868082047
v 0.02887899987399578 0.009809000417590141 0.0561240017414093
v 0.01445200014859438 0.009851999580860138 0.052921000868082047
v 0.02887899987399578 0.01153200026601553 0.05274299904704094
v 0.02887899987399578 0.01723800040781498 0.05032699927687645
v 0.02887899987399578 0.01153200026601553 0.05274299904704094
v 0.014789000153541565 0.01673799939453602 0.05023699998855591
v 0.02887899987399578 0.01153200026601553 0.05274299904704094
v 0.01445200014859438 0.009851999580860138 0.052921000868082047
v 0.014789000153541565 0.01673799939453602 0.05023699998855591
v 0.02887899987399578 0.02486100047826767 0.04669100046157837
v 0.02887899987399578 0.01723800040781498 0.05032699927687645
v 0.015147999860346317 0.024966999888420105 0.04676700010895729
v 0.02887899987399578 0.01723800040781498 0.05032699927687645
v 0.014789000153541565 0.01673799939453602 0.05023699998855591
v 0.015147999860346317 0.024966999888420105 0.04676700010895729
v 0.02887899987399578 0.03182300180196762 0.0426350012421608
v 0.02887899987399578 0.02486100047826767 0.04669100046157837
v 0.01533500012010336 0.031849998980760574 0.04256400093436241
v 0.02887899987399578 0.02486100047826767 0.04669100046157837
v 0.015147999860346317 0.024966999888420105 0.04676700010895729
v 0.01533500012010336 0.031849998980760574 0.04256400093436241
v 0.02887899987399578 0.038731999695301056 0.03625300154089928
v 0.02887899987399578 0.03182300180196762 0.0426350012421608
v 0.015475999563932419 0.03876800090074539 0.03633899986743927
v 0.02887899987399578 0.03182300180196762 0.0426350012421608
v 0.01533500012010336 0.031849998980760574 0.04256400093436241
v 0.015475999563932419 0.03876800090074539 0.03633899986743927
v 0.028877999633550644 0.04362799972295761 0.03001200035214424
v 0.02887899987399578 0.038731999695301056 0.03625300154089928
v 0.015475999563932419 0.03876800090074539 0.03633899986743927
v 0.028877999633550644 0.04362799972295761 0.03001200035214424
v 0.015475999563932419 0.03876800090074539 0.03633899986743927
v 0.015441999770700932 0.043928999453783035 0.029983999207615852
v 0.028876999393105507 0.04821600019931793 0.02208399958908558
v 0.028877999633550644 0.04362799972295761 0.03001200035214424
v 0.015441999770700932 0.043928999453783035 0.029983999207615852
v 0.028876999393105507 0.04821600019931793 0.02208399958908558
v 0.015441999770700932 0.043928999453783035 0.029983999207615852
v 0.015561000443994999 0.04852300137281418 0.022109000012278557
v 0.02887599915266037 0.0508200004696846 0.012896999716758728
v 0.028876999393105507 0.04821600019931793 0.02208399958908558
v 0.015869000926613808 0.0512939989566803 0.013054000213742256
v 0.028876999393105507 0.04821600019931793 0.02208399958908558
v 0.015561000443994999 0.04852300137281418 0.022109000012278557
v 0.015869000926613808 0.0512939989566803 0.013054000213742256
v 0.02887599915266037 0.05342999845743179 0.0029170000925660133
v 0.02887599915266037 0.0508200004696846 0.012896999716758728
v 0.015869000926613808 0.0512939989566803 0.013054000213742256
v 0.02887599915266037 0.05342999845743179 0.0029170000925660133
v 0.015869000926613808 0.0512939989566803 0.013054000213742256
v 0.015946000814437866 0.05400799959897995 0.0028389999642968178
v 0.02887599915266037 0.05342999845743179 0.0029170000925660133
v 0.015946000814437866 0.05400799959897995 0.0028389999642968178
v 0.02887599915266037 0.056960999965667725 0.00046099998871795833
v 0.015946000814437866 0.05400799959897995 0.0028389999642968178
v 0.015773000195622444 0.056547001004219055 0.0007529999711550772
v 0.02887599915266037 0.056960999965667725 0.00046099998871795833
v 0.02887599915266037 0.056960999965667725 0.00046099998871795833
v 0.015773000195622444 0.056547001004219055 0.0007529999711550772
v 0.015985000878572464 0.06026500090956688 0.0012120000319555402
v 0.02887599915266037 0.056960999965667725 0.00046099998871795833
v 0.015985000878572464 0.06026500090956688 0.0012120000319555402
v 0.02887599915266037 0.06064600124955177 0.001075000036507845
v 0.02887599915266037 0.06064600124955177 0.001075000036507845
v 0.028713999316096306 0.06648699939250946 0.006818000227212906
v 0.03903200104832649 0.05981399863958359 0.0012829999905079603
v 0.028713999316096306 0.06648699939250946 0.006818000227212906
v 0.04032199829816818 0.06601899862289429 0.008387000299990177
v 0.03903200104832649 0.05981399863958359 0.0012829999905079603
v 0.03903200104832649 0.05981399863958359 0.0012829999905079603
v 0.04032199829816818 0.06601899862289429 0.008387000299990177
v 0.04947099834680557 0.0616380013525486 0.012179000303149223
v 0.03903200104832649 0.05981399863958359 0.0012829999905079603
v 0.04947099834680557 0.0616380013525486 0.012179000303149223
v 0.05027399957180023 0.05443999916315079 0.0034660000819712877
v 0.05027399957180023 0.05443999916315079 0.0034660000819712877
v 0.04947099834680557 0.0616380013525486 0.012179000303149223
v 0.05424400046467781 0.05119699984788895 0.006548000033944845
v 0.04947099834680557 0.0616380013525486 0.012179000303149223
v 0.05371500179171562 0.05886299908161163 0.01649400033056736
v 0.05424400046467781 0.05119699984788895 0.006548000033944845
v 0.05424400046467781 0.05119699984788895 0.006548000033944845
v 0.05371500179171562 0.05886299908161163 0.01649400033056736
v 0.057944998145103455 0.0453840009868145 0.015084999613463879
v 0.05371500179171562 0.05886299908161163 0.01649400033056736
v 0.05685700103640556 0.05395999923348427 0.022137999534606934
v 0.057944998145103455 0.0453840009868145 0.015084999613463879
v 0.058031998574733734 0.03965200111269951 0.02151699922978878
v 0.057944998145103455 0.0453840009868145 0.015084999613463879
v 0.057054001837968826 0.047527000308036804 0.028291000053286552
v 0.057944998145103455 0.0453840009868145 0.015084999613463879
v 0.05685700103640556 0.05395999923348427 0.022137999534606934
v 0.057054001837968826 0.047527000308036804 0.028291000053286552
v 0.05703600123524666 0.03599800169467926 0.028243999928236008
v 0.058031998574733734 0.03965200111269951 0.02151699922978878
v 0.057054001837968826 0.047527000308036804 0.028291000053286552
v 0.05703600123524666 0.03599800169467926 0.028243999928236008
v 0.057054001837968826 0.047527000308036804 0.028291000053286552
v 0.05597599968314171 0.044071998447179794 0.035307999700307846
v 0.05666400119662285 0.030541999265551567 0.03344900161027908
v 0.05703600123524666 0.03599800169467926 0.028243999928236008
v 0.054012998938560486 0.038423001766204834 0.04061499983072281
v 0.05703600123524666 0.03599800169467926 0.028243999928236008
v 0.05597599968314171 0.044071998447179794 0.035307999700307846
v 0.054012998938560486 0.038423001766204834 0.04061499983072281
v 0.056439999490976334 0.0241480004042387 0.037337999790906906
v 0.05666400119662285 0.030541999265551567 0.03344900161027908
v 0.05208500102162361 0.03151300176978111 0.04380900040268898
v 0.05666400119662285 0.030541999265551567 0.03344900161027908
v 0.054012998938560486 0.038423001766204834 0.04061499983072281
v 0.05208500102162361 0.03151300176978111 0.04380900040268898
v 0.05521000176668167 0.01819399930536747 0.04144899919629097
v 0.056439999490976334 0.0241480004042387 0.037337999790906906
v 0.05053500086069107 0.026558000594377518 0.046316999942064285
v 0.056439999490976334 0.0241480004042387 0.037337999790906906
v 0.05208500102162361 0.03151300176978111 0.04380900040268898
v 0.05053500086069107 0.026558000594377518 0.046316999942064285
v 0.05286499857902527 0.01410400029271841 0.04505399987101555
v 0.05521000176668167 0.01819399930536747 0.04144899919629097
v 0.047759998589754105 0.02300800010561943 0.049678001552820206
v 0.05521000176668167 0.01819399930536747 0.04144899919629097
v 0.05053500086069107 0.026558000594377518 0.046316999942064285
v 0.047759998589754105 0.02300800010561943 0.049678001552820206
v 0.047634001821279526 0.011735999956727028 0.049313001334667206
v 0.05286499857902527 0.01410400029271841 0.04505399987101555
v 0.047759998589754105 0.02300800010561943 0.049678001552820206
v 0.047634001821279526 0.011735999956727028 0.049313001334667206
v 0.047759998589754105 0.02300800010561943 0.049678001552820206
v 0.04320099949836731 0.019053999334573746 0.054301001131534576
v 0.0375639982521534 0.01092899963259697 0.055275000631809235
v 0.047634001821279526 0.011735999956727028 0.049313001334667206
v 0.04320099949836731 0.019053999334573746 0.054301001131534576
v 0.0375639982521534 0.01092899963259697 0.055275000631809235
v 0.04320099949836731 0.019053999334573746 0.054301001131534576
v 0.03594300150871277 0.014188000001013279 0.0578790009021759
v 0.05286499857902527 0.01410400029271841 0.04505399987101555
v 0.06096399948000908 0.00916799996048212 0.03630499914288521
v 0.05521000176668167 0.01819399930536747 0.04144899919629097
v 0.06096399948000908 0.00916799996048212 0.03630499914288521
v 0.061142999678850174 0.014011000283062458 0.03435700014233589
v 0.05521000176668167 0.01819399930536747 0.04144899919629097
v 0.061142999678850174 0.014011000283062458 0.03435700014233589
v 0.06105399876832962 0.019641999155282974 0.03132700175046921
v 0.056439999490976334 0.0241480004042387 0.037337999790906906
v 0.061142999678850174 0.014011000283062458 0.03435700014233589
v 0.056439999490976334 0.0241480004042387 0.037337999790906906
v 0.05521000176668167 0.01819399930536747 0.04144899919629097
v 0.06105399876832962 0.019641999155282974 0.03132700175046921
v 0.06110899895429611 0.024600999429821968 0.02740499936044216
v 0.056439999490976334 0.0241480004042387 0.037337999790906906
v 0.06110899895429611 0.024600999429821968 0.02740499936044216
v 0.05666400119662285 0.030541999265551567 0.03344900161027908
v 0.056439999490976334 0.0241480004042387 0.037337999790906906
v 0.06110899895429611 0.024600999429821968 0.02740499936044216
v 0.060910001397132874 0.029858000576496124 0.022394999861717224
v 0.05666400119662285 0.030541999265551567 0.03344900161027908
v 0.060910001397132874 0.029858000576496124 0.022394999861717224
v 0.05703600123524666 0.03599800169467926 0.028243999928236008
v 0.05666400119662285 0.030541999265551567 0.03344900161027908
v 0.060910001397132874 0.029858000576496124 0.022394999861717224
v 0.06089499965310097 0.03325900062918663 0.01723800040781498
v 0.058031998574733734 0.03965200111269951 0.02151699922978878
v 0.060910001397132874 0.029858000576496124 0.022394999861717224
v 0.058031998574733734 0.03965200111269951 0.02151699922978878
v 0.05703600123524666 0.03599800169467926 0.028243999928236008
v 0.06091500073671341 0.03563399985432625 0.011793999932706356
v 0.057944998145103455 0.0453840009868145 0.015084999613463879
v 0.058031998574733734 0.03965200111269951 0.02151699922978878
v 0.06091500073671341 0.03563399985432625 0.011793999932706356
v 0.058031998574733734 0.03965200111269951 0.02151699922978878
v 0.06089499965310097 0.03325900062918663 0.01723800040781498
v 0.05424400046467781 0.05119699984788895 0.006548000033944845
v 0.057944998145103455 0.0453840009868145 0.015084999613463879
v 0.06088599935173988 0.03724600002169609 0.005313999950885773
v 0.057944998145103455 0.0453840009868145 0.015084999613463879
v 0.06091500073671341 0.03563399985432625 0.011793999932706356
v 0.06088599935173988 0.03724600002169609 0.005313999950885773
v 0.0629820004105568 0.025157000869512558 0.018200000748038292
v 0.06345599889755249 0.0212980005890131 0.015862999483942986
v 0.0634550005197525 0.0238840002566576 0.01245800033211708
v 0.0629820004105568 0.025157000869512558 0.018200000748038292
v 0.0634550005197525 0.0238840002566576 0.01245800033211708
v 0.0629810020327568 0.02815599925816059 0.01425199955701828
v 0.0629810020327568 0.02815599925816059 0.01425199955701828
v 0.0634550005197525 0.0238840002566576 0.01245800033211708
v 0.06342100352048874 0.025682000443339348 0.008369999937713146
v 0.0629810020327568 0.02815599925816059 0.01425199955701828
v 0.06342100352048874 0.025682000443339348 0.008369999937713146
v 0.06294199824333191 0.030239999294281006 0.009510999545454979
v 0.06302899867296219 0.020239999517798424 0.0227269995957613
v 0.06342600286006927 0.017312999814748764 0.020150000229477882
v 0.06345599889755249 0.0212980005890131 0.015862999483942986
v 0.06302899867296219 0.020239999517798424 0.0227269995957613
v 0.06345599889755249 0.0212980005890131 0.015862999483942986
v 0.0629820004105568 0.025157000869512558 0.018200000748038292
v 0.06298699975013733 0.016526000574231148 0.025805000215768814
v 0.06342200189828873 0.01386599987745285 0.022677000612020493
v 0.06342600286006927 0.017312999814748764 0.020150000229477882
v 0.06298699975013733 0.016526000574231148 0.025805000215768814
v 0.06342600286006927 0.017312999814748764 0.020150000229477882
v 0.06302899867296219 0.020239999517798424 0.0227269995957613
v 0.06309299916028976 0.011734999716281891 0.02849400043487549
v 0.06342899799346924 0.009816000238060951 0.02474999986588955
v 0.06342200189828873 0.01386599987745285 0.022677000612020493
v 0.06309299916028976 0.011734999716281891 0.02849400043487549
v 0.06342200189828873 0.01386599987745285 0.022677000612020493
v 0.06298699975013733 0.016526000574231148 0.025805000215768814
v 0.06304799765348434 0.0073090000078082085 0.030476000159978867
v 0.06342600286006927 0.005932000000029802 0.026023000478744507
v 0.06342899799346924 0.009816000238060951 0.02474999986588955
v 0.06304799765348434 0.0073090000078082085 0.030476000159978867
v 0.06342899799346924 0.009816000238060951 0.02474999986588955
v 0.06309299916028976 0.011734999716281891 0.02849400043487549
v 0.06294199824333191 0.030239999294281006 0.009510999545454979
v 0.06342100352048874 0.025682000443339348 0.008369999937713146
v 0.06332600116729736 0.026645999401807785 0.00405499991029501
v 0.06294199824333191 0.030239999294281006 0.009510999545454979
v 0.06332600116729736 0.026645999401807785 0.00405499991029501
v 0.06283099949359894 0.03135799989104271 0.0045079998672008514
v 0.06308300048112869 -0.027778999879956245 0.01269999984651804
v 0.06354299932718277 -0.024351000785827637 0.011119999922811985
v 0.06313800066709518 -0.02427300065755844 0.017981000244617462
v 0.06354299932718277 -0.024351000785827637 0.011119999922811985
v 0.06358999758958817 -0.02132900059223175 0.01567400060594082
v 0.06313800066709518 -0.02427300065755844 0.017981000244617462
v 0.06304699927568436 -0.030892999842762947 -0.0010479999473318458
v 0.06343500316143036 -0.02670300006866455 -0.0007210000185295939
v 0.06305599957704544 -0.030247999355196953 0.006004999857395887
v 0.06343500316143036 -0.02670300006866455 -0.0007210000185295939
v 0.06351999938488007 -0.02648100070655346 0.00534699996933341
v 0.06305599957704544 -0.030247999355196953 0.006004999857395887
v 0.06308300048112869 -0.027778999879956245 0.01269999984651804
v 0.06305599957704544 -0.030247999355196953 0.006004999857395887
v 0.06351999938488007 -0.02648100070655346 0.00534699996933341
v 0.06308300048112869 -0.027778999879956245 0.01269999984651804
v 0.06351999938488007 -0.02648100070655346 0.00534699996933341
v 0.06354299932718277 -0.024351000785827637 0.011119999922811985
v 0.06310699880123138 -0.019948000088334084 0.023002000525593758
v 0.06313800066709518 -0.02427300065755844 0.017981000244617462
v 0.06356299668550491 -0.01759899966418743 0.020004000514745712
v 0.06313800066709518 -0.02427300065755844 0.017981000244617462
v 0.06358999758958817 -0.02132900059223175 0.01567400060594082
v 0.06356299668550491 -0.01759899966418743 0.020004000514745712
v 0.06307700276374817 -0.01502699963748455 0.026768000796437263
v 0.06310699880123138 -0.019948000088334084 0.023002000525593758
v 0.06353799998760223 -0.013356000185012817 0.02325199916958809
v 0.06310699880123138 -0.019948000088334084 0.023002000525593758
v 0.06356299668550491 -0.01759899966418743 0.020004000514745712
v 0.06353799998760223 -0.013356000185012817 0.02325199916958809
v 0.06307899951934814 -0.009597999975085258 0.028886999934911728
v 0.06307700276374817 -0.01502699963748455 0.026768000796437263
v 0.06342700123786926 -0.00887800008058548 0.025127999484539032
v 0.06307700276374817 -0.01502699963748455 0.026768000796437263
v 0.06353799998760223 -0.013356000185012817 0.02325199916958809
v 0.06342700123786926 -0.00887800008058548 0.025127999484539032
v 0.06307700276374817 -0.004480000119656324 0.03014099970459938
v 0.06307899951934814 -0.009597999975085258 0.028886999934911728
v 0.06343500316143036 -0.004042999818921089 0.02625199966132641
v 0.06307899951934814 -0.009597999975085258 0.028886999934911728
v 0.06342700123786926 -0.00887800008058548 0.025127999484539032
v 0.06343500316143036 -0.004042999818921089 0.02625199966132641
v 0.06305500119924545 -0.0003859999997075647 0.030726000666618347
v 0.06307700276374817 -0.004480000119656324 0.03014099970459938
v 0.06343399733304977 -0.0002770000137388706 0.02653600089251995
v 0.06307700276374817 -0.004480000119656324 0.03014099970459938
v 0.06343500316143036 -0.004042999818921089 0.02625199966132641
v 0.06343399733304977 -0.0002770000137388706 0.02653600089251995
v 0.06309399753808975 0.0034000000450760126 0.030910000205039978
v 0.06305500119924545 -0.0003859999997075647 0.030726000666618347
v 0.06343399733304977 0.0025190000887960196 0.026496000587940216
v 0.06305500119924545 -0.0003859999997075647 0.030726000666618347
v 0.06343399733304977 -0.0002770000137388706 0.02653600089251995
v 0.06343399733304977 0.0025190000887960196 0.026496000587940216
v 0.06309399753808975 0.0034000000450760126 0.030910000205039978
v 0.06343399733304977 0.0025190000887960196 0.026496000587940216
v 0.06342600286006927 0.005932000000029802 0.026023000478744507
v 0.06309399753808975 0.0034000000450760126 0.030910000205039978
v 0.06342600286006927 0.005932000000029802 0.026023000478744507
v 0.06304799765348434 0.0073090000078082085 0.030476000159978867
v 0.06283099949359894 0.03135799989104271 0.0045079998672008514
v 0.06332600116729736 0.026645999401807785 0.00405499991029501
v 0.063230000436306 0.027157999575138092 -0.0003000000142492354
v 0.06283099949359894 0.03135799989104271 0.0045079998672008514
v 0.063230000436306 0.027157999575138092 -0.0003000000142492354
v 0.06272000074386597 0.031950999051332474 -0.0005419999943114817
v 0.06277599930763245 0.031089000403881073 -0.006424999795854092
v 0.06272000074386597 0.031950999051332474 -0.0005419999943114817
v 0.063230000436306 0.027157999575138092 -0.0003000000142492354
v 0.06277599930763245 0.031089000403881073 -0.006424999795854092
v 0.063230000436306 0.027157999575138092 -0.0003000000142492354
v 0.06327799707651138 0.026413999497890472 -0.005373000167310238
v 0.06307400017976761 0.028317000716924667 -0.01208299957215786
v 0.06277599930763245 0.031089000403881073 -0.006424999795854092
v 0.06327799707651138 0.026413999497890472 -0.005373000167310238
v 0.06307400017976761 0.028317000716924667 -0.01208299957215786
v 0.06327799707651138 0.026413999497890472 -0.005373000167310238
v 0.06341399997472763 0.024329999461770058 -0.010417000390589237
v 0.06305799633264542 0.024235999211668968 -0.019151000306010246
v 0.06307400017976761 0.028317000716924667 -0.01208299957215786
v 0.06341399997472763 0.024329999461770058 -0.010417000390589237
v 0.06305799633264542 0.024235999211668968 -0.019151000306010246
v 0.06341399997472763 0.024329999461770058 -0.010417000390589237
v 0.06352200359106064 0.020503999665379524 -0.01634800061583519
v 0.06304900348186493 0.021136999130249023 -0.02255599945783615
v 0.06305799633264542 0.024235999211668968 -0.019151000306010246
v 0.06352200359106064 0.020503999665379524 -0.01634800061583519
v 0.06304900348186493 0.021136999130249023 -0.02255599945783615
v 0.06352200359106064 0.020503999665379524 -0.01634800061583519
v 0.06351400166749954 0.01783199980854988 -0.019284000620245934
v 0.06303700059652328 0.01667799986898899 -0.026100000366568565
v 0.06304900348186493 0.021136999130249023 -0.02255599945783615
v 0.06351400166749954 0.01783199980854988 -0.019284000620245934
v 0.06303700059652328 0.01667799986898899 -0.026100000366568565
v 0.06351400166749954 0.01783199980854988 -0.019284000620245934
v 0.06350400298833847 0.01398599985986948 -0.022339999675750732
v 0.06304199993610382 0.01190400030463934 -0.02858700044453144
v 0.06303700059652328 0.01667799986898899 -0.026100000366568565
v 0.06350400298833847 0.01398599985986948 -0.022339999675750732
v 0.06304199993610382 0.01190400030463934 -0.02858700044453144
v 0.06350400298833847 0.01398599985986948 -0.022339999675750732
v 0.06350699812173843 0.009868999943137169 -0.024484999477863312
v 0.06304299831390381 0.005400999914854765 -0.030695000663399696
v 0.06304199993610382 0.01190400030463934 -0.02858700044453144
v 0.06350699812173843 0.009868999943137169 -0.024484999477863312
v 0.06304299831390381 0.005400999914854765 -0.030695000663399696
v 0.06350699812173843 0.009868999943137169 -0.024484999477863312
v 0.06350799649953842 0.004261000081896782 -0.0263030007481575
v 0.06302700191736221 0.001234999974258244 -0.03121200017631054
v 0.06304299831390381 0.005400999914854765 -0.030695000663399696
v 0.06350799649953842 0.004261000081896782 -0.0263030007481575
v 0.06302700191736221 0.001234999974258244 -0.03121200017631054
v 0.06350799649953842 0.004261000081896782 -0.0263030007481575
v 0.06349500268697739 0.0006680000224150717 -0.02674899995326996
v 0.0630820021033287 -0.004594999831169844 -0.030806999653577805
v 0.06302700191736221 0.001234999974258244 -0.03121200017631054
v 0.06349500268697739 0.0006680000224150717 -0.02674899995326996
v 0.0630820021033287 -0.004594999831169844 -0.030806999653577805
v 0.06349500268697739 0.0006680000224150717 -0.02674899995326996
v 0.06354299932718277 -0.004358999896794558 -0.026399999856948853
v 0.06302200257778168 -0.009638999588787556 -0.029927000403404236
v 0.0630820021033287 -0.004594999831169844 -0.030806999653577805
v 0.06354299932718277 -0.004358999896794558 -0.026399999856948853
v 0.06302200257778168 -0.009638999588787556 -0.029927000403404236
v 0.06354299932718277 -0.004358999896794558 -0.026399999856948853
v 0.06345099955797195 -0.008453999646008015 -0.025180000811815262
v 0.06303299963474274 -0.015762999653816223 -0.026977000758051872
v 0.06302200257778168 -0.009638999588787556 -0.029927000403404236
v 0.06345099955797195 -0.008453999646008015 -0.025180000811815262
v 0.06303299963474274 -0.015762999653816223 -0.026977000758051872
v 0.06345099955797195 -0.008453999646008015 -0.025180000811815262
v 0.06344900280237198 -0.013718999922275543 -0.022760000079870224
v 0.0629580020904541 -0.021397000178694725 -0.023056000471115112
v 0.06303299963474274 -0.015762999653816223 -0.026977000758051872
v 0.06344900280237198 -0.013718999922275543 -0.022760000079870224
v 0.0629580020904541 -0.021397000178694725 -0.023056000471115112
v 0.06344900280237198 -0.013718999922275543 -0.022760000079870224
v 0.06345000118017197 -0.018497999757528305 -0.019082000479102135
v 0.06302700191736221 -0.025760000571608543 -0.017354000359773636
v 0.0629580020904541 -0.021397000178694725 -0.023056000471115112
v 0.06345000118017197 -0.018497999757528305 -0.019082000479102135
v 0.06302700191736221 -0.025760000571608543 -0.017354000359773636
v 0.06345000118017197 -0.018497999757528305 -0.019082000479102135
v 0.06349500268697739 -0.022610999643802643 -0.014798000454902649
v 0.06304100155830383 -0.029603000730276108 -0.009286000393331051
v 0.06302700191736221 -0.025760000571608543 -0.017354000359773636
v 0.06349500268697739 -0.022610999643802643 -0.014798000454902649
v 0.06304100155830383 -0.029603000730276108 -0.009286000393331051
v 0.06349500268697739 -0.022610999643802643 -0.014798000454902649
v 0.06342499703168869 -0.025635000318288803 -0.007670000195503235
v 0.06304699927568436 -0.030892999842762947 -0.0010479999473318458
v 0.06304100155830383 -0.029603000730276108 -0.009286000393331051
v 0.06342499703168869 -0.025635000318288803 -0.007670000195503235
v 0.06304699927568436 -0.030892999842762947 -0.0010479999473318458
v 0.06342499703168869 -0.025635000318288803 -0.007670000195503235
v 0.06343500316143036 -0.02670300006866455 -0.0007210000185295939
v 0.060910001397132874 0.029858000576496124 0.022394999861717224
v 0.0629820004105568 0.025157000869512558 0.018200000748038292
v 0.06089499965310097 0.03325900062918663 0.01723800040781498
v 0.0629820004105568 0.025157000869512558 0.018200000748038292
v 0.0629810020327568 0.02815599925816059 0.01425199955701828
v 0.06089499965310097 0.03325900062918663 0.01723800040781498
v 0.06091500073671341 0.03563399985432625 0.011793999932706356
v 0.06089499965310097 0.03325900062918663 0.01723800040781498
v 0.0629810020327568 0.02815599925816059 0.01425199955701828
v 0.06091500073671341 0.03563399985432625 0.011793999932706356
v 0.0629810020327568 0.02815599925816059 0.01425199955701828
v 0.06294199824333191 0.030239999294281006 0.009510999545454979
v 0.06302899867296219 0.020239999517798424 0.0227269995957613
v 0.0629820004105568 0.025157000869512558 0.018200000748038292
v 0.06110899895429611 0.024600999429821968 0.02740499936044216
v 0.0629820004105568 0.025157000869512558 0.018200000748038292
v 0.060910001397132874 0.029858000576496124 0.022394999861717224
v 0.06110899895429611 0.024600999429821968 0.02740499936044216
v 0.06298699975013733 0.016526000574231148 0.025805000215768814
v 0.06302899867296219 0.020239999517798424 0.0227269995957613
v 0.06110899895429611 0.024600999429821968 0.02740499936044216
v 0.06298699975013733 0.016526000574231148 0.025805000215768814
v 0.06110899895429611 0.024600999429821968 0.02740499936044216
v 0.06105399876832962 0.019641999155282974 0.03132700175046921
v 0.06309299916028976 0.011734999716281891 0.02849400043487549
v 0.06298699975013733 0.016526000574231148 0.025805000215768814
v 0.06105399876832962 0.019641999155282974 0.03132700175046921
v 0.06309299916028976 0.011734999716281891 0.02849400043487549
v 0.06105399876832962 0.019641999155282974 0.03132700175046921
v 0.061142999678850174 0.014011000283062458 0.03435700014233589
v 0.06304799765348434 0.0073090000078082085 0.030476000159978867
v 0.06309299916028976 0.011734999716281891 0.02849400043487549
v 0.061142999678850174 0.014011000283062458 0.03435700014233589
v 0.06304799765348434 0.0073090000078082085 0.030476000159978867
v 0.061142999678850174 0.014011000283062458 0.03435700014233589
v 0.06096399948000908 0.00916799996048212 0.03630499914288521
v 0.06088599935173988 0.03724600002169609 0.005313999950885773
v 0.06091500073671341 0.03563399985432625 0.011793999932706356
v 0.06294199824333191 0.030239999294281006 0.009510999545454979
v 0.06088599935173988 0.03724600002169609 0.005313999950885773
v 0.06294199824333191 0.030239999294281006 0.009510999545454979
v 0.06283099949359894 0.03135799989104271 0.0045079998672008514
v 0.06134900078177452 -0.032930001616477966 0.015766000375151634
v 0.06308300048112869 -0.027778999879956245 0.01269999984651804
v 0.06313800066709518 -0.02427300065755844 0.017981000244617462
v 0.06134900078177452 -0.032930001616477966 0.015766000375151634
v 0.06313800066709518 -0.02427300065755844 0.017981000244617462
v 0.06153799965977669 -0.02866699919104576 0.022088000550866127
v 0.06127599999308586 -0.03676300123333931 -0.0006549999816343188
v 0.06304699927568436 -0.030892999842762947 -0.0010479999473318458
v 0.06305599957704544 -0.030247999355196953 0.006004999857395887
v 0.06127599999308586 -0.03676300123333931 -0.0006549999816343188
v 0.06305599957704544 -0.030247999355196953 0.006004999857395887
v 0.06128299981355667 -0.03583500161767006 0.007734999991953373
v 0.06134900078177452 -0.032930001616477966 0.015766000375151634
v 0.06128299981355667 -0.03583500161767006 0.007734999991953373
v 0.06308300048112869 -0.027778999879956245 0.01269999984651804
v 0.06128299981355667 -0.03583500161767006 0.007734999991953373
v 0.06305599957704544 -0.030247999355196953 0.006004999857395887
v 0.06308300048112869 -0.027778999879956245 0.01269999984651804
v 0.06132800132036209 -0.023493999615311623 0.02804500050842762
v 0.06153799965977669 -0.02866699919104576 0.022088000550866127
v 0.06310699880123138 -0.019948000088334084 0.023002000525593758
v 0.06153799965977669 -0.02866699919104576 0.022088000550866127
v 0.06313800066709518 -0.02427300065755844 0.017981000244617462
v 0.06310699880123138 -0.019948000088334084 0.023002000525593758
v 0.06123200058937073 -0.017482999712228775 0.03237900137901306
v 0.06132800132036209 -0.023493999615311623 0.02804500050842762
v 0.06307700276374817 -0.01502699963748455 0.026768000796437263
v 0.06132800132036209 -0.023493999615311623 0.02804500050842762
v 0.06310699880123138 -0.019948000088334084 0.023002000525593758
v 0.06307700276374817 -0.01502699963748455 0.026768000796437263
v 0.06141800060868263 -0.011177999898791313 0.034657999873161316
v 0.06123200058937073 -0.017482999712228775 0.03237900137901306
v 0.06307899951934814 -0.009597999975085258 0.028886999934911728
v 0.06123200058937073 -0.017482999712228775 0.03237900137901306
v 0.06307700276374817 -0.01502699963748455 0.026768000796437263
v 0.06307899951934814 -0.009597999975085258 0.028886999934911728
v 0.061473000794649124 -0.004738999996334314 0.03614399954676628
v 0.06141800060868263 -0.011177999898791313 0.034657999873161316
v 0.06307700276374817 -0.004480000119656324 0.03014099970459938
v 0.06141800060868263 -0.011177999898791313 0.034657999873161316
v 0.06307899951934814 -0.009597999975085258 0.028886999934911728
v 0.06307700276374817 -0.004480000119656324 0.03014099970459938
v 0.06132499873638153 0.0005370000144466758 0.03674500063061714
v 0.061473000794649124 -0.004738999996334314 0.03614399954676628
v 0.06305500119924545 -0.0003859999997075647 0.030726000666618347
v 0.061473000794649124 -0.004738999996334314 0.03614399954676628
v 0.06307700276374817 -0.004480000119656324 0.03014099970459938
v 0.06305500119924545 -0.0003859999997075647 0.030726000666618347
v 0.06113399937748909 0.004720000084489584 0.03679699823260307
v 0.06132499873638153 0.0005370000144466758 0.03674500063061714
v 0.06309399753808975 0.0034000000450760126 0.030910000205039978
v 0.06132499873638153 0.0005370000144466758 0.03674500063061714
v 0.06305500119924545 -0.0003859999997075647 0.030726000666618347
v 0.06309399753808975 0.0034000000450760126 0.030910000205039978
v 0.06113399937748909 0.004720000084489584 0.03679699823260307
v 0.06309399753808975 0.0034000000450760126 0.030910000205039978
v 0.06304799765348434 0.0073090000078082085 0.030476000159978867
v 0.06113399937748909 0.004720000084489584 0.03679699823260307
v 0.06304799765348434 0.0073090000078082085 0.030476000159978867
v 0.06096399948000908 0.00916799996048212 0.03630499914288521
v 0.06088599935173988 0.03724600002169609 0.005313999950885773
v 0.06283099949359894 0.03135799989104271 0.0045079998672008514
v 0.060871999710798264 0.03757600113749504 0
v 0.06283099949359894 0.03135799989104271 0.0045079998672008514
v 0.06272000074386597 0.031950999051332474 -0.0005419999943114817
v 0.060871999710798264 0.03757600113749504 0
v 0.06092999875545502 0.036674000322818756 -0.006713000126183033
v 0.060871999710798264 0.03757600113749504 0
v 0.06272000074386597 0.031950999051332474 -0.0005419999943114817
v 0.06092999875545502 0.036674000322818756 -0.006713000126183033
v 0.06272000074386597 0.031950999051332474 -0.0005419999943114817
v 0.06277599930763245 0.031089000403881073 -0.006424999795854092
v 0.06128599867224693 0.03410999849438667 -0.013770000077784061
v 0.06092999875545502 0.036674000322818756 -0.006713000126183033
v 0.06277599930763245 0.031089000403881073 -0.006424999795854092
v 0.06128599867224693 0.03410999849438667 -0.013770000077784061
v 0.06277599930763245 0.031089000403881073 -0.006424999795854092
v 0.06307400017976761 0.028317000716924667 -0.01208299957215786
v 0.061184000223875046 0.02947700023651123 -0.022241000086069107
v 0.06128599867224693 0.03410999849438667 -0.013770000077784061
v 0.06307400017976761 0.028317000716924667 -0.01208299957215786
v 0.061184000223875046 0.02947700023651123 -0.022241000086069107
v 0.06307400017976761 0.028317000716924667 -0.01208299957215786
v 0.06305799633264542 0.024235999211668968 -0.019151000306010246
v 0.06128900125622749 0.025543000549077988 -0.02632099948823452
v 0.061184000223875046 0.02947700023651123 -0.022241000086069107
v 0.06305799633264542 0.024235999211668968 -0.019151000306010246
v 0.06128900125622749 0.025543000549077988 -0.02632099948823452
v 0.06305799633264542 0.024235999211668968 -0.019151000306010246
v 0.06304900348186493 0.021136999130249023 -0.02255599945783615
v 0.061260998249053955 0.020188000053167343 -0.030652999877929688
v 0.06128900125622749 0.025543000549077988 -0.02632099948823452
v 0.06304900348186493 0.021136999130249023 -0.02255599945783615
v 0.061260998249053955 0.020188000053167343 -0.030652999877929688
v 0.06304900348186493 0.021136999130249023 -0.02255599945783615
v 0.06303700059652328 0.01667799986898899 -0.026100000366568565
v 0.06132899969816208 0.014473999850451946 -0.033636998385190964
v 0.061260998249053955 0.020188000053167343 -0.030652999877929688
v 0.06303700059652328 0.01667799986898899 -0.026100000366568565
v 0.06132899969816208 0.014473999850451946 -0.033636998385190964
v 0.06303700059652328 0.01667799986898899 -0.026100000366568565
v 0.06304199993610382 0.01190400030463934 -0.02858700044453144
v 0.061229001730680466 0.006668999791145325 -0.036159999668598175
v 0.06132899969816208 0.014473999850451946 -0.033636998385190964
v 0.06304199993610382 0.01190400030463934 -0.02858700044453144
v 0.061229001730680466 0.006668999791145325 -0.036159999668598175
v 0.06304199993610382 0.01190400030463934 -0.02858700044453144
v 0.06304299831390381 0.005400999914854765 -0.030695000663399696
v 0.061191000044345856 0.001888000057078898 -0.03676899895071983
v 0.061229001730680466 0.006668999791145325 -0.036159999668598175
v 0.06304299831390381 0.005400999914854765 -0.030695000663399696
v 0.061191000044345856 0.001888000057078898 -0.03676899895071983
v 0.06304299831390381 0.005400999914854765 -0.030695000663399696
v 0.06302700191736221 0.001234999974258244 -0.03121200017631054
v 0.06129400059580803 -0.005193000193685293 -0.03631199896335602
v 0.061191000044345856 0.001888000057078898 -0.03676899895071983
v 0.06302700191736221 0.001234999974258244 -0.03121200017631054
v 0.06129400059580803 -0.005193000193685293 -0.03631199896335602
v 0.06302700191736221 0.001234999974258244 -0.03121200017631054
v 0.0630820021033287 -0.004594999831169844 -0.030806999653577805
v 0.060954999178647995 -0.011314000003039837 -0.035606998950242996
v 0.06129400059580803 -0.005193000193685293 -0.03631199896335602
v 0.06302200257778168 -0.009638999588787556 -0.029927000403404236
v 0.06129400059580803 -0.005193000193685293 -0.03631199896335602
v 0.0630820021033287 -0.004594999831169844 -0.030806999653577805
v 0.06302200257778168 -0.009638999588787556 -0.029927000403404236
v 0.061250001192092896 -0.018536999821662903 -0.031745001673698425
v 0.060954999178647995 -0.011314000003039837 -0.035606998950242996
v 0.06302200257778168 -0.009638999588787556 -0.029927000403404236
v 0.061250001192092896 -0.018536999821662903 -0.031745001673698425
v 0.06302200257778168 -0.009638999588787556 -0.029927000403404236
v 0.06303299963474274 -0.015762999653816223 -0.026977000758051872
v 0.0611330009996891 -0.025217000395059586 -0.02704400010406971
v 0.061250001192092896 -0.018536999821662903 -0.031745001673698425
v 0.0629580020904541 -0.021397000178694725 -0.023056000471115112
v 0.061250001192092896 -0.018536999821662903 -0.031745001673698425
v 0.06303299963474274 -0.015762999653816223 -0.026977000758051872
v 0.0629580020904541 -0.021397000178694725 -0.023056000471115112
v 0.06128299981355667 -0.03053000010550022 -0.02027199976146221
v 0.0611330009996891 -0.025217000395059586 -0.02704400010406971
v 0.0629580020904541 -0.021397000178694725 -0.023056000471115112
v 0.06128299981355667 -0.03053000010550022 -0.02027199976146221
v 0.0629580020904541 -0.021397000178694725 -0.023056000471115112
v 0.06302700191736221 -0.025760000571608543 -0.017354000359773636
v 0.06128700077533722 -0.03510399907827377 -0.010626999661326408
v 0.06128299981355667 -0.03053000010550022 -0.02027199976146221
v 0.06304100155830383 -0.029603000730276108 -0.009286000393331051
v 0.06128299981355667 -0.03053000010550022 -0.02027199976146221
v 0.06302700191736221 -0.025760000571608543 -0.017354000359773636
v 0.06304100155830383 -0.029603000730276108 -0.009286000393331051
v 0.06127599999308586 -0.03676300123333931 -0.0006549999816343188
v 0.06128700077533722 -0.03510399907827377 -0.010626999661326408
v 0.06304699927568436 -0.030892999842762947 -0.0010479999473318458
v 0.06128700077533722 -0.03510399907827377 -0.010626999661326408
v 0.06304100155830383 -0.029603000730276108 -0.009286000393331051
v 0.06304699927568436 -0.030892999842762947 -0.0010479999473318458
v 0.056334998458623886 -0.03945000097155571 0.01948400028049946
v 0.06134900078177452 -0.032930001616477966 0.015766000375151634
v 0.06153799965977669 -0.02866699919104576 0.022088000550866127
v 0.056334998458623886 -0.03945000097155571 0.01948400028049946
v 0.06153799965977669 -0.02866699919104576 0.022088000550866127
v 0.056400999426841736 -0.0342629998922348 0.027588000521063805
v 0.056543998420238495 -0.04431600123643875 0.0001939999929163605
v 0.06127599999308586 -0.03676300123333931 -0.0006549999816343188
v 0.06128299981355667 -0.03583500161767006 0.007734999991953373
v 0.056543998420238495 -0.04431600123643875 0.0001939999929163605
v 0.06128299981355667 -0.03583500161767006 0.007734999991953373
v 0.05627800151705742 -0.04290900006890297 0.009995999746024609
v 0.056334998458623886 -0.03945000097155571 0.01948400028049946
v 0.05627800151705742 -0.04290900006890297 0.009995999746024609
v 0.06134900078177452 -0.032930001616477966 0.015766000375151634
v 0.05627800151705742 -0.04290900006890297 0.009995999746024609
v 0.06128299981355667 -0.03583500161767006 0.007734999991953373
v 0.06134900078177452 -0.032930001616477966 0.015766000375151634
v 0.056014999747276306 -0.027984000742435455 0.03442100062966347
v 0.056400999426841736 -0.0342629998922348 0.027588000521063805
v 0.06132800132036209 -0.023493999615311623 0.02804500050842762
v 0.056400999426841736 -0.0342629998922348 0.027588000521063805
v 0.06153799965977669 -0.02866699919104576 0.022088000550866127
v 0.06132800132036209 -0.023493999615311623 0.02804500050842762
v 0.05581200122833252 -0.020771000534296036 0.03940799832344055
v 0.056014999747276306 -0.027984000742435455 0.03442100062966347
v 0.06123200058937073 -0.017482999712228775 0.03237900137901306
v 0.056014999747276306 -0.027984000742435455 0.03442100062966347
v 0.06132800132036209 -0.023493999615311623 0.02804500050842762
v 0.06123200058937073 -0.017482999712228775 0.03237900137901306
v 0.056042999029159546 -0.01319000031799078 0.0425029993057251
v 0.05581200122833252 -0.020771000534296036 0.03940799832344055
v 0.06141800060868263 -0.011177999898791313 0.034657999873161316
v 0.05581200122833252 -0.020771000534296036 0.03940799832344055
v 0.06123200058937073 -0.017482999712228775 0.03237900137901306
v 0.06141800060868263 -0.011177999898791313 0.034657999873161316
v 0.05600599944591522 -0.005491000134497881 0.044009000062942505
v 0.056042999029159546 -0.01319000031799078 0.0425029993057251
v 0.061473000794649124 -0.004738999996334314 0.03614399954676628
v 0.056042999029159546 -0.01319000031799078 0.0425029993057251
v 0.06141800060868263 -0.011177999898791313 0.034657999873161316
v 0.061473000794649124 -0.004738999996334314 0.03614399954676628
v 0.05577100068330765 0.0007980000227689743 0.04457300156354904
v 0.05600599944591522 -0.005491000134497881 0.044009000062942505
v 0.06132499873638153 0.0005370000144466758 0.03674500063061714
v 0.05600599944591522 -0.005491000134497881 0.044009000062942505
v 0.061473000794649124 -0.004738999996334314 0.03614399954676628
v 0.06132499873638153 0.0005370000144466758 0.03674500063061714
v 0.0552389994263649 0.0056859999895095825 0.0449410006403923
v 0.05577100068330765 0.0007980000227689743 0.04457300156354904
v 0.06113399937748909 0.004720000084489584 0.03679699823260307
v 0.05577100068330765 0.0007980000227689743 0.04457300156354904
v 0.06132499873638153 0.0005370000144466758 0.03674500063061714
v 0.06113399937748909 0.004720000084489584 0.03679699823260307
v 0.0552389994263649 0.0056859999895095825 0.0449410006403923
v 0.06113399937748909 0.004720000084489584 0.03679699823260307
v 0.06096399948000908 0.00916799996048212 0.03630499914288521
v 0.0552389994263649 0.0056859999895095825 0.0449410006403923
v 0.06096399948000908 0.00916799996048212 0.03630499914288521
v 0.05286499857902527 0.01410400029271841 0.04505399987101555
v 0.05424400046467781 0.05119699984788895 0.006548000033944845
v 0.06088599935173988 0.03724600002169609 0.005313999950885773
v 0.05496300011873245 0.048406001180410385 0.000846999988425523
v 0.06088599935173988 0.03724600002169609 0.005313999950885773
v 0.060871999710798264 0.03757600113749504 0
v 0.05496300011873245 0.048406001180410385 0.000846999988425523
v 0.05573499947786331 0.04458700120449066 -0.006604999769479036
v 0.05496300011873245 0.048406001180410385 0.000846999988425523
v 0.060871999710798264 0.03757600113749504 0
v 0.05573499947786331 0.04458700120449066 -0.006604999769479036
v 0.060871999710798264 0.03757600113749504 0
v 0.06092999875545502 0.036674000322818756 -0.006713000126183033
v 0.05612599849700928 0.041002001613378525 -0.01604500040411949
v 0.05573499947786331 0.04458700120449066 -0.006604999769479036
v 0.06092999875545502 0.036674000322818756 -0.006713000126183033
v 0.05612599849700928 0.041002001613378525 -0.01604500040411949
v 0.06092999875545502 0.036674000322818756 -0.006713000126183033
v 0.06128599867224693 0.03410999849438667 -0.013770000077784061
v 0.05641400068998337 0.03570700064301491 -0.026227999478578568
v 0.05612599849700928 0.041002001613378525 -0.01604500040411949
v 0.06128599867224693 0.03410999849438667 -0.013770000077784061
v 0.05641400068998337 0.03570700064301491 -0.026227999478578568
v 0.06128599867224693 0.03410999849438667 -0.013770000077784061
v 0.061184000223875046 0.02947700023651123 -0.022241000086069107
v 0.05653899908065796 0.030973000451922417 -0.031206000596284866
v 0.05641400068998337 0.03570700064301491 -0.026227999478578568
v 0.061184000223875046 0.02947700023651123 -0.022241000086069107
v 0.05653899908065796 0.030973000451922417 -0.031206000596284866
v 0.061184000223875046 0.02947700023651123 -0.022241000086069107
v 0.06128900125622749 0.025543000549077988 -0.02632099948823452
v 0.0565200001001358 0.024646999314427376 -0.036336999386548996
v 0.05653899908065796 0.030973000451922417 -0.031206000596284866
v 0.06128900125622749 0.025543000549077988 -0.02632099948823452
v 0.0565200001001358 0.024646999314427376 -0.036336999386548996
v 0.06128900125622749 0.025543000549077988 -0.02632099948823452
v 0.061260998249053955 0.020188000053167343 -0.030652999877929688
v 0.0567220002412796 0.01756799966096878 -0.040098000317811966
v 0.0565200001001358 0.024646999314427376 -0.036336999386548996
v 0.061260998249053955 0.020188000053167343 -0.030652999877929688
v 0.0567220002412796 0.01756799966096878 -0.040098000317811966
v 0.061260998249053955 0.020188000053167343 -0.030652999877929688
v 0.06132899969816208 0.014473999850451946 -0.033636998385190964
v 0.05654200166463852 0.008336000144481659 -0.043039001524448395
v 0.0567220002412796 0.01756799966096878 -0.040098000317811966
v 0.06132899969816208 0.014473999850451946 -0.033636998385190964
v 0.05654200166463852 0.008336000144481659 -0.043039001524448395
v 0.06132899969816208 0.014473999850451946 -0.033636998385190964
v 0.061229001730680466 0.006668999791145325 -0.036159999668598175
v 0.05657299980521202 0.0024190000258386135 -0.043710000813007355
v 0.05654200166463852 0.008336000144481659 -0.043039001524448395
v 0.061229001730680466 0.006668999791145325 -0.036159999668598175
v 0.05657299980521202 0.0024190000258386135 -0.043710000813007355
v 0.061229001730680466 0.006668999791145325 -0.036159999668598175
v 0.061191000044345856 0.001888000057078898 -0.03676899895071983
v 0.056752998381853104 -0.005963000003248453 -0.04320399835705757
v 0.05657299980521202 0.0024190000258386135 -0.043710000813007355
v 0.061191000044345856 0.001888000057078898 -0.03676899895071983
v 0.056752998381853104 -0.005963000003248453 -0.04320399835705757
v 0.061191000044345856 0.001888000057078898 -0.03676899895071983
v 0.06129400059580803 -0.005193000193685293 -0.03631199896335602
v 0.05635000020265579 -0.013551999814808369 -0.04238799959421158
v 0.056752998381853104 -0.005963000003248453 -0.04320399835705757
v 0.060954999178647995 -0.011314000003039837 -0.035606998950242996
v 0.056752998381853104 -0.005963000003248453 -0.04320399835705757
v 0.06129400059580803 -0.005193000193685293 -0.03631199896335602
v 0.060954999178647995 -0.011314000003039837 -0.035606998950242996
v 0.0566289983689785 -0.02206300012767315 -0.03777699917554855
v 0.05635000020265579 -0.013551999814808369 -0.04238799959421158
v 0.060954999178647995 -0.011314000003039837 -0.035606998950242996
v 0.0566289983689785 -0.02206300012767315 -0.03777699917554855
v 0.060954999178647995 -0.011314000003039837 -0.035606998950242996
v 0.061250001192092896 -0.018536999821662903 -0.031745001673698425
v 0.05637099966406822 -0.030257999897003174 -0.031909000128507614
v 0.0566289983689785 -0.02206300012767315 -0.03777699917554855
v 0.0611330009996891 -0.025217000395059586 -0.02704400010406971
v 0.0566289983689785 -0.02206300012767315 -0.03777699917554855
v 0.061250001192092896 -0.018536999821662903 -0.031745001673698425
v 0.0611330009996891 -0.025217000395059586 -0.02704400010406971
v 0.05661199986934662 -0.03658900037407875 -0.023926999419927597
v 0.05637099966406822 -0.030257999897003174 -0.031909000128507614
v 0.0611330009996891 -0.025217000395059586 -0.02704400010406971
v 0.05661199986934662 -0.03658900037407875 -0.023926999419927597
v 0.0611330009996891 -0.025217000395059586 -0.02704400010406971
v 0.06128299981355667 -0.03053000010550022 -0.02027199976146221
v 0.05653899908065796 -0.0419670008122921 -0.012641999870538712
v 0.05661199986934662 -0.03658900037407875 -0.023926999419927597
v 0.06128700077533722 -0.03510399907827377 -0.010626999661326408
v 0.05661199986934662 -0.03658900037407875 -0.023926999419927597
v 0.06128299981355667 -0.03053000010550022 -0.02027199976146221
v 0.06128700077533722 -0.03510399907827377 -0.010626999661326408
v 0.056543998420238495 -0.04431600123643875 0.0001939999929163605
v 0.05653899908065796 -0.0419670008122921 -0.012641999870538712
v 0.06127599999308586 -0.03676300123333931 -0.0006549999816343188
v 0.05653899908065796 -0.0419670008122921 -0.012641999870538712
v 0.06128700077533722 -0.03510399907827377 -0.010626999661326408
v 0.06127599999308586 -0.03676300123333931 -0.0006549999816343188
v 0.05215800181031227 -0.04216799885034561 0.02167000062763691
v 0.056334998458623886 -0.03945000097155571 0.01948400028049946
v 0.056400999426841736 -0.0342629998922348 0.027588000521063805
v 0.05215800181031227 -0.04216799885034561 0.02167000062763691
v 0.056400999426841736 -0.0342629998922348 0.027588000521063805
v 0.052216000854969025 -0.03696800023317337 0.029764000326395035
v 0.05249200016260147 -0.04729999974370003 0.0006520000169984996
v 0.056543998420238495 -0.04431600123643875 0.0001939999929163605
v 0.05627800151705742 -0.04290900006890297 0.009995999746024609
v 0.05249200016260147 -0.04729999974370003 0.0006520000169984996
v 0.05627800151705742 -0.04290900006890297 0.009995999746024609
v 0.05220799893140793 -0.04608999937772751 0.011049999855458736
v 0.05215800181031227 -0.04216799885034561 0.02167000062763691
v 0.05220799893140793 -0.04608999937772751 0.011049999855458736
v 0.056334998458623886 -0.03945000097155571 0.01948400028049946
v 0.05220799893140793 -0.04608999937772751 0.011049999855458736
v 0.05627800151705742 -0.04290900006890297 0.009995999746024609
v 0.056334998458623886 -0.03945000097155571 0.01948400028049946
v 0.05201200023293495 -0.030117999762296677 0.03681400045752525
v 0.052216000854969025 -0.03696800023317337 0.029764000326395035
v 0.056014999747276306 -0.027984000742435455 0.03442100062966347
v 0.052216000854969025 -0.03696800023317337 0.029764000326395035
v 0.056400999426841736 -0.0342629998922348 0.027588000521063805
v 0.056014999747276306 -0.027984000742435455 0.03442100062966347
v 0.051920000463724136 -0.021988000720739365 0.042233001440763474
v 0.05201200023293495 -0.030117999762296677 0.03681400045752525
v 0.05581200122833252 -0.020771000534296036 0.03940799832344055
v 0.05201200023293495 -0.030117999762296677 0.03681400045752525
v 0.056014999747276306 -0.027984000742435455 0.03442100062966347
v 0.05581200122833252 -0.020771000534296036 0.03940799832344055
v 0.05168600007891655 -0.013294000178575516 0.045694999396800995
v 0.051920000463724136 -0.021988000720739365 0.042233001440763474
v 0.056042999029159546 -0.01319000031799078 0.0425029993057251
v 0.051920000463724136 -0.021988000720739365 0.042233001440763474
v 0.05581200122833252 -0.020771000534296036 0.03940799832344055
v 0.056042999029159546 -0.01319000031799078 0.0425029993057251
v 0.05156800150871277 -0.006157999858260155 0.04746999964118004
v 0.05168600007891655 -0.013294000178575516 0.045694999396800995
v 0.05600599944591522 -0.005491000134497881 0.044009000062942505
v 0.05168600007891655 -0.013294000178575516 0.045694999396800995
v 0.056042999029159546 -0.01319000031799078 0.0425029993057251
v 0.05600599944591522 -0.005491000134497881 0.044009000062942505
v 0.051346998661756516 0.0001250000059371814 0.04806699976325035
v 0.05156800150871277 -0.006157999858260155 0.04746999964118004
v 0.05600599944591522 -0.005491000134497881 0.044009000062942505
v 0.051346998661756516 0.0001250000059371814 0.04806699976325035
v 0.05600599944591522 -0.005491000134497881 0.044009000062942505
v 0.05577100068330765 0.0007980000227689743 0.04457300156354904
v 0.04974700137972832 0.005373000167310238 0.048558998852968216
v 0.051346998661756516 0.0001250000059371814 0.04806699976325035
v 0.0552389994263649 0.0056859999895095825 0.0449410006403923
v 0.051346998661756516 0.0001250000059371814 0.04806699976325035
v 0.05577100068330765 0.0007980000227689743 0.04457300156354904
v 0.0552389994263649 0.0056859999895095825 0.0449410006403923
v 0.04974700137972832 0.005373000167310238 0.048558998852968216
v 0.0552389994263649 0.0056859999895095825 0.0449410006403923
v 0.05286499857902527 0.01410400029271841 0.04505399987101555
v 0.04974700137972832 0.005373000167310238 0.048558998852968216
v 0.05286499857902527 0.01410400029271841 0.04505399987101555
v 0.047634001821279526 0.011735999956727028 0.049313001334667206
v 0.05027399957180023 0.05443999916315079 0.0034660000819712877
v 0.05424400046467781 0.05119699984788895 0.006548000033944845
v 0.05496300011873245 0.048406001180410385 0.000846999988425523
v 0.05027399957180023 0.05443999916315079 0.0034660000819712877
v 0.05496300011873245 0.048406001180410385 0.000846999988425523
v 0.05083100125193596 0.05136999860405922 -0.0019710001070052385
v 0.05162300169467926 0.0473020002245903 -0.008790000341832638
v 0.05083100125193596 0.05136999860405922 -0.0019710001070052385
v 0.05573499947786331 0.04458700120449066 -0.006604999769479036
v 0.05083100125193596 0.05136999860405922 -0.0019710001070052385
v 0.05496300011873245 0.048406001180410385 0.000846999988425523
v 0.05573499947786331 0.04458700120449066 -0.006604999769479036
v 0.052108000963926315 0.04397900030016899 -0.0181450005620718
v 0.05162300169467926 0.0473020002245903 -0.008790000341832638
v 0.05612599849700928 0.041002001613378525 -0.01604500040411949
v 0.05162300169467926 0.0473020002245903 -0.008790000341832638
v 0.05573499947786331 0.04458700120449066 -0.006604999769479036
v 0.05612599849700928 0.041002001613378525 -0.01604500040411949
v 0.052191998809576035 0.03910500183701515 -0.026962999254465103
v 0.052108000963926315 0.04397900030016899 -0.0181450005620718
v 0.05612599849700928 0.041002001613378525 -0.01604500040411949
v 0.052191998809576035 0.03910500183701515 -0.026962999254465103
v 0.05612599849700928 0.041002001613378525 -0.01604500040411949
v 0.05641400068998337 0.03570700064301491 -0.026227999478578568
v 0.052310001105070114 0.03355000168085098 -0.03360699862241745
v 0.052191998809576035 0.03910500183701515 -0.026962999254465103
v 0.05641400068998337 0.03570700064301491 -0.026227999478578568
v 0.052310001105070114 0.03355000168085098 -0.03360699862241745
v 0.05641400068998337 0.03570700064301491 -0.026227999478578568
v 0.05653899908065796 0.030973000451922417 -0.031206000596284866
v 0.05224800109863281 0.027089999988675117 -0.038968998938798904
v 0.052310001105070114 0.03355000168085098 -0.03360699862241745
v 0.05653899908065796 0.030973000451922417 -0.031206000596284866
v 0.05224800109863281 0.027089999988675117 -0.038968998938798904
v 0.05653899908065796 0.030973000451922417 -0.031206000596284866
v 0.0565200001001358 0.024646999314427376 -0.036336999386548996
v 0.05232900008559227 0.019581999629735947 -0.04314799979329109
v 0.05224800109863281 0.027089999988675117 -0.038968998938798904
v 0.0565200001001358 0.024646999314427376 -0.036336999386548996
v 0.05232900008559227 0.019581999629735947 -0.04314799979329109
v 0.0565200001001358 0.024646999314427376 -0.036336999386548996
v 0.0567220002412796 0.01756799966096878 -0.040098000317811966
v 0.05222700163722038 0.009019000455737114 -0.04658700153231621
v 0.05232900008559227 0.019581999629735947 -0.04314799979329109
v 0.0567220002412796 0.01756799966096878 -0.040098000317811966
v 0.05222700163722038 0.009019000455737114 -0.04658700153231621
v 0.0567220002412796 0.01756799966096878 -0.040098000317811966
v 0.05654200166463852 0.008336000144481659 -0.043039001524448395
v 0.052338000386953354 0.0025289999321103096 -0.04721299931406975
v 0.05222700163722038 0.009019000455737114 -0.04658700153231621
v 0.05654200166463852 0.008336000144481659 -0.043039001524448395
v 0.052338000386953354 0.0025289999321103096 -0.04721299931406975
v 0.05654200166463852 0.008336000144481659 -0.043039001524448395
v 0.05657299980521202 0.0024190000258386135 -0.043710000813007355
v 0.05251099914312363 -0.006275000050663948 -0.04679900035262108
v 0.052338000386953354 0.0025289999321103096 -0.04721299931406975
v 0.05657299980521202 0.0024190000258386135 -0.043710000813007355
v 0.05251099914312363 -0.006275000050663948 -0.04679900035262108
v 0.05657299980521202 0.0024190000258386135 -0.043710000813007355
v 0.056752998381853104 -0.005963000003248453 -0.04320399835705757
v 0.05246800184249878 -0.014175999909639359 -0.045054998248815536
v 0.05251099914312363 -0.006275000050663948 -0.04679900035262108
v 0.05635000020265579 -0.013551999814808369 -0.04238799959421158
v 0.05251099914312363 -0.006275000050663948 -0.04679900035262108
v 0.056752998381853104 -0.005963000003248453 -0.04320399835705757
v 0.05635000020265579 -0.013551999814808369 -0.04238799959421158
v 0.05244800075888634 -0.02344599924981594 -0.04104200005531311
v 0.05246800184249878 -0.014175999909639359 -0.045054998248815536
v 0.05635000020265579 -0.013551999814808369 -0.04238799959421158
v 0.05244800075888634 -0.02344599924981594 -0.04104200005531311
v 0.05635000020265579 -0.013551999814808369 -0.04238799959421158
v 0.0566289983689785 -0.02206300012767315 -0.03777699917554855
v 0.05252699926495552 -0.032319001853466034 -0.0343719981610775
v 0.05244800075888634 -0.02344599924981594 -0.04104200005531311
v 0.0566289983689785 -0.02206300012767315 -0.03777699917554855
v 0.05252699926495552 -0.032319001853466034 -0.0343719981610775
v 0.0566289983689785 -0.02206300012767315 -0.03777699917554855
v 0.05637099966406822 -0.030257999897003174 -0.031909000128507614
v 0.0525129996240139 -0.03930100053548813 -0.02608799934387207
v 0.05252699926495552 -0.032319001853466034 -0.0343719981610775
v 0.05637099966406822 -0.030257999897003174 -0.031909000128507614
v 0.0525129996240139 -0.03930100053548813 -0.02608799934387207
v 0.05637099966406822 -0.030257999897003174 -0.031909000128507614
v 0.05661199986934662 -0.03658900037407875 -0.023926999419927597
v 0.052657000720500946 -0.045111000537872314 -0.013601000420749187
v 0.0525129996240139 -0.03930100053548813 -0.02608799934387207
v 0.05661199986934662 -0.03658900037407875 -0.023926999419927597
v 0.052657000720500946 -0.045111000537872314 -0.013601000420749187
v 0.05661199986934662 -0.03658900037407875 -0.023926999419927597
v 0.05653899908065796 -0.0419670008122921 -0.012641999870538712
v 0.05249200016260147 -0.04729999974370003 0.0006520000169984996
v 0.052657000720500946 -0.045111000537872314 -0.013601000420749187
v 0.056543998420238495 -0.04431600123643875 0.0001939999929163605
v 0.052657000720500946 -0.045111000537872314 -0.013601000420749187
v 0.05653899908065796 -0.0419670008122921 -0.012641999870538712
v 0.056543998420238495 -0.04431600123643875 0.0001939999929163605
v 0.039129000157117844 -0.04626600071787834 0.023070000112056732
v 0.05215800181031227 -0.04216799885034561 0.02167000062763691
v 0.0393729992210865 -0.040786001831293106 0.031888000667095184
v 0.05215800181031227 -0.04216799885034561 0.02167000062763691
v 0.052216000854969025 -0.03696800023317337 0.029764000326395035
v 0.0393729992210865 -0.040786001831293106 0.031888000667095184
v 0.03944600000977516 -0.0517599992454052 0.0004309999931138009
v 0.05249200016260147 -0.04729999974370003 0.0006520000169984996
v 0.05220799893140793 -0.04608999937772751 0.011049999855458736
v 0.03944600000977516 -0.0517599992454052 0.0004309999931138009
v 0.05220799893140793 -0.04608999937772751 0.011049999855458736
v 0.039135999977588654 -0.050453998148441315 0.011614999733865261
v 0.039129000157117844 -0.04626600071787834 0.023070000112056732
v 0.039135999977588654 -0.050453998148441315 0.011614999733865261
v 0.05220799893140793 -0.04608999937772751 0.011049999855458736
v 0.039129000157117844 -0.04626600071787834 0.023070000112056732
v 0.05220799893140793 -0.04608999937772751 0.011049999855458736
v 0.05215800181031227 -0.04216799885034561 0.02167000062763691
v 0.03937700018286705 -0.03337100148200989 0.03969600051641464
v 0.0393729992210865 -0.040786001831293106 0.031888000667095184
v 0.052216000854969025 -0.03696800023317337 0.029764000326395035
v 0.03937700018286705 -0.03337100148200989 0.03969600051641464
v 0.052216000854969025 -0.03696800023317337 0.029764000326395035
v 0.05201200023293495 -0.030117999762296677 0.03681400045752525
v 0.03937600180506706 -0.024664999917149544 0.04559699818491936
v 0.03937700018286705 -0.03337100148200989 0.03969600051641464
v 0.05201200023293495 -0.030117999762296677 0.03681400045752525
v 0.03937600180506706 -0.024664999917149544 0.04559699818491936
v 0.05201200023293495 -0.030117999762296677 0.03681400045752525
v 0.051920000463724136 -0.021988000720739365 0.042233001440763474
v 0.03936599940061569 -0.01541099976748228 0.04949299991130829
v 0.03937600180506706 -0.024664999917149544 0.04559699818491936
v 0.051920000463724136 -0.021988000720739365 0.042233001440763474
v 0.03936599940061569 -0.01541099976748228 0.04949299991130829
v 0.051920000463724136 -0.021988000720739365 0.042233001440763474
v 0.05168600007891655 -0.013294000178575516 0.045694999396800995
v 0.039218999445438385 -0.0076419999822974205 0.0513870008289814
v 0.03936599940061569 -0.01541099976748228 0.04949299991130829
v 0.05168600007891655 -0.013294000178575516 0.045694999396800995
v 0.039218999445438385 -0.0076419999822974205 0.0513870008289814
v 0.05168600007891655 -0.013294000178575516 0.045694999396800995
v 0.05156800150871277 -0.006157999858260155 0.04746999964118004
v 0.03937400132417679 -0.00101500004529953 0.05230899900197983
v 0.039218999445438385 -0.0076419999822974205 0.0513870008289814
v 0.05156800150871277 -0.006157999858260155 0.04746999964118004
v 0.03937400132417679 -0.00101500004529953 0.05230899900197983
v 0.05156800150871277 -0.006157999858260155 0.04746999964118004
v 0.051346998661756516 0.0001250000059371814 0.04806699976325035
v 0.03773399814963341 0.00533400010317564 0.05312899872660637
v 0.03937400132417679 -0.00101500004529953 0.05230899900197983
v 0.04974700137972832 0.005373000167310238 0.048558998852968216
v 0.03937400132417679 -0.00101500004529953 0.05230899900197983
v 0.051346998661756516 0.0001250000059371814 0.04806699976325035
v 0.04974700137972832 0.005373000167310238 0.048558998852968216
v 0.03773399814963341 0.00533400010317564 0.05312899872660637
v 0.04974700137972832 0.005373000167310238 0.048558998852968216
v 0.047634001821279526 0.011735999956727028 0.049313001334667206
v 0.03773399814963341 0.00533400010317564 0.05312899872660637
v 0.047634001821279526 0.011735999956727028 0.049313001334667206
v 0.0375639982521534 0.01092899963259697 0.055275000631809235
v 0.03903200104832649 0.05981399863958359 0.0012829999905079603
v 0.05027399957180023 0.05443999916315079 0.0034660000819712877
v 0.03900599852204323 0.056418001651763916 -0.0036539998836815357
v 0.05027399957180023 0.05443999916315079 0.0034660000819712877
v 0.05083100125193596 0.05136999860405922 -0.0019710001070052385
v 0.03900599852204323 0.056418001651763916 -0.0036539998836815357
v 0.03944600000977516 0.05203000083565712 -0.011698000133037567
v 0.03900599852204323 0.056418001651763916 -0.0036539998836815357
v 0.05083100125193596 0.05136999860405922 -0.0019710001070052385
v 0.03944600000977516 0.05203000083565712 -0.011698000133037567
v 0.05083100125193596 0.05136999860405922 -0.0019710001070052385
v 0.05162300169467926 0.0473020002245903 -0.008790000341832638
v 0.03944600000977516 0.04788399860262871 -0.02060299925506115
v 0.03944600000977516 0.05203000083565712 -0.011698000133037567
v 0.052108000963926315 0.04397900030016899 -0.0181450005620718
v 0.03944600000977516 0.05203000083565712 -0.011698000133037567
v 0.05162300169467926 0.0473020002245903 -0.008790000341832638
v 0.052108000963926315 0.04397900030016899 -0.0181450005620718
v 0.03944600000977516 0.04235700145363808 -0.030122000724077225
v 0.03944600000977516 0.04788399860262871 -0.02060299925506115
v 0.052191998809576035 0.03910500183701515 -0.026962999254465103
v 0.03944600000977516 0.04788399860262871 -0.02060299925506115
v 0.052108000963926315 0.04397900030016899 -0.0181450005620718
v 0.052191998809576035 0.03910500183701515 -0.026962999254465103
v 0.03944600000977516 0.03606199845671654 -0.037337999790906906
v 0.03944600000977516 0.04235700145363808 -0.030122000724077225
v 0.052310001105070114 0.03355000168085098 -0.03360699862241745
v 0.03944600000977516 0.04235700145363808 -0.030122000724077225
v 0.052191998809576035 0.03910500183701515 -0.026962999254465103
v 0.052310001105070114 0.03355000168085098 -0.03360699862241745
v 0.03944600000977516 0.028999000787734985 -0.04301900044083595
v 0.03944600000977516 0.03606199845671654 -0.037337999790906906
v 0.05224800109863281 0.027089999988675117 -0.038968998938798904
v 0.03944600000977516 0.03606199845671654 -0.037337999790906906
v 0.052310001105070114 0.03355000168085098 -0.03360699862241745
v 0.05224800109863281 0.027089999988675117 -0.038968998938798904
v 0.03931200131773949 0.020754000172019005 -0.04730900004506111
v 0.03944600000977516 0.028999000787734985 -0.04301900044083595
v 0.05232900008559227 0.019581999629735947 -0.04314799979329109
v 0.03944600000977516 0.028999000787734985 -0.04301900044083595
v 0.05224800109863281 0.027089999988675117 -0.038968998938798904
v 0.05232900008559227 0.019581999629735947 -0.04314799979329109
v 0.03939000144600868 0.00911800004541874 -0.05115199834108353
v 0.03931200131773949 0.020754000172019005 -0.04730900004506111
v 0.05222700163722038 0.009019000455737114 -0.04658700153231621
v 0.03931200131773949 0.020754000172019005 -0.04730900004506111
v 0.05232900008559227 0.019581999629735947 -0.04314799979329109
v 0.05222700163722038 0.009019000455737114 -0.04658700153231621
v 0.03944600000977516 0.002130999928340316 -0.051771000027656555
v 0.03939000144600868 0.00911800004541874 -0.05115199834108353
v 0.052338000386953354 0.0025289999321103096 -0.04721299931406975
v 0.03939000144600868 0.00911800004541874 -0.05115199834108353
v 0.05222700163722038 0.009019000455737114 -0.04658700153231621
v 0.052338000386953354 0.0025289999321103096 -0.04721299931406975
v 0.039319999516010284 -0.007362999953329563 -0.05105200037360191
v 0.03944600000977516 0.002130999928340316 -0.051771000027656555
v 0.05251099914312363 -0.006275000050663948 -0.04679900035262108
v 0.03944600000977516 0.002130999928340316 -0.051771000027656555
v 0.052338000386953354 0.0025289999321103096 -0.04721299931406975
v 0.05251099914312363 -0.006275000050663948 -0.04679900035262108
v 0.03944600000977516 -0.015985999256372452 -0.049313999712467194
v 0.039319999516010284 -0.007362999953329563 -0.05105200037360191
v 0.05246800184249878 -0.014175999909639359 -0.045054998248815536
v 0.039319999516010284 -0.007362999953329563 -0.05105200037360191
v 0.05251099914312363 -0.006275000050663948 -0.04679900035262108
v 0.05246800184249878 -0.014175999909639359 -0.045054998248815536
v 0.03944600000977516 -0.02596599981188774 -0.04501499980688095
v 0.03944600000977516 -0.015985999256372452 -0.049313999712467194
v 0.05244800075888634 -0.02344599924981594 -0.04104200005531311
v 0.03944600000977516 -0.015985999256372452 -0.049313999712467194
v 0.05246800184249878 -0.014175999909639359 -0.045054998248815536
v 0.05244800075888634 -0.02344599924981594 -0.04104200005531311
v 0.03944600000977516 -0.035638999193906784 -0.03764599934220314
v 0.03944600000977516 -0.02596599981188774 -0.04501499980688095
v 0.05252699926495552 -0.032319001853466034 -0.0343719981610775
v 0.03944600000977516 -0.02596599981188774 -0.04501499980688095
v 0.05244800075888634 -0.02344599924981594 -0.04104200005531311
v 0.05252699926495552 -0.032319001853466034 -0.0343719981610775
v 0.03944600000977516 -0.04316199943423271 -0.028741000220179558
v 0.03944600000977516 -0.035638999193906784 -0.03764599934220314
v 0.0525129996240139 -0.03930100053548813 -0.02608799934387207
v 0.03944600000977516 -0.035638999193906784 -0.03764599934220314
v 0.05252699926495552 -0.032319001853466034 -0.0343719981610775
v 0.0525129996240139 -0.03930100053548813 -0.02608799934387207
v 0.03944600000977516 -0.049302998930215836 -0.01522899977862835
v 0.03944600000977516 -0.04316199943423271 -0.028741000220179558
v 0.0525129996240139 -0.03930100053548813 -0.02608799934387207
v 0.03944600000977516 -0.049302998930215836 -0.01522899977862835
v 0.0525129996240139 -0.03930100053548813 -0.02608799934387207
v 0.052657000720500946 -0.045111000537872314 -0.013601000420749187
v 0.03944600000977516 -0.0517599992454052 0.0004309999931138009
v 0.03944600000977516 -0.049302998930215836 -0.01522899977862835
v 0.052657000720500946 -0.045111000537872314 -0.013601000420749187
v 0.03944600000977516 -0.0517599992454052 0.0004309999931138009
v 0.052657000720500946 -0.045111000537872314 -0.013601000420749187
v 0.05249200016260147 -0.04729999974370003 0.0006520000169984996
v 0.028558999300003052 -0.04639999940991402 0.023099999874830246
v 0.039129000157117844 -0.04626600071787834 0.023070000112056732
v 0.02880300022661686 -0.04092099890112877 0.0319180004298687
v 0.039129000157117844 -0.04626600071787834 0.023070000112056732
v 0.0393729992210865 -0.040786001831293106 0.031888000667095184
v 0.02880300022661686 -0.04092099890112877 0.0319180004298687
v 0.02887599915266037 -0.05189500004053116 0.00046099998871795833
v 0.03944600000977516 -0.0517599992454052 0.0004309999931138009
v 0.039135999977588654 -0.050453998148441315 0.011614999733865261
v 0.02887599915266037 -0.05189500004053116 0.00046099998871795833
v 0.039135999977588654 -0.050453998148441315 0.011614999733865261
v 0.028565000742673874 -0.050588998943567276 0.01164500042796135
v 0.028558999300003052 -0.04639999940991402 0.023099999874830246
v 0.028565000742673874 -0.050588998943567276 0.01164500042796135
v 0.039135999977588654 -0.050453998148441315 0.011614999733865261
v 0.028558999300003052 -0.04639999940991402 0.023099999874830246
v 0.039135999977588654 -0.050453998148441315 0.011614999733865261
v 0.039129000157117844 -0.04626600071787834 0.023070000112056732
v 0.02880599908530712 -0.03350599855184555 0.039726000279188156
v 0.02880300022661686 -0.04092099890112877 0.0319180004298687
v 0.0393729992210865 -0.040786001831293106 0.031888000667095184
v 0.02880599908530712 -0.03350599855184555 0.039726000279188156
v 0.0393729992210865 -0.040786001831293106 0.031888000667095184
v 0.03937700018286705 -0.03337100148200989 0.03969600051641464
v 0.02880599908530712 -0.024799000471830368 0.04562599956989288
v 0.02880599908530712 -0.03350599855184555 0.039726000279188156
v 0.03937700018286705 -0.03337100148200989 0.03969600051641464
v 0.02880599908530712 -0.024799000471830368 0.04562599956989288
v 0.03937700018286705 -0.03337100148200989 0.03969600051641464
v 0.03937600180506706 -0.024664999917149544 0.04559699818491936
v 0.02879600040614605 -0.015545999631285667 0.0495229996740818
v 0.02880599908530712 -0.024799000471830368 0.04562599956989288
v 0.03937600180506706 -0.024664999917149544 0.04559699818491936
v 0.02879600040614605 -0.015545999631285667 0.0495229996740818
v 0.03937600180506706 -0.024664999917149544 0.04559699818491936
v 0.03936599940061569 -0.01541099976748228 0.04949299991130829
v 0.028648000210523605 -0.007776999846100807 0.05141700059175491
v 0.02879600040614605 -0.015545999631285667 0.0495229996740818
v 0.039218999445438385 -0.0076419999822974205 0.0513870008289814
v 0.02879600040614605 -0.015545999631285667 0.0495229996740818
v 0.03936599940061569 -0.01541099976748228 0.04949299991130829
v 0.039218999445438385 -0.0076419999822974205 0.0513870008289814
v 0.028804000467061996 -0.0011500000255182385 0.052338000386953354
v 0.028648000210523605 -0.007776999846100807 0.05141700059175491
v 0.039218999445438385 -0.0076419999822974205 0.0513870008289814
v 0.028804000467061996 -0.0011500000255182385 0.052338000386953354
v 0.039218999445438385 -0.0076419999822974205 0.0513870008289814
v 0.03937400132417679 -0.00101500004529953 0.05230899900197983
v 0.028804000467061996 0.0053820000030100346 0.05483800172805786
v 0.028804000467061996 -0.0011500000255182385 0.052338000386953354
v 0.03773399814963341 0.00533400010317564 0.05312899872660637
v 0.028804000467061996 -0.0011500000255182385 0.052338000386953354
v 0.03937400132417679 -0.00101500004529953 0.05230899900197983
v 0.03773399814963341 0.00533400010317564 0.05312899872660637
v 0.028804000467061996 0.0053820000030100346 0.05483800172805786
v 0.03773399814963341 0.00533400010317564 0.05312899872660637
v 0.0375639982521534 0.01092899963259697 0.055275000631809235
v 0.028804000467061996 0.0053820000030100346 0.05483800172805786
v 0.0375639982521534 0.01092899963259697 0.055275000631809235
v 0.028804000467061996 0.011427000164985657 0.05917400121688843
v 0.02887599915266037 0.06064600124955177 0.001075000036507845
v 0.03903200104832649 0.05981399863958359 0.0012829999905079603
v 0.02887599915266037 0.056960999965667725 -0.0036849998869001865
v 0.03903200104832649 0.05981399863958359 0.0012829999905079603
v 0.03900599852204323 0.056418001651763916 -0.0036539998836815357
v 0.02887599915266037 0.056960999965667725 -0.0036849998869001865
v 0.02887599915266037 0.05189500004053116 -0.011668999679386616
v 0.02887599915266037 0.056960999965667725 -0.0036849998869001865
v 0.03900599852204323 0.056418001651763916 -0.0036539998836815357
v 0.02887599915266037 0.05189500004053116 -0.011668999679386616
v 0.03900599852204323 0.056418001651763916 -0.0036539998836815357
v 0.03944600000977516 0.05203000083565712 -0.011698000133037567
v 0.02887599915266037 0.04774999991059303 -0.020573999732732773
v 0.02887599915266037 0.05189500004053116 -0.011668999679386616
v 0.03944600000977516 0.04788399860262871 -0.02060299925506115
v 0.02887599915266037 0.05189500004053116 -0.011668999679386616
v 0.03944600000977516 0.05203000083565712 -0.011698000133037567
v 0.03944600000977516 0.04788399860262871 -0.02060299925506115
v 0.02887599915266037 0.042222000658512115 -0.0300929993391037
v 0.02887599915266037 0.04774999991059303 -0.020573999732732773
v 0.03944600000977516 0.04235700145363808 -0.030122000724077225
v 0.02887599915266037 0.04774999991059303 -0.020573999732732773
v 0.03944600000977516 0.04788399860262871 -0.02060299925506115
v 0.03944600000977516 0.04235700145363808 -0.030122000724077225
v 0.02887599915266037 0.035927001386880875 -0.03730899840593338
v 0.02887599915266037 0.042222000658512115 -0.0300929993391037
v 0.03944600000977516 0.03606199845671654 -0.037337999790906906
v 0.02887599915266037 0.042222000658512115 -0.0300929993391037
v 0.03944600000977516 0.04235700145363808 -0.030122000724077225
v 0.03944600000977516 0.03606199845671654 -0.037337999790906906
v 0.02887599915266037 0.02886500023305416 -0.04298999905586243
v 0.02887599915266037 0.035927001386880875 -0.03730899840593338
v 0.03944600000977516 0.028999000787734985 -0.04301900044083595
v 0.02887599915266037 0.035927001386880875 -0.03730899840593338
v 0.03944600000977516 0.03606199845671654 -0.037337999790906906
v 0.03944600000977516 0.028999000787734985 -0.04301900044083595
v 0.028742000460624695 0.02061999961733818 -0.047279998660087585
v 0.02887599915266037 0.02886500023305416 -0.04298999905586243
v 0.03931200131773949 0.020754000172019005 -0.04730900004506111
v 0.02887599915266037 0.02886500023305416 -0.04298999905586243
v 0.03944600000977516 0.028999000787734985 -0.04301900044083595
v 0.03931200131773949 0.020754000172019005 -0.04730900004506111
v 0.02882000058889389 0.008983000181615353 -0.05112199857831001
v 0.028742000460624695 0.02061999961733818 -0.047279998660087585
v 0.03939000144600868 0.00911800004541874 -0.05115199834108353
v 0.028742000460624695 0.02061999961733818 -0.047279998660087585
v 0.03931200131773949 0.020754000172019005 -0.04730900004506111
v 0.03939000144600868 0.00911800004541874 -0.05115199834108353
v 0.02887599915266037 0.001996000064536929 -0.05174100026488304
v 0.02882000058889389 0.008983000181615353 -0.05112199857831001
v 0.03944600000977516 0.002130999928340316 -0.051771000027656555
v 0.02882000058889389 0.008983000181615353 -0.05112199857831001
v 0.03939000144600868 0.00911800004541874 -0.05115199834108353
v 0.03944600000977516 0.002130999928340316 -0.051771000027656555
v 0.028750000521540642 -0.00749799981713295 -0.0510220006108284
v 0.02887599915266037 0.001996000064536929 -0.05174100026488304
v 0.039319999516010284 -0.007362999953329563 -0.05105200037360191
v 0.02887599915266037 0.001996000064536929 -0.05174100026488304
v 0.03944600000977516 0.002130999928340316 -0.051771000027656555
v 0.039319999516010284 -0.007362999953329563 -0.05105200037360191
v 0.02887599915266037 -0.016121000051498413 -0.04928499832749367
v 0.028750000521540642 -0.00749799981713295 -0.0510220006108284
v 0.039319999516010284 -0.007362999953329563 -0.05105200037360191
v 0.02887599915266037 -0.016121000051498413 -0.04928499832749367
v 0.039319999516010284 -0.007362999953329563 -0.05105200037360191
v 0.03944600000977516 -0.015985999256372452 -0.049313999712467194
v 0.02887599915266037 -0.026101000607013702 -0.044985998421907425
v 0.02887599915266037 -0.016121000051498413 -0.04928499832749367
v 0.03944600000977516 -0.02596599981188774 -0.04501499980688095
v 0.02887599915266037 -0.016121000051498413 -0.04928499832749367
v 0.03944600000977516 -0.015985999256372452 -0.049313999712467194
v 0.03944600000977516 -0.02596599981188774 -0.04501499980688095
v 0.02887599915266037 -0.035773999989032745 -0.037615999579429626
v 0.02887599915266037 -0.026101000607013702 -0.044985998421907425
v 0.03944600000977516 -0.035638999193906784 -0.03764599934220314
v 0.02887599915266037 -0.026101000607013702 -0.044985998421907425
v 0.03944600000977516 -0.02596599981188774 -0.04501499980688095
v 0.03944600000977516 -0.035638999193906784 -0.03764599934220314
v 0.02887599915266037 -0.04329700022935867 -0.028711000457406044
v 0.02887599915266037 -0.035773999989032745 -0.037615999579429626
v 0.03944600000977516 -0.04316199943423271 -0.028741000220179558
v 0.02887599915266037 -0.035773999989032745 -0.037615999579429626
v 0.03944600000977516 -0.035638999193906784 -0.03764599934220314
v 0.03944600000977516 -0.04316199943423271 -0.028741000220179558
v 0.02887599915266037 -0.0494379997253418 -0.015200000256299973
v 0.02887599915266037 -0.04329700022935867 -0.028711000457406044
v 0.03944600000977516 -0.049302998930215836 -0.01522899977862835
v 0.02887599915266037 -0.04329700022935867 -0.028711000457406044
v 0.03944600000977516 -0.04316199943423271 -0.028741000220179558
v 0.03944600000977516 -0.049302998930215836 -0.01522899977862835
v 0.02887599915266037 -0.05189500004053116 0.00046099998871795833
v 0.02887599915266037 -0.0494379997253418 -0.015200000256299973
v 0.03944600000977516 -0.0517599992454052 0.0004309999931138009
v 0.02887599915266037 -0.0494379997253418 -0.015200000256299973
v 0.03944600000977516 -0.049302998930215836 -0.01522899977862835
v 0.03944600000977516 -0.0517599992454052 0.0004309999931138009
v 0.022272000089287758 0.004772000014781952 0.018758000805974007
v 0.022285999730229378 0.006816000211983919 0.01806199923157692
v 0.02985299937427044 0.004772000014781952 0.018758000805974007
v 0.022285999730229378 0.006816000211983919 0.01806199923157692
v 0.029867000877857208 0.006816000211983919 0.01806199923157692
v 0.02985299937427044 0.004772000014781952 0.018758000805974007
v 0.022257000207901 0.018293999135494232 0.005537000019103289
v 0.022249000146985054 0.018890999257564545 0.0028699999675154686
v 0.029829999431967735 0.018890999257564545 0.0028699999675154686
v 0.022257000207901 0.018293999135494232 0.005537000019103289
v 0.029829999431967735 0.018890999257564545 0.0028699999675154686
v 0.029837999492883682 0.018293999135494232 0.005537000019103289
v 0.022252999246120453 -0.01548099983483553 0.011176999658346176
v 0.029834000393748283 -0.01548099983483553 0.011176999658346176
v 0.029823999851942062 -0.017333000898361206 0.007930000312626362
v 0.022252999246120453 -0.01548099983483553 0.011176999658346176
v 0.029823999851942062 -0.017333000898361206 0.007930000312626362
v 0.02224300056695938 -0.017333000898361206 0.007930000312626362
v 0.022247999906539917 -0.018268000334501266 0.005566000007092953
v 0.0298289991915226 -0.018268000334501266 0.005566000007092953
v 0.02981399931013584 -0.018936000764369965 0.002237000036984682
v 0.022247999906539917 -0.018268000334501266 0.005566000007092953
v 0.02981399931013584 -0.018936000764369965 0.002237000036984682
v 0.02223300002515316 -0.018936000764369965 0.002237000036984682
v 0.022247999906539917 -0.018268000334501266 0.005566000007092953
v 0.02224300056695938 -0.017333000898361206 0.007930000312626362
v 0.029823999851942062 -0.017333000898361206 0.007930000312626362
v 0.022247999906539917 -0.018268000334501266 0.005566000007092953
v 0.029823999851942062 -0.017333000898361206 0.007930000312626362
v 0.0298289991915226 -0.018268000334501266 0.005566000007092953
v 0.022252999246120453 -0.01548099983483553 0.011176999658346176
v 0.02228200063109398 -0.012373000383377075 0.014510000124573708
v 0.029834000393748283 -0.01548099983483553 0.011176999658346176
v 0.02228200063109398 -0.012373000383377075 0.014510000124573708
v 0.02986299991607666 -0.012373000383377075 0.014510000124573708
v 0.029834000393748283 -0.01548099983483553 0.011176999658346176
v 0.02228200063109398 -0.012373000383377075 0.014510000124573708
v 0.022276999428868294 -0.00868299975991249 0.01709900051355362
v 0.029858000576496124 -0.00868299975991249 0.01709900051355362
v 0.02228200063109398 -0.012373000383377075 0.014510000124573708
v 0.029858000576496124 -0.00868299975991249 0.01709900051355362
v 0.02986299991607666 -0.012373000383377075 0.014510000124573708
v 0.022276999428868294 -0.00868299975991249 0.01709900051355362
v 0.022285999730229378 -0.005073000211268663 0.0185100007802248
v 0.029858000576496124 -0.00868299975991249 0.01709900051355362
v 0.022285999730229378 -0.005073000211268663 0.0185100007802248
v 0.029867000877857208 -0.005073000211268663 0.0185100007802248
v 0.029858000576496124 -0.00868299975991249 0.01709900051355362
v 0.022285999730229378 -0.005073000211268663 0.0185100007802248
v 0.02226799912750721 -0.0013719999697059393 0.019206000491976738
v 0.02984900027513504 -0.0013719999697059393 0.019206000491976738
v 0.022285999730229378 -0.005073000211268663 0.0185100007802248
v 0.02984900027513504 -0.0013719999697059393 0.019206000491976738
v 0.029867000877857208 -0.005073000211268663 0.0185100007802248
v 0.02226799912750721 -0.0013719999697059393 0.019206000491976738
v 0.022288000211119652 0.0018489999929443002 0.01918499916791916
v 0.02984900027513504 -0.0013719999697059393 0.019206000491976738
v 0.022288000211119652 0.0018489999929443002 0.01918499916791916
v 0.029867999255657196 0.0018489999929443002 0.01918499916791916
v 0.02984900027513504 -0.0013719999697059393 0.019206000491976738
v 0.022288000211119652 0.0018489999929443002 0.01918499916791916
v 0.022272000089287758 0.004772000014781952 0.018758000805974007
v 0.02985299937427044 0.004772000014781952 0.018758000805974007
v 0.022288000211119652 0.0018489999929443002 0.01918499916791916
v 0.02985299937427044 0.004772000014781952 0.018758000805974007
v 0.029867999255657196 0.0018489999929443002 0.01918499916791916
v 0.022285999730229378 0.006816000211983919 0.01806199923157692
v 0.02226799912750721 0.009196000173687935 0.016878999769687653
v 0.02984900027513504 0.009196000173687935 0.016878999769687653
v 0.022285999730229378 0.006816000211983919 0.01806199923157692
v 0.02984900027513504 0.009196000173687935 0.016878999769687653
v 0.029867000877857208 0.006816000211983919 0.01806199923157692
v 0.02226799912750721 0.009196000173687935 0.016878999769687653
v 0.022260000929236412 0.011017000302672386 0.015711000189185143
v 0.029841000214219093 0.011017000302672386 0.015711000189185143
v 0.02226799912750721 0.009196000173687935 0.016878999769687653
v 0.029841000214219093 0.011017000302672386 0.015711000189185143
v 0.02984900027513504 0.009196000173687935 0.016878999769687653
v 0.022260000929236412 0.011017000302672386 0.015711000189185143
v 0.022262999787926674 0.012818999588489532 0.01424300018697977
v 0.029841000214219093 0.011017000302672386 0.015711000189185143
v 0.022262999787926674 0.012818999588489532 0.01424300018697977
v 0.029843999072909355 0.012818999588489532 0.01424300018697977
v 0.029841000214219093 0.011017000302672386 0.015711000189185143
v 0.022262999787926674 0.012818999588489532 0.01424300018697977
v 0.022260000929236412 0.014085999689996243 0.01296200044453144
v 0.029841000214219093 0.014085999689996243 0.01296200044453144
v 0.022262999787926674 0.012818999588489532 0.01424300018697977
v 0.029841000214219093 0.014085999689996243 0.01296200044453144
v 0.029843999072909355 0.012818999588489532 0.01424300018697977
v 0.022260000929236412 0.014085999689996243 0.01296200044453144
v 0.0222609993070364 0.015548000112175941 0.011184999719262123
v 0.029841000214219093 0.014085999689996243 0.01296200044453144
v 0.0222609993070364 0.015548000112175941 0.011184999719262123
v 0.02984200045466423 0.015548000112175941 0.011184999719262123
v 0.029841000214219093 0.014085999689996243 0.01296200044453144
v 0.0222609993070364 0.015548000112175941 0.011184999719262123
v 0.0222609993070364 0.016610000282526016 0.009538000449538231
v 0.02984200045466423 0.015548000112175941 0.011184999719262123
v 0.0222609993070364 0.016610000282526016 0.009538000449538231
v 0.02984200045466423 0.016610000282526016 0.009538000449538231
v 0.02984200045466423 0.015548000112175941 0.011184999719262123
v 0.0222609993070364 0.016610000282526016 0.009538000449538231
v 0.022262999787926674 0.017669999971985817 0.007449999917298555
v 0.02984200045466423 0.016610000282526016 0.009538000449538231
v 0.022262999787926674 0.017669999971985817 0.007449999917298555
v 0.029843000695109367 0.017669999971985817 0.007449999917298555
v 0.02984200045466423 0.016610000282526016 0.009538000449538231
v 0.022262999787926674 0.017669999971985817 0.007449999917298555
v 0.022257000207901 0.018293999135494232 0.005537000019103289
v 0.029837999492883682 0.018293999135494232 0.005537000019103289
v 0.022262999787926674 0.017669999971985817 0.007449999917298555
v 0.029837999492883682 0.018293999135494232 0.005537000019103289
v 0.029843000695109367 0.017669999971985817 0.007449999917298555
v 0.022249000146985054 0.018890999257564545 0.0028699999675154686
v 0.022252000868320465 0.019040999934077263 0
v 0.029829999431967735 0.018890999257564545 0.0028699999675154686
v 0.022252000868320465 0.019040999934077263 0
v 0.029833000153303146 0.019040999934077263 0
v 0.029829999431967735 0.018890999257564545 0.0028699999675154686
v 0.022252000868320465 0.019040999934077263 0
v 0.022252999246120453 0.018758000805974007 -0.0032450000289827585
v 0.029833000153303146 0.019040999934077263 0
v 0.022252999246120453 0.018758000805974007 -0.0032450000289827585
v 0.029834000393748283 0.018758000805974007 -0.0032450000289827585
v 0.029833000153303146 0.019040999934077263 0
v 0.022252999246120453 0.018758000805974007 -0.0032450000289827585
v 0.0222609993070364 0.0176790002733469 -0.006787999998778105
v 0.029834000393748283 0.018758000805974007 -0.0032450000289827585
v 0.0222609993070364 0.0176790002733469 -0.006787999998778105
v 0.02984200045466423 0.0176790002733469 -0.006787999998778105
v 0.029834000393748283 0.018758000805974007 -0.0032450000289827585
v 0.0222609993070364 0.0176790002733469 -0.006787999998778105
v 0.022259000688791275 0.01584699936211109 -0.010343000292778015
v 0.02983899973332882 0.01584699936211109 -0.010343000292778015
v 0.0222609993070364 0.0176790002733469 -0.006787999998778105
v 0.02983899973332882 0.01584699936211109 -0.010343000292778015
v 0.02984200045466423 0.0176790002733469 -0.006787999998778105
v 0.022259000688791275 0.01584699936211109 -0.010343000292778015
v 0.022259000688791275 0.013412999920547009 -0.013337000273168087
v 0.02983899973332882 0.01584699936211109 -0.010343000292778015
v 0.022259000688791275 0.013412999920547009 -0.013337000273168087
v 0.029839999973773956 0.013412999920547009 -0.013337000273168087
v 0.02983899973332882 0.01584699936211109 -0.010343000292778015
v 0.022259000688791275 0.013412999920547009 -0.013337000273168087
v 0.022252999246120453 0.010476999916136265 -0.01573600061237812
v 0.029834000393748283 0.010476999916136265 -0.01573600061237812
v 0.022259000688791275 0.013412999920547009 -0.013337000273168087
v 0.029834000393748283 0.010476999916136265 -0.01573600061237812
v 0.029839999973773956 0.013412999920547009 -0.013337000273168087
v 0.022252999246120453 0.010476999916136265 -0.01573600061237812
v 0.022260000929236412 0.006941999774426222 -0.017542999237775803
v 0.029834000393748283 0.010476999916136265 -0.01573600061237812
v 0.022260000929236412 0.006941999774426222 -0.017542999237775803
v 0.029841000214219093 0.006941999774426222 -0.017542999237775803
v 0.029834000393748283 0.010476999916136265 -0.01573600061237812
v 0.022260000929236412 0.006941999774426222 -0.017542999237775803
v 0.02222600020468235 0.003593999892473221 -0.01846799999475479
v 0.02980699948966503 0.003593999892473221 -0.01846799999475479
v 0.022260000929236412 0.006941999774426222 -0.017542999237775803
v 0.02980699948966503 0.003593999892473221 -0.01846799999475479
v 0.029841000214219093 0.006941999774426222 -0.017542999237775803
v 0.02222600020468235 0.003593999892473221 -0.01846799999475479
v 0.022205999121069908 -0.00023200000578071922 -0.01874300092458725
v 0.02978700026869774 -0.00023200000578071922 -0.01874300092458725
v 0.02222600020468235 0.003593999892473221 -0.01846799999475479
v 0.02978700026869774 -0.00023200000578071922 -0.01874300092458725
v 0.02980699948966503 0.003593999892473221 -0.01846799999475479
v 0.022205999121069908 -0.00023200000578071922 -0.01874300092458725
v 0.022224999964237213 -0.003792000003159046 -0.018414000049233437
v 0.02978700026869774 -0.00023200000578071922 -0.01874300092458725
v 0.022224999964237213 -0.003792000003159046 -0.018414000049233437
v 0.029805999249219894 -0.003792000003159046 -0.018414000049233437
v 0.02978700026869774 -0.00023200000578071922 -0.01874300092458725
v 0.022224999964237213 -0.003792000003159046 -0.018414000049233437
v 0.02220500074326992 -0.008132999762892723 -0.016947999596595764
v 0.0297860000282526 -0.008132999762892723 -0.016947999596595764
v 0.022224999964237213 -0.003792000003159046 -0.018414000049233437
v 0.0297860000282526 -0.008132999762892723 -0.016947999596595764
v 0.029805999249219894 -0.003792000003159046 -0.018414000049233437
v 0.02220500074326992 -0.008132999762892723 -0.016947999596595764
v 0.022223999723792076 -0.012532000429928303 -0.014045000076293945
v 0.0297860000282526 -0.008132999762892723 -0.016947999596595764
v 0.022223999723792076 -0.012532000429928303 -0.014045000076293945
v 0.029805000871419907 -0.012532000429928303 -0.014045000076293945
v 0.0297860000282526 -0.008132999762892723 -0.016947999596595764
v 0.022223999723792076 -0.012532000429928303 -0.014045000076293945
v 0.022213999181985855 -0.015990000218153 -0.010169999673962593
v 0.029795000329613686 -0.015990000218153 -0.010169999673962593
v 0.022223999723792076 -0.012532000429928303 -0.014045000076293945
v 0.029795000329613686 -0.015990000218153 -0.010169999673962593
v 0.029805000871419907 -0.012532000429928303 -0.014045000076293945
v 0.022213999181985855 -0.015990000218153 -0.010169999673962593
v 0.022218000143766403 -0.018428999930620193 -0.004399999976158142
v 0.029795000329613686 -0.015990000218153 -0.010169999673962593
v 0.022218000143766403 -0.018428999930620193 -0.004399999976158142
v 0.029798999428749084 -0.018428999930620193 -0.004399999976158142
v 0.029795000329613686 -0.015990000218153 -0.010169999673962593
v 0.022218000143766403 -0.018428999930620193 -0.004399999976158142
v 0.02223300002515316 -0.018936000764369965 0.002237000036984682
v 0.029798999428749084 -0.018428999930620193 -0.004399999976158142
v 0.02223300002515316 -0.018936000764369965 0.002237000036984682
v 0.02981399931013584 -0.018936000764369965 0.002237000036984682
v 0.029798999428749084 -0.018428999930620193 -0.004399999976158142
v 0.02227799966931343 0.006080999970436096 0.023608999326825142
v 0.02229500003159046 0.008674999698996544 0.022724999114871025
v 0.022272000089287758 0.004772000014781952 0.018758000805974007
v 0.02229500003159046 0.008674999698996544 0.022724999114871025
v 0.022285999730229378 0.006816000211983919 0.01806199923157692
v 0.022272000089287758 0.004772000014781952 0.018758000805974007
v 0.022258000448346138 0.023242000490427017 0.006829999852925539
v 0.022247999906539917 0.024000000208616257 0.0034439999144524336
v 0.022249000146985054 0.018890999257564545 0.0028699999675154686
v 0.022258000448346138 0.023242000490427017 0.006829999852925539
v 0.022249000146985054 0.018890999257564545 0.0028699999675154686
v 0.022257000207901 0.018293999135494232 0.005537000019103289
v 0.022252999246120453 -0.01962300017476082 0.013988000340759754
v 0.022252999246120453 -0.01548099983483553 0.011176999658346176
v 0.02224300056695938 -0.017333000898361206 0.007930000312626362
v 0.022252999246120453 -0.01962300017476082 0.013988000340759754
v 0.02224300056695938 -0.017333000898361206 0.007930000312626362
v 0.022241000086069107 -0.021973999217152596 0.00986700039356947
v 0.02224699966609478 -0.023159999400377274 0.0068660001270473
v 0.022247999906539917 -0.018268000334501266 0.005566000007092953
v 0.02223300002515316 -0.018936000764369965 0.002237000036984682
v 0.02224699966609478 -0.023159999400377274 0.0068660001270473
v 0.02223300002515316 -0.018936000764369965 0.002237000036984682
v 0.022228000685572624 -0.024008000269532204 0.002641000086441636
v 0.02224699966609478 -0.023159999400377274 0.0068660001270473
v 0.022241000086069107 -0.021973999217152596 0.00986700039356947
v 0.022247999906539917 -0.018268000334501266 0.005566000007092953
v 0.022241000086069107 -0.021973999217152596 0.00986700039356947
v 0.02224300056695938 -0.017333000898361206 0.007930000312626362
v 0.022247999906539917 -0.018268000334501266 0.005566000007092953
v 0.022252999246120453 -0.01962300017476082 0.013988000340759754
v 0.022290000692009926 -0.015678999945521355 0.018216999247670174
v 0.022252999246120453 -0.01548099983483553 0.011176999658346176
v 0.022290000692009926 -0.015678999945521355 0.018216999247670174
v 0.02228200063109398 -0.012373000383377075 0.014510000124573708
v 0.022252999246120453 -0.01548099983483553 0.011176999658346176
v 0.022290000692009926 -0.015678999945521355 0.018216999247670174
v 0.022283999249339104 -0.010994999669492245 0.02150299958884716
v 0.022276999428868294 -0.00868299975991249 0.01709900051355362
v 0.022290000692009926 -0.015678999945521355 0.018216999247670174
v 0.022276999428868294 -0.00868299975991249 0.01709900051355362
v 0.02228200063109398 -0.012373000383377075 0.014510000124573708
v 0.022283999249339104 -0.010994999669492245 0.02150299958884716
v 0.02229500003159046 -0.0064130001701414585 0.023293999955058098
v 0.022276999428868294 -0.00868299975991249 0.01709900051355362
v 0.02229500003159046 -0.0064130001701414585 0.023293999955058098
v 0.022285999730229378 -0.005073000211268663 0.0185100007802248
v 0.022276999428868294 -0.00868299975991249 0.01709900051355362
v 0.02229500003159046 -0.0064130001701414585 0.023293999955058098
v 0.022273000329732895 -0.0017170000355690718 0.024176999926567078
v 0.02226799912750721 -0.0013719999697059393 0.019206000491976738
v 0.02229500003159046 -0.0064130001701414585 0.023293999955058098
v 0.02226799912750721 -0.0013719999697059393 0.019206000491976738
v 0.022285999730229378 -0.005073000211268663 0.0185100007802248
v 0.022273000329732895 -0.0017170000355690718 0.024176999926567078
v 0.022297000512480736 0.0023719999007880688 0.024150999262928963
v 0.022288000211119652 0.0018489999929443002 0.01918499916791916
v 0.022273000329732895 -0.0017170000355690718 0.024176999926567078
v 0.022288000211119652 0.0018489999929443002 0.01918499916791916
v 0.02226799912750721 -0.0013719999697059393 0.019206000491976738
v 0.022297000512480736 0.0023719999007880688 0.024150999262928963
v 0.02227799966931343 0.006080999970436096 0.023608999326825142
v 0.022272000089287758 0.004772000014781952 0.018758000805974007
v 0.022297000512480736 0.0023719999007880688 0.024150999262928963
v 0.022272000089287758 0.004772000014781952 0.018758000805974007
v 0.022288000211119652 0.0018489999929443002 0.01918499916791916
v 0.02229500003159046 0.008674999698996544 0.022724999114871025
v 0.022272000089287758 0.01169500034302473 0.02122499980032444
v 0.022285999730229378 0.006816000211983919 0.01806199923157692
v 0.022272000089287758 0.01169500034302473 0.02122499980032444
v 0.02226799912750721 0.009196000173687935 0.016878999769687653
v 0.022285999730229378 0.006816000211983919 0.01806199923157692
v 0.022272000089287758 0.01169500034302473 0.02122499980032444
v 0.022261999547481537 0.014007000252604485 0.019742000848054886
v 0.022260000929236412 0.011017000302672386 0.015711000189185143
v 0.022272000089287758 0.01169500034302473 0.02122499980032444
v 0.022260000929236412 0.011017000302672386 0.015711000189185143
v 0.02226799912750721 0.009196000173687935 0.016878999769687653
v 0.022261999547481537 0.014007000252604485 0.019742000848054886
v 0.022266000509262085 0.016294000670313835 0.017878999933600426
v 0.022262999787926674 0.012818999588489532 0.01424300018697977
v 0.022261999547481537 0.014007000252604485 0.019742000848054886
v 0.022262999787926674 0.012818999588489532 0.01424300018697977
v 0.022260000929236412 0.011017000302672386 0.015711000189185143
v 0.022266000509262085 0.016294000670313835 0.017878999933600426
v 0.022261999547481537 0.017900999635457993 0.016253000125288963
v 0.022260000929236412 0.014085999689996243 0.01296200044453144
v 0.022266000509262085 0.016294000670313835 0.017878999933600426
v 0.022260000929236412 0.014085999689996243 0.01296200044453144
v 0.022262999787926674 0.012818999588489532 0.01424300018697977
v 0.022261999547481537 0.017900999635457993 0.016253000125288963
v 0.022262999787926674 0.01975799910724163 0.0139979999512434
v 0.0222609993070364 0.015548000112175941 0.011184999719262123
v 0.022261999547481537 0.017900999635457993 0.016253000125288963
v 0.0222609993070364 0.015548000112175941 0.011184999719262123
v 0.022260000929236412 0.014085999689996243 0.01296200044453144
v 0.022262999787926674 0.01975799910724163 0.0139979999512434
v 0.02226400002837181 0.021105000749230385 0.011907000094652176
v 0.0222609993070364 0.016610000282526016 0.009538000449538231
v 0.022262999787926674 0.01975799910724163 0.0139979999512434
v 0.0222609993070364 0.016610000282526016 0.009538000449538231
v 0.0222609993070364 0.015548000112175941 0.011184999719262123
v 0.02226400002837181 0.021105000749230385 0.011907000094652176
v 0.022265000268816948 0.022450000047683716 0.0092569999396801
v 0.022262999787926674 0.017669999971985817 0.007449999917298555
v 0.02226400002837181 0.021105000749230385 0.011907000094652176
v 0.022262999787926674 0.017669999971985817 0.007449999917298555
v 0.0222609993070364 0.016610000282526016 0.009538000449538231
v 0.022265000268816948 0.022450000047683716 0.0092569999396801
v 0.022258000448346138 0.023242000490427017 0.006829999852925539
v 0.022257000207901 0.018293999135494232 0.005537000019103289
v 0.022265000268816948 0.022450000047683716 0.0092569999396801
v 0.022257000207901 0.018293999135494232 0.005537000019103289
v 0.022262999787926674 0.017669999971985817 0.007449999917298555
v 0.022247999906539917 0.024000000208616257 0.0034439999144524336
v 0.022252000868320465 0.02418999932706356 -0.00023999999393709004
v 0.022252000868320465 0.019040999934077263 0
v 0.022247999906539917 0.024000000208616257 0.0034439999144524336
v 0.022252000868320465 0.019040999934077263 0
v 0.022249000146985054 0.018890999257564545 0.0028699999675154686
v 0.022252000868320465 0.02418999932706356 -0.00023999999393709004
v 0.022252999246120453 0.02383200079202652 -0.004315000027418137
v 0.022252999246120453 0.018758000805974007 -0.0032450000289827585
v 0.022252000868320465 0.02418999932706356 -0.00023999999393709004
v 0.022252999246120453 0.018758000805974007 -0.0032450000289827585
v 0.022252000868320465 0.019040999934077263 0
v 0.022252999246120453 0.02383200079202652 -0.004315000027418137
v 0.02226400002837181 0.02246199920773506 -0.008813000284135342
v 0.0222609993070364 0.0176790002733469 -0.006787999998778105
v 0.022252999246120453 0.02383200079202652 -0.004315000027418137
v 0.0222609993070364 0.0176790002733469 -0.006787999998778105
v 0.022252999246120453 0.018758000805974007 -0.0032450000289827585
v 0.02226400002837181 0.02246199920773506 -0.008813000284135342
v 0.022260000929236412 0.020136000588536263 -0.01332399994134903
v 0.022259000688791275 0.01584699936211109 -0.010343000292778015
v 0.02226400002837181 0.02246199920773506 -0.008813000284135342
v 0.022259000688791275 0.01584699936211109 -0.010343000292778015
v 0.0222609993070364 0.0176790002733469 -0.006787999998778105
v 0.022260000929236412 0.020136000588536263 -0.01332399994134903
v 0.0222609993070364 0.017047999426722527 -0.017123999074101448
v 0.022259000688791275 0.013412999920547009 -0.013337000273168087
v 0.022260000929236412 0.020136000588536263 -0.01332399994134903
v 0.022259000688791275 0.013412999920547009 -0.013337000273168087
v 0.022259000688791275 0.01584699936211109 -0.010343000292778015
v 0.0222609993070364 0.017047999426722527 -0.017123999074101448
v 0.022252999246120453 0.01332200039178133 -0.020168999210000038
v 0.022252999246120453 0.010476999916136265 -0.01573600061237812
v 0.0222609993070364 0.017047999426722527 -0.017123999074101448
v 0.022252999246120453 0.010476999916136265 -0.01573600061237812
v 0.022259000688791275 0.013412999920547009 -0.013337000273168087
v 0.022252999246120453 0.01332200039178133 -0.020168999210000038
v 0.022261999547481537 0.008834999985992908 -0.02246199920773506
v 0.022260000929236412 0.006941999774426222 -0.017542999237775803
v 0.022252999246120453 0.01332200039178133 -0.020168999210000038
v 0.022260000929236412 0.006941999774426222 -0.017542999237775803
v 0.022252999246120453 0.010476999916136265 -0.01573600061237812
v 0.022261999547481537 0.008834999985992908 -0.02246199920773506
v 0.02221900038421154 0.004585999995470047 -0.023636000230908394
v 0.022260000929236412 0.006941999774426222 -0.017542999237775803
v 0.02221900038421154 0.004585999995470047 -0.023636000230908394
v 0.02222600020468235 0.003593999892473221 -0.01846799999475479
v 0.022260000929236412 0.006941999774426222 -0.017542999237775803
v 0.02221900038421154 0.004585999995470047 -0.023636000230908394
v 0.022192999720573425 -0.0002699999895412475 -0.0239850003272295
v 0.02222600020468235 0.003593999892473221 -0.01846799999475479
v 0.022192999720573425 -0.0002699999895412475 -0.0239850003272295
v 0.022205999121069908 -0.00023200000578071922 -0.01874300092458725
v 0.02222600020468235 0.003593999892473221 -0.01846799999475479
v 0.022192999720573425 -0.0002699999895412475 -0.0239850003272295
v 0.022216999903321266 -0.004788000136613846 -0.023567000404000282
v 0.022224999964237213 -0.003792000003159046 -0.018414000049233437
v 0.022192999720573425 -0.0002699999895412475 -0.0239850003272295
v 0.022224999964237213 -0.003792000003159046 -0.018414000049233437
v 0.022205999121069908 -0.00023200000578071922 -0.01874300092458725
v 0.022216999903321266 -0.004788000136613846 -0.023567000404000282
v 0.022192999720573425 -0.010297000408172607 -0.021707000210881233
v 0.022224999964237213 -0.003792000003159046 -0.018414000049233437
v 0.022192999720573425 -0.010297000408172607 -0.021707000210881233
v 0.02220500074326992 -0.008132999762892723 -0.016947999596595764
v 0.022224999964237213 -0.003792000003159046 -0.018414000049233437
v 0.022192999720573425 -0.010297000408172607 -0.021707000210881233
v 0.02221599966287613 -0.015881000086665154 -0.018022999167442322
v 0.02220500074326992 -0.008132999762892723 -0.016947999596595764
v 0.02221599966287613 -0.015881000086665154 -0.018022999167442322
v 0.022223999723792076 -0.012532000429928303 -0.014045000076293945
v 0.02220500074326992 -0.008132999762892723 -0.016947999596595764
v 0.02221599966287613 -0.015881000086665154 -0.018022999167442322
v 0.022204000502824783 -0.020268000662326813 -0.013105000369250774
v 0.022223999723792076 -0.012532000429928303 -0.014045000076293945
v 0.022204000502824783 -0.020268000662326813 -0.013105000369250774
v 0.022213999181985855 -0.015990000218153 -0.010169999673962593
v 0.022223999723792076 -0.012532000429928303 -0.014045000076293945
v 0.022204000502824783 -0.020268000662326813 -0.013105000369250774
v 0.02220899984240532 -0.023364000022411346 -0.005781999789178371
v 0.022213999181985855 -0.015990000218153 -0.010169999673962593
v 0.02220899984240532 -0.023364000022411346 -0.005781999789178371
v 0.022218000143766403 -0.018428999930620193 -0.004399999976158142
v 0.022213999181985855 -0.015990000218153 -0.010169999673962593
v 0.02220899984240532 -0.023364000022411346 -0.005781999789178371
v 0.022228000685572624 -0.024008000269532204 0.002641000086441636
v 0.022218000143766403 -0.018428999930620193 -0.004399999976158142
v 0.022228000685572624 -0.024008000269532204 0.002641000086441636
v 0.02223300002515316 -0.018936000764369965 0.002237000036984682
v 0.022218000143766403 -0.018428999930620193 -0.004399999976158142
v 0.028687000274658203 0.006031999830156565 0.02352299913764
v 0.028704000636935234 0.0086260000243783 0.02263999916613102
v 0.02229500003159046 0.008674999698996544 0.022724999114871025
v 0.028687000274658203 0.006031999830156565 0.02352299913764
v 0.02229500003159046 0.008674999698996544 0.022724999114871025
v 0.02227799966931343 0.006080999970436096 0.023608999326825142
v 0.028667999431490898 0.0231929998844862 0.006744000129401684
v 0.028658000752329826 0.023950999602675438 0.003358999965712428
v 0.022247999906539917 0.024000000208616257 0.0034439999144524336
v 0.028667999431490898 0.0231929998844862 0.006744000129401684
v 0.022247999906539917 0.024000000208616257 0.0034439999144524336
v 0.022258000448346138 0.023242000490427017 0.006829999852925539
v 0.028661999851465225 -0.019672000780701637 0.013902000151574612
v 0.022252999246120453 -0.01962300017476082 0.013988000340759754
v 0.022241000086069107 -0.021973999217152596 0.00986700039356947
v 0.028661999851465225 -0.019672000780701637 0.013902000151574612
v 0.022241000086069107 -0.021973999217152596 0.00986700039356947
v 0.02865000069141388 -0.022022999823093414 0.009782000444829464
v 0.028656000271439552 -0.023209000006318092 0.006781000178307295
v 0.02224699966609478 -0.023159999400377274 0.0068660001270473
v 0.022228000685572624 -0.024008000269532204 0.002641000086441636
v 0.028656000271439552 -0.023209000006318092 0.006781000178307295
v 0.022228000685572624 -0.024008000269532204 0.002641000086441636
v 0.028637999668717384 -0.024057000875473022 0.002555999904870987
v 0.028656000271439552 -0.023209000006318092 0.006781000178307295
v 0.02865000069141388 -0.022022999823093414 0.009782000444829464
v 0.02224699966609478 -0.023159999400377274 0.0068660001270473
v 0.02865000069141388 -0.022022999823093414 0.009782000444829464
v 0.022241000086069107 -0.021973999217152596 0.00986700039356947
v 0.02224699966609478 -0.023159999400377274 0.0068660001270473
v 0.028661999851465225 -0.019672000780701637 0.013902000151574612
v 0.028699999675154686 -0.015728000551462173 0.018131999298930168
v 0.022252999246120453 -0.01962300017476082 0.013988000340759754
v 0.028699999675154686 -0.015728000551462173 0.018131999298930168
v 0.022290000692009926 -0.015678999945521355 0.018216999247670174
v 0.022252999246120453 -0.01962300017476082 0.013988000340759754
v 0.028699999675154686 -0.015728000551462173 0.018131999298930168
v 0.028692999854683876 -0.011044000275433064 0.021417999640107155
v 0.022290000692009926 -0.015678999945521355 0.018216999247670174
v 0.028692999854683876 -0.011044000275433064 0.021417999640107155
v 0.022283999249339104 -0.010994999669492245 0.02150299958884716
v 0.022290000692009926 -0.015678999945521355 0.018216999247670174
v 0.028692999854683876 -0.011044000275433064 0.021417999640107155
v 0.028704000636935234 -0.00646300008520484 0.023209000006318092
v 0.022283999249339104 -0.010994999669492245 0.02150299958884716
v 0.028704000636935234 -0.00646300008520484 0.023209000006318092
v 0.02229500003159046 -0.0064130001701414585 0.023293999955058098
v 0.022283999249339104 -0.010994999669492245 0.02150299958884716
v 0.028704000636935234 -0.00646300008520484 0.023209000006318092
v 0.028681999072432518 -0.0017659999430179596 0.024091999977827072
v 0.02229500003159046 -0.0064130001701414585 0.023293999955058098
v 0.028681999072432518 -0.0017659999430179596 0.024091999977827072
v 0.022273000329732895 -0.0017170000355690718 0.024176999926567078
v 0.02229500003159046 -0.0064130001701414585 0.023293999955058098
v 0.028681999072432518 -0.0017659999430179596 0.024091999977827072
v 0.02870599925518036 0.0023219999857246876 0.024065999314188957
v 0.022273000329732895 -0.0017170000355690718 0.024176999926567078
v 0.02870599925518036 0.0023219999857246876 0.024065999314188957
v 0.022297000512480736 0.0023719999007880688 0.024150999262928963
v 0.022273000329732895 -0.0017170000355690718 0.024176999926567078
v 0.02870599925518036 0.0023219999857246876 0.024065999314188957
v 0.028687000274658203 0.006031999830156565 0.02352299913764
v 0.022297000512480736 0.0023719999007880688 0.024150999262928963
v 0.028687000274658203 0.006031999830156565 0.02352299913764
v 0.02227799966931343 0.006080999970436096 0.023608999326825142
v 0.022297000512480736 0.0023719999007880688 0.024150999262928963
v 0.028704000636935234 0.0086260000243783 0.02263999916613102
v 0.028681999072432518 0.011645999737083912 0.021138999611139297
v 0.02229500003159046 0.008674999698996544 0.022724999114871025
v 0.028681999072432518 0.011645999737083912 0.021138999611139297
v 0.022272000089287758 0.01169500034302473 0.02122499980032444
v 0.02229500003159046 0.008674999698996544 0.022724999114871025
v 0.028681999072432518 0.011645999737083912 0.021138999611139297
v 0.028672000393271446 0.013957000337541103 0.019656000658869743
v 0.022272000089287758 0.01169500034302473 0.02122499980032444
v 0.028672000393271446 0.013957000337541103 0.019656000658869743
v 0.022261999547481537 0.014007000252604485 0.019742000848054886
v 0.022272000089287758 0.01169500034302473 0.02122499980032444
v 0.028672000393271446 0.013957000337541103 0.019656000658869743
v 0.028674999251961708 0.01624399982392788 0.017792999744415283
v 0.022266000509262085 0.016294000670313835 0.017878999933600426
v 0.028672000393271446 0.013957000337541103 0.019656000658869743
v 0.022266000509262085 0.016294000670313835 0.017878999933600426
v 0.022261999547481537 0.014007000252604485 0.019742000848054886
v 0.028674999251961708 0.01624399982392788 0.017792999744415283
v 0.02867100015282631 0.017852000892162323 0.01616699993610382
v 0.022261999547481537 0.017900999635457993 0.016253000125288963
v 0.028674999251961708 0.01624399982392788 0.017792999744415283
v 0.022261999547481537 0.017900999635457993 0.016253000125288963
v 0.022266000509262085 0.016294000670313835 0.017878999933600426
v 0.02867100015282631 0.017852000892162323 0.01616699993610382
v 0.028672000393271446 0.019708000123500824 0.013911999762058258
v 0.022262999787926674 0.01975799910724163 0.0139979999512434
v 0.02867100015282631 0.017852000892162323 0.01616699993610382
v 0.022262999787926674 0.01975799910724163 0.0139979999512434
v 0.022261999547481537 0.017900999635457993 0.016253000125288963
v 0.028672000393271446 0.019708000123500824 0.013911999762058258
v 0.028673000633716583 0.021056000143289566 0.01182200014591217
v 0.02226400002837181 0.021105000749230385 0.011907000094652176
v 0.028672000393271446 0.019708000123500824 0.013911999762058258
v 0.02226400002837181 0.021105000749230385 0.011907000094652176
v 0.022262999787926674 0.01975799910724163 0.0139979999512434
v 0.028673000633716583 0.021056000143289566 0.01182200014591217
v 0.028674999251961708 0.022400999441742897 0.009171999990940094
v 0.022265000268816948 0.022450000047683716 0.0092569999396801
v 0.028673000633716583 0.021056000143289566 0.01182200014591217
v 0.022265000268816948 0.022450000047683716 0.0092569999396801
v 0.02226400002837181 0.021105000749230385 0.011907000094652176
v 0.028674999251961708 0.022400999441742897 0.009171999990940094
v 0.028667999431490898 0.0231929998844862 0.006744000129401684
v 0.022258000448346138 0.023242000490427017 0.006829999852925539
v 0.028674999251961708 0.022400999441742897 0.009171999990940094
v 0.022258000448346138 0.023242000490427017 0.006829999852925539
v 0.022265000268816948 0.022450000047683716 0.0092569999396801
v 0.028658000752329826 0.023950999602675438 0.003358999965712428
v 0.028660999611020088 0.02414100058376789 -0.0003260000084992498
v 0.022252000868320465 0.02418999932706356 -0.00023999999393709004
v 0.028658000752329826 0.023950999602675438 0.003358999965712428
v 0.022252000868320465 0.02418999932706356 -0.00023999999393709004
v 0.022247999906539917 0.024000000208616257 0.0034439999144524336
v 0.028660999611020088 0.02414100058376789 -0.0003260000084992498
v 0.028661999851465225 0.023781999945640564 -0.004401000216603279
v 0.022252999246120453 0.02383200079202652 -0.004315000027418137
v 0.028660999611020088 0.02414100058376789 -0.0003260000084992498
v 0.022252999246120453 0.02383200079202652 -0.004315000027418137
v 0.022252000868320465 0.02418999932706356 -0.00023999999393709004
v 0.028661999851465225 0.023781999945640564 -0.004401000216603279
v 0.028673000633716583 0.022413000464439392 -0.008898000232875347
v 0.02226400002837181 0.02246199920773506 -0.008813000284135342
v 0.028661999851465225 0.023781999945640564 -0.004401000216603279
v 0.02226400002837181 0.02246199920773506 -0.008813000284135342
v 0.022252999246120453 0.02383200079202652 -0.004315000027418137
v 0.028673000633716583 0.022413000464439392 -0.008898000232875347
v 0.028669999912381172 0.020086999982595444 -0.013408999890089035
v 0.022260000929236412 0.020136000588536263 -0.01332399994134903
v 0.028673000633716583 0.022413000464439392 -0.008898000232875347
v 0.022260000929236412 0.020136000588536263 -0.01332399994134903
v 0.02226400002837181 0.02246199920773506 -0.008813000284135342
v 0.028669999912381172 0.020086999982595444 -0.013408999890089035
v 0.028669999912381172 0.016999000683426857 -0.017209000885486603
v 0.0222609993070364 0.017047999426722527 -0.017123999074101448
v 0.028669999912381172 0.020086999982595444 -0.013408999890089035
v 0.0222609993070364 0.017047999426722527 -0.017123999074101448
v 0.022260000929236412 0.020136000588536263 -0.01332399994134903
v 0.028669999912381172 0.016999000683426857 -0.017209000885486603
v 0.028661999851465225 0.013272999785840511 -0.020253999158740044
v 0.022252999246120453 0.01332200039178133 -0.020168999210000038
v 0.028669999912381172 0.016999000683426857 -0.017209000885486603
v 0.022252999246120453 0.01332200039178133 -0.020168999210000038
v 0.0222609993070364 0.017047999426722527 -0.017123999074101448
v 0.028661999851465225 0.013272999785840511 -0.020253999158740044
v 0.028672000393271446 0.008786000311374664 -0.022547999396920204
v 0.022261999547481537 0.008834999985992908 -0.02246199920773506
v 0.028661999851465225 0.013272999785840511 -0.020253999158740044
v 0.022261999547481537 0.008834999985992908 -0.02246199920773506
v 0.022252999246120453 0.01332200039178133 -0.020168999210000038
v 0.028672000393271446 0.008786000311374664 -0.022547999396920204
v 0.028627999126911163 0.0045369998551905155 -0.023722000420093536
v 0.02221900038421154 0.004585999995470047 -0.023636000230908394
v 0.028672000393271446 0.008786000311374664 -0.022547999396920204
v 0.02221900038421154 0.004585999995470047 -0.023636000230908394
v 0.022261999547481537 0.008834999985992908 -0.02246199920773506
v 0.028627999126911163 0.0045369998551905155 -0.023722000420093536
v 0.028602000325918198 -0.00031900001340545714 -0.024070000275969505
v 0.022192999720573425 -0.0002699999895412475 -0.0239850003272295
v 0.028627999126911163 0.0045369998551905155 -0.023722000420093536
v 0.022192999720573425 -0.0002699999895412475 -0.0239850003272295
v 0.02221900038421154 0.004585999995470047 -0.023636000230908394
v 0.028602000325918198 -0.00031900001340545714 -0.024070000275969505
v 0.028627000749111176 -0.004838000051677227 -0.023652000352740288
v 0.022216999903321266 -0.004788000136613846 -0.023567000404000282
v 0.028602000325918198 -0.00031900001340545714 -0.024070000275969505
v 0.022216999903321266 -0.004788000136613846 -0.023567000404000282
v 0.022192999720573425 -0.0002699999895412475 -0.0239850003272295
v 0.028627000749111176 -0.004838000051677227 -0.023652000352740288
v 0.028602000325918198 -0.010346000082790852 -0.021793000400066376
v 0.022216999903321266 -0.004788000136613846 -0.023567000404000282
v 0.028602000325918198 -0.010346000082790852 -0.021793000400066376
v 0.022192999720573425 -0.010297000408172607 -0.021707000210881233
v 0.022216999903321266 -0.004788000136613846 -0.023567000404000282
v 0.028602000325918198 -0.010346000082790852 -0.021793000400066376
v 0.0286250002682209 -0.015930000692605972 -0.018107999116182327
v 0.02221599966287613 -0.015881000086665154 -0.018022999167442322
v 0.028602000325918198 -0.010346000082790852 -0.021793000400066376
v 0.02221599966287613 -0.015881000086665154 -0.018022999167442322
v 0.022192999720573425 -0.010297000408172607 -0.021707000210881233
v 0.0286250002682209 -0.015930000692605972 -0.018107999116182327
v 0.028612999245524406 -0.02031799964606762 -0.01319000031799078
v 0.02221599966287613 -0.015881000086665154 -0.018022999167442322
v 0.028612999245524406 -0.02031799964606762 -0.01319000031799078
v 0.022204000502824783 -0.020268000662326813 -0.013105000369250774
v 0.02221599966287613 -0.015881000086665154 -0.018022999167442322
v 0.028612999245524406 -0.02031799964606762 -0.01319000031799078
v 0.02861800044775009 -0.023413000628352165 -0.005867999978363514
v 0.022204000502824783 -0.020268000662326813 -0.013105000369250774
v 0.02861800044775009 -0.023413000628352165 -0.005867999978363514
v 0.02220899984240532 -0.023364000022411346 -0.005781999789178371
v 0.022204000502824783 -0.020268000662326813 -0.013105000369250774
v 0.02861800044775009 -0.023413000628352165 -0.005867999978363514
v 0.028637999668717384 -0.024057000875473022 0.002555999904870987
v 0.02220899984240532 -0.023364000022411346 -0.005781999789178371
v 0.028637999668717384 -0.024057000875473022 0.002555999904870987
v 0.022228000685572624 -0.024008000269532204 0.002641000086441636
v 0.02220899984240532 -0.023364000022411346 -0.005781999789178371
v 0.02887899987399578 0.01153200026601553 0.05274299904704094
v 0.028704000636935234 0.0086260000243783 0.02263999916613102
v 0.028687000274658203 0.006031999830156565 0.02352299913764
v 0.02887899987399578 0.01153200026601553 0.05274299904704094
v 0.028687000274658203 0.006031999830156565 0.02352299913764
v 0.028804000467061996 0.0053820000030100346 0.05483800172805786
v 0.02887599915266037 0.056960999965667725 -0.0036849998869001865
v 0.028658000752329826 0.023950999602675438 0.003358999965712428
v 0.02887599915266037 0.05342999845743179 0.0029170000925660133
v 0.028658000752329826 0.023950999602675438 0.003358999965712428
v 0.028667999431490898 0.0231929998844862 0.006744000129401684
v 0.02887599915266037 0.05342999845743179 0.0029170000925660133
v 0.02880300022661686 -0.04092099890112877 0.0319180004298687
v 0.028661999851465225 -0.019672000780701637 0.013902000151574612
v 0.028558999300003052 -0.04639999940991402 0.023099999874830246
v 0.028661999851465225 -0.019672000780701637 0.013902000151574612
v 0.02865000069141388 -0.022022999823093414 0.009782000444829464
v 0.028558999300003052 -0.04639999940991402 0.023099999874830246
v 0.028637999668717384 -0.024057000875473022 0.002555999904870987
v 0.02887599915266037 -0.05189500004053116 0.00046099998871795833
v 0.028565000742673874 -0.050588998943567276 0.01164500042796135
v 0.028637999668717384 -0.024057000875473022 0.002555999904870987
v 0.028565000742673874 -0.050588998943567276 0.01164500042796135
v 0.028656000271439552 -0.023209000006318092 0.006781000178307295
v 0.028565000742673874 -0.050588998943567276 0.01164500042796135
v 0.028558999300003052 -0.04639999940991402 0.023099999874830246
v 0.028656000271439552 -0.023209000006318092 0.006781000178307295
v 0.028558999300003052 -0.04639999940991402 0.023099999874830246
v 0.02865000069141388 -0.022022999823093414 0.009782000444829464
v 0.028656000271439552 -0.023209000006318092 0.006781000178307295
v 0.02880300022661686 -0.04092099890112877 0.0319180004298687
v 0.02880599908530712 -0.03350599855184555 0.039726000279188156
v 0.028699999675154686 -0.015728000551462173 0.018131999298930168
v 0.02880300022661686 -0.04092099890112877 0.0319180004298687
v 0.028699999675154686 -0.015728000551462173 0.018131999298930168
v 0.028661999851465225 -0.019672000780701637 0.013902000151574612
v 0.02880599908530712 -0.03350599855184555 0.039726000279188156
v 0.02880599908530712 -0.024799000471830368 0.04562599956989288
v 0.028699999675154686 -0.015728000551462173 0.018131999298930168
v 0.02880599908530712 -0.024799000471830368 0.04562599956989288
v 0.028692999854683876 -0.011044000275433064 0.021417999640107155
v 0.028699999675154686 -0.015728000551462173 0.018131999298930168
v 0.02880599908530712 -0.024799000471830368 0.04562599956989288
v 0.02879600040614605 -0.015545999631285667 0.0495229996740818
v 0.028692999854683876 -0.011044000275433064 0.021417999640107155
v 0.02879600040614605 -0.015545999631285667 0.0495229996740818
v 0.028704000636935234 -0.00646300008520484 0.023209000006318092
v 0.028692999854683876 -0.011044000275433064 0.021417999640107155
v 0.02879600040614605 -0.015545999631285667 0.0495229996740818
v 0.028648000210523605 -0.007776999846100807 0.05141700059175491
v 0.028704000636935234 -0.00646300008520484 0.023209000006318092
v 0.028648000210523605 -0.007776999846100807 0.05141700059175491
v 0.028681999072432518 -0.0017659999430179596 0.024091999977827072
v 0.028704000636935234 -0.00646300008520484 0.023209000006318092
v 0.028648000210523605 -0.007776999846100807 0.05141700059175491
v 0.028804000467061996 -0.0011500000255182385 0.052338000386953354
v 0.028681999072432518 -0.0017659999430179596 0.024091999977827072
v 0.028804000467061996 -0.0011500000255182385 0.052338000386953354
v 0.02870599925518036 0.0023219999857246876 0.024065999314188957
v 0.028681999072432518 -0.0017659999430179596 0.024091999977827072
v 0.028804000467061996 -0.0011500000255182385 0.052338000386953354
v 0.028804000467061996 0.0053820000030100346 0.05483800172805786
v 0.028687000274658203 0.006031999830156565 0.02352299913764
v 0.028804000467061996 -0.0011500000255182385 0.052338000386953354
v 0.028687000274658203 0.006031999830156565 0.02352299913764
v 0.02870599925518036 0.0023219999857246876 0.024065999314188957
v 0.02887899987399578 0.01153200026601553 0.05274299904704094
v 0.02887899987399578 0.01723800040781498 0.05032699927687645
v 0.028704000636935234 0.0086260000243783 0.02263999916613102
v 0.02887899987399578 0.01723800040781498 0.05032699927687645
v 0.028681999072432518 0.011645999737083912 0.021138999611139297
v 0.028704000636935234 0.0086260000243783 0.02263999916613102
v 0.02887899987399578 0.01723800040781498 0.05032699927687645
v 0.02887899987399578 0.02486100047826767 0.04669100046157837
v 0.028681999072432518 0.011645999737083912 0.021138999611139297
v 0.02887899987399578 0.02486100047826767 0.04669100046157837
v 0.028672000393271446 0.013957000337541103 0.019656000658869743
v 0.028681999072432518 0.011645999737083912 0.021138999611139297
v 0.02887899987399578 0.02486100047826767 0.04669100046157837
v 0.02887899987399578 0.03182300180196762 0.0426350012421608
v 0.028672000393271446 0.013957000337541103 0.019656000658869743
v 0.02887899987399578 0.03182300180196762 0.0426350012421608
v 0.028674999251961708 0.01624399982392788 0.017792999744415283
v 0.028672000393271446 0.013957000337541103 0.019656000658869743
v 0.02887899987399578 0.03182300180196762 0.0426350012421608
v 0.02887899987399578 0.038731999695301056 0.03625300154089928
v 0.028674999251961708 0.01624399982392788 0.017792999744415283
v 0.02887899987399578 0.038731999695301056 0.03625300154089928
v 0.02867100015282631 0.017852000892162323 0.01616699993610382
v 0.028674999251961708 0.01624399982392788 0.017792999744415283
v 0.02887899987399578 0.038731999695301056 0.03625300154089928
v 0.028877999633550644 0.04362799972295761 0.03001200035214424
v 0.02867100015282631 0.017852000892162323 0.01616699993610382
v 0.028877999633550644 0.04362799972295761 0.03001200035214424
v 0.028672000393271446 0.019708000123500824 0.013911999762058258
v 0.02867100015282631 0.017852000892162323 0.01616699993610382
v 0.028877999633550644 0.04362799972295761 0.03001200035214424
v 0.028876999393105507 0.04821600019931793 0.02208399958908558
v 0.028673000633716583 0.021056000143289566 0.01182200014591217
v 0.028877999633550644 0.04362799972295761 0.03001200035214424
v 0.028673000633716583 0.021056000143289566 0.01182200014591217
v 0.028672000393271446 0.019708000123500824 0.013911999762058258
v 0.028876999393105507 0.04821600019931793 0.02208399958908558
v 0.02887599915266037 0.0508200004696846 0.012896999716758728
v 0.028674999251961708 0.022400999441742897 0.009171999990940094
v 0.028876999393105507 0.04821600019931793 0.02208399958908558
v 0.028674999251961708 0.022400999441742897 0.009171999990940094
v 0.028673000633716583 0.021056000143289566 0.01182200014591217
v 0.02887599915266037 0.0508200004696846 0.012896999716758728
v 0.02887599915266037 0.05342999845743179 0.0029170000925660133
v 0.028667999431490898 0.0231929998844862 0.006744000129401684
v 0.02887599915266037 0.0508200004696846 0.012896999716758728
v 0.028667999431490898 0.0231929998844862 0.006744000129401684
v 0.028674999251961708 0.022400999441742897 0.009171999990940094
v 0.02887599915266037 0.056960999965667725 -0.0036849998869001865
v 0.02887599915266037 0.05189500004053116 -0.011668999679386616
v 0.028658000752329826 0.023950999602675438 0.003358999965712428
v 0.02887599915266037 0.05189500004053116 -0.011668999679386616
v 0.028660999611020088 0.02414100058376789 -0.0003260000084992498
v 0.028658000752329826 0.023950999602675438 0.003358999965712428
v 0.02887599915266037 0.05189500004053116 -0.011668999679386616
v 0.02887599915266037 0.04774999991059303 -0.020573999732732773
v 0.028661999851465225 0.023781999945640564 -0.004401000216603279
v 0.02887599915266037 0.05189500004053116 -0.011668999679386616
v 0.028661999851465225 0.023781999945640564 -0.004401000216603279
v 0.028660999611020088 0.02414100058376789 -0.0003260000084992498
v 0.02887599915266037 0.04774999991059303 -0.020573999732732773
v 0.02887599915266037 0.042222000658512115 -0.0300929993391037
v 0.028673000633716583 0.022413000464439392 -0.008898000232875347
v 0.02887599915266037 0.04774999991059303 -0.020573999732732773
v 0.028673000633716583 0.022413000464439392 -0.008898000232875347
v 0.028661999851465225 0.023781999945640564 -0.004401000216603279
v 0.02887599915266037 0.042222000658512115 -0.0300929993391037
v 0.02887599915266037 0.035927001386880875 -0.03730899840593338
v 0.028669999912381172 0.020086999982595444 -0.013408999890089035
v 0.02887599915266037 0.042222000658512115 -0.0300929993391037
v 0.028669999912381172 0.020086999982595444 -0.013408999890089035
v 0.028673000633716583 0.022413000464439392 -0.008898000232875347
v 0.02887599915266037 0.035927001386880875 -0.03730899840593338
v 0.02887599915266037 0.02886500023305416 -0.04298999905586243
v 0.028669999912381172 0.016999000683426857 -0.017209000885486603
v 0.02887599915266037 0.035927001386880875 -0.03730899840593338
v 0.028669999912381172 0.016999000683426857 -0.017209000885486603
v 0.028669999912381172 0.020086999982595444 -0.013408999890089035
v 0.02887599915266037 0.02886500023305416 -0.04298999905586243
v 0.028742000460624695 0.02061999961733818 -0.047279998660087585
v 0.028661999851465225 0.013272999785840511 -0.020253999158740044
v 0.02887599915266037 0.02886500023305416 -0.04298999905586243
v 0.028661999851465225 0.013272999785840511 -0.020253999158740044
v 0.028669999912381172 0.016999000683426857 -0.017209000885486603
v 0.028742000460624695 0.02061999961733818 -0.047279998660087585
v 0.02882000058889389 0.008983000181615353 -0.05112199857831001
v 0.028672000393271446 0.008786000311374664 -0.022547999396920204
v 0.028742000460624695 0.02061999961733818 -0.047279998660087585
v 0.028672000393271446 0.008786000311374664 -0.022547999396920204
v 0.028661999851465225 0.013272999785840511 -0.020253999158740044
v 0.02882000058889389 0.008983000181615353 -0.05112199857831001
v 0.02887599915266037 0.001996000064536929 -0.05174100026488304
v 0.028627999126911163 0.0045369998551905155 -0.023722000420093536
v 0.02882000058889389 0.008983000181615353 -0.05112199857831001
v 0.028627999126911163 0.0045369998551905155 -0.023722000420093536
v 0.028672000393271446 0.008786000311374664 -0.022547999396920204
v 0.02887599915266037 0.001996000064536929 -0.05174100026488304
v 0.028750000521540642 -0.00749799981713295 -0.0510220006108284
v 0.028602000325918198 -0.00031900001340545714 -0.024070000275969505
v 0.02887599915266037 0.001996000064536929 -0.05174100026488304
v 0.028602000325918198 -0.00031900001340545714 -0.024070000275969505
v 0.028627999126911163 0.0045369998551905155 -0.023722000420093536
v 0.028750000521540642 -0.00749799981713295 -0.0510220006108284
v 0.02887599915266037 -0.016121000051498413 -0.04928499832749367
v 0.028627000749111176 -0.004838000051677227 -0.023652000352740288
v 0.028750000521540642 -0.00749799981713295 -0.0510220006108284
v 0.028627000749111176 -0.004838000051677227 -0.023652000352740288
v 0.028602000325918198 -0.00031900001340545714 -0.024070000275969505
v 0.02887599915266037 -0.016121000051498413 -0.04928499832749367
v 0.02887599915266037 -0.026101000607013702 -0.044985998421907425
v 0.028602000325918198 -0.010346000082790852 -0.021793000400066376
v 0.02887599915266037 -0.016121000051498413 -0.04928499832749367
v 0.028602000325918198 -0.010346000082790852 -0.021793000400066376
v 0.028627000749111176 -0.004838000051677227 -0.023652000352740288
v 0.02887599915266037 -0.026101000607013702 -0.044985998421907425
v 0.02887599915266037 -0.035773999989032745 -0.037615999579429626
v 0.0286250002682209 -0.015930000692605972 -0.018107999116182327
v 0.02887599915266037 -0.026101000607013702 -0.044985998421907425
v 0.0286250002682209 -0.015930000692605972 -0.018107999116182327
v 0.028602000325918198 -0.010346000082790852 -0.021793000400066376
v 0.02887599915266037 -0.035773999989032745 -0.037615999579429626
v 0.02887599915266037 -0.04329700022935867 -0.028711000457406044
v 0.028612999245524406 -0.02031799964606762 -0.01319000031799078
v 0.02887599915266037 -0.035773999989032745 -0.037615999579429626
v 0.028612999245524406 -0.02031799964606762 -0.01319000031799078
v 0.0286250002682209 -0.015930000692605972 -0.018107999116182327
v 0.02887599915266037 -0.04329700022935867 -0.028711000457406044
v 0.02887599915266037 -0.0494379997253418 -0.015200000256299973
v 0.028612999245524406 -0.02031799964606762 -0.01319000031799078
v 0.02887599915266037 -0.0494379997253418 -0.015200000256299973
v 0.02861800044775009 -0.023413000628352165 -0.005867999978363514
v 0.028612999245524406 -0.02031799964606762 -0.01319000031799078
v 0.02887599915266037 -0.0494379997253418 -0.015200000256299973
v 0.02887599915266037 -0.05189500004053116 0.00046099998871795833
v 0.02861800044775009 -0.023413000628352165 -0.005867999978363514
v 0.02887599915266037 -0.05189500004053116 0.00046099998871795833
v 0.028637999668717384 -0.024057000875473022 0.002555999904870987
v 0.02861800044775009 -0.023413000628352165 -0.005867999978363514
vt 0.5713350176811218 0.3770099878311157
vt 0.5862470269203186 0.38281700015068054
vt 0.5827620029449463 0.3986479938030243
vt 0.5713350176811218 0.3770099878311157
vt 0.5983530282974243 0.372078001499176
vt 0.5862470269203186 0.38281700015068054
vt 0.7995510101318359 0.29372701048851013
vt 0.8008059859275818 0.2783670127391815
vt 0.8071609735488892 0.30240699648857117
vt 0.7869420051574707 0.2950829863548279
vt 0.8008059859275818 0.2783670127391815
vt 0.7995510101318359 0.29372701048851013
vt 0.8885189890861511 0.1956229954957962
vt 0.9110379815101624 0.19908100366592407
vt 0.8888159990310669 0.2626819908618927
vt 0.8673700094223022 0.19911299645900726
vt 0.8885189890861511 0.1956229954957962
vt 0.8888159990310669 0.2626819908618927
vt 0.8516560196876526 0.20740100741386414
vt 0.8673700094223022 0.19911299645900726
vt 0.8888159990310669 0.2626819908618927
vt 0.8383150100708008 0.21953199803829193
vt 0.8516560196876526 0.20740100741386414
vt 0.8888159990310669 0.2626819908618927
vt 0.8297140002250671 0.23262900114059448
vt 0.8383150100708008 0.21953199803829193
vt 0.8888159990310669 0.2626819908618927
vt 0.8254899978637695 0.24410299956798553
vt 0.8297140002250671 0.23262900114059448
vt 0.8888159990310669 0.2626819908618927
vt 0.8229680061340332 0.25697800517082214
vt 0.8254899978637695 0.24410299956798553
vt 0.8888159990310669 0.2626819908618927
vt 0.8229680061340332 0.2688559889793396
vt 0.8229680061340332 0.25697800517082214
vt 0.8888159990310669 0.2626819908618927
vt 0.8256450295448303 0.2821660041809082
vt 0.8229680061340332 0.2688559889793396
vt 0.8888159990310669 0.2626819908618927
vt 0.8307710289955139 0.29407399892807007
vt 0.8256450295448303 0.2821660041809082
vt 0.8888159990310669 0.2626819908618927
vt 0.8382729887962341 0.30492401123046875
vt 0.8307710289955139 0.29407399892807007
vt 0.8888159990310669 0.2626819908618927
vt 0.8481450080871582 0.3143869936466217
vt 0.8382729887962341 0.30492401123046875
vt 0.8888159990310669 0.2626819908618927
vt 0.8586770296096802 0.3214170038700104
vt 0.8481450080871582 0.3143869936466217
vt 0.8888159990310669 0.2626819908618927
vt 0.8688889741897583 0.3255540132522583
vt 0.8586770296096802 0.3214170038700104
vt 0.8888159990310669 0.2626819908618927
vt 0.8785179853439331 0.3280070126056671
vt 0.8688889741897583 0.3255540132522583
vt 0.8888159990310669 0.2626819908618927
vt 0.8962879776954651 0.32861900329589844
vt 0.8878269791603088 0.3287929892539978
vt 0.8888159990310669 0.2626819908618927
vt 0.9046139717102051 0.32704201340675354
vt 0.8962879776954651 0.32861900329589844
vt 0.8888159990310669 0.2626819908618927
vt 0.9126880168914795 0.32450801134109497
vt 0.9046139717102051 0.32704201340675354
vt 0.8888159990310669 0.2626819908618927
vt 0.9203630089759827 0.3209350109100342
vt 0.9126880168914795 0.32450801134109497
vt 0.8888159990310669 0.2626819908618927
vt 0.9275959730148315 0.316536009311676
vt 0.9203630089759827 0.3209350109100342
vt 0.8888159990310669 0.2626819908618927
vt 0.9342349767684937 0.31124699115753174
vt 0.9275959730148315 0.316536009311676
vt 0.8888159990310669 0.2626819908618927
vt 0.940189003944397 0.30517199635505676
vt 0.9342349767684937 0.31124699115753174
vt 0.8888159990310669 0.2626819908618927
vt 0.9457679986953735 0.2979939877986908
vt 0.940189003944397 0.30517199635505676
vt 0.8888159990310669 0.2626819908618927
vt 0.9533479809761047 0.2810010015964508
vt 0.9500439763069153 0.2905550003051758
vt 0.8888159990310669 0.2626819908618927
vt 0.9555140137672424 0.2701910138130188
vt 0.9533479809761047 0.2810010015964508
vt 0.8888159990310669 0.2626819908618927
vt 0.955640971660614 0.25730299949645996
vt 0.9555140137672424 0.2701910138130188
vt 0.8888159990310669 0.2626819908618927
vt 0.9533650279045105 0.24423499405384064
vt 0.955640971660614 0.25730299949645996
vt 0.8888159990310669 0.2626819908618927
vt 0.9472609758377075 0.23006300628185272
vt 0.9533650279045105 0.24423499405384064
vt 0.8888159990310669 0.2626819908618927
vt 0.9383320212364197 0.21727700531482697
vt 0.9472609758377075 0.23006300628185272
vt 0.8888159990310669 0.2626819908618927
vt 0.9216390252113342 0.20382900536060333
vt 0.9288380146026611 0.20871099829673767
vt 0.8888159990310669 0.2626819908618927
vt 0.9216390252113342 0.20382900536060333
vt 0.8888159990310669 0.2626819908618927
vt 0.9110379815101624 0.19908100366592407
vt 0.9383320212364197 0.21727700531482697
vt 0.8888159990310669 0.2626819908618927
vt 0.9288380146026611 0.20871099829673767
vt 0.8878269791603088 0.3287929892539978
vt 0.8785179853439331 0.3280070126056671
vt 0.8888159990310669 0.2626819908618927
vt 0.9500439763069153 0.2905550003051758
vt 0.9457679986953735 0.2979939877986908
vt 0.8888159990310669 0.2626819908618927
vt 0.2781029939651489 0.6111670136451721
vt 0.28637900948524475 0.6240260004997253
vt 0.22640399634838104 0.6506670117378235
vt 0.28637900948524475 0.6240260004997253
vt 0.2919769883155823 0.6398370265960693
vt 0.22640399634838104 0.6506670117378235
vt 0.2919769883155823 0.6398370265960693
vt 0.2918879985809326 0.6527739763259888
vt 0.22640399634838104 0.6506670117378235
vt 0.2918879985809326 0.6527739763259888
vt 0.2899940013885498 0.6658070087432861
vt 0.22640399634838104 0.6506670117378235
vt 0.2899940013885498 0.6658070087432861
vt 0.28555700182914734 0.6777080297470093
vt 0.22640399634838104 0.6506670117378235
vt 0.28555700182914734 0.6777080297470093
vt 0.28111401200294495 0.6860479712486267
vt 0.22640399634838104 0.6506670117378235
vt 0.28111401200294495 0.6860479712486267
vt 0.2739480137825012 0.6946390271186829
vt 0.22640399634838104 0.6506670117378235
vt 0.2739480137825012 0.6946390271186829
vt 0.26764100790023804 0.6998540163040161
vt 0.22640399634838104 0.6506670117378235
vt 0.26764100790023804 0.6998540163040161
vt 0.25609898567199707 0.7064099907875061
vt 0.22640399634838104 0.6506670117378235
vt 0.25609898567199707 0.7064099907875061
vt 0.24613800644874573 0.7100989818572998
vt 0.22640399634838104 0.6506670117378235
vt 0.24613800644874573 0.7100989818572998
vt 0.23489899933338165 0.7120389938354492
vt 0.22640399634838104 0.6506670117378235
vt 0.23489899933338165 0.7120389938354492
vt 0.22551600635051727 0.7121449708938599
vt 0.22640399634838104 0.6506670117378235
vt 0.22551600635051727 0.7121449708938599
vt 0.2085539996623993 0.7097690105438232
vt 0.22640399634838104 0.6506670117378235
vt 0.2085539996623993 0.7097690105438232
vt 0.19566699862480164 0.7054139971733093
vt 0.22640399634838104 0.6506670117378235
vt 0.19566699862480164 0.7054139971733093
vt 0.18474100530147552 0.6982229948043823
vt 0.22640399634838104 0.6506670117378235
vt 0.1774519979953766 0.6895650029182434
vt 0.22640399634838104 0.6506670117378235
vt 0.18474100530147552 0.6982229948043823
vt 0.18544000387191772 0.6058400273323059
vt 0.22640399634838104 0.6506670117378235
vt 0.17936299741268158 0.6119080185890198
vt 0.18544000387191772 0.6058400273323059
vt 0.1912579983472824 0.6012150049209595
vt 0.22640399634838104 0.6506670117378235
vt 0.1912579983472824 0.6012150049209595
vt 0.19893500208854675 0.5961340069770813
vt 0.22640399634838104 0.6506670117378235
vt 0.19893500208854675 0.5961340069770813
vt 0.20974400639533997 0.5912820100784302
vt 0.22640399634838104 0.6506670117378235
vt 0.20974400639533997 0.5912820100784302
vt 0.22075100243091583 0.5884479880332947
vt 0.22640399634838104 0.6506670117378235
vt 0.22075100243091583 0.5884479880332947
vt 0.2330390065908432 0.5884109735488892
vt 0.22640399634838104 0.6506670117378235
vt 0.2330390065908432 0.5884109735488892
vt 0.24573299288749695 0.5908859968185425
vt 0.22640399634838104 0.6506670117378235
vt 0.25735801458358765 0.5945580005645752
vt 0.26908600330352783 0.6013780236244202
vt 0.22640399634838104 0.6506670117378235
vt 0.2781029939651489 0.6111670136451721
vt 0.22640399634838104 0.6506670117378235
vt 0.26908600330352783 0.6013780236244202
vt 0.25735801458358765 0.5945580005645752
vt 0.22640399634838104 0.6506670117378235
vt 0.24573299288749695 0.5908859968185425
vt 0.17115400731563568 0.6798670291900635
vt 0.22640399634838104 0.6506670117378235
vt 0.1774519979953766 0.6895650029182434
vt 0.17936299741268158 0.6119080185890198
vt 0.22640399634838104 0.6506670117378235
vt 0.17355400323867798 0.6205419898033142
vt 0.17355400323867798 0.6205419898033142
vt 0.22640399634838104 0.6506670117378235
vt 0.16878800094127655 0.6313049793243408
vt 0.16878800094127655 0.6313049793243408
vt 0.22640399634838104 0.6506670117378235
vt 0.16620999574661255 0.6421729922294617
vt 0.16620999574661255 0.6421729922294617
vt 0.22640399634838104 0.6506670117378235
vt 0.1658560037612915 0.6576669812202454
vt 0.16700899600982666 0.6688719987869263
vt 0.22640399634838104 0.6506670117378235
vt 0.17115400731563568 0.6798670291900635
vt 0.1658560037612915 0.6576669812202454
vt 0.22640399634838104 0.6506670117378235
vt 0.16700899600982666 0.6688719987869263
vt 0.372312992811203 0.8358250260353088
vt 0.39114201068878174 0.821815013885498
vt 0.39142000675201416 0.8329150080680847
vt 0.6511039733886719 0.6300579905509949
vt 0.6643000245094299 0.6300060153007507
vt 0.6486369967460632 0.652131974697113
vt 0.6486369967460632 0.652131974697113
vt 0.6283749938011169 0.6735209822654724
vt 0.6273099780082703 0.6527979969978333
vt 0.6283749938011169 0.6735209822654724
vt 0.6086009740829468 0.68989497423172
vt 0.6046820282936096 0.6723799705505371
vt 0.6086009740829468 0.68989497423172
vt 0.5856209993362427 0.7024700045585632
vt 0.580830991268158 0.6876350045204163
vt 0.46493101119995117 0.6939280033111572
vt 0.4852449893951416 0.6902099847793579
vt 0.4911780059337616 0.7129430174827576
vt 0.7366870045661926 0.5880720019340515
vt 0.7531470060348511 0.5749289989471436
vt 0.7455189824104309 0.5928570032119751
vt 0.6424739956855774 0.8596940040588379
vt 0.6524680256843567 0.8520910143852234
vt 0.6606559753417969 0.8670510053634644
vt 0.6606559753417969 0.8670510053634644
vt 0.6808969974517822 0.8605089783668518
vt 0.6816189885139465 0.8730260133743286
vt 0.7869250178337097 0.6064329743385315
vt 0.764585018157959 0.5987840294837952
vt 0.7686100006103516 0.5842440128326416
vt 0.83713299036026 0.6648619771003723
vt 0.8197469711303711 0.6498389840126038
vt 0.827010989189148 0.6456230282783508
vt 0.8418239951133728 0.688090980052948
vt 0.8259999752044678 0.6792600154876709
vt 0.83713299036026 0.6648619771003723
vt 0.8432009816169739 0.7131639719009399
vt 0.8316190242767334 0.7093080282211304
vt 0.8418239951133728 0.688090980052948
vt 0.7990189790725708 0.591064989566803
vt 0.7842260003089905 0.5700500011444092
vt 0.7961230278015137 0.5585809946060181
vt 0.5416730046272278 0.7979649901390076
vt 0.561024010181427 0.7899150252342224
vt 0.5762619972229004 0.8121669888496399
vt 0.5197629928588867 0.8044779896736145
vt 0.5416730046272278 0.7979649901390076
vt 0.5427790284156799 0.8159459829330444
vt 0.48346400260925293 0.820580005645752
vt 0.5154380202293396 0.8583719730377197
vt 0.48608899116516113 0.848717987537384
vt 0.4155209958553314 0.8281069993972778
vt 0.4160900115966797 0.8380110263824463
vt 0.39142000675201416 0.8329150080680847
vt 0.8403310179710388 0.41576799750328064
vt 0.8495360016822815 0.44384899735450745
vt 0.8347489833831787 0.4445599913597107
vt 0.866254985332489 0.5665150284767151
vt 0.8770310282707214 0.5599129796028137
vt 0.8873090147972107 0.5949839949607849
vt 0.4468500018119812 0.8725510239601135
vt 0.429874986410141 0.8965129852294922
vt 0.4307360053062439 0.867779016494751
vt 0.47952499985694885 0.8834879994392395
vt 0.45894598960876465 0.9082679748535156
vt 0.461870014667511 0.877206027507782
vt 0.2638019919395447 0.4494599997997284
vt 0.23874600231647491 0.19362300634384155
vt 0.32245099544525146 0.4338729977607727
vt 0.1835159957408905 0.44439300894737244
vt 0.23874600231647491 0.19362300634384155
vt 0.2638019919395447 0.4494599997997284
vt 0.12123700231313705 0.41833001375198364
vt 0.23874600231647491 0.19362300634384155
vt 0.1835159957408905 0.44439300894737244
vt 0.07100199908018112 0.37583300471305847
vt 0.23874600231647491 0.19362300634384155
vt 0.12123700231313705 0.41833001375198364
vt 0.041822001338005066 0.3333820104598999
vt 0.23874600231647491 0.19362300634384155
vt 0.07100199908018112 0.37583300471305847
vt 0.021888000890612602 0.28286200761795044
vt 0.23874600231647491 0.19362300634384155
vt 0.041822001338005066 0.3333820104598999
vt 0.015034000389277935 0.2314479947090149
vt 0.23874600231647491 0.19362300634384155
vt 0.021888000890612602 0.28286200761795044
vt 0.018789999186992645 0.18871699273586273
vt 0.23874600231647491 0.19362300634384155
vt 0.015034000389277935 0.2314479947090149
vt 0.027871999889612198 0.15613999962806702
vt 0.23874600231647491 0.19362300634384155
vt 0.018789999186992645 0.18871699273586273
vt 0.04068300127983093 0.1264200061559677
vt 0.23874600231647491 0.19362300634384155
vt 0.027871999889612198 0.15613999962806702
vt 0.06055400148034096 0.09509699791669846
vt 0.23874600231647491 0.19362300634384155
vt 0.04068300127983093 0.1264200061559677
vt 0.08145400136709213 0.07129199802875519
vt 0.23874600231647491 0.19362300634384155
vt 0.06055400148034096 0.09509699791669846
vt 0.10441199690103531 0.051621001213788986
vt 0.23874600231647491 0.19362300634384155
vt 0.08145400136709213 0.07129199802875519
vt 0.13593100011348724 0.032017000019550323
vt 0.23874600231647491 0.19362300634384155
vt 0.10441199690103531 0.051621001213788986
vt 0.17640100419521332 0.015980999916791916
vt 0.23874600231647491 0.19362300634384155
vt 0.13593100011348724 0.032017000019550323
vt 0.2146500051021576 0.008510000072419643
vt 0.23874600231647491 0.19362300634384155
vt 0.17640100419521332 0.015980999916791916
vt 0.2605369985103607 0.008510000072419643
vt 0.23874600231647491 0.19362300634384155
vt 0.2146500051021576 0.008510000072419643
vt 0.2855910062789917 0.012622999958693981
vt 0.23874600231647491 0.19362300634384155
vt 0.2605369985103607 0.008510000072419643
vt 0.3138140141963959 0.02088100090622902
vt 0.23874600231647491 0.19362300634384155
vt 0.2855910062789917 0.012622999958693981
vt 0.4129059910774231 0.09411399811506271
vt 0.23874600231647491 0.19362300634384155
vt 0.38352999091148376 0.06263899803161621
vt 0.43276599049568176 0.12498600035905838
vt 0.23874600231647491 0.19362300634384155
vt 0.4129059910774231 0.09411399811506271
vt 0.4484480023384094 0.16202899813652039
vt 0.23874600231647491 0.19362300634384155
vt 0.43276599049568176 0.12498600035905838
vt 0.4559749960899353 0.19478200376033783
vt 0.23874600231647491 0.19362300634384155
vt 0.4484480023384094 0.16202899813652039
vt 0.45865398645401 0.23122699558734894
vt 0.23874600231647491 0.19362300634384155
vt 0.4559749960899353 0.19478200376033783
vt 0.45453599095344543 0.2745639979839325
vt 0.23874600231647491 0.19362300634384155
vt 0.45865398645401 0.23122699558734894
vt 0.44165000319480896 0.3153020143508911
vt 0.23874600231647491 0.19362300634384155
vt 0.45453599095344543 0.2745639979839325
vt 0.4213719964027405 0.35245200991630554
vt 0.23874600231647491 0.19362300634384155
vt 0.44165000319480896 0.3153020143508911
vt 0.3829669952392578 0.396587997674942
vt 0.23874600231647491 0.19362300634384155
vt 0.4213719964027405 0.35245200991630554
vt 0.32245099544525146 0.4338729977607727
vt 0.23874600231647491 0.19362300634384155
vt 0.3829669952392578 0.396587997674942
vt 0.38352999091148376 0.06263899803161621
vt 0.23874600231647491 0.19362300634384155
vt 0.34690800309181213 0.036354999989271164
vt 0.34690800309181213 0.036354999989271164
vt 0.23874600231647491 0.19362300634384155
vt 0.3138140141963959 0.02088100090622902
vt 0.7520530223846436 0.9660419821739197
vt 0.7509009838104248 0.9841150045394897
vt 0.7047929763793945 0.9811390042304993
vt 0.7520530223846436 0.9660419821739197
vt 0.7047929763793945 0.9811390042304993
vt 0.7065309882164001 0.9615240097045898
vt 0.7065309882164001 0.9615240097045898
vt 0.7047929763793945 0.9811390042304993
vt 0.6664850115776062 0.976967990398407
vt 0.7065309882164001 0.9615240097045898
vt 0.6664850115776062 0.976967990398407
vt 0.6693860292434692 0.9570930004119873
vt 0.6693860292434692 0.9570930004119873
vt 0.6664850115776062 0.976967990398407
vt 0.6384459733963013 0.9722200036048889
vt 0.6693860292434692 0.9570930004119873
vt 0.6384459733963013 0.9722200036048889
vt 0.6426870226860046 0.9514070153236389
vt 0.6426870226860046 0.9514070153236389
vt 0.6384459733963013 0.9722200036048889
vt 0.6101620197296143 0.9656530022621155
vt 0.6426870226860046 0.9514070153236389
vt 0.6101620197296143 0.9656530022621155
vt 0.6162430047988892 0.9427840113639832
vt 0.6162430047988892 0.9427840113639832
vt 0.6101620197296143 0.9656530022621155
vt 0.5815370082855225 0.9572100043296814
vt 0.6162430047988892 0.9427840113639832
vt 0.5815370082855225 0.9572100043296814
vt 0.5899230241775513 0.9315209984779358
vt 0.5899230241775513 0.9315209984779358
vt 0.5815370082855225 0.9572100043296814
vt 0.557699978351593 0.9489330053329468
vt 0.5899230241775513 0.9315209984779358
vt 0.557699978351593 0.9489330053329468
vt 0.5679770112037659 0.921180009841919
vt 0.5679770112037659 0.921180009841919
vt 0.557699978351593 0.9489330053329468
vt 0.535955011844635 0.9405540227890015
vt 0.5679770112037659 0.921180009841919
vt 0.535955011844635 0.9405540227890015
vt 0.547577977180481 0.9116479754447937
vt 0.547577977180481 0.9116479754447937
vt 0.535955011844635 0.9405540227890015
vt 0.51009202003479 0.9298040270805359
vt 0.547577977180481 0.9116479754447937
vt 0.51009202003479 0.9298040270805359
vt 0.5228250026702881 0.9001079797744751
vt 0.5228250026702881 0.9001079797744751
vt 0.51009202003479 0.9298040270805359
vt 0.4992170035839081 0.8906620144844055
vt 0.51009202003479 0.9298040270805359
vt 0.48663899302482605 0.9196320176124573
vt 0.4992170035839081 0.8906620144844055
vt 0.4992170035839081 0.8906620144844055
vt 0.48663899302482605 0.9196320176124573
vt 0.47952499985694885 0.8834879994392395
vt 0.48663899302482605 0.9196320176124573
vt 0.45894598960876465 0.9082679748535156
vt 0.47952499985694885 0.8834879994392395
vt 0.461870014667511 0.877206027507782
vt 0.45894598960876465 0.9082679748535156
vt 0.429874986410141 0.8965129852294922
vt 0.461870014667511 0.877206027507782
vt 0.429874986410141 0.8965129852294922
vt 0.4468500018119812 0.8725510239601135
vt 0.4307360053062439 0.867779016494751
vt 0.429874986410141 0.8965129852294922
vt 0.4061020016670227 0.8887529969215393
vt 0.4307360053062439 0.867779016494751
vt 0.4061020016670227 0.8887529969215393
vt 0.4131140112876892 0.8638709783554077
vt 0.4131140112876892 0.8638709783554077
vt 0.4061020016670227 0.8887529969215393
vt 0.39042800664901733 0.8598300218582153
vt 0.4061020016670227 0.8887529969215393
vt 0.3863320052623749 0.8846719861030579
vt 0.39042800664901733 0.8598300218582153
vt 0.39042800664901733 0.8598300218582153
vt 0.3863320052623749 0.8846719861030579
vt 0.3705599904060364 0.8592759966850281
vt 0.3863320052623749 0.8846719861030579
vt 0.3688969910144806 0.8818960189819336
vt 0.3705599904060364 0.8592759966850281
vt 0.3705599904060364 0.8592759966850281
vt 0.3688969910144806 0.8818960189819336
vt 0.33719098567962646 0.8801820278167725
vt 0.3705599904060364 0.8592759966850281
vt 0.33719098567962646 0.8801820278167725
vt 0.3371640145778656 0.8584169745445251
vt 0.3371640145778656 0.8584169745445251
vt 0.33719098567962646 0.8801820278167725
vt 0.3095580041408539 0.8601409792900085
vt 0.33719098567962646 0.8801820278167725
vt 0.31029999256134033 0.8809059858322144
vt 0.3095580041408539 0.8601409792900085
vt 0.3095580041408539 0.8601409792900085
vt 0.31029999256134033 0.8809059858322144
vt 0.27859100699424744 0.863385021686554
vt 0.31029999256134033 0.8809059858322144
vt 0.2801409959793091 0.8827199935913086
vt 0.27859100699424744 0.863385021686554
vt 0.8587570190429688 0.3409689962863922
vt 0.878171980381012 0.34011200070381165
vt 0.860306978225708 0.3665429949760437
vt 0.878171980381012 0.34011200070381165
vt 0.880066990852356 0.3659040033817291
vt 0.860306978225708 0.3665429949760437
vt 0.860306978225708 0.3665429949760437
vt 0.880066990852356 0.3659040033817291
vt 0.8617290258407593 0.38982900977134705
vt 0.880066990852356 0.3659040033817291
vt 0.8831310272216797 0.3868989944458008
vt 0.8617290258407593 0.38982900977134705
vt 0.8617290258407593 0.38982900977134705
vt 0.8831310272216797 0.3868989944458008
vt 0.8867459893226624 0.408843994140625
vt 0.8617290258407593 0.38982900977134705
vt 0.8867459893226624 0.408843994140625
vt 0.864192008972168 0.4132100045681
vt 0.864192008972168 0.4132100045681
vt 0.8867459893226624 0.408843994140625
vt 0.8919829726219177 0.4341619908809662
vt 0.864192008972168 0.4132100045681
vt 0.8919829726219177 0.4341619908809662
vt 0.86980801820755 0.4394339919090271
vt 0.86980801820755 0.4394339919090271
vt 0.8919829726219177 0.4341619908809662
vt 0.8975290060043335 0.4558880031108856
vt 0.86980801820755 0.4394339919090271
vt 0.8975290060043335 0.4558880031108856
vt 0.8743690252304077 0.4620260000228882
vt 0.8743690252304077 0.4620260000228882
vt 0.8975290060043335 0.4558880031108856
vt 0.9041939973831177 0.47822698950767517
vt 0.8743690252304077 0.4620260000228882
vt 0.9041939973831177 0.47822698950767517
vt 0.8803960084915161 0.48503100872039795
vt 0.8803960084915161 0.48503100872039795
vt 0.9041939973831177 0.47822698950767517
vt 0.8896059989929199 0.5135939717292786
vt 0.9041939973831177 0.47822698950767517
vt 0.9124280214309692 0.5066819787025452
vt 0.8896059989929199 0.5135939717292786
vt 0.8896059989929199 0.5135939717292786
vt 0.9124280214309692 0.5066819787025452
vt 0.9227979779243469 0.5408989787101746
vt 0.8896059989929199 0.5135939717292786
vt 0.9227979779243469 0.5408989787101746
vt 0.8997309803962708 0.5488240122795105
vt 0.8997309803962708 0.5488240122795105
vt 0.9227979779243469 0.5408989787101746
vt 0.9330620169639587 0.5769479870796204
vt 0.8997309803962708 0.5488240122795105
vt 0.9330620169639587 0.5769479870796204
vt 0.9092850089073181 0.5831490159034729
vt 0.9092850089073181 0.5831490159034729
vt 0.9330620169639587 0.5769479870796204
vt 0.9179440140724182 0.616366982460022
vt 0.9330620169639587 0.5769479870796204
vt 0.9411460161209106 0.6116589903831482
vt 0.9179440140724182 0.616366982460022
vt 0.9179440140724182 0.616366982460022
vt 0.9411460161209106 0.6116589903831482
vt 0.9257360100746155 0.6587129831314087
vt 0.9411460161209106 0.6116589903831482
vt 0.9483140110969543 0.6560850143432617
vt 0.9257360100746155 0.6587129831314087
vt 0.9257360100746155 0.6587129831314087
vt 0.9483140110969543 0.6560850143432617
vt 0.9316179752349854 0.702193021774292
vt 0.9483140110969543 0.6560850143432617
vt 0.9514170289039612 0.7018219828605652
vt 0.9316179752349854 0.702193021774292
vt 0.9316179752349854 0.702193021774292
vt 0.9514170289039612 0.7018219828605652
vt 0.9300169944763184 0.7546709775924683
vt 0.9514170289039612 0.7018219828605652
vt 0.9496700167655945 0.7559859752655029
vt 0.9300169944763184 0.7546709775924683
vt 0.9300169944763184 0.7546709775924683
vt 0.9496700167655945 0.7559859752655029
vt 0.9270489811897278 0.7955499887466431
vt 0.9496700167655945 0.7559859752655029
vt 0.9459919929504395 0.797249972820282
vt 0.9270489811897278 0.7955499887466431
vt 0.5154380202293396 0.8583719730377197
vt 0.4992170035839081 0.8906620144844055
vt 0.48608899116516113 0.848717987537384
vt 0.4992170035839081 0.8906620144844055
vt 0.47952499985694885 0.8834879994392395
vt 0.48608899116516113 0.848717987537384
vt 0.46475499868392944 0.8461319804191589
vt 0.48608899116516113 0.848717987537384
vt 0.461870014667511 0.877206027507782
vt 0.48608899116516113 0.848717987537384
vt 0.47952499985694885 0.8834879994392395
vt 0.461870014667511 0.877206027507782
vt 0.45146501064300537 0.8433160185813904
vt 0.46475499868392944 0.8461319804191589
vt 0.4468500018119812 0.8725510239601135
vt 0.46475499868392944 0.8461319804191589
vt 0.461870014667511 0.877206027507782
vt 0.4468500018119812 0.8725510239601135
vt 0.45146501064300537 0.8433160185813904
vt 0.4468500018119812 0.8725510239601135
vt 0.4307360053062439 0.867779016494751
vt 0.45146501064300537 0.8433160185813904
vt 0.4307360053062439 0.867779016494751
vt 0.43580499291419983 0.8391309976577759
vt 0.43580499291419983 0.8391309976577759
vt 0.4307360053062439 0.867779016494751
vt 0.4160900115966797 0.8380110263824463
vt 0.4307360053062439 0.867779016494751
vt 0.4131140112876892 0.8638709783554077
vt 0.4160900115966797 0.8380110263824463
vt 0.39142000675201416 0.8329150080680847
vt 0.4160900115966797 0.8380110263824463
vt 0.39042800664901733 0.8598300218582153
vt 0.4160900115966797 0.8380110263824463
vt 0.4131140112876892 0.8638709783554077
vt 0.39042800664901733 0.8598300218582153
vt 0.372312992811203 0.8358250260353088
vt 0.39142000675201416 0.8329150080680847
vt 0.39042800664901733 0.8598300218582153
vt 0.372312992811203 0.8358250260353088
vt 0.39042800664901733 0.8598300218582153
vt 0.3705599904060364 0.8592759966850281
vt 0.372312992811203 0.8358250260353088
vt 0.3705599904060364 0.8592759966850281
vt 0.33719900250434875 0.8387889862060547
vt 0.3705599904060364 0.8592759966850281
vt 0.3371640145778656 0.8584169745445251
vt 0.33719900250434875 0.8387889862060547
vt 0.33719900250434875 0.8387889862060547
vt 0.3371640145778656 0.8584169745445251
vt 0.3095580041408539 0.8601409792900085
vt 0.33719900250434875 0.8387889862060547
vt 0.3095580041408539 0.8601409792900085
vt 0.30751198530197144 0.8384299874305725
vt 0.30751198530197144 0.8384299874305725
vt 0.3095580041408539 0.8601409792900085
vt 0.27591800689697266 0.8421249985694885
vt 0.3095580041408539 0.8601409792900085
vt 0.27859100699424744 0.863385021686554
vt 0.27591800689697266 0.8421249985694885
vt 0.836978018283844 0.3409990072250366
vt 0.8587570190429688 0.3409689962863922
vt 0.8373720049858093 0.36690500378608704
vt 0.8587570190429688 0.3409689962863922
vt 0.860306978225708 0.3665429949760437
vt 0.8373720049858093 0.36690500378608704
vt 0.8373720049858093 0.36690500378608704
vt 0.860306978225708 0.3665429949760437
vt 0.8617290258407593 0.38982900977134705
vt 0.8373720049858093 0.36690500378608704
vt 0.8617290258407593 0.38982900977134705
vt 0.8380550146102905 0.39169201254844666
vt 0.8380550146102905 0.39169201254844666
vt 0.8617290258407593 0.38982900977134705
vt 0.8403310179710388 0.41576799750328064
vt 0.8617290258407593 0.38982900977134705
vt 0.864192008972168 0.4132100045681
vt 0.8403310179710388 0.41576799750328064
vt 0.8403310179710388 0.41576799750328064
vt 0.864192008972168 0.4132100045681
vt 0.8495360016822815 0.44384899735450745
vt 0.864192008972168 0.4132100045681
vt 0.86980801820755 0.4394339919090271
vt 0.8495360016822815 0.44384899735450745
vt 0.8545029759407043 0.4670430123806
vt 0.8495360016822815 0.44384899735450745
vt 0.8743690252304077 0.4620260000228882
vt 0.8495360016822815 0.44384899735450745
vt 0.86980801820755 0.4394339919090271
vt 0.8743690252304077 0.4620260000228882
vt 0.8545029759407043 0.4670430123806
vt 0.8743690252304077 0.4620260000228882
vt 0.8803960084915161 0.48503100872039795
vt 0.8545029759407043 0.4670430123806
vt 0.8803960084915161 0.48503100872039795
vt 0.8591129779815674 0.490664005279541
vt 0.8671479821205139 0.5241429805755615
vt 0.8591129779815674 0.490664005279541
vt 0.8896059989929199 0.5135939717292786
vt 0.8591129779815674 0.490664005279541
vt 0.8803960084915161 0.48503100872039795
vt 0.8896059989929199 0.5135939717292786
vt 0.8671479821205139 0.5241429805755615
vt 0.8896059989929199 0.5135939717292786
vt 0.8997309803962708 0.5488240122795105
vt 0.8671479821205139 0.5241429805755615
vt 0.8997309803962708 0.5488240122795105
vt 0.8770310282707214 0.5599129796028137
vt 0.8873090147972107 0.5949839949607849
vt 0.8770310282707214 0.5599129796028137
vt 0.9092850089073181 0.5831490159034729
vt 0.8770310282707214 0.5599129796028137
vt 0.8997309803962708 0.5488240122795105
vt 0.9092850089073181 0.5831490159034729
vt 0.8873090147972107 0.5949839949607849
vt 0.9092850089073181 0.5831490159034729
vt 0.9179440140724182 0.616366982460022
vt 0.8873090147972107 0.5949839949607849
vt 0.9179440140724182 0.616366982460022
vt 0.8965809941291809 0.6254029870033264
vt 0.8965809941291809 0.6254029870033264
vt 0.9179440140724182 0.616366982460022
vt 0.9257360100746155 0.6587129831314087
vt 0.8965809941291809 0.6254029870033264
vt 0.9257360100746155 0.6587129831314087
vt 0.906853973865509 0.6644600033760071
vt 0.906853973865509 0.6644600033760071
vt 0.9257360100746155 0.6587129831314087
vt 0.9316179752349854 0.702193021774292
vt 0.906853973865509 0.6644600033760071
vt 0.9316179752349854 0.702193021774292
vt 0.9134119749069214 0.7065640091896057
vt 0.9134119749069214 0.7065640091896057
vt 0.9316179752349854 0.702193021774292
vt 0.9300169944763184 0.7546709775924683
vt 0.9134119749069214 0.7065640091896057
vt 0.9300169944763184 0.7546709775924683
vt 0.9129220247268677 0.7562950253486633
vt 0.9129220247268677 0.7562950253486633
vt 0.9300169944763184 0.7546709775924683
vt 0.9270489811897278 0.7955499887466431
vt 0.9129220247268677 0.7562950253486633
vt 0.9270489811897278 0.7955499887466431
vt 0.9089300036430359 0.7947350144386292
vt 0.7520110011100769 0.9488829970359802
vt 0.7520530223846436 0.9660419821739197
vt 0.7065309882164001 0.9615240097045898
vt 0.7520110011100769 0.9488829970359802
vt 0.7065309882164001 0.9615240097045898
vt 0.7076669931411743 0.9453039765357971
vt 0.7076669931411743 0.9453039765357971
vt 0.7065309882164001 0.9615240097045898
vt 0.6693860292434692 0.9570930004119873
vt 0.7076669931411743 0.9453039765357971
vt 0.6693860292434692 0.9570930004119873
vt 0.6713680028915405 0.9415259957313538
vt 0.6713680028915405 0.9415259957313538
vt 0.6693860292434692 0.9570930004119873
vt 0.6426870226860046 0.9514070153236389
vt 0.6713680028915405 0.9415259957313538
vt 0.6426870226860046 0.9514070153236389
vt 0.6450240015983582 0.9354029893875122
vt 0.6450240015983582 0.9354029893875122
vt 0.6426870226860046 0.9514070153236389
vt 0.6162430047988892 0.9427840113639832
vt 0.6450240015983582 0.9354029893875122
vt 0.6162430047988892 0.9427840113639832
vt 0.6195020079612732 0.9274970293045044
vt 0.6195020079612732 0.9274970293045044
vt 0.6162430047988892 0.9427840113639832
vt 0.5899230241775513 0.9315209984779358
vt 0.6195020079612732 0.9274970293045044
vt 0.5899230241775513 0.9315209984779358
vt 0.5952810049057007 0.9139320254325867
vt 0.5952810049057007 0.9139320254325867
vt 0.5899230241775513 0.9315209984779358
vt 0.5679770112037659 0.921180009841919
vt 0.5952810049057007 0.9139320254325867
vt 0.5679770112037659 0.921180009841919
vt 0.574940025806427 0.901419997215271
vt 0.574940025806427 0.901419997215271
vt 0.5679770112037659 0.921180009841919
vt 0.547577977180481 0.9116479754447937
vt 0.574940025806427 0.901419997215271
vt 0.547577977180481 0.9116479754447937
vt 0.5583969950675964 0.8913120031356812
vt 0.5583969950675964 0.8913120031356812
vt 0.547577977180481 0.9116479754447937
vt 0.5228250026702881 0.9001079797744751
vt 0.5583969950675964 0.8913120031356812
vt 0.5228250026702881 0.9001079797744751
vt 0.5372989773750305 0.87391197681427
vt 0.5372989773750305 0.87391197681427
vt 0.5228250026702881 0.9001079797744751
vt 0.4992170035839081 0.8906620144844055
vt 0.5372989773750305 0.87391197681427
vt 0.4992170035839081 0.8906620144844055
vt 0.5154380202293396 0.8583719730377197
vt 0.8524609804153442 0.5359410047531128
vt 0.8671479821205139 0.5241429805755615
vt 0.8770310282707214 0.5599129796028137
vt 0.8524609804153442 0.5359410047531128
vt 0.8770310282707214 0.5599129796028137
vt 0.866254985332489 0.5665150284767151
vt 0.8316180109977722 0.4672490060329437
vt 0.8545029759407043 0.4670430123806
vt 0.8438659906387329 0.4985179901123047
vt 0.8545029759407043 0.4670430123806
vt 0.8591129779815674 0.490664005279541
vt 0.8438659906387329 0.4985179901123047
vt 0.8438659906387329 0.4985179901123047
vt 0.8591129779815674 0.490664005279541
vt 0.8671479821205139 0.5241429805755615
vt 0.8438659906387329 0.4985179901123047
vt 0.8671479821205139 0.5241429805755615
vt 0.8524609804153442 0.5359410047531128
vt 0.8347489833831787 0.4445599913597107
vt 0.8495360016822815 0.44384899735450745
vt 0.8316180109977722 0.4672490060329437
vt 0.8495360016822815 0.44384899735450745
vt 0.8545029759407043 0.4670430123806
vt 0.8316180109977722 0.4672490060329437
vt 0.4343410134315491 0.8215910196304321
vt 0.44849398732185364 0.8180090188980103
vt 0.43580499291419983 0.8391309976577759
vt 0.44849398732185364 0.8180090188980103
vt 0.45146501064300537 0.8433160185813904
vt 0.43580499291419983 0.8391309976577759
vt 0.4343410134315491 0.8215910196304321
vt 0.43580499291419983 0.8391309976577759
vt 0.4155209958553314 0.8281069993972778
vt 0.43580499291419983 0.8391309976577759
vt 0.4160900115966797 0.8380110263824463
vt 0.4155209958553314 0.8281069993972778
vt 0.4633600115776062 0.8189380168914795
vt 0.48346400260925293 0.820580005645752
vt 0.46475499868392944 0.8461319804191589
vt 0.48346400260925293 0.820580005645752
vt 0.48608899116516113 0.848717987537384
vt 0.46475499868392944 0.8461319804191589
vt 0.4633600115776062 0.8189380168914795
vt 0.46475499868392944 0.8461319804191589
vt 0.45146501064300537 0.8433160185813904
vt 0.4633600115776062 0.8189380168914795
vt 0.45146501064300537 0.8433160185813904
vt 0.44849398732185364 0.8180090188980103
vt 0.8316180109977722 0.4672490060329437
vt 0.8438659906387329 0.4985179901123047
vt 0.8247429728507996 0.4874989986419678
vt 0.8438659906387329 0.4985179901123047
vt 0.8319560289382935 0.5185800194740295
vt 0.8247429728507996 0.4874989986419678
vt 0.8319560289382935 0.5185800194740295
vt 0.8438659906387329 0.4985179901123047
vt 0.8524609804153442 0.5359410047531128
vt 0.8319560289382935 0.5185800194740295
vt 0.8524609804153442 0.5359410047531128
vt 0.8354150056838989 0.5554869771003723
vt 0.8354150056838989 0.5554869771003723
vt 0.8524609804153442 0.5359410047531128
vt 0.866254985332489 0.5665150284767151
vt 0.8354150056838989 0.5554869771003723
vt 0.866254985332489 0.5665150284767151
vt 0.8501799702644348 0.5802320241928101
vt 0.8501799702644348 0.5802320241928101
vt 0.866254985332489 0.5665150284767151
vt 0.8873090147972107 0.5949839949607849
vt 0.8501799702644348 0.5802320241928101
vt 0.8873090147972107 0.5949839949607849
vt 0.8706830143928528 0.6066790223121643
vt 0.8706830143928528 0.6066790223121643
vt 0.8873090147972107 0.5949839949607849
vt 0.8965809941291809 0.6254029870033264
vt 0.8706830143928528 0.6066790223121643
vt 0.8965809941291809 0.6254029870033264
vt 0.882498025894165 0.6347799897193909
vt 0.882498025894165 0.6347799897193909
vt 0.8965809941291809 0.6254029870033264
vt 0.906853973865509 0.6644600033760071
vt 0.882498025894165 0.6347799897193909
vt 0.906853973865509 0.6644600033760071
vt 0.8923310041427612 0.671118974685669
vt 0.8923310041427612 0.671118974685669
vt 0.906853973865509 0.6644600033760071
vt 0.9134119749069214 0.7065640091896057
vt 0.8923310041427612 0.671118974685669
vt 0.9134119749069214 0.7065640091896057
vt 0.8966379761695862 0.7101140022277832
vt 0.8966379761695862 0.7101140022277832
vt 0.9134119749069214 0.7065640091896057
vt 0.9129220247268677 0.7562950253486633
vt 0.8966379761695862 0.7101140022277832
vt 0.9129220247268677 0.7562950253486633
vt 0.8943910002708435 0.7572519779205322
vt 0.8943910002708435 0.7572519779205322
vt 0.9129220247268677 0.7562950253486633
vt 0.9089300036430359 0.7947350144386292
vt 0.8943910002708435 0.7572519779205322
vt 0.9089300036430359 0.7947350144386292
vt 0.8889359831809998 0.7933390140533447
vt 0.7514870166778564 0.9300649762153625
vt 0.7520110011100769 0.9488829970359802
vt 0.7076669931411743 0.9453039765357971
vt 0.7514870166778564 0.9300649762153625
vt 0.7076669931411743 0.9453039765357971
vt 0.7085279822349548 0.9274619817733765
vt 0.7085279822349548 0.9274619817733765
vt 0.7076669931411743 0.9453039765357971
vt 0.6713680028915405 0.9415259957313538
vt 0.7085279822349548 0.9274619817733765
vt 0.6713680028915405 0.9415259957313538
vt 0.6737620234489441 0.9243950247764587
vt 0.6737620234489441 0.9243950247764587
vt 0.6713680028915405 0.9415259957313538
vt 0.6450240015983582 0.9354029893875122
vt 0.6737620234489441 0.9243950247764587
vt 0.6450240015983582 0.9354029893875122
vt 0.6480079889297485 0.9174370169639587
vt 0.6480079889297485 0.9174370169639587
vt 0.6450240015983582 0.9354029893875122
vt 0.6195020079612732 0.9274970293045044
vt 0.6480079889297485 0.9174370169639587
vt 0.6195020079612732 0.9274970293045044
vt 0.6238899827003479 0.9097769856452942
vt 0.6238899827003479 0.9097769856452942
vt 0.6195020079612732 0.9274970293045044
vt 0.5952810049057007 0.9139320254325867
vt 0.6238899827003479 0.9097769856452942
vt 0.5952810049057007 0.9139320254325867
vt 0.6007040143013 0.895006000995636
vt 0.6007040143013 0.895006000995636
vt 0.5952810049057007 0.9139320254325867
vt 0.574940025806427 0.901419997215271
vt 0.6007040143013 0.895006000995636
vt 0.574940025806427 0.901419997215271
vt 0.582377016544342 0.8824390172958374
vt 0.582377016544342 0.8824390172958374
vt 0.574940025806427 0.901419997215271
vt 0.5583969950675964 0.8913120031356812
vt 0.582377016544342 0.8824390172958374
vt 0.5583969950675964 0.8913120031356812
vt 0.5666589736938477 0.8702170252799988
vt 0.5666589736938477 0.8702170252799988
vt 0.5583969950675964 0.8913120031356812
vt 0.5372989773750305 0.87391197681427
vt 0.5666589736938477 0.8702170252799988
vt 0.5372989773750305 0.87391197681427
vt 0.5516899824142456 0.8525850176811218
vt 0.5516899824142456 0.8525850176811218
vt 0.5372989773750305 0.87391197681427
vt 0.5154380202293396 0.8583719730377197
vt 0.5516899824142456 0.8525850176811218
vt 0.5154380202293396 0.8583719730377197
vt 0.5296519994735718 0.8346580266952515
vt 0.5032010078430176 0.8157370090484619
vt 0.5296519994735718 0.8346580266952515
vt 0.5154380202293396 0.8583719730377197
vt 0.5032010078430176 0.8157370090484619
vt 0.5154380202293396 0.8583719730377197
vt 0.48346400260925293 0.820580005645752
vt 0.5032010078430176 0.8157370090484619
vt 0.5197629928588867 0.8044779896736145
vt 0.5296519994735718 0.8346580266952515
vt 0.5197629928588867 0.8044779896736145
vt 0.5427790284156799 0.8159459829330444
vt 0.5296519994735718 0.8346580266952515
vt 0.5642499923706055 0.8307399749755859
vt 0.5516899824142456 0.8525850176811218
vt 0.5296519994735718 0.8346580266952515
vt 0.5642499923706055 0.8307399749755859
vt 0.5296519994735718 0.8346580266952515
vt 0.5427790284156799 0.8159459829330444
vt 0.5779860019683838 0.8482120037078857
vt 0.5666589736938477 0.8702170252799988
vt 0.5516899824142456 0.8525850176811218
vt 0.5779860019683838 0.8482120037078857
vt 0.5516899824142456 0.8525850176811218
vt 0.5642499923706055 0.8307399749755859
vt 0.5935440063476562 0.8625239729881287
vt 0.582377016544342 0.8824390172958374
vt 0.5666589736938477 0.8702170252799988
vt 0.5935440063476562 0.8625239729881287
vt 0.5666589736938477 0.8702170252799988
vt 0.5779860019683838 0.8482120037078857
vt 0.6083890199661255 0.8765519857406616
vt 0.6007040143013 0.895006000995636
vt 0.582377016544342 0.8824390172958374
vt 0.6083890199661255 0.8765519857406616
vt 0.582377016544342 0.8824390172958374
vt 0.5935440063476562 0.8625239729881287
vt 0.6292679905891418 0.8905869722366333
vt 0.6238899827003479 0.9097769856452942
vt 0.6007040143013 0.895006000995636
vt 0.6292679905891418 0.8905869722366333
vt 0.6007040143013 0.895006000995636
vt 0.6083890199661255 0.8765519857406616
vt 0.6516330242156982 0.8985040187835693
vt 0.6480079889297485 0.9174370169639587
vt 0.6238899827003479 0.9097769856452942
vt 0.6516330242156982 0.8985040187835693
vt 0.6238899827003479 0.9097769856452942
vt 0.6292679905891418 0.8905869722366333
vt 0.6766859889030457 0.9042680263519287
vt 0.6737620234489441 0.9243950247764587
vt 0.6480079889297485 0.9174370169639587
vt 0.6766859889030457 0.9042680263519287
vt 0.6480079889297485 0.9174370169639587
vt 0.6516330242156982 0.8985040187835693
vt 0.7080789804458618 0.905610978603363
vt 0.7085279822349548 0.9274619817733765
vt 0.6737620234489441 0.9243950247764587
vt 0.7080789804458618 0.905610978603363
vt 0.6737620234489441 0.9243950247764587
vt 0.6766859889030457 0.9042680263519287
vt 0.7496560215950012 0.9038959741592407
vt 0.7514870166778564 0.9300649762153625
vt 0.7085279822349548 0.9274619817733765
vt 0.7496560215950012 0.9038959741592407
vt 0.7085279822349548 0.9274619817733765
vt 0.7080789804458618 0.905610978603363
vt 0.869172990322113 0.7541019916534424
vt 0.8943910002708435 0.7572519779205322
vt 0.8889359831809998 0.7933390140533447
vt 0.869172990322113 0.7541019916534424
vt 0.8889359831809998 0.7933390140533447
vt 0.8619999885559082 0.7878320217132568
vt 0.8744519948959351 0.7130720019340515
vt 0.8966379761695862 0.7101140022277832
vt 0.8943910002708435 0.7572519779205322
vt 0.8744519948959351 0.7130720019340515
vt 0.8943910002708435 0.7572519779205322
vt 0.869172990322113 0.7541019916534424
vt 0.8733609914779663 0.6786119937896729
vt 0.8923310041427612 0.671118974685669
vt 0.8966379761695862 0.7101140022277832
vt 0.8733609914779663 0.6786119937896729
vt 0.8966379761695862 0.7101140022277832
vt 0.8744519948959351 0.7130720019340515
vt 0.8659200072288513 0.6461319923400879
vt 0.882498025894165 0.6347799897193909
vt 0.8923310041427612 0.671118974685669
vt 0.8659200072288513 0.6461319923400879
vt 0.8923310041427612 0.671118974685669
vt 0.8733609914779663 0.6786119937896729
vt 0.8543409705162048 0.6209859848022461
vt 0.8706830143928528 0.6066790223121643
vt 0.882498025894165 0.6347799897193909
vt 0.8543409705162048 0.6209859848022461
vt 0.882498025894165 0.6347799897193909
vt 0.8659200072288513 0.6461319923400879
vt 0.8343430161476135 0.5952900052070618
vt 0.8501799702644348 0.5802320241928101
vt 0.8706830143928528 0.6066790223121643
vt 0.8343430161476135 0.5952900052070618
vt 0.8706830143928528 0.6066790223121643
vt 0.8543409705162048 0.6209859848022461
vt 0.8174570202827454 0.5733299851417542
vt 0.8354150056838989 0.5554869771003723
vt 0.8501799702644348 0.5802320241928101
vt 0.8174570202827454 0.5733299851417542
vt 0.8501799702644348 0.5802320241928101
vt 0.8343430161476135 0.5952900052070618
vt 0.8174570202827454 0.5733299851417542
vt 0.8151190280914307 0.5384179949760437
vt 0.8354150056838989 0.5554869771003723
vt 0.8151190280914307 0.5384179949760437
vt 0.8319560289382935 0.5185800194740295
vt 0.8354150056838989 0.5554869771003723
vt 0.8247429728507996 0.4874989986419678
vt 0.8319560289382935 0.5185800194740295
vt 0.8165490031242371 0.5046929717063904
vt 0.8319560289382935 0.5185800194740295
vt 0.8151190280914307 0.5384179949760437
vt 0.8165490031242371 0.5046929717063904
vt 0.5416730046272278 0.7979649901390076
vt 0.5762619972229004 0.8121669888496399
vt 0.5427790284156799 0.8159459829330444
vt 0.5762619972229004 0.8121669888496399
vt 0.5642499923706055 0.8307399749755859
vt 0.5427790284156799 0.8159459829330444
vt 0.5762619972229004 0.8121669888496399
vt 0.590067982673645 0.8283079862594604
vt 0.5642499923706055 0.8307399749755859
vt 0.590067982673645 0.8283079862594604
vt 0.5779860019683838 0.8482120037078857
vt 0.5642499923706055 0.8307399749755859
vt 0.590067982673645 0.8283079862594604
vt 0.6028739809989929 0.8446009755134583
vt 0.5779860019683838 0.8482120037078857
vt 0.6028739809989929 0.8446009755134583
vt 0.5935440063476562 0.8625239729881287
vt 0.5779860019683838 0.8482120037078857
vt 0.6028739809989929 0.8446009755134583
vt 0.6174790263175964 0.8599069714546204
vt 0.5935440063476562 0.8625239729881287
vt 0.6174790263175964 0.8599069714546204
vt 0.6083890199661255 0.8765519857406616
vt 0.5935440063476562 0.8625239729881287
vt 0.6174790263175964 0.8599069714546204
vt 0.6363409757614136 0.8718180060386658
vt 0.6083890199661255 0.8765519857406616
vt 0.6363409757614136 0.8718180060386658
vt 0.6292679905891418 0.8905869722366333
vt 0.6083890199661255 0.8765519857406616
vt 0.6363409757614136 0.8718180060386658
vt 0.6566349864006042 0.8801190257072449
vt 0.6292679905891418 0.8905869722366333
vt 0.6566349864006042 0.8801190257072449
vt 0.6516330242156982 0.8985040187835693
vt 0.6292679905891418 0.8905869722366333
vt 0.6566349864006042 0.8801190257072449
vt 0.67951899766922 0.8866239786148071
vt 0.6516330242156982 0.8985040187835693
vt 0.67951899766922 0.8866239786148071
vt 0.6766859889030457 0.9042680263519287
vt 0.6516330242156982 0.8985040187835693
vt 0.67951899766922 0.8866239786148071
vt 0.7089120149612427 0.8845769762992859
vt 0.7080789804458618 0.905610978603363
vt 0.67951899766922 0.8866239786148071
vt 0.7080789804458618 0.905610978603363
vt 0.6766859889030457 0.9042680263519287
vt 0.7089120149612427 0.8845769762992859
vt 0.744280993938446 0.8799800276756287
vt 0.7080789804458618 0.905610978603363
vt 0.744280993938446 0.8799800276756287
vt 0.7496560215950012 0.9038959741592407
vt 0.7080789804458618 0.905610978603363
vt 0.8380100131034851 0.7804380059242249
vt 0.849897027015686 0.7491049766540527
vt 0.8619999885559082 0.7878320217132568
vt 0.849897027015686 0.7491049766540527
vt 0.869172990322113 0.7541019916534424
vt 0.8619999885559082 0.7878320217132568
vt 0.849897027015686 0.7491049766540527
vt 0.8564140200614929 0.7137799859046936
vt 0.869172990322113 0.7541019916534424
vt 0.8564140200614929 0.7137799859046936
vt 0.8744519948959351 0.7130720019340515
vt 0.869172990322113 0.7541019916534424
vt 0.8564140200614929 0.7137799859046936
vt 0.8549379706382751 0.685804009437561
vt 0.8744519948959351 0.7130720019340515
vt 0.8549379706382751 0.685804009437561
vt 0.8733609914779663 0.6786119937896729
vt 0.8744519948959351 0.7130720019340515
vt 0.8549379706382751 0.685804009437561
vt 0.849416971206665 0.6591230034828186
vt 0.8733609914779663 0.6786119937896729
vt 0.849416971206665 0.6591230034828186
vt 0.8659200072288513 0.6461319923400879
vt 0.8733609914779663 0.6786119937896729
vt 0.849416971206665 0.6591230034828186
vt 0.837444007396698 0.6356670260429382
vt 0.8659200072288513 0.6461319923400879
vt 0.837444007396698 0.6356670260429382
vt 0.8543409705162048 0.6209859848022461
vt 0.8659200072288513 0.6461319923400879
vt 0.837444007396698 0.6356670260429382
vt 0.8162630200386047 0.6127719879150391
vt 0.8543409705162048 0.6209859848022461
vt 0.8162630200386047 0.6127719879150391
vt 0.8343430161476135 0.5952900052070618
vt 0.8543409705162048 0.6209859848022461
vt 0.8162630200386047 0.6127719879150391
vt 0.7990189790725708 0.591064989566803
vt 0.8343430161476135 0.5952900052070618
vt 0.7990189790725708 0.591064989566803
vt 0.8174570202827454 0.5733299851417542
vt 0.8343430161476135 0.5952900052070618
vt 0.7990189790725708 0.591064989566803
vt 0.7961230278015137 0.5585809946060181
vt 0.8174570202827454 0.5733299851417542
vt 0.7961230278015137 0.5585809946060181
vt 0.8151190280914307 0.5384179949760437
vt 0.8174570202827454 0.5733299851417542
vt 0.8165490031242371 0.5046929717063904
vt 0.8151190280914307 0.5384179949760437
vt 0.7998849749565125 0.5261030197143555
vt 0.8151190280914307 0.5384179949760437
vt 0.7961230278015137 0.5585809946060181
vt 0.7998849749565125 0.5261030197143555
vt 0.7758659720420837 0.5520970225334167
vt 0.7998849749565125 0.5261030197143555
vt 0.7961230278015137 0.5585809946060181
vt 0.7758659720420837 0.5520970225334167
vt 0.7961230278015137 0.5585809946060181
vt 0.7842260003089905 0.5700500011444092
vt 0.8370299935340881 0.7441239953041077
vt 0.8170440196990967 0.7353500127792358
vt 0.8432009816169739 0.7131639719009399
vt 0.8170440196990967 0.7353500127792358
vt 0.8316190242767334 0.7093080282211304
vt 0.8432009816169739 0.7131639719009399
vt 0.7966570258140564 0.7240260243415833
vt 0.8112819790840149 0.7010049819946289
vt 0.8170440196990967 0.7353500127792358
vt 0.8112819790840149 0.7010049819946289
vt 0.8316190242767334 0.7093080282211304
vt 0.8170440196990967 0.7353500127792358
vt 0.8418239951133728 0.688090980052948
vt 0.8316190242767334 0.7093080282211304
vt 0.8259999752044678 0.6792600154876709
vt 0.8316190242767334 0.7093080282211304
vt 0.8112819790840149 0.7010049819946289
vt 0.8259999752044678 0.6792600154876709
vt 0.7753409743309021 0.7121760249137878
vt 0.7890629768371582 0.6895599961280823
vt 0.7966570258140564 0.7240260243415833
vt 0.7890629768371582 0.6895599961280823
vt 0.8112819790840149 0.7010049819946289
vt 0.7966570258140564 0.7240260243415833
vt 0.7890629768371582 0.6895599961280823
vt 0.8047890067100525 0.6662179827690125
vt 0.8112819790840149 0.7010049819946289
vt 0.8047890067100525 0.6662179827690125
vt 0.8259999752044678 0.6792600154876709
vt 0.8112819790840149 0.7010049819946289
vt 0.83713299036026 0.6648619771003723
vt 0.8259999752044678 0.6792600154876709
vt 0.8197469711303711 0.6498389840126038
vt 0.8259999752044678 0.6792600154876709
vt 0.8047890067100525 0.6662179827690125
vt 0.8197469711303711 0.6498389840126038
vt 0.7844039797782898 0.6554459929466248
vt 0.8047890067100525 0.6662179827690125
vt 0.7890629768371582 0.6895599961280823
vt 0.7844039797782898 0.6554459929466248
vt 0.7890629768371582 0.6895599961280823
vt 0.770343005657196 0.6782039999961853
vt 0.7844039797782898 0.6554459929466248
vt 0.7987250089645386 0.6349359750747681
vt 0.8047890067100525 0.6662179827690125
vt 0.7987250089645386 0.6349359750747681
vt 0.8197469711303711 0.6498389840126038
vt 0.8047890067100525 0.6662179827690125
vt 0.827010989189148 0.6456230282783508
vt 0.8197469711303711 0.6498389840126038
vt 0.8071240186691284 0.6251029968261719
vt 0.8197469711303711 0.6498389840126038
vt 0.7987250089645386 0.6349359750747681
vt 0.8071240186691284 0.6251029968261719
vt 0.7575340270996094 0.7017589807510376
vt 0.770343005657196 0.6782039999961853
vt 0.7890629768371582 0.6895599961280823
vt 0.7575340270996094 0.7017589807510376
vt 0.7890629768371582 0.6895599961280823
vt 0.7753409743309021 0.7121760249137878
vt 0.7643049955368042 0.6447809934616089
vt 0.7844039797782898 0.6554459929466248
vt 0.770343005657196 0.6782039999961853
vt 0.7643049955368042 0.6447809934616089
vt 0.770343005657196 0.6782039999961853
vt 0.752348005771637 0.6664080023765564
vt 0.7643049955368042 0.6447809934616089
vt 0.7760310173034668 0.6240090131759644
vt 0.7844039797782898 0.6554459929466248
vt 0.7760310173034668 0.6240090131759644
vt 0.7987250089645386 0.6349359750747681
vt 0.7844039797782898 0.6554459929466248
vt 0.8071240186691284 0.6251029968261719
vt 0.7987250089645386 0.6349359750747681
vt 0.7869250178337097 0.6064329743385315
vt 0.7987250089645386 0.6349359750747681
vt 0.7760310173034668 0.6240090131759644
vt 0.7869250178337097 0.6064329743385315
vt 0.7391570210456848 0.6911180019378662
vt 0.752348005771637 0.6664080023765564
vt 0.770343005657196 0.6782039999961853
vt 0.7391570210456848 0.6911180019378662
vt 0.770343005657196 0.6782039999961853
vt 0.7575340270996094 0.7017589807510376
vt 0.7217170000076294 0.6806290149688721
vt 0.7351570129394531 0.6565830111503601
vt 0.752348005771637 0.6664080023765564
vt 0.7217170000076294 0.6806290149688721
vt 0.752348005771637 0.6664080023765564
vt 0.7391570210456848 0.6911180019378662
vt 0.7351570129394531 0.6565830111503601
vt 0.7468159794807434 0.6361770033836365
vt 0.752348005771637 0.6664080023765564
vt 0.7468159794807434 0.6361770033836365
vt 0.7643049955368042 0.6447809934616089
vt 0.752348005771637 0.6664080023765564
vt 0.7468159794807434 0.6361770033836365
vt 0.756426990032196 0.6156200170516968
vt 0.7643049955368042 0.6447809934616089
vt 0.756426990032196 0.6156200170516968
vt 0.7760310173034668 0.6240090131759644
vt 0.7643049955368042 0.6447809934616089
vt 0.7869250178337097 0.6064329743385315
vt 0.7760310173034668 0.6240090131759644
vt 0.764585018157959 0.5987840294837952
vt 0.7760310173034668 0.6240090131759644
vt 0.756426990032196 0.6156200170516968
vt 0.764585018157959 0.5987840294837952
vt 0.7040650248527527 0.6688519716262817
vt 0.7165759801864624 0.6460549831390381
vt 0.7351570129394531 0.6565830111503601
vt 0.7040650248527527 0.6688519716262817
vt 0.7351570129394531 0.6565830111503601
vt 0.7217170000076294 0.6806290149688721
vt 0.7165759801864624 0.6460549831390381
vt 0.7265819907188416 0.626554012298584
vt 0.7351570129394531 0.6565830111503601
vt 0.7265819907188416 0.626554012298584
vt 0.7468159794807434 0.6361770033836365
vt 0.7351570129394531 0.6565830111503601
vt 0.7265819907188416 0.626554012298584
vt 0.7367510199546814 0.607243001461029
vt 0.7468159794807434 0.6361770033836365
vt 0.7367510199546814 0.607243001461029
vt 0.756426990032196 0.6156200170516968
vt 0.7468159794807434 0.6361770033836365
vt 0.7367510199546814 0.607243001461029
vt 0.7455189824104309 0.5928570032119751
vt 0.756426990032196 0.6156200170516968
vt 0.7455189824104309 0.5928570032119751
vt 0.764585018157959 0.5987840294837952
vt 0.756426990032196 0.6156200170516968
vt 0.7531470060348511 0.5749289989471436
vt 0.7686100006103516 0.5842440128326416
vt 0.7455189824104309 0.5928570032119751
vt 0.7686100006103516 0.5842440128326416
vt 0.764585018157959 0.5987840294837952
vt 0.7455189824104309 0.5928570032119751
vt 0.6816189885139465 0.8730260133743286
vt 0.6808969974517822 0.8605089783668518
vt 0.7072809934616089 0.8710629940032959
vt 0.6808969974517822 0.8605089783668518
vt 0.7032719850540161 0.8525109887123108
vt 0.7072809934616089 0.8710629940032959
vt 0.7072809934616089 0.8710629940032959
vt 0.7032719850540161 0.8525109887123108
vt 0.7319650053977966 0.8420990109443665
vt 0.7072809934616089 0.8710629940032959
vt 0.7319650053977966 0.8420990109443665
vt 0.7411620020866394 0.8656250238418579
vt 0.7232099771499634 0.8211359977722168
vt 0.7319650053977966 0.8420990109443665
vt 0.7032719850540161 0.8525109887123108
vt 0.7232099771499634 0.8211359977722168
vt 0.7032719850540161 0.8525109887123108
vt 0.6955540180206299 0.8324880003929138
vt 0.7032719850540161 0.8525109887123108
vt 0.6808969974517822 0.8605089783668518
vt 0.6737610101699829 0.841946005821228
vt 0.7032719850540161 0.8525109887123108
vt 0.6737610101699829 0.841946005821228
vt 0.6955540180206299 0.8324880003929138
vt 0.6606559753417969 0.8670510053634644
vt 0.6524680256843567 0.8520910143852234
vt 0.6737610101699829 0.841946005821228
vt 0.6606559753417969 0.8670510053634644
vt 0.6737610101699829 0.841946005821228
vt 0.6808969974517822 0.8605089783668518
vt 0.6253370046615601 0.848626971244812
vt 0.642956018447876 0.836683988571167
vt 0.6424739956855774 0.8596940040588379
vt 0.642956018447876 0.836683988571167
vt 0.6524680256843567 0.8520910143852234
vt 0.6424739956855774 0.8596940040588379
vt 0.6640290021896362 0.8234490156173706
vt 0.6737610101699829 0.841946005821228
vt 0.6524680256843567 0.8520910143852234
vt 0.6640290021896362 0.8234490156173706
vt 0.6524680256843567 0.8520910143852234
vt 0.642956018447876 0.836683988571167
vt 0.6955540180206299 0.8324880003929138
vt 0.6737610101699829 0.841946005821228
vt 0.6640290021896362 0.8234490156173706
vt 0.6955540180206299 0.8324880003929138
vt 0.6640290021896362 0.8234490156173706
vt 0.6870269775390625 0.8106150031089783
vt 0.7123889923095703 0.799107015132904
vt 0.7232099771499634 0.8211359977722168
vt 0.6955540180206299 0.8324880003929138
vt 0.7123889923095703 0.799107015132904
vt 0.6955540180206299 0.8324880003929138
vt 0.6870269775390625 0.8106150031089783
vt 0.6128939986228943 0.8357560038566589
vt 0.6317030191421509 0.8221570253372192
vt 0.6253370046615601 0.848626971244812
vt 0.6317030191421509 0.8221570253372192
vt 0.642956018447876 0.836683988571167
vt 0.6253370046615601 0.848626971244812
vt 0.6537950038909912 0.8071190118789673
vt 0.6640290021896362 0.8234490156173706
vt 0.642956018447876 0.836683988571167
vt 0.6537950038909912 0.8071190118789673
vt 0.642956018447876 0.836683988571167
vt 0.6317030191421509 0.8221570253372192
vt 0.6870269775390625 0.8106150031089783
vt 0.6640290021896362 0.8234490156173706
vt 0.6537950038909912 0.8071190118789673
vt 0.6870269775390625 0.8106150031089783
vt 0.6537950038909912 0.8071190118789673
vt 0.6787260174751282 0.7928439974784851
vt 0.7030979990959167 0.78056401014328
vt 0.7123889923095703 0.799107015132904
vt 0.6870269775390625 0.8106150031089783
vt 0.7030979990959167 0.78056401014328
vt 0.6870269775390625 0.8106150031089783
vt 0.6787260174751282 0.7928439974784851
vt 0.5757920145988464 0.7811539769172668
vt 0.6013839840888977 0.7708809971809387
vt 0.6098229885101318 0.7875080108642578
vt 0.5757920145988464 0.7811539769172668
vt 0.6098229885101318 0.7875080108642578
vt 0.5883520245552063 0.802577018737793
vt 0.5883520245552063 0.802577018737793
vt 0.6098229885101318 0.7875080108642578
vt 0.6204259991645813 0.8035780191421509
vt 0.5883520245552063 0.802577018737793
vt 0.6204259991645813 0.8035780191421509
vt 0.5997239947319031 0.8188070058822632
vt 0.6438069939613342 0.7885929942131042
vt 0.6204259991645813 0.8035780191421509
vt 0.6344410181045532 0.7733129858970642
vt 0.6204259991645813 0.8035780191421509
vt 0.6098229885101318 0.7875080108642578
vt 0.6344410181045532 0.7733129858970642
vt 0.6013839840888977 0.7708809971809387
vt 0.6262680292129517 0.7563260197639465
vt 0.6344410181045532 0.7733129858970642
vt 0.6013839840888977 0.7708809971809387
vt 0.6344410181045532 0.7733129858970642
vt 0.6098229885101318 0.7875080108642578
vt 0.6699399948120117 0.7736170291900635
vt 0.6438069939613342 0.7885929942131042
vt 0.6344410181045532 0.7733129858970642
vt 0.6699399948120117 0.7736170291900635
vt 0.6344410181045532 0.7733129858970642
vt 0.6628190279006958 0.7567059993743896
vt 0.6262680292129517 0.7563260197639465
vt 0.6529300212860107 0.7388070225715637
vt 0.6628190279006958 0.7567059993743896
vt 0.6262680292129517 0.7563260197639465
vt 0.6628190279006958 0.7567059993743896
vt 0.6344410181045532 0.7733129858970642
vt 0.6930710077285767 0.7614150047302246
vt 0.6699399948120117 0.7736170291900635
vt 0.6628190279006958 0.7567059993743896
vt 0.6930710077285767 0.7614150047302246
vt 0.6628190279006958 0.7567059993743896
vt 0.6845960021018982 0.7444270253181458
vt 0.6529300212860107 0.7388070225715637
vt 0.6758260130882263 0.7247459888458252
vt 0.6845960021018982 0.7444270253181458
vt 0.6529300212860107 0.7388070225715637
vt 0.6845960021018982 0.7444270253181458
vt 0.6628190279006958 0.7567059993743896
vt 0.5997239947319031 0.8188070058822632
vt 0.6204259991645813 0.8035780191421509
vt 0.6317030191421509 0.8221570253372192
vt 0.5997239947319031 0.8188070058822632
vt 0.6317030191421509 0.8221570253372192
vt 0.6128939986228943 0.8357560038566589
vt 0.6537950038909912 0.8071190118789673
vt 0.6317030191421509 0.8221570253372192
vt 0.6204259991645813 0.8035780191421509
vt 0.6537950038909912 0.8071190118789673
vt 0.6204259991645813 0.8035780191421509
vt 0.6438069939613342 0.7885929942131042
vt 0.6787260174751282 0.7928439974784851
vt 0.6537950038909912 0.8071190118789673
vt 0.6438069939613342 0.7885929942131042
vt 0.6787260174751282 0.7928439974784851
vt 0.6438069939613342 0.7885929942131042
vt 0.6699399948120117 0.7736170291900635
vt 0.6930710077285767 0.7614150047302246
vt 0.7030979990959167 0.78056401014328
vt 0.6699399948120117 0.7736170291900635
vt 0.7030979990959167 0.78056401014328
vt 0.6787260174751282 0.7928439974784851
vt 0.6699399948120117 0.7736170291900635
vt 0.8245360255241394 0.7738339900970459
vt 0.8013169765472412 0.7630159854888916
vt 0.8170440196990967 0.7353500127792358
vt 0.8245360255241394 0.7738339900970459
vt 0.8170440196990967 0.7353500127792358
vt 0.8370299935340881 0.7441239953041077
vt 0.7966570258140564 0.7240260243415833
vt 0.8170440196990967 0.7353500127792358
vt 0.8013169765472412 0.7630159854888916
vt 0.7966570258140564 0.7240260243415833
vt 0.8013169765472412 0.7630159854888916
vt 0.7811700105667114 0.7519909739494324
vt 0.7753409743309021 0.7121760249137878
vt 0.7966570258140564 0.7240260243415833
vt 0.7811700105667114 0.7519909739494324
vt 0.7753409743309021 0.7121760249137878
vt 0.7811700105667114 0.7519909739494324
vt 0.7594050168991089 0.740215003490448
vt 0.7575340270996094 0.7017589807510376
vt 0.7753409743309021 0.7121760249137878
vt 0.7594050168991089 0.740215003490448
vt 0.7575340270996094 0.7017589807510376
vt 0.7594050168991089 0.740215003490448
vt 0.7412229776382446 0.7298150062561035
vt 0.7391570210456848 0.6911180019378662
vt 0.7575340270996094 0.7017589807510376
vt 0.7412229776382446 0.7298150062561035
vt 0.7391570210456848 0.6911180019378662
vt 0.7412229776382446 0.7298150062561035
vt 0.7221720218658447 0.7189909815788269
vt 0.7217170000076294 0.6806290149688721
vt 0.7391570210456848 0.6911180019378662
vt 0.7056030035018921 0.709086000919342
vt 0.7391570210456848 0.6911180019378662
vt 0.7221720218658447 0.7189909815788269
vt 0.7056030035018921 0.709086000919342
vt 0.7040650248527527 0.6688519716262817
vt 0.7217170000076294 0.6806290149688721
vt 0.6872730255126953 0.6970450282096863
vt 0.7217170000076294 0.6806290149688721
vt 0.7056030035018921 0.709086000919342
vt 0.6872730255126953 0.6970450282096863
vt 0.7531470060348511 0.5749289989471436
vt 0.7758659720420837 0.5520970225334167
vt 0.7842260003089905 0.5700500011444092
vt 0.7531470060348511 0.5749289989471436
vt 0.7842260003089905 0.5700500011444092
vt 0.7686100006103516 0.5842440128326416
vt 0.7869250178337097 0.6064329743385315
vt 0.7686100006103516 0.5842440128326416
vt 0.7990189790725708 0.591064989566803
vt 0.7686100006103516 0.5842440128326416
vt 0.7842260003089905 0.5700500011444092
vt 0.7990189790725708 0.591064989566803
vt 0.8071240186691284 0.6251029968261719
vt 0.7869250178337097 0.6064329743385315
vt 0.8162630200386047 0.6127719879150391
vt 0.7869250178337097 0.6064329743385315
vt 0.7990189790725708 0.591064989566803
vt 0.8162630200386047 0.6127719879150391
vt 0.827010989189148 0.6456230282783508
vt 0.8071240186691284 0.6251029968261719
vt 0.837444007396698 0.6356670260429382
vt 0.8071240186691284 0.6251029968261719
vt 0.8162630200386047 0.6127719879150391
vt 0.837444007396698 0.6356670260429382
vt 0.83713299036026 0.6648619771003723
vt 0.827010989189148 0.6456230282783508
vt 0.849416971206665 0.6591230034828186
vt 0.827010989189148 0.6456230282783508
vt 0.837444007396698 0.6356670260429382
vt 0.849416971206665 0.6591230034828186
vt 0.8418239951133728 0.688090980052948
vt 0.83713299036026 0.6648619771003723
vt 0.8549379706382751 0.685804009437561
vt 0.83713299036026 0.6648619771003723
vt 0.849416971206665 0.6591230034828186
vt 0.8549379706382751 0.685804009437561
vt 0.8432009816169739 0.7131639719009399
vt 0.8418239951133728 0.688090980052948
vt 0.8564140200614929 0.7137799859046936
vt 0.8418239951133728 0.688090980052948
vt 0.8549379706382751 0.685804009437561
vt 0.8564140200614929 0.7137799859046936
vt 0.8370299935340881 0.7441239953041077
vt 0.8432009816169739 0.7131639719009399
vt 0.8564140200614929 0.7137799859046936
vt 0.8370299935340881 0.7441239953041077
vt 0.8564140200614929 0.7137799859046936
vt 0.849897027015686 0.7491049766540527
vt 0.8245360255241394 0.7738339900970459
vt 0.8370299935340881 0.7441239953041077
vt 0.849897027015686 0.7491049766540527
vt 0.8245360255241394 0.7738339900970459
vt 0.849897027015686 0.7491049766540527
vt 0.8380100131034851 0.7804380059242249
vt 0.7072809934616089 0.8710629940032959
vt 0.7411620020866394 0.8656250238418579
vt 0.7089120149612427 0.8845769762992859
vt 0.7411620020866394 0.8656250238418579
vt 0.744280993938446 0.8799800276756287
vt 0.7089120149612427 0.8845769762992859
vt 0.6816189885139465 0.8730260133743286
vt 0.7072809934616089 0.8710629940032959
vt 0.7089120149612427 0.8845769762992859
vt 0.6816189885139465 0.8730260133743286
vt 0.7089120149612427 0.8845769762992859
vt 0.67951899766922 0.8866239786148071
vt 0.6606559753417969 0.8670510053634644
vt 0.6816189885139465 0.8730260133743286
vt 0.6566349864006042 0.8801190257072449
vt 0.6816189885139465 0.8730260133743286
vt 0.67951899766922 0.8866239786148071
vt 0.6566349864006042 0.8801190257072449
vt 0.6424739956855774 0.8596940040588379
vt 0.6606559753417969 0.8670510053634644
vt 0.6363409757614136 0.8718180060386658
vt 0.6606559753417969 0.8670510053634644
vt 0.6566349864006042 0.8801190257072449
vt 0.6363409757614136 0.8718180060386658
vt 0.6253370046615601 0.848626971244812
vt 0.6424739956855774 0.8596940040588379
vt 0.6174790263175964 0.8599069714546204
vt 0.6424739956855774 0.8596940040588379
vt 0.6363409757614136 0.8718180060386658
vt 0.6174790263175964 0.8599069714546204
vt 0.6128939986228943 0.8357560038566589
vt 0.6253370046615601 0.848626971244812
vt 0.6028739809989929 0.8446009755134583
vt 0.6253370046615601 0.848626971244812
vt 0.6174790263175964 0.8599069714546204
vt 0.6028739809989929 0.8446009755134583
vt 0.5997239947319031 0.8188070058822632
vt 0.6128939986228943 0.8357560038566589
vt 0.590067982673645 0.8283079862594604
vt 0.6128939986228943 0.8357560038566589
vt 0.6028739809989929 0.8446009755134583
vt 0.590067982673645 0.8283079862594604
vt 0.5883520245552063 0.802577018737793
vt 0.5997239947319031 0.8188070058822632
vt 0.5762619972229004 0.8121669888496399
vt 0.5997239947319031 0.8188070058822632
vt 0.590067982673645 0.8283079862594604
vt 0.5762619972229004 0.8121669888496399
vt 0.5757920145988464 0.7811539769172668
vt 0.5883520245552063 0.802577018737793
vt 0.561024010181427 0.7899150252342224
vt 0.5883520245552063 0.802577018737793
vt 0.5762619972229004 0.8121669888496399
vt 0.561024010181427 0.7899150252342224
vt 0.6171360015869141 0.7389749884605408
vt 0.6441940069198608 0.7245519757270813
vt 0.6529300212860107 0.7388070225715637
vt 0.6171360015869141 0.7389749884605408
vt 0.6529300212860107 0.7388070225715637
vt 0.6262680292129517 0.7563260197639465
vt 0.6441940069198608 0.7245519757270813
vt 0.6691830158233643 0.7130320072174072
vt 0.6529300212860107 0.7388070225715637
vt 0.6691830158233643 0.7130320072174072
vt 0.6758260130882263 0.7247459888458252
vt 0.6529300212860107 0.7388070225715637
vt 0.6751530170440674 0.6906669735908508
vt 0.6925950050354004 0.6633549928665161
vt 0.6872730255126953 0.6970450282096863
vt 0.6925950050354004 0.6633549928665161
vt 0.7040650248527527 0.6688519716262817
vt 0.6872730255126953 0.6970450282096863
vt 0.6925950050354004 0.6633549928665161
vt 0.7064449787139893 0.641743004322052
vt 0.7040650248527527 0.6688519716262817
vt 0.7064449787139893 0.641743004322052
vt 0.7165759801864624 0.6460549831390381
vt 0.7040650248527527 0.6688519716262817
vt 0.7064449787139893 0.641743004322052
vt 0.7169820070266724 0.6218649744987488
vt 0.7165759801864624 0.6460549831390381
vt 0.7169820070266724 0.6218649744987488
vt 0.7265819907188416 0.626554012298584
vt 0.7165759801864624 0.6460549831390381
vt 0.7169820070266724 0.6218649744987488
vt 0.7268440127372742 0.6028010249137878
vt 0.7265819907188416 0.626554012298584
vt 0.7268440127372742 0.6028010249137878
vt 0.7367510199546814 0.607243001461029
vt 0.7265819907188416 0.626554012298584
vt 0.7268440127372742 0.6028010249137878
vt 0.7366870045661926 0.5880720019340515
vt 0.7367510199546814 0.607243001461029
vt 0.7366870045661926 0.5880720019340515
vt 0.7455189824104309 0.5928570032119751
vt 0.7367510199546814 0.607243001461029
vt 0.45605701208114624 0.6768820285797119
vt 0.4853169918060303 0.6729249954223633
vt 0.46493101119995117 0.6939280033111572
vt 0.4853169918060303 0.6729249954223633
vt 0.4852449893951416 0.6902099847793579
vt 0.46493101119995117 0.6939280033111572
vt 0.4911780059337616 0.7129430174827576
vt 0.4852449893951416 0.6902099847793579
vt 0.5203179717063904 0.6920790076255798
vt 0.4911780059337616 0.7129430174827576
vt 0.5203179717063904 0.6920790076255798
vt 0.5289239883422852 0.7162169814109802
vt 0.5194680094718933 0.6724259853363037
vt 0.5203179717063904 0.6920790076255798
vt 0.4852449893951416 0.6902099847793579
vt 0.5194680094718933 0.6724259853363037
vt 0.4852449893951416 0.6902099847793579
vt 0.4853169918060303 0.6729249954223633
vt 0.5561230182647705 0.7113450169563293
vt 0.5289239883422852 0.7162169814109802
vt 0.550275981426239 0.6898829936981201
vt 0.5289239883422852 0.7162169814109802
vt 0.5203179717063904 0.6920790076255798
vt 0.550275981426239 0.6898829936981201
vt 0.5471900105476379 0.6713280081748962
vt 0.550275981426239 0.6898829936981201
vt 0.5203179717063904 0.6920790076255798
vt 0.5471900105476379 0.6713280081748962
vt 0.5203179717063904 0.6920790076255798
vt 0.5194680094718933 0.6724259853363037
vt 0.5856209993362427 0.7024700045585632
vt 0.5561230182647705 0.7113450169563293
vt 0.580830991268158 0.6876350045204163
vt 0.5561230182647705 0.7113450169563293
vt 0.550275981426239 0.6898829936981201
vt 0.580830991268158 0.6876350045204163
vt 0.5797579884529114 0.6720880270004272
vt 0.580830991268158 0.6876350045204163
vt 0.550275981426239 0.6898829936981201
vt 0.5797579884529114 0.6720880270004272
vt 0.550275981426239 0.6898829936981201
vt 0.5471900105476379 0.6713280081748962
vt 0.6086009740829468 0.68989497423172
vt 0.580830991268158 0.6876350045204163
vt 0.6046820282936096 0.6723799705505371
vt 0.580830991268158 0.6876350045204163
vt 0.5797579884529114 0.6720880270004272
vt 0.6046820282936096 0.6723799705505371
vt 0.6273099780082703 0.6527979969978333
vt 0.6283749938011169 0.6735209822654724
vt 0.6046820282936096 0.6723799705505371
vt 0.6273099780082703 0.6527979969978333
vt 0.6046820282936096 0.6723799705505371
vt 0.6030470132827759 0.6534349918365479
vt 0.6030470132827759 0.6534349918365479
vt 0.6046820282936096 0.6723799705505371
vt 0.5797579884529114 0.6720880270004272
vt 0.6030470132827759 0.6534349918365479
vt 0.5797579884529114 0.6720880270004272
vt 0.5759109854698181 0.651718020439148
vt 0.5759109854698181 0.651718020439148
vt 0.5797579884529114 0.6720880270004272
vt 0.5471900105476379 0.6713280081748962
vt 0.5759109854698181 0.651718020439148
vt 0.5471900105476379 0.6713280081748962
vt 0.5465800166130066 0.6520709991455078
vt 0.5465800166130066 0.6520709991455078
vt 0.5471900105476379 0.6713280081748962
vt 0.5194680094718933 0.6724259853363037
vt 0.5465800166130066 0.6520709991455078
vt 0.5194680094718933 0.6724259853363037
vt 0.5178940296173096 0.6516950130462646
vt 0.5178940296173096 0.6516950130462646
vt 0.5194680094718933 0.6724259853363037
vt 0.48679500818252563 0.6524980068206787
vt 0.5194680094718933 0.6724259853363037
vt 0.4853169918060303 0.6729249954223633
vt 0.48679500818252563 0.6524980068206787
vt 0.4518760144710541 0.6568229794502258
vt 0.48679500818252563 0.6524980068206787
vt 0.4853169918060303 0.6729249954223633
vt 0.4518760144710541 0.6568229794502258
vt 0.4853169918060303 0.6729249954223633
vt 0.45605701208114624 0.6768820285797119
vt 0.4482550024986267 0.6303420066833496
vt 0.4838170111179352 0.6286969780921936
vt 0.4518760144710541 0.6568229794502258
vt 0.4838170111179352 0.6286969780921936
vt 0.48679500818252563 0.6524980068206787
vt 0.4518760144710541 0.6568229794502258
vt 0.4838170111179352 0.6286969780921936
vt 0.5167419910430908 0.6292039752006531
vt 0.48679500818252563 0.6524980068206787
vt 0.5167419910430908 0.6292039752006531
vt 0.5178940296173096 0.6516950130462646
vt 0.48679500818252563 0.6524980068206787
vt 0.5167419910430908 0.6292039752006531
vt 0.5456799864768982 0.6289759874343872
vt 0.5178940296173096 0.6516950130462646
vt 0.5456799864768982 0.6289759874343872
vt 0.5465800166130066 0.6520709991455078
vt 0.5178940296173096 0.6516950130462646
vt 0.5456799864768982 0.6289759874343872
vt 0.5745019912719727 0.6285349726676941
vt 0.5465800166130066 0.6520709991455078
vt 0.5745019912719727 0.6285349726676941
vt 0.5759109854698181 0.651718020439148
vt 0.5465800166130066 0.6520709991455078
vt 0.5745019912719727 0.6285349726676941
vt 0.6023899912834167 0.629056990146637
vt 0.5759109854698181 0.651718020439148
vt 0.6023899912834167 0.629056990146637
vt 0.6030470132827759 0.6534349918365479
vt 0.5759109854698181 0.651718020439148
vt 0.6023899912834167 0.629056990146637
vt 0.6268110275268555 0.6293669939041138
vt 0.6030470132827759 0.6534349918365479
vt 0.6268110275268555 0.6293669939041138
vt 0.6273099780082703 0.6527979969978333
vt 0.6030470132827759 0.6534349918365479
vt 0.6268110275268555 0.6293669939041138
vt 0.6511039733886719 0.6300579905509949
vt 0.6486369967460632 0.652131974697113
vt 0.6268110275268555 0.6293669939041138
vt 0.6486369967460632 0.652131974697113
vt 0.6273099780082703 0.6527979969978333
vt 0.5682550072669983 0.7375820279121399
vt 0.5308529734611511 0.7410709857940674
vt 0.5642960071563721 0.7228580117225647
vt 0.5308529734611511 0.7410709857940674
vt 0.5296350121498108 0.728941023349762
vt 0.5642960071563721 0.7228580117225647
vt 0.5642960071563721 0.7228580117225647
vt 0.5296350121498108 0.728941023349762
vt 0.5561230182647705 0.7113450169563293
vt 0.5296350121498108 0.728941023349762
vt 0.5289239883422852 0.7162169814109802
vt 0.5561230182647705 0.7113450169563293
vt 0.4911780059337616 0.7129430174827576
vt 0.5289239883422852 0.7162169814109802
vt 0.5296350121498108 0.728941023349762
vt 0.4911780059337616 0.7129430174827576
vt 0.5296350121498108 0.728941023349762
vt 0.4874260127544403 0.7235580086708069
vt 0.4874260127544403 0.7235580086708069
vt 0.5296350121498108 0.728941023349762
vt 0.4839189946651459 0.7341790199279785
vt 0.5296350121498108 0.728941023349762
vt 0.5308529734611511 0.7410709857940674
vt 0.4839189946651459 0.7341790199279785
vt 0.46493101119995117 0.6939280033111572
vt 0.4911780059337616 0.7129430174827576
vt 0.45757800340652466 0.6999779939651489
vt 0.4911780059337616 0.7129430174827576
vt 0.4874260127544403 0.7235580086708069
vt 0.45757800340652466 0.6999779939651489
vt 0.45757800340652466 0.6999779939651489
vt 0.4874260127544403 0.7235580086708069
vt 0.4470280110836029 0.7121189832687378
vt 0.4874260127544403 0.7235580086708069
vt 0.4839189946651459 0.7341790199279785
vt 0.4470280110836029 0.7121189832687378
vt 0.4475939869880676 0.6805109977722168
vt 0.45757800340652466 0.6999779939651489
vt 0.4340440034866333 0.684935986995697
vt 0.45757800340652466 0.6999779939651489
vt 0.4470280110836029 0.7121189832687378
vt 0.4340440034866333 0.684935986995697
vt 0.45605701208114624 0.6768820285797119
vt 0.46493101119995117 0.6939280033111572
vt 0.4475939869880676 0.6805109977722168
vt 0.46493101119995117 0.6939280033111572
vt 0.45757800340652466 0.6999779939651489
vt 0.4475939869880676 0.6805109977722168
vt 0.4518760144710541 0.6568229794502258
vt 0.45605701208114624 0.6768820285797119
vt 0.4420819878578186 0.6584920287132263
vt 0.45605701208114624 0.6768820285797119
vt 0.4475939869880676 0.6805109977722168
vt 0.4420819878578186 0.6584920287132263
vt 0.4420819878578186 0.6584920287132263
vt 0.4475939869880676 0.6805109977722168
vt 0.4340440034866333 0.684935986995697
vt 0.4420819878578186 0.6584920287132263
vt 0.4340440034866333 0.684935986995697
vt 0.42777198553085327 0.6602259874343872
vt 0.4374209940433502 0.6302949786186218
vt 0.4420819878578186 0.6584920287132263
vt 0.42777198553085327 0.6602259874343872
vt 0.4374209940433502 0.6302949786186218
vt 0.42777198553085327 0.6602259874343872
vt 0.4234110116958618 0.6305019855499268
vt 0.4482550024986267 0.6303420066833496
vt 0.4518760144710541 0.6568229794502258
vt 0.4420819878578186 0.6584920287132263
vt 0.4482550024986267 0.6303420066833496
vt 0.4420819878578186 0.6584920287132263
vt 0.4374209940433502 0.6302949786186218
vt 0.5880799889564514 0.7142239809036255
vt 0.5642960071563721 0.7228580117225647
vt 0.5856209993362427 0.7024700045585632
vt 0.5642960071563721 0.7228580117225647
vt 0.5561230182647705 0.7113450169563293
vt 0.5856209993362427 0.7024700045585632
vt 0.5937020182609558 0.7292569875717163
vt 0.5682550072669983 0.7375820279121399
vt 0.5642960071563721 0.7228580117225647
vt 0.5937020182609558 0.7292569875717163
vt 0.5642960071563721 0.7228580117225647
vt 0.5880799889564514 0.7142239809036255
vt 0.6208739876747131 0.7159000039100647
vt 0.5937020182609558 0.7292569875717163
vt 0.5880799889564514 0.7142239809036255
vt 0.6208739876747131 0.7159000039100647
vt 0.5880799889564514 0.7142239809036255
vt 0.6129609942436218 0.7012900114059448
vt 0.6129609942436218 0.7012900114059448
vt 0.5880799889564514 0.7142239809036255
vt 0.5856209993362427 0.7024700045585632
vt 0.6129609942436218 0.7012900114059448
vt 0.5856209993362427 0.7024700045585632
vt 0.6086009740829468 0.68989497423172
vt 0.6354849934577942 0.6835709810256958
vt 0.6129609942436218 0.7012900114059448
vt 0.6086009740829468 0.68989497423172
vt 0.6354849934577942 0.6835709810256958
vt 0.6086009740829468 0.68989497423172
vt 0.6283749938011169 0.6735209822654724
vt 0.6462270021438599 0.695730984210968
vt 0.6208739876747131 0.7159000039100647
vt 0.6129609942436218 0.7012900114059448
vt 0.6462270021438599 0.695730984210968
vt 0.6129609942436218 0.7012900114059448
vt 0.6354849934577942 0.6835709810256958
vt 0.675881028175354 0.6674339771270752
vt 0.6462270021438599 0.695730984210968
vt 0.6584669947624207 0.6587640047073364
vt 0.6462270021438599 0.695730984210968
vt 0.6354849934577942 0.6835709810256958
vt 0.6584669947624207 0.6587640047073364
vt 0.6584669947624207 0.6587640047073364
vt 0.6354849934577942 0.6835709810256958
vt 0.6283749938011169 0.6735209822654724
vt 0.6584669947624207 0.6587640047073364
vt 0.6283749938011169 0.6735209822654724
vt 0.6486369967460632 0.652131974697113
vt 0.6758700013160706 0.6315019726753235
vt 0.6584669947624207 0.6587640047073364
vt 0.6643000245094299 0.6300060153007507
vt 0.6584669947624207 0.6587640047073364
vt 0.6486369967460632 0.652131974697113
vt 0.6643000245094299 0.6300060153007507
vt 0.6903929710388184 0.6371300220489502
vt 0.675881028175354 0.6674339771270752
vt 0.6758700013160706 0.6315019726753235
vt 0.675881028175354 0.6674339771270752
vt 0.6584669947624207 0.6587640047073364
vt 0.6758700013160706 0.6315019726753235
vt 0.7021009922027588 0.6051269769668579
vt 0.6903929710388184 0.6371300220489502
vt 0.6891070008277893 0.6020119786262512
vt 0.6903929710388184 0.6371300220489502
vt 0.6758700013160706 0.6315019726753235
vt 0.6891070008277893 0.6020119786262512
vt 0.6891070008277893 0.6020119786262512
vt 0.6758700013160706 0.6315019726753235
vt 0.6775760054588318 0.6002609729766846
vt 0.6758700013160706 0.6315019726753235
vt 0.6643000245094299 0.6300060153007507
vt 0.6775760054588318 0.6002609729766846
vt 0.6560530066490173 0.5997340083122253
vt 0.6775760054588318 0.6002609729766846
vt 0.6643000245094299 0.6300060153007507
vt 0.6560530066490173 0.5997340083122253
vt 0.6643000245094299 0.6300060153007507
vt 0.6511039733886719 0.6300579905509949
vt 0.6269699931144714 0.5987250208854675
vt 0.6560530066490173 0.5997340083122253
vt 0.6511039733886719 0.6300579905509949
vt 0.6269699931144714 0.5987250208854675
vt 0.6511039733886719 0.6300579905509949
vt 0.6268110275268555 0.6293669939041138
vt 0.6008579730987549 0.59797602891922
vt 0.6269699931144714 0.5987250208854675
vt 0.6023899912834167 0.629056990146637
vt 0.6269699931144714 0.5987250208854675
vt 0.6268110275268555 0.6293669939041138
vt 0.6023899912834167 0.629056990146637
vt 0.5734949707984924 0.5963209867477417
vt 0.6008579730987549 0.59797602891922
vt 0.5745019912719727 0.6285349726676941
vt 0.6008579730987549 0.59797602891922
vt 0.6023899912834167 0.629056990146637
vt 0.5745019912719727 0.6285349726676941
vt 0.5450440049171448 0.5964630246162415
vt 0.5734949707984924 0.5963209867477417
vt 0.5456799864768982 0.6289759874343872
vt 0.5734949707984924 0.5963209867477417
vt 0.5745019912719727 0.6285349726676941
vt 0.5456799864768982 0.6289759874343872
vt 0.5146780014038086 0.5980010032653809
vt 0.5450440049171448 0.5964630246162415
vt 0.5167419910430908 0.6292039752006531
vt 0.5450440049171448 0.5964630246162415
vt 0.5456799864768982 0.6289759874343872
vt 0.5167419910430908 0.6292039752006531
vt 0.4828380048274994 0.5980780124664307
vt 0.5146780014038086 0.5980010032653809
vt 0.4838170111179352 0.6286969780921936
vt 0.5146780014038086 0.5980010032653809
vt 0.5167419910430908 0.6292039752006531
vt 0.4838170111179352 0.6286969780921936
vt 0.4467560052871704 0.5992940068244934
vt 0.4828380048274994 0.5980780124664307
vt 0.4482550024986267 0.6303420066833496
vt 0.4828380048274994 0.5980780124664307
vt 0.4838170111179352 0.6286969780921936
vt 0.4482550024986267 0.6303420066833496
vt 0.4467560052871704 0.5992940068244934
vt 0.4482550024986267 0.6303420066833496
vt 0.4374209940433502 0.6302949786186218
vt 0.4467560052871704 0.5992940068244934
vt 0.4374209940433502 0.6302949786186218
vt 0.43514999747276306 0.5990849733352661
vt 0.43514999747276306 0.5990849733352661
vt 0.4374209940433502 0.6302949786186218
vt 0.4234110116958618 0.6305019855499268
vt 0.43514999747276306 0.5990849733352661
vt 0.4234110116958618 0.6305019855499268
vt 0.4200989902019501 0.5990610122680664
vt 0.7093030214309692 0.570501983165741
vt 0.7021009922027588 0.6051269769668579
vt 0.6960480213165283 0.5685999989509583
vt 0.7021009922027588 0.6051269769668579
vt 0.6891070008277893 0.6020119786262512
vt 0.6960480213165283 0.5685999989509583
vt 0.6960480213165283 0.5685999989509583
vt 0.6891070008277893 0.6020119786262512
vt 0.6834880113601685 0.5671859979629517
vt 0.6891070008277893 0.6020119786262512
vt 0.6775760054588318 0.6002609729766846
vt 0.6834880113601685 0.5671859979629517
vt 0.657558023929596 0.5657140016555786
vt 0.6834880113601685 0.5671859979629517
vt 0.6775760054588318 0.6002609729766846
vt 0.657558023929596 0.5657140016555786
vt 0.6775760054588318 0.6002609729766846
vt 0.6560530066490173 0.5997340083122253
vt 0.6274629831314087 0.5641459822654724
vt 0.657558023929596 0.5657140016555786
vt 0.6269699931144714 0.5987250208854675
vt 0.657558023929596 0.5657140016555786
vt 0.6560530066490173 0.5997340083122253
vt 0.6269699931144714 0.5987250208854675
vt 0.6007840037345886 0.5631279945373535
vt 0.6274629831314087 0.5641459822654724
vt 0.6008579730987549 0.59797602891922
vt 0.6274629831314087 0.5641459822654724
vt 0.6269699931144714 0.5987250208854675
vt 0.6008579730987549 0.59797602891922
vt 0.5735089778900146 0.5610589981079102
vt 0.6007840037345886 0.5631279945373535
vt 0.5734949707984924 0.5963209867477417
vt 0.6007840037345886 0.5631279945373535
vt 0.6008579730987549 0.59797602891922
vt 0.5734949707984924 0.5963209867477417
vt 0.5448439717292786 0.5613049864768982
vt 0.5735089778900146 0.5610589981079102
vt 0.5734949707984924 0.5963209867477417
vt 0.5448439717292786 0.5613049864768982
vt 0.5734949707984924 0.5963209867477417
vt 0.5450440049171448 0.5964630246162415
vt 0.5124769806861877 0.5630710124969482
vt 0.5448439717292786 0.5613049864768982
vt 0.5450440049171448 0.5964630246162415
vt 0.5124769806861877 0.5630710124969482
vt 0.5450440049171448 0.5964630246162415
vt 0.5146780014038086 0.5980010032653809
vt 0.48141300678253174 0.5628610253334045
vt 0.5124769806861877 0.5630710124969482
vt 0.4828380048274994 0.5980780124664307
vt 0.5124769806861877 0.5630710124969482
vt 0.5146780014038086 0.5980010032653809
vt 0.4828380048274994 0.5980780124664307
vt 0.4453819990158081 0.5637660026550293
vt 0.48141300678253174 0.5628610253334045
vt 0.4467560052871704 0.5992940068244934
vt 0.48141300678253174 0.5628610253334045
vt 0.4828380048274994 0.5980780124664307
vt 0.4467560052871704 0.5992940068244934
vt 0.4453819990158081 0.5637660026550293
vt 0.4467560052871704 0.5992940068244934
vt 0.43514999747276306 0.5990849733352661
vt 0.4453819990158081 0.5637660026550293
vt 0.43514999747276306 0.5990849733352661
vt 0.4343079924583435 0.5634099841117859
vt 0.4343079924583435 0.5634099841117859
vt 0.43514999747276306 0.5990849733352661
vt 0.4200989902019501 0.5990610122680664
vt 0.4343079924583435 0.5634099841117859
vt 0.4200989902019501 0.5990610122680664
vt 0.42038699984550476 0.562952995300293
vt 0.7116580009460449 0.5265560150146484
vt 0.7093030214309692 0.570501983165741
vt 0.6960480213165283 0.5685999989509583
vt 0.7116580009460449 0.5265560150146484
vt 0.6960480213165283 0.5685999989509583
vt 0.6978729963302612 0.5262730121612549
vt 0.6978729963302612 0.5262730121612549
vt 0.6960480213165283 0.5685999989509583
vt 0.6834880113601685 0.5671859979629517
vt 0.6978729963302612 0.5262730121612549
vt 0.6834880113601685 0.5671859979629517
vt 0.6851909756660461 0.5250229835510254
vt 0.6583210229873657 0.5220130085945129
vt 0.6851909756660461 0.5250229835510254
vt 0.657558023929596 0.5657140016555786
vt 0.6851909756660461 0.5250229835510254
vt 0.6834880113601685 0.5671859979629517
vt 0.657558023929596 0.5657140016555786
vt 0.6285619735717773 0.5201280117034912
vt 0.6583210229873657 0.5220130085945129
vt 0.6274629831314087 0.5641459822654724
vt 0.6583210229873657 0.5220130085945129
vt 0.657558023929596 0.5657140016555786
vt 0.6274629831314087 0.5641459822654724
vt 0.6019769906997681 0.519195020198822
vt 0.6285619735717773 0.5201280117034912
vt 0.6007840037345886 0.5631279945373535
vt 0.6285619735717773 0.5201280117034912
vt 0.6274629831314087 0.5641459822654724
vt 0.6007840037345886 0.5631279945373535
vt 0.5709589719772339 0.5181210041046143
vt 0.6019769906997681 0.519195020198822
vt 0.5735089778900146 0.5610589981079102
vt 0.6019769906997681 0.519195020198822
vt 0.6007840037345886 0.5631279945373535
vt 0.5735089778900146 0.5610589981079102
vt 0.5437679886817932 0.5178639888763428
vt 0.5709589719772339 0.5181210041046143
vt 0.5448439717292786 0.5613049864768982
vt 0.5709589719772339 0.5181210041046143
vt 0.5735089778900146 0.5610589981079102
vt 0.5448439717292786 0.5613049864768982
vt 0.5128610134124756 0.5176900029182434
vt 0.5437679886817932 0.5178639888763428
vt 0.5448439717292786 0.5613049864768982
vt 0.5128610134124756 0.5176900029182434
vt 0.5448439717292786 0.5613049864768982
vt 0.5124769806861877 0.5630710124969482
vt 0.4811660051345825 0.5167329907417297
vt 0.5128610134124756 0.5176900029182434
vt 0.48141300678253174 0.5628610253334045
vt 0.5128610134124756 0.5176900029182434
vt 0.5124769806861877 0.5630710124969482
vt 0.48141300678253174 0.5628610253334045
vt 0.44607898592948914 0.517104983329773
vt 0.4811660051345825 0.5167329907417297
vt 0.48141300678253174 0.5628610253334045
vt 0.44607898592948914 0.517104983329773
vt 0.48141300678253174 0.5628610253334045
vt 0.4453819990158081 0.5637660026550293
vt 0.44607898592948914 0.517104983329773
vt 0.4453819990158081 0.5637660026550293
vt 0.43447399139404297 0.517441987991333
vt 0.4453819990158081 0.5637660026550293
vt 0.4343079924583435 0.5634099841117859
vt 0.43447399139404297 0.517441987991333
vt 0.43447399139404297 0.517441987991333
vt 0.4343079924583435 0.5634099841117859
vt 0.42038699984550476 0.562952995300293
vt 0.43447399139404297 0.517441987991333
vt 0.42038699984550476 0.562952995300293
vt 0.421083003282547 0.5171099901199341
vt 0.7126039862632751 0.48507899045944214
vt 0.7116580009460449 0.5265560150146484
vt 0.6976439952850342 0.48664700984954834
vt 0.7116580009460449 0.5265560150146484
vt 0.6978729963302612 0.5262730121612549
vt 0.6976439952850342 0.48664700984954834
vt 0.6976439952850342 0.48664700984954834
vt 0.6978729963302612 0.5262730121612549
vt 0.6851909756660461 0.5250229835510254
vt 0.6976439952850342 0.48664700984954834
vt 0.6851909756660461 0.5250229835510254
vt 0.6846519708633423 0.48617398738861084
vt 0.660161018371582 0.48381200432777405
vt 0.6846519708633423 0.48617398738861084
vt 0.6583210229873657 0.5220130085945129
vt 0.6846519708633423 0.48617398738861084
vt 0.6851909756660461 0.5250229835510254
vt 0.6583210229873657 0.5220130085945129
vt 0.6303939819335938 0.481471985578537
vt 0.660161018371582 0.48381200432777405
vt 0.6285619735717773 0.5201280117034912
vt 0.660161018371582 0.48381200432777405
vt 0.6583210229873657 0.5220130085945129
vt 0.6285619735717773 0.5201280117034912
vt 0.6033769845962524 0.4800490140914917
vt 0.6303939819335938 0.481471985578537
vt 0.6019769906997681 0.519195020198822
vt 0.6303939819335938 0.481471985578537
vt 0.6285619735717773 0.5201280117034912
vt 0.6019769906997681 0.519195020198822
vt 0.5720869898796082 0.4789449870586395
vt 0.6033769845962524 0.4800490140914917
vt 0.5709589719772339 0.5181210041046143
vt 0.6033769845962524 0.4800490140914917
vt 0.6019769906997681 0.519195020198822
vt 0.5709589719772339 0.5181210041046143
vt 0.5445029735565186 0.4786899983882904
vt 0.5720869898796082 0.4789449870586395
vt 0.5709589719772339 0.5181210041046143
vt 0.5445029735565186 0.4786899983882904
vt 0.5709589719772339 0.5181210041046143
vt 0.5437679886817932 0.5178639888763428
vt 0.5137289762496948 0.47812598943710327
vt 0.5445029735565186 0.4786899983882904
vt 0.5437679886817932 0.5178639888763428
vt 0.5137289762496948 0.47812598943710327
vt 0.5437679886817932 0.5178639888763428
vt 0.5128610134124756 0.5176900029182434
vt 0.4816100001335144 0.47709599137306213
vt 0.5137289762496948 0.47812598943710327
vt 0.4811660051345825 0.5167329907417297
vt 0.5137289762496948 0.47812598943710327
vt 0.5128610134124756 0.5176900029182434
vt 0.4811660051345825 0.5167329907417297
vt 0.4454360008239746 0.4769839942455292
vt 0.4816100001335144 0.47709599137306213
vt 0.4811660051345825 0.5167329907417297
vt 0.4454360008239746 0.4769839942455292
vt 0.4811660051345825 0.5167329907417297
vt 0.44607898592948914 0.517104983329773
vt 0.4454360008239746 0.4769839942455292
vt 0.44607898592948914 0.517104983329773
vt 0.43418198823928833 0.4777890145778656
vt 0.44607898592948914 0.517104983329773
vt 0.43447399139404297 0.517441987991333
vt 0.43418198823928833 0.4777890145778656
vt 0.43418198823928833 0.4777890145778656
vt 0.43447399139404297 0.517441987991333
vt 0.421083003282547 0.5171099901199341
vt 0.43418198823928833 0.4777890145778656
vt 0.421083003282547 0.5171099901199341
vt 0.4213219881057739 0.4774189889431
vt 0.7065439820289612 0.4361500144004822
vt 0.7126039862632751 0.48507899045944214
vt 0.6949359774589539 0.43761900067329407
vt 0.7126039862632751 0.48507899045944214
vt 0.6976439952850342 0.48664700984954834
vt 0.6949359774589539 0.43761900067329407
vt 0.6949359774589539 0.43761900067329407
vt 0.6976439952850342 0.48664700984954834
vt 0.6846519708633423 0.48617398738861084
vt 0.6949359774589539 0.43761900067329407
vt 0.6846519708633423 0.48617398738861084
vt 0.6820909976959229 0.4374459981918335
vt 0.6610469818115234 0.4363270103931427
vt 0.6820909976959229 0.4374459981918335
vt 0.660161018371582 0.48381200432777405
vt 0.6820909976959229 0.4374459981918335
vt 0.6846519708633423 0.48617398738861084
vt 0.660161018371582 0.48381200432777405
vt 0.6322829723358154 0.4351330101490021
vt 0.6610469818115234 0.4363270103931427
vt 0.6303939819335938 0.481471985578537
vt 0.6610469818115234 0.4363270103931427
vt 0.660161018371582 0.48381200432777405
vt 0.6303939819335938 0.481471985578537
vt 0.604839026927948 0.434255987405777
vt 0.6322829723358154 0.4351330101490021
vt 0.6033769845962524 0.4800490140914917
vt 0.6322829723358154 0.4351330101490021
vt 0.6303939819335938 0.481471985578537
vt 0.6033769845962524 0.4800490140914917
vt 0.5727729797363281 0.433555006980896
vt 0.604839026927948 0.434255987405777
vt 0.5720869898796082 0.4789449870586395
vt 0.604839026927948 0.434255987405777
vt 0.6033769845962524 0.4800490140914917
vt 0.5720869898796082 0.4789449870586395
vt 0.5457019805908203 0.4331049919128418
vt 0.5727729797363281 0.433555006980896
vt 0.5720869898796082 0.4789449870586395
vt 0.5457019805908203 0.4331049919128418
vt 0.5720869898796082 0.4789449870586395
vt 0.5445029735565186 0.4786899983882904
vt 0.5143340229988098 0.43279799818992615
vt 0.5457019805908203 0.4331049919128418
vt 0.5445029735565186 0.4786899983882904
vt 0.5143340229988098 0.43279799818992615
vt 0.5445029735565186 0.4786899983882904
vt 0.5137289762496948 0.47812598943710327
vt 0.4816359877586365 0.43265500664711
vt 0.5143340229988098 0.43279799818992615
vt 0.4816100001335144 0.47709599137306213
vt 0.5143340229988098 0.43279799818992615
vt 0.5137289762496948 0.47812598943710327
vt 0.4816100001335144 0.47709599137306213
vt 0.4462679922580719 0.4325929880142212
vt 0.4816359877586365 0.43265500664711
vt 0.4816100001335144 0.47709599137306213
vt 0.4462679922580719 0.4325929880142212
vt 0.4816100001335144 0.47709599137306213
vt 0.4454360008239746 0.4769839942455292
vt 0.4462679922580719 0.4325929880142212
vt 0.4454360008239746 0.4769839942455292
vt 0.4315600097179413 0.4329020082950592
vt 0.4454360008239746 0.4769839942455292
vt 0.43418198823928833 0.4777890145778656
vt 0.4315600097179413 0.4329020082950592
vt 0.4315600097179413 0.4329020082950592
vt 0.43418198823928833 0.4777890145778656
vt 0.4213219881057739 0.4774189889431
vt 0.4315600097179413 0.4329020082950592
vt 0.4213219881057739 0.4774189889431
vt 0.41876301169395447 0.43329301476478577
vt 0.6171360015869141 0.7389749884605408
vt 0.6262680292129517 0.7563260197639465
vt 0.5950000286102295 0.748649001121521
vt 0.6262680292129517 0.7563260197639465
vt 0.6013839840888977 0.7708809971809387
vt 0.5950000286102295 0.748649001121521
vt 0.5950000286102295 0.748649001121521
vt 0.6013839840888977 0.7708809971809387
vt 0.5757920145988464 0.7811539769172668
vt 0.5950000286102295 0.748649001121521
vt 0.5757920145988464 0.7811539769172668
vt 0.5655859708786011 0.7547069787979126
vt 0.5655859708786011 0.7547069787979126
vt 0.5757920145988464 0.7811539769172668
vt 0.5521759986877441 0.7597200274467468
vt 0.5757920145988464 0.7811539769172668
vt 0.561024010181427 0.7899150252342224
vt 0.5521759986877441 0.7597200274467468
vt 0.5521759986877441 0.7597200274467468
vt 0.561024010181427 0.7899150252342224
vt 0.5297709703445435 0.7729759812355042
vt 0.561024010181427 0.7899150252342224
vt 0.5416730046272278 0.7979649901390076
vt 0.5297709703445435 0.7729759812355042
vt 0.5104560256004333 0.7803810238838196
vt 0.5297709703445435 0.7729759812355042
vt 0.5197629928588867 0.8044779896736145
vt 0.5297709703445435 0.7729759812355042
vt 0.5416730046272278 0.7979649901390076
vt 0.5197629928588867 0.8044779896736145
vt 0.49491798877716064 0.7905049920082092
vt 0.5104560256004333 0.7803810238838196
vt 0.5197629928588867 0.8044779896736145
vt 0.49491798877716064 0.7905049920082092
vt 0.5197629928588867 0.8044779896736145
vt 0.5032010078430176 0.8157370090484619
vt 0.47705501317977905 0.7940530180931091
vt 0.49491798877716064 0.7905049920082092
vt 0.48346400260925293 0.820580005645752
vt 0.49491798877716064 0.7905049920082092
vt 0.5032010078430176 0.8157370090484619
vt 0.48346400260925293 0.820580005645752
vt 0.45910799503326416 0.792460024356842
vt 0.47705501317977905 0.7940530180931091
vt 0.4633600115776062 0.8189380168914795
vt 0.47705501317977905 0.7940530180931091
vt 0.48346400260925293 0.820580005645752
vt 0.4633600115776062 0.8189380168914795
vt 0.4414849877357483 0.7919319868087769
vt 0.45910799503326416 0.792460024356842
vt 0.44849398732185364 0.8180090188980103
vt 0.45910799503326416 0.792460024356842
vt 0.4633600115776062 0.8189380168914795
vt 0.44849398732185364 0.8180090188980103
vt 0.4272119998931885 0.7940769791603088
vt 0.4414849877357483 0.7919319868087769
vt 0.4343410134315491 0.8215910196304321
vt 0.4414849877357483 0.7919319868087769
vt 0.44849398732185364 0.8180090188980103
vt 0.4343410134315491 0.8215910196304321
vt 0.4125699996948242 0.8032699823379517
vt 0.4272119998931885 0.7940769791603088
vt 0.4343410134315491 0.8215910196304321
vt 0.4125699996948242 0.8032699823379517
vt 0.4343410134315491 0.8215910196304321
vt 0.4155209958553314 0.8281069993972778
vt 0.39114201068878174 0.821815013885498
vt 0.4125699996948242 0.8032699823379517
vt 0.4155209958553314 0.8281069993972778
vt 0.39114201068878174 0.821815013885498
vt 0.4155209958553314 0.8281069993972778
vt 0.39142000675201416 0.8329150080680847
vt 0.12387300282716751 0.5757420063018799
vt 0.15597699582576752 0.5945770144462585
vt 0.12203899770975113 0.5938249826431274
vt 0.15597699582576752 0.5945770144462585
vt 0.14849500358104706 0.6066300272941589
vt 0.12203899770975113 0.5938249826431274
vt 0.14849500358104706 0.6066300272941589
vt 0.14122599363327026 0.6226760149002075
vt 0.11635199934244156 0.6156089901924133
vt 0.14849500358104706 0.6066300272941589
vt 0.11635199934244156 0.6156089901924133
vt 0.12203899770975113 0.5938249826431274
vt 0.14122599363327026 0.6226760149002075
vt 0.13740499317646027 0.6399530172348022
vt 0.11635199934244156 0.6156089901924133
vt 0.13740499317646027 0.6399530172348022
vt 0.10963200032711029 0.6373170018196106
vt 0.11635199934244156 0.6156089901924133
vt 0.13740499317646027 0.6399530172348022
vt 0.13548900187015533 0.6603339910507202
vt 0.10963200032711029 0.6373170018196106
vt 0.13548900187015533 0.6603339910507202
vt 0.10837200284004211 0.6598420143127441
vt 0.10963200032711029 0.6373170018196106
vt 0.13548900187015533 0.6603339910507202
vt 0.1385290026664734 0.6775109767913818
vt 0.1149590015411377 0.6820060014724731
vt 0.13548900187015533 0.6603339910507202
vt 0.1149590015411377 0.6820060014724731
vt 0.10837200284004211 0.6598420143127441
vt 0.1446170061826706 0.6931489706039429
vt 0.11700399965047836 0.7079529762268066
vt 0.1149590015411377 0.6820060014724731
vt 0.1446170061826706 0.6931489706039429
vt 0.1149590015411377 0.6820060014724731
vt 0.1385290026664734 0.6775109767913818
vt 0.12265100330114365 0.7411029934883118
vt 0.11700399965047836 0.7079529762268066
vt 0.1548359990119934 0.7088840007781982
vt 0.11700399965047836 0.7079529762268066
vt 0.1446170061826706 0.6931489706039429
vt 0.1548359990119934 0.7088840007781982
vt 0.15388500690460205 0.6600409746170044
vt 0.1658560037612915 0.6576669812202454
vt 0.16700899600982666 0.6688719987869263
vt 0.15388500690460205 0.6600409746170044
vt 0.16700899600982666 0.6688719987869263
vt 0.15537500381469727 0.6733970046043396
vt 0.15537500381469727 0.6733970046043396
vt 0.16700899600982666 0.6688719987869263
vt 0.17115400731563568 0.6798670291900635
vt 0.15537500381469727 0.6733970046043396
vt 0.17115400731563568 0.6798670291900635
vt 0.1603900045156479 0.6864339709281921
vt 0.15575100481510162 0.6420900225639343
vt 0.16620999574661255 0.6421729922294617
vt 0.1658560037612915 0.6576669812202454
vt 0.15575100481510162 0.6420900225639343
vt 0.1658560037612915 0.6576669812202454
vt 0.15388500690460205 0.6600409746170044
vt 0.15803299844264984 0.629368007183075
vt 0.16878800094127655 0.6313049793243408
vt 0.16620999574661255 0.6421729922294617
vt 0.15803299844264984 0.629368007183075
vt 0.16620999574661255 0.6421729922294617
vt 0.15575100481510162 0.6420900225639343
vt 0.16355200111865997 0.6159279942512512
vt 0.17355400323867798 0.6205419898033142
vt 0.16878800094127655 0.6313049793243408
vt 0.16355200111865997 0.6159279942512512
vt 0.16878800094127655 0.6313049793243408
vt 0.15803299844264984 0.629368007183075
vt 0.1695989966392517 0.6048409938812256
vt 0.17936299741268158 0.6119080185890198
vt 0.17355400323867798 0.6205419898033142
vt 0.1695989966392517 0.6048409938812256
vt 0.17355400323867798 0.6205419898033142
vt 0.16355200111865997 0.6159279942512512
vt 0.1603900045156479 0.6864339709281921
vt 0.17115400731563568 0.6798670291900635
vt 0.1774519979953766 0.6895650029182434
vt 0.1603900045156479 0.6864339709281921
vt 0.1774519979953766 0.6895650029182434
vt 0.1680070012807846 0.6978729963302612
vt 0.2610670030117035 0.5870400071144104
vt 0.25735801458358765 0.5945580005645752
vt 0.24771000444889069 0.5827100276947021
vt 0.25735801458358765 0.5945580005645752
vt 0.24573299288749695 0.5908859968185425
vt 0.24771000444889069 0.5827100276947021
vt 0.2854590117931366 0.6057289838790894
vt 0.2781029939651489 0.6111670136451721
vt 0.27451199293136597 0.5949609875679016
vt 0.2781029939651489 0.6111670136451721
vt 0.26908600330352783 0.6013780236244202
vt 0.27451199293136597 0.5949609875679016
vt 0.2610670030117035 0.5870400071144104
vt 0.27451199293136597 0.5949609875679016
vt 0.26908600330352783 0.6013780236244202
vt 0.2610670030117035 0.5870400071144104
vt 0.26908600330352783 0.6013780236244202
vt 0.25735801458358765 0.5945580005645752
vt 0.2331250011920929 0.5797070264816284
vt 0.24771000444889069 0.5827100276947021
vt 0.2330390065908432 0.5884109735488892
vt 0.24771000444889069 0.5827100276947021
vt 0.24573299288749695 0.5908859968185425
vt 0.2330390065908432 0.5884109735488892
vt 0.21894900500774384 0.5795680284500122
vt 0.2331250011920929 0.5797070264816284
vt 0.22075100243091583 0.5884479880332947
vt 0.2331250011920929 0.5797070264816284
vt 0.2330390065908432 0.5884109735488892
vt 0.22075100243091583 0.5884479880332947
vt 0.2057819962501526 0.5830919742584229
vt 0.21894900500774384 0.5795680284500122
vt 0.20974400639533997 0.5912820100784302
vt 0.21894900500774384 0.5795680284500122
vt 0.22075100243091583 0.5884479880332947
vt 0.20974400639533997 0.5912820100784302
vt 0.19408400356769562 0.5879080295562744
vt 0.2057819962501526 0.5830919742584229
vt 0.19893500208854675 0.5961340069770813
vt 0.2057819962501526 0.5830919742584229
vt 0.20974400639533997 0.5912820100784302
vt 0.19893500208854675 0.5961340069770813
vt 0.18508799374103546 0.5926849842071533
vt 0.19408400356769562 0.5879080295562744
vt 0.1912579983472824 0.6012150049209595
vt 0.19408400356769562 0.5879080295562744
vt 0.19893500208854675 0.5961340069770813
vt 0.1912579983472824 0.6012150049209595
vt 0.177046999335289 0.5980250239372253
vt 0.18508799374103546 0.5926849842071533
vt 0.18544000387191772 0.6058400273323059
vt 0.18508799374103546 0.5926849842071533
vt 0.1912579983472824 0.6012150049209595
vt 0.18544000387191772 0.6058400273323059
vt 0.177046999335289 0.5980250239372253
vt 0.18544000387191772 0.6058400273323059
vt 0.17936299741268158 0.6119080185890198
vt 0.177046999335289 0.5980250239372253
vt 0.17936299741268158 0.6119080185890198
vt 0.1695989966392517 0.6048409938812256
vt 0.1680070012807846 0.6978729963302612
vt 0.1774519979953766 0.6895650029182434
vt 0.18474100530147552 0.6982229948043823
vt 0.1680070012807846 0.6978729963302612
vt 0.18474100530147552 0.6982229948043823
vt 0.17690899968147278 0.7080169916152954
vt 0.1899150013923645 0.7162150144577026
vt 0.17690899968147278 0.7080169916152954
vt 0.18474100530147552 0.6982229948043823
vt 0.1899150013923645 0.7162150144577026
vt 0.18474100530147552 0.6982229948043823
vt 0.19566699862480164 0.7054139971733093
vt 0.20530100166797638 0.7199159860610962
vt 0.1899150013923645 0.7162150144577026
vt 0.19566699862480164 0.7054139971733093
vt 0.20530100166797638 0.7199159860610962
vt 0.19566699862480164 0.7054139971733093
vt 0.2085539996623993 0.7097690105438232
vt 0.2247840017080307 0.7233089804649353
vt 0.20530100166797638 0.7199159860610962
vt 0.2085539996623993 0.7097690105438232
vt 0.2247840017080307 0.7233089804649353
vt 0.2085539996623993 0.7097690105438232
vt 0.22551600635051727 0.7121449708938599
vt 0.23560799658298492 0.7229369878768921
vt 0.2247840017080307 0.7233089804649353
vt 0.22551600635051727 0.7121449708938599
vt 0.23560799658298492 0.7229369878768921
vt 0.22551600635051727 0.7121449708938599
vt 0.23489899933338165 0.7120389938354492
vt 0.248539000749588 0.7204890251159668
vt 0.23560799658298492 0.7229369878768921
vt 0.23489899933338165 0.7120389938354492
vt 0.248539000749588 0.7204890251159668
vt 0.23489899933338165 0.7120389938354492
vt 0.24613800644874573 0.7100989818572998
vt 0.25995001196861267 0.716077983379364
vt 0.248539000749588 0.7204890251159668
vt 0.24613800644874573 0.7100989818572998
vt 0.25995001196861267 0.716077983379364
vt 0.24613800644874573 0.7100989818572998
vt 0.25609898567199707 0.7064099907875061
vt 0.2732029855251312 0.7084130048751831
vt 0.25995001196861267 0.716077983379364
vt 0.25609898567199707 0.7064099907875061
vt 0.2732029855251312 0.7084130048751831
vt 0.25609898567199707 0.7064099907875061
vt 0.26764100790023804 0.6998540163040161
vt 0.28033700585365295 0.7023890018463135
vt 0.2732029855251312 0.7084130048751831
vt 0.26764100790023804 0.6998540163040161
vt 0.28033700585365295 0.7023890018463135
vt 0.26764100790023804 0.6998540163040161
vt 0.2739480137825012 0.6946390271186829
vt 0.2884959876537323 0.6924309730529785
vt 0.28033700585365295 0.7023890018463135
vt 0.2739480137825012 0.6946390271186829
vt 0.2884959876537323 0.6924309730529785
vt 0.2739480137825012 0.6946390271186829
vt 0.28111401200294495 0.6860479712486267
vt 0.2948000133037567 0.6831790208816528
vt 0.2884959876537323 0.6924309730529785
vt 0.28111401200294495 0.6860479712486267
vt 0.2948000133037567 0.6831790208816528
vt 0.28111401200294495 0.6860479712486267
vt 0.28555700182914734 0.6777080297470093
vt 0.2996399998664856 0.6692209839820862
vt 0.2948000133037567 0.6831790208816528
vt 0.28555700182914734 0.6777080297470093
vt 0.2996399998664856 0.6692209839820862
vt 0.28555700182914734 0.6777080297470093
vt 0.2899940013885498 0.6658070087432861
vt 0.30244898796081543 0.6546300053596497
vt 0.2996399998664856 0.6692209839820862
vt 0.2899940013885498 0.6658070087432861
vt 0.30244898796081543 0.6546300053596497
vt 0.2899940013885498 0.6658070087432861
vt 0.2918879985809326 0.6527739763259888
vt 0.3007720112800598 0.6392220258712769
vt 0.30244898796081543 0.6546300053596497
vt 0.2918879985809326 0.6527739763259888
vt 0.3007720112800598 0.6392220258712769
vt 0.2918879985809326 0.6527739763259888
vt 0.2919769883155823 0.6398370265960693
vt 0.29510799050331116 0.6208699941635132
vt 0.3007720112800598 0.6392220258712769
vt 0.2919769883155823 0.6398370265960693
vt 0.29510799050331116 0.6208699941635132
vt 0.2919769883155823 0.6398370265960693
vt 0.28637900948524475 0.6240260004997253
vt 0.2854590117931366 0.6057289838790894
vt 0.29510799050331116 0.6208699941635132
vt 0.28637900948524475 0.6240260004997253
vt 0.2854590117931366 0.6057289838790894
vt 0.28637900948524475 0.6240260004997253
vt 0.2781029939651489 0.6111670136451721
vt 0.13548900187015533 0.6603339910507202
vt 0.15388500690460205 0.6600409746170044
vt 0.1385290026664734 0.6775109767913818
vt 0.15388500690460205 0.6600409746170044
vt 0.15537500381469727 0.6733970046043396
vt 0.1385290026664734 0.6775109767913818
vt 0.1446170061826706 0.6931489706039429
vt 0.1385290026664734 0.6775109767913818
vt 0.15537500381469727 0.6733970046043396
vt 0.1446170061826706 0.6931489706039429
vt 0.15537500381469727 0.6733970046043396
vt 0.1603900045156479 0.6864339709281921
vt 0.15575100481510162 0.6420900225639343
vt 0.15388500690460205 0.6600409746170044
vt 0.13740499317646027 0.6399530172348022
vt 0.15388500690460205 0.6600409746170044
vt 0.13548900187015533 0.6603339910507202
vt 0.13740499317646027 0.6399530172348022
vt 0.15803299844264984 0.629368007183075
vt 0.15575100481510162 0.6420900225639343
vt 0.13740499317646027 0.6399530172348022
vt 0.15803299844264984 0.629368007183075
vt 0.13740499317646027 0.6399530172348022
vt 0.14122599363327026 0.6226760149002075
vt 0.16355200111865997 0.6159279942512512
vt 0.15803299844264984 0.629368007183075
vt 0.14122599363327026 0.6226760149002075
vt 0.16355200111865997 0.6159279942512512
vt 0.14122599363327026 0.6226760149002075
vt 0.14849500358104706 0.6066300272941589
vt 0.1695989966392517 0.6048409938812256
vt 0.16355200111865997 0.6159279942512512
vt 0.14849500358104706 0.6066300272941589
vt 0.1695989966392517 0.6048409938812256
vt 0.14849500358104706 0.6066300272941589
vt 0.15597699582576752 0.5945770144462585
vt 0.1548359990119934 0.7088840007781982
vt 0.1446170061826706 0.6931489706039429
vt 0.1603900045156479 0.6864339709281921
vt 0.1548359990119934 0.7088840007781982
vt 0.1603900045156479 0.6864339709281921
vt 0.1680070012807846 0.6978729963302612
vt 0.2659589946269989 0.5742719769477844
vt 0.2610670030117035 0.5870400071144104
vt 0.24771000444889069 0.5827100276947021
vt 0.2659589946269989 0.5742719769477844
vt 0.24771000444889069 0.5827100276947021
vt 0.2499929964542389 0.5690879821777344
vt 0.29489898681640625 0.5965240001678467
vt 0.2854590117931366 0.6057289838790894
vt 0.27451199293136597 0.5949609875679016
vt 0.29489898681640625 0.5965240001678467
vt 0.27451199293136597 0.5949609875679016
vt 0.2818180024623871 0.5839160084724426
vt 0.2659589946269989 0.5742719769477844
vt 0.2818180024623871 0.5839160084724426
vt 0.2610670030117035 0.5870400071144104
vt 0.2818180024623871 0.5839160084724426
vt 0.27451199293136597 0.5949609875679016
vt 0.2610670030117035 0.5870400071144104
vt 0.23278899490833282 0.5652199983596802
vt 0.2499929964542389 0.5690879821777344
vt 0.2331250011920929 0.5797070264816284
vt 0.2499929964542389 0.5690879821777344
vt 0.24771000444889069 0.5827100276947021
vt 0.2331250011920929 0.5797070264816284
vt 0.21587799489498138 0.5651350021362305
vt 0.23278899490833282 0.5652199983596802
vt 0.21894900500774384 0.5795680284500122
vt 0.23278899490833282 0.5652199983596802
vt 0.2331250011920929 0.5797070264816284
vt 0.21894900500774384 0.5795680284500122
vt 0.2007409930229187 0.5692740082740784
vt 0.21587799489498138 0.5651350021362305
vt 0.2057819962501526 0.5830919742584229
vt 0.21587799489498138 0.5651350021362305
vt 0.21894900500774384 0.5795680284500122
vt 0.2057819962501526 0.5830919742584229
vt 0.18591399490833282 0.5751299858093262
vt 0.2007409930229187 0.5692740082740784
vt 0.19408400356769562 0.5879080295562744
vt 0.2007409930229187 0.5692740082740784
vt 0.2057819962501526 0.5830919742584229
vt 0.19408400356769562 0.5879080295562744
vt 0.17414000630378723 0.5811790227890015
vt 0.18591399490833282 0.5751299858093262
vt 0.18508799374103546 0.5926849842071533
vt 0.18591399490833282 0.5751299858093262
vt 0.19408400356769562 0.5879080295562744
vt 0.18508799374103546 0.5926849842071533
vt 0.1650719940662384 0.5869759917259216
vt 0.17414000630378723 0.5811790227890015
vt 0.177046999335289 0.5980250239372253
vt 0.17414000630378723 0.5811790227890015
vt 0.18508799374103546 0.5926849842071533
vt 0.177046999335289 0.5980250239372253
vt 0.1650719940662384 0.5869759917259216
vt 0.177046999335289 0.5980250239372253
vt 0.1695989966392517 0.6048409938812256
vt 0.1650719940662384 0.5869759917259216
vt 0.1695989966392517 0.6048409938812256
vt 0.15597699582576752 0.5945770144462585
vt 0.1548359990119934 0.7088840007781982
vt 0.1680070012807846 0.6978729963302612
vt 0.1654359996318817 0.7191380262374878
vt 0.1680070012807846 0.6978729963302612
vt 0.17690899968147278 0.7080169916152954
vt 0.1654359996318817 0.7191380262374878
vt 0.1809380054473877 0.7285820245742798
vt 0.1654359996318817 0.7191380262374878
vt 0.17690899968147278 0.7080169916152954
vt 0.1809380054473877 0.7285820245742798
vt 0.17690899968147278 0.7080169916152954
vt 0.1899150013923645 0.7162150144577026
vt 0.1993190050125122 0.7343270182609558
vt 0.1809380054473877 0.7285820245742798
vt 0.1899150013923645 0.7162150144577026
vt 0.1993190050125122 0.7343270182609558
vt 0.1899150013923645 0.7162150144577026
vt 0.20530100166797638 0.7199159860610962
vt 0.22254399955272675 0.7382720112800598
vt 0.1993190050125122 0.7343270182609558
vt 0.20530100166797638 0.7199159860610962
vt 0.22254399955272675 0.7382720112800598
vt 0.20530100166797638 0.7199159860610962
vt 0.2247840017080307 0.7233089804649353
vt 0.23583200573921204 0.7370449900627136
vt 0.22254399955272675 0.7382720112800598
vt 0.2247840017080307 0.7233089804649353
vt 0.23583200573921204 0.7370449900627136
vt 0.2247840017080307 0.7233089804649353
vt 0.23560799658298492 0.7229369878768921
vt 0.2514069974422455 0.7339310050010681
vt 0.23583200573921204 0.7370449900627136
vt 0.23560799658298492 0.7229369878768921
vt 0.2514069974422455 0.7339310050010681
vt 0.23560799658298492 0.7229369878768921
vt 0.248539000749588 0.7204890251159668
vt 0.26492801308631897 0.728422999382019
vt 0.2514069974422455 0.7339310050010681
vt 0.248539000749588 0.7204890251159668
vt 0.26492801308631897 0.728422999382019
vt 0.248539000749588 0.7204890251159668
vt 0.25995001196861267 0.716077983379364
vt 0.28068599104881287 0.7191449999809265
vt 0.26492801308631897 0.728422999382019
vt 0.25995001196861267 0.716077983379364
vt 0.28068599104881287 0.7191449999809265
vt 0.25995001196861267 0.716077983379364
vt 0.2732029855251312 0.7084130048751831
vt 0.28881099820137024 0.712224006652832
vt 0.28068599104881287 0.7191449999809265
vt 0.2732029855251312 0.7084130048751831
vt 0.28881099820137024 0.712224006652832
vt 0.2732029855251312 0.7084130048751831
vt 0.28033700585365295 0.7023890018463135
vt 0.29859399795532227 0.7001209855079651
vt 0.28881099820137024 0.712224006652832
vt 0.28033700585365295 0.7023890018463135
vt 0.29859399795532227 0.7001209855079651
vt 0.28033700585365295 0.7023890018463135
vt 0.2884959876537323 0.6924309730529785
vt 0.30688101053237915 0.6895300149917603
vt 0.29859399795532227 0.7001209855079651
vt 0.2948000133037567 0.6831790208816528
vt 0.29859399795532227 0.7001209855079651
vt 0.2884959876537323 0.6924309730529785
vt 0.2948000133037567 0.6831790208816528
vt 0.31173500418663025 0.6724479794502258
vt 0.30688101053237915 0.6895300149917603
vt 0.2948000133037567 0.6831790208816528
vt 0.31173500418663025 0.6724479794502258
vt 0.2948000133037567 0.6831790208816528
vt 0.2996399998664856 0.6692209839820862
vt 0.31501299142837524 0.6551110148429871
vt 0.31173500418663025 0.6724479794502258
vt 0.30244898796081543 0.6546300053596497
vt 0.31173500418663025 0.6724479794502258
vt 0.2996399998664856 0.6692209839820862
vt 0.30244898796081543 0.6546300053596497
vt 0.31307700276374817 0.6366850137710571
vt 0.31501299142837524 0.6551110148429871
vt 0.30244898796081543 0.6546300053596497
vt 0.31307700276374817 0.6366850137710571
vt 0.30244898796081543 0.6546300053596497
vt 0.3007720112800598 0.6392220258712769
vt 0.30629900097846985 0.614874005317688
vt 0.31307700276374817 0.6366850137710571
vt 0.29510799050331116 0.6208699941635132
vt 0.31307700276374817 0.6366850137710571
vt 0.3007720112800598 0.6392220258712769
vt 0.29510799050331116 0.6208699941635132
vt 0.29489898681640625 0.5965240001678467
vt 0.30629900097846985 0.614874005317688
vt 0.2854590117931366 0.6057289838790894
vt 0.30629900097846985 0.614874005317688
vt 0.29510799050331116 0.6208699941635132
vt 0.2854590117931366 0.6057289838790894
vt 0.27372801303863525 0.555965006351471
vt 0.2659589946269989 0.5742719769477844
vt 0.2499929964542389 0.5690879821777344
vt 0.27372801303863525 0.555965006351471
vt 0.2499929964542389 0.5690879821777344
vt 0.2535249888896942 0.5485060214996338
vt 0.3082210123538971 0.5827760100364685
vt 0.29489898681640625 0.5965240001678467
vt 0.2818180024623871 0.5839160084724426
vt 0.3082210123538971 0.5827760100364685
vt 0.2818180024623871 0.5839160084724426
vt 0.29276901483535767 0.5676820278167725
vt 0.27372801303863525 0.555965006351471
vt 0.29276901483535767 0.5676820278167725
vt 0.2659589946269989 0.5742719769477844
vt 0.29276901483535767 0.5676820278167725
vt 0.2818180024623871 0.5839160084724426
vt 0.2659589946269989 0.5742719769477844
vt 0.23292599618434906 0.5437780022621155
vt 0.2535249888896942 0.5485060214996338
vt 0.23278899490833282 0.5652199983596802
vt 0.2535249888896942 0.5485060214996338
vt 0.2499929964542389 0.5690879821777344
vt 0.23278899490833282 0.5652199983596802
vt 0.21249499917030334 0.5433560013771057
vt 0.23292599618434906 0.5437780022621155
vt 0.21587799489498138 0.5651350021362305
vt 0.23292599618434906 0.5437780022621155
vt 0.23278899490833282 0.5652199983596802
vt 0.21587799489498138 0.5651350021362305
vt 0.1933159977197647 0.5472480058670044
vt 0.21249499917030334 0.5433560013771057
vt 0.2007409930229187 0.5692740082740784
vt 0.21249499917030334 0.5433560013771057
vt 0.21587799489498138 0.5651350021362305
vt 0.2007409930229187 0.5692740082740784
vt 0.17501500248908997 0.5538780093193054
vt 0.1933159977197647 0.5472480058670044
vt 0.18591399490833282 0.5751299858093262
vt 0.1933159977197647 0.5472480058670044
vt 0.2007409930229187 0.5692740082740784
vt 0.18591399490833282 0.5751299858093262
vt 0.16021700203418732 0.5607770085334778
vt 0.17501500248908997 0.5538780093193054
vt 0.17414000630378723 0.5811790227890015
vt 0.17501500248908997 0.5538780093193054
vt 0.18591399490833282 0.5751299858093262
vt 0.17414000630378723 0.5811790227890015
vt 0.1480190008878708 0.5662109851837158
vt 0.16021700203418732 0.5607770085334778
vt 0.1650719940662384 0.5869759917259216
vt 0.16021700203418732 0.5607770085334778
vt 0.17414000630378723 0.5811790227890015
vt 0.1650719940662384 0.5869759917259216
vt 0.1480190008878708 0.5662109851837158
vt 0.1650719940662384 0.5869759917259216
vt 0.15597699582576752 0.5945770144462585
vt 0.1480190008878708 0.5662109851837158
vt 0.15597699582576752 0.5945770144462585
vt 0.12387300282716751 0.5757420063018799
vt 0.12265100330114365 0.7411029934883118
vt 0.1548359990119934 0.7088840007781982
vt 0.1416029930114746 0.7451009750366211
vt 0.1548359990119934 0.7088840007781982
vt 0.1654359996318817 0.7191380262374878
vt 0.1416029930114746 0.7451009750366211
vt 0.1656789928674698 0.749351978302002
vt 0.1416029930114746 0.7451009750366211
vt 0.1654359996318817 0.7191380262374878
vt 0.1656789928674698 0.749351978302002
vt 0.1654359996318817 0.7191380262374878
vt 0.1809380054473877 0.7285820245742798
vt 0.19228200614452362 0.7559109926223755
vt 0.1656789928674698 0.749351978302002
vt 0.1809380054473877 0.7285820245742798
vt 0.19228200614452362 0.7559109926223755
vt 0.1809380054473877 0.7285820245742798
vt 0.1993190050125122 0.7343270182609558
vt 0.2209240049123764 0.7593179941177368
vt 0.19228200614452362 0.7559109926223755
vt 0.1993190050125122 0.7343270182609558
vt 0.2209240049123764 0.7593179941177368
vt 0.1993190050125122 0.7343270182609558
vt 0.22254399955272675 0.7382720112800598
vt 0.23727799952030182 0.7574300169944763
vt 0.2209240049123764 0.7593179941177368
vt 0.22254399955272675 0.7382720112800598
vt 0.23727799952030182 0.7574300169944763
vt 0.22254399955272675 0.7382720112800598
vt 0.23583200573921204 0.7370449900627136
vt 0.2559170126914978 0.7532610297203064
vt 0.23727799952030182 0.7574300169944763
vt 0.23583200573921204 0.7370449900627136
vt 0.2559170126914978 0.7532610297203064
vt 0.23583200573921204 0.7370449900627136
vt 0.2514069974422455 0.7339310050010681
vt 0.2728230059146881 0.7459449768066406
vt 0.2559170126914978 0.7532610297203064
vt 0.2514069974422455 0.7339310050010681
vt 0.2728230059146881 0.7459449768066406
vt 0.2514069974422455 0.7339310050010681
vt 0.26492801308631897 0.728422999382019
vt 0.2915840148925781 0.7346330285072327
vt 0.2728230059146881 0.7459449768066406
vt 0.26492801308631897 0.728422999382019
vt 0.2915840148925781 0.7346330285072327
vt 0.26492801308631897 0.728422999382019
vt 0.28068599104881287 0.7191449999809265
vt 0.30156800150871277 0.7256609797477722
vt 0.2915840148925781 0.7346330285072327
vt 0.28068599104881287 0.7191449999809265
vt 0.30156800150871277 0.7256609797477722
vt 0.28068599104881287 0.7191449999809265
vt 0.28881099820137024 0.712224006652832
vt 0.3132359981536865 0.7109739780426025
vt 0.30156800150871277 0.7256609797477722
vt 0.28881099820137024 0.712224006652832
vt 0.3132359981536865 0.7109739780426025
vt 0.28881099820137024 0.712224006652832
vt 0.29859399795532227 0.7001209855079651
vt 0.3235799968242645 0.6975849866867065
vt 0.3132359981536865 0.7109739780426025
vt 0.30688101053237915 0.6895300149917603
vt 0.3132359981536865 0.7109739780426025
vt 0.29859399795532227 0.7001209855079651
vt 0.30688101053237915 0.6895300149917603
vt 0.3294290006160736 0.6770700216293335
vt 0.3235799968242645 0.6975849866867065
vt 0.30688101053237915 0.6895300149917603
vt 0.3294290006160736 0.6770700216293335
vt 0.30688101053237915 0.6895300149917603
vt 0.31173500418663025 0.6724479794502258
vt 0.3334389925003052 0.6551780104637146
vt 0.3294290006160736 0.6770700216293335
vt 0.31501299142837524 0.6551110148429871
vt 0.3294290006160736 0.6770700216293335
vt 0.31173500418663025 0.6724479794502258
vt 0.31501299142837524 0.6551110148429871
vt 0.3311479985713959 0.6328809857368469
vt 0.3334389925003052 0.6551780104637146
vt 0.31501299142837524 0.6551110148429871
vt 0.3311479985713959 0.6328809857368469
vt 0.31501299142837524 0.6551110148429871
vt 0.31307700276374817 0.6366850137710571
vt 0.32293200492858887 0.6068099737167358
vt 0.3311479985713959 0.6328809857368469
vt 0.30629900097846985 0.614874005317688
vt 0.3311479985713959 0.6328809857368469
vt 0.31307700276374817 0.6366850137710571
vt 0.30629900097846985 0.614874005317688
vt 0.3082210123538971 0.5827760100364685
vt 0.32293200492858887 0.6068099737167358
vt 0.29489898681640625 0.5965240001678467
vt 0.32293200492858887 0.6068099737167358
vt 0.30629900097846985 0.614874005317688
vt 0.29489898681640625 0.5965240001678467
vt 0.2775830030441284 0.5442060232162476
vt 0.27372801303863525 0.555965006351471
vt 0.2535249888896942 0.5485060214996338
vt 0.2775830030441284 0.5442060232162476
vt 0.2535249888896942 0.5485060214996338
vt 0.2567639946937561 0.53644198179245
vt 0.31605100631713867 0.5748370289802551
vt 0.3082210123538971 0.5827760100364685
vt 0.29276901483535767 0.5676820278167725
vt 0.31605100631713867 0.5748370289802551
vt 0.29276901483535767 0.5676820278167725
vt 0.299560010433197 0.5578629970550537
vt 0.2775830030441284 0.5442060232162476
vt 0.299560010433197 0.5578629970550537
vt 0.27372801303863525 0.555965006351471
vt 0.299560010433197 0.5578629970550537
vt 0.29276901483535767 0.5676820278167725
vt 0.27372801303863525 0.555965006351471
vt 0.23420000076293945 0.5318310260772705
vt 0.2567639946937561 0.53644198179245
vt 0.23292599618434906 0.5437780022621155
vt 0.2567639946937561 0.53644198179245
vt 0.2535249888896942 0.5485060214996338
vt 0.23292599618434906 0.5437780022621155
vt 0.21081499755382538 0.5315629839897156
vt 0.23420000076293945 0.5318310260772705
vt 0.21249499917030334 0.5433560013771057
vt 0.23420000076293945 0.5318310260772705
vt 0.23292599618434906 0.5437780022621155
vt 0.21249499917030334 0.5433560013771057
vt 0.18799400329589844 0.5349889993667603
vt 0.21081499755382538 0.5315629839897156
vt 0.1933159977197647 0.5472480058670044
vt 0.21081499755382538 0.5315629839897156
vt 0.21249499917030334 0.5433560013771057
vt 0.1933159977197647 0.5472480058670044
vt 0.16992199420928955 0.5402740240097046
vt 0.18799400329589844 0.5349889993667603
vt 0.17501500248908997 0.5538780093193054
vt 0.18799400329589844 0.5349889993667603
vt 0.1933159977197647 0.5472480058670044
vt 0.17501500248908997 0.5538780093193054
vt 0.15428300201892853 0.5467069745063782
vt 0.16992199420928955 0.5402740240097046
vt 0.17501500248908997 0.5538780093193054
vt 0.15428300201892853 0.5467069745063782
vt 0.17501500248908997 0.5538780093193054
vt 0.16021700203418732 0.5607770085334778
vt 0.13897199928760529 0.5497519969940186
vt 0.15428300201892853 0.5467069745063782
vt 0.1480190008878708 0.5662109851837158
vt 0.15428300201892853 0.5467069745063782
vt 0.16021700203418732 0.5607770085334778
vt 0.1480190008878708 0.5662109851837158
vt 0.13897199928760529 0.5497519969940186
vt 0.1480190008878708 0.5662109851837158
vt 0.12387300282716751 0.5757420063018799
vt 0.13897199928760529 0.5497519969940186
vt 0.12387300282716751 0.5757420063018799
vt 0.11903099715709686 0.5537089705467224
vt 0.121738001704216 0.7598860263824463
vt 0.12265100330114365 0.7411029934883118
vt 0.1416029930114746 0.7451009750366211
vt 0.121738001704216 0.7598860263824463
vt 0.1416029930114746 0.7451009750366211
vt 0.14094899594783783 0.7625489830970764
vt 0.164559006690979 0.7646870017051697
vt 0.14094899594783783 0.7625489830970764
vt 0.1656789928674698 0.749351978302002
vt 0.14094899594783783 0.7625489830970764
vt 0.1416029930114746 0.7451009750366211
vt 0.1656789928674698 0.749351978302002
vt 0.19156700372695923 0.7701339721679688
vt 0.164559006690979 0.7646870017051697
vt 0.19228200614452362 0.7559109926223755
vt 0.164559006690979 0.7646870017051697
vt 0.1656789928674698 0.749351978302002
vt 0.19228200614452362 0.7559109926223755
vt 0.2174140065908432 0.7724260091781616
vt 0.19156700372695923 0.7701339721679688
vt 0.19228200614452362 0.7559109926223755
vt 0.2174140065908432 0.7724260091781616
vt 0.19228200614452362 0.7559109926223755
vt 0.2209240049123764 0.7593179941177368
vt 0.2388020008802414 0.7706009745597839
vt 0.2174140065908432 0.7724260091781616
vt 0.2209240049123764 0.7593179941177368
vt 0.2388020008802414 0.7706009745597839
vt 0.2209240049123764 0.7593179941177368
vt 0.23727799952030182 0.7574300169944763
vt 0.25857698917388916 0.7661730051040649
vt 0.2388020008802414 0.7706009745597839
vt 0.23727799952030182 0.7574300169944763
vt 0.25857698917388916 0.7661730051040649
vt 0.23727799952030182 0.7574300169944763
vt 0.2559170126914978 0.7532610297203064
vt 0.2774200141429901 0.7583739757537842
vt 0.25857698917388916 0.7661730051040649
vt 0.2559170126914978 0.7532610297203064
vt 0.2774200141429901 0.7583739757537842
vt 0.2559170126914978 0.7532610297203064
vt 0.2728230059146881 0.7459449768066406
vt 0.29944801330566406 0.744903028011322
vt 0.2774200141429901 0.7583739757537842
vt 0.2728230059146881 0.7459449768066406
vt 0.29944801330566406 0.744903028011322
vt 0.2728230059146881 0.7459449768066406
vt 0.2915840148925781 0.7346330285072327
vt 0.31057798862457275 0.7344440221786499
vt 0.29944801330566406 0.744903028011322
vt 0.2915840148925781 0.7346330285072327
vt 0.31057798862457275 0.7344440221786499
vt 0.2915840148925781 0.7346330285072327
vt 0.30156800150871277 0.7256609797477722
vt 0.32336199283599854 0.7186200022697449
vt 0.31057798862457275 0.7344440221786499
vt 0.30156800150871277 0.7256609797477722
vt 0.32336199283599854 0.7186200022697449
vt 0.30156800150871277 0.7256609797477722
vt 0.3132359981536865 0.7109739780426025
vt 0.332956999540329 0.702692985534668
vt 0.32336199283599854 0.7186200022697449
vt 0.3235799968242645 0.6975849866867065
vt 0.32336199283599854 0.7186200022697449
vt 0.3132359981536865 0.7109739780426025
vt 0.3235799968242645 0.6975849866867065
vt 0.3411009907722473 0.6811749935150146
vt 0.332956999540329 0.702692985534668
vt 0.3235799968242645 0.6975849866867065
vt 0.3411009907722473 0.6811749935150146
vt 0.3235799968242645 0.6975849866867065
vt 0.3294290006160736 0.6770700216293335
vt 0.3446919918060303 0.6561490297317505
vt 0.3411009907722473 0.6811749935150146
vt 0.3294290006160736 0.6770700216293335
vt 0.3446919918060303 0.6561490297317505
vt 0.3294290006160736 0.6770700216293335
vt 0.3334389925003052 0.6551780104637146
vt 0.3432230055332184 0.6314619779586792
vt 0.3446919918060303 0.6561490297317505
vt 0.3334389925003052 0.6551780104637146
vt 0.3432230055332184 0.6314619779586792
vt 0.3334389925003052 0.6551780104637146
vt 0.3311479985713959 0.6328809857368469
vt 0.33324000239372253 0.601938009262085
vt 0.3432230055332184 0.6314619779586792
vt 0.3311479985713959 0.6328809857368469
vt 0.33324000239372253 0.601938009262085
vt 0.3311479985713959 0.6328809857368469
vt 0.32293200492858887 0.6068099737167358
vt 0.31605100631713867 0.5748370289802551
vt 0.33324000239372253 0.601938009262085
vt 0.3082210123538971 0.5827760100364685
vt 0.33324000239372253 0.601938009262085
vt 0.32293200492858887 0.6068099737167358
vt 0.3082210123538971 0.5827760100364685
vt 0.294310986995697 0.5147380232810974
vt 0.2775830030441284 0.5442060232162476
vt 0.2684060037136078 0.5047140121459961
vt 0.2775830030441284 0.5442060232162476
vt 0.2567639946937561 0.53644198179245
vt 0.2684060037136078 0.5047140121459961
vt 0.3421039879322052 0.553409993648529
vt 0.31605100631713867 0.5748370289802551
vt 0.299560010433197 0.5578629970550537
vt 0.3421039879322052 0.553409993648529
vt 0.299560010433197 0.5578629970550537
vt 0.32148298621177673 0.5322210192680359
vt 0.294310986995697 0.5147380232810974
vt 0.32148298621177673 0.5322210192680359
vt 0.299560010433197 0.5578629970550537
vt 0.294310986995697 0.5147380232810974
vt 0.299560010433197 0.5578629970550537
vt 0.2775830030441284 0.5442060232162476
vt 0.23996800184249878 0.4984489977359772
vt 0.2684060037136078 0.5047140121459961
vt 0.2567639946937561 0.53644198179245
vt 0.23996800184249878 0.4984489977359772
vt 0.2567639946937561 0.53644198179245
vt 0.23420000076293945 0.5318310260772705
vt 0.21111199259757996 0.49721598625183105
vt 0.23996800184249878 0.4984489977359772
vt 0.23420000076293945 0.5318310260772705
vt 0.21111199259757996 0.49721598625183105
vt 0.23420000076293945 0.5318310260772705
vt 0.21081499755382538 0.5315629839897156
vt 0.1831810027360916 0.5005360245704651
vt 0.21111199259757996 0.49721598625183105
vt 0.21081499755382538 0.5315629839897156
vt 0.1831810027360916 0.5005360245704651
vt 0.21081499755382538 0.5315629839897156
vt 0.18799400329589844 0.5349889993667603
vt 0.16067300736904144 0.5053840279579163
vt 0.1831810027360916 0.5005360245704651
vt 0.18799400329589844 0.5349889993667603
vt 0.16067300736904144 0.5053840279579163
vt 0.18799400329589844 0.5349889993667603
vt 0.16992199420928955 0.5402740240097046
vt 0.14203199744224548 0.512133002281189
vt 0.16067300736904144 0.5053840279579163
vt 0.16992199420928955 0.5402740240097046
vt 0.14203199744224548 0.512133002281189
vt 0.16992199420928955 0.5402740240097046
vt 0.15428300201892853 0.5467069745063782
vt 0.12173400074243546 0.5145589709281921
vt 0.14203199744224548 0.512133002281189
vt 0.13897199928760529 0.5497519969940186
vt 0.14203199744224548 0.512133002281189
vt 0.15428300201892853 0.5467069745063782
vt 0.13897199928760529 0.5497519969940186
vt 0.12173400074243546 0.5145589709281921
vt 0.13897199928760529 0.5497519969940186
vt 0.11903099715709686 0.5537089705467224
vt 0.12173400074243546 0.5145589709281921
vt 0.11903099715709686 0.5537089705467224
vt 0.10344800353050232 0.5199260115623474
vt 0.11184900254011154 0.7988979816436768
vt 0.121738001704216 0.7598860263824463
vt 0.13076399266719818 0.8016970157623291
vt 0.121738001704216 0.7598860263824463
vt 0.14094899594783783 0.7625489830970764
vt 0.13076399266719818 0.8016970157623291
vt 0.15940900146961212 0.8046200275421143
vt 0.13076399266719818 0.8016970157623291
vt 0.14094899594783783 0.7625489830970764
vt 0.15940900146961212 0.8046200275421143
vt 0.14094899594783783 0.7625489830970764
vt 0.164559006690979 0.7646870017051697
vt 0.18900400400161743 0.8079450130462646
vt 0.15940900146961212 0.8046200275421143
vt 0.19156700372695923 0.7701339721679688
vt 0.15940900146961212 0.8046200275421143
vt 0.164559006690979 0.7646870017051697
vt 0.19156700372695923 0.7701339721679688
vt 0.22083799540996552 0.8083419799804688
vt 0.18900400400161743 0.8079450130462646
vt 0.2174140065908432 0.7724260091781616
vt 0.18900400400161743 0.8079450130462646
vt 0.19156700372695923 0.7701339721679688
vt 0.2174140065908432 0.7724260091781616
vt 0.24745799601078033 0.8049280047416687
vt 0.22083799540996552 0.8083419799804688
vt 0.2388020008802414 0.7706009745597839
vt 0.22083799540996552 0.8083419799804688
vt 0.2174140065908432 0.7724260091781616
vt 0.2388020008802414 0.7706009745597839
vt 0.27155399322509766 0.7983250021934509
vt 0.24745799601078033 0.8049280047416687
vt 0.25857698917388916 0.7661730051040649
vt 0.24745799601078033 0.8049280047416687
vt 0.2388020008802414 0.7706009745597839
vt 0.25857698917388916 0.7661730051040649
vt 0.2949399948120117 0.7883849740028381
vt 0.27155399322509766 0.7983250021934509
vt 0.2774200141429901 0.7583739757537842
vt 0.27155399322509766 0.7983250021934509
vt 0.25857698917388916 0.7661730051040649
vt 0.2774200141429901 0.7583739757537842
vt 0.3225739896297455 0.7699180245399475
vt 0.2949399948120117 0.7883849740028381
vt 0.29944801330566406 0.744903028011322
vt 0.2949399948120117 0.7883849740028381
vt 0.2774200141429901 0.7583739757537842
vt 0.29944801330566406 0.744903028011322
vt 0.33625099062919617 0.7569620013237
vt 0.3225739896297455 0.7699180245399475
vt 0.31057798862457275 0.7344440221786499
vt 0.3225739896297455 0.7699180245399475
vt 0.29944801330566406 0.744903028011322
vt 0.31057798862457275 0.7344440221786499
vt 0.35274600982666016 0.7372450232505798
vt 0.33625099062919617 0.7569620013237
vt 0.32336199283599854 0.7186200022697449
vt 0.33625099062919617 0.7569620013237
vt 0.31057798862457275 0.7344440221786499
vt 0.32336199283599854 0.7186200022697449
vt 0.3641490042209625 0.7163649797439575
vt 0.35274600982666016 0.7372450232505798
vt 0.332956999540329 0.702692985534668
vt 0.35274600982666016 0.7372450232505798
vt 0.32336199283599854 0.7186200022697449
vt 0.332956999540329 0.702692985534668
vt 0.37429898977279663 0.6889479756355286
vt 0.3641490042209625 0.7163649797439575
vt 0.3411009907722473 0.6811749935150146
vt 0.3641490042209625 0.7163649797439575
vt 0.332956999540329 0.702692985534668
vt 0.3411009907722473 0.6811749935150146
vt 0.378728985786438 0.6566910147666931
vt 0.37429898977279663 0.6889479756355286
vt 0.3446919918060303 0.6561490297317505
vt 0.37429898977279663 0.6889479756355286
vt 0.3411009907722473 0.6811749935150146
vt 0.3446919918060303 0.6561490297317505
vt 0.3763369917869568 0.6258419752120972
vt 0.378728985786438 0.6566910147666931
vt 0.3432230055332184 0.6314619779586792
vt 0.378728985786438 0.6566910147666931
vt 0.3446919918060303 0.6561490297317505
vt 0.3432230055332184 0.6314619779586792
vt 0.3644680082798004 0.58856201171875
vt 0.3763369917869568 0.6258419752120972
vt 0.3432230055332184 0.6314619779586792
vt 0.3644680082798004 0.58856201171875
vt 0.3432230055332184 0.6314619779586792
vt 0.33324000239372253 0.601938009262085
vt 0.3421039879322052 0.553409993648529
vt 0.3644680082798004 0.58856201171875
vt 0.33324000239372253 0.601938009262085
vt 0.3421039879322052 0.553409993648529
vt 0.33324000239372253 0.601938009262085
vt 0.31605100631713867 0.5748370289802551
vt 0.3088330030441284 0.4876919984817505
vt 0.294310986995697 0.5147380232810974
vt 0.2782900035381317 0.4752199947834015
vt 0.294310986995697 0.5147380232810974
vt 0.2684060037136078 0.5047140121459961
vt 0.2782900035381317 0.4752199947834015
vt 0.3650600016117096 0.5336509943008423
vt 0.3421039879322052 0.553409993648529
vt 0.32148298621177673 0.5322210192680359
vt 0.3650600016117096 0.5336509943008423
vt 0.32148298621177673 0.5322210192680359
vt 0.34020599722862244 0.5089830160140991
vt 0.3088330030441284 0.4876919984817505
vt 0.34020599722862244 0.5089830160140991
vt 0.32148298621177673 0.5322210192680359
vt 0.3088330030441284 0.4876919984817505
vt 0.32148298621177673 0.5322210192680359
vt 0.294310986995697 0.5147380232810974
vt 0.2446890026330948 0.4672519862651825
vt 0.2782900035381317 0.4752199947834015
vt 0.2684060037136078 0.5047140121459961
vt 0.2446890026330948 0.4672519862651825
vt 0.2684060037136078 0.5047140121459961
vt 0.23996800184249878 0.4984489977359772
vt 0.21065199375152588 0.4651769995689392
vt 0.2446890026330948 0.4672519862651825
vt 0.23996800184249878 0.4984489977359772
vt 0.21065199375152588 0.4651769995689392
vt 0.23996800184249878 0.4984489977359772
vt 0.21111199259757996 0.49721598625183105
vt 0.17789100110530853 0.468315988779068
vt 0.21065199375152588 0.4651769995689392
vt 0.21111199259757996 0.49721598625183105
vt 0.17789100110530853 0.468315988779068
vt 0.21111199259757996 0.49721598625183105
vt 0.1831810027360916 0.5005360245704651
vt 0.1525530070066452 0.47407299280166626
vt 0.17789100110530853 0.468315988779068
vt 0.16067300736904144 0.5053840279579163
vt 0.17789100110530853 0.468315988779068
vt 0.1831810027360916 0.5005360245704651
vt 0.16067300736904144 0.5053840279579163
vt 0.13212600350379944 0.4807249903678894
vt 0.1525530070066452 0.47407299280166626
vt 0.16067300736904144 0.5053840279579163
vt 0.13212600350379944 0.4807249903678894
vt 0.16067300736904144 0.5053840279579163
vt 0.14203199744224548 0.512133002281189
vt 0.1109279990196228 0.4875960052013397
vt 0.13212600350379944 0.4807249903678894
vt 0.12173400074243546 0.5145589709281921
vt 0.13212600350379944 0.4807249903678894
vt 0.14203199744224548 0.512133002281189
vt 0.12173400074243546 0.5145589709281921
vt 0.1109279990196228 0.4875960052013397
vt 0.12173400074243546 0.5145589709281921
vt 0.10344800353050232 0.5199260115623474
vt 0.1109279990196228 0.4875960052013397
vt 0.10344800353050232 0.5199260115623474
vt 0.08787500113248825 0.4934679865837097
vt 0.10622899979352951 0.8311840295791626
vt 0.11184900254011154 0.7988979816436768
vt 0.12539899349212646 0.8338549733161926
vt 0.11184900254011154 0.7988979816436768
vt 0.13076399266719818 0.8016970157623291
vt 0.12539899349212646 0.8338549733161926
vt 0.15562699735164642 0.8381590247154236
vt 0.12539899349212646 0.8338549733161926
vt 0.13076399266719818 0.8016970157623291
vt 0.15562699735164642 0.8381590247154236
vt 0.13076399266719818 0.8016970157623291
vt 0.15940900146961212 0.8046200275421143
vt 0.1876469999551773 0.8409990072250366
vt 0.15562699735164642 0.8381590247154236
vt 0.18900400400161743 0.8079450130462646
vt 0.15562699735164642 0.8381590247154236
vt 0.15940900146961212 0.8046200275421143
vt 0.18900400400161743 0.8079450130462646
vt 0.2236039936542511 0.8405929803848267
vt 0.1876469999551773 0.8409990072250366
vt 0.22083799540996552 0.8083419799804688
vt 0.1876469999551773 0.8409990072250366
vt 0.18900400400161743 0.8079450130462646
vt 0.22083799540996552 0.8083419799804688
vt 0.2544359862804413 0.8361260294914246
vt 0.2236039936542511 0.8405929803848267
vt 0.24745799601078033 0.8049280047416687
vt 0.2236039936542511 0.8405929803848267
vt 0.22083799540996552 0.8083419799804688
vt 0.24745799601078033 0.8049280047416687
vt 0.2827039957046509 0.828016996383667
vt 0.2544359862804413 0.8361260294914246
vt 0.27155399322509766 0.7983250021934509
vt 0.2544359862804413 0.8361260294914246
vt 0.24745799601078033 0.8049280047416687
vt 0.27155399322509766 0.7983250021934509
vt 0.3103660047054291 0.8160290122032166
vt 0.2827039957046509 0.828016996383667
vt 0.2949399948120117 0.7883849740028381
vt 0.2827039957046509 0.828016996383667
vt 0.27155399322509766 0.7983250021934509
vt 0.2949399948120117 0.7883849740028381
vt 0.34293699264526367 0.7935870289802551
vt 0.3103660047054291 0.8160290122032166
vt 0.3225739896297455 0.7699180245399475
vt 0.3103660047054291 0.8160290122032166
vt 0.2949399948120117 0.7883849740028381
vt 0.3225739896297455 0.7699180245399475
vt 0.35909199714660645 0.778082013130188
vt 0.34293699264526367 0.7935870289802551
vt 0.33625099062919617 0.7569620013237
vt 0.34293699264526367 0.7935870289802551
vt 0.3225739896297455 0.7699180245399475
vt 0.33625099062919617 0.7569620013237
vt 0.37849700450897217 0.7545610070228577
vt 0.35909199714660645 0.778082013130188
vt 0.35274600982666016 0.7372450232505798
vt 0.35909199714660645 0.778082013130188
vt 0.33625099062919617 0.7569620013237
vt 0.35274600982666016 0.7372450232505798
vt 0.39337700605392456 0.7299680113792419
vt 0.37849700450897217 0.7545610070228577
vt 0.35274600982666016 0.7372450232505798
vt 0.39337700605392456 0.7299680113792419
vt 0.35274600982666016 0.7372450232505798
vt 0.3641490042209625 0.7163649797439575
vt 0.40521401166915894 0.6960999965667725
vt 0.39337700605392456 0.7299680113792419
vt 0.37429898977279663 0.6889479756355286
vt 0.39337700605392456 0.7299680113792419
vt 0.3641490042209625 0.7163649797439575
vt 0.37429898977279663 0.6889479756355286
vt 0.41012001037597656 0.6569330096244812
vt 0.40521401166915894 0.6960999965667725
vt 0.378728985786438 0.6566910147666931
vt 0.40521401166915894 0.6960999965667725
vt 0.37429898977279663 0.6889479756355286
vt 0.378728985786438 0.6566910147666931
vt 0.4068019986152649 0.6196449995040894
vt 0.41012001037597656 0.6569330096244812
vt 0.3763369917869568 0.6258419752120972
vt 0.41012001037597656 0.6569330096244812
vt 0.378728985786438 0.6566910147666931
vt 0.3763369917869568 0.6258419752120972
vt 0.3921560049057007 0.5751330256462097
vt 0.4068019986152649 0.6196449995040894
vt 0.3644680082798004 0.58856201171875
vt 0.4068019986152649 0.6196449995040894
vt 0.3763369917869568 0.6258419752120972
vt 0.3644680082798004 0.58856201171875
vt 0.3650600016117096 0.5336509943008423
vt 0.3921560049057007 0.5751330256462097
vt 0.3421039879322052 0.553409993648529
vt 0.3921560049057007 0.5751330256462097
vt 0.3644680082798004 0.58856201171875
vt 0.3421039879322052 0.553409993648529
vt 0.1610179990530014 0.9140620231628418
vt 0.15633299946784973 0.9140329957008362
vt 0.16101700067520142 0.8976160287857056
vt 0.15633299946784973 0.9140329957008362
vt 0.15633299946784973 0.8975870013237
vt 0.16101700067520142 0.8976160287857056
vt 0.3772220015525818 0.9140949845314026
vt 0.37128499150276184 0.9141110181808472
vt 0.37128499150276184 0.8976479768753052
vt 0.3772220015525818 0.9140949845314026
vt 0.37128499150276184 0.8976479768753052
vt 0.3772220015525818 0.8976309895515442
vt 0.21066400408744812 0.9141039848327637
vt 0.21066300570964813 0.8976539969444275
vt 0.2187730073928833 0.897674024105072
vt 0.21066400408744812 0.9141039848327637
vt 0.2187730073928833 0.897674024105072
vt 0.21877500414848328 0.9141250252723694
vt 0.22429199516773224 0.9141139984130859
vt 0.22429099678993225 0.8976619839668274
vt 0.23165999352931976 0.8976929783821106
vt 0.22429199516773224 0.9141139984130859
vt 0.23165999352931976 0.8976929783821106
vt 0.23166200518608093 0.9141470193862915
vt 0.22429199516773224 0.9141139984130859
vt 0.21877500414848328 0.9141250252723694
vt 0.2187730073928833 0.897674024105072
vt 0.22429199516773224 0.9141139984130859
vt 0.2187730073928833 0.897674024105072
vt 0.22429099678993225 0.8976619839668274
vt 0.21066400408744812 0.9141039848327637
vt 0.20077599585056305 0.9140400290489197
vt 0.21066300570964813 0.8976539969444275
vt 0.20077599585056305 0.9140400290489197
vt 0.20077499747276306 0.8975909948348999
vt 0.21066300570964813 0.8976539969444275
vt 0.20077599585056305 0.9140400290489197
vt 0.190993994474411 0.9140520095825195
vt 0.19099299609661102 0.8976029753684998
vt 0.20077599585056305 0.9140400290489197
vt 0.19099299609661102 0.8976029753684998
vt 0.20077499747276306 0.8975909948348999
vt 0.190993994474411 0.9140520095825195
vt 0.1825840026140213 0.914031982421875
vt 0.19099299609661102 0.8976029753684998
vt 0.1825840026140213 0.914031982421875
vt 0.1825840026140213 0.8975840210914612
vt 0.19099299609661102 0.8976029753684998
vt 0.1825840026140213 0.914031982421875
vt 0.1744139939546585 0.9140710234642029
vt 0.1744139939546585 0.8976230025291443
vt 0.1825840026140213 0.914031982421875
vt 0.1744139939546585 0.8976230025291443
vt 0.1825840026140213 0.8975840210914612
vt 0.1744139939546585 0.9140710234642029
vt 0.1674260050058365 0.9140290021896362
vt 0.1744139939546585 0.8976230025291443
vt 0.1674260050058365 0.9140290021896362
vt 0.1674250066280365 0.8975819945335388
vt 0.1744139939546585 0.8976230025291443
vt 0.1674260050058365 0.9140290021896362
vt 0.1610179990530014 0.9140620231628418
vt 0.16101700067520142 0.8976160287857056
vt 0.1674260050058365 0.9140290021896362
vt 0.16101700067520142 0.8976160287857056
vt 0.1674250066280365 0.8975819945335388
vt 0.15633299946784973 0.9140329957008362
vt 0.15056799352169037 0.9140710234642029
vt 0.15056799352169037 0.8976250290870667
vt 0.15633299946784973 0.9140329957008362
vt 0.15056799352169037 0.8976250290870667
vt 0.15633299946784973 0.8975870013237
vt 0.15056799352169037 0.9140710234642029
vt 0.1458739936351776 0.9140880107879639
vt 0.1458739936351776 0.8976420164108276
vt 0.15056799352169037 0.9140710234642029
vt 0.1458739936351776 0.8976420164108276
vt 0.15056799352169037 0.8976250290870667
vt 0.1458739936351776 0.9140880107879639
vt 0.14083200693130493 0.9140819907188416
vt 0.1458739936351776 0.8976420164108276
vt 0.14083200693130493 0.9140819907188416
vt 0.14083200693130493 0.8976359963417053
vt 0.1458739936351776 0.8976420164108276
vt 0.14083200693130493 0.9140819907188416
vt 0.13692300021648407 0.9140880107879639
vt 0.13692300021648407 0.8976420164108276
vt 0.14083200693130493 0.9140819907188416
vt 0.13692300021648407 0.8976420164108276
vt 0.14083200693130493 0.8976359963417053
vt 0.13692300021648407 0.9140880107879639
vt 0.13193100690841675 0.9140869975090027
vt 0.13692300021648407 0.8976420164108276
vt 0.13193100690841675 0.9140869975090027
vt 0.13193100690841675 0.8976420164108276
vt 0.13692300021648407 0.8976420164108276
vt 0.13193100690841675 0.9140869975090027
vt 0.1276790052652359 0.9140859842300415
vt 0.13193100690841675 0.8976420164108276
vt 0.1276790052652359 0.9140859842300415
vt 0.1276790052652359 0.8976399898529053
vt 0.13193100690841675 0.8976420164108276
vt 0.1276790052652359 0.9140859842300415
vt 0.1225999966263771 0.9140830039978027
vt 0.1276790052652359 0.8976399898529053
vt 0.1225999966263771 0.9140830039978027
vt 0.1225999966263771 0.8976370096206665
vt 0.1276790052652359 0.8976399898529053
vt 0.1225999966263771 0.9140830039978027
vt 0.11823499947786331 0.9140949845314026
vt 0.11823499947786331 0.8976489901542664
vt 0.1225999966263771 0.9140830039978027
vt 0.11823499947786331 0.8976489901542664
vt 0.1225999966263771 0.8976370096206665
vt 0.37128499150276184 0.9141110181808472
vt 0.36497101187705994 0.914106011390686
vt 0.37128499150276184 0.8976479768753052
vt 0.36497101187705994 0.914106011390686
vt 0.36497199535369873 0.8976420164108276
vt 0.37128499150276184 0.8976479768753052
vt 0.36497101187705994 0.914106011390686
vt 0.3579710125923157 0.9141029715538025
vt 0.36497199535369873 0.8976420164108276
vt 0.3579710125923157 0.9141029715538025
vt 0.35797199606895447 0.8976389765739441
vt 0.36497199535369873 0.8976420164108276
vt 0.3579710125923157 0.9141029715538025
vt 0.34992700815200806 0.9140849709510803
vt 0.35797199606895447 0.8976389765739441
vt 0.34992700815200806 0.9140849709510803
vt 0.34992700815200806 0.8976219892501831
vt 0.35797199606895447 0.8976389765739441
vt 0.34992700815200806 0.9140849709510803
vt 0.3412419855594635 0.9140909910202026
vt 0.3412419855594635 0.8976269960403442
vt 0.34992700815200806 0.9140849709510803
vt 0.3412419855594635 0.8976269960403442
vt 0.34992700815200806 0.8976219892501831
vt 0.3412419855594635 0.9140909910202026
vt 0.3328630030155182 0.9140899777412415
vt 0.3412419855594635 0.8976269960403442
vt 0.3328630030155182 0.9140899777412415
vt 0.3328630030155182 0.8976269960403442
vt 0.3412419855594635 0.8976269960403442
vt 0.3328630030155182 0.9140899777412415
vt 0.324629008769989 0.9141029715538025
vt 0.324629008769989 0.8976410031318665
vt 0.3328630030155182 0.9140899777412415
vt 0.324629008769989 0.8976410031318665
vt 0.3328630030155182 0.8976269960403442
vt 0.324629008769989 0.9141029715538025
vt 0.31600698828697205 0.9140869975090027
vt 0.324629008769989 0.8976410031318665
vt 0.31600698828697205 0.9140869975090027
vt 0.31600698828697205 0.8976250290870667
vt 0.324629008769989 0.8976410031318665
vt 0.31600698828697205 0.9140869975090027
vt 0.30846500396728516 0.9141610264778137
vt 0.308463990688324 0.8976989984512329
vt 0.31600698828697205 0.9140869975090027
vt 0.308463990688324 0.8976989984512329
vt 0.31600698828697205 0.8976250290870667
vt 0.30846500396728516 0.9141610264778137
vt 0.3001349866390228 0.9142060279846191
vt 0.30013400316238403 0.8977450132369995
vt 0.30846500396728516 0.9141610264778137
vt 0.30013400316238403 0.8977450132369995
vt 0.308463990688324 0.8976989984512329
vt 0.3001349866390228 0.9142060279846191
vt 0.2923719882965088 0.9141640067100525
vt 0.30013400316238403 0.8977450132369995
vt 0.2923719882965088 0.9141640067100525
vt 0.29237100481987 0.897704005241394
vt 0.30013400316238403 0.8977450132369995
vt 0.2923719882965088 0.9141640067100525
vt 0.2824249863624573 0.9142060279846191
vt 0.2824249863624573 0.8977469801902771
vt 0.2923719882965088 0.9141640067100525
vt 0.2824249863624573 0.8977469801902771
vt 0.29237100481987 0.897704005241394
vt 0.2824249863624573 0.9142060279846191
vt 0.2709819972515106 0.9141669869422913
vt 0.2824249863624573 0.8977469801902771
vt 0.2709819972515106 0.9141669869422913
vt 0.2709810137748718 0.8977090120315552
vt 0.2824249863624573 0.8977469801902771
vt 0.2709819972515106 0.9141669869422913
vt 0.2597079873085022 0.914188027381897
vt 0.2597070038318634 0.8977310061454773
vt 0.2709819972515106 0.9141669869422913
vt 0.2597070038318634 0.8977310061454773
vt 0.2709810137748718 0.8977090120315552
vt 0.2597079873085022 0.914188027381897
vt 0.2461100071668625 0.9141790270805359
vt 0.2597070038318634 0.8977310061454773
vt 0.2461100071668625 0.9141790270805359
vt 0.2461089938879013 0.8977230191230774
vt 0.2597070038318634 0.8977310061454773
vt 0.2461100071668625 0.9141790270805359
vt 0.23166200518608093 0.9141470193862915
vt 0.2461089938879013 0.8977230191230774
vt 0.23166200518608093 0.9141470193862915
vt 0.23165999352931976 0.8976929783821106
vt 0.2461089938879013 0.8977230191230774
vt 0.9677280187606812 0.11050000041723251
vt 0.9660680294036865 0.12065000087022781
vt 0.9491829872131348 0.10897299647331238
vt 0.9660680294036865 0.12065000087022781
vt 0.9486470222473145 0.11734999716281891
vt 0.9491829872131348 0.10897299647331238
vt 0.9257739782333374 0.16628700494766235
vt 0.9170029759407043 0.1709579974412918
vt 0.9128929972648621 0.1559009999036789
vt 0.9257739782333374 0.16628700494766235
vt 0.9128929972648621 0.1559009999036789
vt 0.9216430187225342 0.15320800244808197
vt 0.919875979423523 0.019046999514102936
vt 0.911424994468689 0.03585999831557274
vt 0.8979880213737488 0.03041600063443184
vt 0.919875979423523 0.019046999514102936
vt 0.8979880213737488 0.03041600063443184
vt 0.9030900001525879 0.011490000411868095
vt 0.8903700113296509 0.008510000072419643
vt 0.8875430226325989 0.027372000738978386
vt 0.8749269843101501 0.026180999353528023
vt 0.8903700113296509 0.008510000072419643
vt 0.8749269843101501 0.026180999353528023
vt 0.8739740252494812 0.008574999868869781
vt 0.8903700113296509 0.008510000072419643
vt 0.9030900001525879 0.011490000411868095
vt 0.8875430226325989 0.027372000738978386
vt 0.9030900001525879 0.011490000411868095
vt 0.8979880213737488 0.03041600063443184
vt 0.8875430226325989 0.027372000738978386
vt 0.919875979423523 0.019046999514102936
vt 0.9364799857139587 0.03174399957060814
vt 0.911424994468689 0.03585999831557274
vt 0.9364799857139587 0.03174399957060814
vt 0.9243630170822144 0.045138999819755554
vt 0.911424994468689 0.03585999831557274
vt 0.9364799857139587 0.03174399957060814
vt 0.9500030279159546 0.04718700051307678
vt 0.9346550107002258 0.0571650005877018
vt 0.9364799857139587 0.03174399957060814
vt 0.9346550107002258 0.0571650005877018
vt 0.9243630170822144 0.045138999819755554
vt 0.9500030279159546 0.04718700051307678
vt 0.9586060047149658 0.06349200010299683
vt 0.9346550107002258 0.0571650005877018
vt 0.9586060047149658 0.06349200010299683
vt 0.9411190152168274 0.07050099968910217
vt 0.9346550107002258 0.0571650005877018
vt 0.9586060047149658 0.06349200010299683
vt 0.9643700122833252 0.0804779976606369
vt 0.9451429843902588 0.0851920023560524
vt 0.9586060047149658 0.06349200010299683
vt 0.9451429843902588 0.0851920023560524
vt 0.9411190152168274 0.07050099968910217
vt 0.9643700122833252 0.0804779976606369
vt 0.9672009944915771 0.09617999941110611
vt 0.9479920268058777 0.09825800359249115
vt 0.9643700122833252 0.0804779976606369
vt 0.9479920268058777 0.09825800359249115
vt 0.9451429843902588 0.0851920023560524
vt 0.9672009944915771 0.09617999941110611
vt 0.9677280187606812 0.11050000041723251
vt 0.9491829872131348 0.10897299647331238
vt 0.9672009944915771 0.09617999941110611
vt 0.9491829872131348 0.10897299647331238
vt 0.9479920268058777 0.09825800359249115
vt 0.9660680294036865 0.12065000087022781
vt 0.9620929956436157 0.1320289969444275
vt 0.9486470222473145 0.11734999716281891
vt 0.9620929956436157 0.1320289969444275
vt 0.9464920163154602 0.12611499428749084
vt 0.9486470222473145 0.11734999716281891
vt 0.9620929956436157 0.1320289969444275
vt 0.9575499892234802 0.14032599329948425
vt 0.943880021572113 0.13278000056743622
vt 0.9620929956436157 0.1320289969444275
vt 0.943880021572113 0.13278000056743622
vt 0.9464920163154602 0.12611499428749084
vt 0.9575499892234802 0.14032599329948425
vt 0.9517670273780823 0.1476989984512329
vt 0.940401017665863 0.13880200684070587
vt 0.9575499892234802 0.14032599329948425
vt 0.940401017665863 0.13880200684070587
vt 0.943880021572113 0.13278000056743622
vt 0.9517670273780823 0.1476989984512329
vt 0.9470270276069641 0.1523739993572235
vt 0.9371479749679565 0.1429930031299591
vt 0.9517670273780823 0.1476989984512329
vt 0.9371479749679565 0.1429930031299591
vt 0.940401017665863 0.13880200684070587
vt 0.9470270276069641 0.1523739993572235
vt 0.9410889744758606 0.15714100003242493
vt 0.9329919815063477 0.14711999893188477
vt 0.9470270276069641 0.1523739993572235
vt 0.9329919815063477 0.14711999893188477
vt 0.9371479749679565 0.1429930031299591
vt 0.9410889744758606 0.15714100003242493
vt 0.9362900257110596 0.16051800549030304
vt 0.929099977016449 0.1500360071659088
vt 0.9410889744758606 0.15714100003242493
vt 0.929099977016449 0.1500360071659088
vt 0.9329919815063477 0.14711999893188477
vt 0.9362900257110596 0.16051800549030304
vt 0.9307360053062439 0.1638460010290146
vt 0.9256330132484436 0.15206600725650787
vt 0.9362900257110596 0.16051800549030304
vt 0.9256330132484436 0.15206600725650787
vt 0.929099977016449 0.1500360071659088
vt 0.9307360053062439 0.1638460010290146
vt 0.9257739782333374 0.16628700494766235
vt 0.9216430187225342 0.15320800244808197
vt 0.9307360053062439 0.1638460010290146
vt 0.9216430187225342 0.15320800244808197
vt 0.9256330132484436 0.15206600725650787
vt 0.9170029759407043 0.1709579974412918
vt 0.9052670001983643 0.17484599351882935
vt 0.9025350213050842 0.1575070023536682
vt 0.9170029759407043 0.1709579974412918
vt 0.9025350213050842 0.1575070023536682
vt 0.9128929972648621 0.1559009999036789
vt 0.9052670001983643 0.17484599351882935
vt 0.8903509974479675 0.17715300619602203
vt 0.890404999256134 0.15829899907112122
vt 0.9052670001983643 0.17484599351882935
vt 0.890404999256134 0.15829899907112122
vt 0.9025350213050842 0.1575070023536682
vt 0.8903509974479675 0.17715300619602203
vt 0.8726059794425964 0.17558099329471588
vt 0.8767579793930054 0.1566449999809265
vt 0.8903509974479675 0.17715300619602203
vt 0.8767579793930054 0.1566449999809265
vt 0.890404999256134 0.15829899907112122
vt 0.8726059794425964 0.17558099329471588
vt 0.8540670275688171 0.16988100111484528
vt 0.8627640008926392 0.1521179974079132
vt 0.8726059794425964 0.17558099329471588
vt 0.8627640008926392 0.1521179974079132
vt 0.8767579793930054 0.1566449999809265
vt 0.8540670275688171 0.16988100111484528
vt 0.8376799821853638 0.16023099422454834
vt 0.8502870202064514 0.14451700448989868
vt 0.8540670275688171 0.16988100111484528
vt 0.8502870202064514 0.14451700448989868
vt 0.8627640008926392 0.1521179974079132
vt 0.8376799821853638 0.16023099422454834
vt 0.8240020275115967 0.1472029983997345
vt 0.8397690057754517 0.1343429982662201
vt 0.8376799821853638 0.16023099422454834
vt 0.8397690057754517 0.1343429982662201
vt 0.8502870202064514 0.14451700448989868
vt 0.8240020275115967 0.1472029983997345
vt 0.8132849931716919 0.13068699836730957
vt 0.8315770030021667 0.12168999761343002
vt 0.8240020275115967 0.1472029983997345
vt 0.8315770030021667 0.12168999761343002
vt 0.8397690057754517 0.1343429982662201
vt 0.8132849931716919 0.13068699836730957
vt 0.8072429895401001 0.11441300064325333
vt 0.8315770030021667 0.12168999761343002
vt 0.8072429895401001 0.11441300064325333
vt 0.8265569806098938 0.10857100039720535
vt 0.8315770030021667 0.12168999761343002
vt 0.8072429895401001 0.11441300064325333
vt 0.804498016834259 0.0963750034570694
vt 0.8265569806098938 0.10857100039720535
vt 0.804498016834259 0.0963750034570694
vt 0.823764979839325 0.09395600110292435
vt 0.8265569806098938 0.10857100039720535
vt 0.804498016834259 0.0963750034570694
vt 0.804498016834259 0.08002199977636337
vt 0.8222259879112244 0.08076799660921097
vt 0.804498016834259 0.0963750034570694
vt 0.8222259879112244 0.08076799660921097
vt 0.823764979839325 0.09395600110292435
vt 0.804498016834259 0.08002199977636337
vt 0.8086950182914734 0.06202099844813347
vt 0.8222259879112244 0.08076799660921097
vt 0.8086950182914734 0.06202099844813347
vt 0.8242989778518677 0.06644199788570404
vt 0.8222259879112244 0.08076799660921097
vt 0.8086950182914734 0.06202099844813347
vt 0.817421019077301 0.04435599967837334
vt 0.8242989778518677 0.06644199788570404
vt 0.817421019077301 0.04435599967837334
vt 0.8305709958076477 0.05234000086784363
vt 0.8242989778518677 0.06644199788570404
vt 0.817421019077301 0.04435599967837334
vt 0.8293820023536682 0.029696999117732048
vt 0.8305709958076477 0.05234000086784363
vt 0.8293820023536682 0.029696999117732048
vt 0.8400059938430786 0.04063599929213524
vt 0.8305709958076477 0.05234000086784363
vt 0.8293820023536682 0.029696999117732048
vt 0.8485479950904846 0.016728000715374947
vt 0.8400059938430786 0.04063599929213524
vt 0.8485479950904846 0.016728000715374947
vt 0.8554700016975403 0.030866999179124832
vt 0.8400059938430786 0.04063599929213524
vt 0.8485479950904846 0.016728000715374947
vt 0.8739740252494812 0.008574999868869781
vt 0.8554700016975403 0.030866999179124832
vt 0.8739740252494812 0.008574999868869781
vt 0.8749269843101501 0.026180999353528023
vt 0.8554700016975403 0.030866999179124832
vt 0.5671160221099854 0.4114390015602112
vt 0.5730890035629272 0.41141998767852783
vt 0.5730879902839661 0.42539000511169434
vt 0.5671160221099854 0.4114390015602112
vt 0.5730879902839661 0.42539000511169434
vt 0.5671150088310242 0.4254089891910553
vt 0.6216689944267273 0.4112899899482727
vt 0.6292309761047363 0.4112280011177063
vt 0.62922602891922 0.4252009987831116
vt 0.6216689944267273 0.4112899899482727
vt 0.62922602891922 0.4252009987831116
vt 0.6216639876365662 0.4252620041370392
vt 0.5038269758224487 0.41078299283981323
vt 0.5038269758224487 0.42475399374961853
vt 0.49348899722099304 0.42462098598480225
vt 0.5038269758224487 0.41078299283981323
vt 0.49348899722099304 0.42462098598480225
vt 0.49348899722099304 0.41065099835395813
vt 0.4864569902420044 0.4105289876461029
vt 0.4864569902420044 0.4244999885559082
vt 0.4770660102367401 0.42440399527549744
vt 0.4864569902420044 0.4105289876461029
vt 0.4770660102367401 0.42440399527549744
vt 0.4770660102367401 0.41043299436569214
vt 0.4864569902420044 0.4105289876461029
vt 0.49348899722099304 0.41065099835395813
vt 0.4864569902420044 0.4244999885559082
vt 0.49348899722099304 0.41065099835395813
vt 0.49348899722099304 0.42462098598480225
vt 0.4864569902420044 0.4244999885559082
vt 0.5038269758224487 0.41078299283981323
vt 0.516431987285614 0.41089001297950745
vt 0.5038269758224487 0.42475399374961853
vt 0.516431987285614 0.41089001297950745
vt 0.516431987285614 0.42486101388931274
vt 0.5038269758224487 0.42475399374961853
vt 0.516431987285614 0.41089001297950745
vt 0.5289009809494019 0.41107800602912903
vt 0.516431987285614 0.42486101388931274
vt 0.5289009809494019 0.41107800602912903
vt 0.5289009809494019 0.4250490069389343
vt 0.516431987285614 0.42486101388931274
vt 0.5289009809494019 0.41107800602912903
vt 0.5396220088005066 0.4111819863319397
vt 0.5289009809494019 0.4250490069389343
vt 0.5396220088005066 0.4111819863319397
vt 0.5396220088005066 0.4251520037651062
vt 0.5289009809494019 0.4250490069389343
vt 0.5396220088005066 0.4111819863319397
vt 0.5500360131263733 0.4113349914550781
vt 0.5396220088005066 0.4251520037651062
vt 0.5500360131263733 0.4113349914550781
vt 0.5500360131263733 0.42530500888824463
vt 0.5396220088005066 0.4251520037651062
vt 0.5500360131263733 0.4113349914550781
vt 0.5589470267295837 0.4113500118255615
vt 0.5500360131263733 0.42530500888824463
vt 0.5589470267295837 0.4113500118255615
vt 0.5589460134506226 0.42531999945640564
vt 0.5500360131263733 0.42530500888824463
vt 0.5589470267295837 0.4113500118255615
vt 0.5671160221099854 0.4114390015602112
vt 0.5589460134506226 0.42531999945640564
vt 0.5671160221099854 0.4114390015602112
vt 0.5671150088310242 0.4254089891910553
vt 0.5589460134506226 0.42531999945640564
vt 0.5730890035629272 0.41141998767852783
vt 0.5804399847984314 0.4114759862422943
vt 0.5730879902839661 0.42539000511169434
vt 0.5804399847984314 0.4114759862422943
vt 0.5804380178451538 0.4254469871520996
vt 0.5730879902839661 0.42539000511169434
vt 0.5804399847984314 0.4114759862422943
vt 0.5864250063896179 0.4114939868450165
vt 0.5804380178451538 0.4254469871520996
vt 0.5864250063896179 0.4114939868450165
vt 0.5864229798316956 0.4254649877548218
vt 0.5804380178451538 0.4254469871520996
vt 0.5864250063896179 0.4114939868450165
vt 0.5928540229797363 0.41147100925445557
vt 0.592851996421814 0.42544201016426086
vt 0.5864250063896179 0.4114939868450165
vt 0.592851996421814 0.42544201016426086
vt 0.5864229798316956 0.4254649877548218
vt 0.5928540229797363 0.41147100925445557
vt 0.5978379845619202 0.4114600121974945
vt 0.5978350043296814 0.4254310131072998
vt 0.5928540229797363 0.41147100925445557
vt 0.5978350043296814 0.4254310131072998
vt 0.592851996421814 0.42544201016426086
vt 0.5978379845619202 0.4114600121974945
vt 0.6042050123214722 0.41142600774765015
vt 0.6042010188102722 0.42539700865745544
vt 0.5978379845619202 0.4114600121974945
vt 0.6042010188102722 0.42539700865745544
vt 0.5978350043296814 0.4254310131072998
vt 0.6042050123214722 0.41142600774765015
vt 0.6096259951591492 0.41138699650764465
vt 0.6096220016479492 0.42535901069641113
vt 0.6042050123214722 0.41142600774765015
vt 0.6096220016479492 0.42535901069641113
vt 0.6042010188102722 0.42539700865745544
vt 0.6096259951591492 0.41138699650764465
vt 0.6161029934883118 0.4113300144672394
vt 0.6160989999771118 0.42530199885368347
vt 0.6096259951591492 0.41138699650764465
vt 0.6160989999771118 0.42530199885368347
vt 0.6096220016479492 0.42535901069641113
vt 0.6161029934883118 0.4113300144672394
vt 0.6216689944267273 0.4112899899482727
vt 0.6216639876365662 0.4252620041370392
vt 0.6161029934883118 0.4113300144672394
vt 0.6216639876365662 0.4252620041370392
vt 0.6160989999771118 0.42530199885368347
vt 0.6292309761047363 0.4112280011177063
vt 0.6372740268707275 0.4111199975013733
vt 0.6372680068016052 0.42509299516677856
vt 0.6292309761047363 0.4112280011177063
vt 0.6372680068016052 0.42509299516677856
vt 0.62922602891922 0.4252009987831116
vt 0.6372740268707275 0.4111199975013733
vt 0.6461899876594543 0.4109959900379181
vt 0.6461840271949768 0.42496898770332336
vt 0.6372740268707275 0.4111199975013733
vt 0.6461840271949768 0.42496898770332336
vt 0.6372680068016052 0.42509299516677856
vt 0.6461899876594543 0.4109959900379181
vt 0.6564369797706604 0.4108229875564575
vt 0.6564310193061829 0.424796998500824
vt 0.6461899876594543 0.4109959900379181
vt 0.6564310193061829 0.424796998500824
vt 0.6461840271949768 0.42496898770332336
vt 0.6564369797706604 0.4108229875564575
vt 0.6675000190734863 0.41066500544548035
vt 0.667493999004364 0.4246389865875244
vt 0.6564369797706604 0.4108229875564575
vt 0.667493999004364 0.4246389865875244
vt 0.6564310193061829 0.424796998500824
vt 0.6675000190734863 0.41066500544548035
vt 0.6781730055809021 0.4105049967765808
vt 0.678167998790741 0.42447999119758606
vt 0.6675000190734863 0.41066500544548035
vt 0.678167998790741 0.42447999119758606
vt 0.667493999004364 0.4246389865875244
vt 0.6781730055809021 0.4105049967765808
vt 0.6886640191078186 0.41037601232528687
vt 0.6886579990386963 0.4243510067462921
vt 0.6781730055809021 0.4105049967765808
vt 0.6886579990386963 0.4243510067462921
vt 0.678167998790741 0.42447999119758606
vt 0.6886640191078186 0.41037601232528687
vt 0.6996480226516724 0.4102180004119873
vt 0.69964200258255 0.42419299483299255
vt 0.6886640191078186 0.41037601232528687
vt 0.69964200258255 0.42419299483299255
vt 0.6886579990386963 0.4243510067462921
vt 0.6996480226516724 0.4102180004119873
vt 0.7092589735984802 0.4102109968662262
vt 0.7092540264129639 0.42418599128723145
vt 0.6996480226516724 0.4102180004119873
vt 0.7092540264129639 0.42418599128723145
vt 0.69964200258255 0.42419299483299255
vt 0.7092589735984802 0.4102109968662262
vt 0.7198749780654907 0.4101809859275818
vt 0.7198690176010132 0.4241569936275482
vt 0.7092589735984802 0.4102109968662262
vt 0.7198690176010132 0.4241569936275482
vt 0.7092540264129639 0.42418599128723145
vt 0.7198749780654907 0.4101809859275818
vt 0.7297679781913757 0.41006800532341003
vt 0.7297620177268982 0.42404499650001526
vt 0.7198749780654907 0.4101809859275818
vt 0.7297620177268982 0.42404499650001526
vt 0.7198690176010132 0.4241569936275482
vt 0.7297679781913757 0.41006800532341003
vt 0.7424449920654297 0.41008898615837097
vt 0.7297620177268982 0.42404499650001526
vt 0.7424449920654297 0.41008898615837097
vt 0.7424389719963074 0.4240660071372986
vt 0.7297620177268982 0.42404499650001526
vt 0.7424449920654297 0.41008898615837097
vt 0.7570310235023499 0.41005799174308777
vt 0.7570250034332275 0.4240350127220154
vt 0.7424449920654297 0.41008898615837097
vt 0.7570250034332275 0.4240350127220154
vt 0.7424389719963074 0.4240660071372986
vt 0.7570310235023499 0.41005799174308777
vt 0.7714020013809204 0.41016098856925964
vt 0.7570250034332275 0.4240350127220154
vt 0.7714020013809204 0.41016098856925964
vt 0.7713959813117981 0.42413800954818726
vt 0.7570250034332275 0.4240350127220154
vt 0.7714020013809204 0.41016098856925964
vt 0.7887359857559204 0.41031700372695923
vt 0.7713959813117981 0.42413800954818726
vt 0.7887359857559204 0.41031700372695923
vt 0.7887300252914429 0.42429399490356445
vt 0.7713959813117981 0.42413800954818726
vt 0.45865398645401 0.4102410078048706
vt 0.4770660102367401 0.41043299436569214
vt 0.45865398645401 0.4242109954357147
vt 0.4770660102367401 0.41043299436569214
vt 0.4770660102367401 0.42440399527549744
vt 0.45865398645401 0.4242109954357147
vt 0.7869420051574707 0.2950829863548279
vt 0.698943018913269 0.25798100233078003
vt 0.7022240161895752 0.2480430006980896
vt 0.7869420051574707 0.2950829863548279
vt 0.7022240161895752 0.2480430006980896
vt 0.8008059859275818 0.2783670127391815
vt 0.5713350176811218 0.3770099878311157
vt 0.6322730183601379 0.2799389958381653
vt 0.5983530282974243 0.372078001499176
vt 0.6322730183601379 0.2799389958381653
vt 0.6444609761238098 0.28155601024627686
vt 0.5983530282974243 0.372078001499176
vt 0.7875919938087463 0.10053300112485886
vt 0.7024229764938354 0.14705799520015717
vt 0.7656360268592834 0.0710119977593422
vt 0.7024229764938354 0.14705799520015717
vt 0.6917870044708252 0.13331399857997894
vt 0.7656360268592834 0.0710119977593422
vt 0.6681529879570007 0.1132500022649765
vt 0.6997529864311218 0.02204200066626072
vt 0.7341309785842896 0.041460998356342316
vt 0.6681529879570007 0.1132500022649765
vt 0.7341309785842896 0.041460998356342316
vt 0.6811299920082092 0.12243100255727768
vt 0.7341309785842896 0.041460998356342316
vt 0.7656360268592834 0.0710119977593422
vt 0.6811299920082092 0.12243100255727768
vt 0.7656360268592834 0.0710119977593422
vt 0.6917870044708252 0.13331399857997894
vt 0.6811299920082092 0.12243100255727768
vt 0.7875919938087463 0.10053300112485886
vt 0.8032209873199463 0.13511699438095093
vt 0.7104679942131042 0.16463400423526764
vt 0.7875919938087463 0.10053300112485886
vt 0.7104679942131042 0.16463400423526764
vt 0.7024229764938354 0.14705799520015717
vt 0.8032209873199463 0.13511699438095093
vt 0.8106549978256226 0.1712619960308075
vt 0.7104679942131042 0.16463400423526764
vt 0.8106549978256226 0.1712619960308075
vt 0.7145419716835022 0.18372100591659546
vt 0.7104679942131042 0.16463400423526764
vt 0.8106549978256226 0.1712619960308075
vt 0.8106549978256226 0.20639699697494507
vt 0.7145419716835022 0.18372100591659546
vt 0.8106549978256226 0.20639699697494507
vt 0.7138890027999878 0.20197400450706482
vt 0.7145419716835022 0.18372100591659546
vt 0.8106549978256226 0.20639699697494507
vt 0.8062450289726257 0.2338770031929016
vt 0.7138890027999878 0.20197400450706482
vt 0.8062450289726257 0.2338770031929016
vt 0.7105410099029541 0.21991199254989624
vt 0.7138890027999878 0.20197400450706482
vt 0.8062450289726257 0.2338770031929016
vt 0.8007599711418152 0.255281001329422
vt 0.7105410099029541 0.21991199254989624
vt 0.8007599711418152 0.255281001329422
vt 0.7055659890174866 0.23600800335407257
vt 0.7105410099029541 0.21991199254989624
vt 0.8007599711418152 0.255281001329422
vt 0.8008059859275818 0.2783670127391815
vt 0.7022240161895752 0.2480430006980896
vt 0.8007599711418152 0.255281001329422
vt 0.7022240161895752 0.2480430006980896
vt 0.7055659890174866 0.23600800335407257
vt 0.7869420051574707 0.2950829863548279
vt 0.7734339833259583 0.3099510073661804
vt 0.698943018913269 0.25798100233078003
vt 0.7734339833259583 0.3099510073661804
vt 0.6935279965400696 0.26660600304603577
vt 0.698943018913269 0.25798100233078003
vt 0.7734339833259583 0.3099510073661804
vt 0.7549480199813843 0.32886600494384766
vt 0.6935279965400696 0.26660600304603577
vt 0.7549480199813843 0.32886600494384766
vt 0.6879730224609375 0.2735480070114136
vt 0.6935279965400696 0.26660600304603577
vt 0.7549480199813843 0.32886600494384766
vt 0.7363669872283936 0.34522300958633423
vt 0.6879730224609375 0.2735480070114136
vt 0.7363669872283936 0.34522300958633423
vt 0.6812260150909424 0.278997004032135
vt 0.6879730224609375 0.2735480070114136
vt 0.7363669872283936 0.34522300958633423
vt 0.7114080190658569 0.35902100801467896
vt 0.6812260150909424 0.278997004032135
vt 0.7114080190658569 0.35902100801467896
vt 0.6746219992637634 0.28268301486968994
vt 0.6812260150909424 0.278997004032135
vt 0.7114080190658569 0.35902100801467896
vt 0.6887000203132629 0.36751800775527954
vt 0.6746219992637634 0.28268301486968994
vt 0.6887000203132629 0.36751800775527954
vt 0.6666470170021057 0.284961998462677
vt 0.6746219992637634 0.28268301486968994
vt 0.6887000203132629 0.36751800775527954
vt 0.6611310243606567 0.3740769922733307
vt 0.6587139964103699 0.28574100136756897
vt 0.6887000203132629 0.36751800775527954
vt 0.6587139964103699 0.28574100136756897
vt 0.6666470170021057 0.284961998462677
vt 0.6611310243606567 0.3740769922733307
vt 0.6305800080299377 0.3728170096874237
vt 0.6530709862709045 0.2854839861392975
vt 0.6611310243606567 0.3740769922733307
vt 0.6530709862709045 0.2854839861392975
vt 0.6587139964103699 0.28574100136756897
vt 0.6305800080299377 0.3728170096874237
vt 0.5983530282974243 0.372078001499176
vt 0.6444609761238098 0.28155601024627686
vt 0.6305800080299377 0.3728170096874237
vt 0.6444609761238098 0.28155601024627686
vt 0.6530709862709045 0.2854839861392975
vt 0.5713350176811218 0.3770099878311157
vt 0.5505610108375549 0.3517409861087799
vt 0.6322730183601379 0.2799389958381653
vt 0.5505610108375549 0.3517409861087799
vt 0.6178609728813171 0.2746489942073822
vt 0.6322730183601379 0.2799389958381653
vt 0.5505610108375549 0.3517409861087799
vt 0.52497398853302 0.3286759853363037
vt 0.6040300130844116 0.2679600119590759
vt 0.5505610108375549 0.3517409861087799
vt 0.6040300130844116 0.2679600119590759
vt 0.6178609728813171 0.2746489942073822
vt 0.52497398853302 0.3286759853363037
vt 0.4987809956073761 0.2997489869594574
vt 0.5907800197601318 0.2578530013561249
vt 0.52497398853302 0.3286759853363037
vt 0.5907800197601318 0.2578530013561249
vt 0.6040300130844116 0.2679600119590759
vt 0.4987809956073761 0.2997489869594574
vt 0.48123499751091003 0.2702380120754242
vt 0.5788390040397644 0.24479800462722778
vt 0.4987809956073761 0.2997489869594574
vt 0.5788390040397644 0.24479800462722778
vt 0.5907800197601318 0.2578530013561249
vt 0.48123499751091003 0.2702380120754242
vt 0.46990200877189636 0.2395620048046112
vt 0.5699440240859985 0.22958000004291534
vt 0.48123499751091003 0.2702380120754242
vt 0.5699440240859985 0.22958000004291534
vt 0.5788390040397644 0.24479800462722778
vt 0.46990200877189636 0.2395620048046112
vt 0.46481001377105713 0.20634399354457855
vt 0.5643119812011719 0.21279500424861908
vt 0.46990200877189636 0.2395620048046112
vt 0.5643119812011719 0.21279500424861908
vt 0.5699440240859985 0.22958000004291534
vt 0.46481001377105713 0.20634399354457855
vt 0.465380996465683 0.1621129959821701
vt 0.5622820258140564 0.19460800290107727
vt 0.46481001377105713 0.20634399354457855
vt 0.5622820258140564 0.19460800290107727
vt 0.5643119812011719 0.21279500424861908
vt 0.465380996465683 0.1621129959821701
vt 0.47147101163864136 0.13750499486923218
vt 0.5639299750328064 0.17728100717067719
vt 0.465380996465683 0.1621129959821701
vt 0.5639299750328064 0.17728100717067719
vt 0.5622820258140564 0.19460800290107727
vt 0.47147101163864136 0.13750499486923218
vt 0.48399099707603455 0.10689999908208847
vt 0.5686079859733582 0.1594190001487732
vt 0.47147101163864136 0.13750499486923218
vt 0.5686079859733582 0.1594190001487732
vt 0.5639299750328064 0.17728100717067719
vt 0.48399099707603455 0.10689999908208847
vt 0.4990769922733307 0.08002699911594391
vt 0.5734350085258484 0.1431650072336197
vt 0.48399099707603455 0.10689999908208847
vt 0.5734350085258484 0.1431650072336197
vt 0.5686079859733582 0.1594190001487732
vt 0.4990769922733307 0.08002699911594391
vt 0.5239199995994568 0.051902998238801956
vt 0.583433985710144 0.1272830069065094
vt 0.4990769922733307 0.08002699911594391
vt 0.583433985710144 0.1272830069065094
vt 0.5734350085258484 0.1431650072336197
vt 0.5239199995994568 0.051902998238801956
vt 0.5584440231323242 0.0286640003323555
vt 0.5995519757270813 0.11379899829626083
vt 0.5239199995994568 0.051902998238801956
vt 0.5995519757270813 0.11379899829626083
vt 0.583433985710144 0.1272830069065094
vt 0.5584440231323242 0.0286640003323555
vt 0.5956289768218994 0.014592000283300877
vt 0.6183760166168213 0.10563299804925919
vt 0.5584440231323242 0.0286640003323555
vt 0.6183760166168213 0.10563299804925919
vt 0.5995519757270813 0.11379899829626083
vt 0.5956289768218994 0.014592000283300877
vt 0.646170973777771 0.01056199986487627
vt 0.6183760166168213 0.10563299804925919
vt 0.646170973777771 0.01056199986487627
vt 0.6431499719619751 0.10473000258207321
vt 0.6183760166168213 0.10563299804925919
vt 0.646170973777771 0.01056199986487627
vt 0.6997529864311218 0.02204200066626072
vt 0.6431499719619751 0.10473000258207321
vt 0.6997529864311218 0.02204200066626072
vt 0.6681529879570007 0.1132500022649765
vt 0.6431499719619751 0.10473000258207321
vn -0.9999811887374528 0.00610000059522267 -0.000641999976077553
vn -1 0 0
vn -1 0 0
vn -0.9999811887374528 0.00610000059522267 -0.000641999976077553
vn -0.9999702554046754 0.007126001668680096 0.0029510008685112187
vn -1 0 0
vn -0.9997262489656938 0.020413006066176357 -0.011433998090155066
vn -0.9999728886725576 0.0068029990086145836 0.0028180000619825243
vn -0.9987873911756986 0.0286940056408463 -0.0400050155446143
vn -0.9999522134287376 0.008446000578978579 0.004923000425358224
vn -0.9999728886725576 0.0068029990086145836 0.0028180000619825243
vn -0.9997262489656938 0.020413006066176357 -0.011433998090155066
vn -0.9999972628860457 0.0013859998837950768 0.0018849999307393277
vn -0.9999947286475107 0.0013389998364406112 0.0029579987541314004
vn -0.9999988964370409 0.0007099999288761249 0.0013049999237907523
vn -0.9999978450352909 0.001969999963850236 0.0006549999365688231
vn -0.9999972628860457 0.0013859998837950768 0.0018849999307393277
vn -0.9999988964370409 0.0007099999288761249 0.0013049999237907523
vn -0.9999984429231842 0.00035799996625659916 0.0017280009349427473
vn -0.9999978450352909 0.001969999963850236 0.0006549999365688231
vn -0.9999988964370409 0.0007099999288761249 0.0013049999237907523
vn -0.9999968599169222 0.0012109999751239767 0.002193999853224277
vn -0.9999984429231842 0.00035799996625659916 0.0017280009349427473
vn -0.9999988964370409 0.0007099999288761249 0.0013049999237907523
vn -0.9999989051353873 0.00038799997730408156 0.0014280000154826902
vn -0.9999968599169222 0.0012109999751239767 0.002193999853224277
vn -0.9999988964370409 0.0007099999288761249 0.0013049999237907523
vn -0.9999968773105568 0.00023499999405709193 0.002488000027736375
vn -0.9999989051353873 0.00038799997730408156 0.0014280000154826902
vn -0.9999988964370409 0.0007099999288761249 0.0013049999237907523
vn -0.9999706849712635 0.007152997963422134 0.002731998945283349
vn -0.9999968773105568 0.00023499999405709193 0.002488000027736375
vn -0.9999988964370409 0.0007099999288761249 0.0013049999237907523
vn -0.9999935467416128 0.0034779987463878525 0.0008999999165343561
vn -0.9999706849712635 0.007152997963422134 0.002731998945283349
vn -0.9999988964370409 0.0007099999288761249 0.0013049999237907523
vn -0.9999999900595006 -0.0001409999954002279 0
vn -0.9999935467416128 0.0034779987463878525 0.0008999999165343561
vn -0.9999988964370409 0.0007099999288761249 0.0013049999237907523
vn -0.9999996510993879 0.0007800000554223209 0.00029900002706598954
vn -0.9999999900595006 -0.0001409999954002279 0
vn -0.9999988964370409 0.0007099999288761249 0.0013049999237907523
vn -0.9999999109580068 0.0004219999743191297 0
vn -0.9999996510993879 0.0007800000554223209 0.00029900002706598954
vn -0.9999988964370409 0.0007099999288761249 0.0013049999237907523
vn -0.9999996241829185 0.00015500000796073355 -0.0008530000112321995
vn -0.9999999109580068 0.0004219999743191297 0
vn -0.9999988964370409 0.0007099999288761249 0.0013049999237907523
vn -0.9999990685751388 -0.00023199999711430726 -0.0013449999467024872
vn -0.9999996241829185 0.00015500000796073355 -0.0008530000112321995
vn -0.9999988964370409 0.0007099999288761249 0.0013049999237907523
vn -0.9999998369795111 0 -0.0005709999572849488
vn -0.9999990685751388 -0.00023199999711430726 -0.0013449999467024872
vn -0.9999988964370409 0.0007099999288761249 0.0013049999237907523
vn -0.9999995712439005 -0.0003059999982023159 0.0008740000093222426
vn -0.9999998369795111 0 -0.0005709999572849488
vn -0.9999988964370409 0.0007099999288761249 0.0013049999237907523
vn -0.9999993772708192 0 0.0011160008843782764
vn -0.9999961135279298 -0.0005799999855652053 0.00272700000960798
vn -0.9999988964370409 0.0007099999288761249 0.0013049999237907523
vn -0.9999998079315096 0.0006039999567418207 -0.00013899998599733692
vn -0.9999993772708192 0 0.0011160008843782764
vn -0.9999988964370409 0.0007099999288761249 0.0013049999237907523
vn -0.9999998838379912 0.0004820000045719563 0
vn -0.9999998079315096 0.0006039999567418207 -0.00013899998599733692
vn -0.9999988964370409 0.0007099999288761249 0.0013049999237907523
vn -0.9999997377750286 -0.00011499999295955266 0.0007149999132037339
vn -0.9999998838379912 0.0004820000045719563 0
vn -0.9999988964370409 0.0007099999288761249 0.0013049999237907523
vn -0.9999998434910028 0.00037299997411785013 0.0004169999873722355
vn -0.9999997377750286 -0.00011499999295955266 0.0007149999132037339
vn -0.9999988964370409 0.0007099999288761249 0.0013049999237907523
vn -0.9999993318107306 -0.0006630000155476947 0.0009470000377472448
vn -0.9999998434910028 0.00037299997411785013 0.0004169999873722355
vn -0.9999988964370409 0.0007099999288761249 0.0013049999237907523
vn -0.9999858145220222 -0.004251998597588327 0.003207999790234118
vn -0.9999993318107306 -0.0006630000155476947 0.0009470000377472448
vn -0.9999988964370409 0.0007099999288761249 0.0013049999237907523
vn -0.9999982308301469 -0.00010699999549556876 0.0018780009523588666
vn -0.9999858145220222 -0.004251998597588327 0.003207999790234118
vn -0.9999988964370409 0.0007099999288761249 0.0013049999237907523
vn -0.9999981739534727 0.0007469999553590613 0.0017589999394529716
vn -0.9999994151059154 -0.00011899998377122925 0.0010750008516690636
vn -0.9999988964370409 0.0007099999288761249 0.0013049999237907523
vn -0.9999996409718878 0.00015000001585528195 0.0008340000543949223
vn -0.9999981739534727 0.0007469999553590613 0.0017589999394529716
vn -0.9999988964370409 0.0007099999288761249 0.0013049999237907523
vn -0.9999978378458598 -0.0015799999200544375 0.0013519999475058906
vn -0.9999996409718878 0.00015000001585528195 0.0008340000543949223
vn -0.9999988964370409 0.0007099999288761249 0.0013049999237907523
vn -0.999999096783129 -0.00020700000269981093 0.001327999971766705
vn -0.9999978378458598 -0.0015799999200544375 0.0013519999475058906
vn -0.9999988964370409 0.0007099999288761249 0.0013049999237907523
vn -0.9999951517045902 0.0010290000145785744 0.0029390008988584115
vn -0.999999096783129 -0.00020700000269981093 0.001327999971766705
vn -0.9999988964370409 0.0007099999288761249 0.0013049999237907523
vn -0.9999887294393525 0.0027389991188060403 0.0038779992388534757
vn -0.9999951517045902 0.0010290000145785744 0.0029390008988584115
vn -0.9999988964370409 0.0007099999288761249 0.0013049999237907523
vn -0.9999986489184841 0.0006900000289904288 0.001491999050379384
vn -0.9999996170374262 0.0007529999969603516 0.0004460000062002788
vn -0.9999988964370409 0.0007099999288761249 0.0013049999237907523
vn -0.9999986489184841 0.0006900000289904288 0.001491999050379384
vn -0.9999988964370409 0.0007099999288761249 0.0013049999237907523
vn -0.9999947286475107 0.0013389998364406112 0.0029579987541314004
vn -0.9999887294393525 0.0027389991188060403 0.0038779992388534757
vn -0.9999988964370409 0.0007099999288761249 0.0013049999237907523
vn -0.9999996170374262 0.0007529999969603516 0.0004460000062002788
vn -0.9999961135279298 -0.0005799999855652053 0.00272700000960798
vn -0.9999995712439005 -0.0003059999982023159 0.0008740000093222426
vn -0.9999988964370409 0.0007099999288761249 0.0013049999237907523
vn -0.9999994151059154 -0.00011899998377122925 0.0010750008516690636
vn -0.9999982308301469 -0.00010699999549556876 0.0018780009523588666
vn -0.9999988964370409 0.0007099999288761249 0.0013049999237907523
vn 0.9998662361060846 -0.014887001156717128 -0.006774001152308454
vn 0.9998831890786192 -0.015281000391328261 0.0003150000165192856
vn 0.9999981033781292 0.0019249997807399494 0.0002959999807842054
vn 0.9998831890786192 -0.015281000391328261 0.0003150000165192856
vn 0.9998759308606063 -0.014482998826769088 -0.006193999565695299
vn 0.9999981033781292 0.0019249997807399494 0.0002959999807842054
vn 0.9998759308606063 -0.014482998826769088 -0.006193999565695299
vn 0.9998298891415357 -0.0101140001869431 -0.015424000111607538
vn 0.9999981033781292 0.0019249997807399494 0.0002959999807842054
vn 0.9998298891415357 -0.0101140001869431 -0.015424000111607538
vn 0.9998688483540601 -0.009568999677259238 -0.013065999246212219
vn 0.9999981033781292 0.0019249997807399494 0.0002959999807842054
vn 0.9998688483540601 -0.009568999677259238 -0.013065999246212219
vn 0.9998253055793115 -0.014289998705323118 -0.012047998183855123
vn 0.9999981033781292 0.0019249997807399494 0.0002959999807842054
vn 0.9998253055793115 -0.014289998705323118 -0.012047998183855123
vn 0.9998942877164996 -0.007519002305600257 -0.012444998844620893
vn 0.9999981033781292 0.0019249997807399494 0.0002959999807842054
vn 0.9998942877164996 -0.007519002305600257 -0.012444998844620893
vn 0.999840581040375 0.003931999064419848 -0.017416999977114118
vn 0.9999981033781292 0.0019249997807399494 0.0002959999807842054
vn 0.999840581040375 0.003931999064419848 -0.017416999977114118
vn 0.9998944035575581 0.001298000911139554 -0.014474008702146853
vn 0.9999981033781292 0.0019249997807399494 0.0002959999807842054
vn 0.9998944035575581 0.001298000911139554 -0.014474008702146853
vn 0.9998524844946349 0.006284003183642342 -0.015985010287569806
vn 0.9999981033781292 0.0019249997807399494 0.0002959999807842054
vn 0.9998524844946349 0.006284003183642342 -0.015985010287569806
vn 0.9998638215104553 0.007897998339157974 -0.014489998507355278
vn 0.9999981033781292 0.0019249997807399494 0.0002959999807842054
vn 0.9998638215104553 0.007897998339157974 -0.014489998507355278
vn 0.9998497002088499 0.009609998426059172 -0.014430000780451495
vn 0.9999981033781292 0.0019249997807399494 0.0002959999807842054
vn 0.9998497002088499 0.009609998426059172 -0.014430000780451495
vn 0.999850942771901 0.017028999669286983 -0.0028469998953241996
vn 0.9999981033781292 0.0019249997807399494 0.0002959999807842054
vn 0.999850942771901 0.017028999669286983 -0.0028469998953241996
vn 0.9997114215795182 0.022878007721938987 0.007326003421630048
vn 0.9999981033781292 0.0019249997807399494 0.0002959999807842054
vn 0.9997114215795182 0.022878007721938987 0.007326003421630048
vn 0.9995558180624533 0.027408998465004795 0.011700999130197457
vn 0.9999981033781292 0.0019249997807399494 0.0002959999807842054
vn 0.9995558180624533 0.027408998465004795 0.011700999130197457
vn 0.9994298452821205 0.03325299797905602 -0.005849998697558966
vn 0.9999981033781292 0.0019249997807399494 0.0002959999807842054
vn 0.9995121719274956 0.026139006007653853 -0.017092996627632397
vn 0.9999981033781292 0.0019249997807399494 0.0002959999807842054
vn 0.9994298452821205 0.03325299797905602 -0.005849998697558966
vn 0.999894133433935 0.0006070000544843711 0.014538001077663301
vn 0.9999981033781292 0.0019249997807399494 0.0002959999807842054
vn 0.9998937428391531 0.004220998670028269 0.013952999725406475
vn 0.999894133433935 0.0006070000544843711 0.014538001077663301
vn 0.9998748156907241 -0.0008809999491446127 0.015797999447090802
vn 0.9999981033781292 0.0019249997807399494 0.0002959999807842054
vn 0.9998748156907241 -0.0008809999491446127 0.015797999447090802
vn 0.9998914907451788 -0.0036019979869904278 0.014283989144691216
vn 0.9999981033781292 0.0019249997807399494 0.0002959999807842054
vn 0.9998914907451788 -0.0036019979869904278 0.014283989144691216
vn 0.9998076538084607 0.0034489988086772744 0.019306988196993755
vn 0.9999981033781292 0.0019249997807399494 0.0002959999807842054
vn 0.9998076538084607 0.0034489988086772744 0.019306988196993755
vn 0.9997847670319912 0.001530999924070564 0.020689989125652546
vn 0.9999981033781292 0.0019249997807399494 0.0002959999807842054
vn 0.9997847670319912 0.001530999924070564 0.020689989125652546
vn 0.9998745176094868 -0.007692996293016338 0.013847990584623385
vn 0.9999981033781292 0.0019249997807399494 0.0002959999807842054
vn 0.9998745176094868 -0.007692996293016338 0.013847990584623385
vn 0.9999791110853684 -0.0060420010328795515 0.0022960000947768685
vn 0.9999981033781292 0.0019249997807399494 0.0002959999807842054
vn 0.9998823865123072 -0.015250008391496645 0.0016280007715790826
vn 0.9998538752602621 -0.01655999887706909 -0.004242000026840745
vn 0.9999981033781292 0.0019249997807399494 0.0002959999807842054
vn 0.9998662361060846 -0.014887001156717128 -0.006774001152308454
vn 0.9999981033781292 0.0019249997807399494 0.0002959999807842054
vn 0.9998538752602621 -0.01655999887706909 -0.004242000026840745
vn 0.9998823865123072 -0.015250008391496645 0.0016280007715790826
vn 0.9999981033781292 0.0019249997807399494 0.0002959999807842054
vn 0.9999791110853684 -0.0060420010328795515 0.0022960000947768685
vn 0.9997093956783983 0.023269008583054446 -0.00629900245222074
vn 0.9999981033781292 0.0019249997807399494 0.0002959999807842054
vn 0.9995121719274956 0.026139006007653853 -0.017092996627632397
vn 0.9998937428391531 0.004220998670028269 0.013952999725406475
vn 0.9999981033781292 0.0019249997807399494 0.0002959999807842054
vn 0.9998969339044335 0.005474999633376985 0.0132719986259573
vn 0.9998969339044335 0.005474999633376985 0.0132719986259573
vn 0.9999981033781292 0.0019249997807399494 0.0002959999807842054
vn 0.9998369950371144 0.010816998570055358 0.014455998654148192
vn 0.9998369950371144 0.010816998570055358 0.014455998654148192
vn 0.9999981033781292 0.0019249997807399494 0.0002959999807842054
vn 0.9998497293976376 0.008378998814815143 0.01517600086755478
vn 0.9998497293976376 0.008378998814815143 0.01517600086755478
vn 0.9999981033781292 0.0019249997807399494 0.0002959999807842054
vn 0.9997992668222543 0.013065999725669283 0.015188999731774152
vn 0.9998122734624527 0.017892000903486725 0.007436002791248142
vn 0.9999981033781292 0.0019249997807399494 0.0002959999807842054
vn 0.9997093956783983 0.023269008583054446 -0.00629900245222074
vn 0.9997992668222543 0.013065999725669283 0.015188999731774152
vn 0.9999981033781292 0.0019249997807399494 0.0002959999807842054
vn 0.9998122734624527 0.017892000903486725 0.007436002791248142
vn 0.31754497163182066 -0.7043618598981859 0.6348539684936328
vn 0.4190751014238945 -0.36715111119781485 0.8304072018671095
vn 0.5475749967741221 -0.5411369798846899 0.6382259724494898
vn -0.04425000026295783 -0.42067199940446376 -0.9061329959745309
vn -0.06636797985225437 -0.4367799094181308 -0.8971168273859431
vn -0.04808799740712365 -0.4632099691791726 -0.8849429749754515
vn -0.04808799740712365 -0.4632099691791726 -0.8849429749754515
vn -0.059053982001654924 -0.5362029451591646 -0.8420208007005446
vn -0.019783998616980585 -0.522775083091822 -0.8522410491739189
vn -0.059053982001654924 -0.5362029451591646 -0.8420208007005446
vn -0.06407398298202258 -0.6301148704722154 -0.7738538458356349
vn -0.029914996461369015 -0.6027689583966462 -0.7973547991829851
vn -0.06407398298202258 -0.6301148704722154 -0.7738538458356349
vn -0.08347397920976342 -0.7132916387116217 -0.6958786768819529
vn -0.08532197449731455 -0.7627377816722423 -0.6410547847708389
vn -0.052145998561990654 -0.9608269863004232 -0.27219900299380073
vn -0.05367700903269048 -0.8931561334301968 -0.44653208173358055
vn -0.18922097213155864 -0.8859189883707362 -0.42348904324640935
vn -0.21964199981026963 0.7203900263929138 -0.6578720253916887
vn -0.6217507127662428 0.6386626962663389 -0.4533607962456382
vn -0.30769107762637293 0.7170691628672382 -0.6254102784684623
vn 0.4099461762698535 0.40238815879780915 -0.818552321004
vn 0.12962998508729767 0.3423268715088319 -0.9305957124386737
vn 0.3032070079772793 0.39796709744820347 -0.8658450783264394
vn 0.3032070079772793 0.39796709744820347 -0.8658450783264394
vn 0.15288699639102277 0.2877979775922598 -0.9454088482917518
vn 0.3047949959457278 0.480098990961956 -0.8225600095578166
vn -0.42864807580251113 0.4418770573043443 -0.7880390176500512
vn -0.34165107801879857 0.5929390201086961 -0.7291761510918552
vn -0.5905470192685237 0.5394149964479134 -0.6002380191558674
vn -0.3021828914446 0.41386288456274856 -0.8587217319362437
vn -0.1577139166440496 0.35746693275346453 -0.920512744335799
vn -0.4079718865742298 0.40285688420816984 -0.8193077996767447
vn -0.242456896469121 0.4115399094671072 -0.8785496891299701
vn -0.10141008596885118 0.2883611564756522 -0.9521364597051281
vn -0.3021828914446 0.41386288456274856 -0.8587217319362437
vn -0.13574299482713226 0.3836799514127198 -0.9134350191662756
vn -0.07819497514560636 0.2591829225412478 -0.9626576538546585
vn -0.242456896469121 0.4115399094671072 -0.8785496891299701
vn -0.7604417587882666 0.27395700640957293 -0.5887918903399681
vn -0.8073821770792178 0.43235507968492404 -0.40150106501162036
vn -0.9572326791604594 0.1697118966140707 -0.23431489516235224
vn 0.9655642848176743 0.10206498163665124 -0.23930806799613574
vn 0.8652423543955372 0.31000608777202243 -0.39402016915933746
vn 0.8178494587292864 0.13560708393257645 -0.5592253406664583
vn 0.9973839421832646 -0.07164399571227185 0.009612999186016807
vn 0.9655642848176743 0.10206498163665124 -0.23930806799613574
vn 0.9520694950465847 -0.0690760401436801 -0.2979801625608829
vn 0.9573606290179861 -0.21252590501129998 0.19568690734286168
vn 0.951380971167311 -0.3072219904499605 0.022110999179329807
vn 0.9063941107350945 -0.41930207217946563 0.05133700702946831
vn 0.6586089556548794 -0.25125499897099446 0.7092990688160211
vn 0.7105510073601803 -0.528537976669677 0.46450497646134764
vn 0.5475749967741221 -0.5411369798846899 0.6382259724494898
vn -0.6230688922894227 -0.6305417645865741 0.4628198770291541
vn -0.7506061536938117 -0.5632640527731798 0.34543307440156124
vn -0.727878212120374 -0.440671085821921 0.5253592127687275
vn -0.9996831503133027 -0.024389002273607806 -0.006227001507027867
vn -0.9993908006653887 -0.034886990431593816 -0.0009620000099784542
vn -0.9809835774186754 0.19400989267610172 -0.00560199773874452
vn 0.8114139593002385 -0.5795659704129608 0.07556899226530846
vn 0.7694370024825952 -0.6383269920938932 0.022479999443092716
vn 0.7813778794675055 -0.5981488578162109 0.17795098586977992
vn 0.898266614970633 -0.4394497587076934 -0.0009989999752481147
vn 0.8627289466512716 -0.5055569617767014 0.010531999292545691
vn 0.8433422497750733 -0.5370121847541051 0.019793008107430777
vn -0.0001779999947201391 -0.0006389999498982552 0.9999997799975088
vn 0.0002039999983827801 -0.0004200000009504047 0.9999998909919939
vn 0.00010499998915544474 -0.0007329999236017279 0.9999997258430195
vn -0.000352000002139582 -0.0008449999717329526 0.9999995810354355
vn 0.0002039999983827801 -0.0004200000009504047 0.9999998909919939
vn -0.0001779999947201391 -0.0006389999498982552 0.9999997799975088
vn -0.0005000000247039401 -0.0007619999829336033 0.9999995846779145
vn 0.0002039999983827801 -0.0004200000009504047 0.9999998909919939
vn -0.000352000002139582 -0.0008449999717329526 0.9999995810354355
vn 0 -0.0003509999735129983 0.9999999383995075
vn 0.0002039999983827801 -0.0004200000009504047 0.9999998909919939
vn -0.0005000000247039401 -0.0007619999829336033 0.9999995846779145
vn 0 0.0001789999922466126 0.9999999839795013
vn 0.0002039999983827801 -0.0004200000009504047 0.9999998909919939
vn 0 -0.0003509999735129983 0.9999999383995075
vn 0.00015599998701951038 -0.0002699999764143899 0.9999999513820071
vn 0.0002039999983827801 -0.0004200000009504047 0.9999998909919939
vn 0 0.0001789999922466126 0.9999999839795013
vn -0.0007549999811658643 0.004147999891281965 0.999991111996467
vn 0.0002039999983827801 -0.0004200000009504047 0.9999998909919939
vn 0.00015599998701951038 -0.0002699999764143899 0.9999999513820071
vn 0.0022100007662065164 -0.00030299997654544176 0.999997512040719
vn 0.0002039999983827801 -0.0004200000009504047 0.9999998909919939
vn -0.0007549999811658643 0.004147999891281965 0.999991111996467
vn 0.00435099988842049 -0.009322000780023591 0.9999470831506178
vn 0.0002039999983827801 -0.0004200000009504047 0.9999998909919939
vn 0.0022100007662065164 -0.00030299997654544176 0.999997512040719
vn -0.0031480006560015016 0.0023739997167836913 0.999992227078398
vn 0.0002039999983827801 -0.0004200000009504047 0.9999998909919939
vn 0.00435099988842049 -0.009322000780023591 0.9999470831506178
vn -0.004901999840190321 0.005504998582283379 0.9999728323250465
vn 0.0002039999983827801 -0.0004200000009504047 0.9999998909919939
vn -0.0031480006560015016 0.0023739997167836913 0.999992227078398
vn 0.006485000322486651 -0.002750000551072253 0.9999751908261456
vn 0.0002039999983827801 -0.0004200000009504047 0.9999998909919939
vn -0.004901999840190321 0.005504998582283379 0.9999728323250465
vn 0.008021001723993625 -0.005407000905317042 0.9999532128417578
vn 0.0002039999983827801 -0.0004200000009504047 0.9999998909919939
vn 0.006485000322486651 -0.002750000551072253 0.9999751908261456
vn -0.0049940016082872 -0.0006619999021539171 0.9999873107715248
vn 0.0002039999983827801 -0.0004200000009504047 0.9999998909919939
vn 0.008021001723993625 -0.005407000905317042 0.9999532128417578
vn -0.0026490008139084145 0.0005789999271374904 0.9999963237701288
vn 0.0002039999983827801 -0.0004200000009504047 0.9999998909919939
vn -0.0049940016082872 -0.0006619999021539171 0.9999873107715248
vn 0.006294000936536442 0.00043300001128071975 0.9999800988335724
vn 0.0002039999983827801 -0.0004200000009504047 0.9999998909919939
vn -0.0026490008139084145 0.0005789999271374904 0.9999963237701288
vn -0.004137998041221022 -0.0044499980931649785 0.9999815370741509
vn 0.0002039999983827801 -0.0004200000009504047 0.9999998909919939
vn 0.006294000936536442 0.00043300001128071975 0.9999800988335724
vn -0.007821003318340167 -0.0034550018338939583 0.9999634467666417
vn 0.0002039999983827801 -0.0004200000009504047 0.9999998909919939
vn -0.004137998041221022 -0.0044499980931649785 0.9999815370741509
vn 0.0028240002652559558 0.002784000190924057 0.9999921371518071
vn 0.0002039999983827801 -0.0004200000009504047 0.9999998909919939
vn -0.007821003318340167 -0.0034550018338939583 0.9999634467666417
vn 0.0026179997023884367 0.007570999535984508 0.9999679125069887
vn 0.0002039999983827801 -0.0004200000009504047 0.9999998909919939
vn -0.0008109999638910129 0.0031329987831980243 0.9999947632851299
vn 0.0011820009758207067 -0.00014000000470418739 0.9999992916365952
vn 0.0002039999983827801 -0.0004200000009504047 0.9999998909919939
vn 0.0026179997023884367 0.007570999535984508 0.9999679125069887
vn 0.0011999999159165214 -0.0009699998796456327 0.9999988095495089
vn 0.0002039999983827801 -0.0004200000009504047 0.9999998909919939
vn 0.0011820009758207067 -0.00014000000470418739 0.9999992916365952
vn 0.00135199997410654 -0.0015289999149199522 0.9999979171254959
vn 0.0002039999983827801 -0.0004200000009504047 0.9999998909919939
vn 0.0011999999159165214 -0.0009699998796456327 0.9999988095495089
vn 0.0015040000235980867 -0.0019300000021071349 0.99999700653748
vn 0.0002039999983827801 -0.0004200000009504047 0.9999998909919939
vn 0.00135199997410654 -0.0015289999149199522 0.9999979171254959
vn 0.0013040000589718377 -0.0017059999844837796 0.9999976945712922
vn 0.0002039999983827801 -0.0004200000009504047 0.9999998909919939
vn 0.0015040000235980867 -0.0019300000021071349 0.99999700653748
vn 0.0006919999325198338 -0.00108899996404262 0.9999991676072395
vn 0.0002039999983827801 -0.0004200000009504047 0.9999998909919939
vn 0.0013040000589718377 -0.0017059999844837796 0.9999976945712922
vn 0 -0.0006049999697623303 0.9999998169875017
vn 0.0002039999983827801 -0.0004200000009504047 0.9999998909919939
vn 0.0006919999325198338 -0.00108899996404262 0.9999991676072395
vn 0.00030699998904078327 -0.0006289999748916791 0.9999997550549891
vn 0.0002039999983827801 -0.0004200000009504047 0.9999998909919939
vn 0 -0.0006049999697623303 0.9999998169875017
vn 0.00010499998915544474 -0.0007329999236017279 0.9999997258430195
vn 0.0002039999983827801 -0.0004200000009504047 0.9999998909919939
vn 0.00030699998904078327 -0.0006289999748916791 0.9999997550549891
vn -0.0008109999638910129 0.0031329987831980243 0.9999947632851299
vn 0.0002039999983827801 -0.0004200000009504047 0.9999998909919939
vn -0.00260500061354361 -0.003528001459531495 0.9999903835425143
vn -0.00260500061354361 -0.003528001459531495 0.9999903835425143
vn 0.0002039999983827801 -0.0004200000009504047 0.9999998909919939
vn 0.0028240002652559558 0.002784000190924057 0.9999921371518071
vn 0.08204899959284886 0.9966210407448447 0.0038030001939816263
vn 0.0988820172678699 0.9950991642349202 0
vn 0.3185460824277993 0.9479073759444546 0
vn 0.08204899959284886 0.9966210407448447 0.0038030001939816263
vn 0.3185460824277993 0.9479073759444546 0
vn 0.36690421930328626 0.9302574311732914 0.0015510010687600714
vn 0.36690421930328626 0.9302574311732914 0.0015510010687600714
vn 0.3185460824277993 0.9479073759444546 0
vn 0.5594583532517967 0.8288584625717396 0
vn 0.36690421930328626 0.9302574311732914 0.0015510010687600714
vn 0.5594583532517967 0.8288584625717396 0
vn 0.590540367406717 0.8070045140011459 -0.002406001852505987
vn 0.590540367406717 0.8070045140011459 -0.002406001852505987
vn 0.5594583532517967 0.8288584625717396 0
vn 0.7300039373551686 0.6834429394221228 0
vn 0.590540367406717 0.8070045140011459 -0.002406001852505987
vn 0.7300039373551686 0.6834429394221228 0
vn 0.7548557209085395 0.6558897147048552 -0.0012340000132699325
vn 0.7548557209085395 0.6558897147048552 -0.0012340000132699325
vn 0.7300039373551686 0.6834429394221228 0
vn 0.8518639929871386 0.5237630546840893 0
vn 0.7548557209085395 0.6558897147048552 -0.0012340000132699325
vn 0.8518639929871386 0.5237630546840893 0
vn 0.8735550379224126 0.48672504408181827 -0.0005719999336794503
vn 0.8735550379224126 0.48672504408181827 -0.0005719999336794503
vn 0.8518639929871386 0.5237630546840893 0
vn 0.9353676511690417 0.3536769106776834 0
vn 0.8735550379224126 0.48672504408181827 -0.0005719999336794503
vn 0.9353676511690417 0.3536769106776834 0
vn 0.9468846579562477 0.3215609185013186 -0.0028319992352426448
vn 0.9468846579562477 0.3215609185013186 -0.0028319992352426448
vn 0.9353676511690417 0.3536769106776834 0
vn 0.9808922039979974 0.19455200882013748 0
vn 0.9468846579562477 0.3215609185013186 -0.0028319992352426448
vn 0.9808922039979974 0.19455200882013748 0
vn 0.9863796362686332 0.16434299166933777 -0.006825997636306787
vn 0.9863796362686332 0.16434299166933777 -0.006825997636306787
vn 0.9808922039979974 0.19455200882013748 0
vn 0.9996508251986005 0.026423998178878062 0
vn 0.9863796362686332 0.16434299166933777 -0.006825997636306787
vn 0.9996508251986005 0.026423998178878062 0
vn 0.9999728665279918 -0.0065349986835021795 -0.00339999999965542
vn 0.9999728665279918 -0.0065349986835021795 -0.00339999999965542
vn 0.9996508251986005 0.026423998178878062 0
vn 0.986657935714067 -0.16280699583388866 0
vn 0.9999728665279918 -0.0065349986835021795 -0.00339999999965542
vn 0.986657935714067 -0.16280699583388866 0
vn 0.9890305928328502 -0.14760587719587212 -0.005566997210176002
vn 0.9890305928328502 -0.14760587719587212 -0.005566997210176002
vn 0.986657935714067 -0.16280699583388866 0
vn 0.9495041583707972 -0.31361303492380527 -0.009419000076678143
vn 0.986657935714067 -0.16280699583388866 0
vn 0.9340621119699246 -0.35706007749313035 0.006006000573063489
vn 0.9495041583707972 -0.31361303492380527 -0.009419000076678143
vn 0.9495041583707972 -0.31361303492380527 -0.009419000076678143
vn 0.9340621119699246 -0.35706007749313035 0.006006000573063489
vn 0.898266614970633 -0.4394497587076934 -0.0009989999752481147
vn 0.9340621119699246 -0.35706007749313035 0.006006000573063489
vn 0.8627289466512716 -0.5055569617767014 0.010531999292545691
vn 0.898266614970633 -0.4394497587076934 -0.0009989999752481147
vn 0.8433422497750733 -0.5370121847541051 0.019793008107430777
vn 0.8627289466512716 -0.5055569617767014 0.010531999292545691
vn 0.7694370024825952 -0.6383269920938932 0.022479999443092716
vn 0.8433422497750733 -0.5370121847541051 0.019793008107430777
vn 0.7694370024825952 -0.6383269920938932 0.022479999443092716
vn 0.8114139593002385 -0.5795659704129608 0.07556899226530846
vn 0.7813778794675055 -0.5981488578162109 0.17795098586977992
vn 0.7694370024825952 -0.6383269920938932 0.022479999443092716
vn 0.6687637459989292 -0.7344077052907808 0.11575998638134628
vn 0.7813778794675055 -0.5981488578162109 0.17795098586977992
vn 0.6687637459989292 -0.7344077052907808 0.11575998638134628
vn 0.6946871113327127 -0.6643639642894237 0.2757359974719521
vn 0.6946871113327127 -0.6643639642894237 0.2757359974719521
vn 0.6687637459989292 -0.7344077052907808 0.11575998638134628
vn 0.5614838654568638 -0.7283008588138352 0.3928278603697154
vn 0.6687637459989292 -0.7344077052907808 0.11575998638134628
vn 0.48509181069924356 -0.8450856896155005 0.2247578973020159
vn 0.5614838654568638 -0.7283008588138352 0.3928278603697154
vn 0.5614838654568638 -0.7283008588138352 0.3928278603697154
vn 0.48509181069924356 -0.8450856896155005 0.2247578973020159
vn 0.3217240674352591 -0.8689131208353271 0.3761430750035481
vn 0.48509181069924356 -0.8450856896155005 0.2247578973020159
vn 0.3571079701596026 -0.9067300474142128 0.22430898057079215
vn 0.3217240674352591 -0.8689131208353271 0.3761430750035481
vn 0.3217240674352591 -0.8689131208353271 0.3761430750035481
vn 0.3571079701596026 -0.9067300474142128 0.22430898057079215
vn 0.21551687971609074 -0.956801644411431 0.1951488862612897
vn 0.3217240674352591 -0.8689131208353271 0.3761430750035481
vn 0.21551687971609074 -0.956801644411431 0.1951488862612897
vn 0.1986338970270213 -0.911908698568957 0.359119897006738
vn 0.1986338970270213 -0.911908698568957 0.359119897006738
vn 0.21551687971609074 -0.956801644411431 0.1951488862612897
vn 0.0359319785002932 -0.9257805975842869 0.37634980810083507
vn 0.21551687971609074 -0.956801644411431 0.1951488862612897
vn -0.00028499999672099217 -0.9854017224300046 0.17024501228224603
vn 0.0359319785002932 -0.9257805975842869 0.37634980810083507
vn 0.0359319785002932 -0.9257805975842869 0.37634980810083507
vn -0.00028499999672099217 -0.9854017224300046 0.17024501228224603
vn -0.1283950118715323 -0.9296216193359149 0.3454249061515111
vn -0.00028499999672099217 -0.9854017224300046 0.17024501228224603
vn -0.17039598416024063 -0.9704457207008659 0.1708809871092748
vn -0.1283950118715323 -0.9296216193359149 0.3454249061515111
vn -0.1283950118715323 -0.9296216193359149 0.3454249061515111
vn -0.17039598416024063 -0.9704457207008659 0.1708809871092748
vn -0.2889787749665868 -0.9042825972280263 0.3142678029473366
vn -0.17039598416024063 -0.9704457207008659 0.1708809871092748
vn -0.3301169871890009 -0.9319431184610268 0.15001599488852416
vn -0.2889787749665868 -0.9042825972280263 0.3142678029473366
vn -0.2889787749665868 -0.9042825972280263 0.3142678029473366
vn -0.3301169871890009 -0.9319431184610268 0.15001599488852416
vn -0.4660680023242194 -0.8258270073499633 0.3174749929378926
vn -0.3301169871890009 -0.9319431184610268 0.15001599488852416
vn -0.4415499755895903 -0.8878010886046691 0.12977999125133483
vn -0.4660680023242194 -0.8258270073499633 0.3174749929378926
vn -0.4660680023242194 -0.8258270073499633 0.3174749929378926
vn -0.4415499755895903 -0.8878010886046691 0.12977999125133483
vn -0.5695140649403654 -0.8173241768707981 0.08737802777342718
vn -0.4660680023242194 -0.8258270073499633 0.3174749929378926
vn -0.5695140649403654 -0.8173241768707981 0.08737802777342718
vn -0.6513267714520488 -0.7288808180716984 0.21096490190783523
vn -0.6513267714520488 -0.7288808180716984 0.21096490190783523
vn -0.5695140649403654 -0.8173241768707981 0.08737802777342718
vn -0.6889659389226037 -0.7246289456809109 0.015453999025058188
vn -0.6513267714520488 -0.7288808180716984 0.21096490190783523
vn -0.6889659389226037 -0.7246289456809109 0.015453999025058188
vn -0.7212672964455414 -0.6876273879797923 0.08331903971018824
vn -0.7212672964455414 -0.6876273879797923 0.08331903971018824
vn -0.6889659389226037 -0.7246289456809109 0.015453999025058188
vn -0.7774467867977067 -0.6288738091920927 -0.00970699799879406
vn -0.7212672964455414 -0.6876273879797923 0.08331903971018824
vn -0.7774467867977067 -0.6288738091920927 -0.00970699799879406
vn -0.8069607062576348 -0.5880287917110505 0.055104978677259164
vn -0.8069607062576348 -0.5880287917110505 0.055104978677259164
vn -0.7774467867977067 -0.6288738091920927 -0.00970699799879406
vn -0.8846740212168789 -0.46589699838130727 -0.01708400079739041
vn -0.8069607062576348 -0.5880287917110505 0.055104978677259164
vn -0.8846740212168789 -0.46589699838130727 -0.01708400079739041
vn -0.8843820121140344 -0.4667340497724298 0.0052709991613375164
vn -0.8843820121140344 -0.4667340497724298 0.0052709991613375164
vn -0.8846740212168789 -0.46589699838130727 -0.01708400079739041
vn -0.9550265552768258 -0.29624388390112855 -0.01279999872089228
vn -0.8846740212168789 -0.46589699838130727 -0.01708400079739041
vn -0.9592510900651237 -0.28186499610557736 -0.019734998841520957
vn -0.9550265552768258 -0.29624388390112855 -0.01279999872089228
vn -0.9550265552768258 -0.29624388390112855 -0.01279999872089228
vn -0.9592510900651237 -0.28186499610557736 -0.019734998841520957
vn -0.9944628644316771 -0.10474499608406473 -0.008490998863108645
vn -0.9550265552768258 -0.29624388390112855 -0.01279999872089228
vn -0.9944628644316771 -0.10474499608406473 -0.008490998863108645
vn -0.9979222260865281 -0.06441302136494008 -0.0014810000500831873
vn -0.9979222260865281 -0.06441302136494008 -0.0014810000500831873
vn -0.9944628644316771 -0.10474499608406473 -0.008490998863108645
vn -0.9858667972529804 0.16753000228357676 0.0005970000130449491
vn -0.9979222260865281 -0.06441302136494008 -0.0014810000500831873
vn -0.9858667972529804 0.16753000228357676 0.0005970000130449491
vn -0.9884253034519996 0.15162608434879687 0.004995001588973706
vn -0.9884253034519996 0.15162608434879687 0.004995001588973706
vn -0.9858667972529804 0.16753000228357676 0.0005970000130449491
vn -0.9240129450037363 0.38229197198716064 0.007274999635070045
vn -0.9858667972529804 0.16753000228357676 0.0005970000130449491
vn -0.8894559196318774 0.4570209700132052 0
vn -0.9240129450037363 0.38229197198716064 0.007274999635070045
vn -0.9240129450037363 0.38229197198716064 0.007274999635070045
vn -0.8894559196318774 0.4570209700132052 0
vn -0.7926034333084525 0.6097263832691128 0.003679001660842309
vn -0.8894559196318774 0.4570209700132052 0
vn -0.7305829485875812 0.6828239562530563 0
vn -0.7926034333084525 0.6097263832691128 0.003679001660842309
vn -0.7926034333084525 0.6097263832691128 0.003679001660842309
vn -0.7305829485875812 0.6828239562530563 0
vn -0.558044263647941 0.8297833045889739 0.006802002280921232
vn -0.7305829485875812 0.6828239562530563 0
vn -0.4618290099794292 0.8869689766510552 0
vn -0.558044263647941 0.8297833045889739 0.006802002280921232
vn -0.558044263647941 0.8297833045889739 0.006802002280921232
vn -0.4618290099794292 0.8869689766510552 0
vn -0.28624900809441334 0.9581431027908259 0.004827001070342924
vn -0.4618290099794292 0.8869689766510552 0
vn -0.1881600795016785 0.9821383733883541 0
vn -0.28624900809441334 0.9581431027908259 0.004827001070342924
vn -0.28624900809441334 0.9581431027908259 0.004827001070342924
vn -0.1881600795016785 0.9821383733883541 0
vn 0.08204899959284886 0.9966210407448447 0.0038030001939816263
vn -0.1881600795016785 0.9821383733883541 0
vn 0.0988820172678699 0.9950991642349202 0
vn 0.08204899959284886 0.9966210407448447 0.0038030001939816263
vn 0.951380971167311 -0.3072219904499605 0.022110999179329807
vn 0.9495041583707972 -0.31361303492380527 -0.009419000076678143
vn 0.9063941107350945 -0.41930207217946563 0.05133700702946831
vn 0.9495041583707972 -0.31361303492380527 -0.009419000076678143
vn 0.898266614970633 -0.4394497587076934 -0.0009989999752481147
vn 0.9063941107350945 -0.41930207217946563 0.05133700702946831
vn 0.9040976823888868 -0.40032390030637494 0.1494929949614207
vn 0.9063941107350945 -0.41930207217946563 0.05133700702946831
vn 0.8433422497750733 -0.5370121847541051 0.019793008107430777
vn 0.9063941107350945 -0.41930207217946563 0.05133700702946831
vn 0.898266614970633 -0.4394497587076934 -0.0009989999752481147
vn 0.8433422497750733 -0.5370121847541051 0.019793008107430777
vn 0.8816709286991233 -0.38360297059846904 0.2747819761826738
vn 0.9040976823888868 -0.40032390030637494 0.1494929949614207
vn 0.8114139593002385 -0.5795659704129608 0.07556899226530846
vn 0.9040976823888868 -0.40032390030637494 0.1494929949614207
vn 0.8433422497750733 -0.5370121847541051 0.019793008107430777
vn 0.8114139593002385 -0.5795659704129608 0.07556899226530846
vn 0.8816709286991233 -0.38360297059846904 0.2747819761826738
vn 0.8114139593002385 -0.5795659704129608 0.07556899226530846
vn 0.7813778794675055 -0.5981488578162109 0.17795098586977992
vn 0.8816709286991233 -0.38360297059846904 0.2747819761826738
vn 0.7813778794675055 -0.5981488578162109 0.17795098586977992
vn 0.8464038885329617 -0.3575760091152114 0.39463889212990655
vn 0.8464038885329617 -0.3575760091152114 0.39463889212990655
vn 0.7813778794675055 -0.5981488578162109 0.17795098586977992
vn 0.7105510073601803 -0.528537976669677 0.46450497646134764
vn 0.7813778794675055 -0.5981488578162109 0.17795098586977992
vn 0.6946871113327127 -0.6643639642894237 0.2757359974719521
vn 0.7105510073601803 -0.528537976669677 0.46450497646134764
vn 0.5475749967741221 -0.5411369798846899 0.6382259724494898
vn 0.7105510073601803 -0.528537976669677 0.46450497646134764
vn 0.5614838654568638 -0.7283008588138352 0.3928278603697154
vn 0.7105510073601803 -0.528537976669677 0.46450497646134764
vn 0.6946871113327127 -0.6643639642894237 0.2757359974719521
vn 0.5614838654568638 -0.7283008588138352 0.3928278603697154
vn 0.31754497163182066 -0.7043618598981859 0.6348539684936328
vn 0.5475749967741221 -0.5411369798846899 0.6382259724494898
vn 0.5614838654568638 -0.7283008588138352 0.3928278603697154
vn 0.31754497163182066 -0.7043618598981859 0.6348539684936328
vn 0.5614838654568638 -0.7283008588138352 0.3928278603697154
vn 0.3217240674352591 -0.8689131208353271 0.3761430750035481
vn 0.31754497163182066 -0.7043618598981859 0.6348539684936328
vn 0.3217240674352591 -0.8689131208353271 0.3761430750035481
vn 0.17085389673306656 -0.8265526832888863 0.5363017879133619
vn 0.3217240674352591 -0.8689131208353271 0.3761430750035481
vn 0.1986338970270213 -0.911908698568957 0.359119897006738
vn 0.17085389673306656 -0.8265526832888863 0.5363017879133619
vn 0.17085389673306656 -0.8265526832888863 0.5363017879133619
vn 0.1986338970270213 -0.911908698568957 0.359119897006738
vn 0.0359319785002932 -0.9257805975842869 0.37634980810083507
vn 0.17085389673306656 -0.8265526832888863 0.5363017879133619
vn 0.0359319785002932 -0.9257805975842869 0.37634980810083507
vn 0.01692600743044405 -0.8647303269169693 0.501951164937921
vn 0.01692600743044405 -0.8647303269169693 0.501951164937921
vn 0.0359319785002932 -0.9257805975842869 0.37634980810083507
vn -0.08680599177152355 -0.8612608903959708 0.5006939169461737
vn 0.0359319785002932 -0.9257805975842869 0.37634980810083507
vn -0.1283950118715323 -0.9296216193359149 0.3454249061515111
vn -0.08680599177152355 -0.8612608903959708 0.5006939169461737
vn -0.08680599177152355 -0.8612608903959708 0.5006939169461737
vn -0.1283950118715323 -0.9296216193359149 0.3454249061515111
vn -0.2863169568753331 -0.8180880171797235 0.49875304144696436
vn -0.1283950118715323 -0.9296216193359149 0.3454249061515111
vn -0.2889787749665868 -0.9042825972280263 0.3142678029473366
vn -0.2863169568753331 -0.8180880171797235 0.49875304144696436
vn -0.2863169568753331 -0.8180880171797235 0.49875304144696436
vn -0.2889787749665868 -0.9042825972280263 0.3142678029473366
vn -0.4660680023242194 -0.8258270073499633 0.3174749929378926
vn -0.2863169568753331 -0.8180880171797235 0.49875304144696436
vn -0.4660680023242194 -0.8258270073499633 0.3174749929378926
vn -0.4604968611315477 -0.744083754984451 0.48402686542818213
vn -0.4604968611315477 -0.744083754984451 0.48402686542818213
vn -0.4660680023242194 -0.8258270073499633 0.3174749929378926
vn -0.6230688922894227 -0.6305417645865741 0.4628198770291541
vn -0.4660680023242194 -0.8258270073499633 0.3174749929378926
vn -0.6513267714520488 -0.7288808180716984 0.21096490190783523
vn -0.6230688922894227 -0.6305417645865741 0.4628198770291541
vn -0.6230688922894227 -0.6305417645865741 0.4628198770291541
vn -0.6513267714520488 -0.7288808180716984 0.21096490190783523
vn -0.7506061536938117 -0.5632640527731798 0.34543307440156124
vn -0.6513267714520488 -0.7288808180716984 0.21096490190783523
vn -0.7212672964455414 -0.6876273879797923 0.08331903971018824
vn -0.7506061536938117 -0.5632640527731798 0.34543307440156124
vn -0.8662007658475556 -0.46555987891923717 0.18152198871159766
vn -0.7506061536938117 -0.5632640527731798 0.34543307440156124
vn -0.8069607062576348 -0.5880287917110505 0.055104978677259164
vn -0.7506061536938117 -0.5632640527731798 0.34543307440156124
vn -0.7212672964455414 -0.6876273879797923 0.08331903971018824
vn -0.8069607062576348 -0.5880287917110505 0.055104978677259164
vn -0.8662007658475556 -0.46555987891923717 0.18152198871159766
vn -0.8069607062576348 -0.5880287917110505 0.055104978677259164
vn -0.8843820121140344 -0.4667340497724298 0.0052709991613375164
vn -0.8662007658475556 -0.46555987891923717 0.18152198871159766
vn -0.8843820121140344 -0.4667340497724298 0.0052709991613375164
vn -0.909598106166909 -0.4152490793460613 0.01412399942725742
vn -0.964688425412687 -0.2633380741153581 0.005413002494458408
vn -0.909598106166909 -0.4152490793460613 0.01412399942725742
vn -0.9550265552768258 -0.29624388390112855 -0.01279999872089228
vn -0.909598106166909 -0.4152490793460613 0.01412399942725742
vn -0.8843820121140344 -0.4667340497724298 0.0052709991613375164
vn -0.9550265552768258 -0.29624388390112855 -0.01279999872089228
vn -0.964688425412687 -0.2633380741153581 0.005413002494458408
vn -0.9550265552768258 -0.29624388390112855 -0.01279999872089228
vn -0.9979222260865281 -0.06441302136494008 -0.0014810000500831873
vn -0.964688425412687 -0.2633380741153581 0.005413002494458408
vn -0.9979222260865281 -0.06441302136494008 -0.0014810000500831873
vn -0.9993908006653887 -0.034886990431593816 -0.0009620000099784542
vn -0.9809835774186754 0.19400989267610172 -0.00560199773874452
vn -0.9993908006653887 -0.034886990431593816 -0.0009620000099784542
vn -0.9884253034519996 0.15162608434879687 0.004995001588973706
vn -0.9993908006653887 -0.034886990431593816 -0.0009620000099784542
vn -0.9979222260865281 -0.06441302136494008 -0.0014810000500831873
vn -0.9884253034519996 0.15162608434879687 0.004995001588973706
vn -0.9809835774186754 0.19400989267610172 -0.00560199773874452
vn -0.9884253034519996 0.15162608434879687 0.004995001588973706
vn -0.9240129450037363 0.38229197198716064 0.007274999635070045
vn -0.9809835774186754 0.19400989267610172 -0.00560199773874452
vn -0.9240129450037363 0.38229197198716064 0.007274999635070045
vn -0.892274934903226 0.45148299056413593 -0.0029239997790938606
vn -0.892274934903226 0.45148299056413593 -0.0029239997790938606
vn -0.9240129450037363 0.38229197198716064 0.007274999635070045
vn -0.7926034333084525 0.6097263832691128 0.003679001660842309
vn -0.892274934903226 0.45148299056413593 -0.0029239997790938606
vn -0.7926034333084525 0.6097263832691128 0.003679001660842309
vn -0.7387781102035961 0.6739271297931424 -0.005397000350226009
vn -0.7387781102035961 0.6739271297931424 -0.005397000350226009
vn -0.7926034333084525 0.6097263832691128 0.003679001660842309
vn -0.558044263647941 0.8297833045889739 0.006802002280921232
vn -0.7387781102035961 0.6739271297931424 -0.005397000350226009
vn -0.558044263647941 0.8297833045889739 0.006802002280921232
vn -0.4871351727365211 0.8733172493620324 -0.0040380007049769
vn -0.4871351727365211 0.8733172493620324 -0.0040380007049769
vn -0.558044263647941 0.8297833045889739 0.006802002280921232
vn -0.28624900809441334 0.9581431027908259 0.004827001070342924
vn -0.4871351727365211 0.8733172493620324 -0.0040380007049769
vn -0.28624900809441334 0.9581431027908259 0.004827001070342924
vn -0.21633007380099134 0.9761064237362284 -0.020434008665169087
vn -0.21633007380099134 0.9761064237362284 -0.020434008665169087
vn -0.28624900809441334 0.9581431027908259 0.004827001070342924
vn 0.08204899959284886 0.9966210407448447 0.0038030001939816263
vn -0.21633007380099134 0.9761064237362284 -0.020434008665169087
vn 0.08204899959284886 0.9966210407448447 0.0038030001939816263
vn 0.10681798192385886 0.9942605787967843 -0.005984996942162947
vn 0.10681798192385886 0.9942605787967843 -0.005984996942162947
vn 0.08204899959284886 0.9966210407448447 0.0038030001939816263
vn 0.36690421930328626 0.9302574311732914 0.0015510010687600714
vn 0.10681798192385886 0.9942605787967843 -0.005984996942162947
vn 0.36690421930328626 0.9302574311732914 0.0015510010687600714
vn 0.36692101644207303 0.9302019104162531 -0.00966299907219747
vn 0.36692101644207303 0.9302019104162531 -0.00966299907219747
vn 0.36690421930328626 0.9302574311732914 0.0015510010687600714
vn 0.590540367406717 0.8070045140011459 -0.002406001852505987
vn 0.36692101644207303 0.9302019104162531 -0.00966299907219747
vn 0.590540367406717 0.8070045140011459 -0.002406001852505987
vn 0.5874831639469553 0.8091482244228039 -0.011944998631172593
vn 0.5874831639469553 0.8091482244228039 -0.011944998631172593
vn 0.590540367406717 0.8070045140011459 -0.002406001852505987
vn 0.7548557209085395 0.6558897147048552 -0.0012340000132699325
vn 0.5874831639469553 0.8091482244228039 -0.011944998631172593
vn 0.7548557209085395 0.6558897147048552 -0.0012340000132699325
vn 0.7514759034107803 0.6596569110797217 -0.011693000372527289
vn 0.7514759034107803 0.6596569110797217 -0.011693000372527289
vn 0.7548557209085395 0.6558897147048552 -0.0012340000132699325
vn 0.8735550379224126 0.48672504408181827 -0.0005719999336794503
vn 0.7514759034107803 0.6596569110797217 -0.011693000372527289
vn 0.8735550379224126 0.48672504408181827 -0.0005719999336794503
vn 0.8714839207837702 0.4903269105240768 -0.00976199934754068
vn 0.8714839207837702 0.4903269105240768 -0.00976199934754068
vn 0.8735550379224126 0.48672504408181827 -0.0005719999336794503
vn 0.9468846579562477 0.3215609185013186 -0.0028319992352426448
vn 0.8714839207837702 0.4903269105240768 -0.00976199934754068
vn 0.9468846579562477 0.3215609185013186 -0.0028319992352426448
vn 0.9470743786704959 0.320841161275527 -0.010538998873945308
vn 0.9470743786704959 0.320841161275527 -0.010538998873945308
vn 0.9468846579562477 0.3215609185013186 -0.0028319992352426448
vn 0.9863796362686332 0.16434299166933777 -0.006825997636306787
vn 0.9470743786704959 0.320841161275527 -0.010538998873945308
vn 0.9863796362686332 0.16434299166933777 -0.006825997636306787
vn 0.984664034794264 0.17443198610155852 -0.003196999741338913
vn 0.984664034794264 0.17443198610155852 -0.003196999741338913
vn 0.9863796362686332 0.16434299166933777 -0.006825997636306787
vn 0.9999728665279918 -0.0065349986835021795 -0.00339999999965542
vn 0.984664034794264 0.17443198610155852 -0.003196999741338913
vn 0.9999728665279918 -0.0065349986835021795 -0.00339999999965542
vn 0.9999964983298023 -0.0023250009747748162 -0.0012640010289507453
vn 0.9999964983298023 -0.0023250009747748162 -0.0012640010289507453
vn 0.9999728665279918 -0.0065349986835021795 -0.00339999999965542
vn 0.9890305928328502 -0.14760587719587212 -0.005566997210176002
vn 0.9999964983298023 -0.0023250009747748162 -0.0012640010289507453
vn 0.9890305928328502 -0.14760587719587212 -0.005566997210176002
vn 0.9861266667200519 -0.16588789803227266 -0.0059499974818464155
vn 0.9861266667200519 -0.16588789803227266 -0.0059499974818464155
vn 0.9890305928328502 -0.14760587719587212 -0.005566997210176002
vn 0.9495041583707972 -0.31361303492380527 -0.009419000076678143
vn 0.9861266667200519 -0.16588789803227266 -0.0059499974818464155
vn 0.9495041583707972 -0.31361303492380527 -0.009419000076678143
vn 0.951380971167311 -0.3072219904499605 0.022110999179329807
vn -0.974200047872012 -0.22541997927898333 0.0109589994083402
vn -0.964688425412687 -0.2633380741153581 0.005413002494458408
vn -0.9993908006653887 -0.034886990431593816 -0.0009620000099784542
vn -0.974200047872012 -0.22541997927898333 0.0109589994083402
vn -0.9993908006653887 -0.034886990431593816 -0.0009620000099784542
vn -0.9996831503133027 -0.024389002273607806 -0.006227001507027867
vn -0.8586806889192142 -0.3411542927532847 0.3824672835854458
vn -0.8662007658475556 -0.46555987891923717 0.18152198871159766
vn -0.9356539974765605 -0.31593299348639403 0.15728299537095106
vn -0.8662007658475556 -0.46555987891923717 0.18152198871159766
vn -0.909598106166909 -0.4152490793460613 0.01412399942725742
vn -0.9356539974765605 -0.31593299348639403 0.15728299537095106
vn -0.9356539974765605 -0.31593299348639403 0.15728299537095106
vn -0.909598106166909 -0.4152490793460613 0.01412399942725742
vn -0.964688425412687 -0.2633380741153581 0.005413002494458408
vn -0.9356539974765605 -0.31593299348639403 0.15728299537095106
vn -0.964688425412687 -0.2633380741153581 0.005413002494458408
vn -0.974200047872012 -0.22541997927898333 0.0109589994083402
vn -0.727878212120374 -0.440671085821921 0.5253592127687275
vn -0.7506061536938117 -0.5632640527731798 0.34543307440156124
vn -0.8586806889192142 -0.3411542927532847 0.3824672835854458
vn -0.7506061536938117 -0.5632640527731798 0.34543307440156124
vn -0.8662007658475556 -0.46555987891923717 0.18152198871159766
vn -0.8586806889192142 -0.3411542927532847 0.3824672835854458
vn 0.7553467554241781 -0.054383981125710544 0.6530648219488518
vn 0.8593517781954435 -0.04751298752304901 0.5091728953204047
vn 0.8464038885329617 -0.3575760091152114 0.39463889212990655
vn 0.8593517781954435 -0.04751298752304901 0.5091728953204047
vn 0.8816709286991233 -0.38360297059846904 0.2747819761826738
vn 0.8464038885329617 -0.3575760091152114 0.39463889212990655
vn 0.7553467554241781 -0.054383981125710544 0.6530648219488518
vn 0.8464038885329617 -0.3575760091152114 0.39463889212990655
vn 0.6586089556548794 -0.25125499897099446 0.7092990688160211
vn 0.8464038885329617 -0.3575760091152114 0.39463889212990655
vn 0.7105510073601803 -0.528537976669677 0.46450497646134764
vn 0.6586089556548794 -0.25125499897099446 0.7092990688160211
vn 0.9246531844430658 -0.0696260193047973 0.3743911135898739
vn 0.9573606290179861 -0.21252590501129998 0.19568690734286168
vn 0.9040976823888868 -0.40032390030637494 0.1494929949614207
vn 0.9573606290179861 -0.21252590501129998 0.19568690734286168
vn 0.9063941107350945 -0.41930207217946563 0.05133700702946831
vn 0.9040976823888868 -0.40032390030637494 0.1494929949614207
vn 0.9246531844430658 -0.0696260193047973 0.3743911135898739
vn 0.9040976823888868 -0.40032390030637494 0.1494929949614207
vn 0.8816709286991233 -0.38360297059846904 0.2747819761826738
vn 0.9246531844430658 -0.0696260193047973 0.3743911135898739
vn 0.8816709286991233 -0.38360297059846904 0.2747819761826738
vn 0.8593517781954435 -0.04751298752304901 0.5091728953204047
vn -0.8586806889192142 -0.3411542927532847 0.3824672835854458
vn -0.9356539974765605 -0.31593299348639403 0.15728299537095106
vn -0.9392651041629383 -0.19941800018152261 0.27930901400668545
vn -0.9356539974765605 -0.31593299348639403 0.15728299537095106
vn -0.9719651328937569 -0.21327201812396143 0.09898902325083378
vn -0.9392651041629383 -0.19941800018152261 0.27930901400668545
vn -0.9719651328937569 -0.21327201812396143 0.09898902325083378
vn -0.9356539974765605 -0.31593299348639403 0.15728299537095106
vn -0.974200047872012 -0.22541997927898333 0.0109589994083402
vn -0.9719651328937569 -0.21327201812396143 0.09898902325083378
vn -0.974200047872012 -0.22541997927898333 0.0109589994083402
vn -0.9889133930185071 -0.12507108288603763 -0.08004701952188797
vn -0.9889133930185071 -0.12507108288603763 -0.08004701952188797
vn -0.974200047872012 -0.22541997927898333 0.0109589994083402
vn -0.9996831503133027 -0.024389002273607806 -0.006227001507027867
vn -0.9889133930185071 -0.12507108288603763 -0.08004701952188797
vn -0.9996831503133027 -0.024389002273607806 -0.006227001507027867
vn -0.9873948914360509 0.08631799042259453 -0.1326670000240984
vn -0.9873948914360509 0.08631799042259453 -0.1326670000240984
vn -0.9996831503133027 -0.024389002273607806 -0.006227001507027867
vn -0.9809835774186754 0.19400989267610172 -0.00560199773874452
vn -0.9873948914360509 0.08631799042259453 -0.1326670000240984
vn -0.9809835774186754 0.19400989267610172 -0.00560199773874452
vn -0.9512771447510253 0.2770330208573957 -0.13536801405414337
vn -0.9512771447510253 0.2770330208573957 -0.13536801405414337
vn -0.9809835774186754 0.19400989267610172 -0.00560199773874452
vn -0.892274934903226 0.45148299056413593 -0.0029239997790938606
vn -0.9512771447510253 0.2770330208573957 -0.13536801405414337
vn -0.892274934903226 0.45148299056413593 -0.0029239997790938606
vn -0.857683792193179 0.49775490999531147 -0.12891300238799389
vn -0.857683792193179 0.49775490999531147 -0.12891300238799389
vn -0.892274934903226 0.45148299056413593 -0.0029239997790938606
vn -0.7387781102035961 0.6739271297931424 -0.005397000350226009
vn -0.857683792193179 0.49775490999531147 -0.12891300238799389
vn -0.7387781102035961 0.6739271297931424 -0.005397000350226009
vn -0.6982342001422894 0.7014752021470597 -0.14283396838427162
vn -0.6982342001422894 0.7014752021470597 -0.14283396838427162
vn -0.7387781102035961 0.6739271297931424 -0.005397000350226009
vn -0.4871351727365211 0.8733172493620324 -0.0040380007049769
vn -0.6982342001422894 0.7014752021470597 -0.14283396838427162
vn -0.4871351727365211 0.8733172493620324 -0.0040380007049769
vn -0.444588261674585 0.881747639542932 -0.15767808262925556
vn -0.444588261674585 0.881747639542932 -0.15767808262925556
vn -0.4871351727365211 0.8733172493620324 -0.0040380007049769
vn -0.21633007380099134 0.9761064237362284 -0.020434008665169087
vn -0.444588261674585 0.881747639542932 -0.15767808262925556
vn -0.21633007380099134 0.9761064237362284 -0.020434008665169087
vn -0.19824398915046088 0.9640657109518361 -0.17685198820664372
vn -0.19824398915046088 0.9640657109518361 -0.17685198820664372
vn -0.21633007380099134 0.9761064237362284 -0.020434008665169087
vn 0.10681798192385886 0.9942605787967843 -0.005984996942162947
vn -0.19824398915046088 0.9640657109518361 -0.17685198820664372
vn 0.10681798192385886 0.9942605787967843 -0.005984996942162947
vn 0.10544999956488603 0.9822752128986773 -0.15497000908764197
vn 0.10544999956488603 0.9822752128986773 -0.15497000908764197
vn 0.10681798192385886 0.9942605787967843 -0.005984996942162947
vn 0.36692101644207303 0.9302019104162531 -0.00966299907219747
vn 0.10544999956488603 0.9822752128986773 -0.15497000908764197
vn 0.36692101644207303 0.9302019104162531 -0.00966299907219747
vn 0.36259720887807473 0.9190534050818412 -0.15448010461319264
vn 0.36259720887807473 0.9190534050818412 -0.15448010461319264
vn 0.36692101644207303 0.9302019104162531 -0.00966299907219747
vn 0.5874831639469553 0.8091482244228039 -0.011944998631172593
vn 0.36259720887807473 0.9190534050818412 -0.15448010461319264
vn 0.5874831639469553 0.8091482244228039 -0.011944998631172593
vn 0.5829342784675371 0.8009013559389566 -0.1369110844404955
vn 0.5829342784675371 0.8009013559389566 -0.1369110844404955
vn 0.5874831639469553 0.8091482244228039 -0.011944998631172593
vn 0.7514759034107803 0.6596569110797217 -0.011693000372527289
vn 0.5829342784675371 0.8009013559389566 -0.1369110844404955
vn 0.7514759034107803 0.6596569110797217 -0.011693000372527289
vn 0.7418034330388316 0.6596414076382434 -0.1208341013987376
vn 0.7418034330388316 0.6596414076382434 -0.1208341013987376
vn 0.7514759034107803 0.6596569110797217 -0.011693000372527289
vn 0.8714839207837702 0.4903269105240768 -0.00976199934754068
vn 0.7418034330388316 0.6596414076382434 -0.1208341013987376
vn 0.8714839207837702 0.4903269105240768 -0.00976199934754068
vn 0.8625913917606444 0.49472219091395614 -0.10576409919121707
vn 0.8625913917606444 0.49472219091395614 -0.10576409919121707
vn 0.8714839207837702 0.4903269105240768 -0.00976199934754068
vn 0.9470743786704959 0.320841161275527 -0.010538998873945308
vn 0.8625913917606444 0.49472219091395614 -0.10576409919121707
vn 0.9470743786704959 0.320841161275527 -0.010538998873945308
vn 0.9344662623772243 0.33960902864636455 -0.10695098008252772
vn 0.9344662623772243 0.33960902864636455 -0.10695098008252772
vn 0.9470743786704959 0.320841161275527 -0.010538998873945308
vn 0.984664034794264 0.17443198610155852 -0.003196999741338913
vn 0.9344662623772243 0.33960902864636455 -0.10695098008252772
vn 0.984664034794264 0.17443198610155852 -0.003196999741338913
vn 0.9733581500826715 0.1967689861984473 -0.11771099242668531
vn 0.9733581500826715 0.1967689861984473 -0.11771099242668531
vn 0.984664034794264 0.17443198610155852 -0.003196999741338913
vn 0.9999964983298023 -0.0023250009747748162 -0.0012640010289507453
vn 0.9733581500826715 0.1967689861984473 -0.11771099242668531
vn 0.9999964983298023 -0.0023250009747748162 -0.0012640010289507453
vn 0.9924529129276848 0.04396499772837737 -0.11447399091539112
vn 0.9924529129276848 0.04396499772837737 -0.11447399091539112
vn 0.9999964983298023 -0.0023250009747748162 -0.0012640010289507453
vn 0.9861266667200519 -0.16588789803227266 -0.0059499974818464155
vn 0.9924529129276848 0.04396499772837737 -0.11447399091539112
vn 0.9861266667200519 -0.16588789803227266 -0.0059499974818464155
vn 0.9859735894745764 -0.12045098788275888 -0.11553198854294525
vn 0.9859735894745764 -0.12045098788275888 -0.11553198854294525
vn 0.9861266667200519 -0.16588789803227266 -0.0059499974818464155
vn 0.951380971167311 -0.3072219904499605 0.022110999179329807
vn 0.9859735894745764 -0.12045098788275888 -0.11553198854294525
vn 0.951380971167311 -0.3072219904499605 0.022110999179329807
vn 0.9721146619403845 -0.21901590518526357 -0.0838159729193156
vn 0.9690817679752313 -0.2370348894820035 0.06851998355410285
vn 0.9721146619403845 -0.21901590518526357 -0.0838159729193156
vn 0.951380971167311 -0.3072219904499605 0.022110999179329807
vn 0.9690817679752313 -0.2370348894820035 0.06851998355410285
vn 0.951380971167311 -0.3072219904499605 0.022110999179329807
vn 0.9573606290179861 -0.21252590501129998 0.19568690734286168
vn 0.9690817679752313 -0.2370348894820035 0.06851998355410285
vn 0.9973839421832646 -0.07164399571227185 0.009612999186016807
vn 0.9721146619403845 -0.21901590518526357 -0.0838159729193156
vn 0.9973839421832646 -0.07164399571227185 0.009612999186016807
vn 0.9520694950465847 -0.0690760401436801 -0.2979801625608829
vn 0.9721146619403845 -0.21901590518526357 -0.0838159729193156
vn 0.9266054032786971 -0.007456004152773467 -0.3759612142452953
vn 0.9859735894745764 -0.12045098788275888 -0.11553198854294525
vn 0.9721146619403845 -0.21901590518526357 -0.0838159729193156
vn 0.9266054032786971 -0.007456004152773467 -0.3759612142452953
vn 0.9721146619403845 -0.21901590518526357 -0.0838159729193156
vn 0.9520694950465847 -0.0690760401436801 -0.2979801625608829
vn 0.9114894174934284 0.1369871035697244 -0.3878422040638027
vn 0.9924529129276848 0.04396499772837737 -0.11447399091539112
vn 0.9859735894745764 -0.12045098788275888 -0.11553198854294525
vn 0.9114894174934284 0.1369871035697244 -0.3878422040638027
vn 0.9859735894745764 -0.12045098788275888 -0.11553198854294525
vn 0.9266054032786971 -0.007456004152773467 -0.3759612142452953
vn 0.89014026301092 0.25292109533374496 -0.3790530724081116
vn 0.9733581500826715 0.1967689861984473 -0.11771099242668531
vn 0.9924529129276848 0.04396499772837737 -0.11447399091539112
vn 0.89014026301092 0.25292109533374496 -0.3790530724081116
vn 0.9924529129276848 0.04396499772837737 -0.11447399091539112
vn 0.9114894174934284 0.1369871035697244 -0.3878422040638027
vn 0.8466818387260919 0.3755149899187936 -0.3769858834461739
vn 0.9344662623772243 0.33960902864636455 -0.10695098008252772
vn 0.9733581500826715 0.1967689861984473 -0.11771099242668531
vn 0.8466818387260919 0.3755149899187936 -0.3769858834461739
vn 0.9733581500826715 0.1967689861984473 -0.11771099242668531
vn 0.89014026301092 0.25292109533374496 -0.3790530724081116
vn 0.7864486228607082 0.49428173936102276 -0.37038375468524165
vn 0.8625913917606444 0.49472219091395614 -0.10576409919121707
vn 0.9344662623772243 0.33960902864636455 -0.10695098008252772
vn 0.7864486228607082 0.49428173936102276 -0.37038375468524165
vn 0.9344662623772243 0.33960902864636455 -0.10695098008252772
vn 0.8466818387260919 0.3755149899187936 -0.3769858834461739
vn 0.6812761882337284 0.6263371577591839 -0.3788990896741094
vn 0.7418034330388316 0.6596414076382434 -0.1208341013987376
vn 0.8625913917606444 0.49472219091395614 -0.10576409919121707
vn 0.6812761882337284 0.6263371577591839 -0.3788990896741094
vn 0.8625913917606444 0.49472219091395614 -0.10576409919121707
vn 0.7864486228607082 0.49428173936102276 -0.37038375468524165
vn 0.5662696339936898 0.7461896320884169 -0.3500567590840171
vn 0.5829342784675371 0.8009013559389566 -0.1369110844404955
vn 0.7418034330388316 0.6596414076382434 -0.1208341013987376
vn 0.5662696339936898 0.7461896320884169 -0.3500567590840171
vn 0.7418034330388316 0.6596414076382434 -0.1208341013987376
vn 0.6812761882337284 0.6263371577591839 -0.3788990896741094
vn 0.3452109930528509 0.8204408736754994 -0.45574789421131484
vn 0.36259720887807473 0.9190534050818412 -0.15448010461319264
vn 0.5829342784675371 0.8009013559389566 -0.1369110844404955
vn 0.3452109930528509 0.8204408736754994 -0.45574789421131484
vn 0.5829342784675371 0.8009013559389566 -0.1369110844404955
vn 0.5662696339936898 0.7461896320884169 -0.3500567590840171
vn 0.1164069953096479 0.888683286884612 -0.4434990722142971
vn 0.10544999956488603 0.9822752128986773 -0.15497000908764197
vn 0.36259720887807473 0.9190534050818412 -0.15448010461319264
vn 0.1164069953096479 0.888683286884612 -0.4434990722142971
vn 0.36259720887807473 0.9190534050818412 -0.15448010461319264
vn 0.3452109930528509 0.8204408736754994 -0.45574789421131484
vn -0.15905110238049366 0.8864263128955073 -0.4346851028480567
vn -0.19824398915046088 0.9640657109518361 -0.17685198820664372
vn 0.10544999956488603 0.9822752128986773 -0.15497000908764197
vn -0.15905110238049366 0.8864263128955073 -0.4346851028480567
vn 0.10544999956488603 0.9822752128986773 -0.15497000908764197
vn 0.1164069953096479 0.888683286884612 -0.4434990722142971
vn -0.3709129983820835 0.83097809433817 -0.41460698783464306
vn -0.444588261674585 0.881747639542932 -0.15767808262925556
vn -0.19824398915046088 0.9640657109518361 -0.17685198820664372
vn -0.3709129983820835 0.83097809433817 -0.41460698783464306
vn -0.19824398915046088 0.9640657109518361 -0.17685198820664372
vn -0.15905110238049366 0.8864263128955073 -0.4346851028480567
vn -0.5906892660098458 0.6922202290540983 -0.4146291662546679
vn -0.6982342001422894 0.7014752021470597 -0.14283396838427162
vn -0.444588261674585 0.881747639542932 -0.15767808262925556
vn -0.5906892660098458 0.6922202290540983 -0.4146291662546679
vn -0.444588261674585 0.881747639542932 -0.15767808262925556
vn -0.3709129983820835 0.83097809433817 -0.41460698783464306
vn -0.7396609091176001 0.5382599327053381 -0.40395294820977656
vn -0.857683792193179 0.49775490999531147 -0.12891300238799389
vn -0.6982342001422894 0.7014752021470597 -0.14283396838427162
vn -0.7396609091176001 0.5382599327053381 -0.40395294820977656
vn -0.6982342001422894 0.7014752021470597 -0.14283396838427162
vn -0.5906892660098458 0.6922202290540983 -0.4146291662546679
vn -0.8265940378849911 0.3700459555410766 -0.42403807296123464
vn -0.9512771447510253 0.2770330208573957 -0.13536801405414337
vn -0.857683792193179 0.49775490999531147 -0.12891300238799389
vn -0.8265940378849911 0.3700459555410766 -0.42403807296123464
vn -0.857683792193179 0.49775490999531147 -0.12891300238799389
vn -0.7396609091176001 0.5382599327053381 -0.40395294820977656
vn -0.8754195600180604 0.23276908678694108 -0.4236261868371205
vn -0.9873948914360509 0.08631799042259453 -0.1326670000240984
vn -0.9512771447510253 0.2770330208573957 -0.13536801405414337
vn -0.8754195600180604 0.23276908678694108 -0.4236261868371205
vn -0.9512771447510253 0.2770330208573957 -0.13536801405414337
vn -0.8265940378849911 0.3700459555410766 -0.42403807296123464
vn -0.9402107772490874 0.044436989229937066 -0.33768187445115444
vn -0.9889133930185071 -0.12507108288603763 -0.08004701952188797
vn -0.9873948914360509 0.08631799042259453 -0.1326670000240984
vn -0.9402107772490874 0.044436989229937066 -0.33768187445115444
vn -0.9873948914360509 0.08631799042259453 -0.1326670000240984
vn -0.8754195600180604 0.23276908678694108 -0.4236261868371205
vn -0.9402107772490874 0.044436989229937066 -0.33768187445115444
vn -0.9973176540932093 -0.06447598223810143 -0.0346459889229599
vn -0.9889133930185071 -0.12507108288603763 -0.08004701952188797
vn -0.9973176540932093 -0.06447598223810143 -0.0346459889229599
vn -0.9719651328937569 -0.21327201812396143 0.09898902325083378
vn -0.9889133930185071 -0.12507108288603763 -0.08004701952188797
vn -0.9392651041629383 -0.19941800018152261 0.27930901400668545
vn -0.9719651328937569 -0.21327201812396143 0.09898902325083378
vn -0.975089813133198 -0.08545098370563506 0.20468997461430402
vn -0.9719651328937569 -0.21327201812396143 0.09898902325083378
vn -0.9973176540932093 -0.06447598223810143 -0.0346459889229599
vn -0.975089813133198 -0.08545098370563506 0.20468997461430402
vn 0.9655642848176743 0.10206498163665124 -0.23930806799613574
vn 0.8178494587292864 0.13560708393257645 -0.5592253406664583
vn 0.9520694950465847 -0.0690760401436801 -0.2979801625608829
vn 0.8178494587292864 0.13560708393257645 -0.5592253406664583
vn 0.9266054032786971 -0.007456004152773467 -0.3759612142452953
vn 0.9520694950465847 -0.0690760401436801 -0.2979801625608829
vn 0.8178494587292864 0.13560708393257645 -0.5592253406664583
vn 0.7419158178301938 0.23559489712893114 -0.6277387702700568
vn 0.9266054032786971 -0.007456004152773467 -0.3759612142452953
vn 0.7419158178301938 0.23559489712893114 -0.6277387702700568
vn 0.9114894174934284 0.1369871035697244 -0.3878422040638027
vn 0.9266054032786971 -0.007456004152773467 -0.3759612142452953
vn 0.7419158178301938 0.23559489712893114 -0.6277387702700568
vn 0.7103060047481667 0.31684801694387543 -0.6285480998121232
vn 0.9114894174934284 0.1369871035697244 -0.3878422040638027
vn 0.7103060047481667 0.31684801694387543 -0.6285480998121232
vn 0.89014026301092 0.25292109533374496 -0.3790530724081116
vn 0.9114894174934284 0.1369871035697244 -0.3878422040638027
vn 0.7103060047481667 0.31684801694387543 -0.6285480998121232
vn 0.6672679140200696 0.4020990105766591 -0.6269528822906684
vn 0.89014026301092 0.25292109533374496 -0.3790530724081116
vn 0.6672679140200696 0.4020990105766591 -0.6269528822906684
vn 0.8466818387260919 0.3755149899187936 -0.3769858834461739
vn 0.89014026301092 0.25292109533374496 -0.3790530724081116
vn 0.6672679140200696 0.4020990105766591 -0.6269528822906684
vn 0.6235450860974315 0.46634907706062106 -0.6274631972701294
vn 0.8466818387260919 0.3755149899187936 -0.3769858834461739
vn 0.6235450860974315 0.46634907706062106 -0.6274631972701294
vn 0.7864486228607082 0.49428173936102276 -0.37038375468524165
vn 0.8466818387260919 0.3755149899187936 -0.3769858834461739
vn 0.6235450860974315 0.46634907706062106 -0.6274631972701294
vn 0.542111269851076 0.5399683040880199 -0.6438552645437958
vn 0.7864486228607082 0.49428173936102276 -0.37038375468524165
vn 0.542111269851076 0.5399683040880199 -0.6438552645437958
vn 0.6812761882337284 0.6263371577591839 -0.3788990896741094
vn 0.7864486228607082 0.49428173936102276 -0.37038375468524165
vn 0.542111269851076 0.5399683040880199 -0.6438552645437958
vn 0.44139212762714575 0.6393831264818054 -0.629573035667136
vn 0.6812761882337284 0.6263371577591839 -0.3788990896741094
vn 0.44139212762714575 0.6393831264818054 -0.629573035667136
vn 0.5662696339936898 0.7461896320884169 -0.3500567590840171
vn 0.6812761882337284 0.6263371577591839 -0.3788990896741094
vn 0.44139212762714575 0.6393831264818054 -0.629573035667136
vn 0.23772009537703875 0.6233320656708415 -0.7449471740737416
vn 0.3452109930528509 0.8204408736754994 -0.45574789421131484
vn 0.44139212762714575 0.6393831264818054 -0.629573035667136
vn 0.3452109930528509 0.8204408736754994 -0.45574789421131484
vn 0.5662696339936898 0.7461896320884169 -0.3500567590840171
vn 0.23772009537703875 0.6233320656708415 -0.7449471740737416
vn 0.11323599993729758 0.7004937959405009 -0.7046176624007293
vn 0.3452109930528509 0.8204408736754994 -0.45574789421131484
vn 0.11323599993729758 0.7004937959405009 -0.7046176624007293
vn 0.1164069953096479 0.888683286884612 -0.4434990722142971
vn 0.3452109930528509 0.8204408736754994 -0.45574789421131484
vn 0.11323599993729758 0.7004937959405009 -0.7046176624007293
vn -0.08529503261764476 0.6780312949941592 -0.7300673396470345
vn 0.1164069953096479 0.888683286884612 -0.4434990722142971
vn -0.08529503261764476 0.6780312949941592 -0.7300673396470345
vn -0.15905110238049366 0.8864263128955073 -0.4346851028480567
vn 0.1164069953096479 0.888683286884612 -0.4434990722142971
vn -0.08529503261764476 0.6780312949941592 -0.7300673396470345
vn -0.25906989524978574 0.642963840221766 -0.7207498106434329
vn -0.15905110238049366 0.8864263128955073 -0.4346851028480567
vn -0.25906989524978574 0.642963840221766 -0.7207498106434329
vn -0.3709129983820835 0.83097809433817 -0.41460698783464306
vn -0.15905110238049366 0.8864263128955073 -0.4346851028480567
vn -0.25906989524978574 0.642963840221766 -0.7207498106434329
vn -0.4275341837967384 0.5881842846977663 -0.6864792560011072
vn -0.3709129983820835 0.83097809433817 -0.41460698783464306
vn -0.4275341837967384 0.5881842846977663 -0.6864792560011072
vn -0.5906892660098458 0.6922202290540983 -0.4146291662546679
vn -0.3709129983820835 0.83097809433817 -0.41460698783464306
vn -0.4275341837967384 0.5881842846977663 -0.6864792560011072
vn -0.5490172662227742 0.5114922710366431 -0.6610262461196594
vn -0.5906892660098458 0.6922202290540983 -0.4146291662546679
vn -0.5490172662227742 0.5114922710366431 -0.6610262461196594
vn -0.7396609091176001 0.5382599327053381 -0.40395294820977656
vn -0.5906892660098458 0.6922202290540983 -0.4146291662546679
vn -0.5490172662227742 0.5114922710366431 -0.6610262461196594
vn -0.6185709593409483 0.4123579699282847 -0.6688279845346206
vn -0.7396609091176001 0.5382599327053381 -0.40395294820977656
vn -0.6185709593409483 0.4123579699282847 -0.6688279845346206
vn -0.8265940378849911 0.3700459555410766 -0.42403807296123464
vn -0.7396609091176001 0.5382599327053381 -0.40395294820977656
vn -0.6185709593409483 0.4123579699282847 -0.6688279845346206
vn -0.6593252851475107 0.3425131056425217 -0.6693093013161168
vn -0.8265940378849911 0.3700459555410766 -0.42403807296123464
vn -0.6593252851475107 0.3425131056425217 -0.6693093013161168
vn -0.8754195600180604 0.23276908678694108 -0.4236261868371205
vn -0.8265940378849911 0.3700459555410766 -0.42403807296123464
vn -0.6593252851475107 0.3425131056425217 -0.6693093013161168
vn -0.7604417587882666 0.27395700640957293 -0.5887918903399681
vn -0.8754195600180604 0.23276908678694108 -0.4236261868371205
vn -0.7604417587882666 0.27395700640957293 -0.5887918903399681
vn -0.9402107772490874 0.044436989229937066 -0.33768187445115444
vn -0.8754195600180604 0.23276908678694108 -0.4236261868371205
vn -0.7604417587882666 0.27395700640957293 -0.5887918903399681
vn -0.9572326791604594 0.1697118966140707 -0.23431489516235224
vn -0.9402107772490874 0.044436989229937066 -0.33768187445115444
vn -0.9572326791604594 0.1697118966140707 -0.23431489516235224
vn -0.9973176540932093 -0.06447598223810143 -0.0346459889229599
vn -0.9402107772490874 0.044436989229937066 -0.33768187445115444
vn -0.975089813133198 -0.08545098370563506 0.20468997461430402
vn -0.9973176540932093 -0.06447598223810143 -0.0346459889229599
vn -0.9934680020977346 0.10682600158379772 0.04011900040572386
vn -0.9973176540932093 -0.06447598223810143 -0.0346459889229599
vn -0.9572326791604594 0.1697118966140707 -0.23431489516235224
vn -0.9934680020977346 0.10682600158379772 0.04011900040572386
vn -0.9061457134217584 0.3769758533460145 -0.19180498440190913
vn -0.9934680020977346 0.10682600158379772 0.04011900040572386
vn -0.9572326791604594 0.1697118966140707 -0.23431489516235224
vn -0.9061457134217584 0.3769758533460145 -0.19180498440190913
vn -0.9572326791604594 0.1697118966140707 -0.23431489516235224
vn -0.8073821770792178 0.43235507968492404 -0.40150106501162036
vn -0.08757700385931441 0.389144969753386 -0.9170040680992979
vn -0.02515799882736638 0.20833900223102655 -0.9777330592980799
vn -0.13574299482713226 0.3836799514127198 -0.9134350191662756
vn -0.02515799882736638 0.20833900223102655 -0.9777330592980799
vn -0.07819497514560636 0.2591829225412478 -0.9626576538546585
vn -0.13574299482713226 0.3836799514127198 -0.9134350191662756
vn -0.0010509998194765493 0.19803007087796629 -0.980195381761946
vn -0.016570990912495653 0.2159779072763214 -0.9762576226738099
vn -0.02515799882736638 0.20833900223102655 -0.9777330592980799
vn -0.016570990912495653 0.2159779072763214 -0.9762576226738099
vn -0.07819497514560636 0.2591829225412478 -0.9626576538546585
vn -0.02515799882736638 0.20833900223102655 -0.9777330592980799
vn -0.242456896469121 0.4115399094671072 -0.8785496891299701
vn -0.07819497514560636 0.2591829225412478 -0.9626576538546585
vn -0.10141008596885118 0.2883611564756522 -0.9521364597051281
vn -0.07819497514560636 0.2591829225412478 -0.9626576538546585
vn -0.016570990912495653 0.2159779072763214 -0.9762576226738099
vn -0.10141008596885118 0.2883611564756522 -0.9521364597051281
vn 0.00013100000069210158 0.3029468227793704 -0.9530074529650251
vn 0.00016700000301777854 0.32002889614452207 -0.947407767407212
vn -0.0010509998194765493 0.19803007087796629 -0.980195381761946
vn 0.00016700000301777854 0.32002889614452207 -0.947407767407212
vn -0.016570990912495653 0.2159779072763214 -0.9762576226738099
vn -0.0010509998194765493 0.19803007087796629 -0.980195381761946
vn 0.00016700000301777854 0.32002889614452207 -0.947407767407212
vn -0.03275399991871928 0.32092198379132764 -0.9465390936505281
vn -0.016570990912495653 0.2159779072763214 -0.9762576226738099
vn -0.03275399991871928 0.32092198379132764 -0.9465390936505281
vn -0.10141008596885118 0.2883611564756522 -0.9521364597051281
vn -0.016570990912495653 0.2159779072763214 -0.9762576226738099
vn -0.3021828914446 0.41386288456274856 -0.8587217319362437
vn -0.10141008596885118 0.2883611564756522 -0.9521364597051281
vn -0.1577139166440496 0.35746693275346453 -0.920512744335799
vn -0.10141008596885118 0.2883611564756522 -0.9521364597051281
vn -0.03275399991871928 0.32092198379132764 -0.9465390936505281
vn -0.1577139166440496 0.35746693275346453 -0.920512744335799
vn -0.019081008688163422 0.4286981925029244 -0.903246242644921
vn -0.03275399991871928 0.32092198379132764 -0.9465390936505281
vn 0.00016700000301777854 0.32002889614452207 -0.947407767407212
vn -0.019081008688163422 0.4286981925029244 -0.903246242644921
vn 0.00016700000301777854 0.32002889614452207 -0.947407767407212
vn 0.0004049999816663811 0.4491328704377927 -0.8934648849660091
vn -0.019081008688163422 0.4286981925029244 -0.903246242644921
vn -0.1350499929266079 0.4150249778764264 -0.8997309415315197
vn -0.03275399991871928 0.32092198379132764 -0.9465390936505281
vn -0.1350499929266079 0.4150249778764264 -0.8997309415315197
vn -0.1577139166440496 0.35746693275346453 -0.920512744335799
vn -0.03275399991871928 0.32092198379132764 -0.9465390936505281
vn -0.4079718865742298 0.40285688420816984 -0.8193077996767447
vn -0.1577139166440496 0.35746693275346453 -0.920512744335799
vn -0.38829999607198196 0.3916079942050962 -0.8341860055917745
vn -0.1577139166440496 0.35746693275346453 -0.920512744335799
vn -0.1350499929266079 0.4150249778764264 -0.8997309415315197
vn -0.38829999607198196 0.3916079942050962 -0.8341860055917745
vn 0.0002709999814401421 0.4119587897773362 -0.9112024374880714
vn 0.0004049999816663811 0.4491328704377927 -0.8934648849660091
vn 0.00016700000301777854 0.32002889614452207 -0.947407767407212
vn 0.0002709999814401421 0.4119587897773362 -0.9112024374880714
vn 0.00016700000301777854 0.32002889614452207 -0.947407767407212
vn 0.00013100000069210158 0.3029468227793704 -0.9530074529650251
vn -0.021074997814441884 0.5333690907979783 -0.845620043192248
vn -0.019081008688163422 0.4286981925029244 -0.903246242644921
vn 0.0004049999816663811 0.4491328704377927 -0.8934648849660091
vn -0.021074997814441884 0.5333690907979783 -0.845620043192248
vn 0.0004049999816663811 0.4491328704377927 -0.8934648849660091
vn 0.0014489999237817283 0.5507710981429915 -0.8346550771723515
vn -0.021074997814441884 0.5333690907979783 -0.845620043192248
vn -0.1485899911263259 0.5137541039716064 -0.8449720321936167
vn -0.019081008688163422 0.4286981925029244 -0.903246242644921
vn -0.1485899911263259 0.5137541039716064 -0.8449720321936167
vn -0.1350499929266079 0.4150249778764264 -0.8997309415315197
vn -0.019081008688163422 0.4286981925029244 -0.903246242644921
vn -0.38829999607198196 0.3916079942050962 -0.8341860055917745
vn -0.1350499929266079 0.4150249778764264 -0.8997309415315197
vn -0.42864807580251113 0.4418770573043443 -0.7880390176500512
vn -0.1350499929266079 0.4150249778764264 -0.8997309415315197
vn -0.1485899911263259 0.5137541039716064 -0.8449720321936167
vn -0.42864807580251113 0.4418770573043443 -0.7880390176500512
vn -0.0005269999781997228 0.5253358896842318 -0.8508947792063951
vn 0.0014489999237817283 0.5507710981429915 -0.8346550771723515
vn 0.0004049999816663811 0.4491328704377927 -0.8934648849660091
vn -0.0005269999781997228 0.5253358896842318 -0.8508947792063951
vn 0.0004049999816663811 0.4491328704377927 -0.8934648849660091
vn 0.0002709999814401421 0.4119587897773362 -0.9112024374880714
vn -0.00041699993219870726 0.6358481163166281 -0.771814096196521
vn 0.00019399997290040397 0.6492802426876038 -0.7605492283998037
vn 0.0014489999237817283 0.5507710981429915 -0.8346550771723515
vn -0.00041699993219870726 0.6358481163166281 -0.771814096196521
vn 0.0014489999237817283 0.5507710981429915 -0.8346550771723515
vn -0.0005269999781997228 0.5253358896842318 -0.8508947792063951
vn 0.00019399997290040397 0.6492802426876038 -0.7605492283998037
vn -0.020304999328095923 0.6388299772572511 -0.7690799484837622
vn 0.0014489999237817283 0.5507710981429915 -0.8346550771723515
vn -0.020304999328095923 0.6388299772572511 -0.7690799484837622
vn -0.021074997814441884 0.5333690907979783 -0.845620043192248
vn 0.0014489999237817283 0.5507710981429915 -0.8346550771723515
vn -0.020304999328095923 0.6388299772572511 -0.7690799484837622
vn -0.13032400310478354 0.6413029881906817 -0.7561389631228157
vn -0.021074997814441884 0.5333690907979783 -0.845620043192248
vn -0.13032400310478354 0.6413029881906817 -0.7561389631228157
vn -0.1485899911263259 0.5137541039716064 -0.8449720321936167
vn -0.021074997814441884 0.5333690907979783 -0.845620043192248
vn -0.42864807580251113 0.4418770573043443 -0.7880390176500512
vn -0.1485899911263259 0.5137541039716064 -0.8449720321936167
vn -0.34165107801879857 0.5929390201086961 -0.7291761510918552
vn -0.1485899911263259 0.5137541039716064 -0.8449720321936167
vn -0.13032400310478354 0.6413029881906817 -0.7561389631228157
vn -0.34165107801879857 0.5929390201086961 -0.7291761510918552
vn -0.0007970000284598604 0.6778811329522066 -0.735171091908807
vn -0.001805000032431181 0.6818379855278405 -0.7315009934827288
vn 0.00019399997290040397 0.6492802426876038 -0.7605492283998037
vn -0.0007970000284598604 0.6778811329522066 -0.735171091908807
vn 0.00019399997290040397 0.6492802426876038 -0.7605492283998037
vn -0.00041699993219870726 0.6358481163166281 -0.771814096196521
vn -0.001805000032431181 0.6818379855278405 -0.7315009934827288
vn -0.005949999173614586 0.6837630234961382 -0.7296798785832412
vn 0.00019399997290040397 0.6492802426876038 -0.7605492283998037
vn -0.005949999173614586 0.6837630234961382 -0.7296798785832412
vn -0.020304999328095923 0.6388299772572511 -0.7690799484837622
vn 0.00019399997290040397 0.6492802426876038 -0.7605492283998037
vn -0.005949999173614586 0.6837630234961382 -0.7296798785832412
vn -0.07614797673366729 0.6994476015897872 -0.7106156051408266
vn -0.020304999328095923 0.6388299772572511 -0.7690799484837622
vn -0.07614797673366729 0.6994476015897872 -0.7106156051408266
vn -0.13032400310478354 0.6413029881906817 -0.7561389631228157
vn -0.020304999328095923 0.6388299772572511 -0.7690799484837622
vn -0.07614797673366729 0.6994476015897872 -0.7106156051408266
vn -0.30769107762637293 0.7170691628672382 -0.6254102784684623
vn -0.13032400310478354 0.6413029881906817 -0.7561389631228157
vn -0.30769107762637293 0.7170691628672382 -0.6254102784684623
vn -0.34165107801879857 0.5929390201086961 -0.7291761510918552
vn -0.13032400310478354 0.6413029881906817 -0.7561389631228157
vn -0.6217507127662428 0.6386626962663389 -0.4533607962456382
vn -0.5905470192685237 0.5394149964479134 -0.6002380191558674
vn -0.30769107762637293 0.7170691628672382 -0.6254102784684623
vn -0.5905470192685237 0.5394149964479134 -0.6002380191558674
vn -0.34165107801879857 0.5929390201086961 -0.7291761510918552
vn -0.30769107762637293 0.7170691628672382 -0.6254102784684623
vn 0.3047949959457278 0.480098990961956 -0.8225600095578166
vn 0.15288699639102277 0.2877979775922598 -0.9454088482917518
vn 0.1102700970165709 0.34539219475453925 -0.9319574762330086
vn 0.15288699639102277 0.2877979775922598 -0.9454088482917518
vn 0.026103008281114167 0.2056360822796986 -0.9782803456184392
vn 0.1102700970165709 0.34539219475453925 -0.9319574762330086
vn 0.1102700970165709 0.34539219475453925 -0.9319574762330086
vn 0.026103008281114167 0.2056360822796986 -0.9782803456184392
vn 0.017720989264272142 0.18448489260331385 -0.9826755776657113
vn 0.1102700970165709 0.34539219475453925 -0.9319574762330086
vn 0.017720989264272142 0.18448489260331385 -0.9826755776657113
vn 0.03735897984277752 0.3639608843329821 -0.9306646986432119
vn 0.0014499998417130924 0.2069410780161329 -0.9783523331244117
vn 0.017720989264272142 0.18448489260331385 -0.9826755776657113
vn 0.026103008281114167 0.2056360822796986 -0.9782803456184392
vn 0.0014499998417130924 0.2069410780161329 -0.9783523331244117
vn 0.026103008281114167 0.2056360822796986 -0.9782803456184392
vn -0.0012160000242115614 0.2372931096593324 -0.9714373378927461
vn 0.026103008281114167 0.2056360822796986 -0.9782803456184392
vn 0.15288699639102277 0.2877979775922598 -0.9454088482917518
vn 0.07248801493717863 0.2568300875888839 -0.9637342962661201
vn 0.026103008281114167 0.2056360822796986 -0.9782803456184392
vn 0.07248801493717863 0.2568300875888839 -0.9637342962661201
vn -0.0012160000242115614 0.2372931096593324 -0.9714373378927461
vn 0.3032070079772793 0.39796709744820347 -0.8658450783264394
vn 0.12962998508729767 0.3423268715088319 -0.9305957124386737
vn 0.07248801493717863 0.2568300875888839 -0.9637342962661201
vn 0.3032070079772793 0.39796709744820347 -0.8658450783264394
vn 0.07248801493717863 0.2568300875888839 -0.9637342962661201
vn 0.15288699639102277 0.2877979775922598 -0.9454088482917518
vn 0.38997607083407904 0.3992100511820877 -0.8297891293648095
vn 0.14005600408939042 0.3694669138296969 -0.9186286057508073
vn 0.4099461762698535 0.40238815879780915 -0.818552321004
vn 0.14005600408939042 0.3694669138296969 -0.9186286057508073
vn 0.12962998508729767 0.3423268715088319 -0.9305957124386737
vn 0.4099461762698535 0.40238815879780915 -0.818552321004
vn 0.020889997331377506 0.319158076278962 -0.9474712293032478
vn 0.07248801493717863 0.2568300875888839 -0.9637342962661201
vn 0.12962998508729767 0.3423268715088319 -0.9305957124386737
vn 0.020889997331377506 0.319158076278962 -0.9474712293032478
vn 0.12962998508729767 0.3423268715088319 -0.9305957124386737
vn 0.14005600408939042 0.3694669138296969 -0.9186286057508073
vn -0.0012160000242115614 0.2372931096593324 -0.9714373378927461
vn 0.07248801493717863 0.2568300875888839 -0.9637342962661201
vn 0.020889997331377506 0.319158076278962 -0.9474712293032478
vn -0.0012160000242115614 0.2372931096593324 -0.9714373378927461
vn 0.020889997331377506 0.319158076278962 -0.9474712293032478
vn -0.0015130000437029824 0.34285501735417323 -0.9393871129124229
vn -0.0016789998534833524 0.31892398594892096 -0.9477788097156132
vn 0.0014499998417130924 0.2069410780161329 -0.9783523331244117
vn -0.0012160000242115614 0.2372931096593324 -0.9714373378927461
vn -0.0016789998534833524 0.31892398594892096 -0.9477788097156132
vn -0.0012160000242115614 0.2372931096593324 -0.9714373378927461
vn -0.0015130000437029824 0.34285501735417323 -0.9393871129124229
vn 0.4193679808920422 0.38147999203871524 -0.8237739448882038
vn 0.19400508125037874 0.41748626552728996 -0.8877315171520673
vn 0.38997607083407904 0.3992100511820877 -0.8297891293648095
vn 0.19400508125037874 0.41748626552728996 -0.8877315171520673
vn 0.14005600408939042 0.3694669138296969 -0.9186286057508073
vn 0.38997607083407904 0.3992100511820877 -0.8297891293648095
vn 0.01455299928940385 0.42797106750449787 -0.9036752600302518
vn 0.020889997331377506 0.319158076278962 -0.9474712293032478
vn 0.14005600408939042 0.3694669138296969 -0.9186286057508073
vn 0.01455299928940385 0.42797106750449787 -0.9036752600302518
vn 0.14005600408939042 0.3694669138296969 -0.9186286057508073
vn 0.19400508125037874 0.41748626552728996 -0.8877315171520673
vn -0.0015130000437029824 0.34285501735417323 -0.9393871129124229
vn 0.020889997331377506 0.319158076278962 -0.9474712293032478
vn 0.01455299928940385 0.42797106750449787 -0.9036752600302518
vn -0.0015130000437029824 0.34285501735417323 -0.9393871129124229
vn 0.01455299928940385 0.42797106750449787 -0.9036752600302518
vn -0.0034450016694265277 0.44866515632651666 -0.8936932972010028
vn -0.0031049999255495586 0.4418529912628976 -0.8970820994131429
vn -0.0016789998534833524 0.31892398594892096 -0.9477788097156132
vn -0.0015130000437029824 0.34285501735417323 -0.9393871129124229
vn -0.0031049999255495586 0.4418529912628976 -0.8970820994131429
vn -0.0015130000437029824 0.34285501735417323 -0.9393871129124229
vn -0.0034450016694265277 0.44866515632651666 -0.8936932972010028
vn 0.5840556920034989 0.5535016969971971 -0.593729584962327
vn 0.2805690960631025 0.6470081569182393 -0.7089861967736724
vn 0.31031100322220917 0.5163749086735845 -0.7981629125507983
vn 0.5840556920034989 0.5535016969971971 -0.593729584962327
vn 0.31031100322220917 0.5163749086735845 -0.7981629125507983
vn 0.5234369857920027 0.3674239849981944 -0.7687739181014333
vn 0.5234369857920027 0.3674239849981944 -0.7687739181014333
vn 0.31031100322220917 0.5163749086735845 -0.7981629125507983
vn 0.17187100268300057 0.4780028952610575 -0.8613788890835359
vn 0.5234369857920027 0.3674239849981944 -0.7687739181014333
vn 0.17187100268300057 0.4780028952610575 -0.8613788890835359
vn 0.42609199013589144 0.36714597788602005 -0.826830966319086
vn 0.010857999690159137 0.5146990746199013 -0.857302144187302
vn 0.17187100268300057 0.4780028952610575 -0.8613788890835359
vn 0.04166898841540665 0.599125916709962 -0.7995697789004312
vn 0.17187100268300057 0.4780028952610575 -0.8613788890835359
vn 0.31031100322220917 0.5163749086735845 -0.7981629125507983
vn 0.04166898841540665 0.599125916709962 -0.7995697789004312
vn 0.2805690960631025 0.6470081569182393 -0.7089861967736724
vn 0.04479599378507476 0.6947728387984299 -0.7178328645365705
vn 0.04166898841540665 0.599125916709962 -0.7995697789004312
vn 0.2805690960631025 0.6470081569182393 -0.7089861967736724
vn 0.04166898841540665 0.599125916709962 -0.7995697789004312
vn 0.31031100322220917 0.5163749086735845 -0.7981629125507983
vn -0.004083998743994334 0.5266027759106795 -0.8501016629541586
vn 0.010857999690159137 0.5146990746199013 -0.857302144187302
vn 0.04166898841540665 0.599125916709962 -0.7995697789004312
vn -0.004083998743994334 0.5266027759106795 -0.8501016629541586
vn 0.04166898841540665 0.599125916709962 -0.7995697789004312
vn -0.003124999091342714 0.6292647671255365 -0.7771847188636198
vn 0.04479599378507476 0.6947728387984299 -0.7178328645365705
vn -0.006767996990842067 0.6787636814248833 -0.7343255810573889
vn -0.003124999091342714 0.6292647671255365 -0.7771847188636198
vn 0.04479599378507476 0.6947728387984299 -0.7178328645365705
vn -0.003124999091342714 0.6292647671255365 -0.7771847188636198
vn 0.04166898841540665 0.599125916709962 -0.7995697789004312
vn -0.002413001127537515 0.5392653232880505 -0.8421324649510865
vn -0.004083998743994334 0.5266027759106795 -0.8501016629541586
vn -0.003124999091342714 0.6292647671255365 -0.7771847188636198
vn -0.002413001127537515 0.5392653232880505 -0.8421324649510865
vn -0.003124999091342714 0.6292647671255365 -0.7771847188636198
vn 0.0010179989738676384 0.6318626711001181 -0.7750796917403483
vn -0.006767996990842067 0.6787636814248833 -0.7343255810573889
vn 0.002540997950145615 0.6726015268748727 -0.7400004928207867
vn 0.0010179989738676384 0.6318626711001181 -0.7750796917403483
vn -0.006767996990842067 0.6787636814248833 -0.7343255810573889
vn 0.0010179989738676384 0.6318626711001181 -0.7750796917403483
vn -0.003124999091342714 0.6292647671255365 -0.7771847188636198
vn 0.42609199013589144 0.36714597788602005 -0.826830966319086
vn 0.17187100268300057 0.4780028952610575 -0.8613788890835359
vn 0.19400508125037874 0.41748626552728996 -0.8877315171520673
vn 0.42609199013589144 0.36714597788602005 -0.826830966319086
vn 0.19400508125037874 0.41748626552728996 -0.8877315171520673
vn 0.4193679808920422 0.38147999203871524 -0.8237739448882038
vn 0.01455299928940385 0.42797106750449787 -0.9036752600302518
vn 0.19400508125037874 0.41748626552728996 -0.8877315171520673
vn 0.17187100268300057 0.4780028952610575 -0.8613788890835359
vn 0.01455299928940385 0.42797106750449787 -0.9036752600302518
vn 0.17187100268300057 0.4780028952610575 -0.8613788890835359
vn 0.010857999690159137 0.5146990746199013 -0.857302144187302
vn -0.0034450016694265277 0.44866515632651666 -0.8936932972010028
vn 0.01455299928940385 0.42797106750449787 -0.9036752600302518
vn 0.010857999690159137 0.5146990746199013 -0.857302144187302
vn -0.0034450016694265277 0.44866515632651666 -0.8936932972010028
vn 0.010857999690159137 0.5146990746199013 -0.857302144187302
vn -0.004083998743994334 0.5266027759106795 -0.8501016629541586
vn -0.002413001127537515 0.5392653232880505 -0.8421324649510865
vn -0.0031049999255495586 0.4418529912628976 -0.8970820994131429
vn -0.004083998743994334 0.5266027759106795 -0.8501016629541586
vn -0.0031049999255495586 0.4418529912628976 -0.8970820994131429
vn -0.0034450016694265277 0.44866515632651666 -0.8936932972010028
vn -0.004083998743994334 0.5266027759106795 -0.8501016629541586
vn 0.03735897984277752 0.3639608843329821 -0.9306646986432119
vn 0.017720989264272142 0.18448489260331385 -0.9826755776657113
vn -0.02515799882736638 0.20833900223102655 -0.9777330592980799
vn 0.03735897984277752 0.3639608843329821 -0.9306646986432119
vn -0.02515799882736638 0.20833900223102655 -0.9777330592980799
vn -0.08757700385931441 0.389144969753386 -0.9170040680992979
vn -0.0010509998194765493 0.19803007087796629 -0.980195381761946
vn -0.02515799882736638 0.20833900223102655 -0.9777330592980799
vn 0.017720989264272142 0.18448489260331385 -0.9826755776657113
vn -0.0010509998194765493 0.19803007087796629 -0.980195381761946
vn 0.017720989264272142 0.18448489260331385 -0.9826755776657113
vn 0.0014499998417130924 0.2069410780161329 -0.9783523331244117
vn 0.00013100000069210158 0.3029468227793704 -0.9530074529650251
vn -0.0010509998194765493 0.19803007087796629 -0.980195381761946
vn 0.0014499998417130924 0.2069410780161329 -0.9783523331244117
vn 0.00013100000069210158 0.3029468227793704 -0.9530074529650251
vn 0.0014499998417130924 0.2069410780161329 -0.9783523331244117
vn -0.0016789998534833524 0.31892398594892096 -0.9477788097156132
vn 0.0002709999814401421 0.4119587897773362 -0.9112024374880714
vn 0.00013100000069210158 0.3029468227793704 -0.9530074529650251
vn -0.0016789998534833524 0.31892398594892096 -0.9477788097156132
vn 0.0002709999814401421 0.4119587897773362 -0.9112024374880714
vn -0.0016789998534833524 0.31892398594892096 -0.9477788097156132
vn -0.0031049999255495586 0.4418529912628976 -0.8970820994131429
vn -0.0005269999781997228 0.5253358896842318 -0.8508947792063951
vn 0.0002709999814401421 0.4119587897773362 -0.9112024374880714
vn -0.0031049999255495586 0.4418529912628976 -0.8970820994131429
vn -0.0005269999781997228 0.5253358896842318 -0.8508947792063951
vn -0.0031049999255495586 0.4418529912628976 -0.8970820994131429
vn -0.002413001127537515 0.5392653232880505 -0.8421324649510865
vn -0.00041699993219870726 0.6358481163166281 -0.771814096196521
vn -0.0005269999781997228 0.5253358896842318 -0.8508947792063951
vn 0.0010179989738676384 0.6318626711001181 -0.7750796917403483
vn -0.0005269999781997228 0.5253358896842318 -0.8508947792063951
vn -0.002413001127537515 0.5392653232880505 -0.8421324649510865
vn 0.0010179989738676384 0.6318626711001181 -0.7750796917403483
vn -0.0007970000284598604 0.6778811329522066 -0.735171091908807
vn -0.00041699993219870726 0.6358481163166281 -0.771814096196521
vn 0.002540997950145615 0.6726015268748727 -0.7400004928207867
vn -0.00041699993219870726 0.6358481163166281 -0.771814096196521
vn 0.0010179989738676384 0.6318626711001181 -0.7750796917403483
vn 0.002540997950145615 0.6726015268748727 -0.7400004928207867
vn -0.6217507127662428 0.6386626962663389 -0.4533607962456382
vn -0.9061457134217584 0.3769758533460145 -0.19180498440190913
vn -0.8073821770792178 0.43235507968492404 -0.40150106501162036
vn -0.6217507127662428 0.6386626962663389 -0.4533607962456382
vn -0.8073821770792178 0.43235507968492404 -0.40150106501162036
vn -0.5905470192685237 0.5394149964479134 -0.6002380191558674
vn -0.42864807580251113 0.4418770573043443 -0.7880390176500512
vn -0.5905470192685237 0.5394149964479134 -0.6002380191558674
vn -0.7604417587882666 0.27395700640957293 -0.5887918903399681
vn -0.5905470192685237 0.5394149964479134 -0.6002380191558674
vn -0.8073821770792178 0.43235507968492404 -0.40150106501162036
vn -0.7604417587882666 0.27395700640957293 -0.5887918903399681
vn -0.38829999607198196 0.3916079942050962 -0.8341860055917745
vn -0.42864807580251113 0.4418770573043443 -0.7880390176500512
vn -0.6593252851475107 0.3425131056425217 -0.6693093013161168
vn -0.42864807580251113 0.4418770573043443 -0.7880390176500512
vn -0.7604417587882666 0.27395700640957293 -0.5887918903399681
vn -0.6593252851475107 0.3425131056425217 -0.6693093013161168
vn -0.4079718865742298 0.40285688420816984 -0.8193077996767447
vn -0.38829999607198196 0.3916079942050962 -0.8341860055917745
vn -0.6185709593409483 0.4123579699282847 -0.6688279845346206
vn -0.38829999607198196 0.3916079942050962 -0.8341860055917745
vn -0.6593252851475107 0.3425131056425217 -0.6693093013161168
vn -0.6185709593409483 0.4123579699282847 -0.6688279845346206
vn -0.3021828914446 0.41386288456274856 -0.8587217319362437
vn -0.4079718865742298 0.40285688420816984 -0.8193077996767447
vn -0.5490172662227742 0.5114922710366431 -0.6610262461196594
vn -0.4079718865742298 0.40285688420816984 -0.8193077996767447
vn -0.6185709593409483 0.4123579699282847 -0.6688279845346206
vn -0.5490172662227742 0.5114922710366431 -0.6610262461196594
vn -0.242456896469121 0.4115399094671072 -0.8785496891299701
vn -0.3021828914446 0.41386288456274856 -0.8587217319362437
vn -0.4275341837967384 0.5881842846977663 -0.6864792560011072
vn -0.3021828914446 0.41386288456274856 -0.8587217319362437
vn -0.5490172662227742 0.5114922710366431 -0.6610262461196594
vn -0.4275341837967384 0.5881842846977663 -0.6864792560011072
vn -0.13574299482713226 0.3836799514127198 -0.9134350191662756
vn -0.242456896469121 0.4115399094671072 -0.8785496891299701
vn -0.25906989524978574 0.642963840221766 -0.7207498106434329
vn -0.242456896469121 0.4115399094671072 -0.8785496891299701
vn -0.4275341837967384 0.5881842846977663 -0.6864792560011072
vn -0.25906989524978574 0.642963840221766 -0.7207498106434329
vn -0.08757700385931441 0.389144969753386 -0.9170040680992979
vn -0.13574299482713226 0.3836799514127198 -0.9134350191662756
vn -0.25906989524978574 0.642963840221766 -0.7207498106434329
vn -0.08757700385931441 0.389144969753386 -0.9170040680992979
vn -0.25906989524978574 0.642963840221766 -0.7207498106434329
vn -0.08529503261764476 0.6780312949941592 -0.7300673396470345
vn 0.03735897984277752 0.3639608843329821 -0.9306646986432119
vn -0.08757700385931441 0.389144969753386 -0.9170040680992979
vn -0.08529503261764476 0.6780312949941592 -0.7300673396470345
vn 0.03735897984277752 0.3639608843329821 -0.9306646986432119
vn -0.08529503261764476 0.6780312949941592 -0.7300673396470345
vn 0.11323599993729758 0.7004937959405009 -0.7046176624007293
vn 0.1102700970165709 0.34539219475453925 -0.9319574762330086
vn 0.03735897984277752 0.3639608843329821 -0.9306646986432119
vn 0.23772009537703875 0.6233320656708415 -0.7449471740737416
vn 0.03735897984277752 0.3639608843329821 -0.9306646986432119
vn 0.11323599993729758 0.7004937959405009 -0.7046176624007293
vn 0.23772009537703875 0.6233320656708415 -0.7449471740737416
vn 0.3047949959457278 0.480098990961956 -0.8225600095578166
vn 0.1102700970165709 0.34539219475453925 -0.9319574762330086
vn 0.23772009537703875 0.6233320656708415 -0.7449471740737416
vn 0.3047949959457278 0.480098990961956 -0.8225600095578166
vn 0.23772009537703875 0.6233320656708415 -0.7449471740737416
vn 0.44139212762714575 0.6393831264818054 -0.629573035667136
vn 0.3032070079772793 0.39796709744820347 -0.8658450783264394
vn 0.3047949959457278 0.480098990961956 -0.8225600095578166
vn 0.542111269851076 0.5399683040880199 -0.6438552645437958
vn 0.3047949959457278 0.480098990961956 -0.8225600095578166
vn 0.44139212762714575 0.6393831264818054 -0.629573035667136
vn 0.542111269851076 0.5399683040880199 -0.6438552645437958
vn 0.4099461762698535 0.40238815879780915 -0.818552321004
vn 0.3032070079772793 0.39796709744820347 -0.8658450783264394
vn 0.6235450860974315 0.46634907706062106 -0.6274631972701294
vn 0.3032070079772793 0.39796709744820347 -0.8658450783264394
vn 0.542111269851076 0.5399683040880199 -0.6438552645437958
vn 0.6235450860974315 0.46634907706062106 -0.6274631972701294
vn 0.38997607083407904 0.3992100511820877 -0.8297891293648095
vn 0.4099461762698535 0.40238815879780915 -0.818552321004
vn 0.6672679140200696 0.4020990105766591 -0.6269528822906684
vn 0.4099461762698535 0.40238815879780915 -0.818552321004
vn 0.6235450860974315 0.46634907706062106 -0.6274631972701294
vn 0.6672679140200696 0.4020990105766591 -0.6269528822906684
vn 0.4193679808920422 0.38147999203871524 -0.8237739448882038
vn 0.38997607083407904 0.3992100511820877 -0.8297891293648095
vn 0.7103060047481667 0.31684801694387543 -0.6285480998121232
vn 0.38997607083407904 0.3992100511820877 -0.8297891293648095
vn 0.6672679140200696 0.4020990105766591 -0.6269528822906684
vn 0.7103060047481667 0.31684801694387543 -0.6285480998121232
vn 0.42609199013589144 0.36714597788602005 -0.826830966319086
vn 0.4193679808920422 0.38147999203871524 -0.8237739448882038
vn 0.7419158178301938 0.23559489712893114 -0.6277387702700568
vn 0.4193679808920422 0.38147999203871524 -0.8237739448882038
vn 0.7103060047481667 0.31684801694387543 -0.6285480998121232
vn 0.7419158178301938 0.23559489712893114 -0.6277387702700568
vn 0.5234369857920027 0.3674239849981944 -0.7687739181014333
vn 0.42609199013589144 0.36714597788602005 -0.826830966319086
vn 0.8178494587292864 0.13560708393257645 -0.5592253406664583
vn 0.42609199013589144 0.36714597788602005 -0.826830966319086
vn 0.7419158178301938 0.23559489712893114 -0.6277387702700568
vn 0.8178494587292864 0.13560708393257645 -0.5592253406664583
vn 0.5840556920034989 0.5535016969971971 -0.593729584962327
vn 0.5234369857920027 0.3674239849981944 -0.7687739181014333
vn 0.8652423543955372 0.31000608777202243 -0.39402016915933746
vn 0.5234369857920027 0.3674239849981944 -0.7687739181014333
vn 0.8178494587292864 0.13560708393257645 -0.5592253406664583
vn 0.8652423543955372 0.31000608777202243 -0.39402016915933746
vn 0.019476999265290063 0.7129947701832561 -0.7008987831284526
vn -0.01951900875346442 0.6814682449448116 -0.731587342310623
vn -0.006767996990842067 0.6787636814248833 -0.7343255810573889
vn 0.019476999265290063 0.7129947701832561 -0.7008987831284526
vn -0.006767996990842067 0.6787636814248833 -0.7343255810573889
vn 0.04479599378507476 0.6947728387984299 -0.7178328645365705
vn -0.01951900875346442 0.6814682449448116 -0.731587342310623
vn 0.0010910000606672561 0.6653339977124563 -0.7465450295908673
vn -0.006767996990842067 0.6787636814248833 -0.7343255810573889
vn 0.0010910000606672561 0.6653339977124563 -0.7465450295908673
vn 0.002540997950145615 0.6726015268748727 -0.7400004928207867
vn -0.006767996990842067 0.6787636814248833 -0.7343255810573889
vn 0.0010910000606672561 0.6653339977124563 -0.7465450295908673
vn 0.003723002814223286 0.6625454744248895 -0.7490124388614274
vn 0.002540997950145615 0.6726015268748727 -0.7400004928207867
vn 0.003723002814223286 0.6625454744248895 -0.7490124388614274
vn -0.0007970000284598604 0.6778811329522066 -0.735171091908807
vn 0.002540997950145615 0.6726015268748727 -0.7400004928207867
vn 0.003723002814223286 0.6625454744248895 -0.7490124388614274
vn 0.0014279999981690965 0.6819108492025718 -0.7314339030670047
vn -0.0007970000284598604 0.6778811329522066 -0.735171091908807
vn 0.0014279999981690965 0.6819108492025718 -0.7314339030670047
vn -0.001805000032431181 0.6818379855278405 -0.7315009934827288
vn -0.0007970000284598604 0.6778811329522066 -0.735171091908807
vn 0.0014279999981690965 0.6819108492025718 -0.7314339030670047
vn 0 0.6921462668846988 -0.7217572619915753
vn -0.001805000032431181 0.6818379855278405 -0.7315009934827288
vn 0 0.6921462668846988 -0.7217572619915753
vn -0.005949999173614586 0.6837630234961382 -0.7296798785832412
vn -0.001805000032431181 0.6818379855278405 -0.7315009934827288
vn 0 0.6921462668846988 -0.7217572619915753
vn -0.0422430084473973 0.7023551586537142 -0.7105721352190987
vn -0.005949999173614586 0.6837630234961382 -0.7296798785832412
vn -0.0422430084473973 0.7023551586537142 -0.7105721352190987
vn -0.07614797673366729 0.6994476015897872 -0.7106156051408266
vn -0.005949999173614586 0.6837630234961382 -0.7296798785832412
vn -0.0422430084473973 0.7023551586537142 -0.7105721352190987
vn -0.21964199981026963 0.7203900263929138 -0.6578720253916887
vn -0.07614797673366729 0.6994476015897872 -0.7106156051408266
vn -0.21964199981026963 0.7203900263929138 -0.6578720253916887
vn -0.30769107762637293 0.7170691628672382 -0.6254102784684623
vn -0.07614797673366729 0.6994476015897872 -0.7106156051408266
vn -0.04787099686497935 -0.9690409048603073 -0.24221497139250137
vn -0.024821007630858132 -0.939619351696437 -0.3413200719233435
vn -0.052145998561990654 -0.9608269863004232 -0.27219900299380073
vn -0.024821007630858132 -0.939619351696437 -0.3413200719233435
vn -0.05367700903269048 -0.8931561334301968 -0.44653208173358055
vn -0.052145998561990654 -0.9608269863004232 -0.27219900299380073
vn -0.18922097213155864 -0.8859189883707362 -0.42348904324640935
vn -0.05367700903269048 -0.8931561334301968 -0.44653208173358055
vn -0.12942600443835087 -0.8618162403268151 -0.4904300941868039
vn -0.18922097213155864 -0.8859189883707362 -0.42348904324640935
vn -0.12942600443835087 -0.8618162403268151 -0.4904300941868039
vn -0.2768529873989853 -0.8464661003372341 -0.45480497397030833
vn 0.01856799094423975 -0.862683733534323 -0.5054028151955383
vn -0.12942600443835087 -0.8618162403268151 -0.4904300941868039
vn -0.05367700903269048 -0.8931561334301968 -0.44653208173358055
vn 0.01856799094423975 -0.862683733534323 -0.5054028151955383
vn -0.05367700903269048 -0.8931561334301968 -0.44653208173358055
vn -0.024821007630858132 -0.939619351696437 -0.3413200719233435
vn -0.20948589789885766 -0.81959555387914 -0.53327177559201
vn -0.2768529873989853 -0.8464661003372341 -0.45480497397030833
vn -0.13906899019933683 -0.8551540008607768 -0.49937105520518854
vn -0.2768529873989853 -0.8464661003372341 -0.45480497397030833
vn -0.12942600443835087 -0.8618162403268151 -0.4904300941868039
vn -0.13906899019933683 -0.8551540008607768 -0.49937105520518854
vn 0.028952007913585022 -0.8568343505866035 -0.5147782793519994
vn -0.13906899019933683 -0.8551540008607768 -0.49937105520518854
vn -0.12942600443835087 -0.8618162403268151 -0.4904300941868039
vn 0.028952007913585022 -0.8568343505866035 -0.5147782793519994
vn -0.12942600443835087 -0.8618162403268151 -0.4904300941868039
vn 0.01856799094423975 -0.862683733534323 -0.5054028151955383
vn -0.08347397920976342 -0.7132916387116217 -0.6958786768819529
vn -0.20948589789885766 -0.81959555387914 -0.53327177559201
vn -0.08532197449731455 -0.7627377816722423 -0.6410547847708389
vn -0.20948589789885766 -0.81959555387914 -0.53327177559201
vn -0.13906899019933683 -0.8551540008607768 -0.49937105520518854
vn -0.08532197449731455 -0.7627377816722423 -0.6410547847708389
vn 0.010714000079999302 -0.7759039990119205 -0.6307600134120707
vn -0.08532197449731455 -0.7627377816722423 -0.6410547847708389
vn -0.13906899019933683 -0.8551540008607768 -0.49937105520518854
vn 0.010714000079999302 -0.7759039990119205 -0.6307600134120707
vn -0.13906899019933683 -0.8551540008607768 -0.49937105520518854
vn 0.028952007913585022 -0.8568343505866035 -0.5147782793519994
vn -0.06407398298202258 -0.6301148704722154 -0.7738538458356349
vn -0.08532197449731455 -0.7627377816722423 -0.6410547847708389
vn -0.029914996461369015 -0.6027689583966462 -0.7973547991829851
vn -0.08532197449731455 -0.7627377816722423 -0.6410547847708389
vn 0.010714000079999302 -0.7759039990119205 -0.6307600134120707
vn -0.029914996461369015 -0.6027689583966462 -0.7973547991829851
vn -0.019783998616980585 -0.522775083091822 -0.8522410491739189
vn -0.059053982001654924 -0.5362029451591646 -0.8420208007005446
vn -0.029914996461369015 -0.6027689583966462 -0.7973547991829851
vn -0.019783998616980585 -0.522775083091822 -0.8522410491739189
vn -0.029914996461369015 -0.6027689583966462 -0.7973547991829851
vn -0.012333010371408335 -0.6018652939409735 -0.7985023887281266
vn -0.012333010371408335 -0.6018652939409735 -0.7985023887281266
vn -0.029914996461369015 -0.6027689583966462 -0.7973547991829851
vn 0.010714000079999302 -0.7759039990119205 -0.6307600134120707
vn -0.012333010371408335 -0.6018652939409735 -0.7985023887281266
vn 0.010714000079999302 -0.7759039990119205 -0.6307600134120707
vn 0.009138999077938496 -0.7681047965286121 -0.6402589321872778
vn 0.009138999077938496 -0.7681047965286121 -0.6402589321872778
vn 0.010714000079999302 -0.7759039990119205 -0.6307600134120707
vn 0.028952007913585022 -0.8568343505866035 -0.5147782793519994
vn 0.009138999077938496 -0.7681047965286121 -0.6402589321872778
vn 0.028952007913585022 -0.8568343505866035 -0.5147782793519994
vn 0.027976990969222876 -0.8569438236090773 -0.5146499501161568
vn 0.027976990969222876 -0.8569438236090773 -0.5146499501161568
vn 0.028952007913585022 -0.8568343505866035 -0.5147782793519994
vn 0.01856799094423975 -0.862683733534323 -0.5054028151955383
vn 0.027976990969222876 -0.8569438236090773 -0.5146499501161568
vn 0.01856799094423975 -0.862683733534323 -0.5054028151955383
vn 0.028370999760778406 -0.8654929720471777 -0.5001169880233197
vn 0.028370999760778406 -0.8654929720471777 -0.5001169880233197
vn 0.01856799094423975 -0.862683733534323 -0.5054028151955383
vn 0.002044999802482541 -0.9188829494830385 -0.39452495881142846
vn 0.01856799094423975 -0.862683733534323 -0.5054028151955383
vn -0.024821007630858132 -0.939619351696437 -0.3413200719233435
vn 0.002044999802482541 -0.9188829494830385 -0.39452495881142846
vn -0.005562001771591219 -0.9689913439765501 -0.2470320615523668
vn 0.002044999802482541 -0.9188829494830385 -0.39452495881142846
vn -0.024821007630858132 -0.939619351696437 -0.3413200719233435
vn -0.005562001771591219 -0.9689913439765501 -0.2470320615523668
vn -0.024821007630858132 -0.939619351696437 -0.3413200719233435
vn -0.04787099686497935 -0.9690409048603073 -0.24221497139250137
vn -0.004262999044942453 -0.9668617570465596 -0.25526490083829023
vn 0.004393999783516678 -0.9390080853175837 -0.3438669924172831
vn -0.005562001771591219 -0.9689913439765501 -0.2470320615523668
vn 0.004393999783516678 -0.9390080853175837 -0.3438669924172831
vn 0.002044999802482541 -0.9188829494830385 -0.39452495881142846
vn -0.005562001771591219 -0.9689913439765501 -0.2470320615523668
vn 0.004393999783516678 -0.9390080853175837 -0.3438669924172831
vn 0.022243997732633535 -0.8730639800593665 -0.48709803047001615
vn 0.002044999802482541 -0.9188829494830385 -0.39452495881142846
vn 0.022243997732633535 -0.8730639800593665 -0.48709803047001615
vn 0.028370999760778406 -0.8654929720471777 -0.5001169880233197
vn 0.002044999802482541 -0.9188829494830385 -0.39452495881142846
vn 0.022243997732633535 -0.8730639800593665 -0.48709803047001615
vn 0.0254970024356726 -0.8560728429389576 -0.5162259102846409
vn 0.028370999760778406 -0.8654929720471777 -0.5001169880233197
vn 0.0254970024356726 -0.8560728429389576 -0.5162259102846409
vn 0.027976990969222876 -0.8569438236090773 -0.5146499501161568
vn 0.028370999760778406 -0.8654929720471777 -0.5001169880233197
vn 0.0254970024356726 -0.8560728429389576 -0.5162259102846409
vn 0.014937000190970613 -0.7597951212523961 -0.649990968972917
vn 0.027976990969222876 -0.8569438236090773 -0.5146499501161568
vn 0.014937000190970613 -0.7597951212523961 -0.649990968972917
vn 0.009138999077938496 -0.7681047965286121 -0.6402589321872778
vn 0.027976990969222876 -0.8569438236090773 -0.5146499501161568
vn 0.014937000190970613 -0.7597951212523961 -0.649990968972917
vn -0.006542000864407446 -0.6020690747983 -0.7984172038453389
vn 0.009138999077938496 -0.7681047965286121 -0.6402589321872778
vn -0.006542000864407446 -0.6020690747983 -0.7984172038453389
vn -0.012333010371408335 -0.6018652939409735 -0.7985023887281266
vn 0.009138999077938496 -0.7681047965286121 -0.6402589321872778
vn -0.006542000864407446 -0.6020690747983 -0.7984172038453389
vn -0.018399987956680956 -0.49375977669031845 -0.8694036596230319
vn -0.012333010371408335 -0.6018652939409735 -0.7985023887281266
vn -0.018399987956680956 -0.49375977669031845 -0.8694036596230319
vn -0.019783998616980585 -0.522775083091822 -0.8522410491739189
vn -0.012333010371408335 -0.6018652939409735 -0.7985023887281266
vn -0.018399987956680956 -0.49375977669031845 -0.8694036596230319
vn -0.04425000026295783 -0.42067199940446376 -0.9061329959745309
vn -0.04808799740712365 -0.4632099691791726 -0.8849429749754515
vn -0.018399987956680956 -0.49375977669031845 -0.8694036596230319
vn -0.04808799740712365 -0.4632099691791726 -0.8849429749754515
vn -0.019783998616980585 -0.522775083091822 -0.8522410491739189
vn -0.9062334185120101 -0.42235221725347816 -0.018963010127788206
vn -0.9305925662736467 -0.3509487991666505 -0.10407889295968906
vn -0.763162791588459 -0.606776893027165 -0.2222709059306023
vn -0.9305925662736467 -0.3509487991666505 -0.10407889295968906
vn -0.7416160621130204 -0.5859739715970934 -0.3265579902968311
vn -0.763162791588459 -0.606776893027165 -0.2222709059306023
vn -0.763162791588459 -0.606776893027165 -0.2222709059306023
vn -0.7416160621130204 -0.5859739715970934 -0.3265579902968311
vn -0.3995390922899504 -0.7871461697807247 -0.4698610657754662
vn -0.7416160621130204 -0.5859739715970934 -0.3265579902968311
vn -0.39658279501019655 -0.816925550126495 -0.41875378476190983
vn -0.3995390922899504 -0.7871461697807247 -0.4698610657754662
vn -0.5771557170810759 -0.6650477141779214 -0.473922795513521
vn -0.39658279501019655 -0.816925550126495 -0.41875378476190983
vn -0.7416160621130204 -0.5859739715970934 -0.3265579902968311
vn -0.5771557170810759 -0.6650477141779214 -0.473922795513521
vn -0.7416160621130204 -0.5859739715970934 -0.3265579902968311
vn -0.8531108701462566 -0.20594898407246798 -0.4793608861784773
vn -0.8531108701462566 -0.20594898407246798 -0.4793608861784773
vn -0.7416160621130204 -0.5859739715970934 -0.3265579902968311
vn -0.9404530925005123 -0.10719799771727176 -0.3225780062118783
vn -0.7416160621130204 -0.5859739715970934 -0.3265579902968311
vn -0.9305925662736467 -0.3509487991666505 -0.10407889295968906
vn -0.9404530925005123 -0.10719799771727176 -0.3225780062118783
vn -0.5363361735296781 -0.4982371833241285 -0.6812512151304994
vn -0.5771557170810759 -0.6650477141779214 -0.473922795513521
vn -0.7003297758789093 -0.07815597898964058 -0.7095279049942769
vn -0.5771557170810759 -0.6650477141779214 -0.473922795513521
vn -0.8531108701462566 -0.20594898407246798 -0.4793608861784773
vn -0.7003297758789093 -0.07815597898964058 -0.7095279049942769
vn -0.7003297758789093 -0.07815597898964058 -0.7095279049942769
vn -0.8531108701462566 -0.20594898407246798 -0.4793608861784773
vn -0.7571527402258456 0.21950487671709842 -0.6152538801713523
vn -0.8531108701462566 -0.20594898407246798 -0.4793608861784773
vn -0.9404530925005123 -0.10719799771727176 -0.3225780062118783
vn -0.7571527402258456 0.21950487671709842 -0.6152538801713523
vn -0.3390999348351093 -0.1486070099114286 -0.9289387443744658
vn -0.7003297758789093 -0.07815597898964058 -0.7095279049942769
vn -0.3396629028590783 0.290311897078799 -0.8946217719437937
vn -0.7003297758789093 -0.07815597898964058 -0.7095279049942769
vn -0.7571527402258456 0.21950487671709842 -0.6152538801713523
vn -0.3396629028590783 0.290311897078799 -0.8946217719437937
vn -0.19618700155290125 -0.5460019627135447 -0.8144891141903855
vn -0.5363361735296781 -0.4982371833241285 -0.6812512151304994
vn -0.3390999348351093 -0.1486070099114286 -0.9289387443744658
vn -0.5363361735296781 -0.4982371833241285 -0.6812512151304994
vn -0.7003297758789093 -0.07815597898964058 -0.7095279049942769
vn -0.3390999348351093 -0.1486070099114286 -0.9289387443744658
vn -0.05064099853859165 -0.5542399693684109 -0.8308149888040763
vn -0.19618700155290125 -0.5460019627135447 -0.8144891141903855
vn -0.07202201436378185 -0.1485130802842765 -0.9862842868217355
vn -0.19618700155290125 -0.5460019627135447 -0.8144891141903855
vn -0.3390999348351093 -0.1486070099114286 -0.9289387443744658
vn -0.07202201436378185 -0.1485130802842765 -0.9862842868217355
vn -0.07202201436378185 -0.1485130802842765 -0.9862842868217355
vn -0.3390999348351093 -0.1486070099114286 -0.9289387443744658
vn -0.3396629028590783 0.290311897078799 -0.8946217719437937
vn -0.07202201436378185 -0.1485130802842765 -0.9862842868217355
vn -0.3396629028590783 0.290311897078799 -0.8946217719437937
vn -0.04054699603611195 0.24097098506312306 -0.9696849619696881
vn -0.004379999587942269 -0.06980599832038302 -0.9975509702276392
vn -0.07202201436378185 -0.1485130802842765 -0.9862842868217355
vn -0.04054699603611195 0.24097098506312306 -0.9696849619696881
vn -0.004379999587942269 -0.06980599832038302 -0.9975509702276392
vn -0.04054699603611195 0.24097098506312306 -0.9696849619696881
vn 0.0001239999915048491 0.2903949756696125 -0.9569068620977944
vn 0.006344999810764913 -0.4821349744976391 -0.8760739736709238
vn -0.05064099853859165 -0.5542399693684109 -0.8308149888040763
vn -0.07202201436378185 -0.1485130802842765 -0.9862842868217355
vn 0.006344999810764913 -0.4821349744976391 -0.8760739736709238
vn -0.07202201436378185 -0.1485130802842765 -0.9862842868217355
vn -0.004379999587942269 -0.06980599832038302 -0.9975509702276392
vn -0.7695548995724868 -0.6122658741581946 -0.18142699877714388
vn -0.763162791588459 -0.606776893027165 -0.2222709059306023
vn -0.3903347974211847 -0.733629790092334 -0.5562607994558313
vn -0.763162791588459 -0.606776893027165 -0.2222709059306023
vn -0.3995390922899504 -0.7871461697807247 -0.4698610657754662
vn -0.3903347974211847 -0.733629790092334 -0.5562607994558313
vn -0.88341200506508 -0.46854698740089085 0.006852000032450581
vn -0.9062334185120101 -0.42235221725347816 -0.018963010127788206
vn -0.763162791588459 -0.606776893027165 -0.2222709059306023
vn -0.88341200506508 -0.46854698740089085 0.006852000032450581
vn -0.763162791588459 -0.606776893027165 -0.2222709059306023
vn -0.7695548995724868 -0.6122658741581946 -0.18142699877714388
vn -0.8409311445802298 -0.5388070732356819 0.05021700813651939
vn -0.88341200506508 -0.46854698740089085 0.006852000032450581
vn -0.7695548995724868 -0.6122658741581946 -0.18142699877714388
vn -0.8409311445802298 -0.5388070732356819 0.05021700813651939
vn -0.7695548995724868 -0.6122658741581946 -0.18142699877714388
vn -0.695409086327544 -0.683063951697905 -0.22322598536893692
vn -0.695409086327544 -0.683063951697905 -0.22322598536893692
vn -0.7695548995724868 -0.6122658741581946 -0.18142699877714388
vn -0.3903347974211847 -0.733629790092334 -0.5562607994558313
vn -0.695409086327544 -0.683063951697905 -0.22322598536893692
vn -0.3903347974211847 -0.733629790092334 -0.5562607994558313
vn -0.36816296607818283 -0.7012319712538608 -0.6105159726820742
vn -0.5904648914820224 -0.7463418264007667 -0.30712390022903
vn -0.695409086327544 -0.683063951697905 -0.22322598536893692
vn -0.36816296607818283 -0.7012319712538608 -0.6105159726820742
vn -0.5904648914820224 -0.7463418264007667 -0.30712390022903
vn -0.36816296607818283 -0.7012319712538608 -0.6105159726820742
vn -0.34827380933741503 -0.694618514370975 -0.6294525186403381
vn -0.7315990952075221 -0.6665461194202446 0.14310497747230191
vn -0.8409311445802298 -0.5388070732356819 0.05021700813651939
vn -0.695409086327544 -0.683063951697905 -0.22322598536893692
vn -0.7315990952075221 -0.6665461194202446 0.14310497747230191
vn -0.695409086327544 -0.683063951697905 -0.22322598536893692
vn -0.5904648914820224 -0.7463418264007667 -0.30712390022903
vn -0.6066742651665447 -0.7526863213177472 0.2557530795235709
vn -0.7315990952075221 -0.6665461194202446 0.14310497747230191
vn -0.5673262058531399 -0.8078002677352535 -0.1599990737446113
vn -0.7315990952075221 -0.6665461194202446 0.14310497747230191
vn -0.5904648914820224 -0.7463418264007667 -0.30712390022903
vn -0.5673262058531399 -0.8078002677352535 -0.1599990737446113
vn -0.5673262058531399 -0.8078002677352535 -0.1599990737446113
vn -0.5904648914820224 -0.7463418264007667 -0.30712390022903
vn -0.34827380933741503 -0.694618514370975 -0.6294525186403381
vn -0.5673262058531399 -0.8078002677352535 -0.1599990737446113
vn -0.34827380933741503 -0.694618514370975 -0.6294525186403381
vn -0.33860779453015666 -0.7041126027596126 -0.6241555928760932
vn -0.46250697989477313 -0.8834369213023268 -0.07500999685696859
vn -0.5673262058531399 -0.8078002677352535 -0.1599990737446113
vn -0.3098739084220518 -0.7428957811880674 -0.5933666818858411
vn -0.5673262058531399 -0.8078002677352535 -0.1599990737446113
vn -0.33860779453015666 -0.7041126027596126 -0.6241555928760932
vn -0.3098739084220518 -0.7428957811880674 -0.5933666818858411
vn -0.45715213846065783 -0.8577031648429345 0.235281115517718
vn -0.6066742651665447 -0.7526863213177472 0.2557530795235709
vn -0.46250697989477313 -0.8834369213023268 -0.07500999685696859
vn -0.6066742651665447 -0.7526863213177472 0.2557530795235709
vn -0.5673262058531399 -0.8078002677352535 -0.1599990737446113
vn -0.46250697989477313 -0.8834369213023268 -0.07500999685696859
vn -0.2701080981470127 -0.9357721611386606 0.2266540927344669
vn -0.45715213846065783 -0.8577031648429345 0.235281115517718
vn -0.28390898604154974 -0.9536670808510628 -0.09957302117477106
vn -0.45715213846065783 -0.8577031648429345 0.235281115517718
vn -0.46250697989477313 -0.8834369213023268 -0.07500999685696859
vn -0.28390898604154974 -0.9536670808510628 -0.09957302117477106
vn -0.28390898604154974 -0.9536670808510628 -0.09957302117477106
vn -0.46250697989477313 -0.8834369213023268 -0.07500999685696859
vn -0.22891207344111134 -0.8445701208051317 -0.48404604499582105
vn -0.46250697989477313 -0.8834369213023268 -0.07500999685696859
vn -0.3098739084220518 -0.7428957811880674 -0.5933666818858411
vn -0.22891207344111134 -0.8445701208051317 -0.48404604499582105
vn -0.020808999760319545 -0.40554099110264596 -0.9138399696141871
vn -0.033240022807127165 -0.3666662257070698 -0.9297585599549562
vn -0.06636797985225437 -0.4367799094181308 -0.8971168273859431
vn -0.020808999760319545 -0.40554099110264596 -0.9138399696141871
vn -0.06636797985225437 -0.4367799094181308 -0.8971168273859431
vn -0.04425000026295783 -0.42067199940446376 -0.9061329959745309
vn -0.0022499998367527924 -0.4559879764478791 -0.889983091320112
vn -0.020808999760319545 -0.40554099110264596 -0.9138399696141871
vn -0.04425000026295783 -0.42067199940446376 -0.9061329959745309
vn -0.0022499998367527924 -0.4559879764478791 -0.889983091320112
vn -0.04425000026295783 -0.42067199940446376 -0.9061329959745309
vn -0.018399987956680956 -0.49375977669031845 -0.8694036596230319
vn 0.010022999170434211 -0.5942459377384083 -0.8042209304469944
vn -0.0022499998367527924 -0.4559879764478791 -0.889983091320112
vn -0.006542000864407446 -0.6020690747983 -0.7984172038453389
vn -0.0022499998367527924 -0.4559879764478791 -0.889983091320112
vn -0.018399987956680956 -0.49375977669031845 -0.8694036596230319
vn -0.006542000864407446 -0.6020690747983 -0.7984172038453389
vn 0.01533599928637997 -0.7739108258823189 -0.6331088695540723
vn 0.010022999170434211 -0.5942459377384083 -0.8042209304469944
vn 0.014937000190970613 -0.7597951212523961 -0.649990968972917
vn 0.010022999170434211 -0.5942459377384083 -0.8042209304469944
vn -0.006542000864407446 -0.6020690747983 -0.7984172038453389
vn 0.014937000190970613 -0.7597951212523961 -0.649990968972917
vn 0.02512300037809362 -0.8567389925351306 -0.5151379752278911
vn 0.01533599928637997 -0.7739108258823189 -0.6331088695540723
vn 0.0254970024356726 -0.8560728429389576 -0.5162259102846409
vn 0.01533599928637997 -0.7739108258823189 -0.6331088695540723
vn 0.014937000190970613 -0.7597951212523961 -0.649990968972917
vn 0.0254970024356726 -0.8560728429389576 -0.5162259102846409
vn 0.015655998825444228 -0.8878430056234642 -0.45988007900568073
vn 0.02512300037809362 -0.8567389925351306 -0.5151379752278911
vn 0.022243997732633535 -0.8730639800593665 -0.48709803047001615
vn 0.02512300037809362 -0.8567389925351306 -0.5151379752278911
vn 0.0254970024356726 -0.8560728429389576 -0.5162259102846409
vn 0.022243997732633535 -0.8730639800593665 -0.48709803047001615
vn -0.007957996812850867 -0.9460007051908383 -0.32406686974321064
vn 0.015655998825444228 -0.8878430056234642 -0.45988007900568073
vn 0.004393999783516678 -0.9390080853175837 -0.3438669924172831
vn 0.015655998825444228 -0.8878430056234642 -0.45988007900568073
vn 0.022243997732633535 -0.8730639800593665 -0.48709803047001615
vn 0.004393999783516678 -0.9390080853175837 -0.3438669924172831
vn -0.005875999993412164 -0.9661809726636521 -0.25779798425665945
vn -0.007957996812850867 -0.9460007051908383 -0.32406686974321064
vn -0.004262999044942453 -0.9668617570465596 -0.25526490083829023
vn -0.007957996812850867 -0.9460007051908383 -0.32406686974321064
vn 0.004393999783516678 -0.9390080853175837 -0.3438669924172831
vn -0.004262999044942453 -0.9668617570465596 -0.25526490083829023
vn -0.0102700007487431 -0.45907391518250484 -0.8883387121383528
vn 0.006344999810764913 -0.4821349744976391 -0.8760739736709238
vn -0.004379999587942269 -0.06980599832038302 -0.9975509702276392
vn -0.0102700007487431 -0.45907391518250484 -0.8883387121383528
vn -0.004379999587942269 -0.06980599832038302 -0.9975509702276392
vn -0.002907000596647173 -0.04052501427439659 -0.9991742953887429
vn -0.002907000596647173 -0.04052501427439659 -0.9991742953887429
vn -0.004379999587942269 -0.06980599832038302 -0.9975509702276392
vn 0.0001239999915048491 0.2903949756696125 -0.9569068620977944
vn -0.002907000596647173 -0.04052501427439659 -0.9991742953887429
vn 0.0001239999915048491 0.2903949756696125 -0.9569068620977944
vn 0.004169999770924398 0.3332229599726255 -0.942838835670759
vn -0.129986106942333 -0.9692805975124045 0.20880310172019187
vn -0.2701080981470127 -0.9357721611386606 0.2266540927344669
vn -0.12463398573220667 -0.9913296941396885 -0.041614986692485645
vn -0.2701080981470127 -0.9357721611386606 0.2266540927344669
vn -0.28390898604154974 -0.9536670808510628 -0.09957302117477106
vn -0.12463398573220667 -0.9913296941396885 -0.041614986692485645
vn -0.12463398573220667 -0.9913296941396885 -0.041614986692485645
vn -0.28390898604154974 -0.9536670808510628 -0.09957302117477106
vn -0.08715702926221851 -0.8323542678129181 -0.5473481753909534
vn -0.28390898604154974 -0.9536670808510628 -0.09957302117477106
vn -0.22891207344111134 -0.8445701208051317 -0.48404604499582105
vn -0.08715702926221851 -0.8323542678129181 -0.5473481753909534
vn -0.004559000623404132 -0.360093060843265 -0.932905248696696
vn -0.023033008620080855 -0.3193301687105347 -0.9473635647760624
vn -0.033240022807127165 -0.3666662257070698 -0.9297585599549562
vn -0.004559000623404132 -0.360093060843265 -0.932905248696696
vn -0.033240022807127165 -0.3666662257070698 -0.9297585599549562
vn -0.020808999760319545 -0.40554099110264596 -0.9138399696141871
vn 0.004908002973953197 -0.45511431067167585 -0.8904194942433892
vn -0.004559000623404132 -0.360093060843265 -0.932905248696696
vn -0.0022499998367527924 -0.4559879764478791 -0.889983091320112
vn -0.004559000623404132 -0.360093060843265 -0.932905248696696
vn -0.020808999760319545 -0.40554099110264596 -0.9138399696141871
vn -0.0022499998367527924 -0.4559879764478791 -0.889983091320112
vn 0.002083000016350822 -0.5975769127307148 -0.8018088890017119
vn 0.004908002973953197 -0.45511431067167585 -0.8904194942433892
vn 0.010022999170434211 -0.5942459377384083 -0.8042209304469944
vn 0.004908002973953197 -0.45511431067167585 -0.8904194942433892
vn -0.0022499998367527924 -0.4559879764478791 -0.889983091320112
vn 0.010022999170434211 -0.5942459377384083 -0.8042209304469944
vn -0.001420000025472516 -0.7337129916288131 -0.6794580410260994
vn 0.002083000016350822 -0.5975769127307148 -0.8018088890017119
vn 0.01533599928637997 -0.7739108258823189 -0.6331088695540723
vn 0.002083000016350822 -0.5975769127307148 -0.8018088890017119
vn 0.010022999170434211 -0.5942459377384083 -0.8042209304469944
vn 0.01533599928637997 -0.7739108258823189 -0.6331088695540723
vn 0.022260000763797694 -0.8488767680021223 -0.5281218847124841
vn -0.001420000025472516 -0.7337129916288131 -0.6794580410260994
vn 0.01533599928637997 -0.7739108258823189 -0.6331088695540723
vn 0.022260000763797694 -0.8488767680021223 -0.5281218847124841
vn 0.01533599928637997 -0.7739108258823189 -0.6331088695540723
vn 0.02512300037809362 -0.8567389925351306 -0.5151379752278911
vn 0.021090997223258474 -0.893513891849867 -0.44853995909777394
vn 0.022260000763797694 -0.8488767680021223 -0.5281218847124841
vn 0.02512300037809362 -0.8567389925351306 -0.5151379752278911
vn 0.021090997223258474 -0.893513891849867 -0.44853995909777394
vn 0.02512300037809362 -0.8567389925351306 -0.5151379752278911
vn 0.015655998825444228 -0.8878430056234642 -0.45988007900568073
vn -0.0005989999684083589 -0.9532091378568212 -0.30231106613105246
vn 0.021090997223258474 -0.893513891849867 -0.44853995909777394
vn -0.007957996812850867 -0.9460007051908383 -0.32406686974321064
vn 0.021090997223258474 -0.893513891849867 -0.44853995909777394
vn 0.015655998825444228 -0.8878430056234642 -0.45988007900568073
vn -0.007957996812850867 -0.9460007051908383 -0.32406686974321064
vn -0.003944999811657307 -0.9634578354242146 -0.26783098464549016
vn -0.0005989999684083589 -0.9532091378568212 -0.30231106613105246
vn -0.005875999993412164 -0.9661809726636521 -0.25779798425665945
vn -0.0005989999684083589 -0.9532091378568212 -0.30231106613105246
vn -0.007957996812850867 -0.9460007051908383 -0.32406686974321064
vn -0.005875999993412164 -0.9661809726636521 -0.25779798425665945
vn 0.0001019999970627449 -0.5230296794408782 -0.8523144631061782
vn -0.0102700007487431 -0.45907391518250484 -0.8883387121383528
vn -0.002907000596647173 -0.04052501427439659 -0.9991742953887429
vn 0.0001019999970627449 -0.5230296794408782 -0.8523144631061782
vn -0.002907000596647173 -0.04052501427439659 -0.9991742953887429
vn -0.0017339999396785983 0.03383099820296332 -0.9994260637009625
vn -0.0017339999396785983 0.03383099820296332 -0.9994260637009625
vn -0.002907000596647173 -0.04052501427439659 -0.9991742953887429
vn 0.004169999770924398 0.3332229599726255 -0.942838835670759
vn -0.0017339999396785983 0.03383099820296332 -0.9994260637009625
vn 0.004169999770924398 0.3332229599726255 -0.942838835670759
vn -0.0063249989559508515 0.27130090853822425 -0.9624737977807714
vn 0.022043001742368146 -0.984863914633179 0.17192200478006292
vn -0.129986106942333 -0.9692805975124045 0.20880310172019187
vn -0.12463398573220667 -0.9913296941396885 -0.041614986692485645
vn 0.022043001742368146 -0.984863914633179 0.17192200478006292
vn -0.12463398573220667 -0.9913296941396885 -0.041614986692485645
vn 0.009323998021455488 -0.9439597388820795 -0.32992889299146283
vn 0.009323998021455488 -0.9439597388820795 -0.32992889299146283
vn -0.12463398573220667 -0.9913296941396885 -0.041614986692485645
vn -0.08715702926221851 -0.8323542678129181 -0.5473481753909534
vn 0.009323998021455488 -0.9439597388820795 -0.32992889299146283
vn -0.08715702926221851 -0.8323542678129181 -0.5473481753909534
vn 0.0395009692949568 -0.768012502293852 -0.6392155111893757
vn -0.0014609998192636419 -0.3588730672444461 -0.9333852297342676
vn 0.0009159999786015798 -0.32201799351143945 -0.9467331053675611
vn -0.004559000623404132 -0.360093060843265 -0.932905248696696
vn 0.0009159999786015798 -0.32201799351143945 -0.9467331053675611
vn -0.023033008620080855 -0.3193301687105347 -0.9473635647760624
vn -0.004559000623404132 -0.360093060843265 -0.932905248696696
vn -0.007451004497673798 -0.46146822802167103 -0.8871254460664032
vn -0.0014609998192636419 -0.3588730672444461 -0.9333852297342676
vn 0.004908002973953197 -0.45511431067167585 -0.8904194942433892
vn -0.0014609998192636419 -0.3588730672444461 -0.9333852297342676
vn -0.004559000623404132 -0.360093060843265 -0.932905248696696
vn 0.004908002973953197 -0.45511431067167585 -0.8904194942433892
vn -0.006595996212950426 -0.6040257219585465 -0.7969375258114123
vn -0.007451004497673798 -0.46146822802167103 -0.8871254460664032
vn 0.002083000016350822 -0.5975769127307148 -0.8018088890017119
vn -0.007451004497673798 -0.46146822802167103 -0.8871254460664032
vn 0.004908002973953197 -0.45511431067167585 -0.8904194942433892
vn 0.002083000016350822 -0.5975769127307148 -0.8018088890017119
vn 0.004865000407635502 -0.7510801303553231 -0.6601931304977845
vn -0.006595996212950426 -0.6040257219585465 -0.7969375258114123
vn -0.001420000025472516 -0.7337129916288131 -0.6794580410260994
vn -0.006595996212950426 -0.6040257219585465 -0.7969375258114123
vn 0.002083000016350822 -0.5975769127307148 -0.8018088890017119
vn -0.001420000025472516 -0.7337129916288131 -0.6794580410260994
vn 0.031757978805317784 -0.8454195383258061 -0.5331577955907443
vn 0.004865000407635502 -0.7510801303553231 -0.6601931304977845
vn 0.022260000763797694 -0.8488767680021223 -0.5281218847124841
vn 0.004865000407635502 -0.7510801303553231 -0.6601931304977845
vn -0.001420000025472516 -0.7337129916288131 -0.6794580410260994
vn 0.022260000763797694 -0.8488767680021223 -0.5281218847124841
vn 0.0240360092651312 -0.9035551594401192 -0.427797082864934
vn 0.031757978805317784 -0.8454195383258061 -0.5331577955907443
vn 0.022260000763797694 -0.8488767680021223 -0.5281218847124841
vn 0.0240360092651312 -0.9035551594401192 -0.427797082864934
vn 0.022260000763797694 -0.8488767680021223 -0.5281218847124841
vn 0.021090997223258474 -0.893513891849867 -0.44853995909777394
vn -0.0007450000291194897 -0.9582150014157573 -0.28604799603695313
vn 0.0240360092651312 -0.9035551594401192 -0.427797082864934
vn -0.0005989999684083589 -0.9532091378568212 -0.30231106613105246
vn 0.0240360092651312 -0.9035551594401192 -0.427797082864934
vn 0.021090997223258474 -0.893513891849867 -0.44853995909777394
vn -0.0005989999684083589 -0.9532091378568212 -0.30231106613105246
vn -0.009200000936676708 -0.9649030953767638 -0.2624449971234069
vn -0.0007450000291194897 -0.9582150014157573 -0.28604799603695313
vn -0.0005989999684083589 -0.9532091378568212 -0.30231106613105246
vn -0.009200000936676708 -0.9649030953767638 -0.2624449971234069
vn -0.0005989999684083589 -0.9532091378568212 -0.30231106613105246
vn -0.003944999811657307 -0.9634578354242146 -0.26783098464549016
vn -0.0028679998449957153 -0.6172500021812852 -0.7867618504885024
vn 0.0001019999970627449 -0.5230296794408782 -0.8523144631061782
vn -0.004978001561638678 -0.1417139927873208 -0.9898951276517769
vn 0.0001019999970627449 -0.5230296794408782 -0.8523144631061782
vn -0.0017339999396785983 0.03383099820296332 -0.9994260637009625
vn -0.004978001561638678 -0.1417139927873208 -0.9898951276517769
vn -0.004978001561638678 -0.1417139927873208 -0.9898951276517769
vn -0.0017339999396785983 0.03383099820296332 -0.9994260637009625
vn -0.0063249989559508515 0.27130090853822425 -0.9624737977807714
vn -0.004978001561638678 -0.1417139927873208 -0.9898951276517769
vn -0.0063249989559508515 0.27130090853822425 -0.9624737977807714
vn -0.01854299913629338 0.18875999478545583 -0.9818481662414135
vn 0.16156798564565814 -0.9476989208214559 0.2752499618315183
vn 0.022043001742368146 -0.984863914633179 0.17192200478006292
vn 0.11643700048610268 -0.9692785529258372 -0.21665989881792713
vn 0.022043001742368146 -0.984863914633179 0.17192200478006292
vn 0.009323998021455488 -0.9439597388820795 -0.32992889299146283
vn 0.11643700048610268 -0.9692785529258372 -0.21665989881792713
vn 0.11643700048610268 -0.9692785529258372 -0.21665989881792713
vn 0.009323998021455488 -0.9439597388820795 -0.32992889299146283
vn 0.0395009692949568 -0.768012502293852 -0.6392155111893757
vn 0.11643700048610268 -0.9692785529258372 -0.21665989881792713
vn 0.0395009692949568 -0.768012502293852 -0.6392155111893757
vn 0.0993069900671411 -0.8252938726591453 -0.5559030000594305
vn 0.008530002683507266 -0.3788510710150398 -0.9254183405600823
vn 0.018204997607541337 -0.3504999398534217 -0.9363858020201167
vn -0.0014609998192636419 -0.3588730672444461 -0.9333852297342676
vn 0.018204997607541337 -0.3504999398534217 -0.9363858020201167
vn 0.0009159999786015798 -0.32201799351143945 -0.9467331053675611
vn -0.0014609998192636419 -0.3588730672444461 -0.9333852297342676
vn -0.003631997687724019 -0.4624507515706522 -0.886637530766962
vn 0.008530002683507266 -0.3788510710150398 -0.9254183405600823
vn -0.007451004497673798 -0.46146822802167103 -0.8871254460664032
vn 0.008530002683507266 -0.3788510710150398 -0.9254183405600823
vn -0.0014609998192636419 -0.3588730672444461 -0.9333852297342676
vn -0.007451004497673798 -0.46146822802167103 -0.8871254460664032
vn -0.0011620000043161792 -0.5966520925208558 -0.8024991777232386
vn -0.003631997687724019 -0.4624507515706522 -0.886637530766962
vn -0.006595996212950426 -0.6040257219585465 -0.7969375258114123
vn -0.003631997687724019 -0.4624507515706522 -0.886637530766962
vn -0.007451004497673798 -0.46146822802167103 -0.8871254460664032
vn -0.006595996212950426 -0.6040257219585465 -0.7969375258114123
vn -0.007136996834631907 -0.7243716715915529 -0.6893727182532261
vn -0.0011620000043161792 -0.5966520925208558 -0.8024991777232386
vn 0.004865000407635502 -0.7510801303553231 -0.6601931304977845
vn -0.0011620000043161792 -0.5966520925208558 -0.8024991777232386
vn -0.006595996212950426 -0.6040257219585465 -0.7969375258114123
vn 0.004865000407635502 -0.7510801303553231 -0.6601931304977845
vn 0.0005959999745336253 -0.8321601420253693 -0.5545350690518572
vn -0.007136996834631907 -0.7243716715915529 -0.6893727182532261
vn 0.004865000407635502 -0.7510801303553231 -0.6601931304977845
vn 0.0005959999745336253 -0.8321601420253693 -0.5545350690518572
vn 0.004865000407635502 -0.7510801303553231 -0.6601931304977845
vn 0.031757978805317784 -0.8454195383258061 -0.5331577955907443
vn 0.006885996755214358 -0.9138845450326867 -0.40591578116536225
vn 0.0005959999745336253 -0.8321601420253693 -0.5545350690518572
vn 0.031757978805317784 -0.8454195383258061 -0.5331577955907443
vn 0.006885996755214358 -0.9138845450326867 -0.40591578116536225
vn 0.031757978805317784 -0.8454195383258061 -0.5331577955907443
vn 0.0240360092651312 -0.9035551594401192 -0.427797082864934
vn -0.025594998540686222 -0.9624819201634317 -0.2701359831792415
vn 0.006885996755214358 -0.9138845450326867 -0.40591578116536225
vn -0.0007450000291194897 -0.9582150014157573 -0.28604799603695313
vn 0.006885996755214358 -0.9138845450326867 -0.40591578116536225
vn 0.0240360092651312 -0.9035551594401192 -0.427797082864934
vn -0.0007450000291194897 -0.9582150014157573 -0.28604799603695313
vn -0.018315999410282915 -0.9660407220576394 -0.2577398833940091
vn -0.025594998540686222 -0.9624819201634317 -0.2701359831792415
vn -0.0007450000291194897 -0.9582150014157573 -0.28604799603695313
vn -0.018315999410282915 -0.9660407220576394 -0.2577398833940091
vn -0.0007450000291194897 -0.9582150014157573 -0.28604799603695313
vn -0.009200000936676708 -0.9649030953767638 -0.2624449971234069
vn -0.009451000697176611 -0.6095970705197532 -0.7926550890516991
vn -0.0028679998449957153 -0.6172500021812852 -0.7867618504885024
vn -0.015755989038634174 -0.23037388244767834 -0.972974626131328
vn -0.0028679998449957153 -0.6172500021812852 -0.7867618504885024
vn -0.004978001561638678 -0.1417139927873208 -0.9898951276517769
vn -0.015755989038634174 -0.23037388244767834 -0.972974626131328
vn -0.015755989038634174 -0.23037388244767834 -0.972974626131328
vn -0.004978001561638678 -0.1417139927873208 -0.9898951276517769
vn -0.01854299913629338 0.18875999478545583 -0.9818481662414135
vn -0.015755989038634174 -0.23037388244767834 -0.972974626131328
vn -0.01854299913629338 0.18875999478545583 -0.9818481662414135
vn -0.02545698684224088 0.1379089824653112 -0.9901176972341704
vn 0.2255258823025848 -0.858331729406175 0.4608738642039118
vn 0.16156798564565814 -0.9476989208214559 0.2752499618315183
vn 0.1685769974636479 -0.9788901033588177 -0.11556799501723934
vn 0.16156798564565814 -0.9476989208214559 0.2752499618315183
vn 0.11643700048610268 -0.9692785529258372 -0.21665989881792713
vn 0.1685769974636479 -0.9788901033588177 -0.11556799501723934
vn 0.1685769974636479 -0.9788901033588177 -0.11556799501723934
vn 0.11643700048610268 -0.9692785529258372 -0.21665989881792713
vn 0.0993069900671411 -0.8252938726591453 -0.5559030000594305
vn 0.1685769974636479 -0.9788901033588177 -0.11556799501723934
vn 0.0993069900671411 -0.8252938726591453 -0.5559030000594305
vn 0.09765795613323167 -0.8867106352719932 -0.45189287768166697
vn 0.00983599766841655 -0.40403491554514237 -0.9146906800499809
vn 0.025878997676169205 -0.37585506345548 -0.9263170346885313
vn 0.008530002683507266 -0.3788510710150398 -0.9254183405600823
vn 0.025878997676169205 -0.37585506345548 -0.9263170346885313
vn 0.018204997607541337 -0.3504999398534217 -0.9363858020201167
vn 0.008530002683507266 -0.3788510710150398 -0.9254183405600823
vn -0.004631998528368964 -0.4845129705822821 -0.8747718136332274
vn 0.00983599766841655 -0.40403491554514237 -0.9146906800499809
vn -0.003631997687724019 -0.4624507515706522 -0.886637530766962
vn 0.00983599766841655 -0.40403491554514237 -0.9146906800499809
vn 0.008530002683507266 -0.3788510710150398 -0.9254183405600823
vn -0.003631997687724019 -0.4624507515706522 -0.886637530766962
vn -0.0003090000065947543 -0.6252319441863705 -0.7804389280961881
vn -0.004631998528368964 -0.4845129705822821 -0.8747718136332274
vn -0.0011620000043161792 -0.5966520925208558 -0.8024991777232386
vn -0.004631998528368964 -0.4845129705822821 -0.8747718136332274
vn -0.003631997687724019 -0.4624507515706522 -0.886637530766962
vn -0.0011620000043161792 -0.5966520925208558 -0.8024991777232386
vn -0.00628800269104083 -0.7303733261863156 -0.6830192277071674
vn -0.0003090000065947543 -0.6252319441863705 -0.7804389280961881
vn -0.007136996834631907 -0.7243716715915529 -0.6893727182532261
vn -0.0003090000065947543 -0.6252319441863705 -0.7804389280961881
vn -0.0011620000043161792 -0.5966520925208558 -0.8024991777232386
vn -0.007136996834631907 -0.7243716715915529 -0.6893727182532261
vn -0.013807989573771415 -0.8139836143111727 -0.580723699410357
vn -0.00628800269104083 -0.7303733261863156 -0.6830192277071674
vn -0.007136996834631907 -0.7243716715915529 -0.6893727182532261
vn -0.013807989573771415 -0.8139836143111727 -0.580723699410357
vn -0.007136996834631907 -0.7243716715915529 -0.6893727182532261
vn 0.0005959999745336253 -0.8321601420253693 -0.5545350690518572
vn -0.02526201149884768 -0.9186764543986736 -0.3942022360521487
vn -0.013807989573771415 -0.8139836143111727 -0.580723699410357
vn 0.0005959999745336253 -0.8321601420253693 -0.5545350690518572
vn -0.02526201149884768 -0.9186764543986736 -0.3942022360521487
vn 0.0005959999745336253 -0.8321601420253693 -0.5545350690518572
vn 0.006885996755214358 -0.9138845450326867 -0.40591578116536225
vn -0.038283992092530195 -0.9642187581738438 -0.26232903448751116
vn -0.02526201149884768 -0.9186764543986736 -0.3942022360521487
vn -0.025594998540686222 -0.9624819201634317 -0.2701359831792415
vn -0.02526201149884768 -0.9186764543986736 -0.3942022360521487
vn 0.006885996755214358 -0.9138845450326867 -0.40591578116536225
vn -0.025594998540686222 -0.9624819201634317 -0.2701359831792415
vn -0.039966005434039366 -0.9661411242327453 -0.2549000715494865
vn -0.038283992092530195 -0.9642187581738438 -0.26232903448751116
vn -0.025594998540686222 -0.9624819201634317 -0.2701359831792415
vn -0.039966005434039366 -0.9661411242327453 -0.2549000715494865
vn -0.025594998540686222 -0.9624819201634317 -0.2701359831792415
vn -0.018315999410282915 -0.9660407220576394 -0.2577398833940091
vn -0.020605011739445855 -0.5709471335856592 -0.820728215758138
vn -0.009451000697176611 -0.6095970705197532 -0.7926550890516991
vn -0.016808999278938256 -0.2496890958835181 -0.9681801552087875
vn -0.009451000697176611 -0.6095970705197532 -0.7926550890516991
vn -0.015755989038634174 -0.23037388244767834 -0.972974626131328
vn -0.016808999278938256 -0.2496890958835181 -0.9681801552087875
vn -0.016808999278938256 -0.2496890958835181 -0.9681801552087875
vn -0.015755989038634174 -0.23037388244767834 -0.972974626131328
vn -0.02545698684224088 0.1379089824653112 -0.9901176972341704
vn -0.016808999278938256 -0.2496890958835181 -0.9681801552087875
vn -0.02545698684224088 0.1379089824653112 -0.9901176972341704
vn -0.015347011353643546 0.1643821097196873 -0.9862773399235206
vn 0.019476999265290063 0.7129947701832561 -0.7008987831284526
vn 0.04479599378507476 0.6947728387984299 -0.7178328645365705
vn 0.2877569972345088 0.7325388482847 -0.6169138888826416
vn 0.04479599378507476 0.6947728387984299 -0.7178328645365705
vn 0.2805690960631025 0.6470081569182393 -0.7089861967736724
vn 0.2877569972345088 0.7325388482847 -0.6169138888826416
vn 0.2877569972345088 0.7325388482847 -0.6169138888826416
vn 0.2805690960631025 0.6470081569182393 -0.7089861967736724
vn 0.5840556920034989 0.5535016969971971 -0.593729584962327
vn 0.2877569972345088 0.7325388482847 -0.6169138888826416
vn 0.5840556920034989 0.5535016969971971 -0.593729584962327
vn 0.5378851427383005 0.7120149907514151 -0.45134712380457287
vn 0.5378851427383005 0.7120149907514151 -0.45134712380457287
vn 0.5840556920034989 0.5535016969971971 -0.593729584962327
vn 0.8637980113896964 0.45810299534738447 -0.2097489956423157
vn 0.5840556920034989 0.5535016969971971 -0.593729584962327
vn 0.8652423543955372 0.31000608777202243 -0.39402016915933746
vn 0.8637980113896964 0.45810299534738447 -0.2097489956423157
vn 0.8637980113896964 0.45810299534738447 -0.2097489956423157
vn 0.8652423543955372 0.31000608777202243 -0.39402016915933746
vn 0.9632595281589589 0.26531291283770786 -0.041714981631910425
vn 0.8652423543955372 0.31000608777202243 -0.39402016915933746
vn 0.9655642848176743 0.10206498163665124 -0.23930806799613574
vn 0.9632595281589589 0.26531291283770786 -0.041714981631910425
vn 0.9687838168365175 0.18384298308698507 0.16631197733581154
vn 0.9632595281589589 0.26531291283770786 -0.041714981631910425
vn 0.9973839421832646 -0.07164399571227185 0.009612999186016807
vn 0.9632595281589589 0.26531291283770786 -0.041714981631910425
vn 0.9655642848176743 0.10206498163665124 -0.23930806799613574
vn 0.9973839421832646 -0.07164399571227185 0.009612999186016807
vn 0.969021527475709 0.08810695518247588 0.23072590608147325
vn 0.9687838168365175 0.18384298308698507 0.16631197733581154
vn 0.9973839421832646 -0.07164399571227185 0.009612999186016807
vn 0.969021527475709 0.08810695518247588 0.23072590608147325
vn 0.9973839421832646 -0.07164399571227185 0.009612999186016807
vn 0.9690817679752313 -0.2370348894820035 0.06851998355410285
vn 0.9208082979483495 0.1758100839591652 0.3481420583723476
vn 0.969021527475709 0.08810695518247588 0.23072590608147325
vn 0.9573606290179861 -0.21252590501129998 0.19568690734286168
vn 0.969021527475709 0.08810695518247588 0.23072590608147325
vn 0.9690817679752313 -0.2370348894820035 0.06851998355410285
vn 0.9573606290179861 -0.21252590501129998 0.19568690734286168
vn 0.8588321216905179 0.2006960066030848 0.4713051025462573
vn 0.9208082979483495 0.1758100839591652 0.3481420583723476
vn 0.9246531844430658 -0.0696260193047973 0.3743911135898739
vn 0.9208082979483495 0.1758100839591652 0.3481420583723476
vn 0.9573606290179861 -0.21252590501129998 0.19568690734286168
vn 0.9246531844430658 -0.0696260193047973 0.3743911135898739
vn 0.7940648103596444 0.14517398406152726 0.5902419769045619
vn 0.8588321216905179 0.2006960066030848 0.4713051025462573
vn 0.8593517781954435 -0.04751298752304901 0.5091728953204047
vn 0.8588321216905179 0.2006960066030848 0.4713051025462573
vn 0.9246531844430658 -0.0696260193047973 0.3743911135898739
vn 0.8593517781954435 -0.04751298752304901 0.5091728953204047
vn 0.7013321366574559 0.11452199041709782 0.7035751188056568
vn 0.7940648103596444 0.14517398406152726 0.5902419769045619
vn 0.7553467554241781 -0.054383981125710544 0.6530648219488518
vn 0.7940648103596444 0.14517398406152726 0.5902419769045619
vn 0.8593517781954435 -0.04751298752304901 0.5091728953204047
vn 0.7553467554241781 -0.054383981125710544 0.6530648219488518
vn 0.5589589655633732 -0.09982999414505572 0.8231639247958588
vn 0.7013321366574559 0.11452199041709782 0.7035751188056568
vn 0.7553467554241781 -0.054383981125710544 0.6530648219488518
vn 0.5589589655633732 -0.09982999414505572 0.8231639247958588
vn 0.7553467554241781 -0.054383981125710544 0.6530648219488518
vn 0.6586089556548794 -0.25125499897099446 0.7092990688160211
vn 0.4190751014238945 -0.36715111119781485 0.8304072018671095
vn 0.5589589655633732 -0.09982999414505572 0.8231639247958588
vn 0.6586089556548794 -0.25125499897099446 0.7092990688160211
vn 0.4190751014238945 -0.36715111119781485 0.8304072018671095
vn 0.6586089556548794 -0.25125499897099446 0.7092990688160211
vn 0.5475749967741221 -0.5411369798846899 0.6382259724494898
vn 0.7013321366574559 0.11452199041709782 0.7035751188056568
vn 0.8230830372174702 0.14980198741206743 0.5478080671295916
vn 0.7940648103596444 0.14517398406152726 0.5902419769045619
vn 0.8230830372174702 0.14980198741206743 0.5478080671295916
vn 0.8791339534396554 0.18698199607045274 0.4383619794816505
vn 0.7940648103596444 0.14517398406152726 0.5902419769045619
vn 0.8791339534396554 0.18698199607045274 0.4383619794816505
vn 0.9126303516007767 0.22573211090645026 0.3408091187787688
vn 0.8588321216905179 0.2006960066030848 0.4713051025462573
vn 0.8791339534396554 0.18698199607045274 0.4383619794816505
vn 0.8588321216905179 0.2006960066030848 0.4713051025462573
vn 0.7940648103596444 0.14517398406152726 0.5902419769045619
vn 0.9126303516007767 0.22573211090645026 0.3408091187787688
vn 0.9169915537746899 0.25128289024669703 0.30981187739521293
vn 0.8588321216905179 0.2006960066030848 0.4713051025462573
vn 0.9169915537746899 0.25128289024669703 0.30981187739521293
vn 0.9208082979483495 0.1758100839591652 0.3481420583723476
vn 0.8588321216905179 0.2006960066030848 0.4713051025462573
vn 0.9169915537746899 0.25128289024669703 0.30981187739521293
vn 0.9211743096245917 0.28370509223878265 0.26636312043043936
vn 0.9208082979483495 0.1758100839591652 0.3481420583723476
vn 0.9211743096245917 0.28370509223878265 0.26636312043043936
vn 0.969021527475709 0.08810695518247588 0.23072590608147325
vn 0.9208082979483495 0.1758100839591652 0.3481420583723476
vn 0.9211743096245917 0.28370509223878265 0.26636312043043936
vn 0.9413149011959352 0.2926070172182644 0.16824800225000372
vn 0.9687838168365175 0.18384298308698507 0.16631197733581154
vn 0.9211743096245917 0.28370509223878265 0.26636312043043936
vn 0.9687838168365175 0.18384298308698507 0.16631197733581154
vn 0.969021527475709 0.08810695518247588 0.23072590608147325
vn 0.9511962819010592 0.2814039794276938 0.12663898949320032
vn 0.9632595281589589 0.26531291283770786 -0.041714981631910425
vn 0.9687838168365175 0.18384298308698507 0.16631197733581154
vn 0.9511962819010592 0.2814039794276938 0.12663898949320032
vn 0.9687838168365175 0.18384298308698507 0.16631197733581154
vn 0.9413149011959352 0.2926070172182644 0.16824800225000372
vn 0.8637980113896964 0.45810299534738447 -0.2097489956423157
vn 0.9632595281589589 0.26531291283770786 -0.041714981631910425
vn 0.920165938120285 0.3909359155454918 -0.021535000808539304
vn 0.9632595281589589 0.26531291283770786 -0.041714981631910425
vn 0.9511962819010592 0.2814039794276938 0.12663898949320032
vn 0.920165938120285 0.3909359155454918 -0.021535000808539304
vn 0.9684045551805492 0.19194092017521622 0.15922091780872824
vn 0.9997992668222543 0.013065999725669283 0.015188999731774152
vn 0.9998122734624527 0.017892000903486725 0.007436002791248142
vn 0.9684045551805492 0.19194092017521622 0.15922091780872824
vn 0.9998122734624527 0.017892000903486725 0.007436002791248142
vn 0.9707687595985284 0.21332401074109542 0.11000400824000771
vn 0.9707687595985284 0.21332401074109542 0.11000400824000771
vn 0.9998122734624527 0.017892000903486725 0.007436002791248142
vn 0.9997093956783983 0.023269008583054446 -0.00629900245222074
vn 0.9707687595985284 0.21332401074109542 0.11000400824000771
vn 0.9997093956783983 0.023269008583054446 -0.00629900245222074
vn 0.9717149457219816 0.22965598941180826 0.055028999516706895
vn 0.9796852044744547 0.13360800082713448 0.14955200516483264
vn 0.9998497293976376 0.008378998814815143 0.01517600086755478
vn 0.9997992668222543 0.013065999725669283 0.015188999731774152
vn 0.9796852044744547 0.13360800082713448 0.14955200516483264
vn 0.9997992668222543 0.013065999725669283 0.015188999731774152
vn 0.9684045551805492 0.19194092017521622 0.15922091780872824
vn 0.9737383766259626 0.13387699484341076 0.1841481038119385
vn 0.9998369950371144 0.010816998570055358 0.014455998654148192
vn 0.9998497293976376 0.008378998814815143 0.01517600086755478
vn 0.9737383766259626 0.13387699484341076 0.1841481038119385
vn 0.9998497293976376 0.008378998814815143 0.01517600086755478
vn 0.9796852044744547 0.13360800082713448 0.14955200516483264
vn 0.9750466134924831 0.10833000073552963 0.1937749015158575
vn 0.9998969339044335 0.005474999633376985 0.0132719986259573
vn 0.9998369950371144 0.010816998570055358 0.014455998654148192
vn 0.9750466134924831 0.10833000073552963 0.1937749015158575
vn 0.9998369950371144 0.010816998570055358 0.014455998654148192
vn 0.9737383766259626 0.13387699484341076 0.1841481038119385
vn 0.9712930778194321 0.06330200938831614 0.22930898932980365
vn 0.9998937428391531 0.004220998670028269 0.013952999725406475
vn 0.9998969339044335 0.005474999633376985 0.0132719986259573
vn 0.9712930778194321 0.06330200938831614 0.22930898932980365
vn 0.9998969339044335 0.005474999633376985 0.0132719986259573
vn 0.9750466134924831 0.10833000073552963 0.1937749015158575
vn 0.9717149457219816 0.22965598941180826 0.055028999516706895
vn 0.9997093956783983 0.023269008583054446 -0.00629900245222074
vn 0.9995121719274956 0.026139006007653853 -0.017092996627632397
vn 0.9717149457219816 0.22965598941180826 0.055028999516706895
vn 0.9995121719274956 0.026139006007653853 -0.017092996627632397
vn 0.9743025298562994 0.22485491508908897 0.013222990429299768
vn 0.9740592855102074 -0.20909209587568767 0.08653903023293423
vn 0.9998823865123072 -0.015250008391496645 0.0016280007715790826
vn 0.9786719788540924 -0.16939598968509148 0.11621599065715185
vn 0.9998823865123072 -0.015250008391496645 0.0016280007715790826
vn 0.9999791110853684 -0.0060420010328795515 0.0022960000947768685
vn 0.9786719788540924 -0.16939598968509148 0.11621599065715185
vn 0.9761850734404046 -0.21604399162884916 -0.019689999320106264
vn 0.9998662361060846 -0.014887001156717128 -0.006774001152308454
vn 0.9744153248816302 -0.22172407097846594 0.036786016155100104
vn 0.9998662361060846 -0.014887001156717128 -0.006774001152308454
vn 0.9998538752602621 -0.01655999887706909 -0.004242000026840745
vn 0.9744153248816302 -0.22172407097846594 0.036786016155100104
vn 0.9740592855102074 -0.20909209587568767 0.08653903023293423
vn 0.9744153248816302 -0.22172407097846594 0.036786016155100104
vn 0.9998538752602621 -0.01655999887706909 -0.004242000026840745
vn 0.9740592855102074 -0.20909209587568767 0.08653903023293423
vn 0.9998538752602621 -0.01655999887706909 -0.004242000026840745
vn 0.9998823865123072 -0.015250008391496645 0.0016280007715790826
vn 0.9757415233272609 -0.14707489578555974 0.16216489966901845
vn 0.9786719788540924 -0.16939598968509148 0.11621599065715185
vn 0.9998745176094868 -0.007692996293016338 0.013847990584623385
vn 0.9786719788540924 -0.16939598968509148 0.11621599065715185
vn 0.9999791110853684 -0.0060420010328795515 0.0022960000947768685
vn 0.9998745176094868 -0.007692996293016338 0.013847990584623385
vn 0.9744032880723932 -0.11087698918167922 0.19556207572971523
vn 0.9757415233272609 -0.14707489578555974 0.16216489966901845
vn 0.9997847670319912 0.001530999924070564 0.020689989125652546
vn 0.9757415233272609 -0.14707489578555974 0.16216489966901845
vn 0.9998745176094868 -0.007692996293016338 0.013847990584623385
vn 0.9997847670319912 0.001530999924070564 0.020689989125652546
vn 0.97759202727698 -0.07229500392545692 0.19770498378114362
vn 0.9744032880723932 -0.11087698918167922 0.19556207572971523
vn 0.9998076538084607 0.0034489988086772744 0.019306988196993755
vn 0.9744032880723932 -0.11087698918167922 0.19556207572971523
vn 0.9997847670319912 0.001530999924070564 0.020689989125652546
vn 0.9998076538084607 0.0034489988086772744 0.019306988196993755
vn 0.9789958706335368 -0.041464997259939816 0.1996189852812515
vn 0.97759202727698 -0.07229500392545692 0.19770498378114362
vn 0.9998914907451788 -0.0036019979869904278 0.014283989144691216
vn 0.97759202727698 -0.07229500392545692 0.19770498378114362
vn 0.9998076538084607 0.0034489988086772744 0.019306988196993755
vn 0.9998914907451788 -0.0036019979869904278 0.014283989144691216
vn 0.9784758310689406 -0.014618998803274596 0.20584298114809668
vn 0.9789958706335368 -0.041464997259939816 0.1996189852812515
vn 0.9998748156907241 -0.0008809999491446127 0.015797999447090802
vn 0.9789958706335368 -0.041464997259939816 0.1996189852812515
vn 0.9998914907451788 -0.0036019979869904278 0.014283989144691216
vn 0.9998748156907241 -0.0008809999491446127 0.015797999447090802
vn 0.9774451326664412 0.015512999244987287 0.21061899126410358
vn 0.9784758310689406 -0.014618998803274596 0.20584298114809668
vn 0.999894133433935 0.0006070000544843711 0.014538001077663301
vn 0.9784758310689406 -0.014618998803274596 0.20584298114809668
vn 0.9998748156907241 -0.0008809999491446127 0.015797999447090802
vn 0.999894133433935 0.0006070000544843711 0.014538001077663301
vn 0.9774451326664412 0.015512999244987287 0.21061899126410358
vn 0.999894133433935 0.0006070000544843711 0.014538001077663301
vn 0.9998937428391531 0.004220998670028269 0.013952999725406475
vn 0.9774451326664412 0.015512999244987287 0.21061899126410358
vn 0.9998937428391531 0.004220998670028269 0.013952999725406475
vn 0.9712930778194321 0.06330200938831614 0.22930898932980365
vn 0.9743025298562994 0.22485491508908897 0.013222990429299768
vn 0.9995121719274956 0.026139006007653853 -0.017092996627632397
vn 0.9994298452821205 0.03325299797905602 -0.005849998697558966
vn 0.9743025298562994 0.22485491508908897 0.013222990429299768
vn 0.9994298452821205 0.03325299797905602 -0.005849998697558966
vn 0.9695218320363963 0.2444629845895591 -0.016287000041585124
vn 0.974928811138782 0.21920097508018876 -0.03827199675239737
vn 0.9695218320363963 0.2444629845895591 -0.016287000041585124
vn 0.9994298452821205 0.03325299797905602 -0.005849998697558966
vn 0.974928811138782 0.21920097508018876 -0.03827199675239737
vn 0.9994298452821205 0.03325299797905602 -0.005849998697558966
vn 0.9995558180624533 0.027408998465004795 0.011700999130197457
vn 0.9766774363243187 0.1947940953188834 -0.0903130433761041
vn 0.974928811138782 0.21920097508018876 -0.03827199675239737
vn 0.9995558180624533 0.027408998465004795 0.011700999130197457
vn 0.9766774363243187 0.1947940953188834 -0.0903130433761041
vn 0.9995558180624533 0.027408998465004795 0.011700999130197457
vn 0.9997114215795182 0.022878007721938987 0.007326003421630048
vn 0.9785654986762117 0.16762390468773672 -0.11963189949931262
vn 0.9766774363243187 0.1947940953188834 -0.0903130433761041
vn 0.9997114215795182 0.022878007721938987 0.007326003421630048
vn 0.9785654986762117 0.16762390468773672 -0.11963189949931262
vn 0.9997114215795182 0.022878007721938987 0.007326003421630048
vn 0.999850942771901 0.017028999669286983 -0.0028469998953241996
vn 0.9758297843245548 0.14337700667437023 -0.16492199969134
vn 0.9785654986762117 0.16762390468773672 -0.11963189949931262
vn 0.999850942771901 0.017028999669286983 -0.0028469998953241996
vn 0.9758297843245548 0.14337700667437023 -0.16492199969134
vn 0.999850942771901 0.017028999669286983 -0.0028469998953241996
vn 0.9998497002088499 0.009609998426059172 -0.014430000780451495
vn 0.9767497502956954 0.11441099321608898 -0.1813009926299488
vn 0.9758297843245548 0.14337700667437023 -0.16492199969134
vn 0.9998497002088499 0.009609998426059172 -0.014430000780451495
vn 0.9767497502956954 0.11441099321608898 -0.1813009926299488
vn 0.9998497002088499 0.009609998426059172 -0.014430000780451495
vn 0.9998638215104553 0.007897998339157974 -0.014489998507355278
vn 0.9752183579947112 0.0769270240791847 -0.20744008097862776
vn 0.9767497502956954 0.11441099321608898 -0.1813009926299488
vn 0.9998638215104553 0.007897998339157974 -0.014489998507355278
vn 0.9752183579947112 0.0769270240791847 -0.20744008097862776
vn 0.9998638215104553 0.007897998339157974 -0.014489998507355278
vn 0.9998524844946349 0.006284003183642342 -0.015985010287569806
vn 0.9763621988487543 0.04488000882955313 -0.21142999188072892
vn 0.9752183579947112 0.0769270240791847 -0.20744008097862776
vn 0.9998524844946349 0.006284003183642342 -0.015985010287569806
vn 0.9763621988487543 0.04488000882955313 -0.21142999188072892
vn 0.9998524844946349 0.006284003183642342 -0.015985010287569806
vn 0.9998944035575581 0.001298000911139554 -0.014474008702146853
vn 0.9723960671398383 0.003444999891649492 -0.23331099542610803
vn 0.9763621988487543 0.04488000882955313 -0.21142999188072892
vn 0.9998944035575581 0.001298000911139554 -0.014474008702146853
vn 0.9723960671398383 0.003444999891649492 -0.23331099542610803
vn 0.9998944035575581 0.001298000911139554 -0.014474008702146853
vn 0.999840581040375 0.003931999064419848 -0.017416999977114118
vn 0.9795530589636532 -0.021563998375578472 -0.2000269948007215
vn 0.9723960671398383 0.003444999891649492 -0.23331099542610803
vn 0.999840581040375 0.003931999064419848 -0.017416999977114118
vn 0.9795530589636532 -0.021563998375578472 -0.2000269948007215
vn 0.999840581040375 0.003931999064419848 -0.017416999977114118
vn 0.9998942877164996 -0.007519002305600257 -0.012444998844620893
vn 0.9688698965035987 -0.08462499061608222 -0.23265797775346952
vn 0.9795530589636532 -0.021563998375578472 -0.2000269948007215
vn 0.9998942877164996 -0.007519002305600257 -0.012444998844620893
vn 0.9688698965035987 -0.08462499061608222 -0.23265797775346952
vn 0.9998942877164996 -0.007519002305600257 -0.012444998844620893
vn 0.9998253055793115 -0.014289998705323118 -0.012047998183855123
vn 0.9815482186074941 -0.09861602175378259 -0.1638229983912899
vn 0.9688698965035987 -0.08462499061608222 -0.23265797775346952
vn 0.9998253055793115 -0.014289998705323118 -0.012047998183855123
vn 0.9815482186074941 -0.09861602175378259 -0.1638229983912899
vn 0.9998253055793115 -0.014289998705323118 -0.012047998183855123
vn 0.9998688483540601 -0.009568999677259238 -0.013065999246212219
vn 0.9717370922245047 -0.16224999816843236 -0.171470002301884
vn 0.9815482186074941 -0.09861602175378259 -0.1638229983912899
vn 0.9998688483540601 -0.009568999677259238 -0.013065999246212219
vn 0.9717370922245047 -0.16224999816843236 -0.171470002301884
vn 0.9998688483540601 -0.009568999677259238 -0.013065999246212219
vn 0.9998298891415357 -0.0101140001869431 -0.015424000111607538
vn 0.9788334459993884 -0.17108208547279863 -0.1123209910178892
vn 0.9717370922245047 -0.16224999816843236 -0.171470002301884
vn 0.9998298891415357 -0.0101140001869431 -0.015424000111607538
vn 0.9788334459993884 -0.17108208547279863 -0.1123209910178892
vn 0.9998298891415357 -0.0101140001869431 -0.015424000111607538
vn 0.9998759308606063 -0.014482998826769088 -0.006193999565695299
vn 0.9752405547096388 -0.20745491047149545 -0.07660496440113924
vn 0.9788334459993884 -0.17108208547279863 -0.1123209910178892
vn 0.9998759308606063 -0.014482998826769088 -0.006193999565695299
vn 0.9752405547096388 -0.20745491047149545 -0.07660496440113924
vn 0.9998759308606063 -0.014482998826769088 -0.006193999565695299
vn 0.9998831890786192 -0.015281000391328261 0.0003150000165192856
vn 0.9761850734404046 -0.21604399162884916 -0.019689999320106264
vn 0.9752405547096388 -0.20745491047149545 -0.07660496440113924
vn 0.9998831890786192 -0.015281000391328261 0.0003150000165192856
vn 0.9761850734404046 -0.21604399162884916 -0.019689999320106264
vn 0.9998831890786192 -0.015281000391328261 0.0003150000165192856
vn 0.9998662361060846 -0.014887001156717128 -0.006774001152308454
vn 0.9211743096245917 0.28370509223878265 0.26636312043043936
vn 0.9684045551805492 0.19194092017521622 0.15922091780872824
vn 0.9413149011959352 0.2926070172182644 0.16824800225000372
vn 0.9684045551805492 0.19194092017521622 0.15922091780872824
vn 0.9707687595985284 0.21332401074109542 0.11000400824000771
vn 0.9413149011959352 0.2926070172182644 0.16824800225000372
vn 0.9511962819010592 0.2814039794276938 0.12663898949320032
vn 0.9413149011959352 0.2926070172182644 0.16824800225000372
vn 0.9707687595985284 0.21332401074109542 0.11000400824000771
vn 0.9511962819010592 0.2814039794276938 0.12663898949320032
vn 0.9707687595985284 0.21332401074109542 0.11000400824000771
vn 0.9717149457219816 0.22965598941180826 0.055028999516706895
vn 0.9796852044744547 0.13360800082713448 0.14955200516483264
vn 0.9684045551805492 0.19194092017521622 0.15922091780872824
vn 0.9169915537746899 0.25128289024669703 0.30981187739521293
vn 0.9684045551805492 0.19194092017521622 0.15922091780872824
vn 0.9211743096245917 0.28370509223878265 0.26636312043043936
vn 0.9169915537746899 0.25128289024669703 0.30981187739521293
vn 0.9737383766259626 0.13387699484341076 0.1841481038119385
vn 0.9796852044744547 0.13360800082713448 0.14955200516483264
vn 0.9169915537746899 0.25128289024669703 0.30981187739521293
vn 0.9737383766259626 0.13387699484341076 0.1841481038119385
vn 0.9169915537746899 0.25128289024669703 0.30981187739521293
vn 0.9126303516007767 0.22573211090645026 0.3408091187787688
vn 0.9750466134924831 0.10833000073552963 0.1937749015158575
vn 0.9737383766259626 0.13387699484341076 0.1841481038119385
vn 0.9126303516007767 0.22573211090645026 0.3408091187787688
vn 0.9750466134924831 0.10833000073552963 0.1937749015158575
vn 0.9126303516007767 0.22573211090645026 0.3408091187787688
vn 0.8791339534396554 0.18698199607045274 0.4383619794816505
vn 0.9712930778194321 0.06330200938831614 0.22930898932980365
vn 0.9750466134924831 0.10833000073552963 0.1937749015158575
vn 0.8791339534396554 0.18698199607045274 0.4383619794816505
vn 0.9712930778194321 0.06330200938831614 0.22930898932980365
vn 0.8791339534396554 0.18698199607045274 0.4383619794816505
vn 0.8230830372174702 0.14980198741206743 0.5478080671295916
vn 0.920165938120285 0.3909359155454918 -0.021535000808539304
vn 0.9511962819010592 0.2814039794276938 0.12663898949320032
vn 0.9717149457219816 0.22965598941180826 0.055028999516706895
vn 0.920165938120285 0.3909359155454918 -0.021535000808539304
vn 0.9717149457219816 0.22965598941180826 0.055028999516706895
vn 0.9743025298562994 0.22485491508908897 0.013222990429299768
vn 0.8893008519963598 -0.41905187108203434 0.18313799163798497
vn 0.9740592855102074 -0.20909209587568767 0.08653903023293423
vn 0.9786719788540924 -0.16939598968509148 0.11621599065715185
vn 0.8893008519963598 -0.41905187108203434 0.18313799163798497
vn 0.9786719788540924 -0.16939598968509148 0.11621599065715185
vn 0.8927501341702128 -0.363014032812863 0.2668670266631095
vn 0.8906602149394457 -0.453337097323089 -0.03478300899428254
vn 0.9761850734404046 -0.21604399162884916 -0.019689999320106264
vn 0.9744153248816302 -0.22172407097846594 0.036786016155100104
vn 0.8906602149394457 -0.453337097323089 -0.03478300899428254
vn 0.9744153248816302 -0.22172407097846594 0.036786016155100104
vn 0.8908652640702478 -0.4433310618132339 0.0990790134417893
vn 0.8893008519963598 -0.41905187108203434 0.18313799163798497
vn 0.8908652640702478 -0.4433310618132339 0.0990790134417893
vn 0.9740592855102074 -0.20909209587568767 0.08653903023293423
vn 0.8908652640702478 -0.4433310618132339 0.0990790134417893
vn 0.9744153248816302 -0.22172407097846594 0.036786016155100104
vn 0.9740592855102074 -0.20909209587568767 0.08653903023293423
vn 0.887405124134828 -0.3028950673317612 0.34751506995429443
vn 0.8927501341702128 -0.363014032812863 0.2668670266631095
vn 0.9757415233272609 -0.14707489578555974 0.16216489966901845
vn 0.8927501341702128 -0.363014032812863 0.2668670266631095
vn 0.9786719788540924 -0.16939598968509148 0.11621599065715185
vn 0.9757415233272609 -0.14707489578555974 0.16216489966901845
vn 0.8829353686564699 -0.23184308951332408 0.4082571697109314
vn 0.887405124134828 -0.3028950673317612 0.34751506995429443
vn 0.9744032880723932 -0.11087698918167922 0.19556207572971523
vn 0.887405124134828 -0.3028950673317612 0.34751506995429443
vn 0.9757415233272609 -0.14707489578555974 0.16216489966901845
vn 0.9744032880723932 -0.11087698918167922 0.19556207572971523
vn 0.8874637389392606 -0.15815400479782796 0.4328919297403875
vn 0.8829353686564699 -0.23184308951332408 0.4082571697109314
vn 0.97759202727698 -0.07229500392545692 0.19770498378114362
vn 0.8829353686564699 -0.23184308951332408 0.4082571697109314
vn 0.9744032880723932 -0.11087698918167922 0.19556207572971523
vn 0.97759202727698 -0.07229500392545692 0.19770498378114362
vn 0.8840249836198936 -0.07765000365659289 0.46094501328030224
vn 0.8874637389392606 -0.15815400479782796 0.4328919297403875
vn 0.9789958706335368 -0.041464997259939816 0.1996189852812515
vn 0.8874637389392606 -0.15815400479782796 0.4328919297403875
vn 0.97759202727698 -0.07229500392545692 0.19770498378114362
vn 0.9789958706335368 -0.041464997259939816 0.1996189852812515
vn 0.8773780590250507 -0.00817300056011919 0.4797300736906941
vn 0.8840249836198936 -0.07765000365659289 0.46094501328030224
vn 0.9784758310689406 -0.014618998803274596 0.20584298114809668
vn 0.8840249836198936 -0.07765000365659289 0.46094501328030224
vn 0.9789958706335368 -0.041464997259939816 0.1996189852812515
vn 0.9784758310689406 -0.014618998803274596 0.20584298114809668
vn 0.8730102666133119 0.056051018864270274 0.4844701824385388
vn 0.8773780590250507 -0.00817300056011919 0.4797300736906941
vn 0.9774451326664412 0.015512999244987287 0.21061899126410358
vn 0.8773780590250507 -0.00817300056011919 0.4797300736906941
vn 0.9784758310689406 -0.014618998803274596 0.20584298114809668
vn 0.9774451326664412 0.015512999244987287 0.21061899126410358
vn 0.8730102666133119 0.056051018864270274 0.4844701824385388
vn 0.9774451326664412 0.015512999244987287 0.21061899126410358
vn 0.9712930778194321 0.06330200938831614 0.22930898932980365
vn 0.8730102666133119 0.056051018864270274 0.4844701824385388
vn 0.9712930778194321 0.06330200938831614 0.22930898932980365
vn 0.8230830372174702 0.14980198741206743 0.5478080671295916
vn 0.920165938120285 0.3909359155454918 -0.021535000808539304
vn 0.9743025298562994 0.22485491508908897 0.013222990429299768
vn 0.8946100575374135 0.4436900668673716 -0.053028006903268664
vn 0.9743025298562994 0.22485491508908897 0.013222990429299768
vn 0.9695218320363963 0.2444629845895591 -0.016287000041585124
vn 0.8946100575374135 0.4436900668673716 -0.053028006903268664
vn 0.8752888000077633 0.4715259158685297 -0.10739100169620304
vn 0.8946100575374135 0.4436900668673716 -0.053028006903268664
vn 0.9695218320363963 0.2444629845895591 -0.016287000041585124
vn 0.8752888000077633 0.4715259158685297 -0.10739100169620304
vn 0.9695218320363963 0.2444629845895591 -0.016287000041585124
vn 0.974928811138782 0.21920097508018876 -0.03827199675239737
vn 0.8803542906195689 0.43483510879147 -0.18945910152332657
vn 0.8752888000077633 0.4715259158685297 -0.10739100169620304
vn 0.974928811138782 0.21920097508018876 -0.03827199675239737
vn 0.8803542906195689 0.43483510879147 -0.18945910152332657
vn 0.974928811138782 0.21920097508018876 -0.03827199675239737
vn 0.9766774363243187 0.1947940953188834 -0.0903130433761041
vn 0.8984093313671996 0.357118109612674 -0.2555921147042911
vn 0.8803542906195689 0.43483510879147 -0.18945910152332657
vn 0.9766774363243187 0.1947940953188834 -0.0903130433761041
vn 0.8984093313671996 0.357118109612674 -0.2555921147042911
vn 0.9766774363243187 0.1947940953188834 -0.0903130433761041
vn 0.9785654986762117 0.16762390468773672 -0.11963189949931262
vn 0.8887310710462795 0.30649997026222375 -0.34090299439311017
vn 0.8984093313671996 0.357118109612674 -0.2555921147042911
vn 0.9785654986762117 0.16762390468773672 -0.11963189949931262
vn 0.8887310710462795 0.30649997026222375 -0.34090299439311017
vn 0.9785654986762117 0.16762390468773672 -0.11963189949931262
vn 0.9758297843245548 0.14337700667437023 -0.16492199969134
vn 0.8907186590626857 0.24848089011995106 -0.38062779410175523
vn 0.8887310710462795 0.30649997026222375 -0.34090299439311017
vn 0.9758297843245548 0.14337700667437023 -0.16492199969134
vn 0.8907186590626857 0.24848089011995106 -0.38062779410175523
vn 0.9758297843245548 0.14337700667437023 -0.16492199969134
vn 0.9767497502956954 0.11441099321608898 -0.1813009926299488
vn 0.8892720017564826 0.1600459797477516 -0.42846305705229804
vn 0.8907186590626857 0.24848089011995106 -0.38062779410175523
vn 0.9767497502956954 0.11441099321608898 -0.1813009926299488
vn 0.8892720017564826 0.1600459797477516 -0.42846305705229804
vn 0.9767497502956954 0.11441099321608898 -0.1813009926299488
vn 0.9752183579947112 0.0769270240791847 -0.20744008097862776
vn 0.8926217466681828 0.0934939759709626 -0.4410048682635868
vn 0.8892720017564826 0.1600459797477516 -0.42846305705229804
vn 0.9752183579947112 0.0769270240791847 -0.20744008097862776
vn 0.8926217466681828 0.0934939759709626 -0.4410048682635868
vn 0.9752183579947112 0.0769270240791847 -0.20744008097862776
vn 0.9763621988487543 0.04488000882955313 -0.21142999188072892
vn 0.8829944571458134 0.006061003900406201 -0.46934427969401066
vn 0.8926217466681828 0.0934939759709626 -0.4410048682635868
vn 0.9763621988487543 0.04488000882955313 -0.21142999188072892
vn 0.8829944571458134 0.006061003900406201 -0.46934427969401066
vn 0.9763621988487543 0.04488000882955313 -0.21142999188072892
vn 0.9723960671398383 0.003444999891649492 -0.23331099542610803
vn 0.9079212644249197 -0.05139201597530658 -0.4159781704597597
vn 0.8829944571458134 0.006061003900406201 -0.46934427969401066
vn 0.9723960671398383 0.003444999891649492 -0.23331099542610803
vn 0.9079212644249197 -0.05139201597530658 -0.4159781704597597
vn 0.9723960671398383 0.003444999891649492 -0.23331099542610803
vn 0.9795530589636532 -0.021563998375578472 -0.2000269948007215
vn 0.8695539318671517 -0.16303998759305197 -0.4661479615101134
vn 0.9079212644249197 -0.05139201597530658 -0.4159781704597597
vn 0.9688698965035987 -0.08462499061608222 -0.23265797775346952
vn 0.9079212644249197 -0.05139201597530658 -0.4159781704597597
vn 0.9795530589636532 -0.021563998375578472 -0.2000269948007215
vn 0.9688698965035987 -0.08462499061608222 -0.23265797775346952
vn 0.9066153959573767 -0.2140411035524472 -0.36364121026514556
vn 0.8695539318671517 -0.16303998759305197 -0.4661479615101134
vn 0.9688698965035987 -0.08462499061608222 -0.23265797775346952
vn 0.9066153959573767 -0.2140411035524472 -0.36364121026514556
vn 0.9688698965035987 -0.08462499061608222 -0.23265797775346952
vn 0.9815482186074941 -0.09861602175378259 -0.1638229983912899
vn 0.8642229644165101 -0.34707598313219945 -0.3642209902078087
vn 0.9066153959573767 -0.2140411035524472 -0.36364121026514556
vn 0.9717370922245047 -0.16224999816843236 -0.171470002301884
vn 0.9066153959573767 -0.2140411035524472 -0.36364121026514556
vn 0.9815482186074941 -0.09861602175378259 -0.1638229983912899
vn 0.9717370922245047 -0.16224999816843236 -0.171470002301884
vn 0.9095179532533542 -0.35273997028435233 -0.21988998629683806
vn 0.8642229644165101 -0.34707598313219945 -0.3642209902078087
vn 0.9717370922245047 -0.16224999816843236 -0.171470002301884
vn 0.9095179532533542 -0.35273997028435233 -0.21988998629683806
vn 0.9717370922245047 -0.16224999816843236 -0.171470002301884
vn 0.9788334459993884 -0.17108208547279863 -0.1123209910178892
vn 0.8883060152716145 -0.4340570544448444 -0.15002298730171887
vn 0.9095179532533542 -0.35273997028435233 -0.21988998629683806
vn 0.9752405547096388 -0.20745491047149545 -0.07660496440113924
vn 0.9095179532533542 -0.35273997028435233 -0.21988998629683806
vn 0.9788334459993884 -0.17108208547279863 -0.1123209910178892
vn 0.9752405547096388 -0.20745491047149545 -0.07660496440113924
vn 0.8906602149394457 -0.453337097323089 -0.03478300899428254
vn 0.8883060152716145 -0.4340570544448444 -0.15002298730171887
vn 0.9761850734404046 -0.21604399162884916 -0.019689999320106264
vn 0.8883060152716145 -0.4340570544448444 -0.15002298730171887
vn 0.9752405547096388 -0.20745491047149545 -0.07660496440113924
vn 0.9761850734404046 -0.21604399162884916 -0.019689999320106264
vn 0.759887112210182 -0.5855339865290204 0.2823500085289589
vn 0.8893008519963598 -0.41905187108203434 0.18313799163798497
vn 0.8927501341702128 -0.363014032812863 0.2668670266631095
vn 0.759887112210182 -0.5855339865290204 0.2823500085289589
vn 0.8927501341702128 -0.363014032812863 0.2668670266631095
vn 0.7652799627648583 -0.5042429862293062 0.40010697248257093
vn 0.7594048999278328 -0.6503239293190414 -0.01957000052735861
vn 0.8906602149394457 -0.453337097323089 -0.03478300899428254
vn 0.8908652640702478 -0.4433310618132339 0.0990790134417893
vn 0.7594048999278328 -0.6503239293190414 -0.01957000052735861
vn 0.8908652640702478 -0.4433310618132339 0.0990790134417893
vn 0.7584198650559945 -0.6311470217943239 0.16264299913799754
vn 0.759887112210182 -0.5855339865290204 0.2823500085289589
vn 0.7584198650559945 -0.6311470217943239 0.16264299913799754
vn 0.8893008519963598 -0.41905187108203434 0.18313799163798497
vn 0.7584198650559945 -0.6311470217943239 0.16264299913799754
vn 0.8908652640702478 -0.4433310618132339 0.0990790134417893
vn 0.8893008519963598 -0.41905187108203434 0.18313799163798497
vn 0.7571301979266679 -0.41361808355956 0.5056421109243587
vn 0.7652799627648583 -0.5042429862293062 0.40010697248257093
vn 0.887405124134828 -0.3028950673317612 0.34751506995429443
vn 0.7652799627648583 -0.5042429862293062 0.40010697248257093
vn 0.8927501341702128 -0.363014032812863 0.2668670266631095
vn 0.887405124134828 -0.3028950673317612 0.34751506995429443
vn 0.7551151996215167 -0.3128480617126834 0.5761311704665649
vn 0.7571301979266679 -0.41361808355956 0.5056421109243587
vn 0.8829353686564699 -0.23184308951332408 0.4082571697109314
vn 0.7571301979266679 -0.41361808355956 0.5056421109243587
vn 0.887405124134828 -0.3028950673317612 0.34751506995429443
vn 0.8829353686564699 -0.23184308951332408 0.4082571697109314
vn 0.7504228443416028 -0.19795301875961194 0.6306188682986066
vn 0.7551151996215167 -0.3128480617126834 0.5761311704665649
vn 0.8874637389392606 -0.15815400479782796 0.4328919297403875
vn 0.7551151996215167 -0.3128480617126834 0.5761311704665649
vn 0.8829353686564699 -0.23184308951332408 0.4082571697109314
vn 0.8874637389392606 -0.15815400479782796 0.4328919297403875
vn 0.7343312473244762 -0.08541202563608338 0.6733961724569125
vn 0.7504228443416028 -0.19795301875961194 0.6306188682986066
vn 0.8840249836198936 -0.07765000365659289 0.46094501328030224
vn 0.7504228443416028 -0.19795301875961194 0.6306188682986066
vn 0.8874637389392606 -0.15815400479782796 0.4328919297403875
vn 0.8840249836198936 -0.07765000365659289 0.46094501328030224
vn 0.7630832803211196 0.002996000931607019 0.6462932239106159
vn 0.7343312473244762 -0.08541202563608338 0.6733961724569125
vn 0.8773780590250507 -0.00817300056011919 0.4797300736906941
vn 0.7343312473244762 -0.08541202563608338 0.6733961724569125
vn 0.8840249836198936 -0.07765000365659289 0.46094501328030224
vn 0.8773780590250507 -0.00817300056011919 0.4797300736906941
vn 0.7132712440169844 0.12400398574865061 0.6898312431145113
vn 0.7630832803211196 0.002996000931607019 0.6462932239106159
vn 0.8730102666133119 0.056051018864270274 0.4844701824385388
vn 0.7630832803211196 0.002996000931607019 0.6462932239106159
vn 0.8773780590250507 -0.00817300056011919 0.4797300736906941
vn 0.8730102666133119 0.056051018864270274 0.4844701824385388
vn 0.7132712440169844 0.12400398574865061 0.6898312431145113
vn 0.8730102666133119 0.056051018864270274 0.4844701824385388
vn 0.8230830372174702 0.14980198741206743 0.5478080671295916
vn 0.7132712440169844 0.12400398574865061 0.6898312431145113
vn 0.8230830372174702 0.14980198741206743 0.5478080671295916
vn 0.7013321366574559 0.11452199041709782 0.7035751188056568
vn 0.8637980113896964 0.45810299534738447 -0.2097489956423157
vn 0.920165938120285 0.3909359155454918 -0.021535000808539304
vn 0.8272849289111943 0.540975946825608 -0.1514749858971342
vn 0.920165938120285 0.3909359155454918 -0.021535000808539304
vn 0.8946100575374135 0.4436900668673716 -0.053028006903268664
vn 0.8272849289111943 0.540975946825608 -0.1514749858971342
vn 0.7771269627316238 0.5977379777462176 -0.1969339832415513
vn 0.8272849289111943 0.540975946825608 -0.1514749858971342
vn 0.8946100575374135 0.4436900668673716 -0.053028006903268664
vn 0.7771269627316238 0.5977379777462176 -0.1969339832415513
vn 0.8946100575374135 0.4436900668673716 -0.053028006903268664
vn 0.8752888000077633 0.4715259158685297 -0.10739100169620304
vn 0.7430253875669055 0.6218783566443349 -0.24734709007463782
vn 0.7771269627316238 0.5977379777462176 -0.1969339832415513
vn 0.8752888000077633 0.4715259158685297 -0.10739100169620304
vn 0.7430253875669055 0.6218783566443349 -0.24734709007463782
vn 0.8752888000077633 0.4715259158685297 -0.10739100169620304
vn 0.8803542906195689 0.43483510879147 -0.18945910152332657
vn 0.7613856612967875 0.5466037095624092 -0.34859182357632373
vn 0.7430253875669055 0.6218783566443349 -0.24734709007463782
vn 0.8803542906195689 0.43483510879147 -0.18945910152332657
vn 0.7613856612967875 0.5466037095624092 -0.34859182357632373
vn 0.8803542906195689 0.43483510879147 -0.18945910152332657
vn 0.8984093313671996 0.357118109612674 -0.2555921147042911
vn 0.7631752129917452 0.43999011679120875 -0.4732571091923106
vn 0.7613856612967875 0.5466037095624092 -0.34859182357632373
vn 0.8984093313671996 0.357118109612674 -0.2555921147042911
vn 0.7631752129917452 0.43999011679120875 -0.4732571091923106
vn 0.8984093313671996 0.357118109612674 -0.2555921147042911
vn 0.8887310710462795 0.30649997026222375 -0.34090299439311017
vn 0.7630201427659428 0.36284505751164864 -0.5349240375724472
vn 0.7631752129917452 0.43999011679120875 -0.4732571091923106
vn 0.8887310710462795 0.30649997026222375 -0.34090299439311017
vn 0.7630201427659428 0.36284505751164864 -0.5349240375724472
vn 0.8887310710462795 0.30649997026222375 -0.34090299439311017
vn 0.8907186590626857 0.24848089011995106 -0.38062779410175523
vn 0.7578617466660783 0.24678892778845052 -0.6039377435309603
vn 0.7630201427659428 0.36284505751164864 -0.5349240375724472
vn 0.8907186590626857 0.24848089011995106 -0.38062779410175523
vn 0.7578617466660783 0.24678892778845052 -0.6039377435309603
vn 0.8907186590626857 0.24848089011995106 -0.38062779410175523
vn 0.8892720017564826 0.1600459797477516 -0.42846305705229804
vn 0.769411124649996 0.13980700759094739 -0.6232660121435256
vn 0.7578617466660783 0.24678892778845052 -0.6039377435309603
vn 0.8892720017564826 0.1600459797477516 -0.42846305705229804
vn 0.769411124649996 0.13980700759094739 -0.6232660121435256
vn 0.8892720017564826 0.1600459797477516 -0.42846305705229804
vn 0.8926217466681828 0.0934939759709626 -0.4410048682635868
vn 0.7557589580623405 0.017981999468711388 -0.6546029674570936
vn 0.769411124649996 0.13980700759094739 -0.6232660121435256
vn 0.8926217466681828 0.0934939759709626 -0.4410048682635868
vn 0.7557589580623405 0.017981999468711388 -0.6546029674570936
vn 0.8926217466681828 0.0934939759709626 -0.4410048682635868
vn 0.8829944571458134 0.006061003900406201 -0.46934427969401066
vn 0.7919008779085224 -0.06342399158168263 -0.6073470151894699
vn 0.7557589580623405 0.017981999468711388 -0.6546029674570936
vn 0.8829944571458134 0.006061003900406201 -0.46934427969401066
vn 0.7919008779085224 -0.06342399158168263 -0.6073470151894699
vn 0.8829944571458134 0.006061003900406201 -0.46934427969401066
vn 0.9079212644249197 -0.05139201597530658 -0.4159781704597597
vn 0.7254849527910853 -0.22356497449765192 -0.6509149602302754
vn 0.7919008779085224 -0.06342399158168263 -0.6073470151894699
vn 0.8695539318671517 -0.16303998759305197 -0.4661479615101134
vn 0.7919008779085224 -0.06342399158168263 -0.6073470151894699
vn 0.9079212644249197 -0.05139201597530658 -0.4159781704597597
vn 0.8695539318671517 -0.16303998759305197 -0.4661479615101134
vn 0.7734548784114013 -0.3392519836190325 -0.5354209957334101
vn 0.7254849527910853 -0.22356497449765192 -0.6509149602302754
vn 0.8695539318671517 -0.16303998759305197 -0.4661479615101134
vn 0.7734548784114013 -0.3392519836190325 -0.5354209957334101
vn 0.8695539318671517 -0.16303998759305197 -0.4661479615101134
vn 0.9066153959573767 -0.2140411035524472 -0.36364121026514556
vn 0.7451211338974189 -0.4713330566883863 -0.4718470573101068
vn 0.7734548784114013 -0.3392519836190325 -0.5354209957334101
vn 0.8642229644165101 -0.34707598313219945 -0.3642209902078087
vn 0.7734548784114013 -0.3392519836190325 -0.5354209957334101
vn 0.9066153959573767 -0.2140411035524472 -0.36364121026514556
vn 0.8642229644165101 -0.34707598313219945 -0.3642209902078087
vn 0.7736042804889811 -0.5443472313291843 -0.3243801919867754
vn 0.7451211338974189 -0.4713330566883863 -0.4718470573101068
vn 0.8642229644165101 -0.34707598313219945 -0.3642209902078087
vn 0.7736042804889811 -0.5443472313291843 -0.3243801919867754
vn 0.8642229644165101 -0.34707598313219945 -0.3642209902078087
vn 0.9095179532533542 -0.35273997028435233 -0.21988998629683806
vn 0.7860889990974473 -0.5938619941142567 -0.17144100281033162
vn 0.7736042804889811 -0.5443472313291843 -0.3243801919867754
vn 0.8883060152716145 -0.4340570544448444 -0.15002298730171887
vn 0.7736042804889811 -0.5443472313291843 -0.3243801919867754
vn 0.9095179532533542 -0.35273997028435233 -0.21988998629683806
vn 0.8883060152716145 -0.4340570544448444 -0.15002298730171887
vn 0.7594048999278328 -0.6503239293190414 -0.01957000052735861
vn 0.7860889990974473 -0.5938619941142567 -0.17144100281033162
vn 0.8906602149394457 -0.453337097323089 -0.03478300899428254
vn 0.7860889990974473 -0.5938619941142567 -0.17144100281033162
vn 0.8883060152716145 -0.4340570544448444 -0.15002298730171887
vn 0.8906602149394457 -0.453337097323089 -0.03478300899428254
vn 0.410000075602615 -0.8067081965426163 0.4255840970205648
vn 0.759887112210182 -0.5855339865290204 0.2823500085289589
vn 0.7652799627648583 -0.5042429862293062 0.40010697248257093
vn 0.410000075602615 -0.8067081965426163 0.4255840970205648
vn 0.7652799627648583 -0.5042429862293062 0.40010697248257093
vn 0.41178114901650165 -0.6936133378869849 0.5910472255411785
vn 0.42416209746990674 -0.9054871960769488 -0.013395999799723666
vn 0.7594048999278328 -0.6503239293190414 -0.01957000052735861
vn 0.7584198650559945 -0.6311470217943239 0.16264299913799754
vn 0.42416209746990674 -0.9054871960769488 -0.013395999799723666
vn 0.7584198650559945 -0.6311470217943239 0.16264299913799754
vn 0.38883220459041473 -0.8925362666916626 0.22844808888118845
vn 0.410000075602615 -0.8067081965426163 0.4255840970205648
vn 0.38883220459041473 -0.8925362666916626 0.22844808888118845
vn 0.759887112210182 -0.5855339865290204 0.2823500085289589
vn 0.38883220459041473 -0.8925362666916626 0.22844808888118845
vn 0.7584198650559945 -0.6311470217943239 0.16264299913799754
vn 0.759887112210182 -0.5855339865290204 0.2823500085289589
vn 0.40605790450941215 -0.557181908884495 0.7243378345753142
vn 0.41178114901650165 -0.6936133378869849 0.5910472255411785
vn 0.7571301979266679 -0.41361808355956 0.5056421109243587
vn 0.41178114901650165 -0.6936133378869849 0.5910472255411785
vn 0.7652799627648583 -0.5042429862293062 0.40010697248257093
vn 0.7571301979266679 -0.41361808355956 0.5056421109243587
vn 0.40087820700929283 -0.39996321607079205 0.8242124052301831
vn 0.40605790450941215 -0.557181908884495 0.7243378345753142
vn 0.7551151996215167 -0.3128480617126834 0.5761311704665649
vn 0.40605790450941215 -0.557181908884495 0.7243378345753142
vn 0.7571301979266679 -0.41361808355956 0.5056421109243587
vn 0.7551151996215167 -0.3128480617126834 0.5761311704665649
vn 0.40681820958048076 -0.25372108723664305 0.8775674072372946
vn 0.40087820700929283 -0.39996321607079205 0.8242124052301831
vn 0.7504228443416028 -0.19795301875961194 0.6306188682986066
vn 0.40087820700929283 -0.39996321607079205 0.8242124052301831
vn 0.7551151996215167 -0.3128480617126834 0.5761311704665649
vn 0.7504228443416028 -0.19795301875961194 0.6306188682986066
vn 0.3959380038167041 -0.14561100112634387 0.9066589951490184
vn 0.40681820958048076 -0.25372108723664305 0.8775674072372946
vn 0.7343312473244762 -0.08541202563608338 0.6733961724569125
vn 0.40681820958048076 -0.25372108723664305 0.8775674072372946
vn 0.7504228443416028 -0.19795301875961194 0.6306188682986066
vn 0.7343312473244762 -0.08541202563608338 0.6733961724569125
vn 0.46809797961020305 -0.019878998775785185 0.8834529454886199
vn 0.3959380038167041 -0.14561100112634387 0.9066589951490184
vn 0.7343312473244762 -0.08541202563608338 0.6733961724569125
vn 0.46809797961020305 -0.019878998775785185 0.8834529454886199
vn 0.7343312473244762 -0.08541202563608338 0.6733961724569125
vn 0.7630832803211196 0.002996000931607019 0.6462932239106159
vn 0.4325618738433277 0.04134299688550412 0.9006558620836675
vn 0.46809797961020305 -0.019878998775785185 0.8834529454886199
vn 0.7132712440169844 0.12400398574865061 0.6898312431145113
vn 0.46809797961020305 -0.019878998775785185 0.8834529454886199
vn 0.7630832803211196 0.002996000931607019 0.6462932239106159
vn 0.7132712440169844 0.12400398574865061 0.6898312431145113
vn 0.4325618738433277 0.04134299688550412 0.9006558620836675
vn 0.7132712440169844 0.12400398574865061 0.6898312431145113
vn 0.7013321366574559 0.11452199041709782 0.7035751188056568
vn 0.4325618738433277 0.04134299688550412 0.9006558620836675
vn 0.7013321366574559 0.11452199041709782 0.7035751188056568
vn 0.5589589655633732 -0.09982999414505572 0.8231639247958588
vn 0.5378851427383005 0.7120149907514151 -0.45134712380457287
vn 0.8637980113896964 0.45810299534738447 -0.2097489956423157
vn 0.8272849289111943 0.540975946825608 -0.1514749858971342
vn 0.5378851427383005 0.7120149907514151 -0.45134712380457287
vn 0.8272849289111943 0.540975946825608 -0.1514749858971342
vn 0.48988416654843947 0.7784032326481622 -0.39255816227411666
vn 0.5030257816264002 0.8018926210284674 -0.32238685978067444
vn 0.48988416654843947 0.7784032326481622 -0.39255816227411666
vn 0.7771269627316238 0.5977379777462176 -0.1969339832415513
vn 0.48988416654843947 0.7784032326481622 -0.39255816227411666
vn 0.8272849289111943 0.540975946825608 -0.1514749858971342
vn 0.7771269627316238 0.5977379777462176 -0.1969339832415513
vn 0.43142509088435443 0.824966185131878 -0.36510708613279824
vn 0.5030257816264002 0.8018926210284674 -0.32238685978067444
vn 0.7430253875669055 0.6218783566443349 -0.24734709007463782
vn 0.5030257816264002 0.8018926210284674 -0.32238685978067444
vn 0.7771269627316238 0.5977379777462176 -0.1969339832415513
vn 0.7430253875669055 0.6218783566443349 -0.24734709007463782
vn 0.4252218647671621 0.7672836321429626 -0.4800647805967858
vn 0.43142509088435443 0.824966185131878 -0.36510708613279824
vn 0.7430253875669055 0.6218783566443349 -0.24734709007463782
vn 0.4252218647671621 0.7672836321429626 -0.4800647805967858
vn 0.7430253875669055 0.6218783566443349 -0.24734709007463782
vn 0.7613856612967875 0.5466037095624092 -0.34859182357632373
vn 0.41049898599183415 0.6588619618114884 -0.6303899569136496
vn 0.4252218647671621 0.7672836321429626 -0.4800647805967858
vn 0.7613856612967875 0.5466037095624092 -0.34859182357632373
vn 0.41049898599183415 0.6588619618114884 -0.6303899569136496
vn 0.7613856612967875 0.5466037095624092 -0.34859182357632373
vn 0.7631752129917452 0.43999011679120875 -0.4732571091923106
vn 0.4208049311007852 0.5319549390017233 -0.7348109640124706
vn 0.41049898599183415 0.6588619618114884 -0.6303899569136496
vn 0.7631752129917452 0.43999011679120875 -0.4732571091923106
vn 0.4208049311007852 0.5319549390017233 -0.7348109640124706
vn 0.7631752129917452 0.43999011679120875 -0.4732571091923106
vn 0.7630201427659428 0.36284505751164864 -0.5349240375724472
vn 0.4128980733818209 0.37503109538596024 -0.8299800349955335
vn 0.4208049311007852 0.5319549390017233 -0.7348109640124706
vn 0.7630201427659428 0.36284505751164864 -0.5349240375724472
vn 0.4128980733818209 0.37503109538596024 -0.8299800349955335
vn 0.7630201427659428 0.36284505751164864 -0.5349240375724472
vn 0.7578617466660783 0.24678892778845052 -0.6039377435309603
vn 0.4139401010421826 0.23999409330046248 -0.8780981880917855
vn 0.4128980733818209 0.37503109538596024 -0.8299800349955335
vn 0.7578617466660783 0.24678892778845052 -0.6039377435309603
vn 0.4139401010421826 0.23999409330046248 -0.8780981880917855
vn 0.7578617466660783 0.24678892778845052 -0.6039377435309603
vn 0.769411124649996 0.13980700759094739 -0.6232660121435256
vn 0.42370708384006933 0.04110599919134462 -0.9048660696115342
vn 0.4139401010421826 0.23999409330046248 -0.8780981880917855
vn 0.769411124649996 0.13980700759094739 -0.6232660121435256
vn 0.42370708384006933 0.04110599919134462 -0.9048660696115342
vn 0.769411124649996 0.13980700759094739 -0.6232660121435256
vn 0.7557589580623405 0.017981999468711388 -0.6546029674570936
vn 0.4277569075752842 -0.09801697777294602 -0.8985636872753581
vn 0.42370708384006933 0.04110599919134462 -0.9048660696115342
vn 0.7557589580623405 0.017981999468711388 -0.6546029674570936
vn 0.4277569075752842 -0.09801697777294602 -0.8985636872753581
vn 0.7557589580623405 0.017981999468711388 -0.6546029674570936
vn 0.7919008779085224 -0.06342399158168263 -0.6073470151894699
vn 0.3769477738489026 -0.26400988135932446 -0.887811443007462
vn 0.4277569075752842 -0.09801697777294602 -0.8985636872753581
vn 0.7254849527910853 -0.22356497449765192 -0.6509149602302754
vn 0.4277569075752842 -0.09801697777294602 -0.8985636872753581
vn 0.7919008779085224 -0.06342399158168263 -0.6073470151894699
vn 0.7254849527910853 -0.22356497449765192 -0.6509149602302754
vn 0.41868901333509706 -0.4310970016688917 -0.7992839828650231
vn 0.3769477738489026 -0.26400988135932446 -0.887811443007462
vn 0.7254849527910853 -0.22356497449765192 -0.6509149602302754
vn 0.41868901333509706 -0.4310970016688917 -0.7992839828650231
vn 0.7254849527910853 -0.22356497449765192 -0.6509149602302754
vn 0.7734548784114013 -0.3392519836190325 -0.5354209957334101
vn 0.42020778330666136 -0.5967497014080945 -0.6836045733593743
vn 0.41868901333509706 -0.4310970016688917 -0.7992839828650231
vn 0.7734548784114013 -0.3392519836190325 -0.5354209957334101
vn 0.42020778330666136 -0.5967497014080945 -0.6836045733593743
vn 0.7734548784114013 -0.3392519836190325 -0.5354209957334101
vn 0.7451211338974189 -0.4713330566883863 -0.4718470573101068
vn 0.4006618820930355 -0.7773677039944842 -0.48494278943398106
vn 0.42020778330666136 -0.5967497014080945 -0.6836045733593743
vn 0.7451211338974189 -0.4713330566883863 -0.4718470573101068
vn 0.4006618820930355 -0.7773677039944842 -0.48494278943398106
vn 0.7451211338974189 -0.4713330566883863 -0.4718470573101068
vn 0.7736042804889811 -0.5443472313291843 -0.3243801919867754
vn 0.4229307864270397 -0.8763125711185965 -0.23066388445467634
vn 0.4006618820930355 -0.7773677039944842 -0.48494278943398106
vn 0.7736042804889811 -0.5443472313291843 -0.3243801919867754
vn 0.4229307864270397 -0.8763125711185965 -0.23066388445467634
vn 0.7736042804889811 -0.5443472313291843 -0.3243801919867754
vn 0.7860889990974473 -0.5938619941142567 -0.17144100281033162
vn 0.42416209746990674 -0.9054871960769488 -0.013395999799723666
vn 0.4229307864270397 -0.8763125711185965 -0.23066388445467634
vn 0.7594048999278328 -0.6503239293190414 -0.01957000052735861
vn 0.4229307864270397 -0.8763125711185965 -0.23066388445467634
vn 0.7860889990974473 -0.5938619941142567 -0.17144100281033162
vn 0.7594048999278328 -0.6503239293190414 -0.01957000052735861
vn 0.18681399787983158 -0.8879026895958799 0.4203918933620828
vn 0.410000075602615 -0.8067081965426163 0.4255840970205648
vn 0.1820158904265338 -0.7778736717464119 0.6014838039681464
vn 0.410000075602615 -0.8067081965426163 0.4255840970205648
vn 0.41178114901650165 -0.6936133378869849 0.5910472255411785
vn 0.1820158904265338 -0.7778736717464119 0.6014838039681464
vn 0.20435400318456 -0.9773681765228005 -0.05468901994862252
vn 0.42416209746990674 -0.9054871960769488 -0.013395999799723666
vn 0.38883220459041473 -0.8925362666916626 0.22844808888118845
vn 0.20435400318456 -0.9773681765228005 -0.05468901994862252
vn 0.38883220459041473 -0.8925362666916626 0.22844808888118845
vn 0.13466908944722344 -0.9625034511601352 0.23548108809899146
vn 0.18681399787983158 -0.8879026895958799 0.4203918933620828
vn 0.13466908944722344 -0.9625034511601352 0.23548108809899146
vn 0.38883220459041473 -0.8925362666916626 0.22844808888118845
vn 0.18681399787983158 -0.8879026895958799 0.4203918933620828
vn 0.38883220459041473 -0.8925362666916626 0.22844808888118845
vn 0.410000075602615 -0.8067081965426163 0.4255840970205648
vn 0.1836330017708235 -0.6358062102018508 0.7496861901685242
vn 0.1820158904265338 -0.7778736717464119 0.6014838039681464
vn 0.41178114901650165 -0.6936133378869849 0.5910472255411785
vn 0.1836330017708235 -0.6358062102018508 0.7496861901685242
vn 0.41178114901650165 -0.6936133378869849 0.5910472255411785
vn 0.40605790450941215 -0.557181908884495 0.7243378345753142
vn 0.18268090175628876 -0.47059389147959235 0.8632317634538265
vn 0.1836330017708235 -0.6358062102018508 0.7496861901685242
vn 0.40605790450941215 -0.557181908884495 0.7243378345753142
vn 0.18268090175628876 -0.47059389147959235 0.8632317634538265
vn 0.40605790450941215 -0.557181908884495 0.7243378345753142
vn 0.40087820700929283 -0.39996321607079205 0.8242124052301831
vn 0.2153299974020495 -0.322085876289416 0.9218967840890392
vn 0.18268090175628876 -0.47059389147959235 0.8632317634538265
vn 0.40087820700929283 -0.39996321607079205 0.8242124052301831
vn 0.2153299974020495 -0.322085876289416 0.9218967840890392
vn 0.40087820700929283 -0.39996321607079205 0.8242124052301831
vn 0.40681820958048076 -0.25372108723664305 0.8775674072372946
vn 0.1578920789282732 -0.19640208512736373 0.9677273956901974
vn 0.2153299974020495 -0.322085876289416 0.9218967840890392
vn 0.40681820958048076 -0.25372108723664305 0.8775674072372946
vn 0.1578920789282732 -0.19640208512736373 0.9677273956901974
vn 0.40681820958048076 -0.25372108723664305 0.8775674072372946
vn 0.3959380038167041 -0.14561100112634387 0.9066589951490184
vn 0.23809797760653587 -0.08453899730999485 0.9675549136837136
vn 0.1578920789282732 -0.19640208512736373 0.9677273956901974
vn 0.3959380038167041 -0.14561100112634387 0.9066589951490184
vn 0.23809797760653587 -0.08453899730999485 0.9675549136837136
vn 0.3959380038167041 -0.14561100112634387 0.9066589951490184
vn 0.46809797961020305 -0.019878998775785185 0.8834529454886199
vn 0.2795588934538029 -0.1769240028948533 0.9436867712808881
vn 0.23809797760653587 -0.08453899730999485 0.9675549136837136
vn 0.4325618738433277 0.04134299688550412 0.9006558620836675
vn 0.23809797760653587 -0.08453899730999485 0.9675549136837136
vn 0.46809797961020305 -0.019878998775785185 0.8834529454886199
vn 0.4325618738433277 0.04134299688550412 0.9006558620836675
vn 0.2795588934538029 -0.1769240028948533 0.9436867712808881
vn 0.4325618738433277 0.04134299688550412 0.9006558620836675
vn 0.5589589655633732 -0.09982999414505572 0.8231639247958588
vn 0.2795588934538029 -0.1769240028948533 0.9436867712808881
vn 0.5589589655633732 -0.09982999414505572 0.8231639247958588
vn 0.4190751014238945 -0.36715111119781485 0.8304072018671095
vn 0.2877569972345088 0.7325388482847 -0.6169138888826416
vn 0.5378851427383005 0.7120149907514151 -0.45134712380457287
vn 0.23393309509716578 0.8386202657437853 -0.49192617017402435
vn 0.5378851427383005 0.7120149907514151 -0.45134712380457287
vn 0.48988416654843947 0.7784032326481622 -0.39255816227411666
vn 0.23393309509716578 0.8386202657437853 -0.49192617017402435
vn 0.278329107584751 0.869368206152637 -0.4083280911252888
vn 0.23393309509716578 0.8386202657437853 -0.49192617017402435
vn 0.48988416654843947 0.7784032326481622 -0.39255816227411666
vn 0.278329107584751 0.869368206152637 -0.4083280911252888
vn 0.48988416654843947 0.7784032326481622 -0.39255816227411666
vn 0.5030257816264002 0.8018926210284674 -0.32238685978067444
vn 0.18631500303181622 0.8715232153798338 -0.45357910522779854
vn 0.278329107584751 0.869368206152637 -0.4083280911252888
vn 0.43142509088435443 0.824966185131878 -0.36510708613279824
vn 0.278329107584751 0.869368206152637 -0.4083280911252888
vn 0.5030257816264002 0.8018926210284674 -0.32238685978067444
vn 0.43142509088435443 0.824966185131878 -0.36510708613279824
vn 0.17480999852572748 0.8056107359052066 -0.5660678462955714
vn 0.18631500303181622 0.8715232153798338 -0.45357910522779854
vn 0.4252218647671621 0.7672836321429626 -0.4800647805967858
vn 0.18631500303181622 0.8715232153798338 -0.45357910522779854
vn 0.43142509088435443 0.824966185131878 -0.36510708613279824
vn 0.4252218647671621 0.7672836321429626 -0.4800647805967858
vn 0.17657899124873652 0.6840569689537953 -0.7077329461564756
vn 0.17480999852572748 0.8056107359052066 -0.5660678462955714
vn 0.41049898599183415 0.6588619618114884 -0.6303899569136496
vn 0.17480999852572748 0.8056107359052066 -0.5660678462955714
vn 0.4252218647671621 0.7672836321429626 -0.4800647805967858
vn 0.41049898599183415 0.6588619618114884 -0.6303899569136496
vn 0.17761787946502403 0.5391297537052461 -0.8232806311119367
vn 0.17657899124873652 0.6840569689537953 -0.7077329461564756
vn 0.4208049311007852 0.5319549390017233 -0.7348109640124706
vn 0.17657899124873652 0.6840569689537953 -0.7077329461564756
vn 0.41049898599183415 0.6588619618114884 -0.6303899569136496
vn 0.4208049311007852 0.5319549390017233 -0.7348109640124706
vn 0.18220190561780183 0.3696208865428191 -0.9111437130445132
vn 0.17761787946502403 0.5391297537052461 -0.8232806311119367
vn 0.4128980733818209 0.37503109538596024 -0.8299800349955335
vn 0.17761787946502403 0.5391297537052461 -0.8232806311119367
vn 0.4208049311007852 0.5319549390017233 -0.7348109640124706
vn 0.4128980733818209 0.37503109538596024 -0.8299800349955335
vn 0.16822400168641236 0.23003389719680925 -0.9585327805542477
vn 0.18220190561780183 0.3696208865428191 -0.9111437130445132
vn 0.4139401010421826 0.23999409330046248 -0.8780981880917855
vn 0.18220190561780183 0.3696208865428191 -0.9111437130445132
vn 0.4128980733818209 0.37503109538596024 -0.8299800349955335
vn 0.4139401010421826 0.23999409330046248 -0.8780981880917855
vn 0.19109200631581438 -0.0014120000924711647 -0.9815711137650373
vn 0.16822400168641236 0.23003389719680925 -0.9585327805542477
vn 0.42370708384006933 0.04110599919134462 -0.9048660696115342
vn 0.16822400168641236 0.23003389719680925 -0.9585327805542477
vn 0.4139401010421826 0.23999409330046248 -0.8780981880917855
vn 0.42370708384006933 0.04110599919134462 -0.9048660696115342
vn 0.15654489281277265 -0.14454400431621117 -0.9770367072687047
vn 0.19109200631581438 -0.0014120000924711647 -0.9815711137650373
vn 0.4277569075752842 -0.09801697777294602 -0.8985636872753581
vn 0.19109200631581438 -0.0014120000924711647 -0.9815711137650373
vn 0.42370708384006933 0.04110599919134462 -0.9048660696115342
vn 0.4277569075752842 -0.09801697777294602 -0.8985636872753581
vn 0.225931057547624 -0.31927205068960335 -0.9203371745636854
vn 0.15654489281277265 -0.14454400431621117 -0.9770367072687047
vn 0.3769477738489026 -0.26400988135932446 -0.887811443007462
vn 0.15654489281277265 -0.14454400431621117 -0.9770367072687047
vn 0.4277569075752842 -0.09801697777294602 -0.8985636872753581
vn 0.3769477738489026 -0.26400988135932446 -0.887811443007462
vn 0.1967530992406179 -0.5012322060059307 -0.8426473127006577
vn 0.225931057547624 -0.31927205068960335 -0.9203371745636854
vn 0.41868901333509706 -0.4310970016688917 -0.7992839828650231
vn 0.225931057547624 -0.31927205068960335 -0.9203371745636854
vn 0.3769477738489026 -0.26400988135932446 -0.887811443007462
vn 0.41868901333509706 -0.4310970016688917 -0.7992839828650231
vn 0.1933159835940252 -0.6763699752582453 -0.7107408719471784
vn 0.1967530992406179 -0.5012322060059307 -0.8426473127006577
vn 0.42020778330666136 -0.5967497014080945 -0.6836045733593743
vn 0.1967530992406179 -0.5012322060059307 -0.8426473127006577
vn 0.41868901333509706 -0.4310970016688917 -0.7992839828650231
vn 0.42020778330666136 -0.5967497014080945 -0.6836045733593743
vn 0.16780599129062176 -0.8284119557510541 -0.5343919730457085
vn 0.1933159835940252 -0.6763699752582453 -0.7107408719471784
vn 0.4006618820930355 -0.7773677039944842 -0.48494278943398106
vn 0.1933159835940252 -0.6763699752582453 -0.7107408719471784
vn 0.42020778330666136 -0.5967497014080945 -0.6836045733593743
vn 0.4006618820930355 -0.7773677039944842 -0.48494278943398106
vn 0.19053708396296037 -0.9276911671595413 -0.32106808936588543
vn 0.16780599129062176 -0.8284119557510541 -0.5343919730457085
vn 0.4006618820930355 -0.7773677039944842 -0.48494278943398106
vn 0.19053708396296037 -0.9276911671595413 -0.32106808936588543
vn 0.4006618820930355 -0.7773677039944842 -0.48494278943398106
vn 0.4229307864270397 -0.8763125711185965 -0.23066388445467634
vn 0.20435400318456 -0.9773681765228005 -0.05468901994862252
vn 0.19053708396296037 -0.9276911671595413 -0.32106808936588543
vn 0.4229307864270397 -0.8763125711185965 -0.23066388445467634
vn 0.20435400318456 -0.9773681765228005 -0.05468901994862252
vn 0.4229307864270397 -0.8763125711185965 -0.23066388445467634
vn 0.42416209746990674 -0.9054871960769488 -0.013395999799723666
vn 0.012814989216122917 -0.9163736561468017 0.4001188553061881
vn 0.18681399787983158 -0.8879026895958799 0.4203918933620828
vn 0.011985000485114361 -0.8107537208540359 0.5852646955734712
vn 0.18681399787983158 -0.8879026895958799 0.4203918933620828
vn 0.1820158904265338 -0.7778736717464119 0.6014838039681464
vn 0.011985000485114361 -0.8107537208540359 0.5852646955734712
vn 0.012772999341484785 -0.999909253360929 0.004282000818802872
vn 0.20435400318456 -0.9773681765228005 -0.05468901994862252
vn 0.13466908944722344 -0.9625034511601352 0.23548108809899146
vn 0.012772999341484785 -0.999909253360929 0.004282000818802872
vn 0.13466908944722344 -0.9625034511601352 0.23548108809899146
vn 0.013061000151963296 -0.9716650335173408 0.2360010019359565
vn 0.012814989216122917 -0.9163736561468017 0.4001188553061881
vn 0.013061000151963296 -0.9716650335173408 0.2360010019359565
vn 0.13466908944722344 -0.9625034511601352 0.23548108809899146
vn 0.012814989216122917 -0.9163736561468017 0.4001188553061881
vn 0.13466908944722344 -0.9625034511601352 0.23548108809899146
vn 0.18681399787983158 -0.8879026895958799 0.4203918933620828
vn 0.010682000184671633 -0.6746811483804114 0.7380320066854443
vn 0.011985000485114361 -0.8107537208540359 0.5852646955734712
vn 0.1820158904265338 -0.7778736717464119 0.6014838039681464
vn 0.010682000184671633 -0.6746811483804114 0.7380320066854443
vn 0.1820158904265338 -0.7778736717464119 0.6014838039681464
vn 0.1836330017708235 -0.6358062102018508 0.7496861901685242
vn 0.008883994833149694 -0.5072817640618243 0.8617344640236503
vn 0.010682000184671633 -0.6746811483804114 0.7380320066854443
vn 0.1836330017708235 -0.6358062102018508 0.7496861901685242
vn 0.008883994833149694 -0.5072817640618243 0.8617344640236503
vn 0.1836330017708235 -0.6358062102018508 0.7496861901685242
vn 0.18268090175628876 -0.47059389147959235 0.8632317634538265
vn 0.006751000356654619 -0.321963076609497 0.9467281559636492
vn 0.008883994833149694 -0.5072817640618243 0.8617344640236503
vn 0.18268090175628876 -0.47059389147959235 0.8632317634538265
vn 0.006751000356654619 -0.321963076609497 0.9467281559636492
vn 0.18268090175628876 -0.47059389147959235 0.8632317634538265
vn 0.2153299974020495 -0.322085876289416 0.9218967840890392
vn 0.00518799958570135 -0.19193499033317574 0.9813939291365636
vn 0.006751000356654619 -0.321963076609497 0.9467281559636492
vn 0.1578920789282732 -0.19640208512736373 0.9677273956901974
vn 0.006751000356654619 -0.321963076609497 0.9467281559636492
vn 0.2153299974020495 -0.322085876289416 0.9218967840890392
vn 0.1578920789282732 -0.19640208512736373 0.9677273956901974
vn 0.04424299810209637 -0.18631798531250424 0.9814928249702223
vn 0.00518799958570135 -0.19193499033317574 0.9813939291365636
vn 0.1578920789282732 -0.19640208512736373 0.9677273956901974
vn 0.04424299810209637 -0.18631798531250424 0.9814928249702223
vn 0.1578920789282732 -0.19640208512736373 0.9677273956901974
vn 0.23809797760653587 -0.08453899730999485 0.9675549136837136
vn 0.227187991248911 -0.4292589742552876 0.8741409209352821
vn 0.04424299810209637 -0.18631798531250424 0.9814928249702223
vn 0.2795588934538029 -0.1769240028948533 0.9436867712808881
vn 0.04424299810209637 -0.18631798531250424 0.9814928249702223
vn 0.23809797760653587 -0.08453899730999485 0.9675549136837136
vn 0.2795588934538029 -0.1769240028948533 0.9436867712808881
vn 0.227187991248911 -0.4292589742552876 0.8741409209352821
vn 0.2795588934538029 -0.1769240028948533 0.9436867712808881
vn 0.4190751014238945 -0.36715111119781485 0.8304072018671095
vn 0.227187991248911 -0.4292589742552876 0.8741409209352821
vn 0.4190751014238945 -0.36715111119781485 0.8304072018671095
vn 0.31754497163182066 -0.7043618598981859 0.6348539684936328
vn 0.019476999265290063 0.7129947701832561 -0.7008987831284526
vn 0.2877569972345088 0.7325388482847 -0.6169138888826416
vn 0.05514901444008701 0.8229002307313558 -0.5655031356841167
vn 0.2877569972345088 0.7325388482847 -0.6169138888826416
vn 0.23393309509716578 0.8386202657437853 -0.49192617017402435
vn 0.05514901444008701 0.8229002307313558 -0.5655031356841167
vn 0.0015859999839986957 0.8859348974752489 -0.463806901673068
vn 0.05514901444008701 0.8229002307313558 -0.5655031356841167
vn 0.23393309509716578 0.8386202657437853 -0.49192617017402435
vn 0.0015859999839986957 0.8859348974752489 -0.463806901673068
vn 0.23393309509716578 0.8386202657437853 -0.49192617017402435
vn 0.278329107584751 0.869368206152637 -0.4083280911252888
vn -0.0125379996421351 0.8783769945906833 -0.4778039911290118
vn 0.0015859999839986957 0.8859348974752489 -0.463806901673068
vn 0.18631500303181622 0.8715232153798338 -0.45357910522779854
vn 0.0015859999839986957 0.8859348974752489 -0.463806901673068
vn 0.278329107584751 0.869368206152637 -0.4083280911252888
vn 0.18631500303181622 0.8715232153798338 -0.45357910522779854
vn -0.011855990442267324 0.7974846269937337 -0.603222765816492
vn -0.0125379996421351 0.8783769945906833 -0.4778039911290118
vn 0.17480999852572748 0.8056107359052066 -0.5660678462955714
vn -0.0125379996421351 0.8783769945906833 -0.4778039911290118
vn 0.18631500303181622 0.8715232153798338 -0.45357910522779854
vn 0.17480999852572748 0.8056107359052066 -0.5660678462955714
vn -0.0106549998779499 0.6729097964537868 -0.7396478059280134
vn -0.011855990442267324 0.7974846269937337 -0.603222765816492
vn 0.17657899124873652 0.6840569689537953 -0.7077329461564756
vn -0.011855990442267324 0.7974846269937337 -0.603222765816492
vn 0.17480999852572748 0.8056107359052066 -0.5660678462955714
vn 0.17657899124873652 0.6840569689537953 -0.7077329461564756
vn -0.009005000167602178 0.5179920420296495 -0.8553380351451322
vn -0.0106549998779499 0.6729097964537868 -0.7396478059280134
vn 0.17761787946502403 0.5391297537052461 -0.8232806311119367
vn -0.0106549998779499 0.6729097964537868 -0.7396478059280134
vn 0.17657899124873652 0.6840569689537953 -0.7077329461564756
vn 0.17761787946502403 0.5391297537052461 -0.8232806311119367
vn -0.007141997896757474 0.3551638950355802 -0.9347767645428496
vn -0.009005000167602178 0.5179920420296495 -0.8553380351451322
vn 0.18220190561780183 0.3696208865428191 -0.9111437130445132
vn -0.009005000167602178 0.5179920420296495 -0.8553380351451322
vn 0.17761787946502403 0.5391297537052461 -0.8232806311119367
vn 0.18220190561780183 0.3696208865428191 -0.9111437130445132
vn -0.00521999975470337 0.19453898027876299 -0.9808808983534445
vn -0.007141997896757474 0.3551638950355802 -0.9347767645428496
vn 0.16822400168641236 0.23003389719680925 -0.9585327805542477
vn -0.007141997896757474 0.3551638950355802 -0.9347767645428496
vn 0.18220190561780183 0.3696208865428191 -0.9111437130445132
vn 0.16822400168641236 0.23003389719680925 -0.9585327805542477
vn -0.002388000741988695 -0.031481017358381 -0.9995014972467714
vn -0.00521999975470337 0.19453898027876299 -0.9808808983534445
vn 0.19109200631581438 -0.0014120000924711647 -0.9815711137650373
vn -0.00521999975470337 0.19453898027876299 -0.9808808983534445
vn 0.16822400168641236 0.23003389719680925 -0.9585327805542477
vn 0.19109200631581438 -0.0014120000924711647 -0.9815711137650373
vn -0.0010509998508337517 -0.13435497844490418 -0.9909327097065588
vn -0.002388000741988695 -0.031481017358381 -0.9995014972467714
vn 0.15654489281277265 -0.14454400431621117 -0.9770367072687047
vn -0.002388000741988695 -0.031481017358381 -0.9995014972467714
vn 0.19109200631581438 -0.0014120000924711647 -0.9815711137650373
vn 0.15654489281277265 -0.14454400431621117 -0.9770367072687047
vn 0.0012839999895095332 -0.3086408952036906 -0.9511777694794444
vn -0.0010509998508337517 -0.13435497844490418 -0.9909327097065588
vn 0.15654489281277265 -0.14454400431621117 -0.9770367072687047
vn 0.0012839999895095332 -0.3086408952036906 -0.9511777694794444
vn 0.15654489281277265 -0.14454400431621117 -0.9770367072687047
vn 0.225931057547624 -0.31927205068960335 -0.9203371745636854
vn 0.004606000454190763 -0.5445280528410077 -0.8387299830273129
vn 0.0012839999895095332 -0.3086408952036906 -0.9511777694794444
vn 0.1967530992406179 -0.5012322060059307 -0.8426473127006577
vn 0.0012839999895095332 -0.3086408952036906 -0.9511777694794444
vn 0.225931057547624 -0.31927205068960335 -0.9203371745636854
vn 0.1967530992406179 -0.5012322060059307 -0.8426473127006577
vn 0.007149001359352316 -0.7135870101762029 -0.7005301354598185
vn 0.004606000454190763 -0.5445280528410077 -0.8387299830273129
vn 0.1933159835940252 -0.6763699752582453 -0.7107408719471784
vn 0.004606000454190763 -0.5445280528410077 -0.8387299830273129
vn 0.1967530992406179 -0.5012322060059307 -0.8426473127006577
vn 0.1933159835940252 -0.6763699752582453 -0.7107408719471784
vn 0.009823001960517004 -0.8756981292907035 -0.48275904444064643
vn 0.007149001359352316 -0.7135870101762029 -0.7005301354598185
vn 0.16780599129062176 -0.8284119557510541 -0.5343919730457085
vn 0.007149001359352316 -0.7135870101762029 -0.7005301354598185
vn 0.1933159835940252 -0.6763699752582453 -0.7107408719471784
vn 0.16780599129062176 -0.8284119557510541 -0.5343919730457085
vn 0.011722000813172647 -0.9708512241327233 -0.23939610543392018
vn 0.009823001960517004 -0.8756981292907035 -0.48275904444064643
vn 0.19053708396296037 -0.9276911671595413 -0.32106808936588543
vn 0.009823001960517004 -0.8756981292907035 -0.48275904444064643
vn 0.16780599129062176 -0.8284119557510541 -0.5343919730457085
vn 0.19053708396296037 -0.9276911671595413 -0.32106808936588543
vn 0.012772999341484785 -0.999909253360929 0.004282000818802872
vn 0.011722000813172647 -0.9708512241327233 -0.23939610543392018
vn 0.20435400318456 -0.9773681765228005 -0.05468901994862252
vn 0.011722000813172647 -0.9708512241327233 -0.23939610543392018
vn 0.19053708396296037 -0.9276911671595413 -0.32106808936588543
vn 0.20435400318456 -0.9773681765228005 -0.05468901994862252
vn 0 -0.22069090053927032 -0.9753437990878733
vn 0 -0.39083201206827095 -0.9204620243892014
vn 0 -0.22069090053927032 -0.9753437990878733
vn 0 -0.39083201206827095 -0.9204620243892014
vn 0 -0.39083201206827095 -0.9204620243892014
vn 0 -0.22069090053927032 -0.9753437990878733
vn 0 -0.9699418098720093 -0.24333697923293757
vn 0 -0.9911322687910487 -0.13287898916348082
vn 0 -0.9911322687910487 -0.13287898916348082
vn 0 -0.9699418098720093 -0.24333697923293757
vn 0 -0.9911322687910487 -0.13287898916348082
vn 0 -0.961893903604702 -0.27342296576569547
vn 0 0.8218180499200362 -0.5697500266131006
vn 0 0.7755509144903947 -0.6312850220250062
vn 0 0.8956368911354382 -0.4447859701443461
vn 0 0.8218180499200362 -0.5697500266131006
vn 0 0.8956368911354382 -0.4447859701443461
vn 0 0.8956368911354382 -0.4447859701443461
vn 0 0.9625812854604957 -0.27099311592957365
vn 0 0.9625812854604957 -0.27099311592957365
vn 0 0.9980598404578468 -0.06226198571566093
vn 0 0.9625812854604957 -0.27099311592957365
vn 0 0.9980598404578468 -0.06226198571566093
vn 0 0.9997828236514924 0.020839998355288877
vn 0 0.9625812854604957 -0.27099311592957365
vn 0 0.8956368911354382 -0.4447859701443461
vn 0 0.8956368911354382 -0.4447859701443461
vn 0 0.9625812854604957 -0.27099311592957365
vn 0 0.8956368911354382 -0.4447859701443461
vn 0 0.9625812854604957 -0.27099311592957365
vn 0 0.8218180499200362 -0.5697500266131006
vn 0 0.6568137936436523 -0.7540528101396039
vn 0 0.7755509144903947 -0.6312850220250062
vn 0 0.6568137936436523 -0.7540528101396039
vn 0 0.6568142801554849 -0.7540523863657168
vn 0 0.7755509144903947 -0.6312850220250062
vn 0 0.6568137936436523 -0.7540528101396039
vn 0 0.4805630750919365 -0.8769601649209511
vn 0 0.4805630750919365 -0.8769601649209511
vn 0 0.6568137936436523 -0.7540528101396039
vn 0 0.4805630750919365 -0.8769601649209511
vn 0 0.6568142801554849 -0.7540523863657168
vn 0 0.4805630750919365 -0.8769601649209511
vn 0 0.27691605419228443 -0.960894114317793
vn 0 0.4805630750919365 -0.8769601649209511
vn 0 0.27691605419228443 -0.960894114317793
vn 0 0.27691605419228443 -0.960894114317793
vn 0 0.4805630750919365 -0.8769601649209511
vn 0 0.27691605419228443 -0.960894114317793
vn 0 0.09708402077284999 -0.9952761892613411
vn 0 0.09708402077284999 -0.9952761892613411
vn 0 0.27691605419228443 -0.960894114317793
vn 0 0.09708402077284999 -0.9952761892613411
vn 0 0.27691605419228443 -0.960894114317793
vn 0 0.09708402077284999 -0.9952761892613411
vn 0 -0.07271001087369851 -0.9973531241835795
vn 0 0.09708402077284999 -0.9952761892613411
vn 0 -0.07271001087369851 -0.9973531241835795
vn 0 -0.07271001087369851 -0.9973531241835795
vn 0 0.09708402077284999 -0.9952761892613411
vn 0 -0.07271001087369851 -0.9973531241835795
vn 0 -0.22069090053927032 -0.9753437990878733
vn 0 -0.22069090053927032 -0.9753437990878733
vn 0 -0.07271001087369851 -0.9973531241835795
vn 0 -0.22069090053927032 -0.9753437990878733
vn 0 -0.07271001087369851 -0.9973531241835795
vn 0 -0.39083201206827095 -0.9204620243892014
vn 0 -0.5045381828294253 -0.8633893803303242
vn 0 -0.47297933244131773 -0.8810735219511283
vn 0 -0.39083201206827095 -0.9204620243892014
vn 0 -0.47297933244131773 -0.8810735219511283
vn 0 -0.39083201206827095 -0.9204620243892014
vn 0 -0.5045381828294253 -0.8633893803303242
vn 0 -0.5883520296314259 -0.8086049030451037
vn 0 -0.588353071406001 -0.8086041450345929
vn 0 -0.5045381828294253 -0.8633893803303242
vn 0 -0.588353071406001 -0.8086041450345929
vn 0 -0.47297933244131773 -0.8810735219511283
vn 0 -0.5883520296314259 -0.8086049030451037
vn 0 -0.6672182710035652 -0.7448622549431627
vn 0 -0.588353071406001 -0.8086041450345929
vn 0 -0.6672182710035652 -0.7448622549431627
vn 0 -0.6672182710035652 -0.7448622549431627
vn 0 -0.588353071406001 -0.8086041450345929
vn 0 -0.6672182710035652 -0.7448622549431627
vn 0 -0.7460414583455838 -0.6658994987455646
vn 0 -0.7460419627136994 -0.6658989336755924
vn 0 -0.6672182710035652 -0.7448622549431627
vn 0 -0.7460419627136994 -0.6658989336755924
vn 0 -0.6672182710035652 -0.7448622549431627
vn 0 -0.7460414583455838 -0.6658994987455646
vn 0 -0.7936576461163289 -0.6083646445686075
vn 0 -0.7460419627136994 -0.6658989336755924
vn 0 -0.7936576461163289 -0.6083646445686075
vn 0 -0.8165553020571035 -0.5772672160121622
vn 0 -0.7460419627136994 -0.6658989336755924
vn 0 -0.7936576461163289 -0.6083646445686075
vn 0 -0.8607960362076197 -0.5089500801151821
vn 0 -0.8165553020571035 -0.5772672160121622
vn 0 -0.8607960362076197 -0.5089500801151821
vn 0 -0.8775949197624664 -0.4794029169780993
vn 0 -0.8165553020571035 -0.5772672160121622
vn 0 -0.8607960362076197 -0.5089500801151821
vn 0 -0.9216589600445828 -0.38800098114507153
vn 0 -0.8775949197624664 -0.4794029169780993
vn 0 -0.9216589600445828 -0.38800098114507153
vn 0 -0.9216589600445828 -0.38800098114507153
vn 0 -0.8775949197624664 -0.4794029169780993
vn 0 -0.9216589600445828 -0.38800098114507153
vn 0 -0.9699418098720093 -0.24333697923293757
vn 0 -0.961893903604702 -0.27342296576569547
vn 0 -0.9216589600445828 -0.38800098114507153
vn 0 -0.961893903604702 -0.27342296576569547
vn 0 -0.9216589600445828 -0.38800098114507153
vn 0 -0.9911322687910487 -0.13287898916348082
vn 0 -0.9999981162580958 -0.001940999809420857
vn 0 -0.9911322687910487 -0.13287898916348082
vn 0 -0.9999981162580958 -0.001940999809420857
vn 0 -0.9990125898180696 0.04442797975368214
vn 0 -0.9911322687910487 -0.13287898916348082
vn 0 -0.9999981162580958 -0.001940999809420857
vn 0 -0.9866661887026615 0.16275697241889142
vn 0 -0.9990125898180696 0.04442797975368214
vn 0 -0.9866661887026615 0.16275697241889142
vn 0 -0.9730427336815283 0.2306248868391667
vn 0 -0.9990125898180696 0.04442797975368214
vn 0 -0.9866661887026615 0.16275697241889142
vn 0 -0.9251696155167046 0.37955392571368934
vn 0 -0.9730427336815283 0.2306248868391667
vn 0 -0.9251696155167046 0.37955392571368934
vn 0 -0.9251696155167046 0.37955392571368934
vn 0 -0.9730427336815283 0.2306248868391667
vn 0 -0.9251696155167046 0.37955392571368934
vn 0 -0.8378959515482384 0.5458299866983055
vn 0 -0.8378964384914687 0.5458292391978579
vn 0 -0.9251696155167046 0.37955392571368934
vn 0 -0.8378964384914687 0.5458292391978579
vn 0 -0.9251696155167046 0.37955392571368934
vn 0 -0.8378959515482384 0.5458299866983055
vn 0 -0.7087009837236695 0.7055089763207149
vn 0 -0.8378964384914687 0.5458292391978579
vn 0 -0.7087009837236695 0.7055089763207149
vn 0 -0.7087009837236695 0.7055089763207149
vn 0 -0.8378964384914687 0.5458292391978579
vn 0 -0.7087009837236695 0.7055089763207149
vn 0 -0.5449977427436077 0.8384375113294805
vn 0 -0.5449969927164412 0.8384379988586129
vn 0 -0.7087009837236695 0.7055089763207149
vn 0 -0.5449969927164412 0.8384379988586129
vn 0 -0.7087009837236695 0.7055089763207149
vn 0 -0.5449977427436077 0.8384375113294805
vn 0 -0.3689100148089192 0.9294651155227306
vn 0 -0.5449969927164412 0.8384379988586129
vn 0 -0.3689100148089192 0.9294651155227306
vn 0 -0.3689100148089192 0.9294651155227306
vn 0 -0.5449969927164412 0.8384379988586129
vn 0 -0.3689100148089192 0.9294651155227306
vn 0 -0.13280190912309867 0.9911425996965624
vn 0 -0.19790697891343503 0.9802208055827815
vn 0 -0.3689100148089192 0.9294651155227306
vn 0 -0.19790697891343503 0.9802208055827815
vn 0 -0.3689100148089192 0.9294651155227306
vn 0 -0.13280190912309867 0.9911425996965624
vn 0 0.007404997019213599 0.9999725826337169
vn 0 0.007404997019213599 0.9999725826337169
vn 0 -0.13280190912309867 0.9911425996965624
vn 0 0.007404997019213599 0.9999725826337169
vn 0 -0.19790697891343503 0.9802208055827815
vn 0 0.007404997019213599 0.9999725826337169
vn 0 0.22147009122512631 0.9751671644865482
vn 0 0.007404997019213599 0.9999725826337169
vn 0 0.22147009122512631 0.9751671644865482
vn 0 0.22147099293280983 0.9751669596993918
vn 0 0.007404997019213599 0.9999725826337169
vn 0 0.22147009122512631 0.9751671644865482
vn 0 0.44708880286450103 0.8944895764362977
vn 0 0.44708880286450103 0.8944895764362977
vn 0 0.22147009122512631 0.9751671644865482
vn 0 0.44708880286450103 0.8944895764362977
vn 0 0.22147099293280983 0.9751669596993918
vn 0 0.44708880286450103 0.8944895764362977
vn 0 0.6532388658561318 0.7571518897387726
vn 0 0.44708880286450103 0.8944895764362977
vn 0 0.6532388658561318 0.7571518897387726
vn 0 0.6532388658561318 0.7571518897387726
vn 0 0.44708880286450103 0.8944895764362977
vn 0 0.6532388658561318 0.7571518897387726
vn 0 0.8531756019445537 0.5216238033741831
vn 0 0.8531756019445537 0.5216238033741831
vn 0 0.6532388658561318 0.7571518897387726
vn 0 0.8531756019445537 0.5216238033741831
vn 0 0.6532388658561318 0.7571518897387726
vn 0 0.8531756019445537 0.5216238033741831
vn 0 0.9587955916870267 0.28409683799986996
vn 0 0.8531756019445537 0.5216238033741831
vn 0 0.9587955916870267 0.28409683799986996
vn 0 0.9839504154804373 0.17844209109925466
vn 0 0.8531756019445537 0.5216238033741831
vn 0 0.9587955916870267 0.28409683799986996
vn 0 0.9997828236514924 0.020839998355288877
vn 0 0.9839504154804373 0.17844209109925466
vn 0 0.9997828236514924 0.020839998355288877
vn 0 0.9980598404578468 -0.06226198571566093
vn 0 0.9839504154804373 0.17844209109925466
vn -0.9999993643964041 -0.00011099998357459765 0.0011220007983294593
vn -0.9999979148519489 0.001595999952027911 0.0012739999637488644
vn -0.9999993667489209 -0.00010999998365360543 0.0011200007860528304
vn -0.9999979148519489 0.001595999952027911 0.0012739999637488644
vn -0.9999935155187764 -0.002260999083672529 0.0028029990265107736
vn -0.9999993667489209 -0.00010999998365360543 0.0011200007860528304
vn -0.999996055685955 -0.00048199996935718696 0.002766999920820891
vn -0.9999998958830187 -0.00022499997270869094 0.0003969999548210593
vn -0.9999986325201271 -0.0003560000053234056 0.001614999031594644
vn -0.999996055685955 -0.00048199996935718696 0.002766999920820891
vn -0.9999986325201271 -0.0003560000053234056 0.001614999031594644
vn -0.9999960823400651 -0.0004839999682429584 0.002756999918861754
vn -0.9999912459851795 0.0023500001246618794 0.0034620012164281785
vn -0.999984908373639 0.0030819997323596475 0.004547999847703975
vn -0.9999987765390591 0.0010449998835501974 0.0011639998404336157
vn -0.9999912459851795 0.0023500001246618794 0.0034620012164281785
vn -0.9999987765390591 0.0010449998835501974 0.0011639998404336157
vn -0.9999998636954955 0.0004969999924089228 -0.00015999999322282538
vn -0.9999968700105578 0.0008829999445350891 0.002340999826056533
vn -0.9999999069574839 0.00033400001994723954 0.00027300001952825794
vn -0.999993634953639 0.0012939990428994983 0.003324999050391323
vn -0.9999968700105578 0.0008829999445350891 0.002340999826056533
vn -0.999993634953639 0.0012939990428994983 0.003324999050391323
vn -0.9999954419526567 0.0012420008499595618 0.0027520006903016324
vn -0.9999968700105578 0.0008829999445350891 0.002340999826056533
vn -0.9999998636954955 0.0004969999924089228 -0.00015999999322282538
vn -0.9999999069574839 0.00033400001994723954 0.00027300001952825794
vn -0.9999998636954955 0.0004969999924089228 -0.00015999999322282538
vn -0.9999987765390591 0.0010449998835501974 0.0011639998404336157
vn -0.9999999069574839 0.00033400001994723954 0.00027300001952825794
vn -0.9999912459851795 0.0023500001246618794 0.0034620012164281785
vn -0.9999950390633107 0.0009569999409106795 0.003000999813549638
vn -0.999984908373639 0.0030819997323596475 0.004547999847703975
vn -0.9999950390633107 0.0009569999409106795 0.003000999813549638
vn -0.9999950208954638 0.0009539999009550591 0.0030080007430109317
vn -0.999984908373639 0.0030819997323596475 0.004547999847703975
vn -0.9999950390633107 0.0009569999409106795 0.003000999813549638
vn -0.9999990537371884 -0.00022599999195384432 0.001356999901077708
vn -0.9999990421666192 -0.00022899998288725205 0.0013649999457822646
vn -0.9999950390633107 0.0009569999409106795 0.003000999813549638
vn -0.9999990421666192 -0.00022899998288725205 0.0013649999457822646
vn -0.9999950208954638 0.0009539999009550591 0.0030080007430109317
vn -0.9999990537371884 -0.00022599999195384432 0.001356999901077708
vn -0.9999977166753069 -0.001588000050137401 0.0014300000046821304
vn -0.9999990421666192 -0.00022899998288725205 0.0013649999457822646
vn -0.9999977166753069 -0.001588000050137401 0.0014300000046821304
vn -0.9999977048992436 -0.0015900000467249172 0.0014360000337061655
vn -0.9999990421666192 -0.00022899998288725205 0.0013649999457822646
vn -0.9999977166753069 -0.001588000050137401 0.0014300000046821304
vn -0.9999980920496507 0.0016990000139011949 0.0009640000056262779
vn -0.99999796185138 -0.0018870000275927133 0.000717999987363976
vn -0.9999977166753069 -0.001588000050137401 0.0014300000046821304
vn -0.99999796185138 -0.0018870000275927133 0.000717999987363976
vn -0.9999977048992436 -0.0015900000467249172 0.0014360000337061655
vn -0.9999980920496507 0.0016990000139011949 0.0009640000056262779
vn -0.9999977458466717 -0.0007770000340024757 0.001975999120090107
vn -0.9999946999578685 0.0028399987155831386 0.0015919998328936752
vn -0.9999980920496507 0.0016990000139011949 0.0009640000056262779
vn -0.9999946999578685 0.0028399987155831386 0.0015919998328936752
vn -0.99999796185138 -0.0018870000275927133 0.000717999987363976
vn -0.9999977458466717 -0.0007770000340024757 0.001975999120090107
vn -0.9999993643964041 -0.00011099998357459765 0.0011220007983294593
vn -0.9999993667489209 -0.00010999998365360543 0.0011200007860528304
vn -0.9999977458466717 -0.0007770000340024757 0.001975999120090107
vn -0.9999993667489209 -0.00010999998365360543 0.0011200007860528304
vn -0.9999946999578685 0.0028399987155831386 0.0015919998328936752
vn -0.9999979148519489 0.001595999952027911 0.0012739999637488644
vn -0.9999856549335011 -0.004176999307681477 0.0033529992544571673
vn -0.9999935155187764 -0.002260999083672529 0.0028029990265107736
vn -0.9999856549335011 -0.004176999307681477 0.0033529992544571673
vn -0.9999856900840852 -0.004174998443638185 0.0033449985129662117
vn -0.9999935155187764 -0.002260999083672529 0.0028029990265107736
vn -0.9999856549335011 -0.004176999307681477 0.0033529992544571673
vn -0.9999998313075084 -0.00010099999281451937 0.0005719999616112447
vn -0.9999977372670524 -0.0014420001262445 0.0015640001314356142
vn -0.9999856549335011 -0.004176999307681477 0.0033529992544571673
vn -0.9999977372670524 -0.0014420001262445 0.0015640001314356142
vn -0.9999856900840852 -0.004174998443638185 0.0033449985129662117
vn -0.9999998313075084 -0.00010099999281451937 0.0005719999616112447
vn -0.9999997451019896 0 0.0007139999691117595
vn -0.9999997320880223 0.0007319999206539209 0
vn -0.9999998313075084 -0.00010099999281451937 0.0005719999616112447
vn -0.9999997320880223 0.0007319999206539209 0
vn -0.9999977372670524 -0.0014420001262445 0.0015640001314356142
vn -0.9999997451019896 0 0.0007139999691117595
vn -0.9999998470954876 0 0.0005530000012297868
vn -0.9999994043304669 -0.0003639999635566874 0.001029000844531003
vn -0.9999997451019896 0 0.0007139999691117595
vn -0.9999994043304669 -0.0003639999635566874 0.001029000844531003
vn -0.9999997320880223 0.0007319999206539209 0
vn -0.9999998470954876 0 0.0005530000012297868
vn -0.9999998759979892 0.0004980000061329635 0
vn -0.9999998969419944 0.0004540000009568493 0
vn -0.9999998470954876 0 0.0005530000012297868
vn -0.9999998969419944 0.0004540000009568493 0
vn -0.9999994043304669 -0.0003639999635566874 0.001029000844531003
vn -0.9999998759979892 0.0004980000061329635 0
vn -0.999999783445507 0.0006219999608456163 -0.00021499997182043321
vn -0.9999998157350054 0.0005889999646288896 -0.0001469999892698631
vn -0.9999998759979892 0.0004980000061329635 0
vn -0.9999998157350054 0.0005889999646288896 -0.0001469999892698631
vn -0.9999998969419944 0.0004540000009568493 0
vn -0.999999783445507 0.0006219999608456163 -0.00021499997182043321
vn -0.9999987863176225 0 0.0015579997696531242
vn -0.9999997873114886 0.0003359999859508323 0.0005589999884066549
vn -0.999999783445507 0.0006219999608456163 -0.00021499997182043321
vn -0.9999997873114886 0.0003359999859508323 0.0005589999884066549
vn -0.9999998157350054 0.0005889999646288896 -0.0001469999892698631
vn -0.9999987863176225 0 0.0015579997696531242
vn -0.999996055685955 -0.00048199996935718696 0.002766999920820891
vn -0.9999960823400651 -0.0004839999682429584 0.002756999918861754
vn -0.9999987863176225 0 0.0015579997696531242
vn -0.9999960823400651 -0.0004839999682429584 0.002756999918861754
vn -0.9999997873114886 0.0003359999859508323 0.0005589999884066549
vn -0.9999998958830187 -0.00022499997270869094 0.0003969999548210593
vn -0.999999866355506 0 -0.000516999971109129
vn -0.9999997660719793 0 -0.0006839999901336005
vn -0.9999998958830187 -0.00022499997270869094 0.0003969999548210593
vn -0.9999997660719793 0 -0.0006839999901336005
vn -0.9999986325201271 -0.0003560000053234056 0.001614999031594644
vn -0.999999866355506 0 -0.000516999971109129
vn -0.9999986926886798 -0.00031500001330843824 -0.0015859999757225347
vn -0.9999995144044623 -0.00018999999312515226 -0.0009670009524729076
vn -0.999999866355506 0 -0.000516999971109129
vn -0.9999995144044623 -0.00018999999312515226 -0.0009670009524729076
vn -0.9999997660719793 0 -0.0006839999901336005
vn -0.9999986926886798 -0.00031500001330843824 -0.0015859999757225347
vn -0.9999998461580069 0.0002779999826216411 -0.0004799999712504808
vn -0.9999990927950959 0 -0.0013469999944810745
vn -0.9999986926886798 -0.00031500001330843824 -0.0015859999757225347
vn -0.9999990927950959 0 -0.0013469999944810745
vn -0.9999995144044623 -0.00018999999312515226 -0.0009670009524729076
vn -0.9999998461580069 0.0002779999826216411 -0.0004799999712504808
vn -0.9999999415180004 0.00034199999391497723 0
vn -0.9999998553199979 0.0005039999831617977 0.00018800000064856653
vn -0.9999998461580069 0.0002779999826216411 -0.0004799999712504808
vn -0.9999998553199979 0.0005039999831617977 0.00018800000064856653
vn -0.9999990927950959 0 -0.0013469999944810745
vn -0.9999999415180004 0.00034199999391497723 0
vn -0.999999414349968 0.0009699998881370957 0.00047999993564397706
vn -0.999999850395512 0.0005469999575501128 0
vn -0.9999999415180004 0.00034199999391497723 0
vn -0.999999850395512 0.0005469999575501128 0
vn -0.9999998553199979 0.0005039999831617977 0.00018800000064856653
vn -0.999999414349968 0.0009699998881370957 0.00047999993564397706
vn -0.9999997758300085 -0.000561999946488259 -0.00036399999030208523
vn -0.9999998476514911 0.00046399999618483844 0.000298999996726114
vn -0.999999414349968 0.0009699998881370957 0.00047999993564397706
vn -0.9999998476514911 0.00046399999618483844 0.000298999996726114
vn -0.999999850395512 0.0005469999575501128 0
vn -0.9999997758300085 -0.000561999946488259 -0.00036399999030208523
vn -0.9999935515956665 0.003473998733095214 0.0009099999381332258
vn -0.999993554893721 0.003471998729458559 0.0009139999131151501
vn -0.9999997758300085 -0.000561999946488259 -0.00036399999030208523
vn -0.999993554893721 0.003471998729458559 0.0009139999131151501
vn -0.9999998476514911 0.00046399999618483844 0.000298999996726114
vn -0.9999935515956665 0.003473998733095214 0.0009099999381332258
vn -0.9999658889851755 0.007748999034271744 0.002858999834699612
vn -0.999993554893721 0.003471998729458559 0.0009139999131151501
vn -0.9999658889851755 0.007748999034271744 0.002858999834699612
vn -0.9999761420986809 0.006398000736069426 0.0026040007718663096
vn -0.999993554893721 0.003471998729458559 0.0009139999131151501
vn -0.9999658889851755 0.007748999034271744 0.002858999834699612
vn -0.9999970494892798 0.00023299999188050867 0.0024179999459665097
vn -0.9999761420986809 0.006398000736069426 0.0026040007718663096
vn -0.9999970494892798 0.00023299999188050867 0.0024179999459665097
vn -0.9999970417627475 0.00023499999068207335 0.00242099995001435
vn -0.9999761420986809 0.006398000736069426 0.0026040007718663096
vn -0.9999970494892798 0.00023299999188050867 0.0024179999459665097
vn -0.9999989751025448 0.0003549999923643444 0.0013869999513931508
vn -0.9999989667624902 0.000354999989403622 0.0013929999853926917
vn -0.9999970494892798 0.00023299999188050867 0.0024179999459665097
vn -0.9999989667624902 0.000354999989403622 0.0013929999853926917
vn -0.9999970417627475 0.00023499999068207335 0.00242099995001435
vn -0.9999989751025448 0.0003549999923643444 0.0013869999513931508
vn -0.9999962672258312 0.00212300120550107 0.0017200000829054895
vn -0.9999989667624902 0.000354999989403622 0.0013929999853926917
vn -0.9999962672258312 0.00212300120550107 0.0017200000829054895
vn -0.9999963387730865 0 0.002706000817174179
vn -0.9999989667624902 0.000354999989403622 0.0013929999853926917
vn -0.9999962672258312 0.00212300120550107 0.0017200000829054895
vn -0.9999975255968643 -0.00028699997667987307 0.002205998903423601
vn -0.9999963387730865 0 0.002706000817174179
vn -0.9999975255968643 -0.00028699997667987307 0.002205998903423601
vn -0.9999988284985991 0.0012009998297560194 0.0009489999148158662
vn -0.9999963387730865 0 0.002706000817174179
vn -0.9999975255968643 -0.00028699997667987307 0.002205998903423601
vn -0.9999976275747061 0.0021349990525844245 0.00043200000580884113
vn -0.9999988284985991 0.0012009998297560194 0.0009489999148158662
vn -0.9999976275747061 0.0021349990525844245 0.00043200000580884113
vn -0.9999979703089489 0.0017729999907643648 0.0009570000081141306
vn -0.9999988284985991 0.0012009998297560194 0.0009489999148158662
vn -0.9999976275747061 0.0021349990525844245 0.00043200000580884113
vn -0.99999753291018 0.0013769998936192854 0.001742998808475379
vn -0.9999979703089489 0.0017729999907643648 0.0009570000081141306
vn -0.99999753291018 0.0013769998936192854 0.001742998808475379
vn -0.9999970384111916 0.0012880000525932376 0.002064999929943837
vn -0.9999979703089489 0.0017729999907643648 0.0009570000081141306
vn -0.99999753291018 0.0013769998936192854 0.001742998808475379
vn -0.9999954419526567 0.0012420008499595618 0.0027520006903016324
vn -0.9999970384111916 0.0012880000525932376 0.002064999929943837
vn -0.9999954419526567 0.0012420008499595618 0.0027520006903016324
vn -0.999993634953639 0.0012939990428994983 0.003324999050391323
vn -0.9999970384111916 0.0012880000525932376 0.002064999929943837
vn 0.014703009991269268 0.2206630972147553 0.9752392624503938
vn 0.015275990370431949 0.39080290825942704 0.9203476142274594
vn 0.015277000091147677 0.39080199463746873 0.9203479854139904
vn 0.014703009991269268 0.2206630972147553 0.9752392624503938
vn 0.015277000091147677 0.39080199463746873 0.9203479854139904
vn 0.014703009991269268 0.2206630972147553 0.9752392624503938
vn 0.010696999785077814 0.9698931029911029 0.2432959986639481
vn 0.00904699578948288 0.9944085661463226 0.10521290530158425
vn 0.009734001162684384 0.9869111334443692 0.16097100330468078
vn 0.010696999785077814 0.9698931029911029 0.2432959986639481
vn 0.009734001162684384 0.9869111334443692 0.16097100330468078
vn 0.011029990065734085 0.9618474558398077 0.2733638802286053
vn 0.0012919998404827774 -0.8218170350785218 0.5697500255297581
vn 0.0024679999258218573 -0.7755479193115473 0.6312838773704709
vn -0.0006109999366902864 -0.8858858085339392 0.4639029649800118
vn 0.0012919998404827774 -0.8218170350785218 0.5697500255297581
vn -0.0006109999366902864 -0.8858858085339392 0.4639029649800118
vn -0.001314999970151277 -0.9062286996474294 0.42278577874664564
vn -0.004186999982248073 -0.9697380061662223 0.2441119997622168
vn -0.0033140010177939603 -0.9538270824631835 0.30033799985520543
vn -0.006829998603473439 -0.9980348479796626 0.06228798710255749
vn -0.004186999982248073 -0.9697380061662223 0.2441119997622168
vn -0.006829998603473439 -0.9980348479796626 0.06228798710255749
vn -0.00795199824921354 -0.9997516992921449 -0.020815991120129027
vn -0.004186999982248073 -0.9697380061662223 0.2441119997622168
vn -0.001314999970151277 -0.9062286996474294 0.42278577874664564
vn -0.0033140010177939603 -0.9538270824631835 0.30033799985520543
vn -0.001314999970151277 -0.9062286996474294 0.42278577874664564
vn -0.0006109999366902864 -0.8858858085339392 0.4639029649800118
vn -0.0033140010177939603 -0.9538270824631835 0.30033799985520543
vn 0.0012919998404827774 -0.8218170350785218 0.5697500255297581
vn 0.004507997378307115 -0.6826477294543567 0.7307337103421796
vn 0.0024679999258218573 -0.7755479193115473 0.6312838773704709
vn 0.004507997378307115 -0.6826477294543567 0.7307337103421796
vn 0.005522002102304391 -0.630090188691386 0.77650232556486
vn 0.0024679999258218573 -0.7755479193115473 0.6312838773704709
vn 0.004507997378307115 -0.6826477294543567 0.7307337103421796
vn 0.007492998584025908 -0.5142178790748293 0.8576268581451983
vn 0.005522002102304391 -0.630090188691386 0.77650232556486
vn 0.007492998584025908 -0.5142178790748293 0.8576268581451983
vn 0.008539003067271268 -0.4443602243786834 0.8958074996430556
vn 0.005522002102304391 -0.630090188691386 0.77650232556486
vn 0.007492998584025908 -0.5142178790748293 0.8576268581451983
vn 0.010342999566678947 -0.30661399000119804 0.9517777490021024
vn 0.008539003067271268 -0.4443602243786834 0.8958074996430556
vn 0.010342999566678947 -0.30661399000119804 0.9517777490021024
vn 0.011033998228283196 -0.24659706268128245 0.969055281993789
vn 0.008539003067271268 -0.4443602243786834 0.8958074996430556
vn 0.010342999566678947 -0.30661399000119804 0.9517777490021024
vn 0.01224699894003655 -0.12795198461750215 0.9917047446944103
vn 0.011033998228283196 -0.24659706268128245 0.969055281993789
vn 0.01224699894003655 -0.12795198461750215 0.9917047446944103
vn 0.012815999934680671 -0.06444002011357607 0.9978392826269351
vn 0.011033998228283196 -0.24659706268128245 0.969055281993789
vn 0.01224699894003655 -0.12795198461750215 0.9917047446944103
vn 0.013705000485288953 0.0499099798477459 0.9986596852147862
vn 0.012815999934680671 -0.06444002011357607 0.9978392826269351
vn 0.013705000485288953 0.0499099798477459 0.9986596852147862
vn 0.014014999036371536 0.09612396973608088 0.9952706979732636
vn 0.012815999934680671 -0.06444002011357607 0.9978392826269351
vn 0.013705000485288953 0.0499099798477459 0.9986596852147862
vn 0.014703009991269268 0.2206630972147553 0.9752392624503938
vn 0.014014999036371536 0.09612396973608088 0.9952706979732636
vn 0.014703009991269268 0.2206630972147553 0.9752392624503938
vn 0.014703009991269268 0.2206630972147553 0.9752392624503938
vn 0.014014999036371536 0.09612396973608088 0.9952706979732636
vn 0.015275990370431949 0.39080290825942704 0.9203476142274594
vn 0.015381999742220907 0.473022892506283 0.880915851400643
vn 0.015277000091147677 0.39080199463746873 0.9203479854139904
vn 0.015381999742220907 0.473022892506283 0.880915851400643
vn 0.0153930103768538 0.5045412194680773 0.863250376825405
vn 0.015277000091147677 0.39080199463746873 0.9203479854139904
vn 0.015381999742220907 0.473022892506283 0.880915851400643
vn 0.015310998748614912 0.5882929702820175 0.8085029093541231
vn 0.0153930103768538 0.5045412194680773 0.863250376825405
vn 0.015310998748614912 0.5882929702820175 0.8085029093541231
vn 0.015313998598826553 0.5882870717441262 0.8085071444740836
vn 0.0153930103768538 0.5045412194680773 0.863250376825405
vn 0.015310998748614912 0.5882929702820175 0.8085029093541231
vn 0.015003999652686315 0.6807619910032573 0.7323510030031388
vn 0.015120000658316193 0.6544409235886242 0.755961945545251
vn 0.015310998748614912 0.5882929702820175 0.8085029093541231
vn 0.015120000658316193 0.6544409235886242 0.755961945545251
vn 0.015313998598826553 0.5882870717441262 0.8085071444740836
vn 0.015003999652686315 0.6807619910032573 0.7323510030031388
vn 0.014537000262460876 0.7554578866940758 0.6550359204311549
vn 0.01468499827887402 0.7355041091191135 0.6773610974173587
vn 0.015003999652686315 0.6807619910032573 0.7323510030031388
vn 0.01468499827887402 0.7355041091191135 0.6773610974173587
vn 0.015120000658316193 0.6544409235886242 0.755961945545251
vn 0.014537000262460876 0.7554578866940758 0.6550359204311549
vn 0.013967999114690818 0.8164749113895522 0.5772119316786122
vn 0.01420699966063312 0.7935817100779657 0.6082978140601645
vn 0.014537000262460876 0.7554578866940758 0.6550359204311549
vn 0.01420699966063312 0.7935817100779657 0.6082978140601645
vn 0.01468499827887402 0.7355041091191135 0.6773610974173587
vn 0.013967999114690818 0.8164749113895522 0.5772119316786122
vn 0.013130999703383063 0.8775052758198083 0.4793871793813345
vn 0.013395999568211454 0.8607078797052182 0.508922875305204
vn 0.013967999114690818 0.8164749113895522 0.5772119316786122
vn 0.013395999568211454 0.8607078797052182 0.508922875305204
vn 0.01420699966063312 0.7935817100779657 0.6082978140601645
vn 0.013130999703383063 0.8775052758198083 0.4793871793813345
vn 0.012000999803907331 0.9314770874807456 0.36360199600950227
vn 0.012478998996321353 0.9116152538618436 0.4108550882129321
vn 0.013130999703383063 0.8775052758198083 0.4793871793813345
vn 0.012478998996321353 0.9116152538618436 0.4108550882129321
vn 0.013395999568211454 0.8607078797052182 0.508922875305204
vn 0.012000999803907331 0.9314770874807456 0.36360199600950227
vn 0.010696999785077814 0.9698931029911029 0.2432959986639481
vn 0.011029990065734085 0.9618474558398077 0.2733638802286053
vn 0.012000999803907331 0.9314770874807456 0.36360199600950227
vn 0.011029990065734085 0.9618474558398077 0.2733638802286053
vn 0.012478998996321353 0.9116152538618436 0.4108550882129321
vn 0.00904699578948288 0.9944085661463226 0.10521290530158425
vn 0.007076002721275701 0.998987439173357 -0.044430018673718916
vn 0.007707003300795313 0.9999684419586089 0.0019280007764007987
vn 0.00904699578948288 0.9944085661463226 0.10521290530158425
vn 0.007707003300795313 0.9999684419586089 0.0019280007764007987
vn 0.009734001162684384 0.9869111334443692 0.16097100330468078
vn 0.007076002721275701 0.998987439173357 -0.044430018673718916
vn 0.00439300062010966 0.97304011970425 -0.23059407405978716
vn 0.005402999536123662 0.9866540308603289 -0.16274099355441388
vn 0.007076002721275701 0.998987439173357 -0.044430018673718916
vn 0.005402999536123662 0.9866540308603289 -0.16274099355441388
vn 0.007707003300795313 0.9999684419586089 0.0019280007764007987
vn 0.00439300062010966 0.97304011970425 -0.23059407405978716
vn 0.00158399982080644 0.913486940247857 -0.40686496647066567
vn 0.0025019988817157595 0.9363166738382142 -0.3511478695566004
vn 0.00439300062010966 0.97304011970425 -0.23059407405978716
vn 0.0025019988817157595 0.9363166738382142 -0.3511478695566004
vn 0.005402999536123662 0.9866540308603289 -0.16274099355441388
vn 0.00158399982080644 0.913486940247857 -0.40686496647066567
vn -0.0013820000838365854 0.8184471951376281 -0.5745800891495609
vn -0.00032299998041132475 0.8561097840541849 -0.5167938982976767
vn 0.00158399982080644 0.913486940247857 -0.40686496647066567
vn -0.00032299998041132475 0.8561097840541849 -0.5167938982976767
vn 0.0025019988817157595 0.9363166738382142 -0.3511478695566004
vn -0.0013820000838365854 0.8184471951376281 -0.5745800891495609
vn -0.004475000604030592 0.6842570631732353 -0.7292271565617485
vn -0.0034660012654362062 0.7321782644761733 -0.6811042327455371
vn -0.0013820000838365854 0.8184471951376281 -0.5745800891495609
vn -0.0034660012654362062 0.7321782644761733 -0.6811042327455371
vn -0.00032299998041132475 0.8561097840541849 -0.5167938982976767
vn -0.004475000604030592 0.6842570631732353 -0.7292271565617485
vn -0.0074799993466079405 0.5150809379057312 -0.8571089061583288
vn -0.006506003688110561 0.5746713089023213 -0.8183584536378318
vn -0.004475000604030592 0.6842570631732353 -0.7292271565617485
vn -0.006506003688110561 0.5746713089023213 -0.8183584536378318
vn -0.0034660012654362062 0.7321782644761733 -0.6811042327455371
vn -0.0074799993466079405 0.5150809379057312 -0.8571089061583288
vn -0.009976995083834646 0.33661186216918565 -0.9415906296348164
vn -0.009162998086646165 0.39940488391228307 -0.9167288465915533
vn -0.0074799993466079405 0.5150809379057312 -0.8571089061583288
vn -0.009162998086646165 0.39940488391228307 -0.9167288465915533
vn -0.006506003688110561 0.5746713089023213 -0.8183584536378318
vn -0.009976995083834646 0.33661186216918565 -0.9415906296348164
vn -0.012200999573773545 0.13287399239593647 -0.9910578377441779
vn -0.011555999344825254 0.19798397616669633 -0.9801371353338101
vn -0.009976995083834646 0.33661186216918565 -0.9415906296348164
vn -0.011555999344825254 0.19798397616669633 -0.9801371353338101
vn -0.009162998086646165 0.39940488391228307 -0.9167288465915533
vn -0.012200999573773545 0.13287399239593647 -0.9910578377441779
vn -0.013600009460473522 -0.035067008184293175 -0.9992924220065303
vn -0.013186008566449737 0.019626008669860383 -0.9997204354027059
vn -0.012200999573773545 0.13287399239593647 -0.9910578377441779
vn -0.013186008566449737 0.019626008669860383 -0.9997204354027059
vn -0.011555999344825254 0.19798397616669633 -0.9801371353338101
vn -0.013600009460473522 -0.035067008184293175 -0.9992924220065303
vn -0.014706999645552506 -0.2214458979231316 -0.9750617510980746
vn -0.014711009210396175 -0.2214510877393179 -0.9750605119412254
vn -0.013600009460473522 -0.035067008184293175 -0.9992924220065303
vn -0.014711009210396175 -0.2214510877393179 -0.9750605119412254
vn -0.013186008566449737 0.019626008669860383 -0.9997204354027059
vn -0.014706999645552506 -0.2214458979231316 -0.9750617510980746
vn -0.015368988729896818 -0.4470387722147614 -0.8943825413782063
vn -0.014711009210396175 -0.2214510877393179 -0.9750605119412254
vn -0.015368988729896818 -0.4470387722147614 -0.8943825413782063
vn -0.015375990080435565 -0.44703870022804615 -0.8943824570213043
vn -0.014711009210396175 -0.2214510877393179 -0.9750605119412254
vn -0.015368988729896818 -0.4470387722147614 -0.8943825413782063
vn -0.015112997624091564 -0.6531719209500971 -0.7570588081418604
vn -0.01511900048213787 -0.6531717839514958 -0.757058806483381
vn -0.015368988729896818 -0.4470387722147614 -0.8943825413782063
vn -0.01511900048213787 -0.6531717839514958 -0.757058806483381
vn -0.015375990080435565 -0.44703870022804615 -0.8943824570213043
vn -0.015112997624091564 -0.6531719209500971 -0.7570588081418604
vn -0.01390699956620311 -0.822273144161308 -0.5689230807008469
vn -0.01511900048213787 -0.6531717839514958 -0.757058806483381
vn -0.01390699956620311 -0.822273144161308 -0.5689230807008469
vn -0.013101999918395288 -0.8795398059266877 -0.47564489631297735
vn -0.01511900048213787 -0.6531717839514958 -0.757058806483381
vn -0.01390699956620311 -0.822273144161308 -0.5689230807008469
vn -0.011151009835400993 -0.9587404439756806 -0.28406410555535844
vn -0.013101999918395288 -0.8795398059266877 -0.47564489631297735
vn -0.011151009835400993 -0.9587404439756806 -0.28406410555535844
vn -0.009933001999666903 -0.9839051940810427 -0.17841497843964882
vn -0.013101999918395288 -0.8795398059266877 -0.47564489631297735
vn -0.011151009835400993 -0.9587404439756806 -0.28406410555535844
vn -0.00795199824921354 -0.9997516992921449 -0.020815991120129027
vn -0.009933001999666903 -0.9839051940810427 -0.17841497843964882
vn -0.00795199824921354 -0.9997516992921449 -0.020815991120129027
vn -0.006829998603473439 -0.9980348479796626 0.06228798710255749
vn -0.009933001999666903 -0.9839051940810427 -0.17841497843964882
vn -0.9999522134287376 0.008446000578978579 0.004923000425358224
vn -0.9999800686838075 0.002039999886248134 0.005975000886337241
vn -0.999983478473852 0.004282001824343515 0.00383500191805939
vn -0.9999522134287376 0.008446000578978579 0.004923000425358224
vn -0.999983478473852 0.004282001824343515 0.00383500191805939
vn -0.9999728886725576 0.0068029990086145836 0.0028180000619825243
vn -0.9999811887374528 0.00610000059522267 -0.000641999976077553
vn -0.9999770441154139 0.006775000605258116 0.00010299999151603308
vn -0.9999702554046754 0.007126001668680096 0.0029510008685112187
vn -0.9999770441154139 0.006775000605258116 0.00010299999151603308
vn -0.9999704849596553 0.007102002779104162 0.0029310008661775117
vn -0.9999702554046754 0.007126001668680096 0.0029510008685112187
vn -0.9999347327019232 0.003309999090712596 0.010935000793445705
vn -0.9998974805860584 0.006496997088205228 0.012759990066177987
vn -0.9999639341405158 0.005798999776513117 0.00620499958211794
vn -0.9998974805860584 0.006496997088205228 0.012759990066177987
vn -0.9999943580173274 0.003255001297057641 -0.0008300000418473133
vn -0.9999639341405158 0.005798999776513117 0.00620499958211794
vn -0.9999211724866175 -0.005409000099020826 -0.011330998672533024
vn -0.9999265486807979 -0.00831399700010463 -0.008818996382247958
vn -0.9999383297684596 -0.0006939999191054018 -0.011083998555369366
vn -0.9999211724866175 -0.005409000099020826 -0.011330998672533024
vn -0.9999383297684596 -0.0006939999191054018 -0.011083998555369366
vn -0.9999950135837387 0.0030809996398457455 -0.0006929999114535045
vn -0.9999383297684596 -0.0006939999191054018 -0.011083998555369366
vn -0.9999639341405158 0.005798999776513117 0.00620499958211794
vn -0.9999950135837387 0.0030809996398457455 -0.0006929999114535045
vn -0.9999639341405158 0.005798999776513117 0.00620499958211794
vn -0.9999943580173274 0.003255001297057641 -0.0008300000418473133
vn -0.9999950135837387 0.0030809996398457455 -0.0006929999114535045
vn -0.9999347327019232 0.003309999090712596 0.010935000793445705
vn -0.9999926930827207 -0.002362998817873581 0.003004998794367948
vn -0.9999902642737443 -0.002028000965789179 0.003919001123986628
vn -0.9999347327019232 0.003309999090712596 0.010935000793445705
vn -0.9999902642737443 -0.002028000965789179 0.003919001123986628
vn -0.9998974805860584 0.006496997088205228 0.012759990066177987
vn -0.9999926930827207 -0.002362998817873581 0.003004998794367948
vn -0.9999919194438909 -0.0025509998610227565 0.0031069996188937007
vn -0.9999902642737443 -0.002028000965789179 0.003919001123986628
vn -0.9999919194438909 -0.0025509998610227565 0.0031069996188937007
vn -0.9999929136815899 -0.00188800006960458 0.0032569989778115814
vn -0.9999902642737443 -0.002028000965789179 0.003919001123986628
vn -0.9999919194438909 -0.0025509998610227565 0.0031069996188937007
vn -0.999973003321233 -0.007240000279716197 0.0012549998658240226
vn -0.9999929136815899 -0.00188800006960458 0.0032569989778115814
vn -0.999973003321233 -0.007240000279716197 0.0012549998658240226
vn -0.9999578531287173 -0.009144998483334015 -0.00081299996691724
vn -0.9999929136815899 -0.00188800006960458 0.0032569989778115814
vn -0.999973003321233 -0.007240000279716197 0.0012549998658240226
vn -0.9999997147760341 -0.0006479999175868148 -0.0003879999445456229
vn -0.9999578531287173 -0.009144998483334015 -0.00081299996691724
vn -0.9999997147760341 -0.0006479999175868148 -0.0003879999445456229
vn -0.9999469761470011 0.010086999849782868 0.002072999879130885
vn -0.9999578531287173 -0.009144998483334015 -0.00081299996691724
vn -0.9999997147760341 -0.0006479999175868148 -0.0003879999445456229
vn -0.9999697829367311 0.006844997888722879 0.0036849989647595514
vn -0.9999469761470011 0.010086999849782868 0.002072999879130885
vn -0.9999697829367311 0.006844997888722879 0.0036849989647595514
vn -0.9999932312285932 0.0009139998896782758 0.003564000729385521
vn -0.9999469761470011 0.010086999849782868 0.002072999879130885
vn -0.9999697829367311 0.006844997888722879 0.0036849989647595514
vn -0.9999728886725576 0.0068029990086145836 0.0028180000619825243
vn -0.999983478473852 0.004282001824343515 0.00383500191805939
vn -0.9999697829367311 0.006844997888722879 0.0036849989647595514
vn -0.999983478473852 0.004282001824343515 0.00383500191805939
vn -0.9999932312285932 0.0009139998896782758 0.003564000729385521
vn -0.9999522134287376 0.008446000578978579 0.004923000425358224
vn -0.99997950497397 0.0014879990036922835 0.006226996947068889
vn -0.9999800686838075 0.002039999886248134 0.005975000886337241
vn -0.99997950497397 0.0014879990036922835 0.006226996947068889
vn -0.9999769250663313 0.0009469999292126732 0.006726999778428607
vn -0.9999800686838075 0.002039999886248134 0.005975000886337241
vn -0.99997950497397 0.0014879990036922835 0.006226996947068889
vn -0.9999755471509728 0.0028569987242119768 0.006382997603201779
vn -0.9999769250663313 0.0009469999292126732 0.006726999778428607
vn -0.9999755471509728 0.0028569987242119768 0.006382997603201779
vn -0.9999754234479641 0.0033660018484241395 0.0061500025708464134
vn -0.9999769250663313 0.0009469999292126732 0.006726999778428607
vn -0.9999755471509728 0.0028569987242119768 0.006382997603201779
vn -0.9999750303663013 0.004401000237343344 0.005528999984243195
vn -0.9999754234479641 0.0033660018484241395 0.0061500025708464134
vn -0.9999750303663013 0.004401000237343344 0.005528999984243195
vn -0.9999747364379888 0.0047799989015582895 0.005260997650252043
vn -0.9999754234479641 0.0033660018484241395 0.0061500025708464134
vn -0.9999750303663013 0.004401000237343344 0.005528999984243195
vn -0.9999748293969215 0.005015999623592584 0.00501799963866747
vn -0.9999747364379888 0.0047799989015582895 0.005260997650252043
vn -0.9999748293969215 0.005015999623592584 0.00501799963866747
vn -0.9999744720062657 0.005320001767680816 0.004770001780124464
vn -0.9999747364379888 0.0047799989015582895 0.005260997650252043
vn -0.9999748293969215 0.005015999623592584 0.00501799963866747
vn -0.9999745009281074 0.00588999695526274 0.004037998198344797
vn -0.9999744720062657 0.005320001767680816 0.004770001780124464
vn -0.9999745009281074 0.00588999695526274 0.004037998198344797
vn -0.9999744757039721 0.005912003027507193 0.004012002089813111
vn -0.9999744720062657 0.005320001767680816 0.004770001780124464
vn -0.9999745009281074 0.00588999695526274 0.004037998198344797
vn -0.9999750257470988 0.006482999772438038 0.0028140000070275666
vn -0.9999747235856883 0.006217997591040433 0.0034479987941186383
vn -0.9999745009281074 0.00588999695526274 0.004037998198344797
vn -0.9999747235856883 0.006217997591040433 0.0034479987941186383
vn -0.9999744757039721 0.005912003027507193 0.004012002089813111
vn -0.9999750257470988 0.006482999772438038 0.0028140000070275666
vn -0.999973388258292 0.00692600230497143 0.002292000720487091
vn -0.9999740476853215 0.00669500075779081 0.002660999941252314
vn -0.9999750257470988 0.006482999772438038 0.0028140000070275666
vn -0.9999740476853215 0.00669500075779081 0.002660999941252314
vn -0.9999747235856883 0.006217997591040433 0.0034479987941186383
vn -0.999973388258292 0.00692600230497143 0.002292000720487091
vn -0.9999702554046754 0.007126001668680096 0.0029510008685112187
vn -0.9999704849596553 0.007102002779104162 0.0029310008661775117
vn -0.999973388258292 0.00692600230497143 0.002292000720487091
vn -0.9999704849596553 0.007102002779104162 0.0029310008661775117
vn -0.9999740476853215 0.00669500075779081 0.002660999941252314
vn -0.9999811887374528 0.00610000059522267 -0.000641999976077553
vn -0.9999745122059701 0.00660700333994823 -0.0027060017180020133
vn -0.9999770441154139 0.006775000605258116 0.00010299999151603308
vn -0.9999745122059701 0.00660700333994823 -0.0027060017180020133
vn -0.9999719715484572 0.007449000036225682 -0.0007539999680108218
vn -0.9999770441154139 0.006775000605258116 0.00010299999151603308
vn -0.9999745122059701 0.00660700333994823 -0.0027060017180020133
vn -0.999972718145746 0.006469998313513768 -0.0035639986015231534
vn -0.9999729673006608 0.00674299967455535 -0.002931999880726563
vn -0.9999745122059701 0.00660700333994823 -0.0027060017180020133
vn -0.9999729673006608 0.00674299967455535 -0.002931999880726563
vn -0.9999719715484572 0.007449000036225682 -0.0007539999680108218
vn -0.999972718145746 0.006469998313513768 -0.0035639986015231534
vn -0.9999726380882845 0.006225998397804866 -0.003994999212388622
vn -0.9999725365956753 0.006471997219727946 -0.0036109979782158142
vn -0.999972718145746 0.006469998313513768 -0.0035639986015231534
vn -0.9999725365956753 0.006471997219727946 -0.0036109979782158142
vn -0.9999729673006608 0.00674299967455535 -0.002931999880726563
vn -0.9999726380882845 0.006225998397804866 -0.003994999212388622
vn -0.9999721627989079 0.0053010006903659096 -0.005251001709696957
vn -0.9999720852926612 0.006052000794338008 -0.004381999752622288
vn -0.9999726380882845 0.006225998397804866 -0.003994999212388622
vn -0.9999720852926612 0.006052000794338008 -0.004381999752622288
vn -0.9999725365956753 0.006471997219727946 -0.0036109979782158142
vn -0.9999721627989079 0.0053010006903659096 -0.005251001709696957
vn -0.999951696847378 0.009413997792666001 -0.002824998691899247
vn -0.9999709743784128 0.00539400010431146 -0.005381000238129764
vn -0.9999721627989079 0.0053010006903659096 -0.005251001709696957
vn -0.9999709743784128 0.00539400010431146 -0.005381000238129764
vn -0.9999720852926612 0.006052000794338008 -0.004381999752622288
vn -0.999951696847378 0.009413997792666001 -0.002824998691899247
vn -0.9999920700625498 0.003077999913759901 -0.002526999910514003
vn -0.9999582579591787 0.009018002839809056 -0.001469001029954846
vn -0.999951696847378 0.009413997792666001 -0.002824998691899247
vn -0.9999582579591787 0.009018002839809056 -0.001469001029954846
vn -0.9999709743784128 0.00539400010431146 -0.005381000238129764
vn -0.9999920700625498 0.003077999913759901 -0.002526999910514003
vn -0.9999782170639263 -0.00258300112538273 -0.006074002209193203
vn -0.999988819723946 -0.0005549999248182689 -0.004695998529872639
vn -0.9999920700625498 0.003077999913759901 -0.002526999910514003
vn -0.999988819723946 -0.0005549999248182689 -0.004695998529872639
vn -0.9999582579591787 0.009018002839809056 -0.001469001029954846
vn -0.9999782170639263 -0.00258300112538273 -0.006074002209193203
vn -0.9999514534625935 0.004525002895125863 -0.00875300330433893
vn -0.9999686909091644 0.0017769997853437614 -0.007710996898899066
vn -0.9999782170639263 -0.00258300112538273 -0.006074002209193203
vn -0.9999686909091644 0.0017769997853437614 -0.007710996898899066
vn -0.999988819723946 -0.0005549999248182689 -0.004695998529872639
vn -0.9999514534625935 0.004525002895125863 -0.00875300330433893
vn -0.9999825482386263 -0.001745999101542285 -0.005643997282131684
vn -0.9999483247592322 0.006497001832376618 -0.007819001112351835
vn -0.9999514534625935 0.004525002895125863 -0.00875300330433893
vn -0.9999483247592322 0.006497001832376618 -0.007819001112351835
vn -0.9999686909091644 0.0017769997853437614 -0.007710996898899066
vn -0.9999825482386263 -0.001745999101542285 -0.005643997282131684
vn -0.9999512444702605 -0.006653002401306023 -0.007297002221841757
vn -0.9999532532954531 -0.007982001962427874 -0.005457001787699178
vn -0.9999825482386263 -0.001745999101542285 -0.005643997282131684
vn -0.9999532532954531 -0.007982001962427874 -0.005457001787699178
vn -0.9999483247592322 0.006497001832376618 -0.007819001112351835
vn -0.9999512444702605 -0.006653002401306023 -0.007297002221841757
vn -0.9999548081043083 -0.00557599968632254 -0.007699998478846617
vn -0.9999555781216721 -0.0039499974108688635 -0.008557996483198427
vn -0.9999512444702605 -0.006653002401306023 -0.007297002221841757
vn -0.9999555781216721 -0.0039499974108688635 -0.008557996483198427
vn -0.9999532532954531 -0.007982001962427874 -0.005457001787699178
vn -0.9999548081043083 -0.00557599968632254 -0.007699998478846617
vn -0.9999574114939679 -0.006176002230989539 -0.006858002240148313
vn -0.9999561439288918 -0.0062240012780621174 -0.006998001639902346
vn -0.9999548081043083 -0.00557599968632254 -0.007699998478846617
vn -0.9999561439288918 -0.0062240012780621174 -0.006998001639902346
vn -0.9999555781216721 -0.0039499974108688635 -0.008557996483198427
vn -0.9999574114939679 -0.006176002230989539 -0.006858002240148313
vn -0.9999547936105269 -0.008118998495015054 -0.0049489997743773625
vn -0.9999571447676469 -0.007819001101605855 -0.004957000091636111
vn -0.9999574114939679 -0.006176002230989539 -0.006858002240148313
vn -0.9999571447676469 -0.007819001101605855 -0.004957000091636111
vn -0.9999561439288918 -0.0062240012780621174 -0.006998001639902346
vn -0.9999547936105269 -0.008118998495015054 -0.0049489997743773625
vn -0.9999554291971423 -0.009032005027475084 -0.0027500007895493936
vn -0.9999571447676469 -0.007819001101605855 -0.004957000091636111
vn -0.9999554291971423 -0.009032005027475084 -0.0027500007895493936
vn -0.9999584047977267 -0.00906300444706673 -0.0010249998918957007
vn -0.9999571447676469 -0.007819001101605855 -0.004957000091636111
vn -0.9999554291971423 -0.009032005027475084 -0.0027500007895493936
vn -0.9999265486807979 -0.00831399700010463 -0.008818996382247958
vn -0.9999584047977267 -0.00906300444706673 -0.0010249998918957007
vn -0.9999265486807979 -0.00831399700010463 -0.008818996382247958
vn -0.9999211724866175 -0.005409000099020826 -0.011330998672533024
vn -0.9999584047977267 -0.00906300444706673 -0.0010249998918957007
f 1/1/1 2/2/2 3/3/3
f 4/4/4 5/5/5 6/6/6
f 7/7/7 8/8/8 9/9/9
f 10/10/10 11/11/11 12/12/12
f 13/13/13 14/14/14 15/15/15
f 16/16/16 17/17/17 18/18/18
f 19/19/19 20/20/20 21/21/21
f 22/22/22 23/23/23 24/24/24
f 25/25/25 26/26/26 27/27/27
f 28/28/28 29/29/29 30/30/30
f 31/31/31 32/32/32 33/33/33
f 34/34/34 35/35/35 36/36/36
f 37/37/37 38/38/38 39/39/39
f 40/40/40 41/41/41 42/42/42
f 43/43/43 44/44/44 45/45/45
f 46/46/46 47/47/47 48/48/48
f 49/49/49 50/50/50 51/51/51
f 52/52/52 53/53/53 54/54/54
f 55/55/55 56/56/56 57/57/57
f 58/58/58 59/59/59 60/60/60
f 61/61/61 62/62/62 63/63/63
f 64/64/64 65/65/65 66/66/66
f 67/67/67 68/68/68 69/69/69
f 70/70/70 71/71/71 72/72/72
f 73/73/73 74/74/74 75/75/75
f 76/76/76 77/77/77 78/78/78
f 79/79/79 80/80/80 81/81/81
f 82/82/82 83/83/83 84/84/84
f 85/85/85 86/86/86 87/87/87
f 88/88/88 89/89/89 90/90/90
f 91/91/91 92/92/92 93/93/93
f 94/94/94 95/95/95 96/96/96
f 97/97/97 98/98/98 99/99/99
f 100/100/100 101/101/101 102/102/102
f 103/103/103 104/104/104 105/105/105
f 106/106/106 107/107/107 108/108/108
f 109/109/109 110/110/110 111/111/111
f 112/112/112 113/113/113 114/114/114
f 115/115/115 116/116/116 117/117/117
f 118/118/118 119/119/119 120/120/120
f 121/121/121 122/122/122 123/123/123
f 124/124/124 125/125/125 126/126/126
f 127/127/127 128/128/128 129/129/129
f 130/130/130 131/131/131 132/132/132
f 133/133/133 134/134/134 135/135/135
f 136/136/136 137/137/137 138/138/138
f 139/139/139 140/140/140 141/141/141
f 142/142/142 143/143/143 144/144/144
f 145/145/145 146/146/146 147/147/147
f 148/148/148 149/149/149 150/150/150
f 151/151/151 152/152/152 153/153/153
f 154/154/154 155/155/155 156/156/156
f 157/157/157 158/158/158 159/159/159
f 160/160/160 161/161/161 162/162/162
f 163/163/163 164/164/164 165/165/165
f 166/166/166 167/167/167 168/168/168
f 169/169/169 170/170/170 171/171/171
f 172/172/172 173/173/173 174/174/174
f 175/175/175 176/176/176 177/177/177
f 178/178/178 179/179/179 180/180/180
f 181/181/181 182/182/182 183/183/183
f 184/184/184 185/185/185 186/186/186
f 187/187/187 188/188/188 189/189/189
f 190/190/190 191/191/191 192/192/192
f 193/193/193 194/194/194 195/195/195
f 196/196/196 197/197/197 198/198/198
f 199/199/199 200/200/200 201/201/201
f 202/202/202 203/203/203 204/204/204
f 205/205/205 206/206/206 207/207/207
f 208/208/208 209/209/209 210/210/210
f 211/211/211 212/212/212 213/213/213
f 214/214/214 215/215/215 216/216/216
f 217/217/217 218/218/218 219/219/219
f 220/220/220 221/221/221 222/222/222
f 223/223/223 224/224/224 225/225/225
f 226/226/226 227/227/227 228/228/228
f 229/229/229 230/230/230 231/231/231
f 232/232/232 233/233/233 234/234/234
f 235/235/235 236/236/236 237/237/237
f 238/238/238 239/239/239 240/240/240
f 241/241/241 242/242/242 243/243/243
f 244/244/244 245/245/245 246/246/246
f 247/247/247 248/248/248 249/249/249
f 250/250/250 251/251/251 252/252/252
f 253/253/253 254/254/254 255/255/255
f 256/256/256 257/257/257 258/258/258
f 259/259/259 260/260/260 261/261/261
f 262/262/262 263/263/263 264/264/264
f 265/265/265 266/266/266 267/267/267
f 268/268/268 269/269/269 270/270/270
f 271/271/271 272/272/272 273/273/273
f 274/274/274 275/275/275 276/276/276
f 277/277/277 278/278/278 279/279/279
f 280/280/280 281/281/281 282/282/282
f 283/283/283 284/284/284 285/285/285
f 286/286/286 287/287/287 288/288/288
f 289/289/289 290/290/290 291/291/291
f 292/292/292 293/293/293 294/294/294
f 295/295/295 296/296/296 297/297/297
f 298/298/298 299/299/299 300/300/300
f 301/301/301 302/302/302 303/303/303
f 304/304/304 305/305/305 306/306/306
f 307/307/307 308/308/308 309/309/309
f 310/310/310 311/311/311 312/312/312
f 313/313/313 314/314/314 315/315/315
f 316/316/316 317/317/317 318/318/318
f 319/319/319 320/320/320 321/321/321
f 322/322/322 323/323/323 324/324/324
f 325/325/325 326/326/326 327/327/327
f 328/328/328 329/329/329 330/330/330
f 331/331/331 332/332/332 333/333/333
f 334/334/334 335/335/335 336/336/336
f 337/337/337 338/338/338 339/339/339
f 340/340/340 341/341/341 342/342/342
f 343/343/343 344/344/344 345/345/345
f 346/346/346 347/347/347 348/348/348
f 349/349/349 350/350/350 351/351/351
f 352/352/352 353/353/353 354/354/354
f 355/355/355 356/356/356 357/357/357
f 358/358/358 359/359/359 360/360/360
f 361/361/361 362/362/362 363/363/363
f 364/364/364 365/365/365 366/366/366
f 367/367/367 368/368/368 369/369/369
f 370/370/370 371/371/371 372/372/372
f 373/373/373 374/374/374 375/375/375
f 376/376/376 377/377/377 378/378/378
f 379/379/379 380/380/380 381/381/381
f 382/382/382 383/383/383 384/384/384
f 385/385/385 386/386/386 387/387/387
f 388/388/388 389/389/389 390/390/390
f 391/391/391 392/392/392 393/393/393
f 394/394/394 395/395/395 396/396/396
f 397/397/397 398/398/398 399/399/399
f 400/400/400 401/401/401 402/402/402
f 403/403/403 404/404/404 405/405/405
f 406/406/406 407/407/407 408/408/408
f 409/409/409 410/410/410 411/411/411
f 412/412/412 413/413/413 414/414/414
f 415/415/415 416/416/416 417/417/417
f 418/418/418 419/419/419 420/420/420
f 421/421/421 422/422/422 423/423/423
f 424/424/424 425/425/425 426/426/426
f 427/427/427 428/428/428 429/429/429
f 430/430/430 431/431/431 432/432/432
f 433/433/433 434/434/434 435/435/435
f 436/436/436 437/437/437 438/438/438
f 439/439/439 440/440/440 441/441/441
f 442/442/442 443/443/443 444/444/444
f 445/445/445 446/446/446 447/447/447
f 448/448/448 449/449/449 450/450/450
f 451/451/451 452/452/452 453/453/453
f 454/454/454 455/455/455 456/456/456
f 457/457/457 458/458/458 459/459/459
f 460/460/460 461/461/461 462/462/462
f 463/463/463 464/464/464 465/465/465
f 466/466/466 467/467/467 468/468/468
f 469/469/469 470/470/470 471/471/471
f 472/472/472 473/473/473 474/474/474
f 475/475/475 476/476/476 477/477/477
f 478/478/478 479/479/479 480/480/480
f 481/481/481 482/482/482 483/483/483
f 484/484/484 485/485/485 486/486/486
f 487/487/487 488/488/488 489/489/489
f 490/490/490 491/491/491 492/492/492
f 493/493/493 494/494/494 495/495/495
f 496/496/496 497/497/497 498/498/498
f 499/499/499 500/500/500 501/501/501
f 502/502/502 503/503/503 504/504/504
f 505/505/505 506/506/506 507/507/507
f 508/508/508 509/509/509 510/510/510
f 511/511/511 512/512/512 513/513/513
f 514/514/514 515/515/515 516/516/516
f 517/517/517 518/518/518 519/519/519
f 520/520/520 521/521/521 522/522/522
f 523/523/523 524/524/524 525/525/525
f 526/526/526 527/527/527 528/528/528
f 529/529/529 530/530/530 531/531/531
f 532/532/532 533/533/533 534/534/534
f 535/535/535 536/536/536 537/537/537
f 538/538/538 539/539/539 540/540/540
f 541/541/541 542/542/542 543/543/543
f 544/544/544 545/545/545 546/546/546
f 547/547/547 548/548/548 549/549/549
f 550/550/550 551/551/551 552/552/552
f 553/553/553 554/554/554 555/555/555
f 556/556/556 557/557/557 558/558/558
f 559/559/559 560/560/560 561/561/561
f 562/562/562 563/563/563 564/564/564
f 565/565/565 566/566/566 567/567/567
f 568/568/568 569/569/569 570/570/570
f 571/571/571 572/572/572 573/573/573
f 574/574/574 575/575/575 576/576/576
f 577/577/577 578/578/578 579/579/579
f 580/580/580 581/581/581 582/582/582
f 583/583/583 584/584/584 585/585/585
f 586/586/586 587/587/587 588/588/588
f 589/589/589 590/590/590 591/591/591
f 592/592/592 593/593/593 594/594/594
f 595/595/595 596/596/596 597/597/597
f 598/598/598 599/599/599 600/600/600
f 601/601/601 602/602/602 603/603/603
f 604/604/604 605/605/605 606/606/606
f 607/607/607 608/608/608 609/609/609
f 610/610/610 611/611/611 612/612/612
f 613/613/613 614/614/614 615/615/615
f 616/616/616 617/617/617 618/618/618
f 619/619/619 620/620/620 621/621/621
f 622/622/622 623/623/623 624/624/624
f 625/625/625 626/626/626 627/627/627
f 628/628/628 629/629/629 630/630/630
f 631/631/631 632/632/632 633/633/633
f 634/634/634 635/635/635 636/636/636
f 637/637/637 638/638/638 639/639/639
f 640/640/640 641/641/641 642/642/642
f 643/643/643 644/644/644 645/645/645
f 646/646/646 647/647/647 648/648/648
f 649/649/649 650/650/650 651/651/651
f 652/652/652 653/653/653 654/654/654
f 655/655/655 656/656/656 657/657/657
f 658/658/658 659/659/659 660/660/660
f 661/661/661 662/662/662 663/663/663
f 664/664/664 665/665/665 666/666/666
f 667/667/667 668/668/668 669/669/669
f 670/670/670 671/671/671 672/672/672
f 673/673/673 674/674/674 675/675/675
f 676/676/676 677/677/677 678/678/678
f 679/679/679 680/680/680 681/681/681
f 682/682/682 683/683/683 684/684/684
f 685/685/685 686/686/686 687/687/687
f 688/688/688 689/689/689 690/690/690
f 691/691/691 692/692/692 693/693/693
f 694/694/694 695/695/695 696/696/696
f 697/697/697 698/698/698 699/699/699
f 700/700/700 701/701/701 702/702/702
f 703/703/703 704/704/704 705/705/705
f 706/706/706 707/707/707 708/708/708
f 709/709/709 710/710/710 711/711/711
f 712/712/712 713/713/713 714/714/714
f 715/715/715 716/716/716 717/717/717
f 718/718/718 719/719/719 720/720/720
f 721/721/721 722/722/722 723/723/723
f 724/724/724 725/725/725 726/726/726
f 727/727/727 728/728/728 729/729/729
f 730/730/730 731/731/731 732/732/732
f 733/733/733 734/734/734 735/735/735
f 736/736/736 737/737/737 738/738/738
f 739/739/739 740/740/740 741/741/741
f 742/742/742 743/743/743 744/744/744
f 745/745/745 746/746/746 747/747/747
f 748/748/748 749/749/749 750/750/750
f 751/751/751 752/752/752 753/753/753
f 754/754/754 755/755/755 756/756/756
f 757/757/757 758/758/758 759/759/759
f 760/760/760 761/761/761 762/762/762
f 763/763/763 764/764/764 765/765/765
f 766/766/766 767/767/767 768/768/768
f 769/769/769 770/770/770 771/771/771
f 772/772/772 773/773/773 774/774/774
f 775/775/775 776/776/776 777/777/777
f 778/778/778 779/779/779 780/780/780
f 781/781/781 782/782/782 783/783/783
f 784/784/784 785/785/785 786/786/786
f 787/787/787 788/788/788 789/789/789
f 790/790/790 791/791/791 792/792/792
f 793/793/793 794/794/794 795/795/795
f 796/796/796 797/797/797 798/798/798
f 799/799/799 800/800/800 801/801/801
f 802/802/802 803/803/803 804/804/804
f 805/805/805 806/806/806 807/807/807
f 808/808/808 809/809/809 810/810/810
f 811/811/811 812/812/812 813/813/813
f 814/814/814 815/815/815 816/816/816
f 817/817/817 818/818/818 819/819/819
f 820/820/820 821/821/821 822/822/822
f 823/823/823 824/824/824 825/825/825
f 826/826/826 827/827/827 828/828/828
f 829/829/829 830/830/830 831/831/831
f 832/832/832 833/833/833 834/834/834
f 835/835/835 836/836/836 837/837/837
f 838/838/838 839/839/839 840/840/840
f 841/841/841 842/842/842 843/843/843
f 844/844/844 845/845/845 846/846/846
f 847/847/847 848/848/848 849/849/849
f 850/850/850 851/851/851 852/852/852
f 853/853/853 854/854/854 855/855/855
f 856/856/856 857/857/857 858/858/858
f 859/859/859 860/860/860 861/861/861
f 862/862/862 863/863/863 864/864/864
f 865/865/865 866/866/866 867/867/867
f 868/868/868 869/869/869 870/870/870
f 871/871/871 872/872/872 873/873/873
f 874/874/874 875/875/875 876/876/876
f 877/877/877 878/878/878 879/879/879
f 880/880/880 881/881/881 882/882/882
f 883/883/883 884/884/884 885/885/885
f 886/886/886 887/887/887 888/888/888
f 889/889/889 890/890/890 891/891/891
f 892/892/892 893/893/893 894/894/894
f 895/895/895 896/896/896 897/897/897
f 898/898/898 899/899/899 900/900/900
f 901/901/901 902/902/902 903/903/903
f 904/904/904 905/905/905 906/906/906
f 907/907/907 908/908/908 909/909/909
f 910/910/910 911/911/911 912/912/912
f 913/913/913 914/914/914 915/915/915
f 916/916/916 917/917/917 918/918/918
f 919/919/919 920/920/920 921/921/921
f 922/922/922 923/923/923 924/924/924
f 925/925/925 926/926/926 927/927/927
f 928/928/928 929/929/929 930/930/930
f 931/931/931 932/932/932 933/933/933
f 934/934/934 935/935/935 936/936/936
f 937/937/937 938/938/938 939/939/939
f 940/940/940 941/941/941 942/942/942
f 943/943/943 944/944/944 945/945/945
f 946/946/946 947/947/947 948/948/948
f 949/949/949 950/950/950 951/951/951
f 952/952/952 953/953/953 954/954/954
f 955/955/955 956/956/956 957/957/957
f 958/958/958 959/959/959 960/960/960
f 961/961/961 962/962/962 963/963/963
f 964/964/964 965/965/965 966/966/966
f 967/967/967 968/968/968 969/969/969
f 970/970/970 971/971/971 972/972/972
f 973/973/973 974/974/974 975/975/975
f 976/976/976 977/977/977 978/978/978
f 979/979/979 980/980/980 981/981/981
f 982/982/982 983/983/983 984/984/984
f 985/985/985 986/986/986 987/987/987
f 988/988/988 989/989/989 990/990/990
f 991/991/991 992/992/992 993/993/993
f 994/994/994 995/995/995 996/996/996
f 997/997/997 998/998/998 999/999/999
f 1000/1000/1000 1001/1001/1001 1002/1002/1002
f 1003/1003/1003 1004/1004/1004 1005/1005/1005
f 1006/1006/1006 1007/1007/1007 1008/1008/1008
f 1009/1009/1009 1010/1010/1010 1011/1011/1011
f 1012/1012/1012 1013/1013/1013 1014/1014/1014
f 1015/1015/1015 1016/1016/1016 1017/1017/1017
f 1018/1018/1018 1019/1019/1019 1020/1020/1020
f 1021/1021/1021 1022/1022/1022 1023/1023/1023
f 1024/1024/1024 1025/1025/1025 1026/1026/1026
f 1027/1027/1027 1028/1028/1028 1029/1029/1029
f 1030/1030/1030 1031/1031/1031 1032/1032/1032
f 1033/1033/1033 1034/1034/1034 1035/1035/1035
f 1036/1036/1036 1037/1037/1037 1038/1038/1038
f 1039/1039/1039 1040/1040/1040 1041/1041/1041
f 1042/1042/1042 1043/1043/1043 1044/1044/1044
f 1045/1045/1045 1046/1046/1046 1047/1047/1047
f 1048/1048/1048 1049/1049/1049 1050/1050/1050
f 1051/1051/1051 1052/1052/1052 1053/1053/1053
f 1054/1054/1054 1055/1055/1055 1056/1056/1056
f 1057/1057/1057 1058/1058/1058 1059/1059/1059
f 1060/1060/1060 1061/1061/1061 1062/1062/1062
f 1063/1063/1063 1064/1064/1064 1065/1065/1065
f 1066/1066/1066 1067/1067/1067 1068/1068/1068
f 1069/1069/1069 1070/1070/1070 1071/1071/1071
f 1072/1072/1072 1073/1073/1073 1074/1074/1074
f 1075/1075/1075 1076/1076/1076 1077/1077/1077
f 1078/1078/1078 1079/1079/1079 1080/1080/1080
f 1081/1081/1081 1082/1082/1082 1083/1083/1083
f 1084/1084/1084 1085/1085/1085 1086/1086/1086
f 1087/1087/1087 1088/1088/1088 1089/1089/1089
f 1090/1090/1090 1091/1091/1091 1092/1092/1092
f 1093/1093/1093 1094/1094/1094 1095/1095/1095
f 1096/1096/1096 1097/1097/1097 1098/1098/1098
f 1099/1099/1099 1100/1100/1100 1101/1101/1101
f 1102/1102/1102 1103/1103/1103 1104/1104/1104
f 1105/1105/1105 1106/1106/1106 1107/1107/1107
f 1108/1108/1108 1109/1109/1109 1110/1110/1110
f 1111/1111/1111 1112/1112/1112 1113/1113/1113
f 1114/1114/1114 1115/1115/1115 1116/1116/1116
f 1117/1117/1117 1118/1118/1118 1119/1119/1119
f 1120/1120/1120 1121/1121/1121 1122/1122/1122
f 1123/1123/1123 1124/1124/1124 1125/1125/1125
f 1126/1126/1126 1127/1127/1127 1128/1128/1128
f 1129/1129/1129 1130/1130/1130 1131/1131/1131
f 1132/1132/1132 1133/1133/1133 1134/1134/1134
f 1135/1135/1135 1136/1136/1136 1137/1137/1137
f 1138/1138/1138 1139/1139/1139 1140/1140/1140
f 1141/1141/1141 1142/1142/1142 1143/1143/1143
f 1144/1144/1144 1145/1145/1145 1146/1146/1146
f 1147/1147/1147 1148/1148/1148 1149/1149/1149
f 1150/1150/1150 1151/1151/1151 1152/1152/1152
f 1153/1153/1153 1154/1154/1154 1155/1155/1155
f 1156/1156/1156 1157/1157/1157 1158/1158/1158
f 1159/1159/1159 1160/1160/1160 1161/1161/1161
f 1162/1162/1162 1163/1163/1163 1164/1164/1164
f 1165/1165/1165 1166/1166/1166 1167/1167/1167
f 1168/1168/1168 1169/1169/1169 1170/1170/1170
f 1171/1171/1171 1172/1172/1172 1173/1173/1173
f 1174/1174/1174 1175/1175/1175 1176/1176/1176
f 1177/1177/1177 1178/1178/1178 1179/1179/1179
f 1180/1180/1180 1181/1181/1181 1182/1182/1182
f 1183/1183/1183 1184/1184/1184 1185/1185/1185
f 1186/1186/1186 1187/1187/1187 1188/1188/1188
f 1189/1189/1189 1190/1190/1190 1191/1191/1191
f 1192/1192/1192 1193/1193/1193 1194/1194/1194
f 1195/1195/1195 1196/1196/1196 1197/1197/1197
f 1198/1198/1198 1199/1199/1199 1200/1200/1200
f 1201/1201/1201 1202/1202/1202 1203/1203/1203
f 1204/1204/1204 1205/1205/1205 1206/1206/1206
f 1207/1207/1207 1208/1208/1208 1209/1209/1209
f 1210/1210/1210 1211/1211/1211 1212/1212/1212
f 1213/1213/1213 1214/1214/1214 1215/1215/1215
f 1216/1216/1216 1217/1217/1217 1218/1218/1218
f 1219/1219/1219 1220/1220/1220 1221/1221/1221
f 1222/1222/1222 1223/1223/1223 1224/1224/1224
f 1225/1225/1225 1226/1226/1226 1227/1227/1227
f 1228/1228/1228 1229/1229/1229 1230/1230/1230
f 1231/1231/1231 1232/1232/1232 1233/1233/1233
f 1234/1234/1234 1235/1235/1235 1236/1236/1236
f 1237/1237/1237 1238/1238/1238 1239/1239/1239
f 1240/1240/1240 1241/1241/1241 1242/1242/1242
f 1243/1243/1243 1244/1244/1244 1245/1245/1245
f 1246/1246/1246 1247/1247/1247 1248/1248/1248
f 1249/1249/1249 1250/1250/1250 1251/1251/1251
f 1252/1252/1252 1253/1253/1253 1254/1254/1254
f 1255/1255/1255 1256/1256/1256 1257/1257/1257
f 1258/1258/1258 1259/1259/1259 1260/1260/1260
f 1261/1261/1261 1262/1262/1262 1263/1263/1263
f 1264/1264/1264 1265/1265/1265 1266/1266/1266
f 1267/1267/1267 1268/1268/1268 1269/1269/1269
f 1270/1270/1270 1271/1271/1271 1272/1272/1272
f 1273/1273/1273 1274/1274/1274 1275/1275/1275
f 1276/1276/1276 1277/1277/1277 1278/1278/1278
f 1279/1279/1279 1280/1280/1280 1281/1281/1281
f 1282/1282/1282 1283/1283/1283 1284/1284/1284
f 1285/1285/1285 1286/1286/1286 1287/1287/1287
f 1288/1288/1288 1289/1289/1289 1290/1290/1290
f 1291/1291/1291 1292/1292/1292 1293/1293/1293
f 1294/1294/1294 1295/1295/1295 1296/1296/1296
f 1297/1297/1297 1298/1298/1298 1299/1299/1299
f 1300/1300/1300 1301/1301/1301 1302/1302/1302
f 1303/1303/1303 1304/1304/1304 1305/1305/1305
f 1306/1306/1306 1307/1307/1307 1308/1308/1308
f 1309/1309/1309 1310/1310/1310 1311/1311/1311
f 1312/1312/1312 1313/1313/1313 1314/1314/1314
f 1315/1315/1315 1316/1316/1316 1317/1317/1317
f 1318/1318/1318 1319/1319/1319 1320/1320/1320
f 1321/1321/1321 1322/1322/1322 1323/1323/1323
f 1324/1324/1324 1325/1325/1325 1326/1326/1326
f 1327/1327/1327 1328/1328/1328 1329/1329/1329
f 1330/1330/1330 1331/1331/1331 1332/1332/1332
f 1333/1333/1333 1334/1334/1334 1335/1335/1335
f 1336/1336/1336 1337/1337/1337 1338/1338/1338
f 1339/1339/1339 1340/1340/1340 1341/1341/1341
f 1342/1342/1342 1343/1343/1343 1344/1344/1344
f 1345/1345/1345 1346/1346/1346 1347/1347/1347
f 1348/1348/1348 1349/1349/1349 1350/1350/1350
f 1351/1351/1351 1352/1352/1352 1353/1353/1353
f 1354/1354/1354 1355/1355/1355 1356/1356/1356
f 1357/1357/1357 1358/1358/1358 1359/1359/1359
f 1360/1360/1360 1361/1361/1361 1362/1362/1362
f 1363/1363/1363 1364/1364/1364 1365/1365/1365
f 1366/1366/1366 1367/1367/1367 1368/1368/1368
f 1369/1369/1369 1370/1370/1370 1371/1371/1371
f 1372/1372/1372 1373/1373/1373 1374/1374/1374
f 1375/1375/1375 1376/1376/1376 1377/1377/1377
f 1378/1378/1378 1379/1379/1379 1380/1380/1380
f 1381/1381/1381 1382/1382/1382 1383/1383/1383
f 1384/1384/1384 1385/1385/1385 1386/1386/1386
f 1387/1387/1387 1388/1388/1388 1389/1389/1389
f 1390/1390/1390 1391/1391/1391 1392/1392/1392
f 1393/1393/1393 1394/1394/1394 1395/1395/1395
f 1396/1396/1396 1397/1397/1397 1398/1398/1398
f 1399/1399/1399 1400/1400/1400 1401/1401/1401
f 1402/1402/1402 1403/1403/1403 1404/1404/1404
f 1405/1405/1405 1406/1406/1406 1407/1407/1407
f 1408/1408/1408 1409/1409/1409 1410/1410/1410
f 1411/1411/1411 1412/1412/1412 1413/1413/1413
f 1414/1414/1414 1415/1415/1415 1416/1416/1416
f 1417/1417/1417 1418/1418/1418 1419/1419/1419
f 1420/1420/1420 1421/1421/1421 1422/1422/1422
f 1423/1423/1423 1424/1424/1424 1425/1425/1425
f 1426/1426/1426 1427/1427/1427 1428/1428/1428
f 1429/1429/1429 1430/1430/1430 1431/1431/1431
f 1432/1432/1432 1433/1433/1433 1434/1434/1434
f 1435/1435/1435 1436/1436/1436 1437/1437/1437
f 1438/1438/1438 1439/1439/1439 1440/1440/1440
f 1441/1441/1441 1442/1442/1442 1443/1443/1443
f 1444/1444/1444 1445/1445/1445 1446/1446/1446
f 1447/1447/1447 1448/1448/1448 1449/1449/1449
f 1450/1450/1450 1451/1451/1451 1452/1452/1452
f 1453/1453/1453 1454/1454/1454 1455/1455/1455
f 1456/1456/1456 1457/1457/1457 1458/1458/1458
f 1459/1459/1459 1460/1460/1460 1461/1461/1461
f 1462/1462/1462 1463/1463/1463 1464/1464/1464
f 1465/1465/1465 1466/1466/1466 1467/1467/1467
f 1468/1468/1468 1469/1469/1469 1470/1470/1470
f 1471/1471/1471 1472/1472/1472 1473/1473/1473
f 1474/1474/1474 1475/1475/1475 1476/1476/1476
f 1477/1477/1477 1478/1478/1478 1479/1479/1479
f 1480/1480/1480 1481/1481/1481 1482/1482/1482
f 1483/1483/1483 1484/1484/1484 1485/1485/1485
f 1486/1486/1486 1487/1487/1487 1488/1488/1488
f 1489/1489/1489 1490/1490/1490 1491/1491/1491
f 1492/1492/1492 1493/1493/1493 1494/1494/1494
f 1495/1495/1495 1496/1496/1496 1497/1497/1497
f 1498/1498/1498 1499/1499/1499 1500/1500/1500
f 1501/1501/1501 1502/1502/1502 1503/1503/1503
f 1504/1504/1504 1505/1505/1505 1506/1506/1506
f 1507/1507/1507 1508/1508/1508 1509/1509/1509
f 1510/1510/1510 1511/1511/1511 1512/1512/1512
f 1513/1513/1513 1514/1514/1514 1515/1515/1515
f 1516/1516/1516 1517/1517/1517 1518/1518/1518
f 1519/1519/1519 1520/1520/1520 1521/1521/1521
f 1522/1522/1522 1523/1523/1523 1524/1524/1524
f 1525/1525/1525 1526/1526/1526 1527/1527/1527
f 1528/1528/1528 1529/1529/1529 1530/1530/1530
f 1531/1531/1531 1532/1532/1532 1533/1533/1533
f 1534/1534/1534 1535/1535/1535 1536/1536/1536
f 1537/1537/1537 1538/1538/1538 1539/1539/1539
f 1540/1540/1540 1541/1541/1541 1542/1542/1542
f 1543/1543/1543 1544/1544/1544 1545/1545/1545
f 1546/1546/1546 1547/1547/1547 1548/1548/1548
f 1549/1549/1549 1550/1550/1550 1551/1551/1551
f 1552/1552/1552 1553/1553/1553 1554/1554/1554
f 1555/1555/1555 1556/1556/1556 1557/1557/1557
f 1558/1558/1558 1559/1559/1559 1560/1560/1560
f 1561/1561/1561 1562/1562/1562 1563/1563/1563
f 1564/1564/1564 1565/1565/1565 1566/1566/1566
f 1567/1567/1567 1568/1568/1568 1569/1569/1569
f 1570/1570/1570 1571/1571/1571 1572/1572/1572
f 1573/1573/1573 1574/1574/1574 1575/1575/1575
f 1576/1576/1576 1577/1577/1577 1578/1578/1578
f 1579/1579/1579 1580/1580/1580 1581/1581/1581
f 1582/1582/1582 1583/1583/1583 1584/1584/1584
f 1585/1585/1585 1586/1586/1586 1587/1587/1587
f 1588/1588/1588 1589/1589/1589 1590/1590/1590
f 1591/1591/1591 1592/1592/1592 1593/1593/1593
f 1594/1594/1594 1595/1595/1595 1596/1596/1596
f 1597/1597/1597 1598/1598/1598 1599/1599/1599
f 1600/1600/1600 1601/1601/1601 1602/1602/1602
f 1603/1603/1603 1604/1604/1604 1605/1605/1605
f 1606/1606/1606 1607/1607/1607 1608/1608/1608
f 1609/1609/1609 1610/1610/1610 1611/1611/1611
f 1612/1612/1612 1613/1613/1613 1614/1614/1614
f 1615/1615/1615 1616/1616/1616 1617/1617/1617
f 1618/1618/1618 1619/1619/1619 1620/1620/1620
f 1621/1621/1621 1622/1622/1622 1623/1623/1623
f 1624/1624/1624 1625/1625/1625 1626/1626/1626
f 1627/1627/1627 1628/1628/1628 1629/1629/1629
f 1630/1630/1630 1631/1631/1631 1632/1632/1632
f 1633/1633/1633 1634/1634/1634 1635/1635/1635
f 1636/1636/1636 1637/1637/1637 1638/1638/1638
f 1639/1639/1639 1640/1640/1640 1641/1641/1641
f 1642/1642/1642 1643/1643/1643 1644/1644/1644
f 1645/1645/1645 1646/1646/1646 1647/1647/1647
f 1648/1648/1648 1649/1649/1649 1650/1650/1650
f 1651/1651/1651 1652/1652/1652 1653/1653/1653
f 1654/1654/1654 1655/1655/1655 1656/1656/1656
f 1657/1657/1657 1658/1658/1658 1659/1659/1659
f 1660/1660/1660 1661/1661/1661 1662/1662/1662
f 1663/1663/1663 1664/1664/1664 1665/1665/1665
f 1666/1666/1666 1667/1667/1667 1668/1668/1668
f 1669/1669/1669 1670/1670/1670 1671/1671/1671
f 1672/1672/1672 1673/1673/1673 1674/1674/1674
f 1675/1675/1675 1676/1676/1676 1677/1677/1677
f 1678/1678/1678 1679/1679/1679 1680/1680/1680
f 1681/1681/1681 1682/1682/1682 1683/1683/1683
f 1684/1684/1684 1685/1685/1685 1686/1686/1686
f 1687/1687/1687 1688/1688/1688 1689/1689/1689
f 1690/1690/1690 1691/1691/1691 1692/1692/1692
f 1693/1693/1693 1694/1694/1694 1695/1695/1695
f 1696/1696/1696 1697/1697/1697 1698/1698/1698
f 1699/1699/1699 1700/1700/1700 1701/1701/1701
f 1702/1702/1702 1703/1703/1703 1704/1704/1704
f 1705/1705/1705 1706/1706/1706 1707/1707/1707
f 1708/1708/1708 1709/1709/1709 1710/1710/1710
f 1711/1711/1711 1712/1712/1712 1713/1713/1713
f 1714/1714/1714 1715/1715/1715 1716/1716/1716
f 1717/1717/1717 1718/1718/1718 1719/1719/1719
f 1720/1720/1720 1721/1721/1721 1722/1722/1722
f 1723/1723/1723 1724/1724/1724 1725/1725/1725
f 1726/1726/1726 1727/1727/1727 1728/1728/1728
f 1729/1729/1729 1730/1730/1730 1731/1731/1731
f 1732/1732/1732 1733/1733/1733 1734/1734/1734
f 1735/1735/1735 1736/1736/1736 1737/1737/1737
f 1738/1738/1738 1739/1739/1739 1740/1740/1740
f 1741/1741/1741 1742/1742/1742 1743/1743/1743
f 1744/1744/1744 1745/1745/1745 1746/1746/1746
f 1747/1747/1747 1748/1748/1748 1749/1749/1749
f 1750/1750/1750 1751/1751/1751 1752/1752/1752
f 1753/1753/1753 1754/1754/1754 1755/1755/1755
f 1756/1756/1756 1757/1757/1757 1758/1758/1758
f 1759/1759/1759 1760/1760/1760 1761/1761/1761
f 1762/1762/1762 1763/1763/1763 1764/1764/1764
f 1765/1765/1765 1766/1766/1766 1767/1767/1767
f 1768/1768/1768 1769/1769/1769 1770/1770/1770
f 1771/1771/1771 1772/1772/1772 1773/1773/1773
f 1774/1774/1774 1775/1775/1775 1776/1776/1776
f 1777/1777/1777 1778/1778/1778 1779/1779/1779
f 1780/1780/1780 1781/1781/1781 1782/1782/1782
f 1783/1783/1783 1784/1784/1784 1785/1785/1785
f 1786/1786/1786 1787/1787/1787 1788/1788/1788
f 1789/1789/1789 1790/1790/1790 1791/1791/1791
f 1792/1792/1792 1793/1793/1793 1794/1794/1794
f 1795/1795/1795 1796/1796/1796 1797/1797/1797
f 1798/1798/1798 1799/1799/1799 1800/1800/1800
f 1801/1801/1801 1802/1802/1802 1803/1803/1803
f 1804/1804/1804 1805/1805/1805 1806/1806/1806
f 1807/1807/1807 1808/1808/1808 1809/1809/1809
f 1810/1810/1810 1811/1811/1811 1812/1812/1812
f 1813/1813/1813 1814/1814/1814 1815/1815/1815
f 1816/1816/1816 1817/1817/1817 1818/1818/1818
f 1819/1819/1819 1820/1820/1820 1821/1821/1821
f 1822/1822/1822 1823/1823/1823 1824/1824/1824
f 1825/1825/1825 1826/1826/1826 1827/1827/1827
f 1828/1828/1828 1829/1829/1829 1830/1830/1830
f 1831/1831/1831 1832/1832/1832 1833/1833/1833
f 1834/1834/1834 1835/1835/1835 1836/1836/1836
f 1837/1837/1837 1838/1838/1838 1839/1839/1839
f 1840/1840/1840 1841/1841/1841 1842/1842/1842
f 1843/1843/1843 1844/1844/1844 1845/1845/1845
f 1846/1846/1846 1847/1847/1847 1848/1848/1848
f 1849/1849/1849 1850/1850/1850 1851/1851/1851
f 1852/1852/1852 1853/1853/1853 1854/1854/1854
f 1855/1855/1855 1856/1856/1856 1857/1857/1857
f 1858/1858/1858 1859/1859/1859 1860/1860/1860
f 1861/1861/1861 1862/1862/1862 1863/1863/1863
f 1864/1864/1864 1865/1865/1865 1866/1866/1866
f 1867/1867/1867 1868/1868/1868 1869/1869/1869
f 1870/1870/1870 1871/1871/1871 1872/1872/1872
f 1873/1873/1873 1874/1874/1874 1875/1875/1875
f 1876/1876/1876 1877/1877/1877 1878/1878/1878
f 1879/1879/1879 1880/1880/1880 1881/1881/1881
f 1882/1882/1882 1883/1883/1883 1884/1884/1884
f 1885/1885/1885 1886/1886/1886 1887/1887/1887
f 1888/1888/1888 1889/1889/1889 1890/1890/1890
f 1891/1891/1891 1892/1892/1892 1893/1893/1893
f 1894/1894/1894 1895/1895/1895 1896/1896/1896
f 1897/1897/1897 1898/1898/1898 1899/1899/1899
f 1900/1900/1900 1901/1901/1901 1902/1902/1902
f 1903/1903/1903 1904/1904/1904 1905/1905/1905
f 1906/1906/1906 1907/1907/1907 1908/1908/1908
f 1909/1909/1909 1910/1910/1910 1911/1911/1911
f 1912/1912/1912 1913/1913/1913 1914/1914/1914
f 1915/1915/1915 1916/1916/1916 1917/1917/1917
f 1918/1918/1918 1919/1919/1919 1920/1920/1920
f 1921/1921/1921 1922/1922/1922 1923/1923/1923
f 1924/1924/1924 1925/1925/1925 1926/1926/1926
f 1927/1927/1927 1928/1928/1928 1929/1929/1929
f 1930/1930/1930 1931/1931/1931 1932/1932/1932
f 1933/1933/1933 1934/1934/1934 1935/1935/1935
f 1936/1936/1936 1937/1937/1937 1938/1938/1938
f 1939/1939/1939 1940/1940/1940 1941/1941/1941
f 1942/1942/1942 1943/1943/1943 1944/1944/1944
f 1945/1945/1945 1946/1946/1946 1947/1947/1947
f 1948/1948/1948 1949/1949/1949 1950/1950/1950
f 1951/1951/1951 1952/1952/1952 1953/1953/1953
f 1954/1954/1954 1955/1955/1955 1956/1956/1956
f 1957/1957/1957 1958/1958/1958 1959/1959/1959
f 1960/1960/1960 1961/1961/1961 1962/1962/1962
f 1963/1963/1963 1964/1964/1964 1965/1965/1965
f 1966/1966/1966 1967/1967/1967 1968/1968/1968
f 1969/1969/1969 1970/1970/1970 1971/1971/1971
f 1972/1972/1972 1973/1973/1973 1974/1974/1974
f 1975/1975/1975 1976/1976/1976 1977/1977/1977
f 1978/1978/1978 1979/1979/1979 1980/1980/1980
f 1981/1981/1981 1982/1982/1982 1983/1983/1983
f 1984/1984/1984 1985/1985/1985 1986/1986/1986
f 1987/1987/1987 1988/1988/1988 1989/1989/1989
f 1990/1990/1990 1991/1991/1991 1992/1992/1992
f 1993/1993/1993 1994/1994/1994 1995/1995/1995
f 1996/1996/1996 1997/1997/1997 1998/1998/1998
f 1999/1999/1999 2000/2000/2000 2001/2001/2001
f 2002/2002/2002 2003/2003/2003 2004/2004/2004
f 2005/2005/2005 2006/2006/2006 2007/2007/2007
f 2008/2008/2008 2009/2009/2009 2010/2010/2010
f 2011/2011/2011 2012/2012/2012 2013/2013/2013
f 2014/2014/2014 2015/2015/2015 2016/2016/2016
f 2017/2017/2017 2018/2018/2018 2019/2019/2019
f 2020/2020/2020 2021/2021/2021 2022/2022/2022
f 2023/2023/2023 2024/2024/2024 2025/2025/2025
f 2026/2026/2026 2027/2027/2027 2028/2028/2028
f 2029/2029/2029 2030/2030/2030 2031/2031/2031
f 2032/2032/2032 2033/2033/2033 2034/2034/2034
f 2035/2035/2035 2036/2036/2036 2037/2037/2037
f 2038/2038/2038 2039/2039/2039 2040/2040/2040
f 2041/2041/2041 2042/2042/2042 2043/2043/2043
f 2044/2044/2044 2045/2045/2045 2046/2046/2046
f 2047/2047/2047 2048/2048/2048 2049/2049/2049
f 2050/2050/2050 2051/2051/2051 2052/2052/2052
f 2053/2053/2053 2054/2054/2054 2055/2055/2055
f 2056/2056/2056 2057/2057/2057 2058/2058/2058
f 2059/2059/2059 2060/2060/2060 2061/2061/2061
f 2062/2062/2062 2063/2063/2063 2064/2064/2064
f 2065/2065/2065 2066/2066/2066 2067/2067/2067
f 2068/2068/2068 2069/2069/2069 2070/2070/2070
f 2071/2071/2071 2072/2072/2072 2073/2073/2073
f 2074/2074/2074 2075/2075/2075 2076/2076/2076
f 2077/2077/2077 2078/2078/2078 2079/2079/2079
f 2080/2080/2080 2081/2081/2081 2082/2082/2082
f 2083/2083/2083 2084/2084/2084 2085/2085/2085
f 2086/2086/2086 2087/2087/2087 2088/2088/2088
f 2089/2089/2089 2090/2090/2090 2091/2091/2091
f 2092/2092/2092 2093/2093/2093 2094/2094/2094
f 2095/2095/2095 2096/2096/2096 2097/2097/2097
f 2098/2098/2098 2099/2099/2099 2100/2100/2100
f 2101/2101/2101 2102/2102/2102 2103/2103/2103
f 2104/2104/2104 2105/2105/2105 2106/2106/2106
f 2107/2107/2107 2108/2108/2108 2109/2109/2109
f 2110/2110/2110 2111/2111/2111 2112/2112/2112
f 2113/2113/2113 2114/2114/2114 2115/2115/2115
f 2116/2116/2116 2117/2117/2117 2118/2118/2118
f 2119/2119/2119 2120/2120/2120 2121/2121/2121
f 2122/2122/2122 2123/2123/2123 2124/2124/2124
f 2125/2125/2125 2126/2126/2126 2127/2127/2127
f 2128/2128/2128 2129/2129/2129 2130/2130/2130
f 2131/2131/2131 2132/2132/2132 2133/2133/2133
f 2134/2134/2134 2135/2135/2135 2136/2136/2136
f 2137/2137/2137 2138/2138/2138 2139/2139/2139
f 2140/2140/2140 2141/2141/2141 2142/2142/2142
f 2143/2143/2143 2144/2144/2144 2145/2145/2145
f 2146/2146/2146 2147/2147/2147 2148/2148/2148
f 2149/2149/2149 2150/2150/2150 2151/2151/2151
f 2152/2152/2152 2153/2153/2153 2154/2154/2154
f 2155/2155/2155 2156/2156/2156 2157/2157/2157
f 2158/2158/2158 2159/2159/2159 2160/2160/2160
f 2161/2161/2161 2162/2162/2162 2163/2163/2163
f 2164/2164/2164 2165/2165/2165 2166/2166/2166
f 2167/2167/2167 2168/2168/2168 2169/2169/2169
f 2170/2170/2170 2171/2171/2171 2172/2172/2172
f 2173/2173/2173 2174/2174/2174 2175/2175/2175
f 2176/2176/2176 2177/2177/2177 2178/2178/2178
f 2179/2179/2179 2180/2180/2180 2181/2181/2181
f 2182/2182/2182 2183/2183/2183 2184/2184/2184
f 2185/2185/2185 2186/2186/2186 2187/2187/2187
f 2188/2188/2188 2189/2189/2189 2190/2190/2190
f 2191/2191/2191 2192/2192/2192 2193/2193/2193
f 2194/2194/2194 2195/2195/2195 2196/2196/2196
f 2197/2197/2197 2198/2198/2198 2199/2199/2199
f 2200/2200/2200 2201/2201/2201 2202/2202/2202
f 2203/2203/2203 2204/2204/2204 2205/2205/2205
f 2206/2206/2206 2207/2207/2207 2208/2208/2208
f 2209/2209/2209 2210/2210/2210 2211/2211/2211
f 2212/2212/2212 2213/2213/2213 2214/2214/2214
f 2215/2215/2215 2216/2216/2216 2217/2217/2217
f 2218/2218/2218 2219/2219/2219 2220/2220/2220
f 2221/2221/2221 2222/2222/2222 2223/2223/2223
f 2224/2224/2224 2225/2225/2225 2226/2226/2226
f 2227/2227/2227 2228/2228/2228 2229/2229/2229
f 2230/2230/2230 2231/2231/2231 2232/2232/2232
f 2233/2233/2233 2234/2234/2234 2235/2235/2235
f 2236/2236/2236 2237/2237/2237 2238/2238/2238
f 2239/2239/2239 2240/2240/2240 2241/2241/2241
f 2242/2242/2242 2243/2243/2243 2244/2244/2244
f 2245/2245/2245 2246/2246/2246 2247/2247/2247
f 2248/2248/2248 2249/2249/2249 2250/2250/2250
f 2251/2251/2251 2252/2252/2252 2253/2253/2253
f 2254/2254/2254 2255/2255/2255 2256/2256/2256
f 2257/2257/2257 2258/2258/2258 2259/2259/2259
f 2260/2260/2260 2261/2261/2261 2262/2262/2262
f 2263/2263/2263 2264/2264/2264 2265/2265/2265
f 2266/2266/2266 2267/2267/2267 2268/2268/2268
f 2269/2269/2269 2270/2270/2270 2271/2271/2271
f 2272/2272/2272 2273/2273/2273 2274/2274/2274
f 2275/2275/2275 2276/2276/2276 2277/2277/2277
f 2278/2278/2278 2279/2279/2279 2280/2280/2280
f 2281/2281/2281 2282/2282/2282 2283/2283/2283
f 2284/2284/2284 2285/2285/2285 2286/2286/2286
f 2287/2287/2287 2288/2288/2288 2289/2289/2289
f 2290/2290/2290 2291/2291/2291 2292/2292/2292
f 2293/2293/2293 2294/2294/2294 2295/2295/2295
f 2296/2296/2296 2297/2297/2297 2298/2298/2298
f 2299/2299/2299 2300/2300/2300 2301/2301/2301
f 2302/2302/2302 2303/2303/2303 2304/2304/2304
f 2305/2305/2305 2306/2306/2306 2307/2307/2307
f 2308/2308/2308 2309/2309/2309 2310/2310/2310
f 2311/2311/2311 2312/2312/2312 2313/2313/2313
f 2314/2314/2314 2315/2315/2315 2316/2316/2316
f 2317/2317/2317 2318/2318/2318 2319/2319/2319
f 2320/2320/2320 2321/2321/2321 2322/2322/2322
f 2323/2323/2323 2324/2324/2324 2325/2325/2325
f 2326/2326/2326 2327/2327/2327 2328/2328/2328
f 2329/2329/2329 2330/2330/2330 2331/2331/2331
f 2332/2332/2332 2333/2333/2333 2334/2334/2334
f 2335/2335/2335 2336/2336/2336 2337/2337/2337
f 2338/2338/2338 2339/2339/2339 2340/2340/2340
f 2341/2341/2341 2342/2342/2342 2343/2343/2343
f 2344/2344/2344 2345/2345/2345 2346/2346/2346
f 2347/2347/2347 2348/2348/2348 2349/2349/2349
f 2350/2350/2350 2351/2351/2351 2352/2352/2352
f 2353/2353/2353 2354/2354/2354 2355/2355/2355
f 2356/2356/2356 2357/2357/2357 2358/2358/2358
f 2359/2359/2359 2360/2360/2360 2361/2361/2361
f 2362/2362/2362 2363/2363/2363 2364/2364/2364
f 2365/2365/2365 2366/2366/2366 2367/2367/2367
f 2368/2368/2368 2369/2369/2369 2370/2370/2370
f 2371/2371/2371 2372/2372/2372 2373/2373/2373
f 2374/2374/2374 2375/2375/2375 2376/2376/2376
f 2377/2377/2377 2378/2378/2378 2379/2379/2379
f 2380/2380/2380 2381/2381/2381 2382/2382/2382
f 2383/2383/2383 2384/2384/2384 2385/2385/2385
f 2386/2386/2386 2387/2387/2387 2388/2388/2388
f 2389/2389/2389 2390/2390/2390 2391/2391/2391
f 2392/2392/2392 2393/2393/2393 2394/2394/2394
f 2395/2395/2395 2396/2396/2396 2397/2397/2397
f 2398/2398/2398 2399/2399/2399 2400/2400/2400
f 2401/2401/2401 2402/2402/2402 2403/2403/2403
f 2404/2404/2404 2405/2405/2405 2406/2406/2406
f 2407/2407/2407 2408/2408/2408 2409/2409/2409
f 2410/2410/2410 2411/2411/2411 2412/2412/2412
f 2413/2413/2413 2414/2414/2414 2415/2415/2415
f 2416/2416/2416 2417/2417/2417 2418/2418/2418
f 2419/2419/2419 2420/2420/2420 2421/2421/2421
f 2422/2422/2422 2423/2423/2423 2424/2424/2424
f 2425/2425/2425 2426/2426/2426 2427/2427/2427
f 2428/2428/2428 2429/2429/2429 2430/2430/2430
f 2431/2431/2431 2432/2432/2432 2433/2433/2433
f 2434/2434/2434 2435/2435/2435 2436/2436/2436
f 2437/2437/2437 2438/2438/2438 2439/2439/2439
f 2440/2440/2440 2441/2441/2441 2442/2442/2442
f 2443/2443/2443 2444/2444/2444 2445/2445/2445
f 2446/2446/2446 2447/2447/2447 2448/2448/2448
f 2449/2449/2449 2450/2450/2450 2451/2451/2451
f 2452/2452/2452 2453/2453/2453 2454/2454/2454
f 2455/2455/2455 2456/2456/2456 2457/2457/2457
f 2458/2458/2458 2459/2459/2459 2460/2460/2460
f 2461/2461/2461 2462/2462/2462 2463/2463/2463
f 2464/2464/2464 2465/2465/2465 2466/2466/2466
f 2467/2467/2467 2468/2468/2468 2469/2469/2469
f 2470/2470/2470 2471/2471/2471 2472/2472/2472
f 2473/2473/2473 2474/2474/2474 2475/2475/2475
f 2476/2476/2476 2477/2477/2477 2478/2478/2478
f 2479/2479/2479 2480/2480/2480 2481/2481/2481
f 2482/2482/2482 2483/2483/2483 2484/2484/2484
f 2485/2485/2485 2486/2486/2486 2487/2487/2487
f 2488/2488/2488 2489/2489/2489 2490/2490/2490
f 2491/2491/2491 2492/2492/2492 2493/2493/2493
f 2494/2494/2494 2495/2495/2495 2496/2496/2496
f 2497/2497/2497 2498/2498/2498 2499/2499/2499
f 2500/2500/2500 2501/2501/2501 2502/2502/2502
f 2503/2503/2503 2504/2504/2504 2505/2505/2505
f 2506/2506/2506 2507/2507/2507 2508/2508/2508
f 2509/2509/2509 2510/2510/2510 2511/2511/2511
f 2512/2512/2512 2513/2513/2513 2514/2514/2514
f 2515/2515/2515 2516/2516/2516 2517/2517/2517
f 2518/2518/2518 2519/2519/2519 2520/2520/2520
f 2521/2521/2521 2522/2522/2522 2523/2523/2523
f 2524/2524/2524 2525/2525/2525 2526/2526/2526
f 2527/2527/2527 2528/2528/2528 2529/2529/2529
f 2530/2530/2530 2531/2531/2531 2532/2532/2532
f 2533/2533/2533 2534/2534/2534 2535/2535/2535
f 2536/2536/2536 2537/2537/2537 2538/2538/2538
f 2539/2539/2539 2540/2540/2540 2541/2541/2541
f 2542/2542/2542 2543/2543/2543 2544/2544/2544
f 2545/2545/2545 2546/2546/2546 2547/2547/2547
f 2548/2548/2548 2549/2549/2549 2550/2550/2550
f 2551/2551/2551 2552/2552/2552 2553/2553/2553
f 2554/2554/2554 2555/2555/2555 2556/2556/2556
f 2557/2557/2557 2558/2558/2558 2559/2559/2559
f 2560/2560/2560 2561/2561/2561 2562/2562/2562
f 2563/2563/2563 2564/2564/2564 2565/2565/2565
f 2566/2566/2566 2567/2567/2567 2568/2568/2568
f 2569/2569/2569 2570/2570/2570 2571/2571/2571
f 2572/2572/2572 2573/2573/2573 2574/2574/2574
f 2575/2575/2575 2576/2576/2576 2577/2577/2577
f 2578/2578/2578 2579/2579/2579 2580/2580/2580
f 2581/2581/2581 2582/2582/2582 2583/2583/2583
f 2584/2584/2584 2585/2585/2585 2586/2586/2586
f 2587/2587/2587 2588/2588/2588 2589/2589/2589
f 2590/2590/2590 2591/2591/2591 2592/2592/2592
f 2593/2593/2593 2594/2594/2594 2595/2595/2595
f 2596/2596/2596 2597/2597/2597 2598/2598/2598
f 2599/2599/2599 2600/2600/2600 2601/2601/2601
f 2602/2602/2602 2603/2603/2603 2604/2604/2604
f 2605/2605/2605 2606/2606/2606 2607/2607/2607
f 2608/2608/2608 2609/2609/2609 2610/2610/2610
f 2611/2611/2611 2612/2612/2612 2613/2613/2613
f 2614/2614/2614 2615/2615/2615 2616/2616/2616
f 2617/2617/2617 2618/2618/2618 2619/2619/2619
f 2620/2620/2620 2621/2621/2621 2622/2622/2622
f 2623/2623/2623 2624/2624/2624 2625/2625/2625
f 2626/2626/2626 2627/2627/2627 2628/2628/2628
f 2629/2629/2629 2630/2630/2630 2631/2631/2631
f 2632/2632/2632 2633/2633/2633 2634/2634/2634
f 2635/2635/2635 2636/2636/2636 2637/2637/2637
f 2638/2638/2638 2639/2639/2639 2640/2640/2640
f 2641/2641/2641 2642/2642/2642 2643/2643/2643
f 2644/2644/2644 2645/2645/2645 2646/2646/2646
f 2647/2647/2647 2648/2648/2648 2649/2649/2649
f 2650/2650/2650 2651/2651/2651 2652/2652/2652
f 2653/2653/2653 2654/2654/2654 2655/2655/2655
f 2656/2656/2656 2657/2657/2657 2658/2658/2658
f 2659/2659/2659 2660/2660/2660 2661/2661/2661
f 2662/2662/2662 2663/2663/2663 2664/2664/2664
f 2665/2665/2665 2666/2666/2666 2667/2667/2667
f 2668/2668/2668 2669/2669/2669 2670/2670/2670
f 2671/2671/2671 2672/2672/2672 2673/2673/2673
f 2674/2674/2674 2675/2675/2675 2676/2676/2676
f 2677/2677/2677 2678/2678/2678 2679/2679/2679
f 2680/2680/2680 2681/2681/2681 2682/2682/2682
f 2683/2683/2683 2684/2684/2684 2685/2685/2685
f 2686/2686/2686 2687/2687/2687 2688/2688/2688
f 2689/2689/2689 2690/2690/2690 2691/2691/2691
f 2692/2692/2692 2693/2693/2693 2694/2694/2694
f 2695/2695/2695 2696/2696/2696 2697/2697/2697
f 2698/2698/2698 2699/2699/2699 2700/2700/2700
f 2701/2701/2701 2702/2702/2702 2703/2703/2703
f 2704/2704/2704 2705/2705/2705 2706/2706/2706
f 2707/2707/2707 2708/2708/2708 2709/2709/2709
f 2710/2710/2710 2711/2711/2711 2712/2712/2712
f 2713/2713/2713 2714/2714/2714 2715/2715/2715
f 2716/2716/2716 2717/2717/2717 2718/2718/2718
f 2719/2719/2719 2720/2720/2720 2721/2721/2721
f 2722/2722/2722 2723/2723/2723 2724/2724/2724
f 2725/2725/2725 2726/2726/2726 2727/2727/2727
f 2728/2728/2728 2729/2729/2729 2730/2730/2730
f 2731/2731/2731 2732/2732/2732 2733/2733/2733
f 2734/2734/2734 2735/2735/2735 2736/2736/2736
f 2737/2737/2737 2738/2738/2738 2739/2739/2739
f 2740/2740/2740 2741/2741/2741 2742/2742/2742
f 2743/2743/2743 2744/2744/2744 2745/2745/2745
f 2746/2746/2746 2747/2747/2747 2748/2748/2748
f 2749/2749/2749 2750/2750/2750 2751/2751/2751
f 2752/2752/2752 2753/2753/2753 2754/2754/2754
f 2755/2755/2755 2756/2756/2756 2757/2757/2757
f 2758/2758/2758 2759/2759/2759 2760/2760/2760
f 2761/2761/2761 2762/2762/2762 2763/2763/2763
f 2764/2764/2764 2765/2765/2765 2766/2766/2766
f 2767/2767/2767 2768/2768/2768 2769/2769/2769
f 2770/2770/2770 2771/2771/2771 2772/2772/2772
f 2773/2773/2773 2774/2774/2774 2775/2775/2775
f 2776/2776/2776 2777/2777/2777 2778/2778/2778
f 2779/2779/2779 2780/2780/2780 2781/2781/2781
f 2782/2782/2782 2783/2783/2783 2784/2784/2784
f 2785/2785/2785 2786/2786/2786 2787/2787/2787
f 2788/2788/2788 2789/2789/2789 2790/2790/2790
f 2791/2791/2791 2792/2792/2792 2793/2793/2793
f 2794/2794/2794 2795/2795/2795 2796/2796/2796
f 2797/2797/2797 2798/2798/2798 2799/2799/2799
f 2800/2800/2800 2801/2801/2801 2802/2802/2802
f 2803/2803/2803 2804/2804/2804 2805/2805/2805
f 2806/2806/2806 2807/2807/2807 2808/2808/2808
f 2809/2809/2809 2810/2810/2810 2811/2811/2811
f 2812/2812/2812 2813/2813/2813 2814/2814/2814
f 2815/2815/2815 2816/2816/2816 2817/2817/2817
f 2818/2818/2818 2819/2819/2819 2820/2820/2820
f 2821/2821/2821 2822/2822/2822 2823/2823/2823
f 2824/2824/2824 2825/2825/2825 2826/2826/2826
f 2827/2827/2827 2828/2828/2828 2829/2829/2829
f 2830/2830/2830 2831/2831/2831 2832/2832/2832
f 2833/2833/2833 2834/2834/2834 2835/2835/2835
f 2836/2836/2836 2837/2837/2837 2838/2838/2838
f 2839/2839/2839 2840/2840/2840 2841/2841/2841
f 2842/2842/2842 2843/2843/2843 2844/2844/2844
f 2845/2845/2845 2846/2846/2846 2847/2847/2847
f 2848/2848/2848 2849/2849/2849 2850/2850/2850
f 2851/2851/2851 2852/2852/2852 2853/2853/2853
f 2854/2854/2854 2855/2855/2855 2856/2856/2856
f 2857/2857/2857 2858/2858/2858 2859/2859/2859
f 2860/2860/2860 2861/2861/2861 2862/2862/2862
f 2863/2863/2863 2864/2864/2864 2865/2865/2865
f 2866/2866/2866 2867/2867/2867 2868/2868/2868
f 2869/2869/2869 2870/2870/2870 2871/2871/2871
f 2872/2872/2872 2873/2873/2873 2874/2874/2874
f 2875/2875/2875 2876/2876/2876 2877/2877/2877
f 2878/2878/2878 2879/2879/2879 2880/2880/2880
f 2881/2881/2881 2882/2882/2882 2883/2883/2883
f 2884/2884/2884 2885/2885/2885 2886/2886/2886
f 2887/2887/2887 2888/2888/2888 2889/2889/2889
f 2890/2890/2890 2891/2891/2891 2892/2892/2892
f 2893/2893/2893 2894/2894/2894 2895/2895/2895
f 2896/2896/2896 2897/2897/2897 2898/2898/2898
f 2899/2899/2899 2900/2900/2900 2901/2901/2901
f 2902/2902/2902 2903/2903/2903 2904/2904/2904
f 2905/2905/2905 2906/2906/2906 2907/2907/2907
f 2908/2908/2908 2909/2909/2909 2910/2910/2910
f 2911/2911/2911 2912/2912/2912 2913/2913/2913
f 2914/2914/2914 2915/2915/2915 2916/2916/2916
f 2917/2917/2917 2918/2918/2918 2919/2919/2919
f 2920/2920/2920 2921/2921/2921 2922/2922/2922
f 2923/2923/2923 2924/2924/2924 2925/2925/2925
f 2926/2926/2926 2927/2927/2927 2928/2928/2928
f 2929/2929/2929 2930/2930/2930 2931/2931/2931
f 2932/2932/2932 2933/2933/2933 2934/2934/2934
f 2935/2935/2935 2936/2936/2936 2937/2937/2937
f 2938/2938/2938 2939/2939/2939 2940/2940/2940
f 2941/2941/2941 2942/2942/2942 2943/2943/2943
f 2944/2944/2944 2945/2945/2945 2946/2946/2946
f 2947/2947/2947 2948/2948/2948 2949/2949/2949
f 2950/2950/2950 2951/2951/2951 2952/2952/2952
f 2953/2953/2953 2954/2954/2954 2955/2955/2955
f 2956/2956/2956 2957/2957/2957 2958/2958/2958
f 2959/2959/2959 2960/2960/2960 2961/2961/2961
f 2962/2962/2962 2963/2963/2963 2964/2964/2964
f 2965/2965/2965 2966/2966/2966 2967/2967/2967
f 2968/2968/2968 2969/2969/2969 2970/2970/2970
f 2971/2971/2971 2972/2972/2972 2973/2973/2973
f 2974/2974/2974 2975/2975/2975 2976/2976/2976
f 2977/2977/2977 2978/2978/2978 2979/2979/2979
f 2980/2980/2980 2981/2981/2981 2982/2982/2982
f 2983/2983/2983 2984/2984/2984 2985/2985/2985
f 2986/2986/2986 2987/2987/2987 2988/2988/2988
f 2989/2989/2989 2990/2990/2990 2991/2991/2991
f 2992/2992/2992 2993/2993/2993 2994/2994/2994
f 2995/2995/2995 2996/2996/2996 2997/2997/2997
f 2998/2998/2998 2999/2999/2999 3000/3000/3000
f 3001/3001/3001 3002/3002/3002 3003/3003/3003
f 3004/3004/3004 3005/3005/3005 3006/3006/3006
f 3007/3007/3007 3008/3008/3008 3009/3009/3009
f 3010/3010/3010 3011/3011/3011 3012/3012/3012
f 3013/3013/3013 3014/3014/3014 3015/3015/3015
f 3016/3016/3016 3017/3017/3017 3018/3018/3018
f 3019/3019/3019 3020/3020/3020 3021/3021/3021
f 3022/3022/3022 3023/3023/3023 3024/3024/3024
f 3025/3025/3025 3026/3026/3026 3027/3027/3027
f 3028/3028/3028 3029/3029/3029 3030/3030/3030
f 3031/3031/3031 3032/3032/3032 3033/3033/3033
f 3034/3034/3034 3035/3035/3035 3036/3036/3036
f 3037/3037/3037 3038/3038/3038 3039/3039/3039
f 3040/3040/3040 3041/3041/3041 3042/3042/3042
f 3043/3043/3043 3044/3044/3044 3045/3045/3045
f 3046/3046/3046 3047/3047/3047 3048/3048/3048
f 3049/3049/3049 3050/3050/3050 3051/3051/3051
f 3052/3052/3052 3053/3053/3053 3054/3054/3054
f 3055/3055/3055 3056/3056/3056 3057/3057/3057
f 3058/3058/3058 3059/3059/3059 3060/3060/3060
f 3061/3061/3061 3062/3062/3062 3063/3063/3063
f 3064/3064/3064 3065/3065/3065 3066/3066/3066
f 3067/3067/3067 3068/3068/3068 3069/3069/3069
f 3070/3070/3070 3071/3071/3071 3072/3072/3072
f 3073/3073/3073 3074/3074/3074 3075/3075/3075
f 3076/3076/3076 3077/3077/3077 3078/3078/3078
f 3079/3079/3079 3080/3080/3080 3081/3081/3081
f 3082/3082/3082 3083/3083/3083 3084/3084/3084
f 3085/3085/3085 3086/3086/3086 3087/3087/3087
f 3088/3088/3088 3089/3089/3089 3090/3090/3090
f 3091/3091/3091 3092/3092/3092 3093/3093/3093
f 3094/3094/3094 3095/3095/3095 3096/3096/3096
f 3097/3097/3097 3098/3098/3098 3099/3099/3099
f 3100/3100/3100 3101/3101/3101 3102/3102/3102
f 3103/3103/3103 3104/3104/3104 3105/3105/3105
f 3106/3106/3106 3107/3107/3107 3108/3108/3108
f 3109/3109/3109 3110/3110/3110 3111/3111/3111
f 3112/3112/3112 3113/3113/3113 3114/3114/3114
f 3115/3115/3115 3116/3116/3116 3117/3117/3117
f 3118/3118/3118 3119/3119/3119 3120/3120/3120
f 3121/3121/3121 3122/3122/3122 3123/3123/3123
f 3124/3124/3124 3125/3125/3125 3126/3126/3126
f 3127/3127/3127 3128/3128/3128 3129/3129/3129
f 3130/3130/3130 3131/3131/3131 3132/3132/3132
f 3133/3133/3133 3134/3134/3134 3135/3135/3135
f 3136/3136/3136 3137/3137/3137 3138/3138/3138
f 3139/3139/3139 3140/3140/3140 3141/3141/3141
f 3142/3142/3142 3143/3143/3143 3144/3144/3144
f 3145/3145/3145 3146/3146/3146 3147/3147/3147
f 3148/3148/3148 3149/3149/3149 3150/3150/3150
f 3151/3151/3151 3152/3152/3152 3153/3153/3153
f 3154/3154/3154 3155/3155/3155 3156/3156/3156
f 3157/3157/3157 3158/3158/3158 3159/3159/3159
f 3160/3160/3160 3161/3161/3161 3162/3162/3162
f 3163/3163/3163 3164/3164/3164 3165/3165/3165
f 3166/3166/3166 3167/3167/3167 3168/3168/3168
f 3169/3169/3169 3170/3170/3170 3171/3171/3171
f 3172/3172/3172 3173/3173/3173 3174/3174/3174
f 3175/3175/3175 3176/3176/3176 3177/3177/3177
f 3178/3178/3178 3179/3179/3179 3180/3180/3180
f 3181/3181/3181 3182/3182/3182 3183/3183/3183
f 3184/3184/3184 3185/3185/3185 3186/3186/3186
f 3187/3187/3187 3188/3188/3188 3189/3189/3189
f 3190/3190/3190 3191/3191/3191 3192/3192/3192
f 3193/3193/3193 3194/3194/3194 3195/3195/3195
f 3196/3196/3196 3197/3197/3197 3198/3198/3198
f 3199/3199/3199 3200/3200/3200 3201/3201/3201
f 3202/3202/3202 3203/3203/3203 3204/3204/3204
f 3205/3205/3205 3206/3206/3206 3207/3207/3207
f 3208/3208/3208 3209/3209/3209 3210/3210/3210
f 3211/3211/3211 3212/3212/3212 3213/3213/3213
f 3214/3214/3214 3215/3215/3215 3216/3216/3216
f 3217/3217/3217 3218/3218/3218 3219/3219/3219
f 3220/3220/3220 3221/3221/3221 3222/3222/3222
f 3223/3223/3223 3224/3224/3224 3225/3225/3225
f 3226/3226/3226 3227/3227/3227 3228/3228/3228
f 3229/3229/3229 3230/3230/3230 3231/3231/3231
f 3232/3232/3232 3233/3233/3233 3234/3234/3234
f 3235/3235/3235 3236/3236/3236 3237/3237/3237
f 3238/3238/3238 3239/3239/3239 3240/3240/3240
f 3241/3241/3241 3242/3242/3242 3243/3243/3243
f 3244/3244/3244 3245/3245/3245 3246/3246/3246
f 3247/3247/3247 3248/3248/3248 3249/3249/3249
f 3250/3250/3250 3251/3251/3251 3252/3252/3252
f 3253/3253/3253 3254/3254/3254 3255/3255/3255
f 3256/3256/3256 3257/3257/3257 3258/3258/3258
f 3259/3259/3259 3260/3260/3260 3261/3261/3261
f 3262/3262/3262 3263/3263/3263 3264/3264/3264
f 3265/3265/3265 3266/3266/3266 3267/3267/3267
f 3268/3268/3268 3269/3269/3269 3270/3270/3270
f 3271/3271/3271 3272/3272/3272 3273/3273/3273
f 3274/3274/3274 3275/3275/3275 3276/3276/3276
f 3277/3277/3277 3278/3278/3278 3279/3279/3279
f 3280/3280/3280 3281/3281/3281 3282/3282/3282
f 3283/3283/3283 3284/3284/3284 3285/3285/3285
f 3286/3286/3286 3287/3287/3287 3288/3288/3288
f 3289/3289/3289 3290/3290/3290 3291/3291/3291
f 3292/3292/3292 3293/3293/3293 3294/3294/3294
f 3295/3295/3295 3296/3296/3296 3297/3297/3297
f 3298/3298/3298 3299/3299/3299 3300/3300/3300
f 3301/3301/3301 3302/3302/3302 3303/3303/3303
f 3304/3304/3304 3305/3305/3305 3306/3306/3306
f 3307/3307/3307 3308/3308/3308 3309/3309/3309
f 3310/3310/3310 3311/3311/3311 3312/3312/3312
f 3313/3313/3313 3314/3314/3314 3315/3315/3315
f 3316/3316/3316 3317/3317/3317 3318/3318/3318
f 3319/3319/3319 3320/3320/3320 3321/3321/3321
f 3322/3322/3322 3323/3323/3323 3324/3324/3324
f 3325/3325/3325 3326/3326/3326 3327/3327/3327
f 3328/3328/3328 3329/3329/3329 3330/3330/3330
f 3331/3331/3331 3332/3332/3332 3333/3333/3333
f 3334/3334/3334 3335/3335/3335 3336/3336/3336
f 3337/3337/3337 3338/3338/3338 3339/3339/3339
f 3340/3340/3340 3341/3341/3341 3342/3342/3342
f 3343/3343/3343 3344/3344/3344 3345/3345/3345
f 3346/3346/3346 3347/3347/3347 3348/3348/3348
f 3349/3349/3349 3350/3350/3350 3351/3351/3351
f 3352/3352/3352 3353/3353/3353 3354/3354/3354
f 3355/3355/3355 3356/3356/3356 3357/3357/3357
f 3358/3358/3358 3359/3359/3359 3360/3360/3360
f 3361/3361/3361 3362/3362/3362 3363/3363/3363
f 3364/3364/3364 3365/3365/3365 3366/3366/3366
f 3367/3367/3367 3368/3368/3368 3369/3369/3369
f 3370/3370/3370 3371/3371/3371 3372/3372/3372
f 3373/3373/3373 3374/3374/3374 3375/3375/3375
f 3376/3376/3376 3377/3377/3377 3378/3378/3378
f 3379/3379/3379 3380/3380/3380 3381/3381/3381
f 3382/3382/3382 3383/3383/3383 3384/3384/3384
f 3385/3385/3385 3386/3386/3386 3387/3387/3387
f 3388/3388/3388 3389/3389/3389 3390/3390/3390
f 3391/3391/3391 3392/3392/3392 3393/3393/3393
f 3394/3394/3394 3395/3395/3395 3396/3396/3396
f 3397/3397/3397 3398/3398/3398 3399/3399/3399
f 3400/3400/3400 3401/3401/3401 3402/3402/3402
f 3403/3403/3403 3404/3404/3404 3405/3405/3405
f 3406/3406/3406 3407/3407/3407 3408/3408/3408
f 3409/3409/3409 3410/3410/3410 3411/3411/3411
f 3412/3412/3412 3413/3413/3413 3414/3414/3414
f 3415/3415/3415 3416/3416/3416 3417/3417/3417
f 3418/3418/3418 3419/3419/3419 3420/3420/3420
f 3421/3421/3421 3422/3422/3422 3423/3423/3423
f 3424/3424/3424 3425/3425/3425 3426/3426/3426
f 3427/3427/3427 3428/3428/3428 3429/3429/3429
f 3430/3430/3430 3431/3431/3431 3432/3432/3432
f 3433/3433/3433 3434/3434/3434 3435/3435/3435
f 3436/3436/3436 3437/3437/3437 3438/3438/3438
f 3439/3439/3439 3440/3440/3440 3441/3441/3441
f 3442/3442/3442 3443/3443/3443 3444/3444/3444
f 3445/3445/3445 3446/3446/3446 3447/3447/3447
f 3448/3448/3448 3449/3449/3449 3450/3450/3450
f 3451/3451/3451 3452/3452/3452 3453/3453/3453
f 3454/3454/3454 3455/3455/3455 3456/3456/3456
f 3457/3457/3457 3458/3458/3458 3459/3459/3459
f 3460/3460/3460 3461/3461/3461 3462/3462/3462
f 3463/3463/3463 3464/3464/3464 3465/3465/3465
f 3466/3466/3466 3467/3467/3467 3468/3468/3468
f 3469/3469/3469 3470/3470/3470 3471/3471/3471
f 3472/3472/3472 3473/3473/3473 3474/3474/3474
f 3475/3475/3475 3476/3476/3476 3477/3477/3477
f 3478/3478/3478 3479/3479/3479 3480/3480/3480
f 3481/3481/3481 3482/3482/3482 3483/3483/3483
f 3484/3484/3484 3485/3485/3485 3486/3486/3486
f 3487/3487/3487 3488/3488/3488 3489/3489/3489
f 3490/3490/3490 3491/3491/3491 3492/3492/3492
f 3493/3493/3493 3494/3494/3494 3495/3495/3495
f 3496/3496/3496 3497/3497/3497 3498/3498/3498
f 3499/3499/3499 3500/3500/3500 3501/3501/3501
f 3502/3502/3502 3503/3503/3503 3504/3504/3504
f 3505/3505/3505 3506/3506/3506 3507/3507/3507
f 3508/3508/3508 3509/3509/3509 3510/3510/3510
f 3511/3511/3511 3512/3512/3512 3513/3513/3513
f 3514/3514/3514 3515/3515/3515 3516/3516/3516
f 3517/3517/3517 3518/3518/3518 3519/3519/3519
f 3520/3520/3520 3521/3521/3521 3522/3522/3522
f 3523/3523/3523 3524/3524/3524 3525/3525/3525
f 3526/3526/3526 3527/3527/3527 3528/3528/3528
f 3529/3529/3529 3530/3530/3530 3531/3531/3531
f 3532/3532/3532 3533/3533/3533 3534/3534/3534
f 3535/3535/3535 3536/3536/3536 3537/3537/3537
f 3538/3538/3538 3539/3539/3539 3540/3540/3540
f 3541/3541/3541 3542/3542/3542 3543/3543/3543
f 3544/3544/3544 3545/3545/3545 3546/3546/3546
f 3547/3547/3547 3548/3548/3548 3549/3549/3549
f 3550/3550/3550 3551/3551/3551 3552/3552/3552
f 3553/3553/3553 3554/3554/3554 3555/3555/3555
f 3556/3556/3556 3557/3557/3557 3558/3558/3558
f 3559/3559/3559 3560/3560/3560 3561/3561/3561
f 3562/3562/3562 3563/3563/3563 3564/3564/3564
f 3565/3565/3565 3566/3566/3566 3567/3567/3567
f 3568/3568/3568 3569/3569/3569 3570/3570/3570
f 3571/3571/3571 3572/3572/3572 3573/3573/3573
f 3574/3574/3574 3575/3575/3575 3576/3576/3576
f 3577/3577/3577 3578/3578/3578 3579/3579/3579
f 3580/3580/3580 3581/3581/3581 3582/3582/3582
f 3583/3583/3583 3584/3584/3584 3585/3585/3585
f 3586/3586/3586 3587/3587/3587 3588/3588/3588
f 3589/3589/3589 3590/3590/3590 3591/3591/3591
f 3592/3592/3592 3593/3593/3593 3594/3594/3594
f 3595/3595/3595 3596/3596/3596 3597/3597/3597
f 3598/3598/3598 3599/3599/3599 3600/3600/3600
f 3601/3601/3601 3602/3602/3602 3603/3603/3603
f 3604/3604/3604 3605/3605/3605 3606/3606/3606
f 3607/3607/3607 3608/3608/3608 3609/3609/3609
f 3610/3610/3610 3611/3611/3611 3612/3612/3612
f 3613/3613/3613 3614/3614/3614 3615/3615/3615
f 3616/3616/3616 3617/3617/3617 3618/3618/3618
f 3619/3619/3619 3620/3620/3620 3621/3621/3621
f 3622/3622/3622 3623/3623/3623 3624/3624/3624
f 3625/3625/3625 3626/3626/3626 3627/3627/3627
f 3628/3628/3628 3629/3629/3629 3630/3630/3630
f 3631/3631/3631 3632/3632/3632 3633/3633/3633
f 3634/3634/3634 3635/3635/3635 3636/3636/3636
f 3637/3637/3637 3638/3638/3638 3639/3639/3639
f 3640/3640/3640 3641/3641/3641 3642/3642/3642
f 3643/3643/3643 3644/3644/3644 3645/3645/3645
f 3646/3646/3646 3647/3647/3647 3648/3648/3648
f 3649/3649/3649 3650/3650/3650 3651/3651/3651
f 3652/3652/3652 3653/3653/3653 3654/3654/3654
f 3655/3655/3655 3656/3656/3656 3657/3657/3657
f 3658/3658/3658 3659/3659/3659 3660/3660/3660
f 3661/3661/3661 3662/3662/3662 3663/3663/3663
f 3664/3664/3664 3665/3665/3665 3666/3666/3666
f 3667/3667/3667 3668/3668/3668 3669/3669/3669
f 3670/3670/3670 3671/3671/3671 3672/3672/3672
f 3673/3673/3673 3674/3674/3674 3675/3675/3675
f 3676/3676/3676 3677/3677/3677 3678/3678/3678
f 3679/3679/3679 3680/3680/3680 3681/3681/3681
f 3682/3682/3682 3683/3683/3683 3684/3684/3684
f 3685/3685/3685 3686/3686/3686 3687/3687/3687
f 3688/3688/3688 3689/3689/3689 3690/3690/3690
f 3691/3691/3691 3692/3692/3692 3693/3693/3693
f 3694/3694/3694 3695/3695/3695 3696/3696/3696
f 3697/3697/3697 3698/3698/3698 3699/3699/3699
f 3700/3700/3700 3701/3701/3701 3702/3702/3702
f 3703/3703/3703 3704/3704/3704 3705/3705/3705
f 3706/3706/3706 3707/3707/3707 3708/3708/3708
f 3709/3709/3709 3710/3710/3710 3711/3711/3711
f 3712/3712/3712 3713/3713/3713 3714/3714/3714
f 3715/3715/3715 3716/3716/3716 3717/3717/3717
f 3718/3718/3718 3719/3719/3719 3720/3720/3720
f 3721/3721/3721 3722/3722/3722 3723/3723/3723
f 3724/3724/3724 3725/3725/3725 3726/3726/3726
f 3727/3727/3727 3728/3728/3728 3729/3729/3729
f 3730/3730/3730 3731/3731/3731 3732/3732/3732
f 3733/3733/3733 3734/3734/3734 3735/3735/3735
f 3736/3736/3736 3737/3737/3737 3738/3738/3738
f 3739/3739/3739 3740/3740/3740 3741/3741/3741
f 3742/3742/3742 3743/3743/3743 3744/3744/3744
f 3745/3745/3745 3746/3746/3746 3747/3747/3747
f 3748/3748/3748 3749/3749/3749 3750/3750/3750
f 3751/3751/3751 3752/3752/3752 3753/3753/3753
f 3754/3754/3754 3755/3755/3755 3756/3756/3756
f 3757/3757/3757 3758/3758/3758 3759/3759/3759
f 3760/3760/3760 3761/3761/3761 3762/3762/3762
f 3763/3763/3763 3764/3764/3764 3765/3765/3765
f 3766/3766/3766 3767/3767/3767 3768/3768/3768
f 3769/3769/3769 3770/3770/3770 3771/3771/3771
f 3772/3772/3772 3773/3773/3773 3774/3774/3774
f 3775/3775/3775 3776/3776/3776 3777/3777/3777
f 3778/3778/3778 3779/3779/3779 3780/3780/3780
f 3781/3781/3781 3782/3782/3782 3783/3783/3783
f 3784/3784/3784 3785/3785/3785 3786/3786/3786
f 3787/3787/3787 3788/3788/3788 3789/3789/3789
f 3790/3790/3790 3791/3791/3791 3792/3792/3792
f 3793/3793/3793 3794/3794/3794 3795/3795/3795
f 3796/3796/3796 3797/3797/3797 3798/3798/3798
f 3799/3799/3799 3800/3800/3800 3801/3801/3801
f 3802/3802/3802 3803/3803/3803 3804/3804/3804
f 3805/3805/3805 3806/3806/3806 3807/3807/3807
f 3808/3808/3808 3809/3809/3809 3810/3810/3810
f 3811/3811/3811 3812/3812/3812 3813/3813/3813
f 3814/3814/3814 3815/3815/3815 3816/3816/3816
f 3817/3817/3817 3818/3818/3818 3819/3819/3819
f 3820/3820/3820 3821/3821/3821 3822/3822/3822
f 3823/3823/3823 3824/3824/3824 3825/3825/3825
f 3826/3826/3826 3827/3827/3827 3828/3828/3828
f 3829/3829/3829 3830/3830/3830 3831/3831/3831
f 3832/3832/3832 3833/3833/3833 3834/3834/3834
f 3835/3835/3835 3836/3836/3836 3837/3837/3837
f 3838/3838/3838 3839/3839/3839 3840/3840/3840
f 3841/3841/3841 3842/3842/3842 3843/3843/3843
f 3844/3844/3844 3845/3845/3845 3846/3846/3846
f 3847/3847/3847 3848/3848/3848 3849/3849/3849
f 3850/3850/3850 3851/3851/3851 3852/3852/3852
f 3853/3853/3853 3854/3854/3854 3855/3855/3855
f 3856/3856/3856 3857/3857/3857 3858/3858/3858
f 3859/3859/3859 3860/3860/3860 3861/3861/3861
f 3862/3862/3862 3863/3863/3863 3864/3864/3864
f 3865/3865/3865 3866/3866/3866 3867/3867/3867
f 3868/3868/3868 3869/3869/3869 3870/3870/3870
f 3871/3871/3871 3872/3872/3872 3873/3873/3873
f 3874/3874/3874 3875/3875/3875 3876/3876/3876
f 3877/3877/3877 3878/3878/3878 3879/3879/3879
f 3880/3880/3880 3881/3881/3881 3882/3882/3882
f 3883/3883/3883 3884/3884/3884 3885/3885/3885
f 3886/3886/3886 3887/3887/3887 3888/3888/3888
f 3889/3889/3889 3890/3890/3890 3891/3891/3891
f 3892/3892/3892 3893/3893/3893 3894/3894/3894
f 3895/3895/3895 3896/3896/3896 3897/3897/3897
f 3898/3898/3898 3899/3899/3899 3900/3900/3900
f 3901/3901/3901 3902/3902/3902 3903/3903/3903
f 3904/3904/3904 3905/3905/3905 3906/3906/3906
f 3907/3907/3907 3908/3908/3908 3909/3909/3909
f 3910/3910/3910 3911/3911/3911 3912/3912/3912
f 3913/3913/3913 3914/3914/3914 3915/3915/3915
f 3916/3916/3916 3917/3917/3917 3918/3918/3918
f 3919/3919/3919 3920/3920/3920 3921/3921/3921
f 3922/3922/3922 3923/3923/3923 3924/3924/3924
f 3925/3925/3925 3926/3926/3926 3927/3927/3927
f 3928/3928/3928 3929/3929/3929 3930/3930/3930
f 3931/3931/3931 3932/3932/3932 3933/3933/3933
f 3934/3934/3934 3935/3935/3935 3936/3936/3936
f 3937/3937/3937 3938/3938/3938 3939/3939/3939
f 3940/3940/3940 3941/3941/3941 3942/3942/3942
f 3943/3943/3943 3944/3944/3944 3945/3945/3945
f 3946/3946/3946 3947/3947/3947 3948/3948/3948
f 3949/3949/3949 3950/3950/3950 3951/3951/3951
f 3952/3952/3952 3953/3953/3953 3954/3954/3954
f 3955/3955/3955 3956/3956/3956 3957/3957/3957
f 3958/3958/3958 3959/3959/3959 3960/3960/3960
f 3961/3961/3961 3962/3962/3962 3963/3963/3963
f 3964/3964/3964 3965/3965/3965 3966/3966/3966
f 3967/3967/3967 3968/3968/3968 3969/3969/3969
f 3970/3970/3970 3971/3971/3971 3972/3972/3972
f 3973/3973/3973 3974/3974/3974 3975/3975/3975
f 3976/3976/3976 3977/3977/3977 3978/3978/3978
f 3979/3979/3979 3980/3980/3980 3981/3981/3981
f 3982/3982/3982 3983/3983/3983 3984/3984/3984
f 3985/3985/3985 3986/3986/3986 3987/3987/3987
f 3988/3988/3988 3989/3989/3989 3990/3990/3990
f 3991/3991/3991 3992/3992/3992 3993/3993/3993
f 3994/3994/3994 3995/3995/3995 3996/3996/3996
f 3997/3997/3997 3998/3998/3998 3999/3999/3999
f 4000/4000/4000 4001/4001/4001 4002/4002/4002
f 4003/4003/4003 4004/4004/4004 4005/4005/4005
f 4006/4006/4006 4007/4007/4007 4008/4008/4008
f 4009/4009/4009 4010/4010/4010 4011/4011/4011
f 4012/4012/4012 4013/4013/4013 4014/4014/4014
f 4015/4015/4015 4016/4016/4016 4017/4017/4017
f 4018/4018/4018 4019/4019/4019 4020/4020/4020
f 4021/4021/4021 4022/4022/4022 4023/4023/4023
f 4024/4024/4024 4025/4025/4025 4026/4026/4026
f 4027/4027/4027 4028/4028/4028 4029/4029/4029
f 4030/4030/4030 4031/4031/4031 4032/4032/4032
f 4033/4033/4033 4034/4034/4034 4035/4035/4035
f 4036/4036/4036 4037/4037/4037 4038/4038/4038
f 4039/4039/4039 4040/4040/4040 4041/4041/4041
f 4042/4042/4042 4043/4043/4043 4044/4044/4044
f 4045/4045/4045 4046/4046/4046 4047/4047/4047
f 4048/4048/4048 4049/4049/4049 4050/4050/4050
f 4051/4051/4051 4052/4052/4052 4053/4053/4053
f 4054/4054/4054 4055/4055/4055 4056/4056/4056
f 4057/4057/4057 4058/4058/4058 4059/4059/4059
f 4060/4060/4060 4061/4061/4061 4062/4062/4062
f 4063/4063/4063 4064/4064/4064 4065/4065/4065
f 4066/4066/4066 4067/4067/4067 4068/4068/4068
f 4069/4069/4069 4070/4070/4070 4071/4071/4071
f 4072/4072/4072 4073/4073/4073 4074/4074/4074
f 4075/4075/4075 4076/4076/4076 4077/4077/4077
f 4078/4078/4078 4079/4079/4079 4080/4080/4080
f 4081/4081/4081 4082/4082/4082 4083/4083/4083
f 4084/4084/4084 4085/4085/4085 4086/4086/4086
f 4087/4087/4087 4088/4088/4088 4089/4089/4089
f 4090/4090/4090 4091/4091/4091 4092/4092/4092
f 4093/4093/4093 4094/4094/4094 4095/4095/4095
f 4096/4096/4096 4097/4097/4097 4098/4098/4098
f 4099/4099/4099 4100/4100/4100 4101/4101/4101
f 4102/4102/4102 4103/4103/4103 4104/4104/4104
f 4105/4105/4105 4106/4106/4106 4107/4107/4107
f 4108/4108/4108 4109/4109/4109 4110/4110/4110
f 4111/4111/4111 4112/4112/4112 4113/4113/4113
f 4114/4114/4114 4115/4115/4115 4116/4116/4116
f 4117/4117/4117 4118/4118/4118 4119/4119/4119
f 4120/4120/4120 4121/4121/4121 4122/4122/4122
f 4123/4123/4123 4124/4124/4124 4125/4125/4125
f 4126/4126/4126 4127/4127/4127 4128/4128/4128
f 4129/4129/4129 4130/4130/4130 4131/4131/4131
f 4132/4132/4132 4133/4133/4133 4134/4134/4134
f 4135/4135/4135 4136/4136/4136 4137/4137/4137
f 4138/4138/4138 4139/4139/4139 4140/4140/4140
f 4141/4141/4141 4142/4142/4142 4143/4143/4143
f 4144/4144/4144 4145/4145/4145 4146/4146/4146
f 4147/4147/4147 4148/4148/4148 4149/4149/4149
f 4150/4150/4150 4151/4151/4151 4152/4152/4152
f 4153/4153/4153 4154/4154/4154 4155/4155/4155
f 4156/4156/4156 4157/4157/4157 4158/4158/4158
f 4159/4159/4159 4160/4160/4160 4161/4161/4161
f 4162/4162/4162 4163/4163/4163 4164/4164/4164
f 4165/4165/4165 4166/4166/4166 4167/4167/4167
f 4168/4168/4168 4169/4169/4169 4170/4170/4170
f 4171/4171/4171 4172/4172/4172 4173/4173/4173
f 4174/4174/4174 4175/4175/4175 4176/4176/4176
f 4177/4177/4177 4178/4178/4178 4179/4179/4179
f 4180/4180/4180 4181/4181/4181 4182/4182/4182
f 4183/4183/4183 4184/4184/4184 4185/4185/4185
f 4186/4186/4186 4187/4187/4187 4188/4188/4188
f 4189/4189/4189 4190/4190/4190 4191/4191/4191
f 4192/4192/4192 4193/4193/4193 4194/4194/4194
