o Mesh
usemtl material_5
v -0.09528300166130066 0.09528499841690063 -0.6354780197143555
v -0.1066100001335144 0.10661199688911438 -0.6354780197143555
v -0.10255499929189682 0.10955700278282166 -0.6354780197143555
v -0.09528300166130066 0.09528499841690063 -0.6354780197143555
v -0.10255499929189682 0.10955700278282166 -0.6354780197143555
v -0.09778899699449539 0.11110600084066391 -0.6354780197143555
v -0.09528300166130066 0.09528499841690063 -0.6354780197143555
v -0.09778899699449539 0.11110600084066391 -0.6354780197143555
v -0.09277799725532532 0.11110600084066391 -0.6354780197143555
v -0.09528300166130066 0.09528499841690063 -0.6354780197143555
v -0.09277799725532532 0.11110600084066391 -0.6354780197143555
v -0.0880109965801239 0.10955700278282166 -0.6354780197143555
v -0.09528300166130066 0.09528499841690063 -0.6354780197143555
v -0.0880109965801239 0.10955700278282166 -0.6354780197143555
v -0.0839570015668869 0.10661199688911438 -0.6354780197143555
v -0.09528300166130066 0.09528499841690063 -0.6354780197143555
v -0.0839570015668869 0.10661199688911438 -0.6354780197143555
v -0.08101099729537964 0.10255700349807739 -0.6354780197143555
v -0.09528300166130066 0.09528499841690063 -0.6354780197143555
v -0.08101099729537964 0.10255700349807739 -0.6354780197143555
v -0.07946299761533737 0.09779100120067596 -0.6354780197143555
v -0.09528300166130066 0.09528499841690063 -0.6354780197143555
v -0.07946299761533737 0.09779100120067596 -0.6354780197143555
v -0.07946299761533737 0.0927790030837059 -0.6354780197143555
v -0.09528300166130066 0.09528499841690063 -0.6354780197143555
v -0.07946299761533737 0.0927790030837059 -0.6354780197143555
v -0.08101099729537964 0.08801300078630447 -0.6354780197143555
v -0.09528300166130066 0.09528499841690063 -0.6354780197143555
v -0.08101099729537964 0.08801300078630447 -0.6354780197143555
v -0.0839570015668869 0.08395899832248688 -0.6354780197143555
v -0.09528300166130066 0.09528499841690063 -0.6354780197143555
v -0.0839570015668869 0.08395899832248688 -0.6354780197143555
v -0.0880109965801239 0.08101300150156021 -0.6354780197143555
v -0.09528300166130066 0.09528499841690063 -0.6354780197143555
v -0.0880109965801239 0.08101300150156021 -0.6354780197143555
v -0.09277799725532532 0.07946400344371796 -0.6354780197143555
v -0.09528300166130066 0.09528499841690063 -0.6354780197143555
v -0.09277799725532532 0.07946400344371796 -0.6354780197143555
v -0.09778899699449539 0.07946400344371796 -0.6354780197143555
v -0.09528300166130066 0.09528499841690063 -0.6354780197143555
v -0.09778899699449539 0.07946400344371796 -0.6354780197143555
v -0.10255499929189682 0.08101300150156021 -0.6354780197143555
v -0.09528300166130066 0.09528499841690063 -0.6354780197143555
v -0.10255499929189682 0.08101300150156021 -0.6354780197143555
v -0.1066100001335144 0.08395899832248688 -0.6354780197143555
v -0.09528300166130066 0.09528499841690063 -0.6354780197143555
v -0.1066100001335144 0.08395899832248688 -0.6354780197143555
v -0.10955599695444107 0.08801300078630447 -0.6354780197143555
v -0.09528300166130066 0.09528499841690063 -0.6354780197143555
v -0.10955599695444107 0.08801300078630447 -0.6354780197143555
v -0.11110399663448334 0.09278000146150589 -0.6354780197143555
v -0.09528300166130066 0.09528499841690063 -0.6354780197143555
v -0.11110399663448334 0.09278000146150589 -0.6354780197143555
v -0.11110399663448334 0.09779100120067596 -0.6354780197143555
v -0.09528300166130066 0.09528499841690063 -0.6354780197143555
v -0.11110399663448334 0.09779100120067596 -0.6354780197143555
v -0.10955499857664108 0.10255700349807739 -0.6354780197143555
v -0.10955499857664108 0.10255700349807739 -0.6354780197143555
v -0.1066100001335144 0.10661199688911438 -0.6354780197143555
v -0.09528300166130066 0.09528499841690063 -0.6354780197143555
v -0.09528300166130066 0.09528499841690063 -0.6221699714660645
v -0.1055930033326149 0.10559400171041489 -0.6221699714660645
v -0.10827399790287018 0.10190399736166 -0.6221699714660645
v -0.09528300166130066 0.09528499841690063 -0.6221699714660645
v -0.10827399790287018 0.10190399736166 -0.6221699714660645
v -0.10968299955129623 0.09756600111722946 -0.6221699714660645
v -0.09528300166130066 0.09528499841690063 -0.6221699714660645
v -0.10968299955129623 0.09756600111722946 -0.6221699714660645
v -0.10968299955129623 0.0930040031671524 -0.6221699714660645
v -0.09528300166130066 0.09528499841690063 -0.6221699714660645
v -0.10968299955129623 0.0930040031671524 -0.6221699714660645
v -0.10827399790287018 0.08866599947214127 -0.6221699714660645
v -0.09528300166130066 0.09528499841690063 -0.6221699714660645
v -0.10827399790287018 0.08866599947214127 -0.6221699714660645
v -0.1055930033326149 0.08497600257396698 -0.6221699714660645
v -0.09528300166130066 0.09528499841690063 -0.6221699714660645
v -0.1055930033326149 0.08497600257396698 -0.6221699714660645
v -0.10190200060606003 0.0822950005531311 -0.6221699714660645
v -0.09528300166130066 0.09528499841690063 -0.6221699714660645
v -0.10190200060606003 0.0822950005531311 -0.6221699714660645
v -0.09756399691104889 0.08088500052690506 -0.6221699714660645
v -0.09528300166130066 0.09528499841690063 -0.6221699714660645
v -0.09756399691104889 0.08088500052690506 -0.6221699714660645
v -0.09300299733877182 0.08088500052690506 -0.6221699714660645
v -0.09528300166130066 0.09528499841690063 -0.6221699714660645
v -0.09300299733877182 0.08088500052690506 -0.6221699714660645
v -0.08866500109434128 0.0822950005531311 -0.6221699714660645
v -0.09528300166130066 0.09528499841690063 -0.6221699714660645
v -0.08866500109434128 0.0822950005531311 -0.6221699714660645
v -0.08497399836778641 0.08497600257396698 -0.6221699714660645
v -0.09528300166130066 0.09528499841690063 -0.6221699714660645
v -0.08497399836778641 0.08497600257396698 -0.6221699714660645
v -0.08229299634695053 0.08866599947214127 -0.6221699714660645
v -0.09528300166130066 0.09528499841690063 -0.6221699714660645
v -0.08229299634695053 0.08866599947214127 -0.6221699714660645
v -0.08088299632072449 0.0930040031671524 -0.6221699714660645
v -0.09528300166130066 0.09528499841690063 -0.6221699714660645
v -0.08088299632072449 0.0930040031671524 -0.6221699714660645
v -0.08088299632072449 0.09756600111722946 -0.6221699714660645
v -0.09528300166130066 0.09528499841690063 -0.6221699714660645
v -0.08088299632072449 0.09756600111722946 -0.6221699714660645
v -0.08229299634695053 0.10190399736166 -0.6221699714660645
v -0.09528300166130066 0.09528499841690063 -0.6221699714660645
v -0.08229299634695053 0.10190399736166 -0.6221699714660645
v -0.08497399836778641 0.10559400171041489 -0.6221699714660645
v -0.09528300166130066 0.09528499841690063 -0.6221699714660645
v -0.08497399836778641 0.10559400171041489 -0.6221699714660645
v -0.08866400271654129 0.10827600210905075 -0.6221699714660645
v -0.09528300166130066 0.09528499841690063 -0.6221699714660645
v -0.08866400271654129 0.10827600210905075 -0.6221699714660645
v -0.09300299733877182 0.10968499630689621 -0.6221699714660645
v -0.09528300166130066 0.09528499841690063 -0.6221699714660645
v -0.09300299733877182 0.10968499630689621 -0.6221699714660645
v -0.09756399691104889 0.10968499630689621 -0.6221699714660645
v -0.09528300166130066 0.09528499841690063 -0.6221699714660645
v -0.09756399691104889 0.10968499630689621 -0.6221699714660645
v -0.10190200060606003 0.10827600210905075 -0.6221699714660645
v -0.09528300166130066 0.09528499841690063 -0.6221699714660645
v -0.10190200060606003 0.10827600210905075 -0.6221699714660645
v -0.1055930033326149 0.10559400171041489 -0.6221699714660645
v -0.10259212553501129 0.10962173342704773 -0.6238134503364563
v -0.10666530579328537 0.1066620796918869 -0.6238134503364563
v -0.10564272105693817 0.10564964264631271 -0.6222034096717834
v -0.10259212553501129 0.10962173342704773 -0.6238134503364563
v -0.10564272105693817 0.10564964264631271 -0.6222034096717834
v -0.1019321009516716 0.10834429413080215 -0.6222034096717834
v -0.09780430048704147 0.11117903143167496 -0.6238134503364563
v -0.10259212553501129 0.10962173342704773 -0.6238134503364563
v -0.1019321009516716 0.10834429413080215 -0.6222034096717834
v -0.09780430048704147 0.11117903143167496 -0.6238134503364563
v -0.1019321009516716 0.10834429413080215 -0.6222034096717834
v -0.09757151454687119 0.10975923389196396 -0.6222034096717834
v -0.09276998788118362 0.11118017882108688 -0.6238134503364563
v -0.09780430048704147 0.11117903143167496 -0.6238134503364563
v -0.09757151454687119 0.10975923389196396 -0.6222034096717834
v -0.09276998788118362 0.11118017882108688 -0.6238134503364563
v -0.09757151454687119 0.10975923389196396 -0.6222034096717834
v -0.09298720955848694 0.1097579300403595 -0.6222034096717834
v -0.08798045665025711 0.10962508618831635 -0.6238134503364563
v -0.09276998788118362 0.11118017882108688 -0.6238134503364563
v -0.09298720955848694 0.1097579300403595 -0.6222034096717834
v -0.08798045665025711 0.10962508618831635 -0.6238134503364563
v -0.09298720955848694 0.1097579300403595 -0.6222034096717834
v -0.0886264517903328 0.10834049433469772 -0.6222034096717834
v -0.08390691876411438 0.10666729509830475 -0.6238134503364563
v -0.08798045665025711 0.10962508618831635 -0.6238134503364563
v -0.0886264517903328 0.10834049433469772 -0.6222034096717834
v -0.08390691876411438 0.10666729509830475 -0.6238134503364563
v -0.0886264517903328 0.10834049433469772 -0.6222034096717834
v -0.08491835743188858 0.10564371943473816 -0.6222034096717834
v -0.08094627410173416 0.10259412229061127 -0.6238134503364563
v -0.08390691876411438 0.10666729509830475 -0.6238134503364563
v -0.08491835743188858 0.10564371943473816 -0.6222034096717834
v -0.08094627410173416 0.10259412229061127 -0.6238134503364563
v -0.08491835743188858 0.10564371943473816 -0.6222034096717834
v -0.08222471177577972 0.10193409770727158 -0.6222034096717834
v -0.07938996702432632 0.09780630469322205 -0.6238134503364563
v -0.08094627410173416 0.10259412229061127 -0.6238134503364563
v -0.08222471177577972 0.10193409770727158 -0.6222034096717834
v -0.07938996702432632 0.09780630469322205 -0.6238134503364563
v -0.08222471177577972 0.10193409770727158 -0.6222034096717834
v -0.08080875128507614 0.09757352620363235 -0.6222034096717834
v -0.0793888121843338 0.09277099370956421 -0.6238134503364563
v -0.07938996702432632 0.09780630469322205 -0.6238134503364563
v -0.08080875128507614 0.09757352620363235 -0.6222034096717834
v -0.0793888121843338 0.09277099370956421 -0.6238134503364563
v -0.08080875128507614 0.09757352620363235 -0.6222034096717834
v -0.0808100551366806 0.09298821538686752 -0.6222034096717834
v -0.08094292134046555 0.08798245340585709 -0.6238134503364563
v -0.0793888121843338 0.09277099370956421 -0.6238134503364563
v -0.0808100551366806 0.09298821538686752 -0.6222034096717834
v -0.08094292134046555 0.08798245340585709 -0.6238134503364563
v -0.0808100551366806 0.09298821538686752 -0.6222034096717834
v -0.08222851157188416 0.08862844854593277 -0.6222034096717834
v -0.08390169590711594 0.08390891551971436 -0.6238134503364563
v -0.08094292134046555 0.08798245340585709 -0.6238134503364563
v -0.08222851157188416 0.08862844854593277 -0.6222034096717834
v -0.08390169590711594 0.08390891551971436 -0.6238134503364563
v -0.08222851157188416 0.08862844854593277 -0.6222034096717834
v -0.08492427319288254 0.08492036163806915 -0.6222034096717834
v -0.08797488361597061 0.08094827830791473 -0.6238134503364563
v -0.08390169590711594 0.08390891551971436 -0.6238134503364563
v -0.08492427319288254 0.08492036163806915 -0.6222034096717834
v -0.08797488361597061 0.08094827830791473 -0.6238134503364563
v -0.08492427319288254 0.08492036163806915 -0.6222034096717834
v -0.0886349007487297 0.0822267159819603 -0.6222034096717834
v -0.09276269376277924 0.0793909803032875 -0.6238134503364563
v -0.08797488361597061 0.08094827830791473 -0.6238134503364563
v -0.0886349007487297 0.0822267159819603 -0.6222034096717834
v -0.09276269376277924 0.0793909803032875 -0.6238134503364563
v -0.0886349007487297 0.0822267159819603 -0.6222034096717834
v -0.09299547225236893 0.08081076294183731 -0.6222034096717834
v -0.09779700636863708 0.07938982546329498 -0.6238134503364563
v -0.09276269376277924 0.0793909803032875 -0.6238134503364563
v -0.09299547225236893 0.08081076294183731 -0.6222034096717834
v -0.09779700636863708 0.07938982546329498 -0.6238134503364563
v -0.09299547225236893 0.08081076294183731 -0.6222034096717834
v -0.09757978469133377 0.08081206679344177 -0.6222034096717834
v -0.10258553922176361 0.08094492554664612 -0.6238134503364563
v -0.09779700636863708 0.07938982546329498 -0.6238134503364563
v -0.09757978469133377 0.08081206679344177 -0.6222034096717834
v -0.10258553922176361 0.08094492554664612 -0.6238134503364563
v -0.09757978469133377 0.08081206679344177 -0.6222034096717834
v -0.10193955153226852 0.08223050832748413 -0.6222034096717834
v -0.10666008293628693 0.08390368521213531 -0.6238134503364563
v -0.10258553922176361 0.08094492554664612 -0.6238134503364563
v -0.10193955153226852 0.08223050832748413 -0.6222034096717834
v -0.10666008293628693 0.08390368521213531 -0.6238134503364563
v -0.10193955153226852 0.08223050832748413 -0.6222034096717834
v -0.10564864426851273 0.08492627739906311 -0.6222034096717834
v -0.10962072014808655 0.0879758819937706 -0.6238134503364563
v -0.10666008293628693 0.08390368521213531 -0.6238134503364563
v -0.10564864426851273 0.08492627739906311 -0.6222034096717834
v -0.10962072014808655 0.0879758819937706 -0.6238134503364563
v -0.10564864426851273 0.08492627739906311 -0.6222034096717834
v -0.10834228247404099 0.08863590657711029 -0.6222034096717834
v -0.11117701977491379 0.0927647054195404 -0.6238134503364563
v -0.10962072014808655 0.0879758819937706 -0.6238134503364563
v -0.10834228247404099 0.08863590657711029 -0.6222034096717834
v -0.11117701977491379 0.0927647054195404 -0.6238134503364563
v -0.10834228247404099 0.08863590657711029 -0.6222034096717834
v -0.10975723713636398 0.09299648553133011 -0.6222034096717834
v -0.11117817461490631 0.09779901057481766 -0.6238134503364563
v -0.11117701977491379 0.0927647054195404 -0.6238134503364563
v -0.10975723713636398 0.09299648553133011 -0.6222034096717834
v -0.11117817461490631 0.09779901057481766 -0.6238134503364563
v -0.10975723713636398 0.09299648553133011 -0.6222034096717834
v -0.10975593328475952 0.09758178889751434 -0.6222034096717834
v -0.10962308198213577 0.10258754342794418 -0.6238134503364563
v -0.11117817461490631 0.09779901057481766 -0.6238134503364563
v -0.10975593328475952 0.09758178889751434 -0.6222034096717834
v -0.10962308198213577 0.10258754342794418 -0.6238134503364563
v -0.10975593328475952 0.09758178889751434 -0.6222034096717834
v -0.10833849757909775 0.1019415482878685 -0.6222034096717834
v -0.10666530579328537 0.1066620796918869 -0.6238134503364563
v -0.10962308198213577 0.10258754342794418 -0.6238134503364563
v -0.10833849757909775 0.1019415482878685 -0.6222034096717834
v -0.10666530579328537 0.1066620796918869 -0.6238134503364563
v -0.10833849757909775 0.1019415482878685 -0.6222034096717834
v -0.10564272105693817 0.10564964264631271 -0.6222034096717834
v -0.10667687654495239 0.10668633878231049 -0.6238800287246704
v -0.10668434202671051 0.10667887330055237 -0.6353780031204224
v -0.10964158922433853 0.10260702669620514 -0.6238800287246704
v -0.10668434202671051 0.10667887330055237 -0.6353780031204224
v -0.10964637249708176 0.10259763896465302 -0.6353780031204224
v -0.10964158922433853 0.10260702669620514 -0.6238800287246704
v -0.11120345443487167 0.09780141711235046 -0.6353780031204224
v -0.11120180040597916 0.09781183302402496 -0.6238800287246704
v -0.10964637249708176 0.10259763896465302 -0.6353780031204224
v -0.11120180040597916 0.09781183302402496 -0.6238800287246704
v -0.10964158922433853 0.10260702669620514 -0.6238800287246704
v -0.10964637249708176 0.10259763896465302 -0.6353780031204224
v -0.11120180785655975 0.09275918453931808 -0.6353780031204224
v -0.11120345443487167 0.09276959300041199 -0.6238800287246704
v -0.11120345443487167 0.09780141711235046 -0.6353780031204224
v -0.11120345443487167 0.09276959300041199 -0.6238800287246704
v -0.11120180040597916 0.09781183302402496 -0.6238800287246704
v -0.11120345443487167 0.09780141711235046 -0.6353780031204224
v -0.10964258015155792 0.08796297013759613 -0.6353780031204224
v -0.10964737087488174 0.08797236531972885 -0.6238800287246704
v -0.11120180785655975 0.09275918453931808 -0.6353780031204224
v -0.10964737087488174 0.08797236531972885 -0.6238800287246704
v -0.11120345443487167 0.09276959300041199 -0.6238800287246704
v -0.11120180785655975 0.09275918453931808 -0.6353780031204224
v -0.10667688399553299 0.08388465642929077 -0.6353780031204224
v -0.10668433457612991 0.0838921070098877 -0.6238800287246704
v -0.10964258015155792 0.08796297013759613 -0.6353780031204224
v -0.10668433457612991 0.0838921070098877 -0.6238800287246704
v -0.10964737087488174 0.08797236531972885 -0.6238800287246704
v -0.10964258015155792 0.08796297013759613 -0.6353780031204224
v -0.10259564220905304 0.08092163503170013 -0.6353780031204224
v -0.10260502994060516 0.08092641830444336 -0.6238800287246704
v -0.10667688399553299 0.08388465642929077 -0.6353780031204224
v -0.10260502994060516 0.08092641830444336 -0.6238800287246704
v -0.10668433457612991 0.0838921070098877 -0.6238800287246704
v -0.10667688399553299 0.08388465642929077 -0.6353780031204224
v -0.09779941290616989 0.07936454564332962 -0.6353780031204224
v -0.09780982881784439 0.07936619967222214 -0.6238800287246704
v -0.10259564220905304 0.08092163503170013 -0.6353780031204224
v -0.09780982881784439 0.07936619967222214 -0.6238800287246704
v -0.10260502994060516 0.08092641830444336 -0.6238800287246704
v -0.10259564220905304 0.08092163503170013 -0.6353780031204224
v -0.09275716543197632 0.07936619967222214 -0.6353780031204224
v -0.09276758134365082 0.07936454564332962 -0.6238800287246704
v -0.09779941290616989 0.07936454564332962 -0.6353780031204224
v -0.09276758134365082 0.07936454564332962 -0.6238800287246704
v -0.09780982881784439 0.07936619967222214 -0.6238800287246704
v -0.09779941290616989 0.07936454564332962 -0.6353780031204224
v -0.08796096593141556 0.08092641830444336 -0.6353780031204224
v -0.08797136694192886 0.08092162758111954 -0.6238800287246704
v -0.09275716543197632 0.07936619967222214 -0.6353780031204224
v -0.08797136694192886 0.08092162758111954 -0.6238800287246704
v -0.09276758134365082 0.07936454564332962 -0.6238800287246704
v -0.09275716543197632 0.07936619967222214 -0.6353780031204224
v -0.0838826596736908 0.08389211446046829 -0.6353780031204224
v -0.08389011770486832 0.08388465642929077 -0.6238800287246704
v -0.08796096593141556 0.08092641830444336 -0.6353780031204224
v -0.08389011770486832 0.08388465642929077 -0.6238800287246704
v -0.08797136694192886 0.08092162758111954 -0.6238800287246704
v -0.08796096593141556 0.08092641830444336 -0.6353780031204224
v -0.08091963082551956 0.08797236531972885 -0.6353780031204224
v -0.08092441409826279 0.08796297013759613 -0.6238800287246704
v -0.0838826596736908 0.08389211446046829 -0.6353780031204224
v -0.08092441409826279 0.08796297013759613 -0.6238800287246704
v -0.08389011770486832 0.08388465642929077 -0.6238800287246704
v -0.0838826596736908 0.08389211446046829 -0.6353780031204224
v -0.07936353981494904 0.0927685871720314 -0.6353780031204224
v -0.07936519384384155 0.0927581712603569 -0.6238800287246704
v -0.08091963082551956 0.08797236531972885 -0.6353780031204224
v -0.07936519384384155 0.0927581712603569 -0.6238800287246704
v -0.08092441409826279 0.08796297013759613 -0.6238800287246704
v -0.08091963082551956 0.08797236531972885 -0.6353780031204224
v -0.07936519384384155 0.09781183302402496 -0.6353780031204224
v -0.07936353981494904 0.09780141711235046 -0.6238800287246704
v -0.07936353981494904 0.0927685871720314 -0.6353780031204224
v -0.07936353981494904 0.09780141711235046 -0.6238800287246704
v -0.07936519384384155 0.0927581712603569 -0.6238800287246704
v -0.07936353981494904 0.0927685871720314 -0.6353780031204224
v -0.08092441409826279 0.10260703414678574 -0.6353780031204224
v -0.08091962337493896 0.10259763896465302 -0.6238800287246704
v -0.07936519384384155 0.09781183302402496 -0.6353780031204224
v -0.08091962337493896 0.10259763896465302 -0.6238800287246704
v -0.07936353981494904 0.09780141711235046 -0.6238800287246704
v -0.07936519384384155 0.09781183302402496 -0.6353780031204224
v -0.08389011770486832 0.10668633878231049 -0.6353780031204224
v -0.0838826596736908 0.10667888075113297 -0.6238800287246704
v -0.08092441409826279 0.10260703414678574 -0.6353780031204224
v -0.0838826596736908 0.10667888075113297 -0.6238800287246704
v -0.08091962337493896 0.10259763896465302 -0.6238800287246704
v -0.08092441409826279 0.10260703414678574 -0.6353780031204224
v -0.08797036111354828 0.10964837670326233 -0.6353780031204224
v -0.08796096593141556 0.10964358597993851 -0.6238800287246704
v -0.08389011770486832 0.10668633878231049 -0.6353780031204224
v -0.08796096593141556 0.10964358597993851 -0.6238800287246704
v -0.0838826596736908 0.10667888075113297 -0.6238800287246704
v -0.08389011770486832 0.10668633878231049 -0.6353780031204224
v -0.09276758134365082 0.11120545864105225 -0.6353780031204224
v -0.09275716543197632 0.11120380461215973 -0.6238800287246704
v -0.08797036111354828 0.10964837670326233 -0.6353780031204224
v -0.09275716543197632 0.11120380461215973 -0.6238800287246704
v -0.08796096593141556 0.10964358597993851 -0.6238800287246704
v -0.08797036111354828 0.10964837670326233 -0.6353780031204224
v -0.09780982881784439 0.11120380461215973 -0.6353780031204224
v -0.09779941290616989 0.11120545864105225 -0.6238800287246704
v -0.09276758134365082 0.11120545864105225 -0.6353780031204224
v -0.09779941290616989 0.11120545864105225 -0.6238800287246704
v -0.09275716543197632 0.11120380461215973 -0.6238800287246704
v -0.09276758134365082 0.11120545864105225 -0.6353780031204224
v -0.10260502249002457 0.1096435934305191 -0.6353780031204224
v -0.10259563475847244 0.10964836925268173 -0.6238800287246704
v -0.09780982881784439 0.11120380461215973 -0.6353780031204224
v -0.10259563475847244 0.10964836925268173 -0.6238800287246704
v -0.09779941290616989 0.11120545864105225 -0.6238800287246704
v -0.09780982881784439 0.11120380461215973 -0.6353780031204224
v -0.10668434202671051 0.10667887330055237 -0.6353780031204224
v -0.10667687654495239 0.10668633878231049 -0.6238800287246704
v -0.10260502249002457 0.1096435934305191 -0.6353780031204224
v -0.10667687654495239 0.10668633878231049 -0.6238800287246704
v -0.10259563475847244 0.10964836925268173 -0.6238800287246704
v -0.10260502249002457 0.1096435934305191 -0.6353780031204224
v -0.09528300166130066 -0.09525500237941742 -0.026484999805688858
v -0.1066100001335144 -0.10658200085163116 -0.026484999805688858
v -0.10255499929189682 -0.10952699929475784 -0.026484999805688858
v -0.09528300166130066 -0.09525500237941742 -0.026484999805688858
v -0.10255499929189682 -0.10952699929475784 -0.026484999805688858
v -0.09778899699449539 -0.1110759973526001 -0.026484999805688858
v -0.09528300166130066 -0.09525500237941742 -0.026484999805688858
v -0.09778899699449539 -0.1110759973526001 -0.026484999805688858
v -0.09277799725532532 -0.1110759973526001 -0.026484999805688858
v -0.09528300166130066 -0.09525500237941742 -0.026484999805688858
v -0.09277799725532532 -0.1110759973526001 -0.026484999805688858
v -0.0880109965801239 -0.10952699929475784 -0.026484999805688858
v -0.09528300166130066 -0.09525500237941742 -0.026484999805688858
v -0.0880109965801239 -0.10952699929475784 -0.026484999805688858
v -0.0839570015668869 -0.10658200085163116 -0.026484999805688858
v -0.09528300166130066 -0.09525500237941742 -0.026484999805688858
v -0.0839570015668869 -0.10658200085163116 -0.026484999805688858
v -0.08101099729537964 -0.10252700001001358 -0.026484999805688858
v -0.09528300166130066 -0.09525500237941742 -0.026484999805688858
v -0.08101099729537964 -0.10252700001001358 -0.026484999805688858
v -0.07946299761533737 -0.09776099771261215 -0.026484999805688858
v -0.09528300166130066 -0.09525500237941742 -0.026484999805688858
v -0.07946299761533737 -0.09776099771261215 -0.026484999805688858
v -0.07946299761533737 -0.09274999797344208 -0.026484999805688858
v -0.09528300166130066 -0.09525500237941742 -0.026484999805688858
v -0.07946299761533737 -0.09274999797344208 -0.026484999805688858
v -0.08101099729537964 -0.08798299729824066 -0.026484999805688858
v -0.09528300166130066 -0.09525500237941742 -0.026484999805688858
v -0.08101099729537964 -0.08798299729824066 -0.026484999805688858
v -0.0839570015668869 -0.08392900228500366 -0.026484999805688858
v -0.09528300166130066 -0.09525500237941742 -0.026484999805688858
v -0.0839570015668869 -0.08392900228500366 -0.026484999805688858
v -0.0880109965801239 -0.0809829980134964 -0.026484999805688858
v -0.09528300166130066 -0.09525500237941742 -0.026484999805688858
v -0.0880109965801239 -0.0809829980134964 -0.026484999805688858
v -0.09277799725532532 -0.07943499833345413 -0.026484999805688858
v -0.09528300166130066 -0.09525500237941742 -0.026484999805688858
v -0.09277799725532532 -0.07943499833345413 -0.026484999805688858
v -0.09778899699449539 -0.07943499833345413 -0.026484999805688858
v -0.09528300166130066 -0.09525500237941742 -0.026484999805688858
v -0.09778899699449539 -0.07943499833345413 -0.026484999805688858
v -0.10255499929189682 -0.0809829980134964 -0.026484999805688858
v -0.09528300166130066 -0.09525500237941742 -0.026484999805688858
v -0.10255499929189682 -0.0809829980134964 -0.026484999805688858
v -0.1066100001335144 -0.08392900228500366 -0.026484999805688858
v -0.09528300166130066 -0.09525500237941742 -0.026484999805688858
v -0.1066100001335144 -0.08392900228500366 -0.026484999805688858
v -0.10955499857664108 -0.08798299729824066 -0.026484999805688858
v -0.09528300166130066 -0.09525500237941742 -0.026484999805688858
v -0.10955499857664108 -0.08798299729824066 -0.026484999805688858
v -0.11110399663448334 -0.09274999797344208 -0.026484999805688858
v -0.09528300166130066 -0.09525500237941742 -0.026484999805688858
v -0.11110399663448334 -0.09274999797344208 -0.026484999805688858
v -0.11110399663448334 -0.09776099771261215 -0.026484999805688858
v -0.09528300166130066 -0.09525500237941742 -0.026484999805688858
v -0.11110399663448334 -0.09776099771261215 -0.026484999805688858
v -0.10955499857664108 -0.10252700001001358 -0.026484999805688858
v -0.10955499857664108 -0.10252700001001358 -0.026484999805688858
v -0.1066100001335144 -0.10658200085163116 -0.026484999805688858
v -0.09528300166130066 -0.09525500237941742 -0.026484999805688858
v -0.09528300166130066 -0.09525500237941742 -0.03979400172829628
v -0.1055930033326149 -0.10556499660015106 -0.03979400172829628
v -0.10827399790287018 -0.10187400132417679 -0.03979400172829628
v -0.09528300166130066 -0.09525500237941742 -0.03979400172829628
v -0.10827399790287018 -0.10187400132417679 -0.03979400172829628
v -0.10968299955129623 -0.09753599762916565 -0.03979400172829628
v -0.09528300166130066 -0.09525500237941742 -0.03979400172829628
v -0.10968299955129623 -0.09753599762916565 -0.03979400172829628
v -0.10968299955129623 -0.09297499805688858 -0.03979400172829628
v -0.09528300166130066 -0.09525500237941742 -0.03979400172829628
v -0.10968299955129623 -0.09297499805688858 -0.03979400172829628
v -0.10827399790287018 -0.08863600343465805 -0.03979400172829628
v -0.09528300166130066 -0.09525500237941742 -0.03979400172829628
v -0.10827399790287018 -0.08863600343465805 -0.03979400172829628
v -0.1055930033326149 -0.08494599908590317 -0.03979400172829628
v -0.09528300166130066 -0.09525500237941742 -0.03979400172829628
v -0.1055930033326149 -0.08494599908590317 -0.03979400172829628
v -0.10190200060606003 -0.08226499706506729 -0.03979400172829628
v -0.09528300166130066 -0.09525500237941742 -0.03979400172829628
v -0.10190200060606003 -0.08226499706506729 -0.03979400172829628
v -0.09756399691104889 -0.08085499703884125 -0.03979400172829628
v -0.09528300166130066 -0.09525500237941742 -0.03979400172829628
v -0.09756399691104889 -0.08085499703884125 -0.03979400172829628
v -0.09300299733877182 -0.08085499703884125 -0.03979400172829628
v -0.09528300166130066 -0.09525500237941742 -0.03979400172829628
v -0.09300299733877182 -0.08085499703884125 -0.03979400172829628
v -0.08866500109434128 -0.08226499706506729 -0.03979400172829628
v -0.09528300166130066 -0.09525500237941742 -0.03979400172829628
v -0.08866500109434128 -0.08226499706506729 -0.03979400172829628
v -0.08497399836778641 -0.08494599908590317 -0.03979400172829628
v -0.09528300166130066 -0.09525500237941742 -0.03979400172829628
v -0.08497399836778641 -0.08494599908590317 -0.03979400172829628
v -0.08229299634695053 -0.08863600343465805 -0.03979400172829628
v -0.09528300166130066 -0.09525500237941742 -0.03979400172829628
v -0.08229299634695053 -0.08863600343465805 -0.03979400172829628
v -0.08088299632072449 -0.09297499805688858 -0.03979400172829628
v -0.09528300166130066 -0.09525500237941742 -0.03979400172829628
v -0.08088299632072449 -0.09297499805688858 -0.03979400172829628
v -0.08088299632072449 -0.09753599762916565 -0.03979400172829628
v -0.09528300166130066 -0.09525500237941742 -0.03979400172829628
v -0.08088299632072449 -0.09753599762916565 -0.03979400172829628
v -0.08229299634695053 -0.10187400132417679 -0.03979400172829628
v -0.09528300166130066 -0.09525500237941742 -0.03979400172829628
v -0.08229299634695053 -0.10187400132417679 -0.03979400172829628
v -0.08497399836778641 -0.10556499660015106 -0.03979400172829628
v -0.09528300166130066 -0.09525500237941742 -0.03979400172829628
v -0.08497399836778641 -0.10556499660015106 -0.03979400172829628
v -0.08866400271654129 -0.10824599862098694 -0.03979400172829628
v -0.09528300166130066 -0.09525500237941742 -0.03979400172829628
v -0.08866400271654129 -0.10824599862098694 -0.03979400172829628
v -0.09300299733877182 -0.109655000269413 -0.03979400172829628
v -0.09528300166130066 -0.09525500237941742 -0.03979400172829628
v -0.09300299733877182 -0.109655000269413 -0.03979400172829628
v -0.09756399691104889 -0.109655000269413 -0.03979400172829628
v -0.09528300166130066 -0.09525500237941742 -0.03979400172829628
v -0.09756399691104889 -0.109655000269413 -0.03979400172829628
v -0.10190200060606003 -0.10824599862098694 -0.03979400172829628
v -0.09528300166130066 -0.09525500237941742 -0.03979400172829628
v -0.10190200060606003 -0.10824599862098694 -0.03979400172829628
v -0.1055930033326149 -0.10556499660015106 -0.03979400172829628
v -0.10259213298559189 -0.1095917597413063 -0.03814953565597534
v -0.10666533559560776 -0.10663210600614548 -0.03814953938126564
v -0.10564275085926056 -0.10562066733837128 -0.0397605262696743
v -0.10259213298559189 -0.1095917597413063 -0.03814953565597534
v -0.10564275085926056 -0.10562066733837128 -0.0397605262696743
v -0.1019321084022522 -0.10831432044506073 -0.0397605262696743
v -0.09780430793762207 -0.11114905029535294 -0.03814954683184624
v -0.10259213298559189 -0.1095917597413063 -0.03814953565597534
v -0.1019321084022522 -0.10831432044506073 -0.0397605262696743
v -0.09780430793762207 -0.11114905029535294 -0.03814954683184624
v -0.1019321084022522 -0.10831432044506073 -0.0397605262696743
v -0.09757152199745178 -0.10972926765680313 -0.039760541170835495
v -0.09276998043060303 -0.11115019768476486 -0.038149554282426834
v -0.09780430793762207 -0.11114905029535294 -0.03814954683184624
v -0.09757152199745178 -0.10972926765680313 -0.039760541170835495
v -0.09276998043060303 -0.11115019768476486 -0.038149554282426834
v -0.09757152199745178 -0.10972926765680313 -0.039760541170835495
v -0.09298720210790634 -0.10972796380519867 -0.0397605337202549
v -0.08798044174909592 -0.10959510505199432 -0.03814953938126564
v -0.09276998043060303 -0.11115019768476486 -0.038149554282426834
v -0.09298720210790634 -0.10972796380519867 -0.0397605337202549
v -0.08798044174909592 -0.10959510505199432 -0.03814953938126564
v -0.09298720210790634 -0.10972796380519867 -0.0397605337202549
v -0.0886264368891716 -0.1083105206489563 -0.039760522544384
v -0.08390689641237259 -0.10663732886314392 -0.03814953938126564
v -0.08798044174909592 -0.10959510505199432 -0.03814953938126564
v -0.0886264368891716 -0.1083105206489563 -0.039760522544384
v -0.08390689641237259 -0.10663732886314392 -0.03814953938126564
v -0.0886264368891716 -0.1083105206489563 -0.039760522544384
v -0.08491832762956619 -0.10561473667621613 -0.0397605337202549
v -0.08094624429941177 -0.10256413370370865 -0.03814954310655594
v -0.08390689641237259 -0.10663732886314392 -0.03814953938126564
v -0.08491832762956619 -0.10561473667621613 -0.0397605337202549
v -0.08094624429941177 -0.10256413370370865 -0.03814954310655594
v -0.08491832762956619 -0.10561473667621613 -0.0397605337202549
v -0.08222468197345734 -0.10190410912036896 -0.0397605337202549
v -0.07938994467258453 -0.09777630865573883 -0.03814954310655594
v -0.08094624429941177 -0.10256413370370865 -0.03814954310655594
v -0.08222468197345734 -0.10190410912036896 -0.0397605337202549
v -0.07938994467258453 -0.09777630865573883 -0.03814954310655594
v -0.08222468197345734 -0.10190410912036896 -0.0397605337202549
v -0.08080872148275375 -0.09754352271556854 -0.0397605299949646
v -0.07938878238201141 -0.09274198114871979 -0.03814954310655594
v -0.07938994467258453 -0.09777630865573883 -0.03814954310655594
v -0.08080872148275375 -0.09754352271556854 -0.0397605299949646
v -0.07938878238201141 -0.09274198114871979 -0.03814954310655594
v -0.08080872148275375 -0.09754352271556854 -0.0397605299949646
v -0.08081003278493881 -0.0929592028260231 -0.0397605337202549
v -0.08094289898872375 -0.08795244246721268 -0.03814954683184624
v -0.07938878238201141 -0.09274198114871979 -0.03814954310655594
v -0.08081003278493881 -0.0929592028260231 -0.0397605337202549
v -0.08094289898872375 -0.08795244246721268 -0.03814954683184624
v -0.08081003278493881 -0.0929592028260231 -0.0397605337202549
v -0.08222848922014236 -0.08859843760728836 -0.0397605374455452
v -0.08390167355537415 -0.08387889713048935 -0.03814954683184624
v -0.08094289898872375 -0.08795244246721268 -0.03814954683184624
v -0.08222848922014236 -0.08859843760728836 -0.0397605374455452
v -0.08390167355537415 -0.08387889713048935 -0.03814954683184624
v -0.08222848922014236 -0.08859843760728836 -0.0397605374455452
v -0.08492425829172134 -0.08489033579826355 -0.0397605374455452
v -0.08797486871480942 -0.08091825246810913 -0.03814954683184624
v -0.08390167355537415 -0.08387889713048935 -0.03814954683184624
v -0.08492425829172134 -0.08489033579826355 -0.0397605374455452
v -0.08797486871480942 -0.08091825246810913 -0.03814954683184624
v -0.08492425829172134 -0.08489033579826355 -0.0397605374455452
v -0.08863489329814911 -0.0821966826915741 -0.0397605337202549
v -0.09276268631219864 -0.0793619453907013 -0.03814954310655594
v -0.08797486871480942 -0.08091825246810913 -0.03814954683184624
v -0.08863489329814911 -0.0821966826915741 -0.0397605337202549
v -0.09276268631219864 -0.0793619453907013 -0.03814954310655594
v -0.08863489329814911 -0.0821966826915741 -0.0397605337202549
v -0.09299547225236893 -0.08078072220087051 -0.0397605337202549
v -0.09779701381921768 -0.07936078310012817 -0.03814954310655594
v -0.09276268631219864 -0.0793619453907013 -0.03814954310655594
v -0.09299547225236893 -0.08078072220087051 -0.0397605337202549
v -0.09779701381921768 -0.07936078310012817 -0.03814954310655594
v -0.09299547225236893 -0.08078072220087051 -0.0397605337202549
v -0.09757979214191437 -0.08078203350305557 -0.0397605337202549
v -0.1025855541229248 -0.08091489970684052 -0.03814954683184624
v -0.09779701381921768 -0.07936078310012817 -0.03814954310655594
v -0.09757979214191437 -0.08078203350305557 -0.0397605337202549
v -0.1025855541229248 -0.08091489970684052 -0.03814954683184624
v -0.09757979214191437 -0.08078203350305557 -0.0397605337202549
v -0.10193956643342972 -0.08220048248767853 -0.0397605337202549
v -0.10666009783744812 -0.0838736742734909 -0.03814954683184624
v -0.1025855541229248 -0.08091489970684052 -0.03814954683184624
v -0.10193956643342972 -0.08220048248767853 -0.0397605337202549
v -0.10666009783744812 -0.0838736742734909 -0.03814954683184624
v -0.10193956643342972 -0.08220048248767853 -0.0397605337202549
v -0.10564866662025452 -0.08489625155925751 -0.0397605374455452
v -0.10962074249982834 -0.0879458636045456 -0.038149550557136536
v -0.10666009783744812 -0.0838736742734909 -0.03814954683184624
v -0.10564866662025452 -0.08489625155925751 -0.0397605374455452
v -0.10962074249982834 -0.0879458636045456 -0.038149550557136536
v -0.10564866662025452 -0.08489625155925751 -0.0397605374455452
v -0.10834230482578278 -0.08860590308904648 -0.039760541170835495
v -0.11117704957723618 -0.092734694480896 -0.038149554282426834
v -0.10962074249982834 -0.0879458636045456 -0.038149550557136536
v -0.10834230482578278 -0.08860590308904648 -0.039760541170835495
v -0.11117704957723618 -0.092734694480896 -0.038149554282426834
v -0.10834230482578278 -0.08860590308904648 -0.039760541170835495
v -0.10975726693868637 -0.09296747297048569 -0.039760541170835495
v -0.1111781969666481 -0.09776901453733444 -0.038149554282426834
v -0.11117704957723618 -0.092734694480896 -0.038149554282426834
v -0.10975726693868637 -0.09296747297048569 -0.039760541170835495
v -0.1111781969666481 -0.09776901453733444 -0.038149554282426834
v -0.10975726693868637 -0.09296747297048569 -0.039760541170835495
v -0.10975596308708191 -0.09755179286003113 -0.0397605337202549
v -0.10962310433387756 -0.10255755484104156 -0.03814953938126564
v -0.1111781969666481 -0.09776901453733444 -0.038149554282426834
v -0.10975596308708191 -0.09755179286003113 -0.0397605337202549
v -0.10962310433387756 -0.10255755484104156 -0.03814953938126564
v -0.10975596308708191 -0.09755179286003113 -0.0397605337202549
v -0.10833851993083954 -0.10191156715154648 -0.039760522544384
v -0.10666533559560776 -0.10663210600614548 -0.03814953938126564
v -0.10962310433387756 -0.10255755484104156 -0.03814953938126564
v -0.10833851993083954 -0.10191156715154648 -0.039760522544384
v -0.10666533559560776 -0.10663210600614548 -0.03814953938126564
v -0.10833851993083954 -0.10191156715154648 -0.039760522544384
v -0.10564275085926056 -0.10562066733837128 -0.0397605262696743
v -0.10667687654495239 -0.10665634274482727 -0.038082998245954514
v -0.10668434202671051 -0.10664887726306915 -0.02658499963581562
v -0.10964158922433853 -0.10257702320814133 -0.038082998245954514
v -0.10668434202671051 -0.10664887726306915 -0.02658499963581562
v -0.10964636504650116 -0.1025676354765892 -0.02658499963581562
v -0.10964158922433853 -0.10257702320814133 -0.038082998245954514
v -0.11120345443487167 -0.09777141362428665 -0.02658499963581562
v -0.11120180040597916 -0.09778182953596115 -0.038082998245954514
v -0.10964636504650116 -0.1025676354765892 -0.02658499963581562
v -0.11120180040597916 -0.09778182953596115 -0.038082998245954514
v -0.10964158922433853 -0.10257702320814133 -0.038082998245954514
v -0.10964636504650116 -0.1025676354765892 -0.02658499963581562
v -0.11120180040597916 -0.09272917360067368 -0.02658499963581562
v -0.11120345443487167 -0.09273958951234818 -0.038082998245954514
v -0.11120345443487167 -0.09777141362428665 -0.02658499963581562
v -0.11120345443487167 -0.09273958951234818 -0.038082998245954514
v -0.11120180040597916 -0.09778182953596115 -0.038082998245954514
v -0.11120345443487167 -0.09777141362428665 -0.02658499963581562
v -0.10964158177375793 -0.08793296664953232 -0.02658499963581562
v -0.10964737087488174 -0.08794236183166504 -0.038082998245954514
v -0.11120180040597916 -0.09272917360067368 -0.02658499963581562
v -0.10964737087488174 -0.08794236183166504 -0.038082998245954514
v -0.11120345443487167 -0.09273958951234818 -0.038082998245954514
v -0.11120180040597916 -0.09272917360067368 -0.02658499963581562
v -0.10667688399553299 -0.08385466039180756 -0.02658499963581562
v -0.10668434202671051 -0.08386211842298508 -0.038082998245954514
v -0.10964158177375793 -0.08793296664953232 -0.02658499963581562
v -0.10668434202671051 -0.08386211842298508 -0.038082998245954514
v -0.10964737087488174 -0.08794236183166504 -0.038082998245954514
v -0.10964158177375793 -0.08793296664953232 -0.02658499963581562
v -0.10259563475847244 -0.08089163154363632 -0.02658499963581562
v -0.10260502994060516 -0.08089641481637955 -0.038082998245954514
v -0.10667688399553299 -0.08385466039180756 -0.02658499963581562
v -0.10260502994060516 -0.08089641481637955 -0.038082998245954514
v -0.10668434202671051 -0.08386211842298508 -0.038082998245954514
v -0.10667688399553299 -0.08385466039180756 -0.02658499963581562
v -0.09779941290616989 -0.0793355405330658 -0.02658499963581562
v -0.09780982881784439 -0.07933719456195831 -0.038082998245954514
v -0.10259563475847244 -0.08089163154363632 -0.02658499963581562
v -0.09780982881784439 -0.07933719456195831 -0.038082998245954514
v -0.10260502994060516 -0.08089641481637955 -0.038082998245954514
v -0.10259563475847244 -0.08089163154363632 -0.02658499963581562
v -0.09275716543197632 -0.07933719456195831 -0.02658499963581562
v -0.09276758134365082 -0.0793355405330658 -0.038082998245954514
v -0.09779941290616989 -0.0793355405330658 -0.02658499963581562
v -0.09276758134365082 -0.0793355405330658 -0.038082998245954514
v -0.09780982881784439 -0.07933719456195831 -0.038082998245954514
v -0.09779941290616989 -0.0793355405330658 -0.02658499963581562
v -0.08796096593141556 -0.08089641481637955 -0.02658499963581562
v -0.08797136694192886 -0.08089162409305573 -0.038082998245954514
v -0.09275716543197632 -0.07933719456195831 -0.02658499963581562
v -0.08797136694192886 -0.08089162409305573 -0.038082998245954514
v -0.09276758134365082 -0.0793355405330658 -0.038082998245954514
v -0.09275716543197632 -0.07933719456195831 -0.02658499963581562
v -0.0838826596736908 -0.08386211842298508 -0.02658499963581562
v -0.08389011770486832 -0.08385466039180756 -0.038082998245954514
v -0.08796096593141556 -0.08089641481637955 -0.02658499963581562
v -0.08389011770486832 -0.08385466039180756 -0.038082998245954514
v -0.08797136694192886 -0.08089162409305573 -0.038082998245954514
v -0.08796096593141556 -0.08089641481637955 -0.02658499963581562
v -0.08091962337493896 -0.08794236183166504 -0.02658499963581562
v -0.08092441409826279 -0.08793296664953232 -0.038082998245954514
v -0.0838826596736908 -0.08386211842298508 -0.02658499963581562
v -0.08092441409826279 -0.08793296664953232 -0.038082998245954514
v -0.08389011770486832 -0.08385466039180756 -0.038082998245954514
v -0.0838826596736908 -0.08386211842298508 -0.02658499963581562
v -0.07936353981494904 -0.09273958206176758 -0.02658499963581562
v -0.07936519384384155 -0.09272916615009308 -0.038082998245954514
v -0.08091962337493896 -0.08794236183166504 -0.02658499963581562
v -0.07936519384384155 -0.09272916615009308 -0.038082998245954514
v -0.08092441409826279 -0.08793296664953232 -0.038082998245954514
v -0.08091962337493896 -0.08794236183166504 -0.02658499963581562
v -0.07936519384384155 -0.09778182953596115 -0.02658499963581562
v -0.07936353981494904 -0.09777141362428665 -0.038082998245954514
v -0.07936353981494904 -0.09273958206176758 -0.02658499963581562
v -0.07936353981494904 -0.09777141362428665 -0.038082998245954514
v -0.07936519384384155 -0.09272916615009308 -0.038082998245954514
v -0.07936353981494904 -0.09273958206176758 -0.02658499963581562
v -0.08092441409826279 -0.10257703065872192 -0.02658499963581562
v -0.08091962337493896 -0.1025676354765892 -0.038082998245954514
v -0.07936519384384155 -0.09778182953596115 -0.02658499963581562
v -0.08091962337493896 -0.1025676354765892 -0.038082998245954514
v -0.07936353981494904 -0.09777141362428665 -0.038082998245954514
v -0.07936519384384155 -0.09778182953596115 -0.02658499963581562
v -0.08389011770486832 -0.10665634274482727 -0.02658499963581562
v -0.0838826596736908 -0.10664888471364975 -0.038082998245954514
v -0.08092441409826279 -0.10257703065872192 -0.02658499963581562
v -0.0838826596736908 -0.10664888471364975 -0.038082998245954514
v -0.08091962337493896 -0.1025676354765892 -0.038082998245954514
v -0.08092441409826279 -0.10257703065872192 -0.02658499963581562
v -0.08797036111354828 -0.10961837321519852 -0.02658499963581562
v -0.08796096593141556 -0.1096135824918747 -0.038082998245954514
v -0.08389011770486832 -0.10665634274482727 -0.02658499963581562
v -0.08796096593141556 -0.1096135824918747 -0.038082998245954514
v -0.0838826596736908 -0.10664888471364975 -0.038082998245954514
v -0.08389011770486832 -0.10665634274482727 -0.02658499963581562
v -0.09276758134365082 -0.11117545515298843 -0.02658499963581562
v -0.09275716543197632 -0.11117380112409592 -0.038082998245954514
v -0.08797036111354828 -0.10961837321519852 -0.02658499963581562
v -0.09275716543197632 -0.11117380112409592 -0.038082998245954514
v -0.08796096593141556 -0.1096135824918747 -0.038082998245954514
v -0.08797036111354828 -0.10961837321519852 -0.02658499963581562
v -0.09780982881784439 -0.11117380112409592 -0.02658499963581562
v -0.09779941290616989 -0.11117545515298843 -0.038082998245954514
v -0.09276758134365082 -0.11117545515298843 -0.02658499963581562
v -0.09779941290616989 -0.11117545515298843 -0.038082998245954514
v -0.09275716543197632 -0.11117380112409592 -0.038082998245954514
v -0.09276758134365082 -0.11117545515298843 -0.02658499963581562
v -0.10260502249002457 -0.10961358994245529 -0.02658499963581562
v -0.10259563475847244 -0.10961837321519852 -0.038082998245954514
v -0.09780982881784439 -0.11117380112409592 -0.02658499963581562
v -0.10259563475847244 -0.10961837321519852 -0.038082998245954514
v -0.09779941290616989 -0.11117545515298843 -0.038082998245954514
v -0.09780982881784439 -0.11117380112409592 -0.02658499963581562
v -0.10668434202671051 -0.10664887726306915 -0.02658499963581562
v -0.10667687654495239 -0.10665634274482727 -0.038082998245954514
v -0.10260502249002457 -0.10961358994245529 -0.02658499963581562
v -0.10667687654495239 -0.10665634274482727 -0.038082998245954514
v -0.10259563475847244 -0.10961837321519852 -0.038082998245954514
v -0.10260502249002457 -0.10961358994245529 -0.02658499963581562
vt 0.23684200644493103 0.7108479738235474
vt 0.40640199184417725 0.880407989025116
vt 0.3457059860229492 0.9245060086250305
vt 0.23684200644493103 0.7108479738235474
vt 0.3457059860229492 0.9245060086250305
vt 0.2743540108203888 0.9476900100708008
vt 0.23684200644493103 0.7108479738235474
vt 0.2743540108203888 0.9476900100708008
vt 0.19933000206947327 0.9476900100708008
vt 0.23684200644493103 0.7108479738235474
vt 0.19933000206947327 0.9476900100708008
vt 0.12797799706459045 0.9245060086250305
vt 0.23684200644493103 0.7108479738235474
vt 0.12797799706459045 0.9245060086250305
vt 0.06728199869394302 0.880407989025116
vt 0.23684200644493103 0.7108479738235474
vt 0.06728199869394302 0.880407989025116
vt 0.023183999583125114 0.8197129964828491
vt 0.23684200644493103 0.7108479738235474
vt 0.023183999583125114 0.8197129964828491
vt 0 0.7483609914779663
vt 0.23684200644493103 0.7108479738235474
vt 0 0.7483609914779663
vt 0 0.6733360290527344
vt 0.23684200644493103 0.7108479738235474
vt 0 0.6733360290527344
vt 0.023183999583125114 0.6019840240478516
vt 0.23684200644493103 0.7108479738235474
vt 0.023183999583125114 0.6019840240478516
vt 0.06728199869394302 0.5412880182266235
vt 0.23684200644493103 0.7108479738235474
vt 0.06728199869394302 0.5412880182266235
vt 0.12797799706459045 0.497189998626709
vt 0.23684200644493103 0.7108479738235474
vt 0.12797799706459045 0.497189998626709
vt 0.19933000206947327 0.4740059971809387
vt 0.23684200644493103 0.7108479738235474
vt 0.19933000206947327 0.4740059971809387
vt 0.2743540108203888 0.4740059971809387
vt 0.23684200644493103 0.7108479738235474
vt 0.2743540108203888 0.4740059971809387
vt 0.3457059860229492 0.497189998626709
vt 0.23684200644493103 0.7108479738235474
vt 0.3457059860229492 0.497189998626709
vt 0.40640199184417725 0.5412880182266235
vt 0.23684200644493103 0.7108479738235474
vt 0.40640199184417725 0.5412880182266235
vt 0.4505000114440918 0.6019840240478516
vt 0.23684200644493103 0.7108479738235474
vt 0.4505000114440918 0.6019840240478516
vt 0.47368401288986206 0.6733369827270508
vt 0.23684200644493103 0.7108479738235474
vt 0.47368401288986206 0.6733369827270508
vt 0.47368401288986206 0.7483609914779663
vt 0.23684200644493103 0.7108479738235474
vt 0.47368401288986206 0.7483609914779663
vt 0.4505000114440918 0.8197129964828491
vt 0.4505000114440918 0.8197129964828491
vt 0.40640199184417725 0.880407989025116
vt 0.23684200644493103 0.7108479738235474
vt 0.23648299276828766 0.23725099861621857
vt 0.42707499861717224 0.14010900259017944
vt 0.44792500138282776 0.20403200387954712
vt 0.23648299276828766 0.23725099861621857
vt 0.44792500138282776 0.20403200387954712
vt 0.44774800539016724 0.2710709869861603
vt 0.23648299276828766 0.23725099861621857
vt 0.44774800539016724 0.2710709869861603
vt 0.426831990480423 0.3346630036830902
vt 0.23648299276828766 0.23725099861621857
vt 0.426831990480423 0.3346630036830902
vt 0.38731199502944946 0.38861799240112305
vt 0.23648299276828766 0.23725099861621857
vt 0.38731199502944946 0.38861799240112305
vt 0.3330959975719452 0.4276899993419647
vt 0.23648299276828766 0.23725099861621857
vt 0.3330959975719452 0.4276899993419647
vt 0.26951101422309875 0.44808700680732727
vt 0.23648299276828766 0.23725099861621857
vt 0.26951101422309875 0.44808700680732727
vt 0.20279300212860107 0.44786199927330017
vt 0.23648299276828766 0.23725099861621857
vt 0.20279300212860107 0.44786199927330017
vt 0.13946500420570374 0.42712798714637756
vt 0.23648299276828766 0.23725099861621857
vt 0.13946500420570374 0.42712798714637756
vt 0.08563999831676483 0.3881149888038635
vt 0.23648299276828766 0.23725099861621857
vt 0.08563999831676483 0.3881149888038635
vt 0.04664799943566322 0.33423298597335815
vt 0.23648299276828766 0.23725099861621857
vt 0.04664799943566322 0.33423298597335815
vt 0.02606699988245964 0.27069300413131714
vt 0.23648299276828766 0.23725099861621857
vt 0.02606699988245964 0.27069300413131714
vt 0.025676999241113663 0.2040019929409027
vt 0.23648299276828766 0.23725099861621857
vt 0.025676999241113663 0.2040019929409027
vt 0.04623899981379509 0.14068900048732758
vt 0.23648299276828766 0.23725099861621857
vt 0.04623899981379509 0.14068900048732758
vt 0.08528699725866318 0.08661899715662003
vt 0.23648299276828766 0.23725099861621857
vt 0.08528699725866318 0.08661899715662003
vt 0.13915599882602692 0.04717100039124489
vt 0.23648299276828766 0.23725099861621857
vt 0.13915599882602692 0.04717100039124489
vt 0.2026270031929016 0.026264000684022903
vt 0.23648299276828766 0.23725099861621857
vt 0.2026270031929016 0.026264000684022903
vt 0.26950499415397644 0.02599100023508072
vt 0.23648299276828766 0.23725099861621857
vt 0.26950499415397644 0.02599100023508072
vt 0.3332509994506836 0.04643100127577782
vt 0.23648299276828766 0.23725099861621857
vt 0.3332509994506836 0.04643100127577782
vt 0.38760098814964294 0.08567799627780914
vt 0.23648299276828766 0.23725099861621857
vt 0.38760098814964294 0.08567799627780914
vt 0.42707499861717224 0.14010900259017944
vt 0.40615200996398926 0.06688100099563599
vt 0.4508270025253296 0.12800300121307373
vt 0.42707499861717224 0.14010900259017944
vt 0.40615200996398926 0.06688100099563599
vt 0.42707499861717224 0.14010900259017944
vt 0.38760098814964294 0.08567799627780914
vt 0.34500598907470703 0.022880999371409416
vt 0.40615200996398926 0.06688100099563599
vt 0.38760098814964294 0.08567799627780914
vt 0.34500598907470703 0.022880999371409416
vt 0.38760098814964294 0.08567799627780914
vt 0.3332509994506836 0.04643100127577782
vt 0.273391991853714 0
vt 0.34500598907470703 0.022880999371409416
vt 0.3332509994506836 0.04643100127577782
vt 0.273391991853714 0
vt 0.3332509994506836 0.04643100127577782
vt 0.26950499415397644 0.02599100023508072
vt 0.198294997215271 0.0003699999942909926
vt 0.273391991853714 0
vt 0.26950499415397644 0.02599100023508072
vt 0.198294997215271 0.0003699999942909926
vt 0.26950499415397644 0.02599100023508072
vt 0.2026270031929016 0.026264000684022903
vt 0.1270499974489212 0.02390200085937977
vt 0.198294997215271 0.0003699999942909926
vt 0.2026270031929016 0.026264000684022903
vt 0.1270499974489212 0.02390200085937977
vt 0.2026270031929016 0.026264000684022903
vt 0.13915599882602692 0.04717100039124489
vt 0.06661500036716461 0.06824400275945663
vt 0.1270499974489212 0.02390200085937977
vt 0.13915599882602692 0.04717100039124489
vt 0.06661500036716461 0.06824400275945663
vt 0.13915599882602692 0.04717100039124489
vt 0.08528699725866318 0.08661899715662003
vt 0.022874999791383743 0.1289750039577484
vt 0.06661500036716461 0.06824400275945663
vt 0.08528699725866318 0.08661899715662003
vt 0.022874999791383743 0.1289750039577484
vt 0.08528699725866318 0.08661899715662003
vt 0.04623899981379509 0.14068900048732758
vt 0 0.19998499751091003
vt 0.022874999791383743 0.1289750039577484
vt 0.04623899981379509 0.14068900048732758
vt 0 0.19998499751091003
vt 0.04623899981379509 0.14068900048732758
vt 0.025676999241113663 0.2040019929409027
vt 0 0.27487701177597046
vt 0 0.19998499751091003
vt 0.025676999241113663 0.2040019929409027
vt 0 0.27487701177597046
vt 0.025676999241113663 0.2040019929409027
vt 0.02606699988245964 0.27069300413131714
vt 0.0233910009264946 0.34621700644493103
vt 0 0.27487701177597046
vt 0.02606699988245964 0.27069300413131714
vt 0.0233910009264946 0.34621700644493103
vt 0.02606699988245964 0.27069300413131714
vt 0.04664799943566322 0.33423298597335815
vt 0.06731799989938736 0.40643399953842163
vt 0.0233910009264946 0.34621700644493103
vt 0.04664799943566322 0.33423298597335815
vt 0.06731799989938736 0.40643399953842163
vt 0.04664799943566322 0.33423298597335815
vt 0.08563999831676483 0.3881149888038635
vt 0.12748299539089203 0.4503139853477478
vt 0.06731799989938736 0.40643399953842163
vt 0.08563999831676483 0.3881149888038635
vt 0.12748299539089203 0.4503139853477478
vt 0.08563999831676483 0.3881149888038635
vt 0.13946500420570374 0.42712798714637756
vt 0.19850300252437592 0.4736810028553009
vt 0.12748299539089203 0.4503139853477478
vt 0.13946500420570374 0.42712798714637756
vt 0.19850300252437592 0.4736810028553009
vt 0.13946500420570374 0.42712798714637756
vt 0.20279300212860107 0.44786199927330017
vt 0.2734000086784363 0.4740059971809387
vt 0.19850300252437592 0.4736810028553009
vt 0.20279300212860107 0.44786199927330017
vt 0.2734000086784363 0.4740059971809387
vt 0.20279300212860107 0.44786199927330017
vt 0.26951101422309875 0.44808700680732727
vt 0.34481000900268555 0.45116299390792847
vt 0.2734000086784363 0.4740059971809387
vt 0.26951101422309875 0.44808700680732727
vt 0.34481000900268555 0.45116299390792847
vt 0.26951101422309875 0.44808700680732727
vt 0.3330959975719452 0.4276899993419647
vt 0.4057199954986572 0.40733999013900757
vt 0.34481000900268555 0.45116299390792847
vt 0.3330959975719452 0.4276899993419647
vt 0.4057199954986572 0.40733999013900757
vt 0.3330959975719452 0.4276899993419647
vt 0.38731199502944946 0.38861799240112305
vt 0.45014700293540955 0.34678998589515686
vt 0.4057199954986572 0.40733999013900757
vt 0.38731199502944946 0.38861799240112305
vt 0.45014700293540955 0.34678998589515686
vt 0.38731199502944946 0.38861799240112305
vt 0.426831990480423 0.3346630036830902
vt 0.4737110137939453 0.27539700269699097
vt 0.45014700293540955 0.34678998589515686
vt 0.426831990480423 0.3346630036830902
vt 0.4737110137939453 0.27539700269699097
vt 0.426831990480423 0.3346630036830902
vt 0.44774800539016724 0.2710709869861603
vt 0.47403499484062195 0.2000660002231598
vt 0.4737110137939453 0.27539700269699097
vt 0.44774800539016724 0.2710709869861603
vt 0.47403499484062195 0.2000660002231598
vt 0.44774800539016724 0.2710709869861603
vt 0.44792500138282776 0.20403200387954712
vt 0.4508270025253296 0.12800300121307373
vt 0.47403499484062195 0.2000660002231598
vt 0.44792500138282776 0.20403200387954712
vt 0.4508270025253296 0.12800300121307373
vt 0.44792500138282776 0.20403200387954712
vt 0.42707499861717224 0.14010900259017944
vt 0.7894729971885681 0.5501559972763062
vt 0.7894729971885681 0.4740059971809387
vt 0.8421040177345276 0.5501559972763062
vt 0.7894729971885681 0.4740059971809387
vt 0.842104971408844 0.4740059971809387
vt 0.8421040177345276 0.5501559972763062
vt 0.8947359919548035 0.4740059971809387
vt 0.8947359919548035 0.5501559972763062
vt 0.842104971408844 0.4740059971809387
vt 0.8947359919548035 0.5501559972763062
vt 0.8421040177345276 0.5501559972763062
vt 0.842104971408844 0.4740059971809387
vt 0.9473680257797241 0.4740059971809387
vt 0.9473670125007629 0.5501559972763062
vt 0.8947359919548035 0.4740059971809387
vt 0.9473670125007629 0.5501559972763062
vt 0.8947359919548035 0.5501559972763062
vt 0.8947359919548035 0.4740059971809387
vt 0.9999989867210388 0.4740059971809387
vt 0.9999989867210388 0.5501559972763062
vt 0.9473680257797241 0.4740059971809387
vt 0.9999989867210388 0.5501559972763062
vt 0.9473670125007629 0.5501559972763062
vt 0.9473680257797241 0.4740059971809387
vt 0.9473680257797241 0.626308023929596
vt 0.9473680257797241 0.5501580238342285
vt 1 0.626308023929596
vt 0.9473680257797241 0.5501580238342285
vt 1 0.5501580238342285
vt 1 0.626308023929596
vt 0.8947370052337646 0.626308023929596
vt 0.8947370052337646 0.5501580238342285
vt 0.9473680257797241 0.626308023929596
vt 0.8947370052337646 0.5501580238342285
vt 0.9473680257797241 0.5501580238342285
vt 0.9473680257797241 0.626308023929596
vt 0.842104971408844 0.6263089776039124
vt 0.842104971408844 0.5501589775085449
vt 0.8947370052337646 0.626308023929596
vt 0.842104971408844 0.5501589775085449
vt 0.8947370052337646 0.5501580238342285
vt 0.8947370052337646 0.626308023929596
vt 0.7894740104675293 0.6263089776039124
vt 0.7894740104675293 0.5501589775085449
vt 0.842104971408844 0.6263089776039124
vt 0.7894740104675293 0.5501589775085449
vt 0.842104971408844 0.5501589775085449
vt 0.842104971408844 0.6263089776039124
vt 0.7368419766426086 0.6263089776039124
vt 0.7368419766426086 0.5501589775085449
vt 0.7894740104675293 0.6263089776039124
vt 0.7368419766426086 0.5501589775085449
vt 0.7894740104675293 0.5501589775085449
vt 0.7894740104675293 0.6263089776039124
vt 0.6842100024223328 0.6263089776039124
vt 0.684211015701294 0.5501589775085449
vt 0.7368419766426086 0.6263089776039124
vt 0.684211015701294 0.5501589775085449
vt 0.7368419766426086 0.5501589775085449
vt 0.7368419766426086 0.6263089776039124
vt 0.6315789818763733 0.6263089776039124
vt 0.6315789818763733 0.5501589775085449
vt 0.6842100024223328 0.6263089776039124
vt 0.6315789818763733 0.5501589775085449
vt 0.684211015701294 0.5501589775085449
vt 0.6842100024223328 0.6263089776039124
vt 0.5789470076560974 0.626308023929596
vt 0.5789480209350586 0.5501589775085449
vt 0.6315789818763733 0.6263089776039124
vt 0.5789480209350586 0.5501589775085449
vt 0.6315789818763733 0.5501589775085449
vt 0.6315789818763733 0.6263089776039124
vt 0.5263149738311768 0.626308023929596
vt 0.5263159871101379 0.5501580238342285
vt 0.5789470076560974 0.626308023929596
vt 0.5263159871101379 0.5501580238342285
vt 0.5789480209350586 0.5501589775085449
vt 0.5789470076560974 0.626308023929596
vt 0.47368401288986206 0.626308023929596
vt 0.47368499636650085 0.5501580238342285
vt 0.5263149738311768 0.626308023929596
vt 0.47368499636650085 0.5501580238342285
vt 0.5263159871101379 0.5501580238342285
vt 0.5263149738311768 0.626308023929596
vt 0.5263149738311768 0.4740079939365387
vt 0.5263149738311768 0.5501570105552673
vt 0.47368401288986206 0.4740079939365387
vt 0.5263149738311768 0.5501570105552673
vt 0.47368401288986206 0.5501580238342285
vt 0.47368401288986206 0.4740079939365387
vt 0.5789470076560974 0.4740070104598999
vt 0.5789470076560974 0.5501570105552673
vt 0.5263149738311768 0.4740079939365387
vt 0.5789470076560974 0.5501570105552673
vt 0.5263149738311768 0.5501570105552673
vt 0.5263149738311768 0.4740079939365387
vt 0.6315789818763733 0.4740070104598999
vt 0.6315789818763733 0.5501570105552673
vt 0.5789470076560974 0.4740070104598999
vt 0.6315789818763733 0.5501570105552673
vt 0.5789470076560974 0.5501570105552673
vt 0.5789470076560974 0.4740070104598999
vt 0.6842100024223328 0.4740070104598999
vt 0.6842100024223328 0.5501570105552673
vt 0.6315789818763733 0.4740070104598999
vt 0.6842100024223328 0.5501570105552673
vt 0.6315789818763733 0.5501570105552673
vt 0.6315789818763733 0.4740070104598999
vt 0.7368419766426086 0.4740070104598999
vt 0.7368419766426086 0.5501559972763062
vt 0.6842100024223328 0.4740070104598999
vt 0.7368419766426086 0.5501559972763062
vt 0.6842100024223328 0.5501570105552673
vt 0.6842100024223328 0.4740070104598999
vt 0.7894729971885681 0.4740059971809387
vt 0.7894729971885681 0.5501559972763062
vt 0.7368419766426086 0.4740070104598999
vt 0.7894729971885681 0.5501559972763062
vt 0.7368419766426086 0.5501559972763062
vt 0.7368419766426086 0.4740070104598999
vt 0.23684200644493103 0.7108479738235474
vt 0.40640199184417725 0.880407989025116
vt 0.3457059860229492 0.9245060086250305
vt 0.23684200644493103 0.7108479738235474
vt 0.3457059860229492 0.9245060086250305
vt 0.2743540108203888 0.9476900100708008
vt 0.23684200644493103 0.7108479738235474
vt 0.2743540108203888 0.9476900100708008
vt 0.19933000206947327 0.9476900100708008
vt 0.23684200644493103 0.7108479738235474
vt 0.19933000206947327 0.9476900100708008
vt 0.12797799706459045 0.9245060086250305
vt 0.23684200644493103 0.7108479738235474
vt 0.12797799706459045 0.9245060086250305
vt 0.06728199869394302 0.880407989025116
vt 0.23684200644493103 0.7108479738235474
vt 0.06728199869394302 0.880407989025116
vt 0.023183999583125114 0.8197129964828491
vt 0.23684200644493103 0.7108479738235474
vt 0.023183999583125114 0.8197129964828491
vt 0 0.7483609914779663
vt 0.23684200644493103 0.7108479738235474
vt 0 0.7483609914779663
vt 0 0.6733360290527344
vt 0.23684200644493103 0.7108479738235474
vt 0 0.6733360290527344
vt 0.023183999583125114 0.6019840240478516
vt 0.23684200644493103 0.7108479738235474
vt 0.023183999583125114 0.6019840240478516
vt 0.06728199869394302 0.5412880182266235
vt 0.23684200644493103 0.7108479738235474
vt 0.06728199869394302 0.5412880182266235
vt 0.12797799706459045 0.497189998626709
vt 0.23684200644493103 0.7108479738235474
vt 0.12797799706459045 0.497189998626709
vt 0.19933000206947327 0.4740059971809387
vt 0.23684200644493103 0.7108479738235474
vt 0.19933000206947327 0.4740059971809387
vt 0.2743540108203888 0.4740059971809387
vt 0.23684200644493103 0.7108479738235474
vt 0.2743540108203888 0.4740059971809387
vt 0.3457059860229492 0.497189998626709
vt 0.23684200644493103 0.7108479738235474
vt 0.3457059860229492 0.497189998626709
vt 0.40640199184417725 0.5412880182266235
vt 0.23684200644493103 0.7108479738235474
vt 0.40640199184417725 0.5412880182266235
vt 0.4505000114440918 0.6019840240478516
vt 0.23684200644493103 0.7108479738235474
vt 0.4505000114440918 0.6019840240478516
vt 0.47368401288986206 0.6733369827270508
vt 0.23684200644493103 0.7108479738235474
vt 0.47368401288986206 0.6733369827270508
vt 0.47368401288986206 0.7483609914779663
vt 0.23684200644493103 0.7108479738235474
vt 0.47368401288986206 0.7483609914779663
vt 0.4505000114440918 0.8197129964828491
vt 0.4505000114440918 0.8197129964828491
vt 0.40640199184417725 0.880407989025116
vt 0.23684200644493103 0.7108479738235474
vt 0.23648299276828766 0.23725099861621857
vt 0.42707499861717224 0.14010900259017944
vt 0.44792500138282776 0.20403200387954712
vt 0.23648299276828766 0.23725099861621857
vt 0.44792500138282776 0.20403200387954712
vt 0.44774800539016724 0.2710709869861603
vt 0.23648299276828766 0.23725099861621857
vt 0.44774800539016724 0.2710709869861603
vt 0.426831990480423 0.3346630036830902
vt 0.23648299276828766 0.23725099861621857
vt 0.426831990480423 0.3346630036830902
vt 0.38731199502944946 0.38861799240112305
vt 0.23648299276828766 0.23725099861621857
vt 0.38731199502944946 0.38861799240112305
vt 0.3330959975719452 0.4276899993419647
vt 0.23648299276828766 0.23725099861621857
vt 0.3330959975719452 0.4276899993419647
vt 0.26951101422309875 0.44808700680732727
vt 0.23648299276828766 0.23725099861621857
vt 0.26951101422309875 0.44808700680732727
vt 0.20279300212860107 0.44786199927330017
vt 0.23648299276828766 0.23725099861621857
vt 0.20279300212860107 0.44786199927330017
vt 0.13946500420570374 0.42712798714637756
vt 0.23648299276828766 0.23725099861621857
vt 0.13946500420570374 0.42712798714637756
vt 0.08563999831676483 0.3881149888038635
vt 0.23648299276828766 0.23725099861621857
vt 0.08563999831676483 0.3881149888038635
vt 0.04664799943566322 0.33423298597335815
vt 0.23648299276828766 0.23725099861621857
vt 0.04664799943566322 0.33423298597335815
vt 0.02606699988245964 0.27069300413131714
vt 0.23648299276828766 0.23725099861621857
vt 0.02606699988245964 0.27069300413131714
vt 0.025676999241113663 0.2040019929409027
vt 0.23648299276828766 0.23725099861621857
vt 0.025676999241113663 0.2040019929409027
vt 0.04623899981379509 0.14068900048732758
vt 0.23648299276828766 0.23725099861621857
vt 0.04623899981379509 0.14068900048732758
vt 0.08528699725866318 0.08661899715662003
vt 0.23648299276828766 0.23725099861621857
vt 0.08528699725866318 0.08661899715662003
vt 0.13915599882602692 0.04717100039124489
vt 0.23648299276828766 0.23725099861621857
vt 0.13915599882602692 0.04717100039124489
vt 0.2026270031929016 0.026264000684022903
vt 0.23648299276828766 0.23725099861621857
vt 0.2026270031929016 0.026264000684022903
vt 0.26950499415397644 0.02599100023508072
vt 0.23648299276828766 0.23725099861621857
vt 0.26950499415397644 0.02599100023508072
vt 0.3332509994506836 0.04643100127577782
vt 0.23648299276828766 0.23725099861621857
vt 0.3332509994506836 0.04643100127577782
vt 0.38760098814964294 0.08567799627780914
vt 0.23648299276828766 0.23725099861621857
vt 0.38760098814964294 0.08567799627780914
vt 0.42707499861717224 0.14010900259017944
vt 0.40615200996398926 0.06688100099563599
vt 0.4508270025253296 0.12800300121307373
vt 0.42707499861717224 0.14010900259017944
vt 0.40615200996398926 0.06688100099563599
vt 0.42707499861717224 0.14010900259017944
vt 0.38760098814964294 0.08567799627780914
vt 0.34500598907470703 0.022880999371409416
vt 0.40615200996398926 0.06688100099563599
vt 0.38760098814964294 0.08567799627780914
vt 0.34500598907470703 0.022880999371409416
vt 0.38760098814964294 0.08567799627780914
vt 0.3332509994506836 0.04643100127577782
vt 0.273391991853714 0
vt 0.34500598907470703 0.022880999371409416
vt 0.3332509994506836 0.04643100127577782
vt 0.273391991853714 0
vt 0.3332509994506836 0.04643100127577782
vt 0.26950499415397644 0.02599100023508072
vt 0.198294997215271 0.0003699999942909926
vt 0.273391991853714 0
vt 0.26950499415397644 0.02599100023508072
vt 0.198294997215271 0.0003699999942909926
vt 0.26950499415397644 0.02599100023508072
vt 0.2026270031929016 0.026264000684022903
vt 0.1270499974489212 0.02390200085937977
vt 0.198294997215271 0.0003699999942909926
vt 0.2026270031929016 0.026264000684022903
vt 0.1270499974489212 0.02390200085937977
vt 0.2026270031929016 0.026264000684022903
vt 0.13915599882602692 0.04717100039124489
vt 0.06661500036716461 0.06824400275945663
vt 0.1270499974489212 0.02390200085937977
vt 0.13915599882602692 0.04717100039124489
vt 0.06661500036716461 0.06824400275945663
vt 0.13915599882602692 0.04717100039124489
vt 0.08528699725866318 0.08661899715662003
vt 0.022874999791383743 0.1289750039577484
vt 0.06661500036716461 0.06824400275945663
vt 0.08528699725866318 0.08661899715662003
vt 0.022874999791383743 0.1289750039577484
vt 0.08528699725866318 0.08661899715662003
vt 0.04623899981379509 0.14068900048732758
vt 0 0.19998499751091003
vt 0.022874999791383743 0.1289750039577484
vt 0.04623899981379509 0.14068900048732758
vt 0 0.19998499751091003
vt 0.04623899981379509 0.14068900048732758
vt 0.025676999241113663 0.2040019929409027
vt 0 0.27487701177597046
vt 0 0.19998499751091003
vt 0.025676999241113663 0.2040019929409027
vt 0 0.27487701177597046
vt 0.025676999241113663 0.2040019929409027
vt 0.02606699988245964 0.27069300413131714
vt 0.0233910009264946 0.34621700644493103
vt 0 0.27487701177597046
vt 0.02606699988245964 0.27069300413131714
vt 0.0233910009264946 0.34621700644493103
vt 0.02606699988245964 0.27069300413131714
vt 0.04664799943566322 0.33423298597335815
vt 0.06731799989938736 0.40643399953842163
vt 0.0233910009264946 0.34621700644493103
vt 0.04664799943566322 0.33423298597335815
vt 0.06731799989938736 0.40643399953842163
vt 0.04664799943566322 0.33423298597335815
vt 0.08563999831676483 0.3881149888038635
vt 0.12748299539089203 0.4503139853477478
vt 0.06731799989938736 0.40643399953842163
vt 0.08563999831676483 0.3881149888038635
vt 0.12748299539089203 0.4503139853477478
vt 0.08563999831676483 0.3881149888038635
vt 0.13946500420570374 0.42712798714637756
vt 0.19850300252437592 0.4736810028553009
vt 0.12748299539089203 0.4503139853477478
vt 0.13946500420570374 0.42712798714637756
vt 0.19850300252437592 0.4736810028553009
vt 0.13946500420570374 0.42712798714637756
vt 0.20279300212860107 0.44786199927330017
vt 0.2734000086784363 0.4740059971809387
vt 0.19850300252437592 0.4736810028553009
vt 0.20279300212860107 0.44786199927330017
vt 0.2734000086784363 0.4740059971809387
vt 0.20279300212860107 0.44786199927330017
vt 0.26951101422309875 0.44808700680732727
vt 0.34481000900268555 0.45116299390792847
vt 0.2734000086784363 0.4740059971809387
vt 0.26951101422309875 0.44808700680732727
vt 0.34481000900268555 0.45116299390792847
vt 0.26951101422309875 0.44808700680732727
vt 0.3330959975719452 0.4276899993419647
vt 0.4057199954986572 0.40733999013900757
vt 0.34481000900268555 0.45116299390792847
vt 0.3330959975719452 0.4276899993419647
vt 0.4057199954986572 0.40733999013900757
vt 0.3330959975719452 0.4276899993419647
vt 0.38731199502944946 0.38861799240112305
vt 0.45014700293540955 0.34678998589515686
vt 0.4057199954986572 0.40733999013900757
vt 0.38731199502944946 0.38861799240112305
vt 0.45014700293540955 0.34678998589515686
vt 0.38731199502944946 0.38861799240112305
vt 0.426831990480423 0.3346630036830902
vt 0.4737110137939453 0.27539700269699097
vt 0.45014700293540955 0.34678998589515686
vt 0.426831990480423 0.3346630036830902
vt 0.4737110137939453 0.27539700269699097
vt 0.426831990480423 0.3346630036830902
vt 0.44774800539016724 0.2710709869861603
vt 0.47403499484062195 0.2000660002231598
vt 0.4737110137939453 0.27539700269699097
vt 0.44774800539016724 0.2710709869861603
vt 0.47403499484062195 0.2000660002231598
vt 0.44774800539016724 0.2710709869861603
vt 0.44792500138282776 0.20403200387954712
vt 0.4508270025253296 0.12800300121307373
vt 0.47403499484062195 0.2000660002231598
vt 0.44792500138282776 0.20403200387954712
vt 0.4508270025253296 0.12800300121307373
vt 0.44792500138282776 0.20403200387954712
vt 0.42707499861717224 0.14010900259017944
vt 0.7894729971885681 0.5501559972763062
vt 0.7894729971885681 0.4740059971809387
vt 0.8421040177345276 0.5501559972763062
vt 0.7894729971885681 0.4740059971809387
vt 0.842104971408844 0.4740059971809387
vt 0.8421040177345276 0.5501559972763062
vt 0.8947359919548035 0.4740059971809387
vt 0.8947359919548035 0.5501559972763062
vt 0.842104971408844 0.4740059971809387
vt 0.8947359919548035 0.5501559972763062
vt 0.8421040177345276 0.5501559972763062
vt 0.842104971408844 0.4740059971809387
vt 0.9473680257797241 0.4740059971809387
vt 0.9473670125007629 0.5501559972763062
vt 0.8947359919548035 0.4740059971809387
vt 0.9473670125007629 0.5501559972763062
vt 0.8947359919548035 0.5501559972763062
vt 0.8947359919548035 0.4740059971809387
vt 0.9999989867210388 0.4740059971809387
vt 0.9999989867210388 0.5501559972763062
vt 0.9473680257797241 0.4740059971809387
vt 0.9999989867210388 0.5501559972763062
vt 0.9473670125007629 0.5501559972763062
vt 0.9473680257797241 0.4740059971809387
vt 0.9473680257797241 0.626308023929596
vt 0.9473680257797241 0.5501580238342285
vt 1 0.626308023929596
vt 0.9473680257797241 0.5501580238342285
vt 1 0.5501580238342285
vt 1 0.626308023929596
vt 0.8947370052337646 0.626308023929596
vt 0.8947370052337646 0.5501580238342285
vt 0.9473680257797241 0.626308023929596
vt 0.8947370052337646 0.5501580238342285
vt 0.9473680257797241 0.5501580238342285
vt 0.9473680257797241 0.626308023929596
vt 0.842104971408844 0.6263089776039124
vt 0.842104971408844 0.5501589775085449
vt 0.8947370052337646 0.626308023929596
vt 0.842104971408844 0.5501589775085449
vt 0.8947370052337646 0.5501580238342285
vt 0.8947370052337646 0.626308023929596
vt 0.7894740104675293 0.6263089776039124
vt 0.7894740104675293 0.5501589775085449
vt 0.842104971408844 0.6263089776039124
vt 0.7894740104675293 0.5501589775085449
vt 0.842104971408844 0.5501589775085449
vt 0.842104971408844 0.6263089776039124
vt 0.7368419766426086 0.6263089776039124
vt 0.7368419766426086 0.5501589775085449
vt 0.7894740104675293 0.6263089776039124
vt 0.7368419766426086 0.5501589775085449
vt 0.7894740104675293 0.5501589775085449
vt 0.7894740104675293 0.6263089776039124
vt 0.6842100024223328 0.6263089776039124
vt 0.684211015701294 0.5501589775085449
vt 0.7368419766426086 0.6263089776039124
vt 0.684211015701294 0.5501589775085449
vt 0.7368419766426086 0.5501589775085449
vt 0.7368419766426086 0.6263089776039124
vt 0.6315789818763733 0.6263089776039124
vt 0.6315789818763733 0.5501589775085449
vt 0.6842100024223328 0.6263089776039124
vt 0.6315789818763733 0.5501589775085449
vt 0.684211015701294 0.5501589775085449
vt 0.6842100024223328 0.6263089776039124
vt 0.5789470076560974 0.626308023929596
vt 0.5789480209350586 0.5501589775085449
vt 0.6315789818763733 0.6263089776039124
vt 0.5789480209350586 0.5501589775085449
vt 0.6315789818763733 0.5501589775085449
vt 0.6315789818763733 0.6263089776039124
vt 0.5263149738311768 0.626308023929596
vt 0.5263159871101379 0.5501580238342285
vt 0.5789470076560974 0.626308023929596
vt 0.5263159871101379 0.5501580238342285
vt 0.5789480209350586 0.5501589775085449
vt 0.5789470076560974 0.626308023929596
vt 0.47368401288986206 0.626308023929596
vt 0.47368499636650085 0.5501580238342285
vt 0.5263149738311768 0.626308023929596
vt 0.47368499636650085 0.5501580238342285
vt 0.5263159871101379 0.5501580238342285
vt 0.5263149738311768 0.626308023929596
vt 0.5263149738311768 0.4740079939365387
vt 0.5263149738311768 0.5501570105552673
vt 0.47368401288986206 0.4740079939365387
vt 0.5263149738311768 0.5501570105552673
vt 0.47368401288986206 0.5501580238342285
vt 0.47368401288986206 0.4740079939365387
vt 0.5789470076560974 0.4740070104598999
vt 0.5789470076560974 0.5501570105552673
vt 0.5263149738311768 0.4740079939365387
vt 0.5789470076560974 0.5501570105552673
vt 0.5263149738311768 0.5501570105552673
vt 0.5263149738311768 0.4740079939365387
vt 0.6315789818763733 0.4740070104598999
vt 0.6315789818763733 0.5501570105552673
vt 0.5789470076560974 0.4740070104598999
vt 0.6315789818763733 0.5501570105552673
vt 0.5789470076560974 0.5501570105552673
vt 0.5789470076560974 0.4740070104598999
vt 0.6842100024223328 0.4740070104598999
vt 0.6842100024223328 0.5501570105552673
vt 0.6315789818763733 0.4740070104598999
vt 0.6842100024223328 0.5501570105552673
vt 0.6315789818763733 0.5501570105552673
vt 0.6315789818763733 0.4740070104598999
vt 0.7368419766426086 0.4740070104598999
vt 0.7368419766426086 0.5501559972763062
vt 0.6842100024223328 0.4740070104598999
vt 0.7368419766426086 0.5501559972763062
vt 0.6842100024223328 0.5501570105552673
vt 0.6842100024223328 0.4740070104598999
vt 0.7894729971885681 0.4740059971809387
vt 0.7894729971885681 0.5501559972763062
vt 0.7368419766426086 0.4740070104598999
vt 0.7894729971885681 0.5501559972763062
vt 0.7368419766426086 0.5501559972763062
vt 0.7368419766426086 0.4740070104598999
vn 0 0 -1
vn 0 0 -1
vn 0 0 -1
vn 0 0 -1
vn 0 0 -1
vn 0 0 -1
vn 0 0 -1
vn 0 0 -1
vn 0 0 -1
vn 0 0 -1
vn 0 0 -1
vn 0 0 -1
vn 0 0 -1
vn 0 0 -1
vn 0 0 -1
vn 0 0 -1
vn 0 0 -1
vn 0 0 -1
vn 0 0 -1
vn 0 0 -1
vn 0 0 -1
vn 0 0 -1
vn 0 0 -1
vn 0 0 -1
vn 0 0 -1
vn 0 0 -1
vn 0 0 -1
vn 0 0 -1
vn 0 0 -1
vn 0 0 -1
vn 0 0 -1
vn 0 0 -1
vn 0 0 -1
vn 0 0 -1
vn 0 0 -1
vn 0 0 -1
vn 0 0 -1
vn 0 0 -1
vn 0 0 -1
vn 0 0 -1
vn 0 0 -1
vn 0 0 -1
vn 0 0 -1
vn 0 0 -1
vn 0 0 -1
vn 0 0 -1
vn 0 0 -1
vn 0 0 -1
vn 0 0 -1
vn 0 0 -1
vn 0 0 -1
vn 0 0 -1
vn 0 0 -1
vn 0 0 -1
vn 0 0 -1
vn 0 0 -1
vn 0 0 -1
vn 0 0 -1
vn 0 0 -1
vn 0 0 -1
vn 0 0 1
vn 0 0 1
vn 0 0 1
vn 0 0 1
vn 0 0 1
vn 0 0 1
vn 0 0 1
vn 0 0 1
vn 0 0 1
vn 0 0 1
vn 0 0 1
vn 0 0 1
vn 0 0 1
vn 0 0 1
vn 0 0 1
vn 0 0 1
vn 0 0 1
vn 0 0 1
vn 0 0 1
vn 0 0 1
vn 0 0 1
vn 0 0 1
vn 0 0 1
vn 0 0 1
vn 0 0 1
vn 0 0 1
vn 0 0 1
vn 0 0 1
vn 0 0 1
vn 0 0 1
vn 0 0 1
vn 0 0 1
vn 0 0 1
vn 0 0 1
vn 0 0 1
vn 0 0 1
vn 0 0 1
vn 0 0 1
vn 0 0 1
vn 0 0 1
vn 0 0 1
vn 0 0 1
vn 0 0 1
vn 0 0 1
vn 0 0 1
vn 0 0 1
vn 0 0 1
vn 0 0 1
vn 0 0 1
vn 0 0 1
vn 0 0 1
vn 0 0 1
vn 0 0 1
vn 0 0 1
vn 0 0 1
vn 0 0 1
vn 0 0 1
vn 0 0 1
vn 0 0 1
vn 0 0 1
vn -0.37123517504012454 0.6472822654772052 0.6657402748907605
vn -0.5530209679317969 0.5008229738276168 0.6658409404011146
vn -0.4972038301549512 0.5564388669153606 0.6657057448041108
vn -0.37123517504012454 0.6472822654772052 0.6657402748907605
vn -0.4972038301549512 0.5564388669153606 0.6657057448041108
vn -0.3010249496441242 0.6829178470625151 0.6655878558501889
vn -0.15303410664391964 0.7302783763291258 0.6657882961345846
vn -0.37123517504012454 0.6472822654772052 0.6657402748907605
vn -0.3010249496441242 0.6829178470625151 0.6655878558501889
vn -0.15303410664391964 0.7302783763291258 0.6657882961345846
vn -0.3010249496441242 0.6829178470625151 0.6655878558501889
vn -0.07519500062356305 0.7423880799758914 0.6657369229590108
vn 0.08012898921469941 0.7417569077237363 0.6658648773824545
vn -0.15303410664391964 0.7302783763291258 0.6657882961345846
vn -0.07519500062356305 0.7423880799758914 0.6657369229590108
vn 0.08012898921469941 0.7417569077237363 0.6658648773824545
vn -0.07519500062356305 0.7423880799758914 0.6657369229590108
vn 0.1578709874028473 0.7293688991517289 0.665655887292109
vn 0.3054160217379802 0.6808361499532135 0.6657200542139547
vn 0.08012898921469941 0.7417569077237363 0.6658648773824545
vn 0.1578709874028473 0.7293688991517289 0.665655887292109
vn 0.3054160217379802 0.6808361499532135 0.6657200542139547
vn 0.1578709874028473 0.7293688991517289 0.665655887292109
vn 0.3755369833129175 0.6449129668486963 0.665626952094524
vn 0.5008432228865756 0.5530012205526345 0.6658421105306307
vn 0.3054160217379802 0.6808361499532135 0.6657200542139547
vn 0.3755369833129175 0.6449129668486963 0.665626952094524
vn 0.5008432228865756 0.5530012205526345 0.6658421105306307
vn 0.3755369833129175 0.6449129668486963 0.665626952094524
vn 0.5564090571151784 0.49717104091861236 0.6657551481078472
vn 0.6472197554922805 0.37118186307107737 0.6658307687600482
vn 0.5008432228865756 0.5530012205526345 0.6658421105306307
vn 0.5564090571151784 0.49717104091861236 0.6657551481078472
vn 0.6472197554922805 0.37118186307107737 0.6658307687600482
vn 0.5564090571151784 0.49717104091861236 0.6657551481078472
vn 0.6828712263628733 0.3009951131698752 0.6656491794132396
vn 0.7302911198684685 0.1530609858542295 0.6657681389572421
vn 0.6472197554922805 0.37118186307107737 0.6658307687600482
vn 0.6828712263628733 0.3009951131698752 0.6656491794132396
vn 0.7302911198684685 0.1530609858542295 0.6657681389572421
vn 0.6828712263628733 0.3009951131698752 0.6656491794132396
vn 0.7424831315597651 0.07524600549250059 0.6656251482678723
vn 0.741849949103064 -0.0801239822658129 0.665761819633455
vn 0.7302911198684685 0.1530609858542295 0.6657681389572421
vn 0.7424831315597651 0.07524600549250059 0.6656251482678723
vn 0.741849949103064 -0.0801239822658129 0.665761819633455
vn 0.7424831315597651 0.07524600549250059 0.6656251482678723
vn 0.7293750608090559 -0.15790098828407867 0.6656420198340075
vn 0.6807727211072846 -0.30544686287824857 0.665770768473669
vn 0.741849949103064 -0.0801239822658129 0.665761819633455
vn 0.7293750608090559 -0.15790098828407867 0.6656420198340075
vn 0.6807727211072846 -0.30544686287824857 0.665770768473669
vn 0.7293750608090559 -0.15790098828407867 0.6656420198340075
vn 0.6448643060376493 -0.3755401883248684 0.66567228705385
vn 0.5530288716292294 -0.500832906321812 0.6658269047505879
vn 0.6807727211072846 -0.30544686287824857 0.665770768473669
vn 0.6448643060376493 -0.3755401883248684 0.66567228705385
vn 0.5530288716292294 -0.500832906321812 0.6658269047505879
vn 0.6448643060376493 -0.3755401883248684 0.66567228705385
vn 0.4972289829519462 -0.5564149650461447 0.665706936410663
vn 0.3712070825036133 -0.6472182173986738 0.6658182041416701
vn 0.5530288716292294 -0.500832906321812 0.6658269047505879
vn 0.4972289829519462 -0.5564149650461447 0.665706936410663
vn 0.3712070825036133 -0.6472182173986738 0.6658182041416701
vn 0.4972289829519462 -0.5564149650461447 0.665706936410663
vn 0.30097189508307454 -0.6828488103027867 0.6656826726287621
vn 0.15302498825076327 -0.7302469700141566 0.6658248386445172
vn 0.3712070825036133 -0.6472182173986738 0.6658182041416701
vn 0.30097189508307454 -0.6828488103027867 0.6656826726287621
vn 0.15302498825076327 -0.7302469700141566 0.6658248386445172
vn 0.30097189508307454 -0.6828488103027867 0.6656826726287621
vn 0.0752159967633251 -0.742411925815333 0.6657079586711189
vn -0.08011204843630088 -0.7417833892385122 0.6658374149483985
vn 0.15302498825076327 -0.7302469700141566 0.6658248386445172
vn 0.0752159967633251 -0.742411925815333 0.6657079586711189
vn -0.08011204843630088 -0.7417833892385122 0.6658374149483985
vn 0.0752159967633251 -0.742411925815333 0.6657079586711189
vn -0.1578729938788612 -0.7293318699700909 0.6656959825999068
vn -0.30542997756205265 -0.6807409799157702 0.6658109694723878
vn -0.08011204843630088 -0.7417833892385122 0.6658374149483985
vn -0.1578729938788612 -0.7293318699700909 0.6656959825999068
vn -0.30542997756205265 -0.6807409799157702 0.6658109694723878
vn -0.1578729938788612 -0.7293318699700909 0.6656959825999068
vn -0.37552807625254897 -0.6448860321331874 0.6656580725158927
vn -0.5008271298257758 -0.5530951576853651 0.665776188050817
vn -0.30542997756205265 -0.6807409799157702 0.6658109694723878
vn -0.37552807625254897 -0.6448860321331874 0.6656580725158927
vn -0.5008271298257758 -0.5530951576853651 0.665776188050817
vn -0.37552807625254897 -0.6448860321331874 0.6656580725158927
vn -0.556414078740263 -0.49728206782713724 0.6656680238656435
vn -0.647219110238152 -0.37117698145296424 0.665834117316018
vn -0.5008271298257758 -0.5530951576853651 0.665776188050817
vn -0.556414078740263 -0.49728206782713724 0.6656680238656435
vn -0.647219110238152 -0.37117698145296424 0.665834117316018
vn -0.556414078740263 -0.49728206782713724 0.6656680238656435
vn -0.6828349804455341 -0.3008919943607637 0.6657329774087725
vn -0.7302287825078884 -0.15296889858477447 0.6658576734278943
vn -0.647219110238152 -0.37117698145296424 0.665834117316018
vn -0.6828349804455341 -0.3008919943607637 0.6657329774087725
vn -0.7302287825078884 -0.15296889858477447 0.6658576734278943
vn -0.6828349804455341 -0.3008919943607637 0.6657329774087725
vn -0.7423969831761467 -0.07519499682565478 0.6657269949636608
vn -0.7417587964400449 0.08012997067853558 0.6658626552847614
vn -0.7302287825078884 -0.15296889858477447 0.6658576734278943
vn -0.7423969831761467 -0.07519499682565478 0.6657269949636608
vn -0.7417587964400449 0.08012997067853558 0.6658626552847614
vn -0.7423969831761467 -0.07519499682565478 0.6657269949636608
vn -0.729370198672124 0.1578761088524792 0.6656532487283349
vn -0.6808430748147576 0.3054200498616433 0.665711124001468
vn -0.7417587964400449 0.08012997067853558 0.6658626552847614
vn -0.729370198672124 0.1578761088524792 0.6656532487283349
vn -0.6808430748147576 0.3054200498616433 0.665711124001468
vn -0.729370198672124 0.1578761088524792 0.6656532487283349
vn -0.6449602464361818 0.37551016885157884 0.6655962692248496
vn -0.5530209679317969 0.5008229738276168 0.6658409404011146
vn -0.6808430748147576 0.3054200498616433 0.665711124001468
vn -0.6449602464361818 0.37551016885157884 0.6655962692248496
vn -0.5530209679317969 0.5008229738276168 0.6658409404011146
vn -0.6449602464361818 0.37551016885157884 0.6655962692248496
vn -0.4972038301549512 0.5564388669153606 0.6657057448041108
vn -0.6687980918402561 0.7434440882479545 0
vn -0.7434440882479545 0.6687980918402561 0
vn -0.8658787570524613 0.5002539136131617 0
vn -0.7434440882479545 0.6687980918402561 0
vn -0.9137033700490811 0.4063817805474945 0
vn -0.8658787570524613 0.5002539136131617 0
vn -0.9945593928520112 0.10417108087103072 0
vn -0.9780558274138176 0.20834298275169466 0
vn -0.9137033700490811 0.4063817805474945 0
vn -0.9780558274138176 0.20834298275169466 0
vn -0.8658787570524613 0.5002539136131617 0
vn -0.9137033700490811 0.4063817805474945 0
vn -0.9780849968457395 -0.2082060012229956 0
vn -0.9945665219988805 -0.10410299380445402 0
vn -0.9945593928520112 0.10417108087103072 0
vn -0.9945665219988805 -0.10410299380445402 0
vn -0.9780558274138176 0.20834298275169466 0
vn -0.9945593928520112 0.10417108087103072 0
vn -0.8658341615195361 -0.5003310951217825 0
vn -0.9137284824253873 -0.4063253135168895 0
vn -0.9780849968457395 -0.2082060012229956 0
vn -0.9137284824253873 -0.4063253135168895 0
vn -0.9945665219988805 -0.10410299380445402 0
vn -0.9780849968457395 -0.2082060012229956 0
vn -0.6688086020889458 -0.7434346331533327 0
vn -0.74336880186889 -0.6688817716218696 0
vn -0.8658341615195361 -0.5003310951217825 0
vn -0.74336880186889 -0.6688817716218696 0
vn -0.9137284824253873 -0.4063253135168895 0
vn -0.8658341615195361 -0.5003310951217825 0
vn -0.4063980653790085 -0.9136961269788766 0
vn -0.5003310951217825 -0.8658341615195361 0
vn -0.6688086020889458 -0.7434346331533327 0
vn -0.5003310951217825 -0.8658341615195361 0
vn -0.74336880186889 -0.6688817716218696 0
vn -0.6688086020889458 -0.7434346331533327 0
vn -0.10414399425532066 -0.994562229556576 0
vn -0.20829500657968833 -0.9780660459467794 0
vn -0.4063980653790085 -0.9136961269788766 0
vn -0.20829500657968833 -0.9780660459467794 0
vn -0.5003310951217825 -0.8658341615195361 0
vn -0.4063980653790085 -0.9136961269788766 0
vn 0.2082819772770181 -0.9780688206571028 0
vn 0.10414210500805776 -0.9945624273842698 0
vn -0.10414399425532066 -0.994562229556576 0
vn 0.10414210500805776 -0.9945624273842698 0
vn -0.20829500657968833 -0.9780660459467794 0
vn -0.10414399425532066 -0.994562229556576 0
vn 0.5003248540583871 -0.8658377679516259 0
vn 0.40637388139311714 -0.9137068832626211 0
vn 0.2082819772770181 -0.9780688206571028 0
vn 0.40637388139311714 -0.9137068832626211 0
vn 0.10414210500805776 -0.9945624273842698 0
vn 0.2082819772770181 -0.9780688206571028 0
vn 0.7434251482731238 -0.6688191451469401 0
vn 0.6688513070644495 -0.7433962126875394 0
vn 0.5003248540583871 -0.8658377679516259 0
vn 0.6688513070644495 -0.7433962126875394 0
vn 0.40637388139311714 -0.9137068832626211 0
vn 0.5003248540583871 -0.8658377679516259 0
vn 0.9136992283748661 -0.4063910925047134 0
vn 0.8658392919939973 -0.5003222166157858 0
vn 0.7434251482731238 -0.6688191451469401 0
vn 0.8658392919939973 -0.5003222166157858 0
vn 0.6688513070644495 -0.7433962126875394 0
vn 0.7434251482731238 -0.6688191451469401 0
vn 0.994561705780525 -0.10414899613021829 0
vn 0.9780643255369077 -0.20830308473960119 0
vn 0.9136992283748661 -0.4063910925047134 0
vn 0.9780643255369077 -0.20830308473960119 0
vn 0.8658392919939973 -0.5003222166157858 0
vn 0.9136992283748661 -0.4063910925047134 0
vn 0.9780653890933809 0.20829809086406287 0
vn 0.994561915319004 0.10414699514145596 0
vn 0.994561705780525 -0.10414899613021829 0
vn 0.994561915319004 0.10414699514145596 0
vn 0.9780643255369077 -0.20830308473960119 0
vn 0.994561705780525 -0.10414899613021829 0
vn 0.8658527595588049 0.5002989094175626 0
vn 0.9137055822615163 0.40637680660212794 0
vn 0.9780653890933809 0.20829809086406287 0
vn 0.9137055822615163 0.40637680660212794 0
vn 0.994561915319004 0.10414699514145596 0
vn 0.9780653890933809 0.20829809086406287 0
vn 0.6688249189053247 0.7434199538963734 0
vn 0.7434279987878358 0.6688159766470245 0
vn 0.8658527595588049 0.5002989094175626 0
vn 0.7434279987878358 0.6688159766470245 0
vn 0.9137055822615163 0.40637680660212794 0
vn 0.8658527595588049 0.5002989094175626 0
vn 0.4063789023580026 0.9137046501568792 0
vn 0.5002837189788986 0.8658615365776693 0
vn 0.6688249189053247 0.7434199538963734 0
vn 0.5002837189788986 0.8658615365776693 0
vn 0.7434279987878358 0.6688159766470245 0
vn 0.6688249189053247 0.7434199538963734 0
vn 0.10416699166142554 0.9945598211511505 0
vn 0.20833198934611416 0.978058169136729 0
vn 0.4063789023580026 0.9137046501568792 0
vn 0.20833198934611416 0.978058169136729 0
vn 0.5002837189788986 0.8658615365776693 0
vn 0.4063789023580026 0.9137046501568792 0
vn -0.20834298275169466 0.9780558274138176 0
vn -0.10416989673333639 0.994559516878988 0
vn 0.10416699166142554 0.9945598211511505 0
vn -0.10416989673333639 0.994559516878988 0
vn 0.20833198934611416 0.978058169136729 0
vn 0.10416699166142554 0.9945598211511505 0
vn -0.5002601102863559 0.8658751769488966 0
vn -0.40638706968184046 0.913701017617583 0
vn -0.20834298275169466 0.9780558274138176 0
vn -0.40638706968184046 0.913701017617583 0
vn -0.10416989673333639 0.994559516878988 0
vn -0.20834298275169466 0.9780558274138176 0
vn -0.7434440882479545 0.6687980918402561 0
vn -0.6687980918402561 0.7434440882479545 0
vn -0.5002601102863559 0.8658751769488966 0
vn -0.6687980918402561 0.7434440882479545 0
vn -0.40638706968184046 0.913701017617583 0
vn -0.5002601102863559 0.8658751769488966 0
vn 0 0 1
vn 0 0 1
vn 0 0 1
vn 0 0 1
vn 0 0 1
vn 0 0 1
vn 0 0 1
vn 0 0 1
vn 0 0 1
vn 0 0 1
vn 0 0 1
vn 0 0 1
vn 0 0 1
vn 0 0 1
vn 0 0 1
vn 0 0 1
vn 0 0 1
vn 0 0 1
vn 0 0 1
vn 0 0 1
vn 0 0 1
vn 0 0 1
vn 0 0 1
vn 0 0 1
vn 0 0 1
vn 0 0 1
vn 0 0 1
vn 0 0 1
vn 0 0 1
vn 0 0 1
vn 0 0 1
vn 0 0 1
vn 0 0 1
vn 0 0 1
vn 0 0 1
vn 0 0 1
vn 0 0 1
vn 0 0 1
vn 0 0 1
vn 0 0 1
vn 0 0 1
vn 0 0 1
vn 0 0 1
vn 0 0 1
vn 0 0 1
vn 0 0 1
vn 0 0 1
vn 0 0 1
vn 0 0 1
vn 0 0 1
vn 0 0 1
vn 0 0 1
vn 0 0 1
vn 0 0 1
vn 0 0 1
vn 0 0 1
vn 0 0 1
vn 0 0 1
vn 0 0 1
vn 0 0 1
vn 0 0 -1
vn 0 0 -1
vn 0 0 -1
vn 0 0 -1
vn 0 0 -1
vn 0 0 -1
vn 0 0 -1
vn 0 0 -1
vn 0 0 -1
vn 0 0 -1
vn 0 0 -1
vn 0 0 -1
vn 0 0 -1
vn 0 0 -1
vn 0 0 -1
vn 0 0 -1
vn 0 0 -1
vn 0 0 -1
vn 0 0 -1
vn 0 0 -1
vn 0 0 -1
vn 0 0 -1
vn 0 0 -1
vn 0 0 -1
vn 0 0 -1
vn 0 0 -1
vn 0 0 -1
vn 0 0 -1
vn 0 0 -1
vn 0 0 -1
vn 0 0 -1
vn 0 0 -1
vn 0 0 -1
vn 0 0 -1
vn 0 0 -1
vn 0 0 -1
vn 0 0 -1
vn 0 0 -1
vn 0 0 -1
vn 0 0 -1
vn 0 0 -1
vn 0 0 -1
vn 0 0 -1
vn 0 0 -1
vn 0 0 -1
vn 0 0 -1
vn 0 0 -1
vn 0 0 -1
vn 0 0 -1
vn 0 0 -1
vn 0 0 -1
vn 0 0 -1
vn 0 0 -1
vn 0 0 -1
vn 0 0 -1
vn 0 0 -1
vn 0 0 -1
vn 0 0 -1
vn 0 0 -1
vn 0 0 -1
vn -0.37136630721139796 -0.6476015189974189 -0.6653565498741298
vn -0.5533310400153936 -0.5010570491640288 -0.6654070886596557
vn -0.49745887707372516 -0.556725027297135 -0.6652758146825666
vn -0.37136630721139796 -0.6476015189974189 -0.6653565498741298
vn -0.49745887707372516 -0.556725027297135 -0.6652758146825666
vn -0.3010940182167211 -0.6831940250132201 -0.665273114127081
vn -0.1530921010125971 -0.7305523743444764 -0.6654742947306056
vn -0.37136630721139796 -0.6476015189974189 -0.6653565498741298
vn -0.3010940182167211 -0.6831940250132201 -0.665273114127081
vn -0.1530921010125971 -0.7305523743444764 -0.6654742947306056
vn -0.3010940182167211 -0.6831940250132201 -0.665273114127081
vn -0.07522396475070754 -0.7426676485369379 -0.6654217601970943
vn 0.08015901594048863 -0.7420361040814459 -0.6655501126159338
vn -0.1530921010125971 -0.7305523743444764 -0.6654742947306056
vn -0.07522396475070754 -0.7426676485369379 -0.6654217601970943
vn 0.08015901594048863 -0.7420361040814459 -0.6655501126159338
vn -0.07522396475070754 -0.7426676485369379 -0.6654217601970943
vn 0.1579309814164075 -0.7296421357998348 -0.6653421366291977
vn 0.30553112699400253 -0.6810912175931961 -0.6654062546709284
vn 0.08015901594048863 -0.7420361040814459 -0.6655501126159338
vn 0.1579309814164075 -0.7296421357998348 -0.6653421366291977
vn 0.30553112699400253 -0.6810912175931961 -0.6654062546709284
vn 0.1579309814164075 -0.7296421357998348 -0.6653421366291977
vn 0.3756699125919186 -0.645233845827962 -0.6652408593669198
vn 0.5010729644093593 -0.5533119674166924 -0.6654109640301142
vn 0.30553112699400253 -0.6810912175931961 -0.6654062546709284
vn 0.3756699125919186 -0.645233845827962 -0.6652408593669198
vn 0.5010729644093593 -0.5533119674166924 -0.6654109640301142
vn 0.3756699125919186 -0.645233845827962 -0.6652408593669198
vn 0.5566949206184202 -0.4974268935229287 -0.6653249213412796
vn 0.6475131026583144 -0.3713260356627872 -0.6654650682979248
vn 0.5010729644093593 -0.5533119674166924 -0.6654109640301142
vn 0.5566949206184202 -0.4974268935229287 -0.6653249213412796
vn 0.6475131026583144 -0.3713260356627872 -0.6654650682979248
vn 0.5566949206184202 -0.4974268935229287 -0.6653249213412796
vn 0.6831298553031857 -0.30108994609301537 -0.6653408488550463
vn 0.7305587087898621 -0.15312087858232837 -0.6654607197674897
vn 0.6475131026583144 -0.3713260356627872 -0.6654650682979248
vn 0.6831298553031857 -0.30108994609301537 -0.6653408488550463
vn 0.7305587087898621 -0.15312087858232837 -0.6654607197674897
vn 0.6831298553031857 -0.30108994609301537 -0.6653408488550463
vn 0.7427561240354327 -0.07527600930511397 -0.6653171143379354
vn 0.7421271584497869 0.08015401427566773 -0.6654491826478869
vn 0.7305587087898621 -0.15312087858232837 -0.6654607197674897
vn 0.7427561240354327 -0.07527600930511397 -0.6653171143379354
vn 0.7421271584497869 0.08015401427566773 -0.6654491826478869
vn 0.7427561240354327 -0.07527600930511397 -0.6653171143379354
vn 0.7296438266109554 0.15795798705682462 -0.6653338715362974
vn 0.6810151257874267 0.3055529558212145 -0.6654741089160825
vn 0.7421271584497869 0.08015401427566773 -0.6654491826478869
vn 0.7296438266109554 0.15795798705682462 -0.6653338715362974
vn 0.6810151257874267 0.3055529558212145 -0.6654741089160825
vn 0.7296438266109554 0.15795798705682462 -0.6653338715362974
vn 0.6451054720636327 0.37568029232295486 -0.6653594877009695
vn 0.5532517657264499 0.5010387504393802 -0.665486779942855
vn 0.6810151257874267 0.3055529558212145 -0.6654741089160825
vn 0.6451054720636327 0.37568029232295486 -0.6653594877009695
vn 0.5532517657264499 0.5010387504393802 -0.665486779942855
vn 0.6451054720636327 0.37568029232295486 -0.6653594877009695
vn 0.4974339917735173 0.5566490309708735 -0.6653580090052662
vn 0.37134498709224184 0.6474849642998246 -0.6654818717043443
vn 0.5532517657264499 0.5010387504393802 -0.665486779942855
vn 0.4974339917735173 0.5566490309708735 -0.6653580090052662
vn 0.37134498709224184 0.6474849642998246 -0.6654818717043443
vn 0.4974339917735173 0.5566490309708735 -0.6653580090052662
vn 0.3010941982018486 0.6831263764002358 -0.6653424965200024
vn 0.1531060806031125 0.7305613260222322 -0.6654612513159508
vn 0.37134498709224184 0.6474849642998246 -0.6654818717043443
vn 0.3010941982018486 0.6831263764002358 -0.6653424965200024
vn 0.1531060806031125 0.7305613260222322 -0.6654612513159508
vn 0.3010941982018486 0.6831263764002358 -0.6653424965200024
vn 0.07526701625045923 0.7427551683487248 -0.6653191986978961
vn -0.080148987744133 0.7421289111534342 -0.6654478334128145
vn 0.1531060806031125 0.7305613260222322 -0.6654612513159508
vn 0.07526701625045923 0.7427551683487248 -0.6653191986978961
vn -0.080148987744133 0.7421289111534342 -0.6654478334128145
vn 0.07526701625045923 0.7427551683487248 -0.6653191986978961
vn -0.15795698955660295 0.7296449631530101 -0.6653328619538176
vn -0.30555796387104844 0.6810159630600867 -0.665470952613502
vn -0.080148987744133 0.7421289111534342 -0.6654478334128145
vn -0.15795698955660295 0.7296449631530101 -0.6653328619538176
vn -0.30555796387104844 0.6810159630600867 -0.665470952613502
vn -0.15795698955660295 0.7296449631530101 -0.6653328619538176
vn -0.37566591930464616 0.6451238160420465 -0.6653498170499056
vn -0.5009961910835402 0.5533042160072363 -0.665475214465875
vn -0.30555796387104844 0.6810159630600867 -0.665470952613502
vn -0.37566591930464616 0.6451238160420465 -0.6653498170499056
vn -0.5009961910835402 0.5533042160072363 -0.665475214465875
vn -0.37566591930464616 0.6451238160420465 -0.6653498170499056
vn -0.5566052219881037 0.49747216893407065 -0.6653661157525271
vn -0.6474529698606276 0.3713199905455823 -0.6655269464416012
vn -0.5009961910835402 0.5533042160072363 -0.665475214465875
vn -0.5566052219881037 0.49747216893407065 -0.6653661157525271
vn -0.6474529698606276 0.3713199905455823 -0.6655269464416012
vn -0.5566052219881037 0.49747216893407065 -0.6653661157525271
vn -0.6830840227450259 0.30099896110613517 -0.665429067056362
vn -0.7304964755063158 0.1530190874843022 -0.6655524458210053
vn -0.6474529698606276 0.3713199905455823 -0.6655269464416012
vn -0.6830840227450259 0.30099896110613517 -0.665429067056362
vn -0.7304964755063158 0.1530190874843022 -0.6655524458210053
vn -0.6830840227450259 0.30099896110613517 -0.665429067056362
vn -0.7426679152520577 0.07521899807956173 -0.6654220239690518
vn -0.7420359915692895 -0.08016000759117982 -0.6655501186227551
vn -0.7304964755063158 0.1530190874843022 -0.6655524458210053
vn -0.7426679152520577 0.07521899807956173 -0.6654220239690518
vn -0.7420359915692895 -0.08016000759117982 -0.6655501186227551
vn -0.7426679152520577 0.07521899807956173 -0.6654220239690518
vn -0.7296408925762766 -0.15794196540626884 -0.6653408926588679
vn -0.6810938155078043 -0.3055458978703817 -0.6653968130158148
vn -0.7420359915692895 -0.08016000759117982 -0.6655501186227551
vn -0.7296408925762766 -0.15794196540626884 -0.6653408926588679
vn -0.6810938155078043 -0.3055458978703817 -0.6653968130158148
vn -0.7296408925762766 -0.15794196540626884 -0.6653408926588679
vn -0.645252151760689 -0.37565903899897 -0.6652292439953095
vn -0.5533310400153936 -0.5010570491640288 -0.6654070886596557
vn -0.6810938155078043 -0.3055458978703817 -0.6653968130158148
vn -0.645252151760689 -0.37565903899897 -0.6652292439953095
vn -0.5533310400153936 -0.5010570491640288 -0.6654070886596557
vn -0.645252151760689 -0.37565903899897 -0.6652292439953095
vn -0.49745887707372516 -0.556725027297135 -0.6652758146825666
vn -0.6687970872471665 -0.7434449919729812 0
vn -0.7434449919729812 -0.6687970872471665 0
vn -0.8658736530967707 -0.5002627478364277 0
vn -0.7434449919729812 -0.6687970872471665 0
vn -0.913700138375334 -0.4063890465217974 0
vn -0.8658736530967707 -0.5002627478364277 0
vn -0.9945596101538287 -0.10416900619025021 0
vn -0.9780558274138176 -0.20834298275169466 0
vn -0.913700138375334 -0.4063890465217974 0
vn -0.9780558274138176 -0.20834298275169466 0
vn -0.8658736530967707 -0.5002627478364277 0
vn -0.913700138375334 -0.4063890465217974 0
vn -0.9780713546113434 0.20827007775657894 0
vn -0.9945667297767048 0.10410100874281238 0
vn -0.9945596101538287 -0.10416900619025021 0
vn -0.9945667297767048 0.10410100874281238 0
vn -0.9780558274138176 -0.20834298275169466 0
vn -0.9945596101538287 -0.10416900619025021 0
vn -0.8658312206781198 0.5003361842791678 0
vn -0.913702329717655 0.4063841196067208 0
vn -0.9780713546113434 0.20827007775657894 0
vn -0.913702329717655 0.4063841196067208 0
vn -0.9945667297767048 0.10410100874281238 0
vn -0.9780713546113434 0.20827007775657894 0
vn -0.6688233181969121 0.7434213939859896 0
vn -0.7433900875907942 0.6688581147536085 0
vn -0.8658312206781198 0.5003361842791678 0
vn -0.7433900875907942 0.6688581147536085 0
vn -0.913702329717655 0.4063841196067208 0
vn -0.8658312206781198 0.5003361842791678 0
vn -0.40638619322322916 0.9137014074398333 0
vn -0.5003101693286431 0.865846253365079 0
vn -0.6688233181969121 0.7434213939859896 0
vn -0.5003101693286431 0.865846253365079 0
vn -0.7433900875907942 0.6688581147536085 0
vn -0.6688233181969121 0.7434213939859896 0
vn -0.10414399425532066 0.994562229556576 0
vn -0.20829500657968833 0.9780660459467794 0
vn -0.40638619322322916 0.9137014074398333 0
vn -0.20829500657968833 0.9780660459467794 0
vn -0.5003101693286431 0.865846253365079 0
vn -0.40638619322322916 0.9137014074398333 0
vn 0.2082819772770181 0.9780688206571028 0
vn 0.10414210500805776 0.9945624273842698 0
vn -0.10414399425532066 0.994562229556576 0
vn 0.10414210500805776 0.9945624273842698 0
vn -0.20829500657968833 0.9780660459467794 0
vn -0.10414399425532066 0.994562229556576 0
vn 0.5003248540583871 0.8658377679516259 0
vn 0.40637388139311714 0.9137068832626211 0
vn 0.2082819772770181 0.9780688206571028 0
vn 0.40637388139311714 0.9137068832626211 0
vn 0.10414210500805776 0.9945624273842698 0
vn 0.2082819772770181 0.9780688206571028 0
vn 0.7434071381467344 0.6688391637400447 0
vn 0.6688402308587208 0.7434061780647596 0
vn 0.5003248540583871 0.8658377679516259 0
vn 0.6688402308587208 0.7434061780647596 0
vn 0.40637388139311714 0.9137068832626211 0
vn 0.5003248540583871 0.8658377679516259 0
vn 0.913702329717655 0.4063841196067208 0
vn 0.8658341615195361 0.5003310951217825 0
vn 0.7434071381467344 0.6688391637400447 0
vn 0.8658341615195361 0.5003310951217825 0
vn 0.6688402308587208 0.7434061780647596 0
vn 0.7434071381467344 0.6688391637400447 0
vn 0.9945616010723873 0.1041499960265452 0
vn 0.9780658378280966 0.2082959838153953 0
vn 0.913702329717655 0.4063841196067208 0
vn 0.9780658378280966 0.2082959838153953 0
vn 0.8658341615195361 0.5003310951217825 0
vn 0.913702329717655 0.4063841196067208 0
vn 0.9780641295537381 -0.2083040049549898 0
vn 0.9945613823918127 -0.10415208425608377 0
vn 0.9945616010723873 0.1041499960265452 0
vn 0.9945613823918127 -0.10415208425608377 0
vn 0.9780658378280966 0.2082959838153953 0
vn 0.9945616010723873 0.1041499960265452 0
vn 0.8658527595588049 -0.5002989094175626 0
vn 0.913703750022738 -0.40638092621872157 0
vn 0.9780641295537381 -0.2083040049549898 0
vn 0.913703750022738 -0.40638092621872157 0
vn 0.9945613823918127 -0.10415208425608377 0
vn 0.9780641295537381 -0.2083040049549898 0
vn 0.6688243853362029 -0.7434204339266244 0
vn 0.7434279987878358 -0.6688159766470245 0
vn 0.8658527595588049 -0.5002989094175626 0
vn 0.7434279987878358 -0.6688159766470245 0
vn 0.913703750022738 -0.40638092621872157 0
vn 0.8658527595588049 -0.5002989094175626 0
vn 0.4063789023580026 -0.9137046501568792 0
vn 0.500283002004624 -0.865861950835837 0
vn 0.6688243853362029 -0.7434204339266244 0
vn 0.500283002004624 -0.865861950835837 0
vn 0.7434279987878358 -0.6688159766470245 0
vn 0.6688243853362029 -0.7434204339266244 0
vn 0.10416900619025021 -0.9945596101538287 0
vn 0.20833198934611416 -0.978058169136729 0
vn 0.4063789023580026 -0.9137046501568792 0
vn 0.20833198934611416 -0.978058169136729 0
vn 0.500283002004624 -0.865861950835837 0
vn 0.4063789023580026 -0.9137046501568792 0
vn -0.20834298275169466 -0.9780558274138176 0
vn -0.10417108087103072 -0.9945593928520112 0
vn 0.10416900619025021 -0.9945596101538287 0
vn -0.10417108087103072 -0.9945593928520112 0
vn 0.20833198934611416 -0.978058169136729 0
vn 0.10416900619025021 -0.9945596101538287 0
vn -0.5002539136131617 -0.8658787570524613 0
vn -0.40638092621872157 -0.913703750022738 0
vn -0.20834298275169466 -0.9780558274138176 0
vn -0.40638092621872157 -0.913703750022738 0
vn -0.10417108087103072 -0.9945593928520112 0
vn -0.20834298275169466 -0.9780558274138176 0
vn -0.7434449919729812 -0.6687970872471665 0
vn -0.6687970872471665 -0.7434449919729812 0
vn -0.5002539136131617 -0.8658787570524613 0
vn -0.6687970872471665 -0.7434449919729812 0
vn -0.40638092621872157 -0.913703750022738 0
vn -0.5002539136131617 -0.8658787570524613 0
f 1/1/1 2/2/2 3/3/3
f 4/4/4 5/5/5 6/6/6
f 7/7/7 8/8/8 9/9/9
f 10/10/10 11/11/11 12/12/12
f 13/13/13 14/14/14 15/15/15
f 16/16/16 17/17/17 18/18/18
f 19/19/19 20/20/20 21/21/21
f 22/22/22 23/23/23 24/24/24
f 25/25/25 26/26/26 27/27/27
f 28/28/28 29/29/29 30/30/30
f 31/31/31 32/32/32 33/33/33
f 34/34/34 35/35/35 36/36/36
f 37/37/37 38/38/38 39/39/39
f 40/40/40 41/41/41 42/42/42
f 43/43/43 44/44/44 45/45/45
f 46/46/46 47/47/47 48/48/48
f 49/49/49 50/50/50 51/51/51
f 52/52/52 53/53/53 54/54/54
f 55/55/55 56/56/56 57/57/57
f 58/58/58 59/59/59 60/60/60
f 61/61/61 62/62/62 63/63/63
f 64/64/64 65/65/65 66/66/66
f 67/67/67 68/68/68 69/69/69
f 70/70/70 71/71/71 72/72/72
f 73/73/73 74/74/74 75/75/75
f 76/76/76 77/77/77 78/78/78
f 79/79/79 80/80/80 81/81/81
f 82/82/82 83/83/83 84/84/84
f 85/85/85 86/86/86 87/87/87
f 88/88/88 89/89/89 90/90/90
f 91/91/91 92/92/92 93/93/93
f 94/94/94 95/95/95 96/96/96
f 97/97/97 98/98/98 99/99/99
f 100/100/100 101/101/101 102/102/102
f 103/103/103 104/104/104 105/105/105
f 106/106/106 107/107/107 108/108/108
f 109/109/109 110/110/110 111/111/111
f 112/112/112 113/113/113 114/114/114
f 115/115/115 116/116/116 117/117/117
f 118/118/118 119/119/119 120/120/120
f 121/121/121 122/122/122 123/123/123
f 124/124/124 125/125/125 126/126/126
f 127/127/127 128/128/128 129/129/129
f 130/130/130 131/131/131 132/132/132
f 133/133/133 134/134/134 135/135/135
f 136/136/136 137/137/137 138/138/138
f 139/139/139 140/140/140 141/141/141
f 142/142/142 143/143/143 144/144/144
f 145/145/145 146/146/146 147/147/147
f 148/148/148 149/149/149 150/150/150
f 151/151/151 152/152/152 153/153/153
f 154/154/154 155/155/155 156/156/156
f 157/157/157 158/158/158 159/159/159
f 160/160/160 161/161/161 162/162/162
f 163/163/163 164/164/164 165/165/165
f 166/166/166 167/167/167 168/168/168
f 169/169/169 170/170/170 171/171/171
f 172/172/172 173/173/173 174/174/174
f 175/175/175 176/176/176 177/177/177
f 178/178/178 179/179/179 180/180/180
f 181/181/181 182/182/182 183/183/183
f 184/184/184 185/185/185 186/186/186
f 187/187/187 188/188/188 189/189/189
f 190/190/190 191/191/191 192/192/192
f 193/193/193 194/194/194 195/195/195
f 196/196/196 197/197/197 198/198/198
f 199/199/199 200/200/200 201/201/201
f 202/202/202 203/203/203 204/204/204
f 205/205/205 206/206/206 207/207/207
f 208/208/208 209/209/209 210/210/210
f 211/211/211 212/212/212 213/213/213
f 214/214/214 215/215/215 216/216/216
f 217/217/217 218/218/218 219/219/219
f 220/220/220 221/221/221 222/222/222
f 223/223/223 224/224/224 225/225/225
f 226/226/226 227/227/227 228/228/228
f 229/229/229 230/230/230 231/231/231
f 232/232/232 233/233/233 234/234/234
f 235/235/235 236/236/236 237/237/237
f 238/238/238 239/239/239 240/240/240
f 241/241/241 242/242/242 243/243/243
f 244/244/244 245/245/245 246/246/246
f 247/247/247 248/248/248 249/249/249
f 250/250/250 251/251/251 252/252/252
f 253/253/253 254/254/254 255/255/255
f 256/256/256 257/257/257 258/258/258
f 259/259/259 260/260/260 261/261/261
f 262/262/262 263/263/263 264/264/264
f 265/265/265 266/266/266 267/267/267
f 268/268/268 269/269/269 270/270/270
f 271/271/271 272/272/272 273/273/273
f 274/274/274 275/275/275 276/276/276
f 277/277/277 278/278/278 279/279/279
f 280/280/280 281/281/281 282/282/282
f 283/283/283 284/284/284 285/285/285
f 286/286/286 287/287/287 288/288/288
f 289/289/289 290/290/290 291/291/291
f 292/292/292 293/293/293 294/294/294
f 295/295/295 296/296/296 297/297/297
f 298/298/298 299/299/299 300/300/300
f 301/301/301 302/302/302 303/303/303
f 304/304/304 305/305/305 306/306/306
f 307/307/307 308/308/308 309/309/309
f 310/310/310 311/311/311 312/312/312
f 313/313/313 314/314/314 315/315/315
f 316/316/316 317/317/317 318/318/318
f 319/319/319 320/320/320 321/321/321
f 322/322/322 323/323/323 324/324/324
f 325/325/325 326/326/326 327/327/327
f 328/328/328 329/329/329 330/330/330
f 331/331/331 332/332/332 333/333/333
f 334/334/334 335/335/335 336/336/336
f 337/337/337 338/338/338 339/339/339
f 340/340/340 341/341/341 342/342/342
f 343/343/343 344/344/344 345/345/345
f 346/346/346 347/347/347 348/348/348
f 349/349/349 350/350/350 351/351/351
f 352/352/352 353/353/353 354/354/354
f 355/355/355 356/356/356 357/357/357
f 358/358/358 359/359/359 360/360/360
f 361/361/361 362/362/362 363/363/363
f 364/364/364 365/365/365 366/366/366
f 367/367/367 368/368/368 369/369/369
f 370/370/370 371/371/371 372/372/372
f 373/373/373 374/374/374 375/375/375
f 376/376/376 377/377/377 378/378/378
f 379/379/379 380/380/380 381/381/381
f 382/382/382 383/383/383 384/384/384
f 385/385/385 386/386/386 387/387/387
f 388/388/388 389/389/389 390/390/390
f 391/391/391 392/392/392 393/393/393
f 394/394/394 395/395/395 396/396/396
f 397/397/397 398/398/398 399/399/399
f 400/400/400 401/401/401 402/402/402
f 403/403/403 404/404/404 405/405/405
f 406/406/406 407/407/407 408/408/408
f 409/409/409 410/410/410 411/411/411
f 412/412/412 413/413/413 414/414/414
f 415/415/415 416/416/416 417/417/417
f 418/418/418 419/419/419 420/420/420
f 421/421/421 422/422/422 423/423/423
f 424/424/424 425/425/425 426/426/426
f 427/427/427 428/428/428 429/429/429
f 430/430/430 431/431/431 432/432/432
f 433/433/433 434/434/434 435/435/435
f 436/436/436 437/437/437 438/438/438
f 439/439/439 440/440/440 441/441/441
f 442/442/442 443/443/443 444/444/444
f 445/445/445 446/446/446 447/447/447
f 448/448/448 449/449/449 450/450/450
f 451/451/451 452/452/452 453/453/453
f 454/454/454 455/455/455 456/456/456
f 457/457/457 458/458/458 459/459/459
f 460/460/460 461/461/461 462/462/462
f 463/463/463 464/464/464 465/465/465
f 466/466/466 467/467/467 468/468/468
f 469/469/469 470/470/470 471/471/471
f 472/472/472 473/473/473 474/474/474
f 475/475/475 476/476/476 477/477/477
f 478/478/478 479/479/479 480/480/480
f 481/481/481 482/482/482 483/483/483
f 484/484/484 485/485/485 486/486/486
f 487/487/487 488/488/488 489/489/489
f 490/490/490 491/491/491 492/492/492
f 493/493/493 494/494/494 495/495/495
f 496/496/496 497/497/497 498/498/498
f 499/499/499 500/500/500 501/501/501
f 502/502/502 503/503/503 504/504/504
f 505/505/505 506/506/506 507/507/507
f 508/508/508 509/509/509 510/510/510
f 511/511/511 512/512/512 513/513/513
f 514/514/514 515/515/515 516/516/516
f 517/517/517 518/518/518 519/519/519
f 520/520/520 521/521/521 522/522/522
f 523/523/523 524/524/524 525/525/525
f 526/526/526 527/527/527 528/528/528
f 529/529/529 530/530/530 531/531/531
f 532/532/532 533/533/533 534/534/534
f 535/535/535 536/536/536 537/537/537
f 538/538/538 539/539/539 540/540/540
f 541/541/541 542/542/542 543/543/543
f 544/544/544 545/545/545 546/546/546
f 547/547/547 548/548/548 549/549/549
f 550/550/550 551/551/551 552/552/552
f 553/553/553 554/554/554 555/555/555
f 556/556/556 557/557/557 558/558/558
f 559/559/559 560/560/560 561/561/561
f 562/562/562 563/563/563 564/564/564
f 565/565/565 566/566/566 567/567/567
f 568/568/568 569/569/569 570/570/570
f 571/571/571 572/572/572 573/573/573
f 574/574/574 575/575/575 576/576/576
f 577/577/577 578/578/578 579/579/579
f 580/580/580 581/581/581 582/582/582
f 583/583/583 584/584/584 585/585/585
f 586/586/586 587/587/587 588/588/588
f 589/589/589 590/590/590 591/591/591
f 592/592/592 593/593/593 594/594/594
f 595/595/595 596/596/596 597/597/597
f 598/598/598 599/599/599 600/600/600
f 601/601/601 602/602/602 603/603/603
f 604/604/604 605/605/605 606/606/606
f 607/607/607 608/608/608 609/609/609
f 610/610/610 611/611/611 612/612/612
f 613/613/613 614/614/614 615/615/615
f 616/616/616 617/617/617 618/618/618
f 619/619/619 620/620/620 621/621/621
f 622/622/622 623/623/623 624/624/624
f 625/625/625 626/626/626 627/627/627
f 628/628/628 629/629/629 630/630/630
f 631/631/631 632/632/632 633/633/633
f 634/634/634 635/635/635 636/636/636
f 637/637/637 638/638/638 639/639/639
f 640/640/640 641/641/641 642/642/642
f 643/643/643 644/644/644 645/645/645
f 646/646/646 647/647/647 648/648/648
f 649/649/649 650/650/650 651/651/651
f 652/652/652 653/653/653 654/654/654
f 655/655/655 656/656/656 657/657/657
f 658/658/658 659/659/659 660/660/660
f 661/661/661 662/662/662 663/663/663
f 664/664/664 665/665/665 666/666/666
f 667/667/667 668/668/668 669/669/669
f 670/670/670 671/671/671 672/672/672
f 673/673/673 674/674/674 675/675/675
f 676/676/676 677/677/677 678/678/678
f 679/679/679 680/680/680 681/681/681
f 682/682/682 683/683/683 684/684/684
f 685/685/685 686/686/686 687/687/687
f 688/688/688 689/689/689 690/690/690
f 691/691/691 692/692/692 693/693/693
f 694/694/694 695/695/695 696/696/696
f 697/697/697 698/698/698 699/699/699
f 700/700/700 701/701/701 702/702/702
f 703/703/703 704/704/704 705/705/705
f 706/706/706 707/707/707 708/708/708
f 709/709/709 710/710/710 711/711/711
f 712/712/712 713/713/713 714/714/714
f 715/715/715 716/716/716 717/717/717
f 718/718/718 719/719/719 720/720/720
