o Mesh
usemtl material_1
v -0.0012779999524354935 0.01228999998420477 0.008617999963462353
v -0.0005019999807700515 0.012481999583542347 0.008609999902546406
v -0.0003129999968223274 0.016766000539064407 0.008546000346541405
v -0.0026310000102967024 0.012165999971330166 0.008627000264823437
v -0.0012779999524354935 0.01228999998420477 0.008617999963462353
v -0.0003129999968223274 0.016766000539064407 0.008546000346541405
v -0.004100000020116568 0.012660999782383442 0.008627000264823437
v -0.0026310000102967024 0.012165999971330166 0.008627000264823437
v -0.0003129999968223274 0.016766000539064407 0.008546000346541405
v -0.005111999809741974 0.013821999542415142 0.008620000444352627
v -0.004100000020116568 0.012660999782383442 0.008627000264823437
v -0.0003129999968223274 0.016766000539064407 0.008546000346541405
v -0.005404000170528889 0.015305999666452408 0.008600999601185322
v -0.005111999809741974 0.013821999542415142 0.008620000444352627
v -0.0003129999968223274 0.016766000539064407 0.008546000346541405
v -0.005402999930083752 0.016894999891519547 0.008578999899327755
v -0.005404000170528889 0.015305999666452408 0.008600999601185322
v -0.0003129999968223274 0.016766000539064407 0.008546000346541405
v -0.00011899999663000926 0.024886999279260635 0.008452000096440315
v 0 0.029277000576257706 0.008395999670028687
v -0.001588999992236495 0.02994699962437153 0.008402000181376934
v -0.00011899999663000926 0.024886999279260635 0.008452000096440315
v -0.001588999992236495 0.02994699962437153 0.008402000181376934
v -0.00292599992826581 0.03013099916279316 0.008410000242292881
v -0.00011899999663000926 0.024886999279260635 0.008452000096440315
v -0.00292599992826581 0.03013099916279316 0.008410000242292881
v -0.004600999876856804 0.029048999771475792 0.008433000184595585
v -0.00011899999663000926 0.024886999279260635 0.008452000096440315
v -0.004600999876856804 0.029048999771475792 0.008433000184595585
v -0.005001000128686428 0.027897000312805176 0.008444000035524368
v -0.00011899999663000926 0.024886999279260635 0.008452000096440315
v -0.005001000128686428 0.027897000312805176 0.008444000035524368
v -0.0051369997672736645 0.02507000043988228 0.00848000030964613
v 0.0023070001043379307 0.024880999699234962 -0.008750000037252903
v 0.00278700003400445 0.028233999386429787 -0.008585999719798565
v 0.004029999952763319 0.027668999508023262 -0.007790000177919865
v 0.0022169998846948147 0.013496999628841877 -0.008867999538779259
v 0.002004999900236726 0.0167239997535944 -0.008907999843358994
v 0.0036140000447630882 0.013907999731600285 -0.008174000307917595
v -0.0014049999881535769 0.012226000428199768 -0.009336000308394432
v -0.0005019999807700515 0.016824999824166298 -0.009254000149667263
v -0.0005869999877177179 0.012536999769508839 -0.009314999915659428
v -0.0014049999881535769 0.012226000428199768 -0.009336000308394432
v -0.0029349999967962503 0.012126999907195568 -0.009328999556601048
v -0.0005019999807700515 0.016824999824166298 -0.009254000149667263
v -0.0029349999967962503 0.012126999907195568 -0.009328999556601048
v -0.004315999802201986 0.01271000038832426 -0.009312000125646591
v -0.0005019999807700515 0.016824999824166298 -0.009254000149667263
v -0.004315999802201986 0.01271000038832426 -0.009312000125646591
v -0.005245000123977661 0.013890000060200691 -0.009289000183343887
v -0.0005019999807700515 0.016824999824166298 -0.009254000149667263
v -0.005245000123977661 0.013890000060200691 -0.009289000183343887
v -0.005557000171393156 0.015406000427901745 -0.009265000000596046
v -0.0005019999807700515 0.016824999824166298 -0.009254000149667263
v -0.005557000171393156 0.015406000427901745 -0.009265000000596046
v -0.005485000088810921 0.0169220007956028 -0.009227000176906586
v -0.0005019999807700515 0.016824999824166298 -0.009254000149667263
v -0.0016370000084862113 0.02999100089073181 -0.009039999917149544
v 0 0.029354000464081764 -0.009056000038981438
v -0.00025099999038502574 0.024910999462008476 -0.009127000346779823
v -0.002945000072941184 0.030135000124573708 -0.00903099961578846
v -0.0016370000084862113 0.02999100089073181 -0.009039999917149544
v -0.00025099999038502574 0.024910999462008476 -0.009127000346779823
v -0.004062999971210957 0.029705999419093132 -0.009031999856233597
v -0.002945000072941184 0.030135000124573708 -0.00903099961578846
v -0.00025099999038502574 0.024910999462008476 -0.009127000346779823
v -0.00483600003644824 0.02890400029718876 -0.009072000160813332
v -0.004062999971210957 0.029705999419093132 -0.009031999856233597
v -0.00025099999038502574 0.024910999462008476 -0.009127000346779823
v -0.005154999904334545 0.027786999940872192 -0.009056000038981438
v -0.00483600003644824 0.02890400029718876 -0.009072000160813332
v -0.00025099999038502574 0.024910999462008476 -0.009127000346779823
v -0.0052559999749064445 0.02507700026035309 -0.009097999893128872
v -0.005154999904334545 0.027786999940872192 -0.009056000038981438
v -0.00025099999038502574 0.024910999462008476 -0.009127000346779823
v -0.000582000007852912 0.016812000423669815 0.007796000223606825
v -0.0007779999868944287 0.012529999949038029 0.007860999554395676
v -0.0012870000209659338 0.012275000102818012 0.00786800030618906
v -0.000582000007852912 0.016812000423669815 0.007796000223606825
v -0.0012870000209659338 0.012275000102818012 0.00786800030618906
v -0.002638000063598156 0.012151000089943409 0.00787699967622757
v -0.000582000007852912 0.016812000423669815 0.007796000223606825
v -0.002638000063598156 0.012151000089943409 0.00787699967622757
v -0.004110000096261501 0.012648000381886959 0.007877999916672707
v -0.000582000007852912 0.016812000423669815 0.007796000223606825
v -0.004110000096261501 0.012648000381886959 0.007877999916672707
v -0.005123999901115894 0.013810999691486359 0.00786999985575676
v -0.000582000007852912 0.016812000423669815 0.007796000223606825
v -0.005123999901115894 0.013810999691486359 0.00786999985575676
v -0.005415000021457672 0.015293000265955925 0.00785099994391203
v -0.000582000007852912 0.016812000423669815 0.007796000223606825
v -0.005415000021457672 0.015293000265955925 0.00785099994391203
v -0.005413999781012535 0.016882000491023064 0.007829000242054462
v -0.0016039999900385737 0.02993999980390072 0.007652000058442354
v -0.00020399999630171806 0.029224999248981476 0.0076489998027682304
v -0.00039500001003034413 0.02483700029551983 0.007703000213950872
v -0.0029380000196397305 0.03012399934232235 0.007660000119358301
v -0.0016039999900385737 0.02993999980390072 0.007652000058442354
v -0.00039500001003034413 0.02483700029551983 0.007703000213950872
v -0.004608000162988901 0.029046999290585518 0.007683000061661005
v -0.0029380000196397305 0.03012399934232235 0.007660000119358301
v -0.00039500001003034413 0.02483700029551983 0.007703000213950872
v -0.005007000174373388 0.027893999591469765 0.0076939999125897884
v -0.004608000162988901 0.029046999290585518 0.007683000061661005
v -0.00039500001003034413 0.02483700029551983 0.007703000213950872
v -0.0051460000686347485 0.025061000138521194 0.00773000018671155
v -0.005007000174373388 0.027893999591469765 0.0076939999125897884
v -0.00039500001003034413 0.02483700029551983 0.007703000213950872
v 0.0038219999987632036 0.027648000046610832 -0.007335000205785036
v 0.002498999936506152 0.0282600000500679 -0.007958999834954739
v 0.00203699991106987 0.02488899976015091 -0.008124000392854214
v 0.003384999930858612 0.013867000117897987 -0.007726999931037426
v 0.0018479999853298068 0.016699999570846558 -0.008256999775767326
v 0.002070999937132001 0.013470999896526337 -0.00821600016206503
v -0.0007689999765716493 0.012536999769508839 -0.008624999783933163
v -0.0006440000142902136 0.016818000003695488 -0.008561000227928162
v -0.0013909999979659915 0.0122079998254776 -0.00864300038665533
v -0.0006440000142902136 0.016818000003695488 -0.008561000227928162
v -0.0028909998945891857 0.012103999964892864 -0.008635999634861946
v -0.0013909999979659915 0.0122079998254776 -0.00864300038665533
v -0.0006440000142902136 0.016818000003695488 -0.008561000227928162
v -0.004275999963283539 0.012690000236034393 -0.00861900020390749
v -0.0028909998945891857 0.012103999964892864 -0.008635999634861946
v -0.0006440000142902136 0.016818000003695488 -0.008561000227928162
v -0.005206000059843063 0.013872000388801098 -0.008596000261604786
v -0.004275999963283539 0.012690000236034393 -0.00861900020390749
v -0.0006440000142902136 0.016818000003695488 -0.008561000227928162
v -0.0055160000920295715 0.01537800021469593 -0.008572000078856945
v -0.005206000059843063 0.013872000388801098 -0.008596000261604786
v -0.0006440000142902136 0.016818000003695488 -0.008561000227928162
v -0.0054410002194345 0.016882000491023064 -0.008534000255167484
v -0.0055160000920295715 0.01537800021469593 -0.008572000078856945
v -0.00034699999378062785 0.024896999821066856 -0.008430000394582748
v -0.0002629999944474548 0.029335999861359596 -0.0083619998767972
v -0.0015940000303089619 0.02997400052845478 -0.008346999995410442
v -0.00034699999378062785 0.024896999821066856 -0.008430000394582748
v -0.0015940000303089619 0.02997400052845478 -0.008346999995410442
v -0.002901999978348613 0.030119000002741814 -0.008337999694049358
v -0.00034699999378062785 0.024896999821066856 -0.008430000394582748
v -0.002901999978348613 0.030119000002741814 -0.008337999694049358
v -0.004046999849379063 0.02966799959540367 -0.008338999934494495
v -0.00034699999378062785 0.024896999821066856 -0.008430000394582748
v -0.004046999849379063 0.02966799959540367 -0.008338999934494495
v -0.004801000002771616 0.02889700047671795 -0.008377999998629093
v -0.00034699999378062785 0.024896999821066856 -0.008430000394582748
v -0.004801000002771616 0.02889700047671795 -0.008377999998629093
v -0.0050929998978972435 0.02780199982225895 -0.008363000117242336
v -0.00034699999378062785 0.024896999821066856 -0.008430000394582748
v -0.0050929998978972435 0.02780199982225895 -0.008363000117242336
v -0.005212000105530024 0.025061000138521194 -0.00840499997138977
v 0.0017659999430179596 0.04273800179362297 -0.00916799996048212
v -0.0010130000300705433 0.04272500053048134 -0.009115999564528465
v 0.0004330000083427876 0.043014999479055405 -0.009123999625444412
v 0.0032279998995363712 0.039181001484394073 -0.009185999631881714
v 0.002199999988079071 0.035634998232126236 -0.009185999631881714
v -0.0028299998957663774 0.03874799981713295 -0.009112000465393066
v -0.004511999897658825 0.035943999886512756 -0.009096999652683735
v -0.004404000006616116 0.03838000074028969 -0.009062999859452248
v -0.0028299998957663774 0.03874799981713295 -0.009112000465393066
v -0.0001289999927394092 0.010541999712586403 -0.008716000244021416
v 0 0.006763999816030264 -0.009758000262081623
v -0.005363000091165304 0.008058999665081501 -0.009545999579131603
v 0 0.006763999816030264 -0.009758000262081623
v 0 0.0055160000920295715 -0.009794999845325947
v -0.005363000091165304 0.008058999665081501 -0.009545999579131603
v 0 0.0055160000920295715 -0.009794999845325947
v -0.0016060000052675605 0.005394999869167805 -0.009839000180363655
v -0.005363000091165304 0.008058999665081501 -0.009545999579131603
v -0.0016060000052675605 0.005394999869167805 -0.009839000180363655
v -0.003083999967202544 0.004819000139832497 -0.009837999939918518
v -0.005363000091165304 0.008058999665081501 -0.009545999579131603
v -0.003083999967202544 0.004819000139832497 -0.009837999939918518
v -0.004414000082761049 0.0037320000119507313 -0.009832000359892845
v -0.005363000091165304 0.008058999665081501 -0.009545999579131603
v -0.005330000072717667 0.0022879999596625566 -0.009829999879002571
v -0.005628999788314104 0.000678999989759177 -0.009823000058531761
v -0.005528999958187342 0.0054410002194345 -0.009789000265300274
v -0.004414000082761049 0.0037320000119507313 -0.009832000359892845
v -0.005330000072717667 0.0022879999596625566 -0.009829999879002571
v -0.005528999958187342 0.0054410002194345 -0.009789000265300274
v -0.004414000082761049 0.0037320000119507313 -0.009832000359892845
v -0.005528999958187342 0.0054410002194345 -0.009789000265300274
v -0.005363000091165304 0.008058999665081501 -0.009545999579131603
v -0.005628999788314104 0.000678999989759177 -0.009823000058531761
v -0.00686699990183115 0.0007360000163316727 -0.00863299984484911
v -0.005528999958187342 0.0054410002194345 -0.009789000265300274
v 0.003315000096336007 0.003942999988794327 -0.008255000226199627
v 0.0018500000005587935 0.0050479997880756855 -0.009410999715328217
v 0.0026489999145269394 0.006624000146985054 -0.008895999751985073
v 0.005185000132769346 0.03725700080394745 -0.0075090001337230206
v 0.0041959998197853565 0.03595000132918358 -0.008566999807953835
v 0.0032279998995363712 0.039181001484394073 -0.009185999631881714
v 0.005704999901354313 0.03889000043272972 -0.006676999852061272
v 0.005185000132769346 0.03725700080394745 -0.0075090001337230206
v 0.0032279998995363712 0.039181001484394073 -0.009185999631881714
v -0.004404000006616116 0.03838000074028969 -0.009062999859452248
v -0.004168999847024679 0.038481999188661575 -0.007902000099420547
v -0.0028299998957663774 0.03874799981713295 -0.009112000465393066
v -0.005745999980717897 0.038081999868154526 -0.007854999974370003
v -0.004168999847024679 0.038481999188661575 -0.007902000099420547
v -0.004404000006616116 0.03838000074028969 -0.009062999859452248
v -0.004083000123500824 0.04100000113248825 -0.005237999837845564
v -0.003240999998524785 0.04268300160765648 -0.007813000120222569
v -0.004188999999314547 0.040686000138521194 -0.007860000245273113
v -0.004083000123500824 0.04100000113248825 -0.005237999837845564
v -0.0027179999742656946 0.04326799884438515 -0.0052709998562932014
v -0.003240999998524785 0.04268300160765648 -0.007813000120222569
v -0.0027179999742656946 0.04326799884438515 -0.0052709998562932014
v -0.0015460000140592456 0.04411499947309494 -0.007615000009536743
v -0.003240999998524785 0.04268300160765648 -0.007813000120222569
v -0.0027179999742656946 0.04326799884438515 -0.0052709998562932014
v -0.00039900001138448715 0.044555000960826874 -0.005260000005364418
v -0.0015460000140592456 0.04411499947309494 -0.007615000009536743
v -0.00039900001138448715 0.044555000960826874 -0.005260000005364418
v 0.000615999975707382 0.04463300108909607 -0.007534000091254711
v -0.0015460000140592456 0.04411499947309494 -0.007615000009536743
v -0.00039900001138448715 0.044555000960826874 -0.005260000005364418
v 0.0022070000413805246 0.044481001794338226 -0.005253999959677458
v 0.000615999975707382 0.04463300108909607 -0.007534000091254711
v 0.0022070000413805246 0.044481001794338226 -0.005253999959677458
v 0.0027910000644624233 0.04424700140953064 -0.00724400021135807
v 0.000615999975707382 0.04463300108909607 -0.007534000091254711
v 0.0022070000413805246 0.044481001794338226 -0.005253999959677458
v 0.004461999982595444 0.04309999942779541 -0.005295999813824892
v 0.0027910000644624233 0.04424700140953064 -0.00724400021135807
v 0.004461999982595444 0.04309999942779541 -0.005295999813824892
v 0.00443900004029274 0.042973000556230545 -0.007172999903559685
v 0.0027910000644624233 0.04424700140953064 -0.00724400021135807
v 0.005615999922156334 0.03822899982333183 -0.005311000160872936
v 0.005185000132769346 0.03725700080394745 -0.0075090001337230206
v 0.005704999901354313 0.03889000043272972 -0.006676999852061272
v 0.005615999922156334 0.03822899982333183 -0.005311000160872936
v 0.004259000066667795 0.03598099946975708 -0.005297999829053879
v 0.005185000132769346 0.03725700080394745 -0.0075090001337230206
v 0.004259000066667795 0.03598099946975708 -0.005297999829053879
v 0.0041959998197853565 0.03595000132918358 -0.008566999807953835
v 0.005185000132769346 0.03725700080394745 -0.0075090001337230206
v 0.003261999925598502 0.02833000011742115 -0.006668999791145325
v 0.0028649999294430017 0.02740900032222271 -0.006723999977111816
v 0.0020409999415278435 0.028812000527977943 -0.0076339999213814735
v 0.004772000014781952 0.035294000059366226 -0.007830999791622162
v 0.0036200000904500484 0.03548699989914894 -0.008813999593257904
v 0.0041959998197853565 0.03595000132918358 -0.008566999807953835
v 0.0053369998931884766 0.03339900076389313 -0.005125999916344881
v 0.005018999800086021 0.030780000612139702 -0.004430000204592943
v 0.004912000149488449 0.03300900012254715 -0.006732999812811613
v 0.0034920000471174717 0.010377000086009502 0.005894999951124191
v 0.004275999963283539 0.009599000215530396 0.003877999959513545
v 0.004035999998450279 0.010604999959468842 0.003558000084012747
v 0.002956999931484461 0.011334000155329704 0.005994999781250954
v 0.0034920000471174717 0.010377000086009502 0.005894999951124191
v 0.004035999998450279 0.010604999959468842 0.003558000084012747
v 0.0049959998577833176 0.03292899951338768 0.00596500001847744
v 0.00507500022649765 0.030806999653577805 0.003785999957472086
v 0.005408000200986862 0.0335410013794899 0.004523000214248896
v 0.004246999975293875 0.0359329991042614 0.00788700021803379
v 0.0037640000227838755 0.035186998546123505 0.008119000121951103
v 0.004902999848127365 0.03514000028371811 0.007054999936372042
v 0.002650999929755926 0.006643999833613634 0.008169000037014484
v 0.0019120000069960952 0.004954999778419733 0.008675999939441681
v 0.0034260000102221966 0.003926999866962433 0.007400000002235174
v -0.004251000005751848 0.0384100005030632 -0.004939999897032976
v -0.0036909999325871468 0.038513001054525375 -0.00523399980738759
v -0.0041600000113248825 0.038467999547719955 -0.005289999768137932
v -0.0041600000113248825 0.038467999547719955 -0.005289999768137932
v -0.004168999847024679 0.038481999188661575 -0.007902000099420547
v -0.005745999980717897 0.038081999868154526 -0.007854999974370003
v -0.004251000005751848 0.0384100005030632 -0.004939999897032976
v -0.0041600000113248825 0.038467999547719955 -0.005289999768137932
v -0.005745999980717897 0.038081999868154526 -0.007854999974370003
v -0.0036100000143051147 0.03856100142002106 0.004679999779909849
v -0.004375999793410301 0.03837699815630913 0.003916999790817499
v -0.004110999871045351 0.03845499828457832 0.004683000035583973
v -0.004091999959200621 0.03849099949002266 0.007329999934881926
v -0.00443299999460578 0.038284000009298325 0.008600999601185322
v -0.0030980000738054514 0.03858799859881401 0.008547999896109104
v -0.0030980000738054514 0.03858799859881401 0.008547999896109104
v 0.0012540000025182962 0.03999900072813034 0.008352999575436115
v -0.0036830001045018435 0.041676998138427734 0.008302999660372734
v -0.0036830001045018435 0.041676998138427734 0.008302999660372734
v 0.0012540000025182962 0.03999900072813034 0.008352999575436115
v -0.0016959999920800328 0.04392100125551224 0.008307999931275845
v -0.0016959999920800328 0.04392100125551224 0.008307999931275845
v 0.0012540000025182962 0.03999900072813034 0.008352999575436115
v 0.000977999996393919 0.04464399814605713 0.008275999687612057
v 0.000977999996393919 0.04464399814605713 0.008275999687612057
v 0.0012540000025182962 0.03999900072813034 0.008352999575436115
v 0.0035510000307112932 0.043855998665094376 0.008276999928057194
v 0.0035510000307112932 0.043855998665094376 0.008276999928057194
v 0.0012540000025182962 0.03999900072813034 0.008352999575436115
v 0.005363999865949154 0.041871000081300735 0.008244000375270844
v 0.005363999865949154 0.041871000081300735 0.008244000375270844
v 0.0012540000025182962 0.03999900072813034 0.008352999575436115
v 0.005770000163465738 0.039009999483823776 0.008263999596238136
v 0.005770000163465738 0.039009999483823776 0.008263999596238136
v 0.0012540000025182962 0.03999900072813034 0.008352999575436115
v 0.003898999886587262 0.036963000893592834 0.008252999745309353
v 0.003898999886587262 0.036963000893592834 0.008252999745309353
v 0.0012540000025182962 0.03999900072813034 0.008352999575436115
v 0.0024689999409019947 0.036605000495910645 0.00825399998575449
v 0.0024689999409019947 0.036605000495910645 0.00825399998575449
v 0.0012540000025182962 0.03999900072813034 0.008352999575436115
v -0.0030980000738054514 0.03858799859881401 0.008547999896109104
v 0.005293000023812056 0.037255000323057175 0.006996000185608864
v 0.003898999886587262 0.036963000893592834 0.008252999745309353
v 0.004246999975293875 0.0359329991042614 0.00788700021803379
v 0.004246999975293875 0.0359329991042614 0.00788700021803379
v 0.003898999886587262 0.036963000893592834 0.008252999745309353
v 0.0037640000227838755 0.035186998546123505 0.008119000121951103
v 0.004304000176489353 0.03594699874520302 0.0046270000748336315
v 0.005293000023812056 0.037255000323057175 0.006996000185608864
v 0.004246999975293875 0.0359329991042614 0.00788700021803379
v 0.004259000066667795 0.03598099946975708 -0.005297999829053879
v 0.004772000014781952 0.035294000059366226 -0.007830999791622162
v 0.0041959998197853565 0.03595000132918358 -0.008566999807953835
v 0.0038840000052005053 0.03627900034189224 -0.005297000054270029
v 0.004362999927252531 0.035771001130342484 -0.004885000176727772
v 0.004259000066667795 0.03598099946975708 -0.005297999829053879
v 0.004480999894440174 0.0357000008225441 0.0038240000139921904
v 0.0038999998942017555 0.03623799979686737 0.004612999968230724
v 0.004304000176489353 0.03594699874520302 0.0046270000748336315
v 0.004246999975293875 0.0359329991042614 0.00788700021803379
v 0.004902999848127365 0.03514000028371811 0.007054999936372042
v 0.005446999799460173 0.03462100028991699 0.004999000113457441
v 0.0006970000104047358 0.03939700126647949 -0.005278999917209148
v -0.0027179999742656946 0.04326799884438515 -0.0052709998562932014
v -0.004083000123500824 0.04100000113248825 -0.005237999837845564
v 0.0006970000104047358 0.03939700126647949 -0.005278999917209148
v -0.00039900001138448715 0.044555000960826874 -0.005260000005364418
v -0.0027179999742656946 0.04326799884438515 -0.0052709998562932014
v 0.0006970000104047358 0.03939700126647949 -0.005278999917209148
v 0.0022070000413805246 0.044481001794338226 -0.005253999959677458
v -0.00039900001138448715 0.044555000960826874 -0.005260000005364418
v 0.0006970000104047358 0.03939700126647949 -0.005278999917209148
v 0.004461999982595444 0.04309999942779541 -0.005295999813824892
v 0.0022070000413805246 0.044481001794338226 -0.005253999959677458
v 0.0006970000104047358 0.03939700126647949 -0.005278999917209148
v 0.005683999974280596 0.040800999850034714 -0.005295000039041042
v 0.004461999982595444 0.04309999942779541 -0.005295999813824892
v 0.0006970000104047358 0.03939700126647949 -0.005278999917209148
v 0.005615999922156334 0.03822899982333183 -0.005311000160872936
v 0.005683999974280596 0.040800999850034714 -0.005295000039041042
v 0.0038840000052005053 0.03627900034189224 -0.005297000054270029
v 0.0006970000104047358 0.03939700126647949 -0.005278999917209148
v 0.0018050000071525574 0.035204000771045685 -0.0053010000847280025
v 0.0018050000071525574 0.035204000771045685 -0.0053010000847280025
v 0.0006970000104047358 0.03939700126647949 -0.005278999917209148
v -0.0005569999921135604 0.0352259986102581 -0.005291000008583069
v -0.0005569999921135604 0.0352259986102581 -0.005291000008583069
v 0.0006970000104047358 0.03939700126647949 -0.005278999917209148
v -0.002552000107243657 0.0364609993994236 -0.005270000081509352
v 0.0006970000104047358 0.03939700126647949 -0.005278999917209148
v -0.0036909999325871468 0.038513001054525375 -0.00523399980738759
v -0.002552000107243657 0.0364609993994236 -0.005270000081509352
v -0.0036909999325871468 0.038513001054525375 -0.00523399980738759
v -0.004083000123500824 0.04100000113248825 -0.005237999837845564
v -0.0041600000113248825 0.038467999547719955 -0.005289999768137932
v -0.0036909999325871468 0.038513001054525375 -0.00523399980738759
v 0.0006970000104047358 0.03939700126647949 -0.005278999917209148
v -0.004083000123500824 0.04100000113248825 -0.005237999837845564
v 0.0038840000052005053 0.03627900034189224 -0.005297000054270029
v 0.004259000066667795 0.03598099946975708 -0.005297999829053879
v 0.005615999922156334 0.03822899982333183 -0.005311000160872936
v 0.0006970000104047358 0.03939700126647949 -0.005278999917209148
v 0.0038840000052005053 0.03627900034189224 -0.005297000054270029
v 0.005615999922156334 0.03822899982333183 -0.005311000160872936
v 0.0007019999902695417 0.03920000046491623 0.004654999822378159
v -0.003924000076949596 0.04132699966430664 0.004705000203102827
v -0.0020639998838305473 0.043765000998973846 0.004676999989897013
v 0.0007019999902695417 0.03920000046491623 0.004654999822378159
v -0.0020639998838305473 0.043765000998973846 0.004676999989897013
v 0.0007769999792799354 0.044638000428676605 0.0046629998832941055
v 0.0007019999902695417 0.03920000046491623 0.004654999822378159
v 0.0007769999792799354 0.044638000428676605 0.0046629998832941055
v 0.0036539998836815357 0.04380900040268898 0.004650000017136335
v 0.0007019999902695417 0.03920000046491623 0.004654999822378159
v 0.0036539998836815357 0.04380900040268898 0.004650000017136335
v 0.005522000137716532 0.04147399961948395 0.004637000150978565
v 0.0007019999902695417 0.03920000046491623 0.004654999822378159
v 0.005522000137716532 0.04147399961948395 0.004637000150978565
v 0.005764000117778778 0.038513001054525375 0.004623000044375658
v 0.0007019999902695417 0.03920000046491623 0.004654999822378159
v 0.0038999998942017555 0.03623799979686737 0.004612999968230724
v 0.001905999961309135 0.035162001848220825 0.004637000150978565
v 0.0007019999902695417 0.03920000046491623 0.004654999822378159
v 0.001905999961309135 0.035162001848220825 0.004637000150978565
v -0.0004900000058114529 0.03523100167512894 0.004648999776691198
v 0.0007019999902695417 0.03920000046491623 0.004654999822378159
v -0.0004900000058114529 0.03523100167512894 0.004648999776691198
v -0.002509000012651086 0.03647900000214577 0.004668999928981066
v -0.0036100000143051147 0.03856100142002106 0.004679999779909849
v 0.0007019999902695417 0.03920000046491623 0.004654999822378159
v -0.002509000012651086 0.03647900000214577 0.004668999928981066
v -0.003924000076949596 0.04132699966430664 0.004705000203102827
v -0.0036100000143051147 0.03856100142002106 0.004679999779909849
v -0.004110999871045351 0.03845499828457832 0.004683000035583973
v -0.003924000076949596 0.04132699966430664 0.004705000203102827
v 0.0007019999902695417 0.03920000046491623 0.004654999822378159
v -0.0036100000143051147 0.03856100142002106 0.004679999779909849
v 0.004304000176489353 0.03594699874520302 0.0046270000748336315
v 0.0038999998942017555 0.03623799979686737 0.004612999968230724
v 0.005764000117778778 0.038513001054525375 0.004623000044375658
v 0.0038999998942017555 0.03623799979686737 0.004612999968230724
v 0.0007019999902695417 0.03920000046491623 0.004654999822378159
v 0.005764000117778778 0.038513001054525375 0.004623000044375658
v -0.0030980000738054514 0.03858799859881401 0.008547999896109104
v -0.00443299999460578 0.038284000009298325 0.008600999601185322
v 0.0024689999409019947 0.036605000495910645 0.00825399998575449
v 0.0017359999474138021 0.03247800096869469 0.00800700020045042
v -0.004569000098854303 0.03266400098800659 0.008050999604165554
v 0.0008399999933317304 0.02933800034224987 0.007335000205785036
v -0.00022600000374950469 0.011145999655127525 0.007809000089764595
v -0.0052280002273619175 0.010727000422775745 0.008054000325500965
v -0.00014099999680183828 0.010591999627649784 0.007984999567270279
v -0.0053889998234808445 0.005024999845772982 0.009154999628663063
v -0.005543999839574099 0.000615999975707382 0.009134000167250633
v -0.004914000164717436 0.002845000009983778 0.009142999537289143
v -0.0053889998234808445 0.005024999845772982 0.009154999628663063
v -0.004914000164717436 0.002845000009983778 0.009142999537289143
v -0.003473999910056591 0.004495999775826931 0.009138000197708607
v -0.0053889998234808445 0.005024999845772982 0.009154999628663063
v -0.003473999910056591 0.004495999775826931 0.009138000197708607
v -0.0053610000759363174 0.007137000095099211 0.009038000367581844
v -0.003473999910056591 0.004495999775826931 0.009138000197708607
v -0.0014900000533089042 0.005386999808251858 0.009127000346779823
v -0.0053610000759363174 0.007137000095099211 0.009038000367581844
v -0.0053610000759363174 0.007137000095099211 0.009038000367581844
v -0.0014900000533089042 0.005386999808251858 0.009127000346779823
v 0 0.005472999997437 0.009115999564528465
v 0 0.006885000038892031 0.009014000184834003
v -0.0053610000759363174 0.007137000095099211 0.009038000367581844
v 0 0.005472999997437 0.009115999564528465
v -0.004476000089198351 0.03599099814891815 0.008600999601185322
v -0.00443299999460578 0.038284000009298325 0.008600999601185322
v -0.004908999893814325 0.0382159985601902 0.008476000279188156
v -0.00573199987411499 0.035902999341487885 0.007189999800175428
v -0.004569000098854303 0.03266400098800659 0.008050999604165554
v -0.004476000089198351 0.03599099814891815 0.008600999601185322
v -0.00573199987411499 0.035902999341487885 0.007189999800175428
v -0.005963000003248453 0.02840300090610981 0.0060259997844696045
v -0.004569000098854303 0.03266400098800659 0.008050999604165554
v -0.005963000003248453 0.02840300090610981 0.0060259997844696045
v -0.004695000126957893 0.028300000354647636 0.007306000217795372
v -0.004569000098854303 0.03266400098800659 0.008050999604165554
v -0.0053889998234808445 0.005024999845772982 0.009154999628663063
v -0.006777999922633171 0.0007379999733529985 0.00787500012665987
v -0.005543999839574099 0.000615999975707382 0.009134000167250633
v -0.006777999922633171 0.0007379999733529985 0.00787500012665987
v -0.005568999797105789 0.0006290000164881349 0.004811999853700399
v -0.005543999839574099 0.000615999975707382 0.009134000167250633
v -0.005603000055998564 0.0006600000197067857 -0.005557000171393156
v -0.00686699990183115 0.0007360000163316727 -0.00863299984484911
v -0.005628999788314104 0.000678999989759177 -0.009823000058531761
v -0.004914000164717436 0.002845000009983778 0.009142999537289143
v -0.004550000187009573 0.003355999942868948 0.0048699998296797276
v -0.003473999910056591 0.004495999775826931 0.009138000197708607
v -0.0014900000533089042 0.005386999808251858 0.009127000346779823
v -0.00216299993917346 0.005166000220924616 0.004801000002771616
v 0 0.005472999997437 0.009115999564528465
v 0 0.0055160000920295715 -0.009794999845325947
v -0.002182000083848834 0.005142000038176775 -0.005520999897271395
v -0.0016060000052675605 0.005394999869167805 -0.009839000180363655
v -0.003083999967202544 0.004819000139832497 -0.009837999939918518
v -0.004594000056385994 0.00342700001783669 -0.005539999809116125
v -0.004414000082761049 0.0037320000119507313 -0.009832000359892845
v -0.004414000082761049 0.0037320000119507313 -0.009832000359892845
v -0.004594000056385994 0.00342700001783669 -0.005539999809116125
v -0.005330000072717667 0.0022879999596625566 -0.009829999879002571
v -0.00044800000614486635 0.0004330000083427876 0.004792999941855669
v -0.005568999797105789 0.0006290000164881349 0.004811999853700399
v -0.0053079999051988125 0.0006120000034570694 0.00481700012460351
v -0.00044800000614486635 0.0004330000083427876 0.004792999941855669
v -0.004550000187009573 0.003355999942868948 0.0048699998296797276
v -0.005568999797105789 0.0006290000164881349 0.004811999853700399
v -0.00044800000614486635 0.0004330000083427876 0.004792999941855669
v -0.00216299993917346 0.005166000220924616 0.004801000002771616
v -0.004550000187009573 0.003355999942868948 0.0048699998296797276
v -0.00044800000614486635 0.0004330000083427876 0.004792999941855669
v 0.0008420000085607171 0.005348999984562397 0.004784000106155872
v -0.00216299993917346 0.005166000220924616 0.004801000002771616
v -0.00044800000614486635 0.0004330000083427876 0.004792999941855669
v -0.0053079999051988125 0.0006120000034570694 0.00481700012460351
v -0.004854999948292971 -0.001664999988861382 0.004815000109374523
v -0.00044800000614486635 0.0004330000083427876 0.004792999941855669
v -0.004854999948292971 -0.001664999988861382 0.004815000109374523
v -0.003329999977722764 -0.003648000070825219 0.0047980002127587795
v -0.00044800000614486635 0.0004330000083427876 0.004792999941855669
v -0.003329999977722764 -0.003648000070825219 0.0047980002127587795
v -0.0011050000321120024 -0.004550000187009573 0.0047889999113976955
v -0.00044800000614486635 0.0004330000083427876 0.004792999941855669
v -0.0011050000321120024 -0.004550000187009573 0.0047889999113976955
v 0.0012730000307783484 -0.004290000069886446 0.0047610001638531685
v -0.00044800000614486635 0.0004330000083427876 0.004792999941855669
v 0.0012730000307783484 -0.004290000069886446 0.0047610001638531685
v 0.0033160001039505005 -0.002966000000014901 0.0047519998624920845
v -0.00044800000614486635 0.0004330000083427876 0.004792999941855669
v 0.0033160001039505005 -0.002966000000014901 0.0047519998624920845
v 0.004414000082761049 -0.0008350000134669244 0.004741999786347151
v -0.00044800000614486635 0.0004330000083427876 0.004792999941855669
v 0.004414000082761049 -0.0008350000134669244 0.004741999786347151
v 0.004379999823868275 0.0015999999595806003 0.004763000179082155
v 0.003246000036597252 0.0036319999489933252 0.004772999789565802
v 0.003418999956920743 0.0038739999290555716 0.0047900001518428326
v 0.0008420000085607171 0.005348999984562397 0.004784000106155872
v 0.003246000036597252 0.0036319999489933252 0.004772999789565802
v -0.00044800000614486635 0.0004330000083427876 0.004792999941855669
v 0.004379999823868275 0.0015999999595806003 0.004763000179082155
v -0.00044800000614486635 0.0004330000083427876 0.004792999941855669
v 0.003246000036597252 0.0036319999489933252 0.004772999789565802
v 0.0008420000085607171 0.005348999984562397 0.004784000106155872
v -0.004594000056385994 0.00342700001783669 -0.005539999809116125
v -0.005344000179320574 0.0006419999990612268 -0.00548599986359477
v -0.005603000055998564 0.0006600000197067857 -0.005557000171393156
v 0.0031530000269412994 0.0036770000588148832 -0.005551000125706196
v 0.0007890000124461949 0.00534099992364645 -0.005553999915719032
v 0.0033450000919401646 0.003860000055283308 -0.005572000052779913
v -0.00036100001307204366 0.00013499999477062374 -0.005535000003874302
v -0.002182000083848834 0.005142000038176775 -0.005520999897271395
v 0.0007890000124461949 0.00534099992364645 -0.005553999915719032
v -0.00036100001307204366 0.00013499999477062374 -0.005535000003874302
v -0.004594000056385994 0.00342700001783669 -0.005539999809116125
v -0.002182000083848834 0.005142000038176775 -0.005520999897271395
v -0.005344000179320574 0.0006419999990612268 -0.00548599986359477
v -0.00036100001307204366 0.00013499999477062374 -0.005535000003874302
v -0.004902999848127365 -0.0017679999582469463 -0.005508999805897474
v -0.004902999848127365 -0.0017679999582469463 -0.005508999805897474
v -0.00036100001307204366 0.00013499999477062374 -0.005535000003874302
v -0.0033809999004006386 -0.003636999987065792 -0.005522000137716532
v -0.0033809999004006386 -0.003636999987065792 -0.005522000137716532
v -0.00036100001307204366 0.00013499999477062374 -0.005535000003874302
v -0.0010860000038519502 -0.0045819999650120735 -0.005518000107258558
v -0.0010860000038519502 -0.0045819999650120735 -0.005518000107258558
v -0.00036100001307204366 0.00013499999477062374 -0.005535000003874302
v 0.0012750000460073352 -0.00432599987834692 -0.005551000125706196
v 0.0012750000460073352 -0.00432599987834692 -0.005551000125706196
v -0.00036100001307204366 0.00013499999477062374 -0.005535000003874302
v 0.0032530000898987055 -0.0029700000304728746 -0.005557000171393156
v 0.0032530000898987055 -0.0029700000304728746 -0.005557000171393156
v -0.00036100001307204366 0.00013499999477062374 -0.005535000003874302
v 0.004360999912023544 -0.000881000014487654 -0.005555999930948019
v 0.004360999912023544 -0.000881000014487654 -0.005555999930948019
v -0.00036100001307204366 0.00013499999477062374 -0.005535000003874302
v 0.0043299999088048935 0.001554999966174364 -0.005549999885261059
v 0.0043299999088048935 0.001554999966174364 -0.005549999885261059
v -0.00036100001307204366 0.00013499999477062374 -0.005535000003874302
v 0.0031530000269412994 0.0036770000588148832 -0.005551000125706196
v -0.00036100001307204366 0.00013499999477062374 -0.005535000003874302
v -0.005344000179320574 0.0006419999990612268 -0.00548599986359477
v -0.004594000056385994 0.00342700001783669 -0.005539999809116125
v -0.00036100001307204366 0.00013499999477062374 -0.005535000003874302
v 0.0007890000124461949 0.00534099992364645 -0.005553999915719032
v 0.0031530000269412994 0.0036770000588148832 -0.005551000125706196
v 0.003418999956920743 0.0038739999290555716 0.0047900001518428326
v 0.0033450000919401646 0.003860000055283308 -0.005572000052779913
v 0.004511999897658825 0.005001999903470278 -0.005284000188112259
v 0.00455200020223856 0.0050050001591444016 0.0045779999345541
v 0.003418999956920743 0.0038739999290555716 0.0047900001518428326
v 0.004511999897658825 0.005001999903470278 -0.005284000188112259
v 0.004296999890357256 0.004854999948292971 -0.006616999860852957
v 0.0033450000919401646 0.003860000055283308 -0.005572000052779913
v 0.003315000096336007 0.003942999988794327 -0.008255000226199627
v 0.004296999890357256 0.004854999948292971 -0.006616999860852957
v 0.004511999897658825 0.005001999903470278 -0.005284000188112259
v 0.0033450000919401646 0.003860000055283308 -0.005572000052779913
v 0.0031530000269412994 0.0036770000588148832 -0.005551000125706196
v 0.0033450000919401646 0.003860000055283308 -0.005572000052779913
v 0.003418999956920743 0.0038739999290555716 0.0047900001518428326
v 0.003246000036597252 0.0036319999489933252 0.004772999789565802
v 0.0031530000269412994 0.0036770000588148832 -0.005551000125706196
v 0.003418999956920743 0.0038739999290555716 0.0047900001518428326
v 0.004230999853461981 0.004695999901741743 0.006184000056236982
v 0.003418999956920743 0.0038739999290555716 0.0047900001518428326
v 0.00455200020223856 0.0050050001591444016 0.0045779999345541
v 0.004230999853461981 0.004695999901741743 0.006184000056236982
v 0.0034260000102221966 0.003926999866962433 0.007400000002235174
v 0.003418999956920743 0.0038739999290555716 0.0047900001518428326
v 0.0043299999088048935 0.001554999966174364 -0.005549999885261059
v 0.003246000036597252 0.0036319999489933252 0.004772999789565802
v 0.004379999823868275 0.0015999999595806003 0.004763000179082155
v 0.0043299999088048935 0.001554999966174364 -0.005549999885261059
v 0.0031530000269412994 0.0036770000588148832 -0.005551000125706196
v 0.003246000036597252 0.0036319999489933252 0.004772999789565802
v 0.0043299999088048935 0.001554999966174364 -0.005549999885261059
v 0.004379999823868275 0.0015999999595806003 0.004763000179082155
v 0.004414000082761049 -0.0008350000134669244 0.004741999786347151
v 0.004360999912023544 -0.000881000014487654 -0.005555999930948019
v 0.0043299999088048935 0.001554999966174364 -0.005549999885261059
v 0.004414000082761049 -0.0008350000134669244 0.004741999786347151
v 0.004360999912023544 -0.000881000014487654 -0.005555999930948019
v 0.004414000082761049 -0.0008350000134669244 0.004741999786347151
v 0.0033160001039505005 -0.002966000000014901 0.0047519998624920845
v 0.0032530000898987055 -0.0029700000304728746 -0.005557000171393156
v 0.004360999912023544 -0.000881000014487654 -0.005555999930948019
v 0.0033160001039505005 -0.002966000000014901 0.0047519998624920845
v 0.0032530000898987055 -0.0029700000304728746 -0.005557000171393156
v 0.0033160001039505005 -0.002966000000014901 0.0047519998624920845
v 0.0012730000307783484 -0.004290000069886446 0.0047610001638531685
v 0.0012750000460073352 -0.00432599987834692 -0.005551000125706196
v 0.0032530000898987055 -0.0029700000304728746 -0.005557000171393156
v 0.0012730000307783484 -0.004290000069886446 0.0047610001638531685
v -0.0010860000038519502 -0.0045819999650120735 -0.005518000107258558
v 0.0012730000307783484 -0.004290000069886446 0.0047610001638531685
v -0.0011050000321120024 -0.004550000187009573 0.0047889999113976955
v -0.0010860000038519502 -0.0045819999650120735 -0.005518000107258558
v 0.0012750000460073352 -0.00432599987834692 -0.005551000125706196
v 0.0012730000307783484 -0.004290000069886446 0.0047610001638531685
v -0.0033809999004006386 -0.003636999987065792 -0.005522000137716532
v -0.0011050000321120024 -0.004550000187009573 0.0047889999113976955
v -0.003329999977722764 -0.003648000070825219 0.0047980002127587795
v -0.0033809999004006386 -0.003636999987065792 -0.005522000137716532
v -0.0010860000038519502 -0.0045819999650120735 -0.005518000107258558
v -0.0011050000321120024 -0.004550000187009573 0.0047889999113976955
v -0.004902999848127365 -0.0017679999582469463 -0.005508999805897474
v -0.003329999977722764 -0.003648000070825219 0.0047980002127587795
v -0.004854999948292971 -0.001664999988861382 0.004815000109374523
v -0.004902999848127365 -0.0017679999582469463 -0.005508999805897474
v -0.0033809999004006386 -0.003636999987065792 -0.005522000137716532
v -0.003329999977722764 -0.003648000070825219 0.0047980002127587795
v -0.004854999948292971 -0.001664999988861382 0.004815000109374523
v -0.0053079999051988125 0.0006120000034570694 0.00481700012460351
v -0.005344000179320574 0.0006419999990612268 -0.00548599986359477
v -0.004902999848127365 -0.0017679999582469463 -0.005508999805897474
v -0.004854999948292971 -0.001664999988861382 0.004815000109374523
v -0.005344000179320574 0.0006419999990612268 -0.00548599986359477
v -0.005330000072717667 0.0022879999596625566 -0.009829999879002571
v -0.005603000055998564 0.0006600000197067857 -0.005557000171393156
v -0.005628999788314104 0.000678999989759177 -0.009823000058531761
v -0.005330000072717667 0.0022879999596625566 -0.009829999879002571
v -0.004594000056385994 0.00342700001783669 -0.005539999809116125
v -0.005603000055998564 0.0006600000197067857 -0.005557000171393156
v -0.002182000083848834 0.005142000038176775 -0.005520999897271395
v -0.004594000056385994 0.00342700001783669 -0.005539999809116125
v -0.003083999967202544 0.004819000139832497 -0.009837999939918518
v -0.0016060000052675605 0.005394999869167805 -0.009839000180363655
v -0.002182000083848834 0.005142000038176775 -0.005520999897271395
v -0.003083999967202544 0.004819000139832497 -0.009837999939918518
v 0.0007890000124461949 0.00534099992364645 -0.005553999915719032
v -0.002182000083848834 0.005142000038176775 -0.005520999897271395
v 0 0.0055160000920295715 -0.009794999845325947
v 0.0018500000005587935 0.0050479997880756855 -0.009410999715328217
v 0.0007890000124461949 0.00534099992364645 -0.005553999915719032
v 0 0.0055160000920295715 -0.009794999845325947
v 0.0007890000124461949 0.00534099992364645 -0.005553999915719032
v 0.0018500000005587935 0.0050479997880756855 -0.009410999715328217
v 0.003315000096336007 0.003942999988794327 -0.008255000226199627
v 0.0033450000919401646 0.003860000055283308 -0.005572000052779913
v 0.0007890000124461949 0.00534099992364645 -0.005553999915719032
v 0.003315000096336007 0.003942999988794327 -0.008255000226199627
v 0 0.005472999997437 0.009115999564528465
v 0.0008420000085607171 0.005348999984562397 0.004784000106155872
v 0.0019120000069960952 0.004954999778419733 0.008675999939441681
v 0 0.005472999997437 0.009115999564528465
v -0.00216299993917346 0.005166000220924616 0.004801000002771616
v 0.0008420000085607171 0.005348999984562397 0.004784000106155872
v 0.0008420000085607171 0.005348999984562397 0.004784000106155872
v 0.003418999956920743 0.0038739999290555716 0.0047900001518428326
v 0.0034260000102221966 0.003926999866962433 0.007400000002235174
v 0.0019120000069960952 0.004954999778419733 0.008675999939441681
v 0.0008420000085607171 0.005348999984562397 0.004784000106155872
v 0.0034260000102221966 0.003926999866962433 0.007400000002235174
v -0.003473999910056591 0.004495999775826931 0.009138000197708607
v -0.00216299993917346 0.005166000220924616 0.004801000002771616
v -0.0014900000533089042 0.005386999808251858 0.009127000346779823
v -0.003473999910056591 0.004495999775826931 0.009138000197708607
v -0.004550000187009573 0.003355999942868948 0.0048699998296797276
v -0.00216299993917346 0.005166000220924616 0.004801000002771616
v -0.005568999797105789 0.0006290000164881349 0.004811999853700399
v -0.004550000187009573 0.003355999942868948 0.0048699998296797276
v -0.004914000164717436 0.002845000009983778 0.009142999537289143
v -0.005543999839574099 0.000615999975707382 0.009134000167250633
v -0.005568999797105789 0.0006290000164881349 0.004811999853700399
v -0.004914000164717436 0.002845000009983778 0.009142999537289143
v -0.005603000055998564 0.0006600000197067857 -0.005557000171393156
v -0.006777999922633171 0.0007379999733529985 0.00787500012665987
v -0.00686699990183115 0.0007360000163316727 -0.00863299984484911
v -0.005603000055998564 0.0006600000197067857 -0.005557000171393156
v -0.005568999797105789 0.0006290000164881349 0.004811999853700399
v -0.006777999922633171 0.0007379999733529985 0.00787500012665987
v -0.005344000179320574 0.0006419999990612268 -0.00548599986359477
v -0.005568999797105789 0.0006290000164881349 0.004811999853700399
v -0.005603000055998564 0.0006600000197067857 -0.005557000171393156
v -0.005344000179320574 0.0006419999990612268 -0.00548599986359477
v -0.0053079999051988125 0.0006120000034570694 0.00481700012460351
v -0.005568999797105789 0.0006290000164881349 0.004811999853700399
v -0.006777999922633171 0.0007379999733529985 0.00787500012665987
v -0.006668999791145325 0.007859000004827976 -0.008233999833464622
v -0.00686699990183115 0.0007360000163316727 -0.00863299984484911
v -0.006777999922633171 0.0007379999733529985 0.00787500012665987
v -0.006506000179797411 0.007155000232160091 0.008034000173211098
v -0.006668999791145325 0.007859000004827976 -0.008233999833464622
v -0.006378000136464834 0.010351999662816525 0.007278000004589558
v -0.006591999903321266 0.010250999592244625 -0.00748499995097518
v -0.006668999791145325 0.007859000004827976 -0.008233999833464622
v -0.006506000179797411 0.007155000232160091 0.008034000173211098
v -0.006378000136464834 0.010351999662816525 0.007278000004589558
v -0.006668999791145325 0.007859000004827976 -0.008233999833464622
v -0.006310000084340572 0.014639999717473984 0.0059739998541772366
v -0.006461999844759703 0.014399000443518162 -0.006519999820739031
v -0.006591999903321266 0.010250999592244625 -0.00748499995097518
v -0.006378000136464834 0.010351999662816525 0.007278000004589558
v -0.006310000084340572 0.014639999717473984 0.0059739998541772366
v -0.006591999903321266 0.010250999592244625 -0.00748499995097518
v -0.006310000084340572 0.014639999717473984 0.0059739998541772366
v -0.006033000070601702 0.02836799994111061 -0.006517000030726194
v -0.006461999844759703 0.014399000443518162 -0.006519999820739031
v -0.006310000084340572 0.014639999717473984 0.0059739998541772366
v -0.005963000003248453 0.02840300090610981 0.0060259997844696045
v -0.006033000070601702 0.02836799994111061 -0.006517000030726194
v -0.00573199987411499 0.035902999341487885 0.007189999800175428
v -0.005805999971926212 0.03607900068163872 -0.007860999554395676
v -0.006033000070601702 0.02836799994111061 -0.006517000030726194
v -0.005963000003248453 0.02840300090610981 0.0060259997844696045
v -0.00573199987411499 0.035902999341487885 0.007189999800175428
v -0.006033000070601702 0.02836799994111061 -0.006517000030726194
v -0.00573199987411499 0.035902999341487885 0.007189999800175428
v -0.005745999980717897 0.038081999868154526 -0.007854999974370003
v -0.005805999971926212 0.03607900068163872 -0.007860999554395676
v -0.00573199987411499 0.035902999341487885 0.007189999800175428
v -0.0056420001201331615 0.03804299980401993 0.007271000184118748
v -0.005745999980717897 0.038081999868154526 -0.007854999974370003
v -0.006506000179797411 0.007155000232160091 0.008034000173211098
v -0.0053889998234808445 0.005024999845772982 0.009154999628663063
v -0.0053610000759363174 0.007137000095099211 0.009038000367581844
v -0.006506000179797411 0.007155000232160091 0.008034000173211098
v -0.006777999922633171 0.0007379999733529985 0.00787500012665987
v -0.0053889998234808445 0.005024999845772982 0.009154999628663063
v -0.006506000179797411 0.007155000232160091 0.008034000173211098
v -0.0053610000759363174 0.007137000095099211 0.009038000367581844
v -0.0052280002273619175 0.010727000422775745 0.008054000325500965
v -0.006378000136464834 0.010351999662816525 0.007278000004589558
v -0.006506000179797411 0.007155000232160091 0.008034000173211098
v -0.0052280002273619175 0.010727000422775745 0.008054000325500965
v -0.006378000136464834 0.010351999662816525 0.007278000004589558
v -0.0052280002273619175 0.010727000422775745 0.008054000325500965
v -0.005119999870657921 0.01437699981033802 0.007284999825060368
v -0.006310000084340572 0.014639999717473984 0.0059739998541772366
v -0.006378000136464834 0.010351999662816525 0.007278000004589558
v -0.005119999870657921 0.01437699981033802 0.007284999825060368
v -0.006310000084340572 0.014639999717473984 0.0059739998541772366
v -0.005119999870657921 0.01437699981033802 0.007284999825060368
v -0.004695000126957893 0.028300000354647636 0.007306000217795372
v -0.005963000003248453 0.02840300090610981 0.0060259997844696045
v -0.006310000084340572 0.014639999717473984 0.0059739998541772366
v -0.004695000126957893 0.028300000354647636 0.007306000217795372
v -0.004476000089198351 0.03599099814891815 0.008600999601185322
v -0.004908999893814325 0.0382159985601902 0.008476000279188156
v -0.0056420001201331615 0.03804299980401993 0.007271000184118748
v -0.00573199987411499 0.035902999341487885 0.007189999800175428
v -0.004476000089198351 0.03599099814891815 0.008600999601185322
v -0.0056420001201331615 0.03804299980401993 0.007271000184118748
v -0.00014099999680183828 0.010591999627649784 0.007984999567270279
v -0.0053610000759363174 0.007137000095099211 0.009038000367581844
v 0 0.006885000038892031 0.009014000184834003
v -0.00014099999680183828 0.010591999627649784 0.007984999567270279
v -0.0052280002273619175 0.010727000422775745 0.008054000325500965
v -0.0053610000759363174 0.007137000095099211 0.009038000367581844
v -0.0010029999539256096 0.014035999774932861 0.007294999901205301
v -0.0052280002273619175 0.010727000422775745 0.008054000325500965
v -0.00022600000374950469 0.011145999655127525 0.007809000089764595
v -0.0010029999539256096 0.014035999774932861 0.007294999901205301
v -0.005119999870657921 0.01437699981033802 0.007284999825060368
v -0.0052280002273619175 0.010727000422775745 0.008054000325500965
v -0.004695000126957893 0.028300000354647636 0.007306000217795372
v -0.005119999870657921 0.01437699981033802 0.007284999825060368
v -0.0010029999539256096 0.014035999774932861 0.007294999901205301
v 0.0005019999807700515 0.02838199958205223 0.007278000004589558
v -0.004695000126957893 0.028300000354647636 0.007306000217795372
v -0.0010029999539256096 0.014035999774932861 0.007294999901205301
v 0.0008399999933317304 0.02933800034224987 0.007335000205785036
v -0.004695000126957893 0.028300000354647636 0.007306000217795372
v 0.0005019999807700515 0.02838199958205223 0.007278000004589558
v 0.0008399999933317304 0.02933800034224987 0.007335000205785036
v -0.004569000098854303 0.03266400098800659 0.008050999604165554
v -0.004695000126957893 0.028300000354647636 0.007306000217795372
v -0.004476000089198351 0.03599099814891815 0.008600999601185322
v -0.004569000098854303 0.03266400098800659 0.008050999604165554
v 0.0017359999474138021 0.03247800096869469 0.00800700020045042
v 0.0022929999977350235 0.03550399839878082 0.008475000038743019
v -0.004476000089198351 0.03599099814891815 0.008600999601185322
v 0.0017359999474138021 0.03247800096869469 0.00800700020045042
v 0.0024689999409019947 0.036605000495910645 0.00825399998575449
v -0.004476000089198351 0.03599099814891815 0.008600999601185322
v 0.0022929999977350235 0.03550399839878082 0.008475000038743019
v 0.0024689999409019947 0.036605000495910645 0.00825399998575449
v -0.00443299999460578 0.038284000009298325 0.008600999601185322
v -0.004476000089198351 0.03599099814891815 0.008600999601185322
v -0.003152000019326806 0.03611300140619278 -0.004782999865710735
v -0.004251000005751848 0.0384100005030632 -0.004939999897032976
v -0.004375999793410301 0.03837699815630913 0.003916999790817499
v -0.003083999967202544 0.035976000130176544 0.003913000226020813
v -0.003152000019326806 0.03611300140619278 -0.004782999865710735
v -0.004375999793410301 0.03837699815630913 0.003916999790817499
v -0.0007389999809674919 0.034577999264001846 -0.004794000182300806
v -0.003152000019326806 0.03611300140619278 -0.004782999865710735
v -0.003083999967202544 0.035976000130176544 0.003913000226020813
v -0.0006859999848529696 0.03449299931526184 0.003900999901816249
v -0.0007389999809674919 0.034577999264001846 -0.004794000182300806
v -0.003083999967202544 0.035976000130176544 0.003913000226020813
v 0.0020600000862032175 0.03444699943065643 0.0038930000737309456
v -0.0007389999809674919 0.034577999264001846 -0.004794000182300806
v -0.0006859999848529696 0.03449299931526184 0.003900999901816249
v 0.0020600000862032175 0.03444699943065643 0.0038930000737309456
v 0.002142000012099743 0.03453399986028671 -0.004825000185519457
v -0.0007389999809674919 0.034577999264001846 -0.004794000182300806
v 0.002142000012099743 0.03453399986028671 -0.004825000185519457
v 0.0020600000862032175 0.03444699943065643 0.0038930000737309456
v 0.004480999894440174 0.0357000008225441 0.0038240000139921904
v 0.004362999927252531 0.035771001130342484 -0.004885000176727772
v 0.002142000012099743 0.03453399986028671 -0.004825000185519457
v 0.004480999894440174 0.0357000008225441 0.0038240000139921904
v 0.0020600000862032175 0.03444699943065643 0.0038930000737309456
v 0.001905999961309135 0.035162001848220825 0.004637000150978565
v 0.0038999998942017555 0.03623799979686737 0.004612999968230724
v 0.004480999894440174 0.0357000008225441 0.0038240000139921904
v 0.0020600000862032175 0.03444699943065643 0.0038930000737309456
v 0.0038999998942017555 0.03623799979686737 0.004612999968230724
v 0.0020600000862032175 0.03444699943065643 0.0038930000737309456
v -0.0004900000058114529 0.03523100167512894 0.004648999776691198
v 0.001905999961309135 0.035162001848220825 0.004637000150978565
v 0.0020600000862032175 0.03444699943065643 0.0038930000737309456
v -0.0006859999848529696 0.03449299931526184 0.003900999901816249
v -0.0004900000058114529 0.03523100167512894 0.004648999776691198
v -0.003083999967202544 0.035976000130176544 0.003913000226020813
v -0.002509000012651086 0.03647900000214577 0.004668999928981066
v -0.0004900000058114529 0.03523100167512894 0.004648999776691198
v -0.0006859999848529696 0.03449299931526184 0.003900999901816249
v -0.003083999967202544 0.035976000130176544 0.003913000226020813
v -0.0004900000058114529 0.03523100167512894 0.004648999776691198
v -0.003083999967202544 0.035976000130176544 0.003913000226020813
v -0.004375999793410301 0.03837699815630913 0.003916999790817499
v -0.0036100000143051147 0.03856100142002106 0.004679999779909849
v -0.002509000012651086 0.03647900000214577 0.004668999928981066
v -0.003083999967202544 0.035976000130176544 0.003913000226020813
v -0.0036100000143051147 0.03856100142002106 0.004679999779909849
v -0.003152000019326806 0.03611300140619278 -0.004782999865710735
v -0.0036909999325871468 0.038513001054525375 -0.00523399980738759
v -0.004251000005751848 0.0384100005030632 -0.004939999897032976
v -0.003152000019326806 0.03611300140619278 -0.004782999865710735
v -0.002552000107243657 0.0364609993994236 -0.005270000081509352
v -0.0036909999325871468 0.038513001054525375 -0.00523399980738759
v -0.002552000107243657 0.0364609993994236 -0.005270000081509352
v -0.0007389999809674919 0.034577999264001846 -0.004794000182300806
v -0.0005569999921135604 0.0352259986102581 -0.005291000008583069
v -0.002552000107243657 0.0364609993994236 -0.005270000081509352
v -0.003152000019326806 0.03611300140619278 -0.004782999865710735
v -0.0007389999809674919 0.034577999264001846 -0.004794000182300806
v -0.0007389999809674919 0.034577999264001846 -0.004794000182300806
v 0.002142000012099743 0.03453399986028671 -0.004825000185519457
v 0.0018050000071525574 0.035204000771045685 -0.0053010000847280025
v -0.0005569999921135604 0.0352259986102581 -0.005291000008583069
v -0.0007389999809674919 0.034577999264001846 -0.004794000182300806
v 0.0018050000071525574 0.035204000771045685 -0.0053010000847280025
v 0.0038840000052005053 0.03627900034189224 -0.005297000054270029
v 0.002142000012099743 0.03453399986028671 -0.004825000185519457
v 0.004362999927252531 0.035771001130342484 -0.004885000176727772
v 0.0038840000052005053 0.03627900034189224 -0.005297000054270029
v 0.0018050000071525574 0.035204000771045685 -0.0053010000847280025
v 0.002142000012099743 0.03453399986028671 -0.004825000185519457
v 0.004304000176489353 0.03594699874520302 0.0046270000748336315
v 0.004246999975293875 0.0359329991042614 0.00788700021803379
v 0.005446999799460173 0.03462100028991699 0.004999000113457441
v 0.004480999894440174 0.0357000008225441 0.0038240000139921904
v 0.004304000176489353 0.03594699874520302 0.0046270000748336315
v 0.005446999799460173 0.03462100028991699 0.004999000113457441
v 0.004480999894440174 0.0357000008225441 0.0038240000139921904
v 0.005446999799460173 0.03462100028991699 0.004999000113457441
v 0.005381000228226185 0.034655001014471054 -0.005669000092893839
v 0.004362999927252531 0.035771001130342484 -0.004885000176727772
v 0.004480999894440174 0.0357000008225441 0.0038240000139921904
v 0.005381000228226185 0.034655001014471054 -0.005669000092893839
v 0.005381000228226185 0.034655001014471054 -0.005669000092893839
v 0.004772000014781952 0.035294000059366226 -0.007830999791622162
v 0.004259000066667795 0.03598099946975708 -0.005297999829053879
v 0.004362999927252531 0.035771001130342484 -0.004885000176727772
v 0.005381000228226185 0.034655001014471054 -0.005669000092893839
v 0.004259000066667795 0.03598099946975708 -0.005297999829053879
v 0.005764000117778778 0.038513001054525375 0.004623000044375658
v 0.005816000048071146 0.03879699856042862 0.005979000125080347
v 0.005293000023812056 0.037255000323057175 0.006996000185608864
v 0.004304000176489353 0.03594699874520302 0.0046270000748336315
v 0.005764000117778778 0.038513001054525375 0.004623000044375658
v 0.005293000023812056 0.037255000323057175 0.006996000185608864
v 0.005522000137716532 0.04147399961948395 0.004637000150978565
v 0.0055240001529455185 0.04147300124168396 0.006134999915957451
v 0.005816000048071146 0.03879699856042862 0.005979000125080347
v 0.005764000117778778 0.038513001054525375 0.004623000044375658
v 0.005522000137716532 0.04147399961948395 0.004637000150978565
v 0.005816000048071146 0.03879699856042862 0.005979000125080347
v 0.005522000137716532 0.04147399961948395 0.004637000150978565
v 0.003918000031262636 0.043616000562906265 0.0066109998151659966
v 0.0055240001529455185 0.04147300124168396 0.006134999915957451
v 0.005522000137716532 0.04147399961948395 0.004637000150978565
v 0.0036539998836815357 0.04380900040268898 0.004650000017136335
v 0.003918000031262636 0.043616000562906265 0.0066109998151659966
v 0.0036539998836815357 0.04380900040268898 0.004650000017136335
v 0.0014769999543204904 0.044631000608205795 0.006692999973893166
v 0.003918000031262636 0.043616000562906265 0.0066109998151659966
v 0.0036539998836815357 0.04380900040268898 0.004650000017136335
v 0.0007769999792799354 0.044638000428676605 0.0046629998832941055
v 0.0014769999543204904 0.044631000608205795 0.006692999973893166
v 0.0007769999792799354 0.044638000428676605 0.0046629998832941055
v -0.0019030000548809767 0.0438620001077652 0.006546999793499708
v 0.0014769999543204904 0.044631000608205795 0.006692999973893166
v 0.0007769999792799354 0.044638000428676605 0.0046629998832941055
v -0.0020639998838305473 0.043765000998973846 0.004676999989897013
v -0.0019030000548809767 0.0438620001077652 0.006546999793499708
v -0.0020639998838305473 0.043765000998973846 0.004676999989897013
v -0.0038419999182224274 0.04151799902319908 0.007038000039756298
v -0.0019030000548809767 0.0438620001077652 0.006546999793499708
v -0.0020639998838305473 0.043765000998973846 0.004676999989897013
v -0.003924000076949596 0.04132699966430664 0.004705000203102827
v -0.0038419999182224274 0.04151799902319908 0.007038000039756298
v -0.003924000076949596 0.04132699966430664 0.004705000203102827
v -0.004110999871045351 0.03845499828457832 0.004683000035583973
v -0.004091999959200621 0.03849099949002266 0.007329999934881926
v -0.0038419999182224274 0.04151799902319908 0.007038000039756298
v -0.003924000076949596 0.04132699966430664 0.004705000203102827
v -0.004091999959200621 0.03849099949002266 0.007329999934881926
v 0.0024689999409019947 0.036605000495910645 0.00825399998575449
v 0.0022929999977350235 0.03550399839878082 0.008475000038743019
v 0.0037640000227838755 0.035186998546123505 0.008119000121951103
v 0.003898999886587262 0.036963000893592834 0.008252999745309353
v 0.0024689999409019947 0.036605000495910645 0.00825399998575449
v 0.0037640000227838755 0.035186998546123505 0.008119000121951103
v 0.005293000023812056 0.037255000323057175 0.006996000185608864
v 0.005816000048071146 0.03879699856042862 0.005979000125080347
v 0.005770000163465738 0.039009999483823776 0.008263999596238136
v 0.003898999886587262 0.036963000893592834 0.008252999745309353
v 0.005293000023812056 0.037255000323057175 0.006996000185608864
v 0.005770000163465738 0.039009999483823776 0.008263999596238136
v 0.005770000163465738 0.039009999483823776 0.008263999596238136
v 0.0055240001529455185 0.04147300124168396 0.006134999915957451
v 0.005363999865949154 0.041871000081300735 0.008244000375270844
v 0.005770000163465738 0.039009999483823776 0.008263999596238136
v 0.005816000048071146 0.03879699856042862 0.005979000125080347
v 0.0055240001529455185 0.04147300124168396 0.006134999915957451
v 0.005363999865949154 0.041871000081300735 0.008244000375270844
v 0.003918000031262636 0.043616000562906265 0.0066109998151659966
v 0.0035510000307112932 0.043855998665094376 0.008276999928057194
v 0.005363999865949154 0.041871000081300735 0.008244000375270844
v 0.0055240001529455185 0.04147300124168396 0.006134999915957451
v 0.003918000031262636 0.043616000562906265 0.0066109998151659966
v 0.0035510000307112932 0.043855998665094376 0.008276999928057194
v 0.0014769999543204904 0.044631000608205795 0.006692999973893166
v 0.000977999996393919 0.04464399814605713 0.008275999687612057
v 0.0035510000307112932 0.043855998665094376 0.008276999928057194
v 0.003918000031262636 0.043616000562906265 0.0066109998151659966
v 0.0014769999543204904 0.044631000608205795 0.006692999973893166
v 0.000977999996393919 0.04464399814605713 0.008275999687612057
v -0.0019030000548809767 0.0438620001077652 0.006546999793499708
v -0.0016959999920800328 0.04392100125551224 0.008307999931275845
v 0.000977999996393919 0.04464399814605713 0.008275999687612057
v 0.0014769999543204904 0.044631000608205795 0.006692999973893166
v -0.0019030000548809767 0.0438620001077652 0.006546999793499708
v -0.0019030000548809767 0.0438620001077652 0.006546999793499708
v -0.0038419999182224274 0.04151799902319908 0.007038000039756298
v -0.0036830001045018435 0.041676998138427734 0.008302999660372734
v -0.0016959999920800328 0.04392100125551224 0.008307999931275845
v -0.0019030000548809767 0.0438620001077652 0.006546999793499708
v -0.0036830001045018435 0.041676998138427734 0.008302999660372734
v -0.0036830001045018435 0.041676998138427734 0.008302999660372734
v -0.004091999959200621 0.03849099949002266 0.007329999934881926
v -0.0030980000738054514 0.03858799859881401 0.008547999896109104
v -0.0036830001045018435 0.041676998138427734 0.008302999660372734
v -0.0038419999182224274 0.04151799902319908 0.007038000039756298
v -0.004091999959200621 0.03849099949002266 0.007329999934881926
v -0.004110999871045351 0.03845499828457832 0.004683000035583973
v -0.0056420001201331615 0.03804299980401993 0.007271000184118748
v -0.004091999959200621 0.03849099949002266 0.007329999934881926
v -0.004110999871045351 0.03845499828457832 0.004683000035583973
v -0.004375999793410301 0.03837699815630913 0.003916999790817499
v -0.0056420001201331615 0.03804299980401993 0.007271000184118748
v -0.004908999893814325 0.0382159985601902 0.008476000279188156
v -0.00443299999460578 0.038284000009298325 0.008600999601185322
v -0.004091999959200621 0.03849099949002266 0.007329999934881926
v -0.0056420001201331615 0.03804299980401993 0.007271000184118748
v -0.004908999893814325 0.0382159985601902 0.008476000279188156
v -0.004091999959200621 0.03849099949002266 0.007329999934881926
v -0.004375999793410301 0.03837699815630913 0.003916999790817499
v -0.004251000005751848 0.0384100005030632 -0.004939999897032976
v -0.005745999980717897 0.038081999868154526 -0.007854999974370003
v -0.0056420001201331615 0.03804299980401993 0.007271000184118748
v -0.004375999793410301 0.03837699815630913 0.003916999790817499
v -0.005745999980717897 0.038081999868154526 -0.007854999974370003
v 0.0037640000227838755 0.035186998546123505 0.008119000121951103
v 0.0017359999474138021 0.03247800096869469 0.00800700020045042
v 0.0036249998956918716 0.03241899982094765 0.00737799983471632
v 0.0037640000227838755 0.035186998546123505 0.008119000121951103
v 0.0022929999977350235 0.03550399839878082 0.008475000038743019
v 0.0017359999474138021 0.03247800096869469 0.00800700020045042
v 0.0017359999474138021 0.03247800096869469 0.00800700020045042
v 0.0008399999933317304 0.02933800034224987 0.007335000205785036
v 0.0021329999435693026 0.028727000579237938 0.006971000228077173
v 0.0036249998956918716 0.03241899982094765 0.00737799983471632
v 0.0017359999474138021 0.03247800096869469 0.00800700020045042
v 0.0021329999435693026 0.028727000579237938 0.006971000228077173
v 0.0021329999435693026 0.028727000579237938 0.006971000228077173
v 0.0005019999807700515 0.02838199958205223 0.007278000004589558
v 0.0017610000213608146 0.027739999815821648 0.006953999865800142
v 0.0021329999435693026 0.028727000579237938 0.006971000228077173
v 0.0008399999933317304 0.02933800034224987 0.007335000205785036
v 0.0005019999807700515 0.02838199958205223 0.007278000004589558
v 0.0005019999807700515 0.02838199958205223 0.007278000004589558
v 0.0004959999932907522 0.014410999603569508 0.006930000148713589
v 0.0017610000213608146 0.027739999815821648 0.006953999865800142
v 0.0005019999807700515 0.02838199958205223 0.007278000004589558
v -0.0010029999539256096 0.014035999774932861 0.007294999901205301
v 0.0004959999932907522 0.014410999603569508 0.006930000148713589
v 0.0004959999932907522 0.014410999603569508 0.006930000148713589
v -0.00022600000374950469 0.011145999655127525 0.007809000089764595
v 0.00152299995534122 0.011340999975800514 0.007199999876320362
v 0.0004959999932907522 0.014410999603569508 0.006930000148713589
v -0.0010029999539256096 0.014035999774932861 0.007294999901205301
v -0.00022600000374950469 0.011145999655127525 0.007809000089764595
v 0.00152299995534122 0.011340999975800514 0.007199999876320362
v -0.00014099999680183828 0.010591999627649784 0.007984999567270279
v 0.0018769999733194709 0.010603999719023705 0.007395000196993351
v 0.00152299995534122 0.011340999975800514 0.007199999876320362
v -0.00022600000374950469 0.011145999655127525 0.007809000089764595
v -0.00014099999680183828 0.010591999627649784 0.007984999567270279
v 0.0018769999733194709 0.010603999719023705 0.007395000196993351
v 0 0.006885000038892031 0.009014000184834003
v 0.002650999929755926 0.006643999833613634 0.008169000037014484
v 0.0018769999733194709 0.010603999719023705 0.007395000196993351
v -0.00014099999680183828 0.010591999627649784 0.007984999567270279
v 0 0.006885000038892031 0.009014000184834003
v 0 0.006885000038892031 0.009014000184834003
v 0.0019120000069960952 0.004954999778419733 0.008675999939441681
v 0.002650999929755926 0.006643999833613634 0.008169000037014484
v 0 0.006885000038892031 0.009014000184834003
v 0 0.005472999997437 0.009115999564528465
v 0.0019120000069960952 0.004954999778419733 0.008675999939441681
v 0.004350000061094761 0.0062870001420378685 0.005917999893426895
v 0.0034260000102221966 0.003926999866962433 0.007400000002235174
v 0.004230999853461981 0.004695999901741743 0.006184000056236982
v 0.004350000061094761 0.0062870001420378685 0.005917999893426895
v 0.002650999929755926 0.006643999833613634 0.008169000037014484
v 0.0034260000102221966 0.003926999866962433 0.007400000002235174
v 0.0034920000471174717 0.010377000086009502 0.005894999951124191
v 0.002650999929755926 0.006643999833613634 0.008169000037014484
v 0.004350000061094761 0.0062870001420378685 0.005917999893426895
v 0.0034920000471174717 0.010377000086009502 0.005894999951124191
v 0.0018769999733194709 0.010603999719023705 0.007395000196993351
v 0.002650999929755926 0.006643999833613634 0.008169000037014484
v 0.002956999931484461 0.011334000155329704 0.005994999781250954
v 0.0018769999733194709 0.010603999719023705 0.007395000196993351
v 0.0034920000471174717 0.010377000086009502 0.005894999951124191
v 0.002956999931484461 0.011334000155329704 0.005994999781250954
v 0.00152299995534122 0.011340999975800514 0.007199999876320362
v 0.0018769999733194709 0.010603999719023705 0.007395000196993351
v 0.001905999961309135 0.01457700040191412 0.005967999808490276
v 0.00152299995534122 0.011340999975800514 0.007199999876320362
v 0.002956999931484461 0.011334000155329704 0.005994999781250954
v 0.001905999961309135 0.01457700040191412 0.005967999808490276
v 0.0004959999932907522 0.014410999603569508 0.006930000148713589
v 0.00152299995534122 0.011340999975800514 0.007199999876320362
v 0.0017610000213608146 0.027739999815821648 0.006953999865800142
v 0.001905999961309135 0.01457700040191412 0.005967999808490276
v 0.003020999953150749 0.027424000203609467 0.005900000222027302
v 0.0017610000213608146 0.027739999815821648 0.006953999865800142
v 0.0004959999932907522 0.014410999603569508 0.006930000148713589
v 0.001905999961309135 0.01457700040191412 0.005967999808490276
v 0.0021329999435693026 0.028727000579237938 0.006971000228077173
v 0.0017610000213608146 0.027739999815821648 0.006953999865800142
v 0.003020999953150749 0.027424000203609467 0.005900000222027302
v 0.0033480001147836447 0.028429999947547913 0.005981000140309334
v 0.0021329999435693026 0.028727000579237938 0.006971000228077173
v 0.003020999953150749 0.027424000203609467 0.005900000222027302
v 0.0036249998956918716 0.03241899982094765 0.00737799983471632
v 0.0021329999435693026 0.028727000579237938 0.006971000228077173
v 0.0033480001147836447 0.028429999947547913 0.005981000140309334
v 0.0049959998577833176 0.03292899951338768 0.00596500001847744
v 0.0036249998956918716 0.03241899982094765 0.00737799983471632
v 0.0033480001147836447 0.028429999947547913 0.005981000140309334
v 0.004902999848127365 0.03514000028371811 0.007054999936372042
v 0.0036249998956918716 0.03241899982094765 0.00737799983471632
v 0.0049959998577833176 0.03292899951338768 0.00596500001847744
v 0.004902999848127365 0.03514000028371811 0.007054999936372042
v 0.0037640000227838755 0.035186998546123505 0.008119000121951103
v 0.0036249998956918716 0.03241899982094765 0.00737799983471632
v 0.0049959998577833176 0.03292899951338768 0.00596500001847744
v 0.005408000200986862 0.0335410013794899 0.004523000214248896
v 0.005446999799460173 0.03462100028991699 0.004999000113457441
v 0.004902999848127365 0.03514000028371811 0.007054999936372042
v 0.0049959998577833176 0.03292899951338768 0.00596500001847744
v 0.005446999799460173 0.03462100028991699 0.004999000113457441
v 0.0033480001147836447 0.028429999947547913 0.005981000140309334
v 0.004244999960064888 0.02814600057899952 0.00356299988925457
v 0.00507500022649765 0.030806999653577805 0.003785999957472086
v 0.0049959998577833176 0.03292899951338768 0.00596500001847744
v 0.0033480001147836447 0.028429999947547913 0.005981000140309334
v 0.00507500022649765 0.030806999653577805 0.003785999957472086
v 0.003020999953150749 0.027424000203609467 0.005900000222027302
v 0.0038759999442845583 0.027058999985456467 0.0034829999785870314
v 0.004244999960064888 0.02814600057899952 0.00356299988925457
v 0.0033480001147836447 0.028429999947547913 0.005981000140309334
v 0.003020999953150749 0.027424000203609467 0.005900000222027302
v 0.004244999960064888 0.02814600057899952 0.00356299988925457
v 0.001905999961309135 0.01457700040191412 0.005967999808490276
v 0.003317000111564994 0.014531999826431274 0.0027469999622553587
v 0.0038759999442845583 0.027058999985456467 0.0034829999785870314
v 0.003020999953150749 0.027424000203609467 0.005900000222027302
v 0.001905999961309135 0.01457700040191412 0.005967999808490276
v 0.0038759999442845583 0.027058999985456467 0.0034829999785870314
v 0.002956999931484461 0.011334000155329704 0.005994999781250954
v 0.004035999998450279 0.010604999959468842 0.003558000084012747
v 0.003317000111564994 0.014531999826431274 0.0027469999622553587
v 0.001905999961309135 0.01457700040191412 0.005967999808490276
v 0.002956999931484461 0.011334000155329704 0.005994999781250954
v 0.003317000111564994 0.014531999826431274 0.0027469999622553587
v 0.004350000061094761 0.0062870001420378685 0.005917999893426895
v 0.00457700015977025 0.006037000101059675 0.00456599984318018
v 0.004275999963283539 0.009599000215530396 0.003877999959513545
v 0.0034920000471174717 0.010377000086009502 0.005894999951124191
v 0.004350000061094761 0.0062870001420378685 0.005917999893426895
v 0.004275999963283539 0.009599000215530396 0.003877999959513545
v 0.004350000061094761 0.0062870001420378685 0.005917999893426895
v 0.00455200020223856 0.0050050001591444016 0.0045779999345541
v 0.00457700015977025 0.006037000101059675 0.00456599984318018
v 0.004350000061094761 0.0062870001420378685 0.005917999893426895
v 0.004230999853461981 0.004695999901741743 0.006184000056236982
v 0.00455200020223856 0.0050050001591444016 0.0045779999345541
v 0.005446999799460173 0.03462100028991699 0.004999000113457441
v 0.0053369998931884766 0.03339900076389313 -0.005125999916344881
v 0.005381000228226185 0.034655001014471054 -0.005669000092893839
v 0.005446999799460173 0.03462100028991699 0.004999000113457441
v 0.005408000200986862 0.0335410013794899 0.004523000214248896
v 0.0053369998931884766 0.03339900076389313 -0.005125999916344881
v 0.00507500022649765 0.030806999653577805 0.003785999957472086
v 0.005018999800086021 0.030780000612139702 -0.004430000204592943
v 0.0053369998931884766 0.03339900076389313 -0.005125999916344881
v 0.005408000200986862 0.0335410013794899 0.004523000214248896
v 0.00507500022649765 0.030806999653577805 0.003785999957472086
v 0.0053369998931884766 0.03339900076389313 -0.005125999916344881
v 0.004244999960064888 0.02814600057899952 0.00356299988925457
v 0.004135999828577042 0.027997000142931938 -0.004226000048220158
v 0.005018999800086021 0.030780000612139702 -0.004430000204592943
v 0.00507500022649765 0.030806999653577805 0.003785999957472086
v 0.004244999960064888 0.02814600057899952 0.00356299988925457
v 0.005018999800086021 0.030780000612139702 -0.004430000204592943
v 0.0038759999442845583 0.027058999985456467 0.0034829999785870314
v 0.003837000112980604 0.02712400071322918 -0.004160999786108732
v 0.004135999828577042 0.027997000142931938 -0.004226000048220158
v 0.004244999960064888 0.02814600057899952 0.00356299988925457
v 0.0038759999442845583 0.027058999985456467 0.0034829999785870314
v 0.004135999828577042 0.027997000142931938 -0.004226000048220158
v 0.0038759999442845583 0.027058999985456467 0.0034829999785870314
v 0.0032939999364316463 0.014554999768733978 -0.003467000089585781
v 0.003837000112980604 0.02712400071322918 -0.004160999786108732
v 0.0038759999442845583 0.027058999985456467 0.0034829999785870314
v 0.003317000111564994 0.014531999826431274 0.0027469999622553587
v 0.0032939999364316463 0.014554999768733978 -0.003467000089585781
v 0.003317000111564994 0.014531999826431274 0.0027469999622553587
v 0.004004999995231628 0.010669000446796417 -0.004279000218957663
v 0.0032939999364316463 0.014554999768733978 -0.003467000089585781
v 0.003317000111564994 0.014531999826431274 0.0027469999622553587
v 0.004035999998450279 0.010604999959468842 0.003558000084012747
v 0.004004999995231628 0.010669000446796417 -0.004279000218957663
v 0.004035999998450279 0.010604999959468842 0.003558000084012747
v 0.004248000215739012 0.009591000154614449 -0.004588000010699034
v 0.004004999995231628 0.010669000446796417 -0.004279000218957663
v 0.004035999998450279 0.010604999959468842 0.003558000084012747
v 0.004275999963283539 0.009599000215530396 0.003877999959513545
v 0.004248000215739012 0.009591000154614449 -0.004588000010699034
v 0.004275999963283539 0.009599000215530396 0.003877999959513545
v 0.004534000065177679 0.006178999785333872 -0.005293000023812056
v 0.004248000215739012 0.009591000154614449 -0.004588000010699034
v 0.004275999963283539 0.009599000215530396 0.003877999959513545
v 0.00457700015977025 0.006037000101059675 0.00456599984318018
v 0.004534000065177679 0.006178999785333872 -0.005293000023812056
v 0.00457700015977025 0.006037000101059675 0.00456599984318018
v 0.004511999897658825 0.005001999903470278 -0.005284000188112259
v 0.004534000065177679 0.006178999785333872 -0.005293000023812056
v 0.00457700015977025 0.006037000101059675 0.00456599984318018
v 0.00455200020223856 0.0050050001591444016 0.0045779999345541
v 0.004511999897658825 0.005001999903470278 -0.005284000188112259
v 0.005381000228226185 0.034655001014471054 -0.005669000092893839
v 0.004912000149488449 0.03300900012254715 -0.006732999812811613
v 0.004772000014781952 0.035294000059366226 -0.007830999791622162
v 0.005381000228226185 0.034655001014471054 -0.005669000092893839
v 0.0053369998931884766 0.03339900076389313 -0.005125999916344881
v 0.004912000149488449 0.03300900012254715 -0.006732999812811613
v 0.005018999800086021 0.030780000612139702 -0.004430000204592943
v 0.003261999925598502 0.02833000011742115 -0.006668999791145325
v 0.004912000149488449 0.03300900012254715 -0.006732999812811613
v 0.005018999800086021 0.030780000612139702 -0.004430000204592943
v 0.004135999828577042 0.027997000142931938 -0.004226000048220158
v 0.003261999925598502 0.02833000011742115 -0.006668999791145325
v 0.003837000112980604 0.02712400071322918 -0.004160999786108732
v 0.0028649999294430017 0.02740900032222271 -0.006723999977111816
v 0.003261999925598502 0.02833000011742115 -0.006668999791145325
v 0.004135999828577042 0.027997000142931938 -0.004226000048220158
v 0.003837000112980604 0.02712400071322918 -0.004160999786108732
v 0.003261999925598502 0.02833000011742115 -0.006668999791145325
v 0.003837000112980604 0.02712400071322918 -0.004160999786108732
v 0.0018609999679028988 0.014406000263988972 -0.0067449999041855335
v 0.0028649999294430017 0.02740900032222271 -0.006723999977111816
v 0.003837000112980604 0.02712400071322918 -0.004160999786108732
v 0.0032939999364316463 0.014554999768733978 -0.003467000089585781
v 0.0018609999679028988 0.014406000263988972 -0.0067449999041855335
v 0.0032939999364316463 0.014554999768733978 -0.003467000089585781
v 0.0029819998890161514 0.0113129997625947 -0.006701999809592962
v 0.0018609999679028988 0.014406000263988972 -0.0067449999041855335
v 0.0032939999364316463 0.014554999768733978 -0.003467000089585781
v 0.004004999995231628 0.010669000446796417 -0.004279000218957663
v 0.0029819998890161514 0.0113129997625947 -0.006701999809592962
v 0.004004999995231628 0.010669000446796417 -0.004279000218957663
v 0.003459000028669834 0.010249000042676926 -0.00673400005325675
v 0.0029819998890161514 0.0113129997625947 -0.006701999809592962
v 0.004004999995231628 0.010669000446796417 -0.004279000218957663
v 0.004248000215739012 0.009591000154614449 -0.004588000010699034
v 0.003459000028669834 0.010249000042676926 -0.00673400005325675
v 0.004248000215739012 0.009591000154614449 -0.004588000010699034
v 0.004298999905586243 0.006254000123590231 -0.006711999885737896
v 0.003459000028669834 0.010249000042676926 -0.00673400005325675
v 0.004248000215739012 0.009591000154614449 -0.004588000010699034
v 0.004534000065177679 0.006178999785333872 -0.005293000023812056
v 0.004298999905586243 0.006254000123590231 -0.006711999885737896
v 0.004534000065177679 0.006178999785333872 -0.005293000023812056
v 0.004296999890357256 0.004854999948292971 -0.006616999860852957
v 0.004298999905586243 0.006254000123590231 -0.006711999885737896
v 0.004534000065177679 0.006178999785333872 -0.005293000023812056
v 0.004511999897658825 0.005001999903470278 -0.005284000188112259
v 0.004296999890357256 0.004854999948292971 -0.006616999860852957
v 0.004772000014781952 0.035294000059366226 -0.007830999791622162
v 0.0035349999088793993 0.03248099982738495 -0.008050999604165554
v 0.0036200000904500484 0.03548699989914894 -0.008813999593257904
v 0.004772000014781952 0.035294000059366226 -0.007830999791622162
v 0.004912000149488449 0.03300900012254715 -0.006732999812811613
v 0.0035349999088793993 0.03248099982738495 -0.008050999604165554
v 0.003261999925598502 0.02833000011742115 -0.006668999791145325
v 0.0020409999415278435 0.028812000527977943 -0.0076339999213814735
v 0.0035349999088793993 0.03248099982738495 -0.008050999604165554
v 0.004912000149488449 0.03300900012254715 -0.006732999812811613
v 0.003261999925598502 0.02833000011742115 -0.006668999791145325
v 0.0035349999088793993 0.03248099982738495 -0.008050999604165554
v 0.0028649999294430017 0.02740900032222271 -0.006723999977111816
v 0.0003809999907389283 0.014360000379383564 -0.007652999833226204
v 0.0020409999415278435 0.028812000527977943 -0.0076339999213814735
v 0.0028649999294430017 0.02740900032222271 -0.006723999977111816
v 0.0018609999679028988 0.014406000263988972 -0.0067449999041855335
v 0.0003809999907389283 0.014360000379383564 -0.007652999833226204
v 0.0018609999679028988 0.014406000263988972 -0.0067449999041855335
v 0.0014230000087991357 0.011370999738574028 -0.007991000078618526
v 0.0003809999907389283 0.014360000379383564 -0.007652999833226204
v 0.0018609999679028988 0.014406000263988972 -0.0067449999041855335
v 0.0029819998890161514 0.0113129997625947 -0.006701999809592962
v 0.0014230000087991357 0.011370999738574028 -0.007991000078618526
v 0.0029819998890161514 0.0113129997625947 -0.006701999809592962
v 0.001825000043027103 0.010722000151872635 -0.008124000392854214
v 0.0014230000087991357 0.011370999738574028 -0.007991000078618526
v 0.0029819998890161514 0.0113129997625947 -0.006701999809592962
v 0.003459000028669834 0.010249000042676926 -0.00673400005325675
v 0.001825000043027103 0.010722000151872635 -0.008124000392854214
v 0.003459000028669834 0.010249000042676926 -0.00673400005325675
v 0.0026489999145269394 0.006624000146985054 -0.008895999751985073
v 0.001825000043027103 0.010722000151872635 -0.008124000392854214
v 0.003459000028669834 0.010249000042676926 -0.00673400005325675
v 0.004298999905586243 0.006254000123590231 -0.006711999885737896
v 0.0026489999145269394 0.006624000146985054 -0.008895999751985073
v 0.004298999905586243 0.006254000123590231 -0.006711999885737896
v 0.003315000096336007 0.003942999988794327 -0.008255000226199627
v 0.0026489999145269394 0.006624000146985054 -0.008895999751985073
v 0.004298999905586243 0.006254000123590231 -0.006711999885737896
v 0.004296999890357256 0.004854999948292971 -0.006616999860852957
v 0.003315000096336007 0.003942999988794327 -0.008255000226199627
v 0.005683999974280596 0.040800999850034714 -0.005295000039041042
v 0.005704999901354313 0.03889000043272972 -0.006676999852061272
v 0.005617000162601471 0.041058000177145004 -0.006808000151067972
v 0.005683999974280596 0.040800999850034714 -0.005295000039041042
v 0.005615999922156334 0.03822899982333183 -0.005311000160872936
v 0.005704999901354313 0.03889000043272972 -0.006676999852061272
v 0.004461999982595444 0.04309999942779541 -0.005295999813824892
v 0.005617000162601471 0.041058000177145004 -0.006808000151067972
v 0.00443900004029274 0.042973000556230545 -0.007172999903559685
v 0.004461999982595444 0.04309999942779541 -0.005295999813824892
v 0.005683999974280596 0.040800999850034714 -0.005295000039041042
v 0.005617000162601471 0.041058000177145004 -0.006808000151067972
v -0.0041600000113248825 0.038467999547719955 -0.005289999768137932
v -0.004188999999314547 0.040686000138521194 -0.007860000245273113
v -0.004168999847024679 0.038481999188661575 -0.007902000099420547
v -0.0041600000113248825 0.038467999547719955 -0.005289999768137932
v -0.004083000123500824 0.04100000113248825 -0.005237999837845564
v -0.004188999999314547 0.040686000138521194 -0.007860000245273113
v -0.004168999847024679 0.038481999188661575 -0.007902000099420547
v -0.004188999999314547 0.040686000138521194 -0.007860000245273113
v -0.0029140000697225332 0.04031199961900711 -0.009108999744057655
v -0.0028299998957663774 0.03874799981713295 -0.009112000465393066
v -0.004168999847024679 0.038481999188661575 -0.007902000099420547
v -0.0029140000697225332 0.04031199961900711 -0.009108999744057655
v -0.004188999999314547 0.040686000138521194 -0.007860000245273113
v -0.003240999998524785 0.04268300160765648 -0.007813000120222569
v -0.002176000038161874 0.04164300113916397 -0.00911100022494793
v -0.0029140000697225332 0.04031199961900711 -0.009108999744057655
v -0.004188999999314547 0.040686000138521194 -0.007860000245273113
v -0.002176000038161874 0.04164300113916397 -0.00911100022494793
v -0.003240999998524785 0.04268300160765648 -0.007813000120222569
v -0.0015460000140592456 0.04411499947309494 -0.007615000009536743
v -0.0010130000300705433 0.04272500053048134 -0.009115999564528465
v -0.002176000038161874 0.04164300113916397 -0.00911100022494793
v -0.003240999998524785 0.04268300160765648 -0.007813000120222569
v -0.0010130000300705433 0.04272500053048134 -0.009115999564528465
v -0.0015460000140592456 0.04411499947309494 -0.007615000009536743
v 0.000615999975707382 0.04463300108909607 -0.007534000091254711
v 0.0004330000083427876 0.043014999479055405 -0.009123999625444412
v -0.0010130000300705433 0.04272500053048134 -0.009115999564528465
v -0.0015460000140592456 0.04411499947309494 -0.007615000009536743
v 0.0004330000083427876 0.043014999479055405 -0.009123999625444412
v 0.000615999975707382 0.04463300108909607 -0.007534000091254711
v 0.0017659999430179596 0.04273800179362297 -0.00916799996048212
v 0.0004330000083427876 0.043014999479055405 -0.009123999625444412
v 0.000615999975707382 0.04463300108909607 -0.007534000091254711
v 0.0027910000644624233 0.04424700140953064 -0.00724400021135807
v 0.0017659999430179596 0.04273800179362297 -0.00916799996048212
v 0.0027910000644624233 0.04424700140953064 -0.00724400021135807
v 0.00443900004029274 0.042973000556230545 -0.007172999903559685
v 0.002850000048056245 0.04179299995303154 -0.009181000292301178
v 0.0017659999430179596 0.04273800179362297 -0.00916799996048212
v 0.0027910000644624233 0.04424700140953064 -0.00724400021135807
v 0.002850000048056245 0.04179299995303154 -0.009181000292301178
v 0.00443900004029274 0.042973000556230545 -0.007172999903559685
v 0.005617000162601471 0.041058000177145004 -0.006808000151067972
v 0.0033770001027733088 0.04047499969601631 -0.009185999631881714
v 0.002850000048056245 0.04179299995303154 -0.009181000292301178
v 0.00443900004029274 0.042973000556230545 -0.007172999903559685
v 0.0033770001027733088 0.04047499969601631 -0.009185999631881714
v 0.0033770001027733088 0.04047499969601631 -0.009185999631881714
v 0.005704999901354313 0.03889000043272972 -0.006676999852061272
v 0.0032279998995363712 0.039181001484394073 -0.009185999631881714
v 0.0033770001027733088 0.04047499969601631 -0.009185999631881714
v 0.005617000162601471 0.041058000177145004 -0.006808000151067972
v 0.005704999901354313 0.03889000043272972 -0.006676999852061272
v 0.0041959998197853565 0.03595000132918358 -0.008566999807953835
v 0.0036200000904500484 0.03548699989914894 -0.008813999593257904
v 0.002199999988079071 0.035634998232126236 -0.009185999631881714
v 0.0032279998995363712 0.039181001484394073 -0.009185999631881714
v 0.0041959998197853565 0.03595000132918358 -0.008566999807953835
v 0.002199999988079071 0.035634998232126236 -0.009185999631881714
v 0.0036200000904500484 0.03548699989914894 -0.008813999593257904
v 0.0035349999088793993 0.03248099982738495 -0.008050999604165554
v 0.001623000018298626 0.03255699947476387 -0.008655999787151814
v 0.002199999988079071 0.035634998232126236 -0.009185999631881714
v 0.0036200000904500484 0.03548699989914894 -0.008813999593257904
v 0.001623000018298626 0.03255699947476387 -0.008655999787151814
v 0.001623000018298626 0.03255699947476387 -0.008655999787151814
v 0.0020409999415278435 0.028812000527977943 -0.0076339999213814735
v -0.00021899999410379678 0.028203999623656273 -0.007938000373542309
v 0.001623000018298626 0.03255699947476387 -0.008655999787151814
v 0.0035349999088793993 0.03248099982738495 -0.008050999604165554
v 0.0020409999415278435 0.028812000527977943 -0.0076339999213814735
v -0.00021899999410379678 0.028203999623656273 -0.007938000373542309
v 0.0003809999907389283 0.014360000379383564 -0.007652999833226204
v -0.0012229999992996454 0.014139999635517597 -0.007980000227689743
v -0.00021899999410379678 0.028203999623656273 -0.007938000373542309
v 0.0020409999415278435 0.028812000527977943 -0.0076339999213814735
v 0.0003809999907389283 0.014360000379383564 -0.007652999833226204
v 0.0003809999907389283 0.014360000379383564 -0.007652999833226204
v 0.0014230000087991357 0.011370999738574028 -0.007991000078618526
v -0.0003819999983534217 0.011064999736845493 -0.008508999831974506
v -0.0012229999992996454 0.014139999635517597 -0.007980000227689743
v 0.0003809999907389283 0.014360000379383564 -0.007652999833226204
v -0.0003819999983534217 0.011064999736845493 -0.008508999831974506
v 0.0014230000087991357 0.011370999738574028 -0.007991000078618526
v 0.001825000043027103 0.010722000151872635 -0.008124000392854214
v -0.0001289999927394092 0.010541999712586403 -0.008716000244021416
v -0.0003819999983534217 0.011064999736845493 -0.008508999831974506
v 0.0014230000087991357 0.011370999738574028 -0.007991000078618526
v -0.0001289999927394092 0.010541999712586403 -0.008716000244021416
v 0.001825000043027103 0.010722000151872635 -0.008124000392854214
v 0.0026489999145269394 0.006624000146985054 -0.008895999751985073
v 0 0.006763999816030264 -0.009758000262081623
v -0.0001289999927394092 0.010541999712586403 -0.008716000244021416
v 0.001825000043027103 0.010722000151872635 -0.008124000392854214
v 0 0.006763999816030264 -0.009758000262081623
v 0 0.006763999816030264 -0.009758000262081623
v 0.0018500000005587935 0.0050479997880756855 -0.009410999715328217
v 0 0.0055160000920295715 -0.009794999845325947
v 0 0.006763999816030264 -0.009758000262081623
v 0.0026489999145269394 0.006624000146985054 -0.008895999751985073
v 0.0018500000005587935 0.0050479997880756855 -0.009410999715328217
v -0.005528999958187342 0.0054410002194345 -0.009789000265300274
v -0.006668999791145325 0.007859000004827976 -0.008233999833464622
v -0.005363000091165304 0.008058999665081501 -0.009545999579131603
v -0.005528999958187342 0.0054410002194345 -0.009789000265300274
v -0.00686699990183115 0.0007360000163316727 -0.00863299984484911
v -0.006668999791145325 0.007859000004827976 -0.008233999833464622
v -0.006668999791145325 0.007859000004827976 -0.008233999833464622
v -0.006591999903321266 0.010250999592244625 -0.00748499995097518
v -0.0053010000847280025 0.01064400002360344 -0.008710999973118305
v -0.005363000091165304 0.008058999665081501 -0.009545999579131603
v -0.006668999791145325 0.007859000004827976 -0.008233999833464622
v -0.0053010000847280025 0.01064400002360344 -0.008710999973118305
v -0.006591999903321266 0.010250999592244625 -0.00748499995097518
v -0.006461999844759703 0.014399000443518162 -0.006519999820739031
v -0.005249000154435635 0.014340999536216259 -0.007873999886214733
v -0.0053010000847280025 0.01064400002360344 -0.008710999973118305
v -0.006591999903321266 0.010250999592244625 -0.00748499995097518
v -0.005249000154435635 0.014340999536216259 -0.007873999886214733
v -0.006461999844759703 0.014399000443518162 -0.006519999820739031
v -0.006033000070601702 0.02836799994111061 -0.006517000030726194
v -0.004811999853700399 0.02826699987053871 -0.00785600021481514
v -0.005249000154435635 0.014340999536216259 -0.007873999886214733
v -0.006461999844759703 0.014399000443518162 -0.006519999820739031
v -0.004811999853700399 0.02826699987053871 -0.00785600021481514
v -0.004811999853700399 0.02826699987053871 -0.00785600021481514
v -0.005805999971926212 0.03607900068163872 -0.007860999554395676
v -0.004511999897658825 0.035943999886512756 -0.009096999652683735
v -0.004811999853700399 0.02826699987053871 -0.00785600021481514
v -0.006033000070601702 0.02836799994111061 -0.006517000030726194
v -0.005805999971926212 0.03607900068163872 -0.007860999554395676
v -0.004511999897658825 0.035943999886512756 -0.009096999652683735
v -0.005745999980717897 0.038081999868154526 -0.007854999974370003
v -0.004404000006616116 0.03838000074028969 -0.009062999859452248
v -0.004511999897658825 0.035943999886512756 -0.009096999652683735
v -0.005805999971926212 0.03607900068163872 -0.007860999554395676
v -0.005745999980717897 0.038081999868154526 -0.007854999974370003
v -0.0001289999927394092 0.010541999712586403 -0.008716000244021416
v -0.005363000091165304 0.008058999665081501 -0.009545999579131603
v -0.0053010000847280025 0.01064400002360344 -0.008710999973118305
v -0.0003819999983534217 0.011064999736845493 -0.008508999831974506
v -0.0001289999927394092 0.010541999712586403 -0.008716000244021416
v -0.0053010000847280025 0.01064400002360344 -0.008710999973118305
v -0.0012229999992996454 0.014139999635517597 -0.007980000227689743
v -0.0053010000847280025 0.01064400002360344 -0.008710999973118305
v -0.005249000154435635 0.014340999536216259 -0.007873999886214733
v -0.0012229999992996454 0.014139999635517597 -0.007980000227689743
v -0.0003819999983534217 0.011064999736845493 -0.008508999831974506
v -0.0053010000847280025 0.01064400002360344 -0.008710999973118305
v -0.0012229999992996454 0.014139999635517597 -0.007980000227689743
v -0.005249000154435635 0.014340999536216259 -0.007873999886214733
v -0.004811999853700399 0.02826699987053871 -0.00785600021481514
v -0.00021899999410379678 0.028203999623656273 -0.007938000373542309
v -0.0012229999992996454 0.014139999635517597 -0.007980000227689743
v -0.004811999853700399 0.02826699987053871 -0.00785600021481514
v -0.00021899999410379678 0.028203999623656273 -0.007938000373542309
v -0.004511999897658825 0.035943999886512756 -0.009096999652683735
v -0.0028299998957663774 0.03874799981713295 -0.009112000465393066
v -0.00021899999410379678 0.028203999623656273 -0.007938000373542309
v -0.004811999853700399 0.02826699987053871 -0.00785600021481514
v -0.004511999897658825 0.035943999886512756 -0.009096999652683735
v 0.001623000018298626 0.03255699947476387 -0.008655999787151814
v -0.00021899999410379678 0.028203999623656273 -0.007938000373542309
v -0.0028299998957663774 0.03874799981713295 -0.009112000465393066
v 0.002199999988079071 0.035634998232126236 -0.009185999631881714
v 0.001623000018298626 0.03255699947476387 -0.008655999787151814
v -0.0028299998957663774 0.03874799981713295 -0.009112000465393066
v 0.0032279998995363712 0.039181001484394073 -0.009185999631881714
v -0.0028299998957663774 0.03874799981713295 -0.009112000465393066
v -0.0029140000697225332 0.04031199961900711 -0.009108999744057655
v 0.0033770001027733088 0.04047499969601631 -0.009185999631881714
v 0.0032279998995363712 0.039181001484394073 -0.009185999631881714
v -0.0029140000697225332 0.04031199961900711 -0.009108999744057655
v 0.0033770001027733088 0.04047499969601631 -0.009185999631881714
v -0.0029140000697225332 0.04031199961900711 -0.009108999744057655
v -0.002176000038161874 0.04164300113916397 -0.00911100022494793
v 0.002850000048056245 0.04179299995303154 -0.009181000292301178
v 0.0033770001027733088 0.04047499969601631 -0.009185999631881714
v -0.002176000038161874 0.04164300113916397 -0.00911100022494793
v 0.002850000048056245 0.04179299995303154 -0.009181000292301178
v -0.002176000038161874 0.04164300113916397 -0.00911100022494793
v -0.0010130000300705433 0.04272500053048134 -0.009115999564528465
v 0.0017659999430179596 0.04273800179362297 -0.00916799996048212
v 0.002850000048056245 0.04179299995303154 -0.009181000292301178
v -0.0010130000300705433 0.04272500053048134 -0.009115999564528465
v 0.0065390001982450485 0.015317999757826328 -0.002549000084400177
v 0.00800000037997961 0.015320000238716602 -0.0032949999440461397
v 0.008051999844610691 0.015406999737024307 0.002346999943256378
v 0.006587000098079443 0.015428000129759312 0.0018840000266209245
v 0.0065390001982450485 0.015317999757826328 -0.002549000084400177
v 0.008051999844610691 0.015406999737024307 0.002346999943256378
v -0.0012870000209659338 0.012275000102818012 0.00786800030618906
v -0.0012779999524354935 0.01228999998420477 0.008617999963462353
v -0.0026310000102967024 0.012165999971330166 0.008627000264823437
v -0.002638000063598156 0.012151000089943409 0.00787699967622757
v -0.0012870000209659338 0.012275000102818012 0.00786800030618906
v -0.0026310000102967024 0.012165999971330166 0.008627000264823437
v -0.00034699999378062785 0.024896999821066856 -0.008430000394582748
v -0.0052559999749064445 0.02507700026035309 -0.009097999893128872
v -0.00025099999038502574 0.024910999462008476 -0.009127000346779823
v -0.00034699999378062785 0.024896999821066856 -0.008430000394582748
v -0.005212000105530024 0.025061000138521194 -0.00840499997138977
v -0.0052559999749064445 0.02507700026035309 -0.009097999893128872
v -0.0029380000196397305 0.03012399934232235 0.007660000119358301
v -0.004600999876856804 0.029048999771475792 0.008433000184595585
v -0.00292599992826581 0.03013099916279316 0.008410000242292881
v -0.0029380000196397305 0.03012399934232235 0.007660000119358301
v -0.004608000162988901 0.029046999290585518 0.007683000061661005
v -0.004600999876856804 0.029048999771475792 0.008433000184595585
v -0.0050929998978972435 0.02780199982225895 -0.008363000117242336
v -0.00483600003644824 0.02890400029718876 -0.009072000160813332
v -0.005154999904334545 0.027786999940872192 -0.009056000038981438
v -0.0050929998978972435 0.02780199982225895 -0.008363000117242336
v -0.004801000002771616 0.02889700047671795 -0.008377999998629093
v -0.00483600003644824 0.02890400029718876 -0.009072000160813332
v 0.004174999892711639 0.027615999802947044 0.006564999930560589
v 0.0042039998807013035 0.027650000527501106 0.007335000205785036
v 0.007261999882757664 0.026444999501109123 0.004478999879211187
v 0.006943000014871359 0.026405999436974525 0.003590000094845891
v 0.004174999892711639 0.027615999802947044 0.006564999930560589
v 0.007261999882757664 0.026444999501109123 0.004478999879211187
v 0.006473999936133623 0.014816000126302242 -0.0046190000139176846
v 0.006661999970674515 0.01488799974322319 -0.005778000224381685
v 0.00800000037997961 0.015320000238716602 -0.0032949999440461397
v 0.0065390001982450485 0.015317999757826328 -0.002549000084400177
v 0.006473999936133623 0.014816000126302242 -0.0046190000139176846
v 0.00800000037997961 0.015320000238716602 -0.0032949999440461397
v -0.0006440000142902136 0.016818000003695488 -0.008561000227928162
v -0.0005019999807700515 0.016824999824166298 -0.009254000149667263
v -0.005485000088810921 0.0169220007956028 -0.009227000176906586
v -0.0054410002194345 0.016882000491023064 -0.008534000255167484
v -0.0006440000142902136 0.016818000003695488 -0.008561000227928162
v -0.005485000088810921 0.0169220007956028 -0.009227000176906586
v -0.004110000096261501 0.012648000381886959 0.007877999916672707
v -0.004100000020116568 0.012660999782383442 0.008627000264823437
v -0.005111999809741974 0.013821999542415142 0.008620000444352627
v -0.005123999901115894 0.013810999691486359 0.00786999985575676
v -0.004110000096261501 0.012648000381886959 0.007877999916672707
v -0.005111999809741974 0.013821999542415142 0.008620000444352627
v -0.00034699999378062785 0.024896999821066856 -0.008430000394582748
v -0.00025099999038502574 0.024910999462008476 -0.009127000346779823
v -0.0005019999807700515 0.016824999824166298 -0.009254000149667263
v -0.0006440000142902136 0.016818000003695488 -0.008561000227928162
v -0.00034699999378062785 0.024896999821066856 -0.008430000394582748
v -0.0005019999807700515 0.016824999824166298 -0.009254000149667263
v 0.0038219999987632036 0.027648000046610832 -0.007335000205785036
v 0.006870000157505274 0.02652899920940399 -0.005317999981343746
v 0.004029999952763319 0.027668999508023262 -0.007790000177919865
v 0.0038219999987632036 0.027648000046610832 -0.007335000205785036
v 0.006802000105381012 0.026455000042915344 -0.004519000183790922
v 0.006870000157505274 0.02652899920940399 -0.005317999981343746
v 0.006883999798446894 0.025996999815106392 -0.0019539999775588512
v 0.00834100041538477 0.026014000177383423 0.0019399999873712659
v 0.008344000205397606 0.025999000295996666 -0.0027000000700354576
v 0.006883999798446894 0.025996999815106392 -0.0019539999775588512
v 0.006876000203192234 0.026033999398350716 0.001475999946705997
v 0.00834100041538477 0.026014000177383423 0.0019399999873712659
v 0.002382999984547496 0.024734999984502792 0.0071470001712441444
v 0.0021359999664127827 0.016685999929904938 0.008181000128388405
v 0.002382999984547496 0.024802999570965767 0.008085000328719616
v 0.002382999984547496 0.024734999984502792 0.0071470001712441444
v 0.0021460000425577164 0.016721999272704124 0.00723800016567111
v 0.0021359999664127827 0.016685999929904938 0.008181000128388405
v -0.0007779999868944287 0.012529999949038029 0.007860999554395676
v 0.003630999941378832 0.013841000385582447 0.007579000201076269
v -0.0005019999807700515 0.012481999583542347 0.008609999902546406
v -0.0007779999868944287 0.012529999949038029 0.007860999554395676
v 0.0036090000066906214 0.01384500041604042 0.006804000120609999
v 0.003630999941378832 0.013841000385582447 0.007579000201076269
v -0.0054410002194345 0.016882000491023064 -0.008534000255167484
v -0.005485000088810921 0.0169220007956028 -0.009227000176906586
v -0.005557000171393156 0.015406000427901745 -0.009265000000596046
v -0.0055160000920295715 0.01537800021469593 -0.008572000078856945
v -0.0054410002194345 0.016882000491023064 -0.008534000255167484
v -0.005557000171393156 0.015406000427901745 -0.009265000000596046
v 0.003384999930858612 0.013867000117897987 -0.007726999931037426
v 0.0036140000447630882 0.013907999731600285 -0.008174000307917595
v 0.006661999970674515 0.01488799974322319 -0.005778000224381685
v 0.006473999936133623 0.014816000126302242 -0.0046190000139176846
v 0.003384999930858612 0.013867000117897987 -0.007726999931037426
v 0.006661999970674515 0.01488799974322319 -0.005778000224381685
v 0.002498999936506152 0.0282600000500679 -0.007958999834954739
v 0.00278700003400445 0.028233999386429787 -0.008585999719798565
v 0 0.029354000464081764 -0.009056000038981438
v -0.0002629999944474548 0.029335999861359596 -0.0083619998767972
v 0.002498999936506152 0.0282600000500679 -0.007958999834954739
v 0 0.029354000464081764 -0.009056000038981438
v -0.005413999781012535 0.016882000491023064 0.007829000242054462
v -0.005404000170528889 0.015305999666452408 0.008600999601185322
v -0.005402999930083752 0.016894999891519547 0.008578999899327755
v -0.005413999781012535 0.016882000491023064 0.007829000242054462
v -0.005415000021457672 0.015293000265955925 0.00785099994391203
v -0.005404000170528889 0.015305999666452408 0.008600999601185322
v -0.005206000059843063 0.013872000388801098 -0.008596000261604786
v -0.005245000123977661 0.013890000060200691 -0.009289000183343887
v -0.004315999802201986 0.01271000038832426 -0.009312000125646591
v -0.004275999963283539 0.012690000236034393 -0.00861900020390749
v -0.005206000059843063 0.013872000388801098 -0.008596000261604786
v -0.004315999802201986 0.01271000038832426 -0.009312000125646591
v -0.0016039999900385737 0.02993999980390072 0.007652000058442354
v -0.00292599992826581 0.03013099916279316 0.008410000242292881
v -0.001588999992236495 0.02994699962437153 0.008402000181376934
v -0.0016039999900385737 0.02993999980390072 0.007652000058442354
v -0.0029380000196397305 0.03012399934232235 0.007660000119358301
v -0.00292599992826581 0.03013099916279316 0.008410000242292881
v -0.004801000002771616 0.02889700047671795 -0.008377999998629093
v -0.004062999971210957 0.029705999419093132 -0.009031999856233597
v -0.00483600003644824 0.02890400029718876 -0.009072000160813332
v -0.004801000002771616 0.02889700047671795 -0.008377999998629093
v -0.004046999849379063 0.02966799959540367 -0.008338999934494495
v -0.004062999971210957 0.029705999419093132 -0.009031999856233597
v -0.002901999978348613 0.030119000002741814 -0.008337999694049358
v -0.0016370000084862113 0.02999100089073181 -0.009039999917149544
v -0.002945000072941184 0.030135000124573708 -0.00903099961578846
v -0.002901999978348613 0.030119000002741814 -0.008337999694049358
v -0.0015940000303089619 0.02997400052845478 -0.008346999995410442
v -0.0016370000084862113 0.02999100089073181 -0.009039999917149544
v -0.004275999963283539 0.012690000236034393 -0.00861900020390749
v -0.004315999802201986 0.01271000038832426 -0.009312000125646591
v -0.0029349999967962503 0.012126999907195568 -0.009328999556601048
v -0.0028909998945891857 0.012103999964892864 -0.008635999634861946
v -0.004275999963283539 0.012690000236034393 -0.00861900020390749
v -0.0029349999967962503 0.012126999907195568 -0.009328999556601048
v -0.002638000063598156 0.012151000089943409 0.00787699967622757
v -0.0026310000102967024 0.012165999971330166 0.008627000264823437
v -0.004100000020116568 0.012660999782383442 0.008627000264823437
v -0.004110000096261501 0.012648000381886959 0.007877999916672707
v -0.002638000063598156 0.012151000089943409 0.00787699967622757
v -0.004100000020116568 0.012660999782383442 0.008627000264823437
v 0.002070999937132001 0.013470999896526337 -0.00821600016206503
v 0.0022169998846948147 0.013496999628841877 -0.008867999538779259
v 0.0036140000447630882 0.013907999731600285 -0.008174000307917595
v 0.003384999930858612 0.013867000117897987 -0.007726999931037426
v 0.002070999937132001 0.013470999896526337 -0.00821600016206503
v 0.0036140000447630882 0.013907999731600285 -0.008174000307917595
v 0.002070999937132001 0.013470999896526337 -0.00821600016206503
v -0.0005869999877177179 0.012536999769508839 -0.009314999915659428
v 0.0022169998846948147 0.013496999628841877 -0.008867999538779259
v 0.002070999937132001 0.013470999896526337 -0.00821600016206503
v -0.0007689999765716493 0.012536999769508839 -0.008624999783933163
v -0.0005869999877177179 0.012536999769508839 -0.009314999915659428
v -0.000582000007852912 0.016812000423669815 0.007796000223606825
v -0.0003129999968223274 0.016766000539064407 0.008546000346541405
v 0.0021359999664127827 0.016685999929904938 0.008181000128388405
v 0.0021460000425577164 0.016721999272704124 0.00723800016567111
v -0.000582000007852912 0.016812000423669815 0.007796000223606825
v 0.0021359999664127827 0.016685999929904938 0.008181000128388405
v -0.004046999849379063 0.02966799959540367 -0.008338999934494495
v -0.002945000072941184 0.030135000124573708 -0.00903099961578846
v -0.004062999971210957 0.029705999419093132 -0.009031999856233597
v -0.004046999849379063 0.02966799959540367 -0.008338999934494495
v -0.002901999978348613 0.030119000002741814 -0.008337999694049358
v -0.002945000072941184 0.030135000124573708 -0.00903099961578846
v -0.00020399999630171806 0.029224999248981476 0.0076489998027682304
v -0.001588999992236495 0.02994699962437153 0.008402000181376934
v 0 0.029277000576257706 0.008395999670028687
v -0.00020399999630171806 0.029224999248981476 0.0076489998027682304
v -0.0016039999900385737 0.02993999980390072 0.007652000058442354
v -0.001588999992236495 0.02994699962437153 0.008402000181376934
v -0.005212000105530024 0.025061000138521194 -0.00840499997138977
v -0.005154999904334545 0.027786999940872192 -0.009056000038981438
v -0.0052559999749064445 0.02507700026035309 -0.009097999893128872
v -0.005212000105530024 0.025061000138521194 -0.00840499997138977
v -0.0050929998978972435 0.02780199982225895 -0.008363000117242336
v -0.005154999904334545 0.027786999940872192 -0.009056000038981438
v 0.006543000228703022 0.014910999685525894 0.0038580000400543213
v 0.008051999844610691 0.015406999737024307 0.002346999943256378
v 0.006862000096589327 0.01494900044053793 0.004747000057250261
v 0.006543000228703022 0.014910999685525894 0.0038580000400543213
v 0.006587000098079443 0.015428000129759312 0.0018840000266209245
v 0.008051999844610691 0.015406999737024307 0.002346999943256378
v -0.005007000174373388 0.027893999591469765 0.0076939999125897884
v -0.005001000128686428 0.027897000312805176 0.008444000035524368
v -0.004600999876856804 0.029048999771475792 0.008433000184595585
v -0.004608000162988901 0.029046999290585518 0.007683000061661005
v -0.005007000174373388 0.027893999591469765 0.0076939999125897884
v -0.004600999876856804 0.029048999771475792 0.008433000184595585
v 0.002498999936506152 0.0282600000500679 -0.007958999834954739
v 0.004029999952763319 0.027668999508023262 -0.007790000177919865
v 0.00278700003400445 0.028233999386429787 -0.008585999719798565
v 0.002498999936506152 0.0282600000500679 -0.007958999834954739
v 0.0038219999987632036 0.027648000046610832 -0.007335000205785036
v 0.004029999952763319 0.027668999508023262 -0.007790000177919865
v -0.0055160000920295715 0.01537800021469593 -0.008572000078856945
v -0.005557000171393156 0.015406000427901745 -0.009265000000596046
v -0.005245000123977661 0.013890000060200691 -0.009289000183343887
v -0.005206000059843063 0.013872000388801098 -0.008596000261604786
v -0.0055160000920295715 0.01537800021469593 -0.008572000078856945
v -0.005245000123977661 0.013890000060200691 -0.009289000183343887
v -0.0051460000686347485 0.025061000138521194 0.00773000018671155
v -0.0051369997672736645 0.02507000043988228 0.00848000030964613
v -0.005001000128686428 0.027897000312805176 0.008444000035524368
v -0.005007000174373388 0.027893999591469765 0.0076939999125897884
v -0.0051460000686347485 0.025061000138521194 0.00773000018671155
v -0.005001000128686428 0.027897000312805176 0.008444000035524368
v -0.0002629999944474548 0.029335999861359596 -0.0083619998767972
v 0 0.029354000464081764 -0.009056000038981438
v -0.0016370000084862113 0.02999100089073181 -0.009039999917149544
v -0.0015940000303089619 0.02997400052845478 -0.008346999995410442
v -0.0002629999944474548 0.029335999861359596 -0.0083619998767972
v -0.0016370000084862113 0.02999100089073181 -0.009039999917149544
v -0.0007689999765716493 0.012536999769508839 -0.008624999783933163
v -0.0014049999881535769 0.012226000428199768 -0.009336000308394432
v -0.0005869999877177179 0.012536999769508839 -0.009314999915659428
v -0.0007689999765716493 0.012536999769508839 -0.008624999783933163
v -0.0013909999979659915 0.0122079998254776 -0.00864300038665533
v -0.0014049999881535769 0.012226000428199768 -0.009336000308394432
v 0.006943000014871359 0.026405999436974525 0.003590000094845891
v 0.007261999882757664 0.026444999501109123 0.004478999879211187
v 0.00834100041538477 0.026014000177383423 0.0019399999873712659
v 0.006876000203192234 0.026033999398350716 0.001475999946705997
v 0.006943000014871359 0.026405999436974525 0.003590000094845891
v 0.00834100041538477 0.026014000177383423 0.0019399999873712659
v -0.005415000021457672 0.015293000265955925 0.00785099994391203
v -0.005111999809741974 0.013821999542415142 0.008620000444352627
v -0.005404000170528889 0.015305999666452408 0.008600999601185322
v -0.005415000021457672 0.015293000265955925 0.00785099994391203
v -0.005123999901115894 0.013810999691486359 0.00786999985575676
v -0.005111999809741974 0.013821999542415142 0.008620000444352627
v -0.0007779999868944287 0.012529999949038029 0.007860999554395676
v -0.0005019999807700515 0.012481999583542347 0.008609999902546406
v -0.0012779999524354935 0.01228999998420477 0.008617999963462353
v -0.0012870000209659338 0.012275000102818012 0.00786800030618906
v -0.0007779999868944287 0.012529999949038029 0.007860999554395676
v -0.0012779999524354935 0.01228999998420477 0.008617999963462353
v -0.00039500001003034413 0.02483700029551983 0.007703000213950872
v -0.00011899999663000926 0.024886999279260635 0.008452000096440315
v -0.0051369997672736645 0.02507000043988228 0.00848000030964613
v -0.0051460000686347485 0.025061000138521194 0.00773000018671155
v -0.00039500001003034413 0.02483700029551983 0.007703000213950872
v -0.0051369997672736645 0.02507000043988228 0.00848000030964613
v -0.00020399999630171806 0.029224999248981476 0.0076489998027682304
v 0 0.029277000576257706 0.008395999670028687
v 0.0042039998807013035 0.027650000527501106 0.007335000205785036
v 0.004174999892711639 0.027615999802947044 0.006564999930560589
v -0.00020399999630171806 0.029224999248981476 0.0076489998027682304
v 0.0042039998807013035 0.027650000527501106 0.007335000205785036
v -0.0028909998945891857 0.012103999964892864 -0.008635999634861946
v -0.0029349999967962503 0.012126999907195568 -0.009328999556601048
v -0.0014049999881535769 0.012226000428199768 -0.009336000308394432
v -0.0013909999979659915 0.0122079998254776 -0.00864300038665533
v -0.0028909998945891857 0.012103999964892864 -0.008635999634861946
v -0.0014049999881535769 0.012226000428199768 -0.009336000308394432
v 0.006802000105381012 0.026455000042915344 -0.004519000183790922
v 0.008344000205397606 0.025999000295996666 -0.0027000000700354576
v 0.006870000157505274 0.02652899920940399 -0.005317999981343746
v 0.006802000105381012 0.026455000042915344 -0.004519000183790922
v 0.006883999798446894 0.025996999815106392 -0.0019539999775588512
v 0.008344000205397606 0.025999000295996666 -0.0027000000700354576
v -0.000582000007852912 0.016812000423669815 0.007796000223606825
v -0.005402999930083752 0.016894999891519547 0.008578999899327755
v -0.0003129999968223274 0.016766000539064407 0.008546000346541405
v -0.000582000007852912 0.016812000423669815 0.007796000223606825
v -0.005413999781012535 0.016882000491023064 0.007829000242054462
v -0.005402999930083752 0.016894999891519547 0.008578999899327755
v 0.0036090000066906214 0.01384500041604042 0.006804000120609999
v 0.006862000096589327 0.01494900044053793 0.004747000057250261
v 0.003630999941378832 0.013841000385582447 0.007579000201076269
v 0.0036090000066906214 0.01384500041604042 0.006804000120609999
v 0.006543000228703022 0.014910999685525894 0.0038580000400543213
v 0.006862000096589327 0.01494900044053793 0.004747000057250261
v -0.00039500001003034413 0.02483700029551983 0.007703000213950872
v 0.002382999984547496 0.024802999570965767 0.008085000328719616
v -0.00011899999663000926 0.024886999279260635 0.008452000096440315
v -0.00039500001003034413 0.02483700029551983 0.007703000213950872
v 0.002382999984547496 0.024734999984502792 0.0071470001712441444
v 0.002382999984547496 0.024802999570965767 0.008085000328719616
v 0.0018479999853298068 0.016699999570846558 -0.008256999775767326
v -0.00034699999378062785 0.024896999821066856 -0.008430000394582748
v -0.0006440000142902136 0.016818000003695488 -0.008561000227928162
v 0.0018479999853298068 0.016699999570846558 -0.008256999775767326
v 0.00203699991106987 0.02488899976015091 -0.008124000392854214
v -0.00034699999378062785 0.024896999821066856 -0.008430000394582748
v 0.002070999937132001 0.013470999896526337 -0.00821600016206503
v -0.0006440000142902136 0.016818000003695488 -0.008561000227928162
v -0.0007689999765716493 0.012536999769508839 -0.008624999783933163
v 0.002070999937132001 0.013470999896526337 -0.00821600016206503
v 0.0018479999853298068 0.016699999570846558 -0.008256999775767326
v -0.0006440000142902136 0.016818000003695488 -0.008561000227928162
v 0.002498999936506152 0.0282600000500679 -0.007958999834954739
v -0.0002629999944474548 0.029335999861359596 -0.0083619998767972
v -0.00034699999378062785 0.024896999821066856 -0.008430000394582748
v 0.00203699991106987 0.02488899976015091 -0.008124000392854214
v 0.002498999936506152 0.0282600000500679 -0.007958999834954739
v -0.00034699999378062785 0.024896999821066856 -0.008430000394582748
v 0.003384999930858612 0.013867000117897987 -0.007726999931037426
v 0.00203699991106987 0.02488899976015091 -0.008124000392854214
v 0.0018479999853298068 0.016699999570846558 -0.008256999775767326
v 0.003384999930858612 0.013867000117897987 -0.007726999931037426
v 0.0038219999987632036 0.027648000046610832 -0.007335000205785036
v 0.00203699991106987 0.02488899976015091 -0.008124000392854214
v 0.006473999936133623 0.014816000126302242 -0.0046190000139176846
v 0.0038219999987632036 0.027648000046610832 -0.007335000205785036
v 0.003384999930858612 0.013867000117897987 -0.007726999931037426
v 0.006473999936133623 0.014816000126302242 -0.0046190000139176846
v 0.006802000105381012 0.026455000042915344 -0.004519000183790922
v 0.0038219999987632036 0.027648000046610832 -0.007335000205785036
v 0.006802000105381012 0.026455000042915344 -0.004519000183790922
v 0.006473999936133623 0.014816000126302242 -0.0046190000139176846
v 0.0065390001982450485 0.015317999757826328 -0.002549000084400177
v 0.006883999798446894 0.025996999815106392 -0.0019539999775588512
v 0.006802000105381012 0.026455000042915344 -0.004519000183790922
v 0.0065390001982450485 0.015317999757826328 -0.002549000084400177
v 0.006883999798446894 0.025996999815106392 -0.0019539999775588512
v 0.0065390001982450485 0.015317999757826328 -0.002549000084400177
v 0.006587000098079443 0.015428000129759312 0.0018840000266209245
v 0.006876000203192234 0.026033999398350716 0.001475999946705997
v 0.006883999798446894 0.025996999815106392 -0.0019539999775588512
v 0.006587000098079443 0.015428000129759312 0.0018840000266209245
v 0.006587000098079443 0.015428000129759312 0.0018840000266209245
v 0.006543000228703022 0.014910999685525894 0.0038580000400543213
v 0.006943000014871359 0.026405999436974525 0.003590000094845891
v 0.006876000203192234 0.026033999398350716 0.001475999946705997
v 0.006587000098079443 0.015428000129759312 0.0018840000266209245
v 0.006943000014871359 0.026405999436974525 0.003590000094845891
v 0.004174999892711639 0.027615999802947044 0.006564999930560589
v 0.006543000228703022 0.014910999685525894 0.0038580000400543213
v 0.0036090000066906214 0.01384500041604042 0.006804000120609999
v 0.004174999892711639 0.027615999802947044 0.006564999930560589
v 0.006943000014871359 0.026405999436974525 0.003590000094845891
v 0.006543000228703022 0.014910999685525894 0.0038580000400543213
v 0.0036090000066906214 0.01384500041604042 0.006804000120609999
v 0.0021460000425577164 0.016721999272704124 0.00723800016567111
v 0.002382999984547496 0.024734999984502792 0.0071470001712441444
v 0.004174999892711639 0.027615999802947044 0.006564999930560589
v 0.0036090000066906214 0.01384500041604042 0.006804000120609999
v 0.002382999984547496 0.024734999984502792 0.0071470001712441444
v -0.00020399999630171806 0.029224999248981476 0.0076489998027682304
v 0.002382999984547496 0.024734999984502792 0.0071470001712441444
v -0.00039500001003034413 0.02483700029551983 0.007703000213950872
v -0.00020399999630171806 0.029224999248981476 0.0076489998027682304
v 0.004174999892711639 0.027615999802947044 0.006564999930560589
v 0.002382999984547496 0.024734999984502792 0.0071470001712441444
v 0.0021460000425577164 0.016721999272704124 0.00723800016567111
v -0.0007779999868944287 0.012529999949038029 0.007860999554395676
v -0.000582000007852912 0.016812000423669815 0.007796000223606825
v 0.0021460000425577164 0.016721999272704124 0.00723800016567111
v 0.0036090000066906214 0.01384500041604042 0.006804000120609999
v -0.0007779999868944287 0.012529999949038029 0.007860999554395676
v -0.00025099999038502574 0.024910999462008476 -0.009127000346779823
v 0.0023070001043379307 0.024880999699234962 -0.008750000037252903
v 0.002004999900236726 0.0167239997535944 -0.008907999843358994
v -0.0005019999807700515 0.016824999824166298 -0.009254000149667263
v -0.00025099999038502574 0.024910999462008476 -0.009127000346779823
v 0.002004999900236726 0.0167239997535944 -0.008907999843358994
v -0.0005019999807700515 0.016824999824166298 -0.009254000149667263
v 0.002004999900236726 0.0167239997535944 -0.008907999843358994
v 0.0022169998846948147 0.013496999628841877 -0.008867999538779259
v -0.0005869999877177179 0.012536999769508839 -0.009314999915659428
v -0.0005019999807700515 0.016824999824166298 -0.009254000149667263
v 0.0022169998846948147 0.013496999628841877 -0.008867999538779259
v -0.00025099999038502574 0.024910999462008476 -0.009127000346779823
v 0.00278700003400445 0.028233999386429787 -0.008585999719798565
v 0.0023070001043379307 0.024880999699234962 -0.008750000037252903
v -0.00025099999038502574 0.024910999462008476 -0.009127000346779823
v 0 0.029354000464081764 -0.009056000038981438
v 0.00278700003400445 0.028233999386429787 -0.008585999719798565
v 0.0023070001043379307 0.024880999699234962 -0.008750000037252903
v 0.004029999952763319 0.027668999508023262 -0.007790000177919865
v 0.0036140000447630882 0.013907999731600285 -0.008174000307917595
v 0.002004999900236726 0.0167239997535944 -0.008907999843358994
v 0.0023070001043379307 0.024880999699234962 -0.008750000037252903
v 0.0036140000447630882 0.013907999731600285 -0.008174000307917595
v 0.004029999952763319 0.027668999508023262 -0.007790000177919865
v 0.006870000157505274 0.02652899920940399 -0.005317999981343746
v 0.006661999970674515 0.01488799974322319 -0.005778000224381685
v 0.0036140000447630882 0.013907999731600285 -0.008174000307917595
v 0.004029999952763319 0.027668999508023262 -0.007790000177919865
v 0.006661999970674515 0.01488799974322319 -0.005778000224381685
v 0.00800000037997961 0.015320000238716602 -0.0032949999440461397
v 0.006870000157505274 0.02652899920940399 -0.005317999981343746
v 0.008344000205397606 0.025999000295996666 -0.0027000000700354576
v 0.00800000037997961 0.015320000238716602 -0.0032949999440461397
v 0.006661999970674515 0.01488799974322319 -0.005778000224381685
v 0.006870000157505274 0.02652899920940399 -0.005317999981343746
v 0.008051999844610691 0.015406999737024307 0.002346999943256378
v 0.008344000205397606 0.025999000295996666 -0.0027000000700354576
v 0.00834100041538477 0.026014000177383423 0.0019399999873712659
v 0.008051999844610691 0.015406999737024307 0.002346999943256378
v 0.00800000037997961 0.015320000238716602 -0.0032949999440461397
v 0.008344000205397606 0.025999000295996666 -0.0027000000700354576
v 0.007261999882757664 0.026444999501109123 0.004478999879211187
v 0.008051999844610691 0.015406999737024307 0.002346999943256378
v 0.00834100041538477 0.026014000177383423 0.0019399999873712659
v 0.007261999882757664 0.026444999501109123 0.004478999879211187
v 0.006862000096589327 0.01494900044053793 0.004747000057250261
v 0.008051999844610691 0.015406999737024307 0.002346999943256378
v 0.006862000096589327 0.01494900044053793 0.004747000057250261
v 0.007261999882757664 0.026444999501109123 0.004478999879211187
v 0.0042039998807013035 0.027650000527501106 0.007335000205785036
v 0.003630999941378832 0.013841000385582447 0.007579000201076269
v 0.006862000096589327 0.01494900044053793 0.004747000057250261
v 0.0042039998807013035 0.027650000527501106 0.007335000205785036
v 0.002382999984547496 0.024802999570965767 0.008085000328719616
v 0.003630999941378832 0.013841000385582447 0.007579000201076269
v 0.0042039998807013035 0.027650000527501106 0.007335000205785036
v 0.002382999984547496 0.024802999570965767 0.008085000328719616
v 0.0021359999664127827 0.016685999929904938 0.008181000128388405
v 0.003630999941378832 0.013841000385582447 0.007579000201076269
v 0.002382999984547496 0.024802999570965767 0.008085000328719616
v 0.0042039998807013035 0.027650000527501106 0.007335000205785036
v 0 0.029277000576257706 0.008395999670028687
v -0.00011899999663000926 0.024886999279260635 0.008452000096440315
v 0.002382999984547496 0.024802999570965767 0.008085000328719616
v 0 0.029277000576257706 0.008395999670028687
v -0.0005019999807700515 0.012481999583542347 0.008609999902546406
v 0.003630999941378832 0.013841000385582447 0.007579000201076269
v 0.0021359999664127827 0.016685999929904938 0.008181000128388405
v -0.0003129999968223274 0.016766000539064407 0.008546000346541405
v -0.0005019999807700515 0.012481999583542347 0.008609999902546406
v 0.0021359999664127827 0.016685999929904938 0.008181000128388405
vt -13.970800399780273 6.903930187225342
vt -13.987799644470215 6.897809982299805
vt -13.993300437927246 6.831830024719238
vt -13.941100120544434 6.911409854888916
vt -13.970800399780273 6.903930187225342
vt -13.993300437927246 6.831830024719238
vt -13.909099578857422 6.909949779510498
vt -13.941100120544434 6.911409854888916
vt -13.993300437927246 6.831830024719238
vt -13.887200355529785 6.8963799476623535
vt -13.909099578857422 6.909949779510498
vt -13.993300437927246 6.831830024719238
vt -13.88129997253418 6.874989986419678
vt -13.887200355529785 6.8963799476623535
vt -13.993300437927246 6.831830024719238
vt -13.881799697875977 6.850769996643066
vt -13.88129997253418 6.874989986419678
vt -13.993300437927246 6.831830024719238
vt -13.999899864196777 6.706960201263428
vt -14.005800247192383 6.639110088348389
vt -13.969200134277344 6.6357197761535645
vt -13.999899864196777 6.706960201263428
vt -13.969200134277344 6.6357197761535645
vt -13.9399995803833 6.638400077819824
vt -13.999899864196777 6.706960201263428
vt -13.9399995803833 6.638400077819824
vt -13.902999877929688 6.661819934844971
vt -13.999899864196777 6.706960201263428
vt -13.902999877929688 6.661819934844971
vt -13.893899917602539 6.681149959564209
vt -13.999899864196777 6.706960201263428
vt -13.893899917602539 6.681149959564209
vt -13.89009952545166 6.72484016418457
vt -14.154999732971191 6.974669933319092
vt -14.165300369262695 6.9181599617004395
vt -14.187600135803223 6.90880012512207
vt -14.151200294494629 7.152979850769043
vt -14.147500038146973 7.104629993438721
vt -14.17770004272461 7.129519939422607
vt -14.074399948120117 7.195469856262207
vt -14.094799995422363 7.119239807128906
vt -14.092300415039062 7.186870098114014
vt -14.074399948120117 7.195469856262207
vt -14.040900230407715 7.20334005355835
vt -14.094799995422363 7.119239807128906
vt -14.040900230407715 7.20334005355835
vt -14.010700225830078 7.19989013671875
vt -14.094799995422363 7.119239807128906
vt -14.010700225830078 7.19989013671875
vt -13.990599632263184 7.185200214385986
vt -14.094799995422363 7.119239807128906
vt -13.990599632263184 7.185200214385986
vt -13.98390007019043 7.162680149078369
vt -14.094799995422363 7.119239807128906
vt -13.98390007019043 7.162680149078369
vt -13.985600471496582 7.138319969177246
vt -14.094799995422363 7.119239807128906
vt -14.071599960327148 6.916999816894531
vt -14.105199813842773 6.920629978179932
vt -14.101300239562988 6.991089820861816
vt -14.043000221252441 6.920149803161621
vt -14.071599960327148 6.916999816894531
vt -14.101300239562988 6.991089820861816
vt -14.018500328063965 6.931519985198975
vt -14.043000221252441 6.920149803161621
vt -14.101300239562988 6.991089820861816
vt -14.00160026550293 6.947810173034668
vt -14.018500328063965 6.931519985198975
vt -14.101300239562988 6.991089820861816
vt -13.99429988861084 6.966179847717285
vt -14.00160026550293 6.947810173034668
vt -14.101300239562988 6.991089820861816
vt -13.991700172424316 7.009190082550049
vt -13.99429988861084 6.966179847717285
vt -14.101300239562988 6.991089820861816
vt -13.991900444030762 6.844339847564697
vt -13.986200332641602 6.910329818725586
vt -13.975000381469727 6.916309833526611
vt -13.991900444030762 6.844339847564697
vt -13.975000381469727 6.916309833526611
vt -13.94540023803711 6.923789978027344
vt -13.991900444030762 6.844339847564697
vt -13.94540023803711 6.923789978027344
vt -13.913299560546875 6.922299861907959
vt -13.991900444030762 6.844339847564697
vt -13.913299560546875 6.922299861907959
vt -13.891400337219238 6.908720016479492
vt -13.991900444030762 6.844339847564697
vt -13.891400337219238 6.908720016479492
vt -13.885499954223633 6.887350082397461
vt -13.991900444030762 6.844339847564697
vt -13.885499954223633 6.887350082397461
vt -13.88599967956543 6.863120079040527
vt -13.973400115966797 6.648009777069092
vt -14.003800392150879 6.653220176696777
vt -13.998299598693848 6.720980167388916
vt -13.944199562072754 6.650670051574707
vt -13.973400115966797 6.648009777069092
vt -13.998299598693848 6.720980167388916
vt -13.907299995422363 6.673989772796631
vt -13.944199562072754 6.650670051574707
vt -13.998299598693848 6.720980167388916
vt -13.898200035095215 6.693329811096191
vt -13.907299995422363 6.673989772796631
vt -13.998299598693848 6.720980167388916
vt -13.89430046081543 6.73714017868042
vt -13.898200035095215 6.693329811096191
vt -13.998299598693848 6.720980167388916
vt -14.180399894714355 6.902649879455566
vt -14.15530014038086 6.908840179443359
vt -14.145400047302246 6.965590000152588
vt -14.170000076293945 7.123889923095703
vt -14.140199661254883 7.095149993896484
vt -14.144100189208984 7.143459796905518
vt -14.084199905395508 7.176509857177734
vt -14.087499618530273 7.108739852905273
vt -14.070599555969238 7.184490203857422
vt -14.087499618530273 7.108739852905273
vt -14.037799835205078 7.192319869995117
vt -14.070599555969238 7.184490203857422
vt -14.087499618530273 7.108739852905273
vt -14.007499694824219 7.188839912414551
vt -14.037799835205078 7.192319869995117
vt -14.087499618530273 7.108739852905273
vt -13.987299919128418 7.17411994934082
vt -14.007499694824219 7.188839912414551
vt -14.087499618530273 7.108739852905273
vt -13.98069953918457 7.151750087738037
vt -13.987299919128418 7.17411994934082
vt -14.087499618530273 7.108739852905273
vt -13.982500076293945 7.127560138702393
vt -13.98069953918457 7.151750087738037
vt -14.095100402832031 6.980480194091797
vt -14.09749984741211 6.910399913787842
vt -14.068499565124512 6.905879974365234
vt -14.095100402832031 6.980480194091797
vt -14.068499565124512 6.905879974365234
vt -14.039799690246582 6.909019947052002
vt -14.095100402832031 6.980480194091797
vt -14.039799690246582 6.909019947052002
vt -14.014699935913086 6.920849800109863
vt -14.095100402832031 6.980480194091797
vt -14.014699935913086 6.920849800109863
vt -13.998200416564941 6.936570167541504
vt -14.095100402832031 6.980480194091797
vt -13.998200416564941 6.936570167541504
vt -13.991499900817871 6.9544901847839355
vt -14.095100402832031 6.980480194091797
vt -13.991499900817871 6.9544901847839355
vt -13.98859977722168 6.998050212860107
vt -14.149700164794922 6.707630157470703
vt -14.088600158691406 6.718719959259033
vt -14.120400428771973 6.7082600593566895
vt -14.180999755859375 6.756760120391846
vt -14.157699584960938 6.8159098625183105
vt -14.04800033569336 6.7878098487854
vt -14.010499954223633 6.838019847869873
vt -14.013099670410156 6.799330234527588
vt -14.04800033569336 6.7878098487854
vt -14.098299980163574 7.206110000610352
vt -14.106599807739258 7.2807698249816895
vt -13.988200187683105 7.28000020980835
vt -14.106599807739258 7.2807698249816895
vt -14.105400085449219 7.300909996032715
vt -13.988200187683105 7.28000020980835
vt -14.105400085449219 7.300909996032715
vt -14.071499824523926 7.310060024261475
vt -13.988200187683105 7.28000020980835
vt -14.071499824523926 7.310060024261475
vt -14.038999557495117 7.32519006729126
vt -13.988200187683105 7.28000020980835
vt -14.038999557495117 7.32519006729126
vt -14.009599685668945 7.347519874572754
vt -13.988200187683105 7.28000020980835
vt -13.989299774169922 7.373660087585449
vt -13.9822998046875 7.399700164794922
vt -13.985400199890137 7.325099945068359
vt -14.009599685668945 7.347519874572754
vt -13.989299774169922 7.373660087585449
vt -13.985400199890137 7.325099945068359
vt -14.009599685668945 7.347519874572754
vt -13.985400199890137 7.325099945068359
vt -13.988200187683105 7.28000020980835
vt -13.9822998046875 7.399700164794922
vt -13.948200225830078 7.384819984436035
vt -13.985400199890137 7.325099945068359
vt -14.169400215148926 7.286139965057373
vt -14.144399642944336 7.29394006729126
vt -14.159199714660645 7.257880210876465
vt -14.213399887084961 6.751150131225586
vt -14.197799682617188 6.7926201820373535
vt -14.180999755859375 6.756760120391846
vt -14.220199584960938 6.710269927978516
vt -14.213399887084961 6.751150131225586
vt -14.180999755859375 6.756760120391846
vt -14.013099670410156 6.799330234527588
vt -14.01140022277832 6.77800989151001
vt -14.04800033569336 6.7878098487854
vt -13.97659969329834 6.79010009765625
vt -14.01140022277832 6.77800989151001
vt -14.013099670410156 6.799330234527588
vt -13.998100280761719 6.695700168609619
vt -14.03219985961914 6.707709789276123
vt -14.011199951171875 6.743350028991699
vt -13.998100280761719 6.695700168609619
vt -14.028599739074707 6.655409812927246
vt -14.03219985961914 6.707709789276123
vt -14.028599739074707 6.655409812927246
vt -14.068400382995605 6.675230026245117
vt -14.03219985961914 6.707709789276123
vt -14.028599739074707 6.655409812927246
vt -14.07960033416748 6.625549793243408
vt -14.068400382995605 6.675230026245117
vt -14.07960033416748 6.625549793243408
vt -14.115300178527832 6.656779766082764
vt -14.068400382995605 6.675230026245117
vt -14.07960033416748 6.625549793243408
vt -14.136500358581543 6.615600109100342
vt -14.115300178527832 6.656779766082764
vt -14.136500358581543 6.615600109100342
vt -14.161100387573242 6.648890018463135
vt -14.115300178527832 6.656779766082764
vt -14.136500358581543 6.615600109100342
vt -14.185799598693848 6.628109931945801
vt -14.161100387573242 6.648890018463135
vt -14.185799598693848 6.628109931945801
vt -14.196399688720703 6.660490036010742
vt -14.161100387573242 6.648890018463135
vt -14.210000038146973 6.69881010055542
vt -14.213399887084961 6.751150131225586
vt -14.220199584960938 6.710269927978516
vt -14.210000038146973 6.69881010055542
vt -14.179800033569336 6.73907995223999
vt -14.213399887084961 6.751150131225586
vt -14.179800033569336 6.73907995223999
vt -14.197799682617188 6.7926201820373535
vt -14.213399887084961 6.751150131225586
vt -14.164400100708008 6.883709907531738
vt -14.155799865722656 6.900509834289551
vt -14.143500328063965 6.896999835968018
vt -14.205900192260742 6.788430213928223
vt -14.18649959564209 6.80620002746582
vt -14.197799682617188 6.7926201820373535
vt -14.201700210571289 6.7716498374938965
vt -14.190099716186523 6.802249908447266
vt -14.201899528503418 6.8054399490356445
vt -14.090800285339355 6.957369804382324
vt -14.11970043182373 6.9986701011657715
vt -14.116600036621094 6.989299774169922
vt -14.078700065612793 6.943210124969482
vt -14.090800285339355 6.957369804382324
vt -14.116600036621094 6.989299774169922
vt -14.128399848937988 6.601200103759766
vt -14.142600059509277 6.668879985809326
vt -14.146100044250488 6.61329984664917
vt -14.101300239562988 6.526869773864746
vt -14.089200019836426 6.5366902351379395
vt -14.120400428771973 6.54980993270874
vt -14.058099746704102 6.981900215148926
vt -14.03849983215332 7.002930164337158
vt -14.079000473022461 7.033060073852539
vt -13.99209976196289 6.731619834899902
vt -14.006099700927734 6.7324299812316895
vt -13.996100425720215 6.7360100746154785
vt -13.996100425720215 6.7360100746154785
vt -14.01140022277832 6.77800989151001
vt -13.97659969329834 6.79010009765625
vt -13.99209976196289 6.731619834899902
vt -13.996100425720215 6.7360100746154785
vt -13.97659969329834 6.79010009765625
vt -13.94909954071045 6.571199893951416
vt -13.936800003051758 6.589600086212158
vt -13.93809986114502 6.5749101638793945
vt -13.922800064086914 6.531519889831543
vt -13.907699584960938 6.515620231628418
vt -13.937299728393555 6.506130218505859
vt -13.937299728393555 6.506130218505859
vt -14.034000396728516 6.469110012054443
vt -13.9266996383667 6.46481990814209
vt -13.9266996383667 6.46481990814209
vt -14.034000396728516 6.469110012054443
vt -13.970600128173828 6.421649932861328
vt -13.970600128173828 6.421649932861328
vt -14.034000396728516 6.469110012054443
vt -14.029500007629395 6.399700164794922
vt -14.029500007629395 6.399700164794922
vt -14.034000396728516 6.469110012054443
vt -14.085599899291992 6.400990009307861
vt -14.085599899291992 6.400990009307861
vt -14.034000396728516 6.469110012054443
vt -14.124899864196777 6.424570083618164
vt -14.124899864196777 6.424570083618164
vt -14.034000396728516 6.469110012054443
vt -14.133099555969238 6.466770172119141
vt -14.133099555969238 6.466770172119141
vt -14.034000396728516 6.469110012054443
vt -14.09179973602295 6.506499767303467
vt -14.09179973602295 6.506499767303467
vt -14.034000396728516 6.469110012054443
vt -14.060400009155273 6.518060207366943
vt -14.060400009155273 6.518060207366943
vt -14.034000396728516 6.469110012054443
vt -13.937299728393555 6.506130218505859
vt -14.12969970703125 6.516409873962402
vt -14.09179973602295 6.506499767303467
vt -14.101300239562988 6.526869773864746
vt -14.101300239562988 6.526869773864746
vt -14.09179973602295 6.506499767303467
vt -14.089200019836426 6.5366902351379395
vt -14.121899604797363 6.579080104827881
vt -14.12969970703125 6.516409873962402
vt -14.101300239562988 6.526869773864746
vt -14.179800033569336 6.73907995223999
vt -14.205900192260742 6.788430213928223
vt -14.197799682617188 6.7926201820373535
vt -14.171600341796875 6.736020088195801
vt -14.179499626159668 6.735189914703369
vt -14.179800033569336 6.73907995223999
vt -14.130499839782715 6.595119953155518
vt -14.113200187683105 6.576499938964844
vt -14.121899604797363 6.579080104827881
vt -14.101300239562988 6.526869773864746
vt -14.120400428771973 6.54980993270874
vt -14.144399642944336 6.5887298583984375
vt -14.102499961853027 6.70097017288208
vt -14.028599739074707 6.655409812927246
vt -13.998100280761719 6.695700168609619
vt -14.102499961853027 6.70097017288208
vt -14.07960033416748 6.625549793243408
vt -14.028599739074707 6.655409812927246
vt -14.102499961853027 6.70097017288208
vt -14.136500358581543 6.615600109100342
vt -14.07960033416748 6.625549793243408
vt -14.102499961853027 6.70097017288208
vt -14.185799598693848 6.628109931945801
vt -14.136500358581543 6.615600109100342
vt -14.102499961853027 6.70097017288208
vt -14.211999893188477 6.658470153808594
vt -14.185799598693848 6.628109931945801
vt -14.102499961853027 6.70097017288208
vt -14.210000038146973 6.69881010055542
vt -14.211999893188477 6.658470153808594
vt -14.171600341796875 6.736020088195801
vt -14.102499961853027 6.70097017288208
vt -14.125900268554688 6.76147985458374
vt -14.125900268554688 6.76147985458374
vt -14.102499961853027 6.70097017288208
vt -14.074199676513672 6.77092981338501
vt -14.074199676513672 6.77092981338501
vt -14.102499961853027 6.70097017288208
vt -14.030699729919434 6.75993013381958
vt -14.102499961853027 6.70097017288208
vt -14.006099700927734 6.7324299812316895
vt -14.030699729919434 6.75993013381958
vt -14.006099700927734 6.7324299812316895
vt -13.998100280761719 6.695700168609619
vt -13.996100425720215 6.7360100746154785
vt -14.006099700927734 6.7324299812316895
vt -14.102499961853027 6.70097017288208
vt -13.998100280761719 6.695700168609619
vt -14.171600341796875 6.736020088195801
vt -14.179800033569336 6.73907995223999
vt -14.210000038146973 6.69881010055542
vt -14.102499961853027 6.70097017288208
vt -14.171600341796875 6.736020088195801
vt -14.210000038146973 6.69881010055542
vt -14.043700218200684 6.543540000915527
vt -13.942700386047363 6.5293498039245605
vt -13.984100341796875 6.484260082244873
vt -14.043700218200684 6.543540000915527
vt -13.984100341796875 6.484260082244873
vt -14.046500205993652 6.459010124206543
vt -14.043700218200684 6.543540000915527
vt -14.046500205993652 6.459010124206543
vt -14.109299659729004 6.4598798751831055
vt -14.043700218200684 6.543540000915527
vt -14.109299659729004 6.4598798751831055
vt -14.149700164794922 6.488329887390137
vt -14.043700218200684 6.543540000915527
vt -14.149700164794922 6.488329887390137
vt -14.154399871826172 6.5333099365234375
vt -14.043700218200684 6.543540000915527
vt -14.113200187683105 6.576499938964844
vt -14.069199562072754 6.601170063018799
vt -14.043700218200684 6.543540000915527
vt -14.069199562072754 6.601170063018799
vt -14.01669979095459 6.610020160675049
vt -14.043700218200684 6.543540000915527
vt -14.01669979095459 6.610020160675049
vt -13.972700119018555 6.5989298820495605
vt -13.94909954071045 6.571199893951416
vt -14.043700218200684 6.543540000915527
vt -13.972700119018555 6.5989298820495605
vt -13.942700386047363 6.5293498039245605
vt -13.94909954071045 6.571199893951416
vt -13.93809986114502 6.5749101638793945
vt -13.942700386047363 6.5293498039245605
vt -14.043700218200684 6.543540000915527
vt -13.94909954071045 6.571199893951416
vt -14.121899604797363 6.579080104827881
vt -14.113200187683105 6.576499938964844
vt -14.154399871826172 6.5333099365234375
vt -14.113200187683105 6.576499938964844
vt -14.043700218200684 6.543540000915527
vt -14.154399871826172 6.5333099365234375
vt -13.937299728393555 6.506130218505859
vt -13.907699584960938 6.515620231628418
vt -14.060400009155273 6.518060207366943
vt -14.044899940490723 6.58896017074585
vt -13.906700134277344 6.611969947814941
vt -14.028499603271484 6.652120113372803
vt -13.998299598693848 6.930230140686035
vt -13.887399673461914 6.9538798332214355
vt -13.99899959564209 6.935609817504883
vt -13.87600040435791 7.024930000305176
vt -13.871700286865234 7.094079971313477
vt -13.88599967956543 7.056829929351807
vt -13.87600040435791 7.024930000305176
vt -13.88599967956543 7.056829929351807
vt -13.917900085449219 7.025300025939941
vt -13.87600040435791 7.024930000305176
vt -13.917900085449219 7.025300025939941
vt -13.877799987792969 6.994050025939941
vt -13.917900085449219 7.025300025939941
vt -13.96150016784668 7.003330230712891
vt -13.877799987792969 6.994050025939941
vt -13.877799987792969 6.994050025939941
vt -13.96150016784668 7.003330230712891
vt -13.994799613952637 6.995779991149902
vt -13.99370002746582 6.975959777832031
vt -13.877799987792969 6.994050025939941
vt -13.994799613952637 6.995779991149902
vt -13.906299591064453 6.551259994506836
vt -13.907699584960938 6.515620231628418
vt -13.898099899291992 6.520699977874756
vt -13.887200355529785 6.580709934234619
vt -13.906700134277344 6.611969947814941
vt -13.906299591064453 6.551259994506836
vt -13.887200355529785 6.580709934234619
vt -13.887299537658691 6.716430187225342
vt -13.906700134277344 6.611969947814941
vt -13.887299537658691 6.716430187225342
vt -13.907400131225586 6.691999912261963
vt -13.906700134277344 6.611969947814941
vt -13.87600040435791 7.024930000305176
vt -13.85219955444336 7.117740154266357
vt -13.871700286865234 7.094079971313477
vt -13.85219955444336 7.117740154266357
vt -13.89680004119873 7.16379976272583
vt -13.871700286865234 7.094079971313477
vt -13.957599639892578 7.330979824066162
vt -13.948200225830078 7.384819984436035
vt -13.9822998046875 7.399700164794922
vt -13.88599967956543 7.056829929351807
vt -13.919400215148926 7.116409778594971
vt -13.917900085449219 7.025300025939941
vt -13.96150016784668 7.003330230712891
vt -13.972399711608887 7.079470157623291
vt -13.994799613952637 6.995779991149902
vt -14.105400085449219 7.300909996032715
vt -14.03320026397705 7.246660232543945
vt -14.071499824523926 7.310060024261475
vt -14.038999557495117 7.32519006729126
vt -13.980199813842773 7.283649921417236
vt -14.009599685668945 7.347519874572754
vt -14.009599685668945 7.347519874572754
vt -13.980199813842773 7.283649921417236
vt -13.989299774169922 7.373660087585449
vt -14.008899688720703 7.145549774169922
vt -13.89680004119873 7.16379976272583
vt -13.90250015258789 7.1628899574279785
vt -14.008899688720703 7.145549774169922
vt -13.919400215148926 7.116409778594971
vt -13.89680004119873 7.16379976272583
vt -14.008899688720703 7.145549774169922
vt -13.972399711608887 7.079470157623291
vt -13.919400215148926 7.116409778594971
vt -14.008899688720703 7.145549774169922
vt -14.038299560546875 7.064229965209961
vt -13.972399711608887 7.079470157623291
vt -14.008899688720703 7.145549774169922
vt -13.90250015258789 7.1628899574279785
vt -13.91189956665039 7.196209907531738
vt -14.008899688720703 7.145549774169922
vt -13.91189956665039 7.196209907531738
vt -13.944899559020996 7.220709800720215
vt -14.008899688720703 7.145549774169922
vt -13.944899559020996 7.220709800720215
vt -13.993399620056152 7.225419998168945
vt -14.008899688720703 7.145549774169922
vt -13.993399620056152 7.225419998168945
vt -14.045700073242188 7.211810111999512
vt -14.008899688720703 7.145549774169922
vt -14.045700073242188 7.211810111999512
vt -14.090700149536133 7.182869911193848
vt -14.008899688720703 7.145549774169922
vt -14.090700149536133 7.182869911193848
vt -14.115300178527832 7.145450115203857
vt -14.008899688720703 7.145549774169922
vt -14.115300178527832 7.145450115203857
vt -14.114899635314941 7.10761022567749
vt -14.090499877929688 7.080820083618164
vt -14.094300270080566 7.076059818267822
vt -14.038299560546875 7.064229965209961
vt -14.090499877929688 7.080820083618164
vt -14.008899688720703 7.145549774169922
vt -14.114899635314941 7.10761022567749
vt -14.008899688720703 7.145549774169922
vt -14.090499877929688 7.080820083618164
vt -14.038299560546875 7.064229965209961
vt -13.980199813842773 7.283649921417236
vt -13.962800025939941 7.329020023345947
vt -13.957599639892578 7.330979824066162
vt -14.149800300598145 7.247280120849609
vt -14.098400115966797 7.231569766998291
vt -14.15410041809082 7.243969917297363
vt -14.071999549865723 7.3165998458862305
vt -14.03320026397705 7.246660232543945
vt -14.098400115966797 7.231569766998291
vt -14.071999549865723 7.3165998458862305
vt -13.980199813842773 7.283649921417236
vt -14.03320026397705 7.246660232543945
vt -13.962800025939941 7.329020023345947
vt -14.071999549865723 7.3165998458862305
vt -13.972100257873535 7.36476993560791
vt -13.972100257873535 7.36476993560791
vt -14.071999549865723 7.3165998458862305
vt -14.005000114440918 7.387460231781006
vt -14.005000114440918 7.387460231781006
vt -14.071999549865723 7.3165998458862305
vt -14.055000305175781 7.392330169677734
vt -14.055000305175781 7.392330169677734
vt -14.071999549865723 7.3165998458862305
vt -14.106900215148926 7.37893009185791
vt -14.106900215148926 7.37893009185791
vt -14.071999549865723 7.3165998458862305
vt -14.150500297546387 7.349720001220703
vt -14.150500297546387 7.349720001220703
vt -14.071999549865723 7.3165998458862305
vt -14.175200462341309 7.312739849090576
vt -14.175200462341309 7.312739849090576
vt -14.071999549865723 7.3165998458862305
vt -14.175000190734863 7.275100231170654
vt -14.175000190734863 7.275100231170654
vt -14.071999549865723 7.3165998458862305
vt -14.149800300598145 7.247280120849609
vt -14.071999549865723 7.3165998458862305
vt -13.962800025939941 7.329020023345947
vt -13.980199813842773 7.283649921417236
vt -14.071999549865723 7.3165998458862305
vt -14.098400115966797 7.231569766998291
vt -14.149800300598145 7.247280120849609
vt -14.094300270080566 7.076059818267822
vt -14.15410041809082 7.243969917297363
vt -14.178199768066406 7.216730117797852
vt -14.120599746704102 7.057219982147217
vt -14.094300270080566 7.076059818267822
vt -14.178199768066406 7.216730117797852
vt -14.181400299072266 7.241469860076904
vt -14.15410041809082 7.243969917297363
vt -14.169400215148926 7.286139965057373
vt -14.181400299072266 7.241469860076904
vt -14.178199768066406 7.216730117797852
vt -14.15410041809082 7.243969917297363
vt -14.149800300598145 7.247280120849609
vt -14.15410041809082 7.243969917297363
vt -14.094300270080566 7.076059818267822
vt -14.090499877929688 7.080820083618164
vt -14.149800300598145 7.247280120849609
vt -14.094300270080566 7.076059818267822
vt -14.104000091552734 7.037409782409668
vt -14.094300270080566 7.076059818267822
vt -14.120599746704102 7.057219982147217
vt -14.104000091552734 7.037409782409668
vt -14.079000473022461 7.033060073852539
vt -14.094300270080566 7.076059818267822
vt -14.175000190734863 7.275100231170654
vt -14.090499877929688 7.080820083618164
vt -14.114899635314941 7.10761022567749
vt -14.175000190734863 7.275100231170654
vt -14.149800300598145 7.247280120849609
vt -14.090499877929688 7.080820083618164
vt -14.175000190734863 7.275100231170654
vt -14.114899635314941 7.10761022567749
vt -14.115300178527832 7.145450115203857
vt -14.175200462341309 7.312739849090576
vt -14.175000190734863 7.275100231170654
vt -14.115300178527832 7.145450115203857
vt -14.175200462341309 7.312739849090576
vt -14.115300178527832 7.145450115203857
vt -14.090700149536133 7.182869911193848
vt -14.150500297546387 7.349720001220703
vt -14.175200462341309 7.312739849090576
vt -14.090700149536133 7.182869911193848
vt -14.150500297546387 7.349720001220703
vt -14.090700149536133 7.182869911193848
vt -14.045700073242188 7.211810111999512
vt -14.106900215148926 7.37893009185791
vt -14.150500297546387 7.349720001220703
vt -14.045700073242188 7.211810111999512
vt -14.055000305175781 7.392330169677734
vt -14.045700073242188 7.211810111999512
vt -13.993399620056152 7.225419998168945
vt -14.055000305175781 7.392330169677734
vt -14.106900215148926 7.37893009185791
vt -14.045700073242188 7.211810111999512
vt -14.005000114440918 7.387460231781006
vt -13.993399620056152 7.225419998168945
vt -13.944899559020996 7.220709800720215
vt -14.005000114440918 7.387460231781006
vt -14.055000305175781 7.392330169677734
vt -13.993399620056152 7.225419998168945
vt -13.972100257873535 7.36476993560791
vt -13.944899559020996 7.220709800720215
vt -13.91189956665039 7.196209907531738
vt -13.972100257873535 7.36476993560791
vt -14.005000114440918 7.387460231781006
vt -13.944899559020996 7.220709800720215
vt -13.91189956665039 7.196209907531738
vt -13.90250015258789 7.1628899574279785
vt -13.962800025939941 7.329020023345947
vt -13.972100257873535 7.36476993560791
vt -13.91189956665039 7.196209907531738
vt -13.962800025939941 7.329020023345947
vt -13.989299774169922 7.373660087585449
vt -13.957599639892578 7.330979824066162
vt -13.9822998046875 7.399700164794922
vt -13.989299774169922 7.373660087585449
vt -13.980199813842773 7.283649921417236
vt -13.957599639892578 7.330979824066162
vt -14.03320026397705 7.246660232543945
vt -13.980199813842773 7.283649921417236
vt -14.038999557495117 7.32519006729126
vt -14.071499824523926 7.310060024261475
vt -14.03320026397705 7.246660232543945
vt -14.038999557495117 7.32519006729126
vt -14.098400115966797 7.231569766998291
vt -14.03320026397705 7.246660232543945
vt -14.105400085449219 7.300909996032715
vt -14.144399642944336 7.29394006729126
vt -14.098400115966797 7.231569766998291
vt -14.105400085449219 7.300909996032715
vt -14.098400115966797 7.231569766998291
vt -14.144399642944336 7.29394006729126
vt -14.169400215148926 7.286139965057373
vt -14.15410041809082 7.243969917297363
vt -14.098400115966797 7.231569766998291
vt -14.169400215148926 7.286139965057373
vt -13.994799613952637 6.995779991149902
vt -14.038299560546875 7.064229965209961
vt -14.03849983215332 7.002930164337158
vt -13.994799613952637 6.995779991149902
vt -13.972399711608887 7.079470157623291
vt -14.038299560546875 7.064229965209961
vt -14.038299560546875 7.064229965209961
vt -14.094300270080566 7.076059818267822
vt -14.079000473022461 7.033060073852539
vt -14.03849983215332 7.002930164337158
vt -14.038299560546875 7.064229965209961
vt -14.079000473022461 7.033060073852539
vt -13.917900085449219 7.025300025939941
vt -13.972399711608887 7.079470157623291
vt -13.96150016784668 7.003330230712891
vt -13.917900085449219 7.025300025939941
vt -13.919400215148926 7.116409778594971
vt -13.972399711608887 7.079470157623291
vt -13.89680004119873 7.16379976272583
vt -13.919400215148926 7.116409778594971
vt -13.88599967956543 7.056829929351807
vt -13.871700286865234 7.094079971313477
vt -13.89680004119873 7.16379976272583
vt -13.88599967956543 7.056829929351807
vt -13.957599639892578 7.330979824066162
vt -13.85219955444336 7.117740154266357
vt -13.948200225830078 7.384819984436035
vt -13.957599639892578 7.330979824066162
vt -13.89680004119873 7.16379976272583
vt -13.85219955444336 7.117740154266357
vt -13.962800025939941 7.329020023345947
vt -13.89680004119873 7.16379976272583
vt -13.957599639892578 7.330979824066162
vt -13.962800025939941 7.329020023345947
vt -13.90250015258789 7.1628899574279785
vt -13.89680004119873 7.16379976272583
vt -13.85219955444336 7.117740154266357
vt -13.951800346374512 7.267419815063477
vt -13.948200225830078 7.384819984436035
vt -13.85219955444336 7.117740154266357
vt -13.858699798583984 7.014820098876953
vt -13.951800346374512 7.267419815063477
vt -13.866700172424316 6.977049827575684
vt -13.94950008392334 7.2179999351501465
vt -13.951800346374512 7.267419815063477
vt -13.858699798583984 7.014820098876953
vt -13.866700172424316 6.977049827575684
vt -13.951800346374512 7.267419815063477
vt -13.876899719238281 6.931529998779297
vt -13.947600364685059 7.137740135192871
vt -13.94950008392334 7.2179999351501465
vt -13.866700172424316 6.977049827575684
vt -13.876899719238281 6.931529998779297
vt -13.94950008392334 7.2179999351501465
vt -13.876899719238281 6.931529998779297
vt -13.960200309753418 6.9198899269104
vt -13.947600364685059 7.137740135192871
vt -13.876899719238281 6.931529998779297
vt -13.887299537658691 6.716430187225342
vt -13.960200309753418 6.9198899269104
vt -13.887200355529785 6.580709934234619
vt -13.974800109863281 6.821410179138184
vt -13.960200309753418 6.9198899269104
vt -13.887299537658691 6.716430187225342
vt -13.887200355529785 6.580709934234619
vt -13.960200309753418 6.9198899269104
vt -13.887200355529785 6.580709934234619
vt -13.97659969329834 6.79010009765625
vt -13.974800109863281 6.821410179138184
vt -13.887200355529785 6.580709934234619
vt -13.889100074768066 6.545939922332764
vt -13.97659969329834 6.79010009765625
vt -13.858699798583984 7.014820098876953
vt -13.87600040435791 7.024930000305176
vt -13.877799987792969 6.994050025939941
vt -13.858699798583984 7.014820098876953
vt -13.85219955444336 7.117740154266357
vt -13.87600040435791 7.024930000305176
vt -13.858699798583984 7.014820098876953
vt -13.877799987792969 6.994050025939941
vt -13.887399673461914 6.9538798332214355
vt -13.866700172424316 6.977049827575684
vt -13.858699798583984 7.014820098876953
vt -13.887399673461914 6.9538798332214355
vt -13.866700172424316 6.977049827575684
vt -13.887399673461914 6.9538798332214355
vt -13.895099639892578 6.909409999847412
vt -13.876899719238281 6.931529998779297
vt -13.866700172424316 6.977049827575684
vt -13.895099639892578 6.909409999847412
vt -13.876899719238281 6.931529998779297
vt -13.895099639892578 6.909409999847412
vt -13.907400131225586 6.691999912261963
vt -13.887299537658691 6.716430187225342
vt -13.876899719238281 6.931529998779297
vt -13.907400131225586 6.691999912261963
vt -13.906299591064453 6.551259994506836
vt -13.898099899291992 6.520699977874756
vt -13.889100074768066 6.545939922332764
vt -13.887200355529785 6.580709934234619
vt -13.906299591064453 6.551259994506836
vt -13.889100074768066 6.545939922332764
vt -13.99899959564209 6.935609817504883
vt -13.877799987792969 6.994050025939941
vt -13.99370002746582 6.975959777832031
vt -13.99899959564209 6.935609817504883
vt -13.887399673461914 6.9538798332214355
vt -13.877799987792969 6.994050025939941
vt -13.984999656677246 6.897150039672852
vt -13.887399673461914 6.9538798332214355
vt -13.998299598693848 6.930230140686035
vt -13.984999656677246 6.897150039672852
vt -13.895099639892578 6.909409999847412
vt -13.887399673461914 6.9538798332214355
vt -13.907400131225586 6.691999912261963
vt -13.895099639892578 6.909409999847412
vt -13.984999656677246 6.897150039672852
vt -14.021300315856934 6.669250011444092
vt -13.907400131225586 6.691999912261963
vt -13.984999656677246 6.897150039672852
vt -14.028499603271484 6.652120113372803
vt -13.907400131225586 6.691999912261963
vt -14.021300315856934 6.669250011444092
vt -14.028499603271484 6.652120113372803
vt -13.906700134277344 6.611969947814941
vt -13.907400131225586 6.691999912261963
vt -13.906299591064453 6.551259994506836
vt -13.906700134277344 6.611969947814941
vt -14.044899940490723 6.58896017074585
vt -14.055000305175781 6.532249927520752
vt -13.906299591064453 6.551259994506836
vt -14.044899940490723 6.58896017074585
vt -14.060400009155273 6.518060207366943
vt -13.906299591064453 6.551259994506836
vt -14.055000305175781 6.532249927520752
vt -14.060400009155273 6.518060207366943
vt -13.907699584960938 6.515620231628418
vt -13.906299591064453 6.551259994506836
vt -14.014599800109863 6.759980201721191
vt -13.99209976196289 6.731619834899902
vt -13.936800003051758 6.589600086212158
vt -13.964500427246094 6.621339797973633
vt -14.014599800109863 6.759980201721191
vt -13.936800003051758 6.589600086212158
vt -14.067099571228027 6.773709774017334
vt -14.014599800109863 6.759980201721191
vt -13.964500427246094 6.621339797973633
vt -14.01669979095459 6.634339809417725
vt -14.067099571228027 6.773709774017334
vt -13.964500427246094 6.621339797973633
vt -14.076800346374512 6.623579978942871
vt -14.067099571228027 6.773709774017334
vt -14.01669979095459 6.634339809417725
vt -14.076800346374512 6.623579978942871
vt -14.13029956817627 6.762730121612549
vt -14.067099571228027 6.773709774017334
vt -14.13029956817627 6.762730121612549
vt -14.076800346374512 6.623579978942871
vt -14.130499839782715 6.595119953155518
vt -14.179499626159668 6.735189914703369
vt -14.13029956817627 6.762730121612549
vt -14.130499839782715 6.595119953155518
vt -14.076800346374512 6.623579978942871
vt -14.069199562072754 6.601170063018799
vt -14.113200187683105 6.576499938964844
vt -14.130499839782715 6.595119953155518
vt -14.076800346374512 6.623579978942871
vt -14.113200187683105 6.576499938964844
vt -14.076800346374512 6.623579978942871
vt -14.01669979095459 6.610020160675049
vt -14.069199562072754 6.601170063018799
vt -14.076800346374512 6.623579978942871
vt -14.01669979095459 6.634339809417725
vt -14.01669979095459 6.610020160675049
vt -13.964500427246094 6.621339797973633
vt -13.972700119018555 6.5989298820495605
vt -14.01669979095459 6.610020160675049
vt -14.01669979095459 6.634339809417725
vt -13.964500427246094 6.621339797973633
vt -14.01669979095459 6.610020160675049
vt -13.964500427246094 6.621339797973633
vt -13.936800003051758 6.589600086212158
vt -13.94909954071045 6.571199893951416
vt -13.972700119018555 6.5989298820495605
vt -13.964500427246094 6.621339797973633
vt -13.94909954071045 6.571199893951416
vt -14.014599800109863 6.759980201721191
vt -14.006099700927734 6.7324299812316895
vt -13.99209976196289 6.731619834899902
vt -14.014599800109863 6.759980201721191
vt -14.030699729919434 6.75993013381958
vt -14.006099700927734 6.7324299812316895
vt -14.030699729919434 6.75993013381958
vt -14.067099571228027 6.773709774017334
vt -14.074199676513672 6.77092981338501
vt -14.030699729919434 6.75993013381958
vt -14.014599800109863 6.759980201721191
vt -14.067099571228027 6.773709774017334
vt -14.067099571228027 6.773709774017334
vt -14.13029956817627 6.762730121612549
vt -14.125900268554688 6.76147985458374
vt -14.074199676513672 6.77092981338501
vt -14.067099571228027 6.773709774017334
vt -14.125900268554688 6.76147985458374
vt -14.171600341796875 6.736020088195801
vt -14.13029956817627 6.762730121612549
vt -14.179499626159668 6.735189914703369
vt -14.171600341796875 6.736020088195801
vt -14.125900268554688 6.76147985458374
vt -14.13029956817627 6.762730121612549
vt -14.121899604797363 6.579080104827881
vt -14.101300239562988 6.526869773864746
vt -14.144399642944336 6.5887298583984375
vt -14.130499839782715 6.595119953155518
vt -14.121899604797363 6.579080104827881
vt -14.144399642944336 6.5887298583984375
vt -14.130499839782715 6.595119953155518
vt -14.144399642944336 6.5887298583984375
vt -14.206199645996094 6.760819911956787
vt -14.179499626159668 6.735189914703369
vt -14.130499839782715 6.595119953155518
vt -14.206199645996094 6.760819911956787
vt -14.206199645996094 6.760819911956787
vt -14.205900192260742 6.788430213928223
vt -14.179800033569336 6.73907995223999
vt -14.179499626159668 6.735189914703369
vt -14.206199645996094 6.760819911956787
vt -14.179800033569336 6.73907995223999
vt -14.154399871826172 6.5333099365234375
vt -14.147600173950195 6.5067901611328125
vt -14.12969970703125 6.516409873962402
vt -14.121899604797363 6.579080104827881
vt -14.154399871826172 6.5333099365234375
vt -14.12969970703125 6.516409873962402
vt -14.149700164794922 6.488329887390137
vt -14.140899658203125 6.464139938354492
vt -14.147600173950195 6.5067901611328125
vt -14.154399871826172 6.5333099365234375
vt -14.149700164794922 6.488329887390137
vt -14.147600173950195 6.5067901611328125
vt -14.149700164794922 6.488329887390137
vt -14.103400230407715 6.430089950561523
vt -14.140899658203125 6.464139938354492
vt -14.149700164794922 6.488329887390137
vt -14.109299659729004 6.4598798751831055
vt -14.103400230407715 6.430089950561523
vt -14.109299659729004 6.4598798751831055
vt -14.049799919128418 6.4233598709106445
vt -14.103400230407715 6.430089950561523
vt -14.109299659729004 6.4598798751831055
vt -14.046500205993652 6.459010124206543
vt -14.049799919128418 6.4233598709106445
vt -14.046500205993652 6.459010124206543
vt -13.976499557495117 6.451879978179932
vt -14.049799919128418 6.4233598709106445
vt -14.046500205993652 6.459010124206543
vt -13.984100341796875 6.484260082244873
vt -13.976499557495117 6.451879978179932
vt -13.984100341796875 6.484260082244873
vt -13.930700302124023 6.4883599281311035
vt -13.976499557495117 6.451879978179932
vt -13.984100341796875 6.484260082244873
vt -13.942700386047363 6.5293498039245605
vt -13.930700302124023 6.4883599281311035
vt -13.942700386047363 6.5293498039245605
vt -13.93809986114502 6.5749101638793945
vt -13.922800064086914 6.531519889831543
vt -13.930700302124023 6.4883599281311035
vt -13.942700386047363 6.5293498039245605
vt -13.922800064086914 6.531519889831543
vt -14.060400009155273 6.518060207366943
vt -14.055000305175781 6.532249927520752
vt -14.089200019836426 6.5366902351379395
vt -14.09179973602295 6.506499767303467
vt -14.060400009155273 6.518060207366943
vt -14.089200019836426 6.5366902351379395
vt -14.12969970703125 6.516409873962402
vt -14.147600173950195 6.5067901611328125
vt -14.133099555969238 6.466770172119141
vt -14.09179973602295 6.506499767303467
vt -14.12969970703125 6.516409873962402
vt -14.133099555969238 6.466770172119141
vt -14.133099555969238 6.466770172119141
vt -14.140899658203125 6.464139938354492
vt -14.124899864196777 6.424570083618164
vt -14.133099555969238 6.466770172119141
vt -14.147600173950195 6.5067901611328125
vt -14.140899658203125 6.464139938354492
vt -14.124899864196777 6.424570083618164
vt -14.103400230407715 6.430089950561523
vt -14.085599899291992 6.400990009307861
vt -14.124899864196777 6.424570083618164
vt -14.140899658203125 6.464139938354492
vt -14.103400230407715 6.430089950561523
vt -14.085599899291992 6.400990009307861
vt -14.049799919128418 6.4233598709106445
vt -14.029500007629395 6.399700164794922
vt -14.085599899291992 6.400990009307861
vt -14.103400230407715 6.430089950561523
vt -14.049799919128418 6.4233598709106445
vt -14.029500007629395 6.399700164794922
vt -13.976499557495117 6.451879978179932
vt -13.970600128173828 6.421649932861328
vt -14.029500007629395 6.399700164794922
vt -14.049799919128418 6.4233598709106445
vt -13.976499557495117 6.451879978179932
vt -13.976499557495117 6.451879978179932
vt -13.930700302124023 6.4883599281311035
vt -13.9266996383667 6.46481990814209
vt -13.970600128173828 6.421649932861328
vt -13.976499557495117 6.451879978179932
vt -13.9266996383667 6.46481990814209
vt -13.9266996383667 6.46481990814209
vt -13.922800064086914 6.531519889831543
vt -13.937299728393555 6.506130218505859
vt -13.9266996383667 6.46481990814209
vt -13.930700302124023 6.4883599281311035
vt -13.922800064086914 6.531519889831543
vt -13.93809986114502 6.5749101638793945
vt -13.889100074768066 6.545939922332764
vt -13.922800064086914 6.531519889831543
vt -13.93809986114502 6.5749101638793945
vt -13.936800003051758 6.589600086212158
vt -13.889100074768066 6.545939922332764
vt -13.898099899291992 6.520699977874756
vt -13.907699584960938 6.515620231628418
vt -13.922800064086914 6.531519889831543
vt -13.889100074768066 6.545939922332764
vt -13.898099899291992 6.520699977874756
vt -13.922800064086914 6.531519889831543
vt -13.936800003051758 6.589600086212158
vt -13.99209976196289 6.731619834899902
vt -13.97659969329834 6.79010009765625
vt -13.889100074768066 6.545939922332764
vt -13.936800003051758 6.589600086212158
vt -13.97659969329834 6.79010009765625
vt -14.089200019836426 6.5366902351379395
vt -14.044899940490723 6.58896017074585
vt -14.089900016784668 6.592060089111328
vt -14.089200019836426 6.5366902351379395
vt -14.055000305175781 6.532249927520752
vt -14.044899940490723 6.58896017074585
vt -14.044899940490723 6.58896017074585
vt -14.028499603271484 6.652120113372803
vt -14.058899879455566 6.661990165710449
vt -14.089900016784668 6.592060089111328
vt -14.044899940490723 6.58896017074585
vt -14.058899879455566 6.661990165710449
vt -14.058899879455566 6.661990165710449
vt -14.021300315856934 6.669250011444092
vt -14.050600051879883 6.679110050201416
vt -14.058899879455566 6.661990165710449
vt -14.028499603271484 6.652120113372803
vt -14.021300315856934 6.669250011444092
vt -14.021300315856934 6.669250011444092
vt -14.020000457763672 6.890900135040283
vt -14.050600051879883 6.679110050201416
vt -14.021300315856934 6.669250011444092
vt -13.984999656677246 6.897150039672852
vt -14.020000457763672 6.890900135040283
vt -14.020000457763672 6.890900135040283
vt -13.998299598693848 6.930230140686035
vt -14.040200233459473 6.929689884185791
vt -14.020000457763672 6.890900135040283
vt -13.984999656677246 6.897150039672852
vt -13.998299598693848 6.930230140686035
vt -14.040200233459473 6.929689884185791
vt -13.99899959564209 6.935609817504883
vt -14.046600341796875 6.9364399909973145
vt -14.040200233459473 6.929689884185791
vt -13.998299598693848 6.930230140686035
vt -13.99899959564209 6.935609817504883
vt -14.046600341796875 6.9364399909973145
vt -13.99370002746582 6.975959777832031
vt -14.058099746704102 6.981900215148926
vt -14.046600341796875 6.9364399909973145
vt -13.99899959564209 6.935609817504883
vt -13.99370002746582 6.975959777832031
vt -13.99370002746582 6.975959777832031
vt -14.03849983215332 7.002930164337158
vt -14.058099746704102 6.981900215148926
vt -13.99370002746582 6.975959777832031
vt -13.994799613952637 6.995779991149902
vt -14.03849983215332 7.002930164337158
vt -14.108499526977539 7.01662015914917
vt -14.079000473022461 7.033060073852539
vt -14.104000091552734 7.037409782409668
vt -14.108499526977539 7.01662015914917
vt -14.058099746704102 6.981900215148926
vt -14.079000473022461 7.033060073852539
vt -14.090800285339355 6.957369804382324
vt -14.058099746704102 6.981900215148926
vt -14.108499526977539 7.01662015914917
vt -14.090800285339355 6.957369804382324
vt -14.046600341796875 6.9364399909973145
vt -14.058099746704102 6.981900215148926
vt -14.078700065612793 6.943210124969482
vt -14.046600341796875 6.9364399909973145
vt -14.090800285339355 6.957369804382324
vt -14.078700065612793 6.943210124969482
vt -14.040200233459473 6.929689884185791
vt -14.046600341796875 6.9364399909973145
vt -14.056599617004395 6.897950172424316
vt -14.040200233459473 6.929689884185791
vt -14.078700065612793 6.943210124969482
vt -14.056599617004395 6.897950172424316
vt -14.020000457763672 6.890900135040283
vt -14.040200233459473 6.929689884185791
vt -14.050600051879883 6.679110050201416
vt -14.056599617004395 6.897950172424316
vt -14.08430004119873 6.695690155029297
vt -14.050600051879883 6.679110050201416
vt -14.020000457763672 6.890900135040283
vt -14.056599617004395 6.897950172424316
vt -14.058899879455566 6.661990165710449
vt -14.050600051879883 6.679110050201416
vt -14.08430004119873 6.695690155029297
vt -14.09119987487793 6.677460193634033
vt -14.058899879455566 6.661990165710449
vt -14.08430004119873 6.695690155029297
vt -14.089900016784668 6.592060089111328
vt -14.058899879455566 6.661990165710449
vt -14.09119987487793 6.677460193634033
vt -14.128399848937988 6.601200103759766
vt -14.089900016784668 6.592060089111328
vt -14.09119987487793 6.677460193634033
vt -14.120400428771973 6.54980993270874
vt -14.089900016784668 6.592060089111328
vt -14.128399848937988 6.601200103759766
vt -14.120400428771973 6.54980993270874
vt -14.089200019836426 6.5366902351379395
vt -14.089900016784668 6.592060089111328
vt -14.128399848937988 6.601200103759766
vt -14.146100044250488 6.61329984664917
vt -14.144399642944336 6.5887298583984375
vt -14.120400428771973 6.54980993270874
vt -14.128399848937988 6.601200103759766
vt -14.144399642944336 6.5887298583984375
vt -14.09119987487793 6.677460193634033
vt -14.125100135803223 6.717130184173584
vt -14.142600059509277 6.668879985809326
vt -14.128399848937988 6.601200103759766
vt -14.09119987487793 6.677460193634033
vt -14.142600059509277 6.668879985809326
vt -14.08430004119873 6.695690155029297
vt -14.117300033569336 6.736770153045654
vt -14.125100135803223 6.717130184173584
vt -14.09119987487793 6.677460193634033
vt -14.08430004119873 6.695690155029297
vt -14.125100135803223 6.717130184173584
vt -14.056599617004395 6.897950172424316
vt -14.106599807739258 6.944709777832031
vt -14.117300033569336 6.736770153045654
vt -14.08430004119873 6.695690155029297
vt -14.056599617004395 6.897950172424316
vt -14.117300033569336 6.736770153045654
vt -14.078700065612793 6.943210124969482
vt -14.116600036621094 6.989299774169922
vt -14.106599807739258 6.944709777832031
vt -14.056599617004395 6.897950172424316
vt -14.078700065612793 6.943210124969482
vt -14.106599807739258 6.944709777832031
vt -14.108499526977539 7.01662015914917
vt -14.121399879455566 7.0413498878479
vt -14.11970043182373 6.9986701011657715
vt -14.090800285339355 6.957369804382324
vt -14.108499526977539 7.01662015914917
vt -14.11970043182373 6.9986701011657715
vt -14.108499526977539 7.01662015914917
vt -14.120599746704102 7.057219982147217
vt -14.121399879455566 7.0413498878479
vt -14.108499526977539 7.01662015914917
vt -14.104000091552734 7.037409782409668
vt -14.120599746704102 7.057219982147217
vt -14.144399642944336 6.5887298583984375
vt -14.201700210571289 6.7716498374938965
vt -14.206199645996094 6.760819911956787
vt -14.144399642944336 6.5887298583984375
vt -14.146100044250488 6.61329984664917
vt -14.201700210571289 6.7716498374938965
vt -14.142600059509277 6.668879985809326
vt -14.190099716186523 6.802249908447266
vt -14.201700210571289 6.7716498374938965
vt -14.146100044250488 6.61329984664917
vt -14.142600059509277 6.668879985809326
vt -14.201700210571289 6.7716498374938965
vt -14.125100135803223 6.717130184173584
vt -14.168899536132812 6.845709800720215
vt -14.190099716186523 6.802249908447266
vt -14.142600059509277 6.668879985809326
vt -14.125100135803223 6.717130184173584
vt -14.190099716186523 6.802249908447266
vt -14.117300033569336 6.736770153045654
vt -14.161800384521484 6.859409809112549
vt -14.168899536132812 6.845709800720215
vt -14.125100135803223 6.717130184173584
vt -14.117300033569336 6.736770153045654
vt -14.168899536132812 6.845709800720215
vt -14.117300033569336 6.736770153045654
vt -14.142900466918945 7.044829845428467
vt -14.161800384521484 6.859409809112549
vt -14.117300033569336 6.736770153045654
vt -14.106599807739258 6.944709777832031
vt -14.142900466918945 7.044829845428467
vt -14.106599807739258 6.944709777832031
vt -14.162400245666504 7.115029811859131
vt -14.142900466918945 7.044829845428467
vt -14.106599807739258 6.944709777832031
vt -14.116600036621094 6.989299774169922
vt -14.162400245666504 7.115029811859131
vt -14.116600036621094 6.989299774169922
vt -14.169300079345703 7.135660171508789
vt -14.162400245666504 7.115029811859131
vt -14.116600036621094 6.989299774169922
vt -14.11970043182373 6.9986701011657715
vt -14.169300079345703 7.135660171508789
vt -14.11970043182373 6.9986701011657715
vt -14.178999900817871 7.198599815368652
vt -14.169300079345703 7.135660171508789
vt -14.11970043182373 6.9986701011657715
vt -14.121399879455566 7.0413498878479
vt -14.178999900817871 7.198599815368652
vt -14.121399879455566 7.0413498878479
vt -14.178199768066406 7.216730117797852
vt -14.178999900817871 7.198599815368652
vt -14.121399879455566 7.0413498878479
vt -14.120599746704102 7.057219982147217
vt -14.178199768066406 7.216730117797852
vt -14.206199645996094 6.760819911956787
vt -14.201899528503418 6.8054399490356445
vt -14.205900192260742 6.788430213928223
vt -14.206199645996094 6.760819911956787
vt -14.201700210571289 6.7716498374938965
vt -14.201899528503418 6.8054399490356445
vt -14.190099716186523 6.802249908447266
vt -14.164400100708008 6.883709907531738
vt -14.201899528503418 6.8054399490356445
vt -14.190099716186523 6.802249908447266
vt -14.168899536132812 6.845709800720215
vt -14.164400100708008 6.883709907531738
vt -14.161800384521484 6.859409809112549
vt -14.155799865722656 6.900509834289551
vt -14.164400100708008 6.883709907531738
vt -14.168899536132812 6.845709800720215
vt -14.161800384521484 6.859409809112549
vt -14.164400100708008 6.883709907531738
vt -14.161800384521484 6.859409809112549
vt -14.130999565124512 7.1061201095581055
vt -14.155799865722656 6.900509834289551
vt -14.161800384521484 6.859409809112549
vt -14.142900466918945 7.044829845428467
vt -14.130999565124512 7.1061201095581055
vt -14.142900466918945 7.044829845428467
vt -14.154500007629395 7.148519992828369
vt -14.130999565124512 7.1061201095581055
vt -14.142900466918945 7.044829845428467
vt -14.162400245666504 7.115029811859131
vt -14.154500007629395 7.148519992828369
vt -14.162400245666504 7.115029811859131
vt -14.164899826049805 7.163479804992676
vt -14.154500007629395 7.148519992828369
vt -14.162400245666504 7.115029811859131
vt -14.169300079345703 7.135660171508789
vt -14.164899826049805 7.163479804992676
vt -14.169300079345703 7.135660171508789
vt -14.182299613952637 7.221350193023682
vt -14.164899826049805 7.163479804992676
vt -14.169300079345703 7.135660171508789
vt -14.178999900817871 7.198599815368652
vt -14.182299613952637 7.221350193023682
vt -14.178999900817871 7.198599815368652
vt -14.181400299072266 7.241469860076904
vt -14.182299613952637 7.221350193023682
vt -14.178999900817871 7.198599815368652
vt -14.178199768066406 7.216730117797852
vt -14.181400299072266 7.241469860076904
vt -14.205900192260742 6.788430213928223
vt -14.179400444030762 6.840700149536133
vt -14.18649959564209 6.80620002746582
vt -14.205900192260742 6.788430213928223
vt -14.201899528503418 6.8054399490356445
vt -14.179400444030762 6.840700149536133
vt -14.164400100708008 6.883709907531738
vt -14.143500328063965 6.896999835968018
vt -14.179400444030762 6.840700149536133
vt -14.201899528503418 6.8054399490356445
vt -14.164400100708008 6.883709907531738
vt -14.179400444030762 6.840700149536133
vt -14.155799865722656 6.900509834289551
vt -14.104000091552734 7.127769947052002
vt -14.143500328063965 6.896999835968018
vt -14.155799865722656 6.900509834289551
vt -14.130999565124512 7.1061201095581055
vt -14.104000091552734 7.127769947052002
vt -14.130999565124512 7.1061201095581055
vt -14.128100395202637 7.175039768218994
vt -14.104000091552734 7.127769947052002
vt -14.130999565124512 7.1061201095581055
vt -14.154500007629395 7.148519992828369
vt -14.128100395202637 7.175039768218994
vt -14.154500007629395 7.148519992828369
vt -14.137499809265137 7.185530185699463
vt -14.128100395202637 7.175039768218994
vt -14.154500007629395 7.148519992828369
vt -14.164899826049805 7.163479804992676
vt -14.137499809265137 7.185530185699463
vt -14.164899826049805 7.163479804992676
vt -14.159199714660645 7.257880210876465
vt -14.137499809265137 7.185530185699463
vt -14.164899826049805 7.163479804992676
vt -14.182299613952637 7.221350193023682
vt -14.159199714660645 7.257880210876465
vt -14.182299613952637 7.221350193023682
vt -14.169400215148926 7.286139965057373
vt -14.159199714660645 7.257880210876465
vt -14.182299613952637 7.221350193023682
vt -14.181400299072266 7.241469860076904
vt -14.169400215148926 7.286139965057373
vt -14.211999893188477 6.658470153808594
vt -14.220199584960938 6.710269927978516
vt -14.219599723815918 6.679230213165283
vt -14.211999893188477 6.658470153808594
vt -14.210000038146973 6.69881010055542
vt -14.220199584960938 6.710269927978516
vt -14.185799598693848 6.628109931945801
vt -14.219599723815918 6.679230213165283
vt -14.196399688720703 6.660490036010742
vt -14.185799598693848 6.628109931945801
vt -14.211999893188477 6.658470153808594
vt -14.219599723815918 6.679230213165283
vt -13.996100425720215 6.7360100746154785
vt -14.011199951171875 6.743350028991699
vt -14.01140022277832 6.77800989151001
vt -13.996100425720215 6.7360100746154785
vt -13.998100280761719 6.695700168609619
vt -14.011199951171875 6.743350028991699
vt -14.01140022277832 6.77800989151001
vt -14.011199951171875 6.743350028991699
vt -14.04640007019043 6.763929843902588
vt -14.04800033569336 6.7878098487854
vt -14.01140022277832 6.77800989151001
vt -14.04640007019043 6.763929843902588
vt -14.011199951171875 6.743350028991699
vt -14.03219985961914 6.707709789276123
vt -14.062899589538574 6.740260124206543
vt -14.04640007019043 6.763929843902588
vt -14.011199951171875 6.743350028991699
vt -14.062899589538574 6.740260124206543
vt -14.03219985961914 6.707709789276123
vt -14.068400382995605 6.675230026245117
vt -14.088600158691406 6.718719959259033
vt -14.062899589538574 6.740260124206543
vt -14.03219985961914 6.707709789276123
vt -14.088600158691406 6.718719959259033
vt -14.068400382995605 6.675230026245117
vt -14.115300178527832 6.656779766082764
vt -14.120400428771973 6.7082600593566895
vt -14.088600158691406 6.718719959259033
vt -14.068400382995605 6.675230026245117
vt -14.120400428771973 6.7082600593566895
vt -14.115300178527832 6.656779766082764
vt -14.149700164794922 6.707630157470703
vt -14.120400428771973 6.7082600593566895
vt -14.115300178527832 6.656779766082764
vt -14.161100387573242 6.648890018463135
vt -14.149700164794922 6.707630157470703
vt -14.161100387573242 6.648890018463135
vt -14.196399688720703 6.660490036010742
vt -14.173299789428711 6.717870235443115
vt -14.149700164794922 6.707630157470703
vt -14.161100387573242 6.648890018463135
vt -14.173299789428711 6.717870235443115
vt -14.196399688720703 6.660490036010742
vt -14.219599723815918 6.679230213165283
vt -14.184499740600586 6.736120223999023
vt -14.173299789428711 6.717870235443115
vt -14.196399688720703 6.660490036010742
vt -14.184499740600586 6.736120223999023
vt -14.184499740600586 6.736120223999023
vt -14.220199584960938 6.710269927978516
vt -14.180999755859375 6.756760120391846
vt -14.184499740600586 6.736120223999023
vt -14.219599723815918 6.679230213165283
vt -14.220199584960938 6.710269927978516
vt -14.197799682617188 6.7926201820373535
vt -14.18649959564209 6.80620002746582
vt -14.157699584960938 6.8159098625183105
vt -14.180999755859375 6.756760120391846
vt -14.197799682617188 6.7926201820373535
vt -14.157699584960938 6.8159098625183105
vt -14.18649959564209 6.80620002746582
vt -14.179400444030762 6.840700149536133
vt -14.141200065612793 6.857359886169434
vt -14.157699584960938 6.8159098625183105
vt -14.18649959564209 6.80620002746582
vt -14.141200065612793 6.857359886169434
vt -14.141200065612793 6.857359886169434
vt -14.143500328063965 6.896999835968018
vt -14.09570026397705 6.920849800109863
vt -14.141200065612793 6.857359886169434
vt -14.179400444030762 6.840700149536133
vt -14.143500328063965 6.896999835968018
vt -14.09570026397705 6.920849800109863
vt -14.104000091552734 7.127769947052002
vt -14.070799827575684 7.143199920654297
vt -14.09570026397705 6.920849800109863
vt -14.143500328063965 6.896999835968018
vt -14.104000091552734 7.127769947052002
vt -14.104000091552734 7.127769947052002
vt -14.128100395202637 7.175039768218994
vt -14.09160041809082 7.1957502365112305
vt -14.070799827575684 7.143199920654297
vt -14.104000091552734 7.127769947052002
vt -14.09160041809082 7.1957502365112305
vt -14.128100395202637 7.175039768218994
vt -14.137499809265137 7.185530185699463
vt -14.098299980163574 7.206110000610352
vt -14.09160041809082 7.1957502365112305
vt -14.128100395202637 7.175039768218994
vt -14.098299980163574 7.206110000610352
vt -14.137499809265137 7.185530185699463
vt -14.159199714660645 7.257880210876465
vt -14.106599807739258 7.2807698249816895
vt -14.098299980163574 7.206110000610352
vt -14.137499809265137 7.185530185699463
vt -14.106599807739258 7.2807698249816895
vt -14.106599807739258 7.2807698249816895
vt -14.144399642944336 7.29394006729126
vt -14.105400085449219 7.300909996032715
vt -14.106599807739258 7.2807698249816895
vt -14.159199714660645 7.257880210876465
vt -14.144399642944336 7.29394006729126
vt -13.985400199890137 7.325099945068359
vt -13.951800346374512 7.267419815063477
vt -13.988200187683105 7.28000020980835
vt -13.985400199890137 7.325099945068359
vt -13.948200225830078 7.384819984436035
vt -13.951800346374512 7.267419815063477
vt -13.951800346374512 7.267419815063477
vt -13.94950008392334 7.2179999351501465
vt -13.985199928283691 7.2262701988220215
vt -13.988200187683105 7.28000020980835
vt -13.951800346374512 7.267419815063477
vt -13.985199928283691 7.2262701988220215
vt -13.94950008392334 7.2179999351501465
vt -13.947600364685059 7.137740135192871
vt -13.982199668884277 7.155379772186279
vt -13.985199928283691 7.2262701988220215
vt -13.94950008392334 7.2179999351501465
vt -13.982199668884277 7.155379772186279
vt -13.947600364685059 7.137740135192871
vt -13.960200309753418 6.9198899269104
vt -13.994799613952637 6.937920093536377
vt -13.982199668884277 7.155379772186279
vt -13.947600364685059 7.137740135192871
vt -13.994799613952637 6.937920093536377
vt -13.994799613952637 6.937920093536377
vt -13.974800109863281 6.821410179138184
vt -14.010499954223633 6.838019847869873
vt -13.994799613952637 6.937920093536377
vt -13.960200309753418 6.9198899269104
vt -13.974800109863281 6.821410179138184
vt -14.010499954223633 6.838019847869873
vt -13.97659969329834 6.79010009765625
vt -14.013099670410156 6.799330234527588
vt -14.010499954223633 6.838019847869873
vt -13.974800109863281 6.821410179138184
vt -13.97659969329834 6.79010009765625
vt -14.098299980163574 7.206110000610352
vt -13.988200187683105 7.28000020980835
vt -13.985199928283691 7.2262701988220215
vt -14.09160041809082 7.1957502365112305
vt -14.098299980163574 7.206110000610352
vt -13.985199928283691 7.2262701988220215
vt -14.070799827575684 7.143199920654297
vt -13.985199928283691 7.2262701988220215
vt -13.982199668884277 7.155379772186279
vt -14.070799827575684 7.143199920654297
vt -14.09160041809082 7.1957502365112305
vt -13.985199928283691 7.2262701988220215
vt -14.070799827575684 7.143199920654297
vt -13.982199668884277 7.155379772186279
vt -13.994799613952637 6.937920093536377
vt -14.09570026397705 6.920849800109863
vt -14.070799827575684 7.143199920654297
vt -13.994799613952637 6.937920093536377
vt -14.09570026397705 6.920849800109863
vt -14.010499954223633 6.838019847869873
vt -14.04800033569336 6.7878098487854
vt -14.09570026397705 6.920849800109863
vt -13.994799613952637 6.937920093536377
vt -14.010499954223633 6.838019847869873
vt -14.141200065612793 6.857359886169434
vt -14.09570026397705 6.920849800109863
vt -14.04800033569336 6.7878098487854
vt -14.157699584960938 6.8159098625183105
vt -14.141200065612793 6.857359886169434
vt -14.04800033569336 6.7878098487854
vt -14.180999755859375 6.756760120391846
vt -14.04800033569336 6.7878098487854
vt -14.04640007019043 6.763929843902588
vt -14.184499740600586 6.736120223999023
vt -14.180999755859375 6.756760120391846
vt -14.04640007019043 6.763929843902588
vt -14.184499740600586 6.736120223999023
vt -14.04640007019043 6.763929843902588
vt -14.062899589538574 6.740260124206543
vt -14.173299789428711 6.717870235443115
vt -14.184499740600586 6.736120223999023
vt -14.062899589538574 6.740260124206543
vt -14.173299789428711 6.717870235443115
vt -14.062899589538574 6.740260124206543
vt -14.088600158691406 6.718719959259033
vt -14.149700164794922 6.707630157470703
vt -14.173299789428711 6.717870235443115
vt -14.088600158691406 6.718719959259033
vt -14.208600044250488 7.004519939422607
vt -14.244999885559082 7.010369777679443
vt -14.212699890136719 6.91765022277832
vt -14.18340015411377 6.931009769439697
vt -14.208600044250488 7.004519939422607
vt -14.212699890136719 6.91765022277832
vt -13.975000381469727 6.916309833526611
vt -13.970800399780273 6.903930187225342
vt -13.941100120544434 6.911409854888916
vt -13.94540023803711 6.923789978027344
vt -13.975000381469727 6.916309833526611
vt -13.941100120544434 6.911409854888916
vt -14.095100402832031 6.980480194091797
vt -13.991700172424316 7.009190082550049
vt -14.101300239562988 6.991089820861816
vt -14.095100402832031 6.980480194091797
vt -13.98859977722168 6.998050212860107
vt -13.991700172424316 7.009190082550049
vt -13.944199562072754 6.650670051574707
vt -13.902999877929688 6.661819934844971
vt -13.9399995803833 6.638400077819824
vt -13.944199562072754 6.650670051574707
vt -13.907299995422363 6.673989772796631
vt -13.902999877929688 6.661819934844971
vt -13.991499900817871 6.9544901847839355
vt -14.00160026550293 6.947810173034668
vt -13.99429988861084 6.966179847717285
vt -13.991499900817871 6.9544901847839355
vt -13.998200416564941 6.936570167541504
vt -14.00160026550293 6.947810173034668
vt -14.10569953918457 6.677130222320557
vt -14.101799964904785 6.664030075073242
vt -14.18529987335205 6.71589994430542
vt -14.183600425720215 6.7322001457214355
vt -14.10569953918457 6.677130222320557
vt -14.18529987335205 6.71589994430542
vt -14.219400405883789 7.045989990234375
vt -14.230400085449219 7.0627899169921875
vt -14.244999885559082 7.010369777679443
vt -14.208600044250488 7.004519939422607
vt -14.219400405883789 7.045989990234375
vt -14.244999885559082 7.010369777679443
vt -14.087499618530273 7.108739852905273
vt -14.094799995422363 7.119239807128906
vt -13.985600471496582 7.138319969177246
vt -13.982500076293945 7.127560138702393
vt -14.087499618530273 7.108739852905273
vt -13.985600471496582 7.138319969177246
vt -13.913299560546875 6.922299861907959
vt -13.909099578857422 6.909949779510498
vt -13.887200355529785 6.8963799476623535
vt -13.891400337219238 6.908720016479492
vt -13.913299560546875 6.922299861907959
vt -13.887200355529785 6.8963799476623535
vt -14.095100402832031 6.980480194091797
vt -14.101300239562988 6.991089820861816
vt -14.094799995422363 7.119239807128906
vt -14.087499618530273 7.108739852905273
vt -14.095100402832031 6.980480194091797
vt -14.094799995422363 7.119239807128906
vt -14.180399894714355 6.902649879455566
vt -14.234800338745117 6.874509811401367
vt -14.187600135803223 6.90880012512207
vt -14.180399894714355 6.902649879455566
vt -14.228599548339844 6.863029956817627
vt -14.234800338745117 6.874509811401367
vt -14.215100288391113 6.82834005355835
vt -14.223899841308594 6.75901985168457
vt -14.251399993896484 6.834199905395508
vt -14.215100288391113 6.82834005355835
vt -14.194600105285645 6.7723798751831055
vt -14.223899841308594 6.75901985168457
vt -14.062399864196777 6.719840049743652
vt -14.048999786376953 6.82859992980957
vt -14.05679988861084 6.703619956970215
vt -14.062399864196777 6.719840049743652
vt -14.054800033569336 6.843249797821045
vt -14.048999786376953 6.82859992980957
vt -13.986200332641602 6.910329818725586
vt -14.084600448608398 6.876009941101074
vt -13.987799644470215 6.897809982299805
vt -13.986200332641602 6.910329818725586
vt -14.088800430297852 6.8885698318481445
vt -14.084600448608398 6.876009941101074
vt -13.982500076293945 7.127560138702393
vt -13.985600471496582 7.138319969177246
vt -13.98390007019043 7.162680149078369
vt -13.98069953918457 7.151750087738037
vt -13.982500076293945 7.127560138702393
vt -13.98390007019043 7.162680149078369
vt -14.170000076293945 7.123889923095703
vt -14.17770004272461 7.129519939422607
vt -14.230400085449219 7.0627899169921875
vt -14.219400405883789 7.045989990234375
vt -14.170000076293945 7.123889923095703
vt -14.230400085449219 7.0627899169921875
vt -14.15530014038086 6.908840179443359
vt -14.165300369262695 6.9181599617004395
vt -14.105199813842773 6.920629978179932
vt -14.09749984741211 6.910399913787842
vt -14.15530014038086 6.908840179443359
vt -14.105199813842773 6.920629978179932
vt -13.88599967956543 6.863120079040527
vt -13.88129997253418 6.874989986419678
vt -13.881799697875977 6.850769996643066
vt -13.88599967956543 6.863120079040527
vt -13.885499954223633 6.887350082397461
vt -13.88129997253418 6.874989986419678
vt -13.987299919128418 7.17411994934082
vt -13.990599632263184 7.185200214385986
vt -14.010700225830078 7.19989013671875
vt -14.007499694824219 7.188839912414551
vt -13.987299919128418 7.17411994934082
vt -14.010700225830078 7.19989013671875
vt -13.973400115966797 6.648009777069092
vt -13.9399995803833 6.638400077819824
vt -13.969200134277344 6.6357197761535645
vt -13.973400115966797 6.648009777069092
vt -13.944199562072754 6.650670051574707
vt -13.9399995803833 6.638400077819824
vt -13.998200416564941 6.936570167541504
vt -14.018500328063965 6.931519985198975
vt -14.00160026550293 6.947810173034668
vt -13.998200416564941 6.936570167541504
vt -14.014699935913086 6.920849800109863
vt -14.018500328063965 6.931519985198975
vt -14.039799690246582 6.909019947052002
vt -14.071599960327148 6.916999816894531
vt -14.043000221252441 6.920149803161621
vt -14.039799690246582 6.909019947052002
vt -14.068499565124512 6.905879974365234
vt -14.071599960327148 6.916999816894531
vt -14.007499694824219 7.188839912414551
vt -14.010700225830078 7.19989013671875
vt -14.040900230407715 7.20334005355835
vt -14.037799835205078 7.192319869995117
vt -14.007499694824219 7.188839912414551
vt -14.040900230407715 7.20334005355835
vt -13.94540023803711 6.923789978027344
vt -13.941100120544434 6.911409854888916
vt -13.909099578857422 6.909949779510498
vt -13.913299560546875 6.922299861907959
vt -13.94540023803711 6.923789978027344
vt -13.909099578857422 6.909949779510498
vt -14.144100189208984 7.143459796905518
vt -14.151200294494629 7.152979850769043
vt -14.17770004272461 7.129519939422607
vt -14.170000076293945 7.123889923095703
vt -14.144100189208984 7.143459796905518
vt -14.17770004272461 7.129519939422607
vt -14.144100189208984 7.143459796905518
vt -14.092300415039062 7.186870098114014
vt -14.151200294494629 7.152979850769043
vt -14.144100189208984 7.143459796905518
vt -14.084199905395508 7.176509857177734
vt -14.092300415039062 7.186870098114014
vt -13.991900444030762 6.844339847564697
vt -13.993300437927246 6.831830024719238
vt -14.048999786376953 6.82859992980957
vt -14.054800033569336 6.843249797821045
vt -13.991900444030762 6.844339847564697
vt -14.048999786376953 6.82859992980957
vt -14.014699935913086 6.920849800109863
vt -14.043000221252441 6.920149803161621
vt -14.018500328063965 6.931519985198975
vt -14.014699935913086 6.920849800109863
vt -14.039799690246582 6.909019947052002
vt -14.043000221252441 6.920149803161621
vt -14.003800392150879 6.653220176696777
vt -13.969200134277344 6.6357197761535645
vt -14.005800247192383 6.639110088348389
vt -14.003800392150879 6.653220176696777
vt -13.973400115966797 6.648009777069092
vt -13.969200134277344 6.6357197761535645
vt -13.98859977722168 6.998050212860107
vt -13.99429988861084 6.966179847717285
vt -13.991700172424316 7.009190082550049
vt -13.98859977722168 6.998050212860107
vt -13.991499900817871 6.9544901847839355
vt -13.99429988861084 6.966179847717285
vt -14.170599937438965 6.907289981842041
vt -14.212699890136719 6.91765022277832
vt -14.172300338745117 6.890989780426025
vt -14.170599937438965 6.907289981842041
vt -14.18340015411377 6.931009769439697
vt -14.212699890136719 6.91765022277832
vt -13.898200035095215 6.693329811096191
vt -13.893899917602539 6.681149959564209
vt -13.902999877929688 6.661819934844971
vt -13.907299995422363 6.673989772796631
vt -13.898200035095215 6.693329811096191
vt -13.902999877929688 6.661819934844971
vt -14.15530014038086 6.908840179443359
vt -14.187600135803223 6.90880012512207
vt -14.165300369262695 6.9181599617004395
vt -14.15530014038086 6.908840179443359
vt -14.180399894714355 6.902649879455566
vt -14.187600135803223 6.90880012512207
vt -13.98069953918457 7.151750087738037
vt -13.98390007019043 7.162680149078369
vt -13.990599632263184 7.185200214385986
vt -13.987299919128418 7.17411994934082
vt -13.98069953918457 7.151750087738037
vt -13.990599632263184 7.185200214385986
vt -13.89430046081543 6.73714017868042
vt -13.89009952545166 6.72484016418457
vt -13.893899917602539 6.681149959564209
vt -13.898200035095215 6.693329811096191
vt -13.89430046081543 6.73714017868042
vt -13.893899917602539 6.681149959564209
vt -14.09749984741211 6.910399913787842
vt -14.105199813842773 6.920629978179932
vt -14.071599960327148 6.916999816894531
vt -14.068499565124512 6.905879974365234
vt -14.09749984741211 6.910399913787842
vt -14.071599960327148 6.916999816894531
vt -14.084199905395508 7.176509857177734
vt -14.074399948120117 7.195469856262207
vt -14.092300415039062 7.186870098114014
vt -14.084199905395508 7.176509857177734
vt -14.070599555969238 7.184490203857422
vt -14.074399948120117 7.195469856262207
vt -14.183600425720215 6.7322001457214355
vt -14.18529987335205 6.71589994430542
vt -14.223899841308594 6.75901985168457
vt -14.194600105285645 6.7723798751831055
vt -14.183600425720215 6.7322001457214355
vt -14.223899841308594 6.75901985168457
vt -13.885499954223633 6.887350082397461
vt -13.887200355529785 6.8963799476623535
vt -13.88129997253418 6.874989986419678
vt -13.885499954223633 6.887350082397461
vt -13.891400337219238 6.908720016479492
vt -13.887200355529785 6.8963799476623535
vt -13.986200332641602 6.910329818725586
vt -13.987799644470215 6.897809982299805
vt -13.970800399780273 6.903930187225342
vt -13.975000381469727 6.916309833526611
vt -13.986200332641602 6.910329818725586
vt -13.970800399780273 6.903930187225342
vt -13.998299598693848 6.720980167388916
vt -13.999899864196777 6.706960201263428
vt -13.89009952545166 6.72484016418457
vt -13.89430046081543 6.73714017868042
vt -13.998299598693848 6.720980167388916
vt -13.89009952545166 6.72484016418457
vt -14.003800392150879 6.653220176696777
vt -14.005800247192383 6.639110088348389
vt -14.101799964904785 6.664030075073242
vt -14.10569953918457 6.677130222320557
vt -14.003800392150879 6.653220176696777
vt -14.101799964904785 6.664030075073242
vt -14.037799835205078 7.192319869995117
vt -14.040900230407715 7.20334005355835
vt -14.074399948120117 7.195469856262207
vt -14.070599555969238 7.184490203857422
vt -14.037799835205078 7.192319869995117
vt -14.074399948120117 7.195469856262207
vt -14.228599548339844 6.863029956817627
vt -14.251399993896484 6.834199905395508
vt -14.234800338745117 6.874509811401367
vt -14.228599548339844 6.863029956817627
vt -14.215100288391113 6.82834005355835
vt -14.251399993896484 6.834199905395508
vt -13.991900444030762 6.844339847564697
vt -13.881799697875977 6.850769996643066
vt -13.993300437927246 6.831830024719238
vt -13.991900444030762 6.844339847564697
vt -13.88599967956543 6.863120079040527
vt -13.881799697875977 6.850769996643066
vt -14.088800430297852 6.8885698318481445
vt -14.172300338745117 6.890989780426025
vt -14.084600448608398 6.876009941101074
vt -14.088800430297852 6.8885698318481445
vt -14.170599937438965 6.907289981842041
vt -14.172300338745117 6.890989780426025
vt -13.998299598693848 6.720980167388916
vt -14.05679988861084 6.703619956970215
vt -13.999899864196777 6.706960201263428
vt -13.998299598693848 6.720980167388916
vt -14.062399864196777 6.719840049743652
vt -14.05679988861084 6.703619956970215
vt -14.140199661254883 7.095149993896484
vt -14.095100402832031 6.980480194091797
vt -14.087499618530273 7.108739852905273
vt -14.140199661254883 7.095149993896484
vt -14.145400047302246 6.965590000152588
vt -14.095100402832031 6.980480194091797
vt -14.144100189208984 7.143459796905518
vt -14.087499618530273 7.108739852905273
vt -14.084199905395508 7.176509857177734
vt -14.144100189208984 7.143459796905518
vt -14.140199661254883 7.095149993896484
vt -14.087499618530273 7.108739852905273
vt -14.15530014038086 6.908840179443359
vt -14.09749984741211 6.910399913787842
vt -14.095100402832031 6.980480194091797
vt -14.145400047302246 6.965590000152588
vt -14.15530014038086 6.908840179443359
vt -14.095100402832031 6.980480194091797
vt -14.170000076293945 7.123889923095703
vt -14.145400047302246 6.965590000152588
vt -14.140199661254883 7.095149993896484
vt -14.170000076293945 7.123889923095703
vt -14.180399894714355 6.902649879455566
vt -14.145400047302246 6.965590000152588
vt -14.219400405883789 7.045989990234375
vt -14.180399894714355 6.902649879455566
vt -14.170000076293945 7.123889923095703
vt -14.219400405883789 7.045989990234375
vt -14.228599548339844 6.863029956817627
vt -14.180399894714355 6.902649879455566
vt -14.228599548339844 6.863029956817627
vt -14.219400405883789 7.045989990234375
vt -14.208600044250488 7.004519939422607
vt -14.215100288391113 6.82834005355835
vt -14.228599548339844 6.863029956817627
vt -14.208600044250488 7.004519939422607
vt -14.215100288391113 6.82834005355835
vt -14.208600044250488 7.004519939422607
vt -14.18340015411377 6.931009769439697
vt -14.194600105285645 6.7723798751831055
vt -14.215100288391113 6.82834005355835
vt -14.18340015411377 6.931009769439697
vt -14.18340015411377 6.931009769439697
vt -14.170599937438965 6.907289981842041
vt -14.183600425720215 6.7322001457214355
vt -14.194600105285645 6.7723798751831055
vt -14.18340015411377 6.931009769439697
vt -14.183600425720215 6.7322001457214355
vt -14.10569953918457 6.677130222320557
vt -14.170599937438965 6.907289981842041
vt -14.088800430297852 6.8885698318481445
vt -14.10569953918457 6.677130222320557
vt -14.183600425720215 6.7322001457214355
vt -14.170599937438965 6.907289981842041
vt -14.088800430297852 6.8885698318481445
vt -14.054800033569336 6.843249797821045
vt -14.062399864196777 6.719840049743652
vt -14.10569953918457 6.677130222320557
vt -14.088800430297852 6.8885698318481445
vt -14.062399864196777 6.719840049743652
vt -14.003800392150879 6.653220176696777
vt -14.062399864196777 6.719840049743652
vt -13.998299598693848 6.720980167388916
vt -14.003800392150879 6.653220176696777
vt -14.10569953918457 6.677130222320557
vt -14.062399864196777 6.719840049743652
vt -14.054800033569336 6.843249797821045
vt -13.986200332641602 6.910329818725586
vt -13.991900444030762 6.844339847564697
vt -14.054800033569336 6.843249797821045
vt -14.088800430297852 6.8885698318481445
vt -13.986200332641602 6.910329818725586
vt -14.101300239562988 6.991089820861816
vt -14.154999732971191 6.974669933319092
vt -14.147500038146973 7.104629993438721
vt -14.094799995422363 7.119239807128906
vt -14.101300239562988 6.991089820861816
vt -14.147500038146973 7.104629993438721
vt -14.094799995422363 7.119239807128906
vt -14.147500038146973 7.104629993438721
vt -14.151200294494629 7.152979850769043
vt -14.092300415039062 7.186870098114014
vt -14.094799995422363 7.119239807128906
vt -14.151200294494629 7.152979850769043
vt -14.101300239562988 6.991089820861816
vt -14.165300369262695 6.9181599617004395
vt -14.154999732971191 6.974669933319092
vt -14.101300239562988 6.991089820861816
vt -14.105199813842773 6.920629978179932
vt -14.165300369262695 6.9181599617004395
vt -14.154999732971191 6.974669933319092
vt -14.187600135803223 6.90880012512207
vt -14.17770004272461 7.129519939422607
vt -14.147500038146973 7.104629993438721
vt -14.154999732971191 6.974669933319092
vt -14.17770004272461 7.129519939422607
vt -14.187600135803223 6.90880012512207
vt -14.234800338745117 6.874509811401367
vt -14.230400085449219 7.0627899169921875
vt -14.17770004272461 7.129519939422607
vt -14.187600135803223 6.90880012512207
vt -14.230400085449219 7.0627899169921875
vt -14.244999885559082 7.010369777679443
vt -14.234800338745117 6.874509811401367
vt -14.251399993896484 6.834199905395508
vt -14.244999885559082 7.010369777679443
vt -14.230400085449219 7.0627899169921875
vt -14.234800338745117 6.874509811401367
vt -14.212699890136719 6.91765022277832
vt -14.251399993896484 6.834199905395508
vt -14.223899841308594 6.75901985168457
vt -14.212699890136719 6.91765022277832
vt -14.244999885559082 7.010369777679443
vt -14.251399993896484 6.834199905395508
vt -14.18529987335205 6.71589994430542
vt -14.212699890136719 6.91765022277832
vt -14.223899841308594 6.75901985168457
vt -14.18529987335205 6.71589994430542
vt -14.172300338745117 6.890989780426025
vt -14.212699890136719 6.91765022277832
vt -14.172300338745117 6.890989780426025
vt -14.18529987335205 6.71589994430542
vt -14.101799964904785 6.664030075073242
vt -14.084600448608398 6.876009941101074
vt -14.172300338745117 6.890989780426025
vt -14.101799964904785 6.664030075073242
vt -14.05679988861084 6.703619956970215
vt -14.084600448608398 6.876009941101074
vt -14.101799964904785 6.664030075073242
vt -14.05679988861084 6.703619956970215
vt -14.048999786376953 6.82859992980957
vt -14.084600448608398 6.876009941101074
vt -14.05679988861084 6.703619956970215
vt -14.101799964904785 6.664030075073242
vt -14.005800247192383 6.639110088348389
vt -13.999899864196777 6.706960201263428
vt -14.05679988861084 6.703619956970215
vt -14.005800247192383 6.639110088348389
vt -13.987799644470215 6.897809982299805
vt -14.084600448608398 6.876009941101074
vt -14.048999786376953 6.82859992980957
vt -13.993300437927246 6.831830024719238
vt -13.987799644470215 6.897809982299805
vt -14.048999786376953 6.82859992980957
vn 0.051509011787565416 -0.19695200121905013 0.9790591049167972
vn 0.22966098901148743 -0.17002699251724168 0.9583040498410759
vn 0.0379250020584336 0.12152900065976144 0.9918630934849364
vn -0.007720002394362017 -0.20569208395161626 0.9785863110439835
vn 0.051509011787565416 -0.19695200121905013 0.9790591049167972
vn 0.0379250020584336 0.12152900065976144 0.9918630934849364
vn -0.08965802409444504 -0.16251500343780734 0.982624196920211
vn -0.007720002394362017 -0.20569208395161626 0.9785863110439835
vn 0.0379250020584336 0.12152900065976144 0.9918630934849364
vn -0.22436799127913254 -0.10094699346719502 0.969261940343941
vn -0.08965802409444504 -0.16251500343780734 0.982624196920211
vn 0.0379250020584336 0.12152900065976144 0.9918630934849364
vn -0.20559900594731928 0.0005990000525174755 0.9786361376693644
vn -0.22436799127913254 -0.10094699346719502 0.969261940343941
vn 0.0379250020584336 0.12152900065976144 0.9918630934849364
vn -0.08774299873547035 0.673039969249201 0.7343829831674629
vn -0.20559900594731928 0.0005990000525174755 0.9786361376693644
vn 0.0379250020584336 0.12152900065976144 0.9918630934849364
vn 0.029581999507312065 -0.08770699829033814 0.9957069788627819
vn 0.22546206226151078 0.17701706782571944 0.9580353940117095
vn 0.09083096295919657 0.24528788474889537 0.9651857799218334
vn 0.029581999507312065 -0.08770699829033814 0.9957069788627819
vn 0.09083096295919657 0.24528788474889537 0.9651857799218334
vn -0.022017008608723843 0.1864730933520444 0.9822133356800055
vn 0.029581999507312065 -0.08770699829033814 0.9957069788627819
vn -0.022017008608723843 0.1864730933520444 0.9822133356800055
vn -0.16890000437957747 0.17149501189612332 0.9705989127416778
vn 0.029581999507312065 -0.08770699829033814 0.9957069788627819
vn -0.16890000437957747 0.17149501189612332 0.9705989127416778
vn -0.2306360643119957 0.034047005288222576 0.9724442437844839
vn 0.029581999507312065 -0.08770699829033814 0.9957069788627819
vn -0.2306360643119957 0.034047005288222576 0.9724442437844839
vn -0.14282398910548966 -0.43060509826820415 0.8911680859868273
vn 0.3425699032142658 0.008637997714542154 -0.9394526312737924
vn 0.2715430634604967 0.11712898850210776 -0.9552722987394546
vn 0.6094110751893037 0.0359460088756596 -0.7920391567861578
vn 0.24204798156132717 -0.10663299401058227 -0.9643869447532076
vn 0.22552999831584586 0.008949001310777182 -0.9741951217467651
vn 0.5505858888076665 -0.030972987207490976 -0.8342037239843255
vn 0.05628300907175211 -0.26860699422447704 -0.961604131409345
vn -0.06453801083969625 0.05877100495555404 -0.9961831227908698
vn 0.21274496252725075 -0.26805506905563187 -0.9396201684046905
vn 0.05628300907175211 -0.26860699422447704 -0.961604131409345
vn -0.05387598909170429 -0.17830200122587103 -0.9824997578413136
vn -0.06453801083969625 0.05877100495555404 -0.9961831227908698
vn -0.05387598909170429 -0.17830200122587103 -0.9824997578413136
vn -0.12796609816209067 -0.119544089026962 -0.9845475552251826
vn -0.06453801083969625 0.05877100495555404 -0.9961831227908698
vn -0.12796609816209067 -0.119544089026962 -0.9845475552251826
vn -0.17847296793073156 -0.048764981176635004 -0.9827356594368795
vn -0.06453801083969625 0.05877100495555404 -0.9961831227908698
vn -0.17847296793073156 -0.048764981176635004 -0.9827356594368795
vn -0.20256499196238983 0.01258199987921672 -0.9791879887490024
vn -0.06453801083969625 0.05877100495555404 -0.9961831227908698
vn -0.20256499196238983 0.01258199987921672 -0.9791879887490024
vn -0.09628698887126604 0.6918659207861662 -0.7155769444502911
vn -0.06453801083969625 0.05877100495555404 -0.9961831227908698
vn 0.07398797604467845 0.28975185942835074 -0.9542377268577392
vn 0.19771508219504752 0.2564060708112253 -0.9461314248685297
vn 0.03076401707229492 -0.015309008683632679 -0.9994094303671043
vn -0.042275026931656565 0.19734808782907745 -0.9794215406698663
vn 0.07398797604467845 0.28975185942835074 -0.9542377268577392
vn 0.03076401707229492 -0.015309008683632679 -0.9994094303671043
vn -0.0944669546108253 0.15618089123095594 -0.9832006528175521
vn -0.042275026931656565 0.19734808782907745 -0.9794215406698663
vn 0.03076401707229492 -0.015309008683632679 -0.9994094303671043
vn -0.15877598618805733 0.08534400905150642 -0.983619126658803
vn -0.0944669546108253 0.15618089123095594 -0.9832006528175521
vn 0.03076401707229492 -0.015309008683632679 -0.9994094303671043
vn -0.23509000569510954 0.026179001100261657 -0.9716209904709067
vn -0.15877598618805733 0.08534400905150642 -0.983619126658803
vn 0.03076401707229492 -0.015309008683632679 -0.9994094303671043
vn -0.14267000914623448 -0.43025691398695926 -0.8913609013506435
vn -0.23509000569510954 0.026179001100261657 -0.9716209904709067
vn 0.03076401707229492 -0.015309008683632679 -0.9994094303671043
vn -0.04433700291035191 0.2162620086108322 -0.9753281364774298
vn -0.12230289811066793 -0.24813689461126134 -0.9609735077755326
vn 0.038903999059479076 -0.2970819991866444 -0.9540590991214573
vn -0.04433700291035191 0.2162620086108322 -0.9753281364774298
vn 0.038903999059479076 -0.2970819991866444 -0.9540590991214573
vn -0.05081899046581018 -0.23974099542901517 -0.969505897516225
vn -0.04433700291035191 0.2162620086108322 -0.9753281364774298
vn -0.05081899046581018 -0.23974099542901517 -0.969505897516225
vn -0.1344239866991051 -0.17235108869308358 -0.9758203185147498
vn -0.04433700291035191 0.2162620086108322 -0.9753281364774298
vn -0.1344239866991051 -0.17235108869308358 -0.9758203185147498
vn -0.13067299839190472 -0.07445498857379738 -0.988625825157195
vn -0.04433700291035191 0.2162620086108322 -0.9753281364774298
vn -0.13067299839190472 -0.07445498857379738 -0.988625825157195
vn -0.22512208867443279 -0.0416870181545846 -0.9734383584532921
vn -0.04433700291035191 0.2162620086108322 -0.9753281364774298
vn -0.22512208867443279 -0.0416870181545846 -0.9734383584532921
vn -0.27102708725747404 0.3999012099222744 -0.8755702943084755
vn 0.05364698547166494 0.21894697827045637 -0.9742608591419649
vn -0.08718097843488734 0.2305009037578747 -0.9691588158634984
vn -0.054630006133182765 -0.2168810757709547 -0.9746682314522833
vn -0.08669398847938896 0.17817200972904715 -0.9801728864392484
vn 0.05364698547166494 0.21894697827045637 -0.9742608591419649
vn -0.054630006133182765 -0.2168810757709547 -0.9746682314522833
vn -0.09708605552046312 0.07506004601365417 -0.9924415787923769
vn -0.08669398847938896 0.17817200972904715 -0.9801728864392484
vn -0.054630006133182765 -0.2168810757709547 -0.9746682314522833
vn -0.19404397880287175 0.023719998087626884 -0.9807060191418596
vn -0.09708605552046312 0.07506004601365417 -0.9924415787923769
vn -0.054630006133182765 -0.2168810757709547 -0.9746682314522833
vn -0.30857210920364025 -0.24193310399664295 -0.9199193587549759
vn -0.19404397880287175 0.023719998087626884 -0.9807060191418596
vn -0.054630006133182765 -0.2168810757709547 -0.9746682314522833
vn -0.628501053818755 0.040987994111787315 0.7767280152584988
vn -0.11306498900647563 0.20032198819041624 0.9731841600172109
vn -0.2823371407132286 -0.012534008092811879 0.9592333593109695
vn -0.5609218836592282 -0.0708929791812224 0.824827755313189
vn -0.1850010892391507 -0.009307002783612411 0.9826942437398897
vn -0.09808403759443116 -0.2274291012858701 0.9688423635749397
vn -0.043208007315697114 -0.21034307720406942 0.9766723391066882
vn -0.130501996969776 0.07336697531725757 0.9887297485762717
vn 0.03026000014737503 -0.17129500079793938 0.9847549721086535
vn -0.130501996969776 0.07336697531725757 0.9887297485762717
vn -0.012803008823667347 -0.22229908355814235 0.9748944560383298
vn 0.03026000014737503 -0.17129500079793938 0.9847549721086535
vn -0.130501996969776 0.07336697531725757 0.9887297485762717
vn -0.09623800456522201 -0.17420100107215228 0.979996049840388
vn -0.012803008823667347 -0.22229908355814235 0.9748944560383298
vn -0.130501996969776 0.07336697531725757 0.9887297485762717
vn -0.1613789828616773 -0.10813099105494747 0.9809508207163116
vn -0.09623800456522201 -0.17420100107215228 0.979996049840388
vn -0.130501996969776 0.07336697531725757 0.9887297485762717
vn -0.1989369716588069 -0.04431599518052376 0.9790097925344684
vn -0.1613789828616773 -0.10813099105494747 0.9809508207163116
vn -0.130501996969776 0.07336697531725757 0.9887297485762717
vn -0.2380490844623995 0.38328516187390516 0.8924265337123879
vn -0.1989369716588069 -0.04431599518052376 0.9790097925344684
vn -0.18188098493096927 -0.07594999224160609 0.9803830404484976
vn -0.01123800004691498 0.19568108974726853 0.9806031911381213
vn 0.047986989188023986 0.130586989829145 0.9902748542480676
vn -0.18188098493096927 -0.07594999224160609 0.9803830404484976
vn 0.047986989188023986 0.130586989829145 0.9902748542480676
vn -0.003331999805678521 0.17293298762632023 0.984927956536888
vn -0.18188098493096927 -0.07594999224160609 0.9803830404484976
vn -0.003331999805678521 0.17293298762632023 0.984927956536888
vn -0.08818099502338285 0.12753699509580507 0.9879060820739078
vn -0.18188098493096927 -0.07594999224160609 0.9803830404484976
vn -0.08818099502338285 0.12753699509580507 0.9879060820739078
vn -0.14436199425461607 0.08611396201664187 0.985770764508984
vn -0.18188098493096927 -0.07594999224160609 0.9803830404484976
vn -0.14436199425461607 0.08611396201664187 0.985770764508984
vn -0.16320090091242806 0.017446989295526537 0.9864385781719477
vn -0.18188098493096927 -0.07594999224160609 0.9803830404484976
vn -0.16320090091242806 0.017446989295526537 0.9864385781719477
vn -0.2638899859139041 -0.23653398843278012 0.9351009291250015
vn 0.22175998734562133 0.5503800675232817 -0.8049250209091142
vn -0.21538098850648071 0.3566879796301335 -0.909057047152347
vn -0.0679459838046416 0.6703928395123836 -0.7388888847555787
vn 0.2296998749079779 0.004361998843664881 -0.9732517353867636
vn 0.026342998535007746 -0.07967199932099936 -0.9964729895749204
vn -0.0367310220990257 -0.061721023618992045 -0.9974173385594343
vn -0.1572298969487094 -0.1057329005904094 -0.9818855907071032
vn -0.4385970800560715 0.4307020580164843 -0.7887511258861397
vn -0.0367310220990257 -0.061721023618992045 -0.9974173385594343
vn 0.06755098590730964 0.2923560094999691 -0.9539207661080686
vn 0.14858699983544876 0.21251299474605403 -0.9657950768894839
vn -0.09738502167856745 0.19476609454961463 -0.9760032407561748
vn 0.14858699983544876 0.21251299474605403 -0.9657950768894839
vn -0.006166998603197921 -0.8719337890869542 -0.48958496257207
vn -0.09738502167856745 0.19476609454961463 -0.9760032407561748
vn -0.006166998603197921 -0.8719337890869542 -0.48958496257207
vn 0.1759320024235708 -0.7258291732287547 -0.6649961968412264
vn -0.09738502167856745 0.19476609454961463 -0.9760032407561748
vn 0.1759320024235708 -0.7258291732287547 -0.6649961968412264
vn 0.4786460822321392 -0.7390220493645219 -0.47407208156237857
vn -0.09738502167856745 0.19476609454961463 -0.9760032407561748
vn 0.4786460822321392 -0.7390220493645219 -0.47407208156237857
vn 0.5555741575988937 -0.46199719343606926 -0.6913001870862431
vn -0.09738502167856745 0.19476609454961463 -0.9760032407561748
vn 0.9151898245338524 -0.3502729758665993 -0.19933997955064925
vn 0.08745402282300158 -0.6610160576637535 -0.7452580528935888
vn -0.5983660259211462 0.055892004076530666 -0.7992710321934877
vn 0.5555741575988937 -0.46199719343606926 -0.6913001870862431
vn 0.9151898245338524 -0.3502729758665993 -0.19933997955064925
vn -0.5983660259211462 0.055892004076530666 -0.7992710321934877
vn 0.5555741575988937 -0.46199719343606926 -0.6913001870862431
vn -0.5983660259211462 0.055892004076530666 -0.7992710321934877
vn -0.09738502167856745 0.19476609454961463 -0.9760032407561748
vn 0.08745402282300158 -0.6610160576637535 -0.7452580528935888
vn -0.982203861371201 -0.1583169933162281 -0.10105099868290411
vn -0.5983660259211462 0.055892004076530666 -0.7992710321934877
vn 0.22637518711928598 -0.8342115135200056 -0.5028373746723386
vn -0.12432199072483692 -0.7938062733430643 -0.5953281809417473
vn 0.6140902836762234 0.17306809496560097 -0.7700263359128914
vn 0.8935610872119316 -0.250975985697992 -0.3722359977535114
vn 0.7260259602206995 -0.09100499268207161 -0.6816189524892534
vn 0.2296998749079779 0.004361998843664881 -0.9732517353867636
vn 0.8729829046282737 -0.01785499945248863 -0.48742388864450886
vn 0.8935610872119316 -0.250975985697992 -0.3722359977535114
vn 0.2296998749079779 0.004361998843664881 -0.9732517353867636
vn -0.4385970800560715 0.4307020580164843 -0.7887511258861397
vn -0.8025277171534067 0.49969279234144254 -0.3259699011911277
vn -0.0367310220990257 -0.061721023618992045 -0.9974173385594343
vn -0.8762923363407918 0.477994164745141 -0.06027702497628127
vn -0.8025277171534067 0.49969279234144254 -0.3259699011911277
vn -0.4385970800560715 0.4307020580164843 -0.7887511258861397
vn -0.5476377797402447 0.19638387896517817 0.8133426303125671
vn -0.7530761161489465 0.5772570079445244 -0.31567500703247553
vn -0.9375314258196445 0.18551388974027017 -0.29431177739604525
vn -0.5476377797402447 0.19638387896517817 0.8133426303125671
vn -0.3767649923398072 0.4064439911103872 0.8323769714723279
vn -0.7530761161489465 0.5772570079445244 -0.31567500703247553
vn -0.3767649923398072 0.4064439911103872 0.8323769714723279
vn -0.40133611201026553 0.8545291005167971 -0.3297109970359456
vn -0.7530761161489465 0.5772570079445244 -0.31567500703247553
vn -0.3767649923398072 0.4064439911103872 0.8323769714723279
vn -0.12890399881170878 0.5102137879189047 0.8503326700226177
vn -0.40133611201026553 0.8545291005167971 -0.3297109970359456
vn -0.12890399881170878 0.5102137879189047 0.8503326700226177
vn 0.025223988872951526 0.9319595540796171 -0.36168375681672327
vn -0.40133611201026553 0.8545291005167971 -0.3297109970359456
vn -0.12890399881170878 0.5102137879189047 0.8503326700226177
vn 0.12481400793730356 0.47233511618660373 0.8725371060531548
vn 0.025223988872951526 0.9319595540796171 -0.36168375681672327
vn 0.12481400793730356 0.47233511618660373 0.8725371060531548
vn 0.43974408265382803 0.8052492147728887 -0.39774218267439193
vn 0.025223988872951526 0.9319595540796171 -0.36168375681672327
vn 0.12481400793730356 0.47233511618660373 0.8725371060531548
vn 0.3938370633733578 0.36351898437572805 0.8442430429158947
vn 0.43974408265382803 0.8052492147728887 -0.39774218267439193
vn 0.3938370633733578 0.36351898437572805 0.8442430429158947
vn 0.6935277632155726 0.49746986293795914 -0.5210978575255254
vn 0.43974408265382803 0.8052492147728887 -0.39774218267439193
vn 0.39894704231968375 -0.13741499036439997 0.9066192022274449
vn 0.8935610872119316 -0.250975985697992 -0.3722359977535114
vn 0.8729829046282737 -0.01785499945248863 -0.48742388864450886
vn 0.39894704231968375 -0.13741499036439997 0.9066192022274449
vn 0.992793535794053 -0.06537897332738388 0.100431992573083
vn 0.8935610872119316 -0.250975985697992 -0.3722359977535114
vn 0.992793535794053 -0.06537897332738388 0.100431992573083
vn 0.7260259602206995 -0.09100499268207161 -0.6816189524892534
vn 0.8935610872119316 -0.250975985697992 -0.3722359977535114
vn 0.799309802328562 -0.3074690150437825 -0.5163009245483505
vn 0.7822837790966906 -0.0788569730086098 -0.6179107271848576
vn 0.3511689953382401 -0.1104469986232888 -0.9297751326037055
vn 0.8783294400546161 0.0829649421874788 -0.4708016706652314
vn 0.3788982588438517 -0.21418018210896267 -0.9003127006973016
vn 0.7260259602206995 -0.09100499268207161 -0.6816189524892534
vn 0.9948163464042173 -0.09864301970428972 -0.024698007826208894
vn 0.9617917149238052 -0.25782287461956 -0.09210897039285809
vn 0.866165366284588 -0.24490009797785267 -0.4356391858631677
vn 0.8274161508070061 0.24366309333075728 0.5059751084116729
vn 0.9921732525130086 0.11793199194642491 0.041040008203050406
vn 0.9726530946254173 0.21968099557832543 0.0754070135817289
vn 0.8394935932392473 0.28574389917985227 0.46216980752938797
vn 0.8274161508070061 0.24366309333075728 0.5059751084116729
vn 0.9726530946254173 0.21968099557832543 0.0754070135817289
vn 0.8690148808793347 -0.2512130031625923 0.426268886798353
vn 0.9753381119701533 -0.20740207209967676 0.07549799882948587
vn 0.9941178085811085 -0.10510498643611436 0.026128997075257506
vn 0.9627515690906175 0.06656097965638842 0.26206688497544994
vn 0.35852690039194623 -0.17733601471786345 0.9165208124092596
vn 0.8247509931810397 -0.13860399579143765 0.5482469622328388
vn 0.6185281140129534 0.17424200090482983 0.766200167904093
vn -0.09896496386761773 -0.7875697373603988 0.608226803684903
vn 0.2105270111423701 -0.8365521165961737 0.5058250031363836
vn 0.5808368898936123 0.8118507830860577 0.05938697956009042
vn 0.06818800876816034 0.039954008710798884 0.9968721445843347
vn -0.9311598416557666 0.34937197253119845 0.10430999040009122
vn -0.9311598416557666 0.34937197253119845 0.10430999040009122
vn -0.8025277171534067 0.49969279234144254 -0.3259699011911277
vn -0.8762923363407918 0.477994164745141 -0.06027702497628127
vn 0.5808368898936123 0.8118507830860577 0.05938697956009042
vn -0.9311598416557666 0.34937197253119845 0.10430999040009122
vn -0.8762923363407918 0.477994164745141 -0.06027702497628127
vn 0.11565699485488652 0.08567900446086811 -0.9895870693050365
vn 0.5157161852073062 0.8563972547177193 -0.02491101015971118
vn -0.8018160939270242 0.58478396261935 -0.12295799519681472
vn -0.9248379665189961 0.3480509965173493 0.1534119927133747
vn 0.009854998820205184 0.1021339910777458 0.9947218339137756
vn -0.07546400971754631 0.05444200506890112 0.9956612131249404
vn -0.07546400971754631 0.05444200506890112 0.9956612131249404
vn 0.01679700069512496 0.011889000531434839 0.9997882337945428
vn -0.3982459078412607 0.1969120089909485 0.8958938874681747
vn -0.3982459078412607 0.1969120089909485 0.8958938874681747
vn 0.01679700069512496 0.011889000531434839 0.9997882337945428
vn -0.18029008490989018 0.2918241625942668 0.9393264306987958
vn -0.18029008490989018 0.2918241625942668 0.9393264306987958
vn 0.01679700069512496 0.011889000531434839 0.9997882337945428
vn -0.03870999077950019 0.5155149115432801 0.8560057900448893
vn -0.03870999077950019 0.5155149115432801 0.8560057900448893
vn 0.01679700069512496 0.011889000531434839 0.9997882337945428
vn 0.24151000150524068 0.4196119864558129 0.874984971296962
vn 0.24151000150524068 0.4196119864558129 0.874984971296962
vn 0.01679700069512496 0.011889000531434839 0.9997882337945428
vn 0.48792302641631 0.2526209643561347 0.8355320273098604
vn 0.48792302641631 0.2526209643561347 0.8355320273098604
vn 0.01679700069512496 0.011889000531434839 0.9997882337945428
vn 0.5797639607155091 -0.06405199536018494 0.8122629449543076
vn 0.5797639607155091 -0.06405199536018494 0.8122629449543076
vn 0.01679700069512496 0.011889000531434839 0.9997882337945428
vn 0.19662391945052451 -0.1276450092270816 0.9721346542117157
vn 0.19662391945052451 -0.1276450092270816 0.9721346542117157
vn 0.01679700069512496 0.011889000531434839 0.9997882337945428
vn 0.048142007225937596 0.020305999955622267 0.9986340738759417
vn 0.048142007225937596 0.020305999955622267 0.9986340738759417
vn 0.01679700069512496 0.011889000531434839 0.9997882337945428
vn -0.07546400971754631 0.05444200506890112 0.9956612131249404
vn 0.868056215697973 -0.47342614849301656 0.14948608066031596
vn 0.19662391945052451 -0.1276450092270816 0.9721346542117157
vn 0.9627515690906175 0.06656097965638842 0.26206688497544994
vn 0.9627515690906175 0.06656097965638842 0.26206688497544994
vn 0.19662391945052451 -0.1276450092270816 0.9721346542117157
vn 0.35852690039194623 -0.17733601471786345 0.9165208124092596
vn 0.9862051285621505 -0.10924300111519294 -0.12436000605121669
vn 0.868056215697973 -0.47342614849301656 0.14948608066031596
vn 0.9627515690906175 0.06656097965638842 0.26206688497544994
vn 0.992793535794053 -0.06537897332738388 0.100431992573083
vn 0.8783294400546161 0.0829649421874788 -0.4708016706652314
vn 0.7260259602206995 -0.09100499268207161 -0.6816189524892534
vn -0.02943499944993528 0.077919997271948 0.9965249895675081
vn -0.024175991480139592 0.9972287277135421 0.07035897994415538
vn 0.992793535794053 -0.06537897332738388 0.100431992573083
vn -0.0012079998862380456 0.9995827913221494 -0.02885799765914022
vn -0.06366900385947348 0.13660800524208447 -0.9885770131109265
vn 0.9862051285621505 -0.10924300111519294 -0.12436000605121669
vn 0.9627515690906175 0.06656097965638842 0.26206688497544994
vn 0.8247509931810397 -0.13860399579143765 0.5482469622328388
vn 0.95718162405164 0.28788490641345027 0.03042399114488142
vn 0.0055999978179982505 -0.0027029988709582472 0.9999806667238833
vn -0.3767649923398072 0.4064439911103872 0.8323769714723279
vn -0.5476377797402447 0.19638387896517817 0.8133426303125671
vn 0.0055999978179982505 -0.0027029988709582472 0.9999806667238833
vn -0.12890399881170878 0.5102137879189047 0.8503326700226177
vn -0.3767649923398072 0.4064439911103872 0.8323769714723279
vn 0.0055999978179982505 -0.0027029988709582472 0.9999806667238833
vn 0.12481400793730356 0.47233511618660373 0.8725371060531548
vn -0.12890399881170878 0.5102137879189047 0.8503326700226177
vn 0.0055999978179982505 -0.0027029988709582472 0.9999806667238833
vn 0.3938370633733578 0.36351898437572805 0.8442430429158947
vn 0.12481400793730356 0.47233511618660373 0.8725371060531548
vn 0.0055999978179982505 -0.0027029988709582472 0.9999806667238833
vn 0.36738098583124884 0.06459199274146454 0.9278249219132596
vn 0.3938370633733578 0.36351898437572805 0.8442430429158947
vn 0.0055999978179982505 -0.0027029988709582472 0.9999806667238833
vn 0.39894704231968375 -0.13741499036439997 0.9066192022274449
vn 0.36738098583124884 0.06459199274146454 0.9278249219132596
vn -0.02943499944993528 0.077919997271948 0.9965249895675081
vn 0.0055999978179982505 -0.0027029988709582472 0.9999806667238833
vn -0.016109998078696626 0.13667499009027007 0.9904849393331172
vn -0.016109998078696626 0.13667499009027007 0.9904849393331172
vn 0.0055999978179982505 -0.0027029988709582472 0.9999806667238833
vn 0.03311999313596174 0.0902129756414068 0.9953716316434766
vn 0.03311999313596174 0.0902129756414068 0.9953716316434766
vn 0.0055999978179982505 -0.0027029988709582472 0.9999806667238833
vn 0.10317598276575793 0.10099598790284554 0.9895223731719502
vn 0.0055999978179982505 -0.0027029988709582472 0.9999806667238833
vn 0.06818800876816034 0.039954008710798884 0.9968721445843347
vn 0.10317598276575793 0.10099598790284554 0.9895223731719502
vn 0.06818800876816034 0.039954008710798884 0.9968721445843347
vn -0.5476377797402447 0.19638387896517817 0.8133426303125671
vn -0.9311598416557666 0.34937197253119845 0.10430999040009122
vn 0.06818800876816034 0.039954008710798884 0.9968721445843347
vn 0.0055999978179982505 -0.0027029988709582472 0.9999806667238833
vn -0.5476377797402447 0.19638387896517817 0.8133426303125671
vn -0.02943499944993528 0.077919997271948 0.9965249895675081
vn 0.992793535794053 -0.06537897332738388 0.100431992573083
vn 0.39894704231968375 -0.13741499036439997 0.9066192022274449
vn 0.0055999978179982505 -0.0027029988709582472 0.9999806667238833
vn -0.02943499944993528 0.077919997271948 0.9965249895675081
vn 0.39894704231968375 -0.13741499036439997 0.9066192022274449
vn -0.006698002631042891 0.002882000814778684 -0.9999734150626496
vn -0.5780779686421464 0.15430399687603003 -0.8012590958726469
vn -0.3379040504770472 0.37514306060114 -0.8631851115224443
vn -0.006698002631042891 0.002882000814778684 -0.9999734150626496
vn -0.3379040504770472 0.37514306060114 -0.8631851115224443
vn -0.04613000219449203 0.49834100113660096 -0.8657530072045412
vn -0.006698002631042891 0.002882000814778684 -0.9999734150626496
vn -0.04613000219449203 0.49834100113660096 -0.8657530072045412
vn 0.22677788185144357 0.4010107858059637 -0.8875596554430898
vn -0.006698002631042891 0.002882000814778684 -0.9999734150626496
vn 0.22677788185144357 0.4010107858059637 -0.8875596554430898
vn 0.44413906815445736 0.1966389902981954 -0.8741130336709301
vn -0.006698002631042891 0.002882000814778684 -0.9999734150626496
vn 0.44413906815445736 0.1966389902981954 -0.8741130336709301
vn 0.3798919925811428 -0.1152200031229669 -0.9178270124882316
vn -0.006698002631042891 0.002882000814778684 -0.9999734150626496
vn -0.06366900385947348 0.13660800524208447 -0.9885770131109265
vn -0.04164901265309934 0.14649500874584764 -0.9883342411135901
vn -0.006698002631042891 0.002882000814778684 -0.9999734150626496
vn -0.04164901265309934 0.14649500874584764 -0.9883342411135901
vn 0.07182697693469657 0.2616638771738491 -0.9624826755670834
vn -0.006698002631042891 0.002882000814778684 -0.9999734150626496
vn 0.07182697693469657 0.2616638771738491 -0.9624826755670834
vn 0.10344699219398955 0.1060089934051152 -0.988969571383898
vn 0.11565699485488652 0.08567900446086811 -0.9895870693050365
vn -0.006698002631042891 0.002882000814778684 -0.9999734150626496
vn 0.10344699219398955 0.1060089934051152 -0.988969571383898
vn -0.5780779686421464 0.15430399687603003 -0.8012590958726469
vn 0.11565699485488652 0.08567900446086811 -0.9895870693050365
vn -0.8018160939270242 0.58478396261935 -0.12295799519681472
vn -0.5780779686421464 0.15430399687603003 -0.8012590958726469
vn -0.006698002631042891 0.002882000814778684 -0.9999734150626496
vn 0.11565699485488652 0.08567900446086811 -0.9895870693050365
vn 0.9862051285621505 -0.10924300111519294 -0.12436000605121669
vn -0.06366900385947348 0.13660800524208447 -0.9885770131109265
vn 0.3798919925811428 -0.1152200031229669 -0.9178270124882316
vn -0.06366900385947348 0.13660800524208447 -0.9885770131109265
vn -0.006698002631042891 0.002882000814778684 -0.9999734150626496
vn 0.3798919925811428 -0.1152200031229669 -0.9178270124882316
vn -0.07546400971754631 0.05444200506890112 0.9956612131249404
vn 0.009854998820205184 0.1021339910777458 0.9947218339137756
vn 0.048142007225937596 0.020305999955622267 0.9986340738759417
vn 0.06904401988493372 -0.19117700555688985 0.9791242392385299
vn -0.22629789554036264 -0.16387189595933266 0.9601746008870975
vn 0.031040990744790033 -0.1805510075042031 0.9830756789702404
vn 0.11931200965919368 0.20834500715881624 0.9707507416134573
vn -0.12760599330206304 0.23066088027457193 0.9646306385266609
vn 0.07001000560624268 0.27333709276844154 0.9593672043758376
vn -0.5007212113346766 0.02178700992149256 0.8653343831827179
vn 0.30664905955098287 -0.6752072523412226 0.6708662464771309
vn 0.88637096054294 -0.4142339862134216 0.20677699333321606
vn -0.5007212113346766 0.02178700992149256 0.8653343831827179
vn 0.88637096054294 -0.4142339862134216 0.20677699333321606
vn 0.543709056420684 -0.7114451562659454 0.4452260679608214
vn -0.5007212113346766 0.02178700992149256 0.8653343831827179
vn 0.543709056420684 -0.7114451562659454 0.4452260679608214
vn -0.07237898495793062 0.19361192323472673 0.9784046738021083
vn 0.543709056420684 -0.7114451562659454 0.4452260679608214
vn 0.22819798336458785 -0.8054648408418772 0.546947959641413
vn -0.07237898495793062 0.19361192323472673 0.9784046738021083
vn -0.07237898495793062 0.19361192323472673 0.9784046738021083
vn 0.22819798336458785 -0.8054648408418772 0.546947959641413
vn -0.009270999784103149 -0.8881490425492716 0.45946199710293273
vn 0.1530819865521052 0.217629982321778 0.9639518121710668
vn -0.07237898495793062 0.19361192323472673 0.9784046738021083
vn -0.009270999784103149 -0.8881490425492716 0.45946199710293273
vn -0.12432899743025803 -0.082023998420373 0.9888449646335474
vn 0.009854998820205184 0.1021339910777458 0.9947218339137756
vn -0.7125881688758474 0.40181608738842534 0.5751190602771082
vn -0.9978394536031949 0.02366600795887533 0.061289027567484104
vn -0.22629789554036264 -0.16387189595933266 0.9601746008870975
vn -0.12432899743025803 -0.082023998420373 0.9888449646335474
vn -0.9978394536031949 0.02366600795887533 0.061289027567484104
vn -0.9934884738960297 0.018564009727192275 0.11241009642637538
vn -0.22629789554036264 -0.16387189595933266 0.9601746008870975
vn -0.9934884738960297 0.018564009727192275 0.11241009642637538
vn -0.19839301207897594 -0.021205001640342846 0.9798931373694094
vn -0.22629789554036264 -0.16387189595933266 0.9601746008870975
vn -0.5007212113346766 0.02178700992149256 0.8653343831827179
vn -0.989911932116858 -0.12714899545147562 0.06250999606742831
vn 0.30664905955098287 -0.6752072523412226 0.6708662464771309
vn -0.989911932116858 -0.12714899545147562 0.06250999606742831
vn 0.4932771670711914 -0.7860702473173932 0.3725200702359435
vn 0.30664905955098287 -0.6752072523412226 0.6708662464771309
vn 0.3223381855928897 -0.9459854723837524 -0.03477901878392573
vn -0.982203861371201 -0.1583169933162281 -0.10105099868290411
vn 0.08745402282300158 -0.6610160576637535 -0.7452580528935888
vn 0.88637096054294 -0.4142339862134216 0.20677699333321606
vn 0.5950887186638589 -0.4642986940324096 0.6559696179235784
vn 0.543709056420684 -0.7114451562659454 0.4452260679608214
vn 0.22819798336458785 -0.8054648408418772 0.546947959641413
vn 0.26153808063091166 -0.7566074506478196 0.5992854061330928
vn -0.009270999784103149 -0.8881490425492716 0.45946199710293273
vn -0.006166998603197921 -0.8719337890869542 -0.48958496257207
vn 0.22456588889177742 -0.7267687770478235 -0.6491358149529703
vn 0.1759320024235708 -0.7258291732287547 -0.6649961968412264
vn 0.4786460822321392 -0.7390220493645219 -0.47407208156237857
vn 0.5987658292589779 -0.4871518331507084 -0.6357378179483368
vn 0.5555741575988937 -0.46199719343606926 -0.6913001870862431
vn 0.5555741575988937 -0.46199719343606926 -0.6913001870862431
vn 0.5987658292589779 -0.4871518331507084 -0.6357378179483368
vn 0.9151898245338524 -0.3502729758665993 -0.19933997955064925
vn 0.0081810044254994 -0.002855001217004874 0.9999624593626708
vn 0.4932771670711914 -0.7860702473173932 0.3725200702359435
vn -0.87124918863085 -0.27071410098052484 0.4094370853261726
vn 0.0081810044254994 -0.002855001217004874 0.9999624593626708
vn 0.5950887186638589 -0.4642986940324096 0.6559696179235784
vn 0.4932771670711914 -0.7860702473173932 0.3725200702359435
vn 0.0081810044254994 -0.002855001217004874 0.9999624593626708
vn 0.26153808063091166 -0.7566074506478196 0.5992854061330928
vn 0.5950887186638589 -0.4642986940324096 0.6559696179235784
vn 0.0081810044254994 -0.002855001217004874 0.9999624593626708
vn -0.20360500067955126 -0.7372158331784162 0.6442498110277824
vn 0.26153808063091166 -0.7566074506478196 0.5992854061330928
vn 0.0081810044254994 -0.002855001217004874 0.9999624593626708
vn -0.87124918863085 -0.27071410098052484 0.4094370853261726
vn -0.8948786369628906 -0.32585288307895083 0.3049788905753555
vn 0.0081810044254994 -0.002855001217004874 0.9999624593626708
vn -0.8948786369628906 -0.32585288307895083 0.3049788905753555
vn -0.6353164798604193 -0.7068244689525688 0.311082208600371
vn 0.0081810044254994 -0.002855001217004874 0.9999624593626708
vn -0.6353164798604193 -0.7068244689525688 0.311082208600371
vn -0.21102200659179995 -0.9281278941304704 0.3066729933836832
vn 0.0081810044254994 -0.002855001217004874 0.9999624593626708
vn -0.21102200659179995 -0.9281278941304704 0.3066729933836832
vn 0.3346689849208192 -0.911341046541676 0.23969598957928212
vn 0.0081810044254994 -0.002855001217004874 0.9999624593626708
vn 0.3346689849208192 -0.911341046541676 0.23969598957928212
vn 0.7554381519024296 -0.5780070586470119 0.30857906410589775
vn 0.0081810044254994 -0.002855001217004874 0.9999624593626708
vn 0.7554381519024296 -0.5780070586470119 0.30857906410589775
vn 0.9427535528329499 -0.13994598985717022 0.3027058944648211
vn 0.0081810044254994 -0.002855001217004874 0.9999624593626708
vn 0.9427535528329499 -0.13994598985717022 0.3027058944648211
vn 0.8747861828912049 0.22579308950722393 0.4286800846242082
vn 0.802167821628351 0.38816293434974597 0.4537139212554763
vn 0.5874782544614819 -0.808996463323642 0.01985000918713629
vn -0.20360500067955126 -0.7372158331784162 0.6442498110277824
vn 0.802167821628351 0.38816293434974597 0.4537139212554763
vn 0.0081810044254994 -0.002855001217004874 0.9999624593626708
vn 0.8747861828912049 0.22579308950722393 0.4286800846242082
vn 0.0081810044254994 -0.002855001217004874 0.9999624593626708
vn 0.802167821628351 0.38816293434974597 0.4537139212554763
vn -0.20360500067955126 -0.7372158331784162 0.6442498110277824
vn 0.5987658292589779 -0.4871518331507084 -0.6357378179483368
vn -0.8484931106497581 -0.2575510711172377 -0.46230605333075697
vn 0.3223381855928897 -0.9459854723837524 -0.03477901878392573
vn 0.6833052271732991 0.215220063505623 -0.6976921174717984
vn -0.2069401084264483 -0.7170542188459004 -0.6655892417698362
vn 0.48192090900526785 -0.8752389154748792 -0.0413410002526963
vn -0.005169001344010657 -0.0008159999016064579 -0.9999863076908935
vn 0.22456588889177742 -0.7267687770478235 -0.6491358149529703
vn -0.2069401084264483 -0.7170542188459004 -0.6655892417698362
vn -0.005169001344010657 -0.0008159999016064579 -0.9999863076908935
vn 0.5987658292589779 -0.4871518331507084 -0.6357378179483368
vn 0.22456588889177742 -0.7267687770478235 -0.6491358149529703
vn -0.8484931106497581 -0.2575510711172377 -0.46230605333075697
vn -0.005169001344010657 -0.0008159999016064579 -0.9999863076908935
vn -0.8364868270610819 -0.46326789850002553 -0.29269889369905994
vn -0.8364868270610819 -0.46326789850002553 -0.29269889369905994
vn -0.005169001344010657 -0.0008159999016064579 -0.9999863076908935
vn -0.5010019930618771 -0.8130299710367047 -0.2966129955751805
vn -0.5010019930618771 -0.8130299710367047 -0.2966129955751805
vn -0.005169001344010657 -0.0008159999016064579 -0.9999863076908935
vn -0.05987698657907336 -0.9543838619780458 -0.2925169917698462
vn -0.05987698657907336 -0.9543838619780458 -0.2925169917698462
vn -0.005169001344010657 -0.0008159999016064579 -0.9999863076908935
vn 0.31346798686578603 -0.853397964141155 -0.41647297152401525
vn 0.31346798686578603 -0.853397964141155 -0.41647297152401525
vn -0.005169001344010657 -0.0008159999016064579 -0.9999863076908935
vn 0.6504581079267121 -0.7004531046995565 -0.29371703721295106
vn 0.6504581079267121 -0.7004531046995565 -0.29371703721295106
vn -0.005169001344010657 -0.0008159999016064579 -0.9999863076908935
vn 0.9063371458015377 -0.2959710268638164 -0.30158602321311306
vn 0.9063371458015377 -0.2959710268638164 -0.30158602321311306
vn -0.005169001344010657 -0.0008159999016064579 -0.9999863076908935
vn 0.9389609666213707 0.2476599796850519 -0.2387819876453433
vn 0.9389609666213707 0.2476599796850519 -0.2387819876453433
vn -0.005169001344010657 -0.0008159999016064579 -0.9999863076908935
vn 0.6833052271732991 0.215220063505623 -0.6976921174717984
vn -0.005169001344010657 -0.0008159999016064579 -0.9999863076908935
vn -0.8484931106497581 -0.2575510711172377 -0.46230605333075697
vn 0.5987658292589779 -0.4871518331507084 -0.6357378179483368
vn -0.005169001344010657 -0.0008159999016064579 -0.9999863076908935
vn -0.2069401084264483 -0.7170542188459004 -0.6655892417698362
vn 0.6833052271732991 0.215220063505623 -0.6976921174717984
vn 0.5874782544614819 -0.808996463323642 0.01985000918713629
vn 0.48192090900526785 -0.8752389154748792 -0.0413410002526963
vn 0.884200478002324 -0.4670052937665072 -0.00977600606178146
vn 0.8963263368152286 -0.4428771302891281 0.021423010952251596
vn 0.5874782544614819 -0.808996463323642 0.01985000918713629
vn 0.884200478002324 -0.4670052937665072 -0.00977600606178146
vn 0.9034131482613647 -0.3830130874443756 -0.19273208968621844
vn 0.48192090900526785 -0.8752389154748792 -0.0413410002526963
vn 0.22637518711928598 -0.8342115135200056 -0.5028373746723386
vn 0.9034131482613647 -0.3830130874443756 -0.19273208968621844
vn 0.884200478002324 -0.4670052937665072 -0.00977600606178146
vn 0.48192090900526785 -0.8752389154748792 -0.0413410002526963
vn 0.6833052271732991 0.215220063505623 -0.6976921174717984
vn 0.48192090900526785 -0.8752389154748792 -0.0413410002526963
vn 0.5874782544614819 -0.808996463323642 0.01985000918713629
vn 0.802167821628351 0.38816293434974597 0.4537139212554763
vn 0.6833052271732991 0.215220063505623 -0.6976921174717984
vn 0.5874782544614819 -0.808996463323642 0.01985000918713629
vn 0.8833683232685133 -0.42904219514884967 0.188635098079949
vn 0.5874782544614819 -0.808996463323642 0.01985000918713629
vn 0.8963263368152286 -0.4428771302891281 0.021423010952251596
vn 0.8833683232685133 -0.42904219514884967 0.188635098079949
vn 0.2105270111423701 -0.8365521165961737 0.5058250031363836
vn 0.5874782544614819 -0.808996463323642 0.01985000918713629
vn 0.9389609666213707 0.2476599796850519 -0.2387819876453433
vn 0.802167821628351 0.38816293434974597 0.4537139212554763
vn 0.8747861828912049 0.22579308950722393 0.4286800846242082
vn 0.9389609666213707 0.2476599796850519 -0.2387819876453433
vn 0.6833052271732991 0.215220063505623 -0.6976921174717984
vn 0.802167821628351 0.38816293434974597 0.4537139212554763
vn 0.9389609666213707 0.2476599796850519 -0.2387819876453433
vn 0.8747861828912049 0.22579308950722393 0.4286800846242082
vn 0.9427535528329499 -0.13994598985717022 0.3027058944648211
vn 0.9063371458015377 -0.2959710268638164 -0.30158602321311306
vn 0.9389609666213707 0.2476599796850519 -0.2387819876453433
vn 0.9427535528329499 -0.13994598985717022 0.3027058944648211
vn 0.9063371458015377 -0.2959710268638164 -0.30158602321311306
vn 0.9427535528329499 -0.13994598985717022 0.3027058944648211
vn 0.7554381519024296 -0.5780070586470119 0.30857906410589775
vn 0.6504581079267121 -0.7004531046995565 -0.29371703721295106
vn 0.9063371458015377 -0.2959710268638164 -0.30158602321311306
vn 0.7554381519024296 -0.5780070586470119 0.30857906410589775
vn 0.6504581079267121 -0.7004531046995565 -0.29371703721295106
vn 0.7554381519024296 -0.5780070586470119 0.30857906410589775
vn 0.3346689849208192 -0.911341046541676 0.23969598957928212
vn 0.31346798686578603 -0.853397964141155 -0.41647297152401525
vn 0.6504581079267121 -0.7004531046995565 -0.29371703721295106
vn 0.3346689849208192 -0.911341046541676 0.23969598957928212
vn -0.05987698657907336 -0.9543838619780458 -0.2925169917698462
vn 0.3346689849208192 -0.911341046541676 0.23969598957928212
vn -0.21102200659179995 -0.9281278941304704 0.3066729933836832
vn -0.05987698657907336 -0.9543838619780458 -0.2925169917698462
vn 0.31346798686578603 -0.853397964141155 -0.41647297152401525
vn 0.3346689849208192 -0.911341046541676 0.23969598957928212
vn -0.5010019930618771 -0.8130299710367047 -0.2966129955751805
vn -0.21102200659179995 -0.9281278941304704 0.3066729933836832
vn -0.6353164798604193 -0.7068244689525688 0.311082208600371
vn -0.5010019930618771 -0.8130299710367047 -0.2966129955751805
vn -0.05987698657907336 -0.9543838619780458 -0.2925169917698462
vn -0.21102200659179995 -0.9281278941304704 0.3066729933836832
vn -0.8364868270610819 -0.46326789850002553 -0.29269889369905994
vn -0.6353164798604193 -0.7068244689525688 0.311082208600371
vn -0.8948786369628906 -0.32585288307895083 0.3049788905753555
vn -0.8364868270610819 -0.46326789850002553 -0.29269889369905994
vn -0.5010019930618771 -0.8130299710367047 -0.2966129955751805
vn -0.6353164798604193 -0.7068244689525688 0.311082208600371
vn -0.8948786369628906 -0.32585288307895083 0.3049788905753555
vn -0.87124918863085 -0.27071410098052484 0.4094370853261726
vn -0.8484931106497581 -0.2575510711172377 -0.46230605333075697
vn -0.8364868270610819 -0.46326789850002553 -0.29269889369905994
vn -0.8948786369628906 -0.32585288307895083 0.3049788905753555
vn -0.8484931106497581 -0.2575510711172377 -0.46230605333075697
vn 0.9151898245338524 -0.3502729758665993 -0.19933997955064925
vn 0.3223381855928897 -0.9459854723837524 -0.03477901878392573
vn 0.08745402282300158 -0.6610160576637535 -0.7452580528935888
vn 0.9151898245338524 -0.3502729758665993 -0.19933997955064925
vn 0.5987658292589779 -0.4871518331507084 -0.6357378179483368
vn 0.3223381855928897 -0.9459854723837524 -0.03477901878392573
vn 0.22456588889177742 -0.7267687770478235 -0.6491358149529703
vn 0.5987658292589779 -0.4871518331507084 -0.6357378179483368
vn 0.4786460822321392 -0.7390220493645219 -0.47407208156237857
vn 0.1759320024235708 -0.7258291732287547 -0.6649961968412264
vn 0.22456588889177742 -0.7267687770478235 -0.6491358149529703
vn 0.4786460822321392 -0.7390220493645219 -0.47407208156237857
vn -0.2069401084264483 -0.7170542188459004 -0.6655892417698362
vn 0.22456588889177742 -0.7267687770478235 -0.6491358149529703
vn -0.006166998603197921 -0.8719337890869542 -0.48958496257207
vn -0.12432199072483692 -0.7938062733430643 -0.5953281809417473
vn -0.2069401084264483 -0.7170542188459004 -0.6655892417698362
vn -0.006166998603197921 -0.8719337890869542 -0.48958496257207
vn -0.2069401084264483 -0.7170542188459004 -0.6655892417698362
vn -0.12432199072483692 -0.7938062733430643 -0.5953281809417473
vn 0.22637518711928598 -0.8342115135200056 -0.5028373746723386
vn 0.48192090900526785 -0.8752389154748792 -0.0413410002526963
vn -0.2069401084264483 -0.7170542188459004 -0.6655892417698362
vn 0.22637518711928598 -0.8342115135200056 -0.5028373746723386
vn -0.009270999784103149 -0.8881490425492716 0.45946199710293273
vn -0.20360500067955126 -0.7372158331784162 0.6442498110277824
vn -0.09896496386761773 -0.7875697373603988 0.608226803684903
vn -0.009270999784103149 -0.8881490425492716 0.45946199710293273
vn 0.26153808063091166 -0.7566074506478196 0.5992854061330928
vn -0.20360500067955126 -0.7372158331784162 0.6442498110277824
vn -0.20360500067955126 -0.7372158331784162 0.6442498110277824
vn 0.5874782544614819 -0.808996463323642 0.01985000918713629
vn 0.2105270111423701 -0.8365521165961737 0.5058250031363836
vn -0.09896496386761773 -0.7875697373603988 0.608226803684903
vn -0.20360500067955126 -0.7372158331784162 0.6442498110277824
vn 0.2105270111423701 -0.8365521165961737 0.5058250031363836
vn 0.543709056420684 -0.7114451562659454 0.4452260679608214
vn 0.26153808063091166 -0.7566074506478196 0.5992854061330928
vn 0.22819798336458785 -0.8054648408418772 0.546947959641413
vn 0.543709056420684 -0.7114451562659454 0.4452260679608214
vn 0.5950887186638589 -0.4642986940324096 0.6559696179235784
vn 0.26153808063091166 -0.7566074506478196 0.5992854061330928
vn 0.4932771670711914 -0.7860702473173932 0.3725200702359435
vn 0.5950887186638589 -0.4642986940324096 0.6559696179235784
vn 0.88637096054294 -0.4142339862134216 0.20677699333321606
vn 0.30664905955098287 -0.6752072523412226 0.6708662464771309
vn 0.4932771670711914 -0.7860702473173932 0.3725200702359435
vn 0.88637096054294 -0.4142339862134216 0.20677699333321606
vn 0.3223381855928897 -0.9459854723837524 -0.03477901878392573
vn -0.989911932116858 -0.12714899545147562 0.06250999606742831
vn -0.982203861371201 -0.1583169933162281 -0.10105099868290411
vn 0.3223381855928897 -0.9459854723837524 -0.03477901878392573
vn 0.4932771670711914 -0.7860702473173932 0.3725200702359435
vn -0.989911932116858 -0.12714899545147562 0.06250999606742831
vn -0.8484931106497581 -0.2575510711172377 -0.46230605333075697
vn 0.4932771670711914 -0.7860702473173932 0.3725200702359435
vn 0.3223381855928897 -0.9459854723837524 -0.03477901878392573
vn -0.8484931106497581 -0.2575510711172377 -0.46230605333075697
vn -0.87124918863085 -0.27071410098052484 0.4094370853261726
vn 0.4932771670711914 -0.7860702473173932 0.3725200702359435
vn -0.989911932116858 -0.12714899545147562 0.06250999606742831
vn -0.9979609583574001 0.043450998857756336 -0.04675399761135508
vn -0.982203861371201 -0.1583169933162281 -0.10105099868290411
vn -0.989911932116858 -0.12714899545147562 0.06250999606742831
vn -0.9920947828322355 0.05258698964663749 0.11394099524299353
vn -0.9979609583574001 0.043450998857756336 -0.04675399761135508
vn -0.9945184030416945 0.04951601273411155 0.09209403072030714
vn -0.9968399481618291 0.04433799676317753 -0.06591099901951594
vn -0.9979609583574001 0.043450998857756336 -0.04675399761135508
vn -0.9920947828322355 0.05258698964663749 0.11394099524299353
vn -0.9945184030416945 0.04951601273411155 0.09209403072030714
vn -0.9979609583574001 0.043450998857756336 -0.04675399761135508
vn -0.9957988057296273 0.02975199691072837 0.08659998376023093
vn -0.9903809469835575 0.03453299954929229 -0.13398899878005088
vn -0.9968399481618291 0.04433799676317753 -0.06591099901951594
vn -0.9945184030416945 0.04951601273411155 0.09209403072030714
vn -0.9957988057296273 0.02975199691072837 0.08659998376023093
vn -0.9968399481618291 0.04433799676317753 -0.06591099901951594
vn -0.9957988057296273 0.02975199691072837 0.08659998376023093
vn -0.9989295408298099 0.026045987186399205 -0.03822798724797072
vn -0.9903809469835575 0.03453299954929229 -0.13398899878005088
vn -0.9957988057296273 0.02975199691072837 0.08659998376023093
vn -0.9934884738960297 0.018564009727192275 0.11241009642637538
vn -0.9989295408298099 0.026045987186399205 -0.03822798724797072
vn -0.9978394536031949 0.02366600795887533 0.061289027567484104
vn -0.9920901574126482 0.01130799965013842 -0.12501699368029845
vn -0.9989295408298099 0.026045987186399205 -0.03822798724797072
vn -0.9934884738960297 0.018564009727192275 0.11241009642637538
vn -0.9978394536031949 0.02366600795887533 0.061289027567484104
vn -0.9989295408298099 0.026045987186399205 -0.03822798724797072
vn -0.9978394536031949 0.02366600795887533 0.061289027567484104
vn -0.8762923363407918 0.477994164745141 -0.06027702497628127
vn -0.9920901574126482 0.01130799965013842 -0.12501699368029845
vn -0.9978394536031949 0.02366600795887533 0.061289027567484104
vn -0.8451198083997112 0.527323922904319 0.08776098098377966
vn -0.8762923363407918 0.477994164745141 -0.06027702497628127
vn -0.9920947828322355 0.05258698964663749 0.11394099524299353
vn -0.5007212113346766 0.02178700992149256 0.8653343831827179
vn -0.07237898495793062 0.19361192323472673 0.9784046738021083
vn -0.9920947828322355 0.05258698964663749 0.11394099524299353
vn -0.989911932116858 -0.12714899545147562 0.06250999606742831
vn -0.5007212113346766 0.02178700992149256 0.8653343831827179
vn -0.9920947828322355 0.05258698964663749 0.11394099524299353
vn -0.07237898495793062 0.19361192323472673 0.9784046738021083
vn -0.12760599330206304 0.23066088027457193 0.9646306385266609
vn -0.9945184030416945 0.04951601273411155 0.09209403072030714
vn -0.9920947828322355 0.05258698964663749 0.11394099524299353
vn -0.12760599330206304 0.23066088027457193 0.9646306385266609
vn -0.9945184030416945 0.04951601273411155 0.09209403072030714
vn -0.12760599330206304 0.23066088027457193 0.9646306385266609
vn -0.26003891362087794 0.060935970706198286 0.9636734773132272
vn -0.9957988057296273 0.02975199691072837 0.08659998376023093
vn -0.9945184030416945 0.04951601273411155 0.09209403072030714
vn -0.26003891362087794 0.060935970706198286 0.9636734773132272
vn -0.9957988057296273 0.02975199691072837 0.08659998376023093
vn -0.26003891362087794 0.060935970706198286 0.9636734773132272
vn -0.19839301207897594 -0.021205001640342846 0.9798931373694094
vn -0.9934884738960297 0.018564009727192275 0.11241009642637538
vn -0.9957988057296273 0.02975199691072837 0.08659998376023093
vn -0.19839301207897594 -0.021205001640342846 0.9798931373694094
vn -0.12432899743025803 -0.082023998420373 0.9888449646335474
vn -0.7125881688758474 0.40181608738842534 0.5751190602771082
vn -0.8451198083997112 0.527323922904319 0.08776098098377966
vn -0.9978394536031949 0.02366600795887533 0.061289027567484104
vn -0.12432899743025803 -0.082023998420373 0.9888449646335474
vn -0.8451198083997112 0.527323922904319 0.08776098098377966
vn 0.07001000560624268 0.27333709276844154 0.9593672043758376
vn -0.07237898495793062 0.19361192323472673 0.9784046738021083
vn 0.1530819865521052 0.217629982321778 0.9639518121710668
vn 0.07001000560624268 0.27333709276844154 0.9593672043758376
vn -0.12760599330206304 0.23066088027457193 0.9646306385266609
vn -0.07237898495793062 0.19361192323472673 0.9784046738021083
vn 0.03754097529349353 0.03426098422911824 0.9987075949113762
vn -0.12760599330206304 0.23066088027457193 0.9646306385266609
vn 0.11931200965919368 0.20834500715881624 0.9707507416134573
vn 0.03754097529349353 0.03426098422911824 0.9987075949113762
vn -0.26003891362087794 0.060935970706198286 0.9636734773132272
vn -0.12760599330206304 0.23066088027457193 0.9646306385266609
vn -0.19839301207897594 -0.021205001640342846 0.9798931373694094
vn -0.26003891362087794 0.060935970706198286 0.9636734773132272
vn 0.03754097529349353 0.03426098422911824 0.9987075949113762
vn 0.08722701062470559 -0.012875999360403767 0.9961052440670857
vn -0.19839301207897594 -0.021205001640342846 0.9798931373694094
vn 0.03754097529349353 0.03426098422911824 0.9987075949113762
vn 0.031040990744790033 -0.1805510075042031 0.9830756789702404
vn -0.19839301207897594 -0.021205001640342846 0.9798931373694094
vn 0.08722701062470559 -0.012875999360403767 0.9961052440670857
vn 0.031040990744790033 -0.1805510075042031 0.9830756789702404
vn -0.22629789554036264 -0.16387189595933266 0.9601746008870975
vn -0.19839301207897594 -0.021205001640342846 0.9798931373694094
vn -0.12432899743025803 -0.082023998420373 0.9888449646335474
vn -0.22629789554036264 -0.16387189595933266 0.9601746008870975
vn 0.06904401988493372 -0.19117700555688985 0.9791242392385299
vn 0.05151900370403982 -0.06874400253413324 0.9963031939991611
vn -0.12432899743025803 -0.082023998420373 0.9888449646335474
vn 0.06904401988493372 -0.19117700555688985 0.9791242392385299
vn 0.048142007225937596 0.020305999955622267 0.9986340738759417
vn -0.12432899743025803 -0.082023998420373 0.9888449646335474
vn 0.05151900370403982 -0.06874400253413324 0.9963031939991611
vn 0.048142007225937596 0.020305999955622267 0.9986340738759417
vn 0.009854998820205184 0.1021339910777458 0.9947218339137756
vn -0.12432899743025803 -0.082023998420373 0.9888449646335474
vn 0.7888652761056087 0.6100891428473864 0.07404602578506835
vn 0.5808368898936123 0.8118507830860577 0.05938697956009042
vn 0.5157161852073062 0.8563972547177193 -0.02491101015971118
vn 0.6671677785266963 0.7391958189530523 -0.09206897706654132
vn 0.7888652761056087 0.6100891428473864 0.07404602578506835
vn 0.5157161852073062 0.8563972547177193 -0.02491101015971118
vn 0.2847140699345267 0.9556222648852657 0.07565702371143529
vn 0.7888652761056087 0.6100891428473864 0.07404602578506835
vn 0.6671677785266963 0.7391958189530523 -0.09206897706654132
vn 0.283701183491673 0.9560904164653442 -0.07351703223436601
vn 0.2847140699345267 0.9556222648852657 0.07565702371143529
vn 0.6671677785266963 0.7391958189530523 -0.09206897706654132
vn -0.1515481042750834 0.9846832867690174 -0.08620902997014762
vn 0.2847140699345267 0.9556222648852657 0.07565702371143529
vn 0.283701183491673 0.9560904164653442 -0.07351703223436601
vn -0.1515481042750834 0.9846832867690174 -0.08620902997014762
vn -0.3062430565526787 0.9482981066537575 0.08334201359561437
vn 0.2847140699345267 0.9556222648852657 0.07565702371143529
vn -0.3062430565526787 0.9482981066537575 0.08334201359561437
vn -0.1515481042750834 0.9846832867690174 -0.08620902997014762
vn -0.0012079998862380456 0.9995827913221494 -0.02885799765914022
vn -0.024175991480139592 0.9972287277135421 0.07035897994415538
vn -0.3062430565526787 0.9482981066537575 0.08334201359561437
vn -0.0012079998862380456 0.9995827913221494 -0.02885799765914022
vn -0.1515481042750834 0.9846832867690174 -0.08620902997014762
vn -0.04164901265309934 0.14649500874584764 -0.9883342411135901
vn -0.06366900385947348 0.13660800524208447 -0.9885770131109265
vn -0.0012079998862380456 0.9995827913221494 -0.02885799765914022
vn -0.1515481042750834 0.9846832867690174 -0.08620902997014762
vn -0.06366900385947348 0.13660800524208447 -0.9885770131109265
vn -0.1515481042750834 0.9846832867690174 -0.08620902997014762
vn 0.07182697693469657 0.2616638771738491 -0.9624826755670834
vn -0.04164901265309934 0.14649500874584764 -0.9883342411135901
vn -0.1515481042750834 0.9846832867690174 -0.08620902997014762
vn 0.283701183491673 0.9560904164653442 -0.07351703223436601
vn 0.07182697693469657 0.2616638771738491 -0.9624826755670834
vn 0.6671677785266963 0.7391958189530523 -0.09206897706654132
vn 0.10344699219398955 0.1060089934051152 -0.988969571383898
vn 0.07182697693469657 0.2616638771738491 -0.9624826755670834
vn 0.283701183491673 0.9560904164653442 -0.07351703223436601
vn 0.6671677785266963 0.7391958189530523 -0.09206897706654132
vn 0.07182697693469657 0.2616638771738491 -0.9624826755670834
vn 0.6671677785266963 0.7391958189530523 -0.09206897706654132
vn 0.5157161852073062 0.8563972547177193 -0.02491101015971118
vn 0.11565699485488652 0.08567900446086811 -0.9895870693050365
vn 0.10344699219398955 0.1060089934051152 -0.988969571383898
vn 0.6671677785266963 0.7391958189530523 -0.09206897706654132
vn 0.11565699485488652 0.08567900446086811 -0.9895870693050365
vn 0.7888652761056087 0.6100891428473864 0.07404602578506835
vn 0.06818800876816034 0.039954008710798884 0.9968721445843347
vn 0.5808368898936123 0.8118507830860577 0.05938697956009042
vn 0.7888652761056087 0.6100891428473864 0.07404602578506835
vn 0.10317598276575793 0.10099598790284554 0.9895223731719502
vn 0.06818800876816034 0.039954008710798884 0.9968721445843347
vn 0.10317598276575793 0.10099598790284554 0.9895223731719502
vn 0.2847140699345267 0.9556222648852657 0.07565702371143529
vn 0.03311999313596174 0.0902129756414068 0.9953716316434766
vn 0.10317598276575793 0.10099598790284554 0.9895223731719502
vn 0.7888652761056087 0.6100891428473864 0.07404602578506835
vn 0.2847140699345267 0.9556222648852657 0.07565702371143529
vn 0.2847140699345267 0.9556222648852657 0.07565702371143529
vn -0.3062430565526787 0.9482981066537575 0.08334201359561437
vn -0.016109998078696626 0.13667499009027007 0.9904849393331172
vn 0.03311999313596174 0.0902129756414068 0.9953716316434766
vn 0.2847140699345267 0.9556222648852657 0.07565702371143529
vn -0.016109998078696626 0.13667499009027007 0.9904849393331172
vn -0.02943499944993528 0.077919997271948 0.9965249895675081
vn -0.3062430565526787 0.9482981066537575 0.08334201359561437
vn -0.024175991480139592 0.9972287277135421 0.07035897994415538
vn -0.02943499944993528 0.077919997271948 0.9965249895675081
vn -0.016109998078696626 0.13667499009027007 0.9904849393331172
vn -0.3062430565526787 0.9482981066537575 0.08334201359561437
vn 0.9862051285621505 -0.10924300111519294 -0.12436000605121669
vn 0.9627515690906175 0.06656097965638842 0.26206688497544994
vn 0.95718162405164 0.28788490641345027 0.03042399114488142
vn -0.0012079998862380456 0.9995827913221494 -0.02885799765914022
vn 0.9862051285621505 -0.10924300111519294 -0.12436000605121669
vn 0.95718162405164 0.28788490641345027 0.03042399114488142
vn -0.0012079998862380456 0.9995827913221494 -0.02885799765914022
vn 0.95718162405164 0.28788490641345027 0.03042399114488142
vn 0.9035291230576157 0.4266409947090927 -0.040157009604452
vn -0.024175991480139592 0.9972287277135421 0.07035897994415538
vn -0.0012079998862380456 0.9995827913221494 -0.02885799765914022
vn 0.9035291230576157 0.4266409947090927 -0.040157009604452
vn 0.9035291230576157 0.4266409947090927 -0.040157009604452
vn 0.8783294400546161 0.0829649421874788 -0.4708016706652314
vn 0.992793535794053 -0.06537897332738388 0.100431992573083
vn -0.024175991480139592 0.9972287277135421 0.07035897994415538
vn 0.9035291230576157 0.4266409947090927 -0.040157009604452
vn 0.992793535794053 -0.06537897332738388 0.100431992573083
vn 0.3798919925811428 -0.1152200031229669 -0.9178270124882316
vn 0.9997047807289124 -0.023952990831066386 0.004074999141593376
vn 0.868056215697973 -0.47342614849301656 0.14948608066031596
vn 0.9862051285621505 -0.10924300111519294 -0.12436000605121669
vn 0.3798919925811428 -0.1152200031229669 -0.9178270124882316
vn 0.868056215697973 -0.47342614849301656 0.14948608066031596
vn 0.44413906815445736 0.1966389902981954 -0.8741130336709301
vn 0.9512534540380629 0.3084031489085816 0.0020890007004183155
vn 0.9997047807289124 -0.023952990831066386 0.004074999141593376
vn 0.3798919925811428 -0.1152200031229669 -0.9178270124882316
vn 0.44413906815445736 0.1966389902981954 -0.8741130336709301
vn 0.9997047807289124 -0.023952990831066386 0.004074999141593376
vn 0.44413906815445736 0.1966389902981954 -0.8741130336709301
vn 0.668756161827151 0.74342128820561 -0.009486003422346607
vn 0.9512534540380629 0.3084031489085816 0.0020890007004183155
vn 0.44413906815445736 0.1966389902981954 -0.8741130336709301
vn 0.22677788185144357 0.4010107858059637 -0.8875596554430898
vn 0.668756161827151 0.74342128820561 -0.009486003422346607
vn 0.22677788185144357 0.4010107858059637 -0.8875596554430898
vn 0.12273899278158205 0.9924357375344914 -0.0025389988839929893
vn 0.668756161827151 0.74342128820561 -0.009486003422346607
vn 0.22677788185144357 0.4010107858059637 -0.8875596554430898
vn -0.04613000219449203 0.49834100113660096 -0.8657530072045412
vn 0.12273899278158205 0.9924357375344914 -0.0025389988839929893
vn -0.04613000219449203 0.49834100113660096 -0.8657530072045412
vn -0.4721199919865242 0.881385097255642 0.01621799933120768
vn 0.12273899278158205 0.9924357375344914 -0.0025389988839929893
vn -0.04613000219449203 0.49834100113660096 -0.8657530072045412
vn -0.3379040504770472 0.37514306060114 -0.8631851115224443
vn -0.4721199919865242 0.881385097255642 0.01621799933120768
vn -0.3379040504770472 0.37514306060114 -0.8631851115224443
vn -0.9019102891613351 0.43104618029686403 0.027514010183913164
vn -0.4721199919865242 0.881385097255642 0.01621799933120768
vn -0.3379040504770472 0.37514306060114 -0.8631851115224443
vn -0.5780779686421464 0.15430399687603003 -0.8012590958726469
vn -0.9019102891613351 0.43104618029686403 0.027514010183913164
vn -0.5780779686421464 0.15430399687603003 -0.8012590958726469
vn -0.8018160939270242 0.58478396261935 -0.12295799519681472
vn -0.9248379665189961 0.3480509965173493 0.1534119927133747
vn -0.9019102891613351 0.43104618029686403 0.027514010183913164
vn -0.5780779686421464 0.15430399687603003 -0.8012590958726469
vn -0.9248379665189961 0.3480509965173493 0.1534119927133747
vn 0.048142007225937596 0.020305999955622267 0.9986340738759417
vn 0.05151900370403982 -0.06874400253413324 0.9963031939991611
vn 0.35852690039194623 -0.17733601471786345 0.9165208124092596
vn 0.19662391945052451 -0.1276450092270816 0.9721346542117157
vn 0.048142007225937596 0.020305999955622267 0.9986340738759417
vn 0.35852690039194623 -0.17733601471786345 0.9165208124092596
vn 0.868056215697973 -0.47342614849301656 0.14948608066031596
vn 0.9997047807289124 -0.023952990831066386 0.004074999141593376
vn 0.5797639607155091 -0.06405199536018494 0.8122629449543076
vn 0.19662391945052451 -0.1276450092270816 0.9721346542117157
vn 0.868056215697973 -0.47342614849301656 0.14948608066031596
vn 0.5797639607155091 -0.06405199536018494 0.8122629449543076
vn 0.5797639607155091 -0.06405199536018494 0.8122629449543076
vn 0.9512534540380629 0.3084031489085816 0.0020890007004183155
vn 0.48792302641631 0.2526209643561347 0.8355320273098604
vn 0.5797639607155091 -0.06405199536018494 0.8122629449543076
vn 0.9997047807289124 -0.023952990831066386 0.004074999141593376
vn 0.9512534540380629 0.3084031489085816 0.0020890007004183155
vn 0.48792302641631 0.2526209643561347 0.8355320273098604
vn 0.668756161827151 0.74342128820561 -0.009486003422346607
vn 0.24151000150524068 0.4196119864558129 0.874984971296962
vn 0.48792302641631 0.2526209643561347 0.8355320273098604
vn 0.9512534540380629 0.3084031489085816 0.0020890007004183155
vn 0.668756161827151 0.74342128820561 -0.009486003422346607
vn 0.24151000150524068 0.4196119864558129 0.874984971296962
vn 0.12273899278158205 0.9924357375344914 -0.0025389988839929893
vn -0.03870999077950019 0.5155149115432801 0.8560057900448893
vn 0.24151000150524068 0.4196119864558129 0.874984971296962
vn 0.668756161827151 0.74342128820561 -0.009486003422346607
vn 0.12273899278158205 0.9924357375344914 -0.0025389988839929893
vn -0.03870999077950019 0.5155149115432801 0.8560057900448893
vn -0.4721199919865242 0.881385097255642 0.01621799933120768
vn -0.18029008490989018 0.2918241625942668 0.9393264306987958
vn -0.03870999077950019 0.5155149115432801 0.8560057900448893
vn 0.12273899278158205 0.9924357375344914 -0.0025389988839929893
vn -0.4721199919865242 0.881385097255642 0.01621799933120768
vn -0.4721199919865242 0.881385097255642 0.01621799933120768
vn -0.9019102891613351 0.43104618029686403 0.027514010183913164
vn -0.3982459078412607 0.1969120089909485 0.8958938874681747
vn -0.18029008490989018 0.2918241625942668 0.9393264306987958
vn -0.4721199919865242 0.881385097255642 0.01621799933120768
vn -0.3982459078412607 0.1969120089909485 0.8958938874681747
vn -0.3982459078412607 0.1969120089909485 0.8958938874681747
vn -0.9248379665189961 0.3480509965173493 0.1534119927133747
vn -0.07546400971754631 0.05444200506890112 0.9956612131249404
vn -0.3982459078412607 0.1969120089909485 0.8958938874681747
vn -0.9019102891613351 0.43104618029686403 0.027514010183913164
vn -0.9248379665189961 0.3480509965173493 0.1534119927133747
vn -0.8018160939270242 0.58478396261935 -0.12295799519681472
vn -0.8451198083997112 0.527323922904319 0.08776098098377966
vn -0.9248379665189961 0.3480509965173493 0.1534119927133747
vn -0.8018160939270242 0.58478396261935 -0.12295799519681472
vn 0.5157161852073062 0.8563972547177193 -0.02491101015971118
vn -0.8451198083997112 0.527323922904319 0.08776098098377966
vn -0.7125881688758474 0.40181608738842534 0.5751190602771082
vn 0.009854998820205184 0.1021339910777458 0.9947218339137756
vn -0.9248379665189961 0.3480509965173493 0.1534119927133747
vn -0.8451198083997112 0.527323922904319 0.08776098098377966
vn -0.7125881688758474 0.40181608738842534 0.5751190602771082
vn -0.9248379665189961 0.3480509965173493 0.1534119927133747
vn 0.5157161852073062 0.8563972547177193 -0.02491101015971118
vn 0.5808368898936123 0.8118507830860577 0.05938697956009042
vn -0.8762923363407918 0.477994164745141 -0.06027702497628127
vn -0.8451198083997112 0.527323922904319 0.08776098098377966
vn 0.5157161852073062 0.8563972547177193 -0.02491101015971118
vn -0.8762923363407918 0.477994164745141 -0.06027702497628127
vn 0.35852690039194623 -0.17733601471786345 0.9165208124092596
vn 0.06904401988493372 -0.19117700555688985 0.9791242392385299
vn 0.5582109274529311 -0.2680149165207363 0.7852188007138655
vn 0.35852690039194623 -0.17733601471786345 0.9165208124092596
vn 0.05151900370403982 -0.06874400253413324 0.9963031939991611
vn 0.06904401988493372 -0.19117700555688985 0.9791242392385299
vn 0.06904401988493372 -0.19117700555688985 0.9791242392385299
vn 0.031040990744790033 -0.1805510075042031 0.9830756789702404
vn 0.37109396097877895 -0.24409198446213126 0.8959399395307808
vn 0.5582109274529311 -0.2680149165207363 0.7852188007138655
vn 0.06904401988493372 -0.19117700555688985 0.9791242392385299
vn 0.37109396097877895 -0.24409198446213126 0.8959399395307808
vn 0.37109396097877895 -0.24409198446213126 0.8959399395307808
vn 0.08722701062470559 -0.012875999360403767 0.9961052440670857
vn 0.4990197862897972 -0.0519559777216531 0.8650316926392189
vn 0.37109396097877895 -0.24409198446213126 0.8959399395307808
vn 0.031040990744790033 -0.1805510075042031 0.9830756789702404
vn 0.08722701062470559 -0.012875999360403767 0.9961052440670857
vn 0.08722701062470559 -0.012875999360403767 0.9961052440670857
vn 0.3628481007011097 0.01694599900617321 0.9316942035535479
vn 0.4990197862897972 -0.0519559777216531 0.8650316926392189
vn 0.08722701062470559 -0.012875999360403767 0.9961052440670857
vn 0.03754097529349353 0.03426098422911824 0.9987075949113762
vn 0.3628481007011097 0.01694599900617321 0.9316942035535479
vn 0.3628481007011097 0.01694599900617321 0.9316942035535479
vn 0.11931200965919368 0.20834500715881624 0.9707507416134573
vn 0.47457893152343966 0.2514900203852573 0.8435209584833642
vn 0.3628481007011097 0.01694599900617321 0.9316942035535479
vn 0.03754097529349353 0.03426098422911824 0.9987075949113762
vn 0.11931200965919368 0.20834500715881624 0.9707507416134573
vn 0.47457893152343966 0.2514900203852573 0.8435209584833642
vn 0.07001000560624268 0.27333709276844154 0.9593672043758376
vn 0.44016907825075235 0.27925198144642416 0.853387082987626
vn 0.47457893152343966 0.2514900203852573 0.8435209584833642
vn 0.11931200965919368 0.20834500715881624 0.9707507416134573
vn 0.07001000560624268 0.27333709276844154 0.9593672043758376
vn 0.44016907825075235 0.27925198144642416 0.853387082987626
vn 0.1530819865521052 0.217629982321778 0.9639518121710668
vn 0.6185281140129534 0.17424200090482983 0.766200167904093
vn 0.44016907825075235 0.27925198144642416 0.853387082987626
vn 0.07001000560624268 0.27333709276844154 0.9593672043758376
vn 0.1530819865521052 0.217629982321778 0.9639518121710668
vn 0.1530819865521052 0.217629982321778 0.9639518121710668
vn -0.09896496386761773 -0.7875697373603988 0.608226803684903
vn 0.6185281140129534 0.17424200090482983 0.766200167904093
vn 0.1530819865521052 0.217629982321778 0.9639518121710668
vn -0.009270999784103149 -0.8881490425492716 0.45946199710293273
vn -0.09896496386761773 -0.7875697373603988 0.608226803684903
vn 0.8959055091944766 0.12293808215547318 0.42689524072179547
vn 0.2105270111423701 -0.8365521165961737 0.5058250031363836
vn 0.8833683232685133 -0.42904219514884967 0.188635098079949
vn 0.8959055091944766 0.12293808215547318 0.42689524072179547
vn 0.6185281140129534 0.17424200090482983 0.766200167904093
vn 0.2105270111423701 -0.8365521165961737 0.5058250031363836
vn 0.8274161508070061 0.24366309333075728 0.5059751084116729
vn 0.6185281140129534 0.17424200090482983 0.766200167904093
vn 0.8959055091944766 0.12293808215547318 0.42689524072179547
vn 0.8274161508070061 0.24366309333075728 0.5059751084116729
vn 0.44016907825075235 0.27925198144642416 0.853387082987626
vn 0.6185281140129534 0.17424200090482983 0.766200167904093
vn 0.8394935932392473 0.28574389917985227 0.46216980752938797
vn 0.44016907825075235 0.27925198144642416 0.853387082987626
vn 0.8274161508070061 0.24366309333075728 0.5059751084116729
vn 0.8394935932392473 0.28574389917985227 0.46216980752938797
vn 0.47457893152343966 0.2514900203852573 0.8435209584833642
vn 0.44016907825075235 0.27925198144642416 0.853387082987626
vn 0.8279942044116443 -0.012374999589226478 0.5606000863769955
vn 0.47457893152343966 0.2514900203852573 0.8435209584833642
vn 0.8394935932392473 0.28574389917985227 0.46216980752938797
vn 0.8279942044116443 -0.012374999589226478 0.5606000863769955
vn 0.3628481007011097 0.01694599900617321 0.9316942035535479
vn 0.47457893152343966 0.2514900203852573 0.8435209584833642
vn 0.4990197862897972 -0.0519559777216531 0.8650316926392189
vn 0.8279942044116443 -0.012374999589226478 0.5606000863769955
vn 0.840477485134119 -0.10389489173045946 0.5317926743148523
vn 0.4990197862897972 -0.0519559777216531 0.8650316926392189
vn 0.3628481007011097 0.01694599900617321 0.9316942035535479
vn 0.8279942044116443 -0.012374999589226478 0.5606000863769955
vn 0.37109396097877895 -0.24409198446213126 0.8959399395307808
vn 0.4990197862897972 -0.0519559777216531 0.8650316926392189
vn 0.840477485134119 -0.10389489173045946 0.5317926743148523
vn 0.799054229430161 -0.3080149981554472 0.5163710868562176
vn 0.37109396097877895 -0.24409198446213126 0.8959399395307808
vn 0.840477485134119 -0.10389489173045946 0.5317926743148523
vn 0.5582109274529311 -0.2680149165207363 0.7852188007138655
vn 0.37109396097877895 -0.24409198446213126 0.8959399395307808
vn 0.799054229430161 -0.3080149981554472 0.5163710868562176
vn 0.8690148808793347 -0.2512130031625923 0.426268886798353
vn 0.5582109274529311 -0.2680149165207363 0.7852188007138655
vn 0.799054229430161 -0.3080149981554472 0.5163710868562176
vn 0.8247509931810397 -0.13860399579143765 0.5482469622328388
vn 0.5582109274529311 -0.2680149165207363 0.7852188007138655
vn 0.8690148808793347 -0.2512130031625923 0.426268886798353
vn 0.8247509931810397 -0.13860399579143765 0.5482469622328388
vn 0.35852690039194623 -0.17733601471786345 0.9165208124092596
vn 0.5582109274529311 -0.2680149165207363 0.7852188007138655
vn 0.8690148808793347 -0.2512130031625923 0.426268886798353
vn 0.9941178085811085 -0.10510498643611436 0.026128997075257506
vn 0.95718162405164 0.28788490641345027 0.03042399114488142
vn 0.8247509931810397 -0.13860399579143765 0.5482469622328388
vn 0.8690148808793347 -0.2512130031625923 0.426268886798353
vn 0.95718162405164 0.28788490641345027 0.03042399114488142
vn 0.799054229430161 -0.3080149981554472 0.5163710868562176
vn 0.949036139108734 -0.30845807622164656 0.0646840156393276
vn 0.9753381119701533 -0.20740207209967676 0.07549799882948587
vn 0.8690148808793347 -0.2512130031625923 0.426268886798353
vn 0.799054229430161 -0.3080149981554472 0.5163710868562176
vn 0.9753381119701533 -0.20740207209967676 0.07549799882948587
vn 0.840477485134119 -0.10389489173045946 0.5317926743148523
vn 0.9912746198581885 -0.0724369739894371 0.11012498728380261
vn 0.949036139108734 -0.30845807622164656 0.0646840156393276
vn 0.799054229430161 -0.3080149981554472 0.5163710868562176
vn 0.840477485134119 -0.10389489173045946 0.5317926743148523
vn 0.949036139108734 -0.30845807622164656 0.0646840156393276
vn 0.8279942044116443 -0.012374999589226478 0.5606000863769955
vn 0.9902004897490145 0.050097978096858266 0.13035790229755448
vn 0.9912746198581885 -0.0724369739894371 0.11012498728380261
vn 0.840477485134119 -0.10389489173045946 0.5317926743148523
vn 0.8279942044116443 -0.012374999589226478 0.5606000863769955
vn 0.9912746198581885 -0.0724369739894371 0.11012498728380261
vn 0.8394935932392473 0.28574389917985227 0.46216980752938797
vn 0.9726530946254173 0.21968099557832543 0.0754070135817289
vn 0.9902004897490145 0.050097978096858266 0.13035790229755448
vn 0.8279942044116443 -0.012374999589226478 0.5606000863769955
vn 0.8394935932392473 0.28574389917985227 0.46216980752938797
vn 0.9902004897490145 0.050097978096858266 0.13035790229755448
vn 0.8959055091944766 0.12293808215547318 0.42689524072179547
vn 0.9988009727475005 0.047420999937966245 0.012160000145156067
vn 0.9921732525130086 0.11793199194642491 0.041040008203050406
vn 0.8274161508070061 0.24366309333075728 0.5059751084116729
vn 0.8959055091944766 0.12293808215547318 0.42689524072179547
vn 0.9921732525130086 0.11793199194642491 0.041040008203050406
vn 0.8959055091944766 0.12293808215547318 0.42689524072179547
vn 0.8963263368152286 -0.4428771302891281 0.021423010952251596
vn 0.9988009727475005 0.047420999937966245 0.012160000145156067
vn 0.8959055091944766 0.12293808215547318 0.42689524072179547
vn 0.8833683232685133 -0.42904219514884967 0.188635098079949
vn 0.8963263368152286 -0.4428771302891281 0.021423010952251596
vn 0.95718162405164 0.28788490641345027 0.03042399114488142
vn 0.9948163464042173 -0.09864301970428972 -0.024698007826208894
vn 0.9035291230576157 0.4266409947090927 -0.040157009604452
vn 0.95718162405164 0.28788490641345027 0.03042399114488142
vn 0.9941178085811085 -0.10510498643611436 0.026128997075257506
vn 0.9948163464042173 -0.09864301970428972 -0.024698007826208894
vn 0.9753381119701533 -0.20740207209967676 0.07549799882948587
vn 0.9617917149238052 -0.25782287461956 -0.09210897039285809
vn 0.9948163464042173 -0.09864301970428972 -0.024698007826208894
vn 0.9941178085811085 -0.10510498643611436 0.026128997075257506
vn 0.9753381119701533 -0.20740207209967676 0.07549799882948587
vn 0.9948163464042173 -0.09864301970428972 -0.024698007826208894
vn 0.949036139108734 -0.30845807622164656 0.0646840156393276
vn 0.9459251123723569 -0.3142989860041755 -0.08026100659779555
vn 0.9617917149238052 -0.25782287461956 -0.09210897039285809
vn 0.9753381119701533 -0.20740207209967676 0.07549799882948587
vn 0.949036139108734 -0.30845807622164656 0.0646840156393276
vn 0.9617917149238052 -0.25782287461956 -0.09210897039285809
vn 0.9912746198581885 -0.0724369739894371 0.11012498728380261
vn 0.9809892284710299 -0.07309502443028067 -0.17976999479153974
vn 0.9459251123723569 -0.3142989860041755 -0.08026100659779555
vn 0.949036139108734 -0.30845807622164656 0.0646840156393276
vn 0.9912746198581885 -0.0724369739894371 0.11012498728380261
vn 0.9459251123723569 -0.3142989860041755 -0.08026100659779555
vn 0.9912746198581885 -0.0724369739894371 0.11012498728380261
vn 0.9946443481856179 0.0007550000349166254 -0.10335400619886513
vn 0.9809892284710299 -0.07309502443028067 -0.17976999479153974
vn 0.9912746198581885 -0.0724369739894371 0.11012498728380261
vn 0.9902004897490145 0.050097978096858266 0.13035790229755448
vn 0.9946443481856179 0.0007550000349166254 -0.10335400619886513
vn 0.9902004897490145 0.050097978096858266 0.13035790229755448
vn 0.9766341702374078 0.20508396385345215 -0.06423601244509185
vn 0.9946443481856179 0.0007550000349166254 -0.10335400619886513
vn 0.9902004897490145 0.050097978096858266 0.13035790229755448
vn 0.9726530946254173 0.21968099557832543 0.0754070135817289
vn 0.9766341702374078 0.20508396385345215 -0.06423601244509185
vn 0.9726530946254173 0.21968099557832543 0.0754070135817289
vn 0.9861802395947302 0.1514270089487361 -0.06721901512012902
vn 0.9766341702374078 0.20508396385345215 -0.06423601244509185
vn 0.9726530946254173 0.21968099557832543 0.0754070135817289
vn 0.9921732525130086 0.11793199194642491 0.041040008203050406
vn 0.9861802395947302 0.1514270089487361 -0.06721901512012902
vn 0.9921732525130086 0.11793199194642491 0.041040008203050406
vn 0.9975355925079824 0.06747098308681422 -0.01924598973935753
vn 0.9861802395947302 0.1514270089487361 -0.06721901512012902
vn 0.9921732525130086 0.11793199194642491 0.041040008203050406
vn 0.9988009727475005 0.047420999937966245 0.012160000145156067
vn 0.9975355925079824 0.06747098308681422 -0.01924598973935753
vn 0.9988009727475005 0.047420999937966245 0.012160000145156067
vn 0.884200478002324 -0.4670052937665072 -0.00977600606178146
vn 0.9975355925079824 0.06747098308681422 -0.01924598973935753
vn 0.9988009727475005 0.047420999937966245 0.012160000145156067
vn 0.8963263368152286 -0.4428771302891281 0.021423010952251596
vn 0.884200478002324 -0.4670052937665072 -0.00977600606178146
vn 0.9035291230576157 0.4266409947090927 -0.040157009604452
vn 0.866165366284588 -0.24490009797785267 -0.4356391858631677
vn 0.8783294400546161 0.0829649421874788 -0.4708016706652314
vn 0.9035291230576157 0.4266409947090927 -0.040157009604452
vn 0.9948163464042173 -0.09864301970428972 -0.024698007826208894
vn 0.866165366284588 -0.24490009797785267 -0.4356391858631677
vn 0.9617917149238052 -0.25782287461956 -0.09210897039285809
vn 0.799309802328562 -0.3074690150437825 -0.5163009245483505
vn 0.866165366284588 -0.24490009797785267 -0.4356391858631677
vn 0.9617917149238052 -0.25782287461956 -0.09210897039285809
vn 0.9459251123723569 -0.3142989860041755 -0.08026100659779555
vn 0.799309802328562 -0.3074690150437825 -0.5163009245483505
vn 0.9809892284710299 -0.07309502443028067 -0.17976999479153974
vn 0.7822837790966906 -0.0788569730086098 -0.6179107271848576
vn 0.799309802328562 -0.3074690150437825 -0.5163009245483505
vn 0.9459251123723569 -0.3142989860041755 -0.08026100659779555
vn 0.9809892284710299 -0.07309502443028067 -0.17976999479153974
vn 0.799309802328562 -0.3074690150437825 -0.5163009245483505
vn 0.9809892284710299 -0.07309502443028067 -0.17976999479153974
vn 0.8504299371893369 0.0018769998087568545 -0.5260849729880699
vn 0.7822837790966906 -0.0788569730086098 -0.6179107271848576
vn 0.9809892284710299 -0.07309502443028067 -0.17976999479153974
vn 0.9946443481856179 0.0007550000349166254 -0.10335400619886513
vn 0.8504299371893369 0.0018769998087568545 -0.5260849729880699
vn 0.9946443481856179 0.0007550000349166254 -0.10335400619886513
vn 0.8351762117960277 0.2930570867669595 -0.4654011593729641
vn 0.8504299371893369 0.0018769998087568545 -0.5260849729880699
vn 0.9946443481856179 0.0007550000349166254 -0.10335400619886513
vn 0.9766341702374078 0.20508396385345215 -0.06423601244509185
vn 0.8351762117960277 0.2930570867669595 -0.4654011593729641
vn 0.9766341702374078 0.20508396385345215 -0.06423601244509185
vn 0.8298736933371089 0.2399899100974171 -0.5037008002360722
vn 0.8351762117960277 0.2930570867669595 -0.4654011593729641
vn 0.9766341702374078 0.20508396385345215 -0.06423601244509185
vn 0.9861802395947302 0.1514270089487361 -0.06721901512012902
vn 0.8298736933371089 0.2399899100974171 -0.5037008002360722
vn 0.9861802395947302 0.1514270089487361 -0.06721901512012902
vn 0.8934100182026483 0.12318900105869178 -0.432022001052383
vn 0.8298736933371089 0.2399899100974171 -0.5037008002360722
vn 0.9861802395947302 0.1514270089487361 -0.06721901512012902
vn 0.9975355925079824 0.06747098308681422 -0.01924598973935753
vn 0.8934100182026483 0.12318900105869178 -0.432022001052383
vn 0.9975355925079824 0.06747098308681422 -0.01924598973935753
vn 0.9034131482613647 -0.3830130874443756 -0.19273208968621844
vn 0.8934100182026483 0.12318900105869178 -0.432022001052383
vn 0.9975355925079824 0.06747098308681422 -0.01924598973935753
vn 0.884200478002324 -0.4670052937665072 -0.00977600606178146
vn 0.9034131482613647 -0.3830130874443756 -0.19273208968621844
vn 0.8783294400546161 0.0829649421874788 -0.4708016706652314
vn 0.5293337965541377 -0.25863192769395166 -0.8080317183148774
vn 0.3788982588438517 -0.21418018210896267 -0.9003127006973016
vn 0.8783294400546161 0.0829649421874788 -0.4708016706652314
vn 0.866165366284588 -0.24490009797785267 -0.4356391858631677
vn 0.5293337965541377 -0.25863192769395166 -0.8080317183148774
vn 0.799309802328562 -0.3074690150437825 -0.5163009245483505
vn 0.3511689953382401 -0.1104469986232888 -0.9297751326037055
vn 0.5293337965541377 -0.25863192769395166 -0.8080317183148774
vn 0.866165366284588 -0.24490009797785267 -0.4356391858631677
vn 0.799309802328562 -0.3074690150437825 -0.5163009245483505
vn 0.5293337965541377 -0.25863192769395166 -0.8080317183148774
vn 0.7822837790966906 -0.0788569730086098 -0.6179107271848576
vn 0.35497997820108673 0.005625999780986671 -0.9348569747307982
vn 0.3511689953382401 -0.1104469986232888 -0.9297751326037055
vn 0.7822837790966906 -0.0788569730086098 -0.6179107271848576
vn 0.8504299371893369 0.0018769998087568545 -0.5260849729880699
vn 0.35497997820108673 0.005625999780986671 -0.9348569747307982
vn 0.8504299371893369 0.0018769998087568545 -0.5260849729880699
vn 0.44581889223198806 0.2664108819647491 -0.854558808567209
vn 0.35497997820108673 0.005625999780986671 -0.9348569747307982
vn 0.8504299371893369 0.0018769998087568545 -0.5260849729880699
vn 0.8351762117960277 0.2930570867669595 -0.4654011593729641
vn 0.44581889223198806 0.2664108819647491 -0.854558808567209
vn 0.8351762117960277 0.2930570867669595 -0.4654011593729641
vn 0.4372029544995981 0.27876297352637613 -0.8550700445972572
vn 0.44581889223198806 0.2664108819647491 -0.854558808567209
vn 0.8351762117960277 0.2930570867669595 -0.4654011593729641
vn 0.8298736933371089 0.2399899100974171 -0.5037008002360722
vn 0.4372029544995981 0.27876297352637613 -0.8550700445972572
vn 0.8298736933371089 0.2399899100974171 -0.5037008002360722
vn 0.6140902836762234 0.17306809496560097 -0.7700263359128914
vn 0.4372029544995981 0.27876297352637613 -0.8550700445972572
vn 0.8298736933371089 0.2399899100974171 -0.5037008002360722
vn 0.8934100182026483 0.12318900105869178 -0.432022001052383
vn 0.6140902836762234 0.17306809496560097 -0.7700263359128914
vn 0.8934100182026483 0.12318900105869178 -0.432022001052383
vn 0.22637518711928598 -0.8342115135200056 -0.5028373746723386
vn 0.6140902836762234 0.17306809496560097 -0.7700263359128914
vn 0.8934100182026483 0.12318900105869178 -0.432022001052383
vn 0.9034131482613647 -0.3830130874443756 -0.19273208968621844
vn 0.22637518711928598 -0.8342115135200056 -0.5028373746723386
vn 0.36738098583124884 0.06459199274146454 0.9278249219132596
vn 0.8729829046282737 -0.01785499945248863 -0.48742388864450886
vn 0.8664199532404279 0.2584660000305857 -0.4272139878972179
vn 0.36738098583124884 0.06459199274146454 0.9278249219132596
vn 0.39894704231968375 -0.13741499036439997 0.9066192022274449
vn 0.8729829046282737 -0.01785499945248863 -0.48742388864450886
vn 0.3938370633733578 0.36351898437572805 0.8442430429158947
vn 0.8664199532404279 0.2584660000305857 -0.4272139878972179
vn 0.6935277632155726 0.49746986293795914 -0.5210978575255254
vn 0.3938370633733578 0.36351898437572805 0.8442430429158947
vn 0.36738098583124884 0.06459199274146454 0.9278249219132596
vn 0.8664199532404279 0.2584660000305857 -0.4272139878972179
vn -0.9311598416557666 0.34937197253119845 0.10430999040009122
vn -0.9375314258196445 0.18551388974027017 -0.29431177739604525
vn -0.8025277171534067 0.49969279234144254 -0.3259699011911277
vn -0.9311598416557666 0.34937197253119845 0.10430999040009122
vn -0.5476377797402447 0.19638387896517817 0.8133426303125671
vn -0.9375314258196445 0.18551388974027017 -0.29431177739604525
vn -0.8025277171534067 0.49969279234144254 -0.3259699011911277
vn -0.9375314258196445 0.18551388974027017 -0.29431177739604525
vn -0.19780107681609854 0.02767900636688174 -0.9798513186279509
vn -0.0367310220990257 -0.061721023618992045 -0.9974173385594343
vn -0.8025277171534067 0.49969279234144254 -0.3259699011911277
vn -0.19780107681609854 0.02767900636688174 -0.9798513186279509
vn -0.9375314258196445 0.18551388974027017 -0.29431177739604525
vn -0.7530761161489465 0.5772570079445244 -0.31567500703247553
vn -0.20632199582897962 0.13308699196710788 -0.9693910906369491
vn -0.19780107681609854 0.02767900636688174 -0.9798513186279509
vn -0.9375314258196445 0.18551388974027017 -0.29431177739604525
vn -0.20632199582897962 0.13308699196710788 -0.9693910906369491
vn -0.7530761161489465 0.5772570079445244 -0.31567500703247553
vn -0.40133611201026553 0.8545291005167971 -0.3297109970359456
vn -0.21538098850648071 0.3566879796301335 -0.909057047152347
vn -0.20632199582897962 0.13308699196710788 -0.9693910906369491
vn -0.7530761161489465 0.5772570079445244 -0.31567500703247553
vn -0.21538098850648071 0.3566879796301335 -0.909057047152347
vn -0.40133611201026553 0.8545291005167971 -0.3297109970359456
vn 0.025223988872951526 0.9319595540796171 -0.36168375681672327
vn -0.0679459838046416 0.6703928395123836 -0.7388888847555787
vn -0.21538098850648071 0.3566879796301335 -0.909057047152347
vn -0.40133611201026553 0.8545291005167971 -0.3297109970359456
vn -0.0679459838046416 0.6703928395123836 -0.7388888847555787
vn 0.025223988872951526 0.9319595540796171 -0.36168375681672327
vn 0.22175998734562133 0.5503800675232817 -0.8049250209091142
vn -0.0679459838046416 0.6703928395123836 -0.7388888847555787
vn 0.025223988872951526 0.9319595540796171 -0.36168375681672327
vn 0.43974408265382803 0.8052492147728887 -0.39774218267439193
vn 0.22175998734562133 0.5503800675232817 -0.8049250209091142
vn 0.43974408265382803 0.8052492147728887 -0.39774218267439193
vn 0.6935277632155726 0.49746986293795914 -0.5210978575255254
vn 0.26737498222691497 0.2487869913368392 -0.9309219364805625
vn 0.22175998734562133 0.5503800675232817 -0.8049250209091142
vn 0.43974408265382803 0.8052492147728887 -0.39774218267439193
vn 0.26737498222691497 0.2487869913368392 -0.9309219364805625
vn 0.6935277632155726 0.49746986293795914 -0.5210978575255254
vn 0.8664199532404279 0.2584660000305857 -0.4272139878972179
vn 0.3711219871906612 0.06287599838945788 -0.9264529558753556
vn 0.26737498222691497 0.2487869913368392 -0.9309219364805625
vn 0.6935277632155726 0.49746986293795914 -0.5210978575255254
vn 0.3711219871906612 0.06287599838945788 -0.9264529558753556
vn 0.3711219871906612 0.06287599838945788 -0.9264529558753556
vn 0.8729829046282737 -0.01785499945248863 -0.48742388864450886
vn 0.2296998749079779 0.004361998843664881 -0.9732517353867636
vn 0.3711219871906612 0.06287599838945788 -0.9264529558753556
vn 0.8664199532404279 0.2584660000305857 -0.4272139878972179
vn 0.8729829046282737 -0.01785499945248863 -0.48742388864450886
vn 0.7260259602206995 -0.09100499268207161 -0.6816189524892534
vn 0.3788982588438517 -0.21418018210896267 -0.9003127006973016
vn 0.026342998535007746 -0.07967199932099936 -0.9964729895749204
vn 0.2296998749079779 0.004361998843664881 -0.9732517353867636
vn 0.7260259602206995 -0.09100499268207161 -0.6816189524892534
vn 0.026342998535007746 -0.07967199932099936 -0.9964729895749204
vn 0.3788982588438517 -0.21418018210896267 -0.9003127006973016
vn 0.5293337965541377 -0.25863192769395166 -0.8080317183148774
vn 0.03245299804925596 -0.1729429827225183 -0.9843970376045702
vn 0.026342998535007746 -0.07967199932099936 -0.9964729895749204
vn 0.3788982588438517 -0.21418018210896267 -0.9003127006973016
vn 0.03245299804925596 -0.1729429827225183 -0.9843970376045702
vn 0.03245299804925596 -0.1729429827225183 -0.9843970376045702
vn 0.3511689953382401 -0.1104469986232888 -0.9297751326037055
vn 0.043550997140992594 -0.06551398396465795 -0.99690081179278
vn 0.03245299804925596 -0.1729429827225183 -0.9843970376045702
vn 0.5293337965541377 -0.25863192769395166 -0.8080317183148774
vn 0.3511689953382401 -0.1104469986232888 -0.9297751326037055
vn 0.043550997140992594 -0.06551398396465795 -0.99690081179278
vn 0.35497997820108673 0.005625999780986671 -0.9348569747307982
vn 0.01691200912541079 0.04137701805669479 -0.9990004636255572
vn 0.043550997140992594 -0.06551398396465795 -0.99690081179278
vn 0.3511689953382401 -0.1104469986232888 -0.9297751326037055
vn 0.35497997820108673 0.005625999780986671 -0.9348569747307982
vn 0.35497997820108673 0.005625999780986671 -0.9348569747307982
vn 0.44581889223198806 0.2664108819647491 -0.854558808567209
vn 0.09575704970564403 0.21433307961817502 -0.9720555120017887
vn 0.01691200912541079 0.04137701805669479 -0.9990004636255572
vn 0.35497997820108673 0.005625999780986671 -0.9348569747307982
vn 0.09575704970564403 0.21433307961817502 -0.9720555120017887
vn 0.44581889223198806 0.2664108819647491 -0.854558808567209
vn 0.4372029544995981 0.27876297352637613 -0.8550700445972572
vn 0.06755098590730964 0.2923560094999691 -0.9539207661080686
vn 0.09575704970564403 0.21433307961817502 -0.9720555120017887
vn 0.44581889223198806 0.2664108819647491 -0.854558808567209
vn 0.06755098590730964 0.2923560094999691 -0.9539207661080686
vn 0.4372029544995981 0.27876297352637613 -0.8550700445972572
vn 0.6140902836762234 0.17306809496560097 -0.7700263359128914
vn 0.14858699983544876 0.21251299474605403 -0.9657950768894839
vn 0.06755098590730964 0.2923560094999691 -0.9539207661080686
vn 0.4372029544995981 0.27876297352637613 -0.8550700445972572
vn 0.14858699983544876 0.21251299474605403 -0.9657950768894839
vn 0.14858699983544876 0.21251299474605403 -0.9657950768894839
vn -0.12432199072483692 -0.7938062733430643 -0.5953281809417473
vn -0.006166998603197921 -0.8719337890869542 -0.48958496257207
vn 0.14858699983544876 0.21251299474605403 -0.9657950768894839
vn 0.6140902836762234 0.17306809496560097 -0.7700263359128914
vn -0.12432199072483692 -0.7938062733430643 -0.5953281809417473
vn -0.5983660259211462 0.055892004076530666 -0.7992710321934877
vn -0.9979609583574001 0.043450998857756336 -0.04675399761135508
vn -0.09738502167856745 0.19476609454961463 -0.9760032407561748
vn -0.5983660259211462 0.055892004076530666 -0.7992710321934877
vn -0.982203861371201 -0.1583169933162281 -0.10105099868290411
vn -0.9979609583574001 0.043450998857756336 -0.04675399761135508
vn -0.9979609583574001 0.043450998857756336 -0.04675399761135508
vn -0.9968399481618291 0.04433799676317753 -0.06591099901951594
vn -0.18778699531580756 0.24611499768131595 -0.9508750981630483
vn -0.09738502167856745 0.19476609454961463 -0.9760032407561748
vn -0.9979609583574001 0.043450998857756336 -0.04675399761135508
vn -0.18778699531580756 0.24611499768131595 -0.9508750981630483
vn -0.9968399481618291 0.04433799676317753 -0.06591099901951594
vn -0.9903809469835575 0.03453299954929229 -0.13398899878005088
vn -0.30130400183312894 0.0642070002395971 -0.9513639469727524
vn -0.18778699531580756 0.24611499768131595 -0.9508750981630483
vn -0.9968399481618291 0.04433799676317753 -0.06591099901951594
vn -0.30130400183312894 0.0642070002395971 -0.9513639469727524
vn -0.9903809469835575 0.03453299954929229 -0.13398899878005088
vn -0.9989295408298099 0.026045987186399205 -0.03822798724797072
vn -0.2794940810421768 -0.030518007449496974 -0.9596622894975616
vn -0.30130400183312894 0.0642070002395971 -0.9513639469727524
vn -0.9903809469835575 0.03453299954929229 -0.13398899878005088
vn -0.2794940810421768 -0.030518007449496974 -0.9596622894975616
vn -0.2794940810421768 -0.030518007449496974 -0.9596622894975616
vn -0.9920901574126482 0.01130799965013842 -0.12501699368029845
vn -0.1572298969487094 -0.1057329005904094 -0.9818855907071032
vn -0.2794940810421768 -0.030518007449496974 -0.9596622894975616
vn -0.9989295408298099 0.026045987186399205 -0.03822798724797072
vn -0.9920901574126482 0.01130799965013842 -0.12501699368029845
vn -0.1572298969487094 -0.1057329005904094 -0.9818855907071032
vn -0.8762923363407918 0.477994164745141 -0.06027702497628127
vn -0.4385970800560715 0.4307020580164843 -0.7887511258861397
vn -0.1572298969487094 -0.1057329005904094 -0.9818855907071032
vn -0.9920901574126482 0.01130799965013842 -0.12501699368029845
vn -0.8762923363407918 0.477994164745141 -0.06027702497628127
vn 0.06755098590730964 0.2923560094999691 -0.9539207661080686
vn -0.09738502167856745 0.19476609454961463 -0.9760032407561748
vn -0.18778699531580756 0.24611499768131595 -0.9508750981630483
vn 0.09575704970564403 0.21433307961817502 -0.9720555120017887
vn 0.06755098590730964 0.2923560094999691 -0.9539207661080686
vn -0.18778699531580756 0.24611499768131595 -0.9508750981630483
vn 0.01691200912541079 0.04137701805669479 -0.9990004636255572
vn -0.18778699531580756 0.24611499768131595 -0.9508750981630483
vn -0.30130400183312894 0.0642070002395971 -0.9513639469727524
vn 0.01691200912541079 0.04137701805669479 -0.9990004636255572
vn 0.09575704970564403 0.21433307961817502 -0.9720555120017887
vn -0.18778699531580756 0.24611499768131595 -0.9508750981630483
vn 0.01691200912541079 0.04137701805669479 -0.9990004636255572
vn -0.30130400183312894 0.0642070002395971 -0.9513639469727524
vn -0.2794940810421768 -0.030518007449496974 -0.9596622894975616
vn 0.043550997140992594 -0.06551398396465795 -0.99690081179278
vn 0.01691200912541079 0.04137701805669479 -0.9990004636255572
vn -0.2794940810421768 -0.030518007449496974 -0.9596622894975616
vn 0.043550997140992594 -0.06551398396465795 -0.99690081179278
vn -0.1572298969487094 -0.1057329005904094 -0.9818855907071032
vn -0.0367310220990257 -0.061721023618992045 -0.9974173385594343
vn 0.043550997140992594 -0.06551398396465795 -0.99690081179278
vn -0.2794940810421768 -0.030518007449496974 -0.9596622894975616
vn -0.1572298969487094 -0.1057329005904094 -0.9818855907071032
vn 0.03245299804925596 -0.1729429827225183 -0.9843970376045702
vn 0.043550997140992594 -0.06551398396465795 -0.99690081179278
vn -0.0367310220990257 -0.061721023618992045 -0.9974173385594343
vn 0.026342998535007746 -0.07967199932099936 -0.9964729895749204
vn 0.03245299804925596 -0.1729429827225183 -0.9843970376045702
vn -0.0367310220990257 -0.061721023618992045 -0.9974173385594343
vn 0.2296998749079779 0.004361998843664881 -0.9732517353867636
vn -0.0367310220990257 -0.061721023618992045 -0.9974173385594343
vn -0.19780107681609854 0.02767900636688174 -0.9798513186279509
vn 0.3711219871906612 0.06287599838945788 -0.9264529558753556
vn 0.2296998749079779 0.004361998843664881 -0.9732517353867636
vn -0.19780107681609854 0.02767900636688174 -0.9798513186279509
vn 0.3711219871906612 0.06287599838945788 -0.9264529558753556
vn -0.19780107681609854 0.02767900636688174 -0.9798513186279509
vn -0.20632199582897962 0.13308699196710788 -0.9693910906369491
vn 0.26737498222691497 0.2487869913368392 -0.9309219364805625
vn 0.3711219871906612 0.06287599838945788 -0.9264529558753556
vn -0.20632199582897962 0.13308699196710788 -0.9693910906369491
vn 0.26737498222691497 0.2487869913368392 -0.9309219364805625
vn -0.20632199582897962 0.13308699196710788 -0.9693910906369491
vn -0.21538098850648071 0.3566879796301335 -0.909057047152347
vn 0.22175998734562133 0.5503800675232817 -0.8049250209091142
vn 0.26737498222691497 0.2487869913368392 -0.9309219364805625
vn -0.21538098850648071 0.3566879796301335 -0.909057047152347
vn -0.9884283499536742 -0.14844008320353663 0.031224008493209443
vn 0.9597920222887073 -0.12332499828229714 -0.25217101092239963
vn 0.9796718761968586 -0.14087900241730061 0.14281499104377368
vn -0.999093795655827 -0.04255699098906658 0.0006999999923287158
vn -0.9884283499536742 -0.14844008320353663 0.031224008493209443
vn 0.9796718761968586 -0.14087900241730061 0.14281499104377368
vn 0.038903999059479076 -0.2970819991866444 -0.9540590991214573
vn 0.051509011787565416 -0.19695200121905013 0.9790591049167972
vn -0.007720002394362017 -0.20569208395161626 0.9785863110439835
vn -0.05081899046581018 -0.23974099542901517 -0.969505897516225
vn 0.038903999059479076 -0.2970819991866444 -0.9540590991214573
vn -0.007720002394362017 -0.20569208395161626 0.9785863110439835
vn -0.18188098493096927 -0.07594999224160609 0.9803830404484976
vn -0.14267000914623448 -0.43025691398695926 -0.8913609013506435
vn 0.03076401707229492 -0.015309008683632679 -0.9994094303671043
vn -0.18188098493096927 -0.07594999224160609 0.9803830404484976
vn -0.2638899859139041 -0.23653398843278012 0.9351009291250015
vn -0.14267000914623448 -0.43025691398695926 -0.8913609013506435
vn -0.08669398847938896 0.17817200972904715 -0.9801728864392484
vn -0.16890000437957747 0.17149501189612332 0.9705989127416778
vn -0.022017008608723843 0.1864730933520444 0.9822133356800055
vn -0.08669398847938896 0.17817200972904715 -0.9801728864392484
vn -0.09708605552046312 0.07506004601365417 -0.9924415787923769
vn -0.16890000437957747 0.17149501189612332 0.9705989127416778
vn -0.16320090091242806 0.017446989295526537 0.9864385781719477
vn -0.15877598618805733 0.08534400905150642 -0.983619126658803
vn -0.23509000569510954 0.026179001100261657 -0.9716209904709067
vn -0.16320090091242806 0.017446989295526537 0.9864385781719477
vn -0.14436199425461607 0.08611396201664187 0.985770764508984
vn -0.15877598618805733 0.08534400905150642 -0.983619126658803
vn -0.5966769233576902 0.07138799576896394 -0.799299945697791
vn 0.6053149946341649 0.06278698528495082 0.7935058611944014
vn 0.8304940818622221 0.05881100723393992 0.5539141137576783
vn -0.9139479117977067 0.11811799167908907 -0.3882619664122534
vn -0.5966769233576902 0.07138799576896394 -0.799299945697791
vn 0.8304940818622221 0.05881100723393992 0.5539141137576783
vn -0.7758231711147268 -0.06241001895261231 0.627856191094604
vn 0.7169784021306427 -0.054119030490021695 -0.6949914398156356
vn 0.9597920222887073 -0.12332499828229714 -0.25217101092239963
vn -0.9884283499536742 -0.14844008320353663 0.031224008493209443
vn -0.7758231711147268 -0.06241001895261231 0.627856191094604
vn 0.9597920222887073 -0.12332499828229714 -0.25217101092239963
vn -0.130501996969776 0.07336697531725757 0.9887297485762717
vn -0.06453801083969625 0.05877100495555404 -0.9961831227908698
vn -0.09628698887126604 0.6918659207861662 -0.7155769444502911
vn -0.2380490844623995 0.38328516187390516 0.8924265337123879
vn -0.130501996969776 0.07336697531725757 0.9887297485762717
vn -0.09628698887126604 0.6918659207861662 -0.7155769444502911
vn -0.1344239866991051 -0.17235108869308358 -0.9758203185147498
vn -0.08965802409444504 -0.16251500343780734 0.982624196920211
vn -0.22436799127913254 -0.10094699346719502 0.969261940343941
vn -0.13067299839190472 -0.07445498857379738 -0.988625825157195
vn -0.1344239866991051 -0.17235108869308358 -0.9758203185147498
vn -0.22436799127913254 -0.10094699346719502 0.969261940343941
vn -0.18188098493096927 -0.07594999224160609 0.9803830404484976
vn 0.03076401707229492 -0.015309008683632679 -0.9994094303671043
vn -0.06453801083969625 0.05877100495555404 -0.9961831227908698
vn -0.130501996969776 0.07336697531725757 0.9887297485762717
vn -0.18188098493096927 -0.07594999224160609 0.9803830404484976
vn -0.06453801083969625 0.05877100495555404 -0.9961831227908698
vn -0.628501053818755 0.040987994111787315 0.7767280152584988
vn 0.806522007596627 0.060667998775821394 -0.5880830257598354
vn 0.6094110751893037 0.0359460088756596 -0.7920391567861578
vn -0.628501053818755 0.040987994111787315 0.7767280152584988
vn -0.9052543617772012 0.10727500850297145 0.41110413891621134
vn 0.806522007596627 0.060667998775821394 -0.5880830257598354
vn -0.9855976040201823 0.1681688809557863 0.017792988162600776
vn 0.9722926934823188 0.1897299864223973 0.13656299078833412
vn 0.991748632668801 0.062113985531553985 -0.11214500613468951
vn -0.9855976040201823 0.1681688809557863 0.017792988162600776
vn -0.9865475837977601 0.16346789805283585 -0.001452999996296485
vn 0.9722926934823188 0.1897299864223973 0.13656299078833412
vn -0.4611211743393772 -0.04122000689766552 -0.8863792493099272
vn -0.11962699100689111 0.10838799208379651 0.9868847076506354
vn 0.20320899420788363 -0.04886900918619218 0.9779150906976434
vn -0.4611211743393772 -0.04122000689766552 -0.8863792493099272
vn -0.405675845136067 0.0719389690334486 -0.9111815918945808
vn -0.11962699100689111 0.10838799208379651 0.9868847076506354
vn -0.12230289811066793 -0.24813689461126134 -0.9609735077755326
vn 0.5390769359371247 -0.09969099080745635 0.8363359154624826
vn 0.22966098901148743 -0.17002699251724168 0.9583040498410759
vn -0.12230289811066793 -0.24813689461126134 -0.9609735077755326
vn -0.4986620745524906 -0.079890006398285 -0.8631070167022674
vn 0.5390769359371247 -0.09969099080745635 0.8363359154624826
vn -0.2380490844623995 0.38328516187390516 0.8924265337123879
vn -0.09628698887126604 0.6918659207861662 -0.7155769444502911
vn -0.20256499196238983 0.01258199987921672 -0.9791879887490024
vn -0.1989369716588069 -0.04431599518052376 0.9790097925344684
vn -0.2380490844623995 0.38328516187390516 0.8924265337123879
vn -0.20256499196238983 0.01258199987921672 -0.9791879887490024
vn -0.5609218836592282 -0.0708929791812224 0.824827755313189
vn 0.5505858888076665 -0.030972987207490976 -0.8342037239843255
vn 0.7169784021306427 -0.054119030490021695 -0.6949914398156356
vn -0.7758231711147268 -0.06241001895261231 0.627856191094604
vn -0.5609218836592282 -0.0708929791812224 0.824827755313189
vn 0.7169784021306427 -0.054119030490021695 -0.6949914398156356
vn -0.11306498900647563 0.20032198819041624 0.9731841600172109
vn 0.2715430634604967 0.11712898850210776 -0.9552722987394546
vn 0.19771508219504752 0.2564060708112253 -0.9461314248685297
vn -0.01123800004691498 0.19568108974726853 0.9806031911381213
vn -0.11306498900647563 0.20032198819041624 0.9731841600172109
vn 0.19771508219504752 0.2564060708112253 -0.9461314248685297
vn -0.27102708725747404 0.3999012099222744 -0.8755702943084755
vn -0.20559900594731928 0.0005990000525174755 0.9786361376693644
vn -0.08774299873547035 0.673039969249201 0.7343829831674629
vn -0.27102708725747404 0.3999012099222744 -0.8755702943084755
vn -0.22512208867443279 -0.0416870181545846 -0.9734383584532921
vn -0.20559900594731928 0.0005990000525174755 0.9786361376693644
vn -0.1613789828616773 -0.10813099105494747 0.9809508207163116
vn -0.17847296793073156 -0.048764981176635004 -0.9827356594368795
vn -0.12796609816209067 -0.119544089026962 -0.9845475552251826
vn -0.09623800456522201 -0.17420100107215228 0.979996049840388
vn -0.1613789828616773 -0.10813099105494747 0.9809508207163116
vn -0.12796609816209067 -0.119544089026962 -0.9845475552251826
vn 0.05364698547166494 0.21894697827045637 -0.9742608591419649
vn -0.022017008608723843 0.1864730933520444 0.9822133356800055
vn 0.09083096295919657 0.24528788474889537 0.9651857799218334
vn 0.05364698547166494 0.21894697827045637 -0.9742608591419649
vn -0.08669398847938896 0.17817200972904715 -0.9801728864392484
vn -0.022017008608723843 0.1864730933520444 0.9822133356800055
vn -0.14436199425461607 0.08611396201664187 0.985770764508984
vn -0.0944669546108253 0.15618089123095594 -0.9832006528175521
vn -0.15877598618805733 0.08534400905150642 -0.983619126658803
vn -0.14436199425461607 0.08611396201664187 0.985770764508984
vn -0.08818099502338285 0.12753699509580507 0.9879060820739078
vn -0.0944669546108253 0.15618089123095594 -0.9832006528175521
vn -0.003331999805678521 0.17293298762632023 0.984927956536888
vn 0.07398797604467845 0.28975185942835074 -0.9542377268577392
vn -0.042275026931656565 0.19734808782907745 -0.9794215406698663
vn -0.003331999805678521 0.17293298762632023 0.984927956536888
vn 0.047986989188023986 0.130586989829145 0.9902748542480676
vn 0.07398797604467845 0.28975185942835074 -0.9542377268577392
vn -0.09623800456522201 -0.17420100107215228 0.979996049840388
vn -0.12796609816209067 -0.119544089026962 -0.9845475552251826
vn -0.05387598909170429 -0.17830200122587103 -0.9824997578413136
vn -0.012803008823667347 -0.22229908355814235 0.9748944560383298
vn -0.09623800456522201 -0.17420100107215228 0.979996049840388
vn -0.05387598909170429 -0.17830200122587103 -0.9824997578413136
vn -0.05081899046581018 -0.23974099542901517 -0.969505897516225
vn -0.007720002394362017 -0.20569208395161626 0.9785863110439835
vn -0.08965802409444504 -0.16251500343780734 0.982624196920211
vn -0.1344239866991051 -0.17235108869308358 -0.9758203185147498
vn -0.05081899046581018 -0.23974099542901517 -0.969505897516225
vn -0.08965802409444504 -0.16251500343780734 0.982624196920211
vn -0.09808403759443116 -0.2274291012858701 0.9688423635749397
vn 0.24204798156132717 -0.10663299401058227 -0.9643869447532076
vn 0.5505858888076665 -0.030972987207490976 -0.8342037239843255
vn -0.5609218836592282 -0.0708929791812224 0.824827755313189
vn -0.09808403759443116 -0.2274291012858701 0.9688423635749397
vn 0.5505858888076665 -0.030972987207490976 -0.8342037239843255
vn -0.09808403759443116 -0.2274291012858701 0.9688423635749397
vn 0.21274496252725075 -0.26805506905563187 -0.9396201684046905
vn 0.24204798156132717 -0.10663299401058227 -0.9643869447532076
vn -0.09808403759443116 -0.2274291012858701 0.9688423635749397
vn -0.043208007315697114 -0.21034307720406942 0.9766723391066882
vn 0.21274496252725075 -0.26805506905563187 -0.9396201684046905
vn -0.04433700291035191 0.2162620086108322 -0.9753281364774298
vn 0.0379250020584336 0.12152900065976144 0.9918630934849364
vn -0.11962699100689111 0.10838799208379651 0.9868847076506354
vn -0.405675845136067 0.0719389690334486 -0.9111815918945808
vn -0.04433700291035191 0.2162620086108322 -0.9753281364774298
vn -0.11962699100689111 0.10838799208379651 0.9868847076506354
vn -0.08818099502338285 0.12753699509580507 0.9879060820739078
vn -0.042275026931656565 0.19734808782907745 -0.9794215406698663
vn -0.0944669546108253 0.15618089123095594 -0.9832006528175521
vn -0.08818099502338285 0.12753699509580507 0.9879060820739078
vn -0.003331999805678521 0.17293298762632023 0.984927956536888
vn -0.042275026931656565 0.19734808782907745 -0.9794215406698663
vn -0.08718097843488734 0.2305009037578747 -0.9691588158634984
vn 0.09083096295919657 0.24528788474889537 0.9651857799218334
vn 0.22546206226151078 0.17701706782571944 0.9580353940117095
vn -0.08718097843488734 0.2305009037578747 -0.9691588158634984
vn 0.05364698547166494 0.21894697827045637 -0.9742608591419649
vn 0.09083096295919657 0.24528788474889537 0.9651857799218334
vn -0.2638899859139041 -0.23653398843278012 0.9351009291250015
vn -0.23509000569510954 0.026179001100261657 -0.9716209904709067
vn -0.14267000914623448 -0.43025691398695926 -0.8913609013506435
vn -0.2638899859139041 -0.23653398843278012 0.9351009291250015
vn -0.16320090091242806 0.017446989295526537 0.9864385781719477
vn -0.23509000569510954 0.026179001100261657 -0.9716209904709067
vn -0.7919377286282766 -0.050453980781756676 -0.6085137876813969
vn 0.9796718761968586 -0.14087900241730061 0.14281499104377368
vn 0.7375780145767491 -0.07045700036011708 0.6715761189271662
vn -0.7919377286282766 -0.050453980781756676 -0.6085137876813969
vn -0.999093795655827 -0.04255699098906658 0.0006999999923287158
vn 0.9796718761968586 -0.14087900241730061 0.14281499104377368
vn -0.19404397880287175 0.023719998087626884 -0.9807060191418596
vn -0.2306360643119957 0.034047005288222576 0.9724442437844839
vn -0.16890000437957747 0.17149501189612332 0.9705989127416778
vn -0.09708605552046312 0.07506004601365417 -0.9924415787923769
vn -0.19404397880287175 0.023719998087626884 -0.9807060191418596
vn -0.16890000437957747 0.17149501189612332 0.9705989127416778
vn -0.11306498900647563 0.20032198819041624 0.9731841600172109
vn 0.6094110751893037 0.0359460088756596 -0.7920391567861578
vn 0.2715430634604967 0.11712898850210776 -0.9552722987394546
vn -0.11306498900647563 0.20032198819041624 0.9731841600172109
vn -0.628501053818755 0.040987994111787315 0.7767280152584988
vn 0.6094110751893037 0.0359460088756596 -0.7920391567861578
vn -0.1989369716588069 -0.04431599518052376 0.9790097925344684
vn -0.20256499196238983 0.01258199987921672 -0.9791879887490024
vn -0.17847296793073156 -0.048764981176635004 -0.9827356594368795
vn -0.1613789828616773 -0.10813099105494747 0.9809508207163116
vn -0.1989369716588069 -0.04431599518052376 0.9790097925344684
vn -0.17847296793073156 -0.048764981176635004 -0.9827356594368795
vn -0.30857210920364025 -0.24193310399664295 -0.9199193587549759
vn -0.14282398910548966 -0.43060509826820415 0.8911680859868273
vn -0.2306360643119957 0.034047005288222576 0.9724442437844839
vn -0.19404397880287175 0.023719998087626884 -0.9807060191418596
vn -0.30857210920364025 -0.24193310399664295 -0.9199193587549759
vn -0.2306360643119957 0.034047005288222576 0.9724442437844839
vn -0.01123800004691498 0.19568108974726853 0.9806031911381213
vn 0.19771508219504752 0.2564060708112253 -0.9461314248685297
vn 0.07398797604467845 0.28975185942835074 -0.9542377268577392
vn 0.047986989188023986 0.130586989829145 0.9902748542480676
vn -0.01123800004691498 0.19568108974726853 0.9806031911381213
vn 0.07398797604467845 0.28975185942835074 -0.9542377268577392
vn -0.043208007315697114 -0.21034307720406942 0.9766723391066882
vn 0.05628300907175211 -0.26860699422447704 -0.961604131409345
vn 0.21274496252725075 -0.26805506905563187 -0.9396201684046905
vn -0.043208007315697114 -0.21034307720406942 0.9766723391066882
vn 0.03026000014737503 -0.17129500079793938 0.9847549721086535
vn 0.05628300907175211 -0.26860699422447704 -0.961604131409345
vn -0.9139479117977067 0.11811799167908907 -0.3882619664122534
vn 0.8304940818622221 0.05881100723393992 0.5539141137576783
vn 0.9722926934823188 0.1897299864223973 0.13656299078833412
vn -0.9865475837977601 0.16346789805283585 -0.001452999996296485
vn -0.9139479117977067 0.11811799167908907 -0.3882619664122534
vn 0.9722926934823188 0.1897299864223973 0.13656299078833412
vn -0.22512208867443279 -0.0416870181545846 -0.9734383584532921
vn -0.22436799127913254 -0.10094699346719502 0.969261940343941
vn -0.20559900594731928 0.0005990000525174755 0.9786361376693644
vn -0.22512208867443279 -0.0416870181545846 -0.9734383584532921
vn -0.13067299839190472 -0.07445498857379738 -0.988625825157195
vn -0.22436799127913254 -0.10094699346719502 0.969261940343941
vn -0.12230289811066793 -0.24813689461126134 -0.9609735077755326
vn 0.22966098901148743 -0.17002699251724168 0.9583040498410759
vn 0.051509011787565416 -0.19695200121905013 0.9790591049167972
vn 0.038903999059479076 -0.2970819991866444 -0.9540590991214573
vn -0.12230289811066793 -0.24813689461126134 -0.9609735077755326
vn 0.051509011787565416 -0.19695200121905013 0.9790591049167972
vn -0.054630006133182765 -0.2168810757709547 -0.9746682314522833
vn 0.029581999507312065 -0.08770699829033814 0.9957069788627819
vn -0.14282398910548966 -0.43060509826820415 0.8911680859868273
vn -0.30857210920364025 -0.24193310399664295 -0.9199193587549759
vn -0.054630006133182765 -0.2168810757709547 -0.9746682314522833
vn -0.14282398910548966 -0.43060509826820415 0.8911680859868273
vn -0.08718097843488734 0.2305009037578747 -0.9691588158634984
vn 0.22546206226151078 0.17701706782571944 0.9580353940117095
vn 0.6053149946341649 0.06278698528495082 0.7935058611944014
vn -0.5966769233576902 0.07138799576896394 -0.799299945697791
vn -0.08718097843488734 0.2305009037578747 -0.9691588158634984
vn 0.6053149946341649 0.06278698528495082 0.7935058611944014
vn -0.012803008823667347 -0.22229908355814235 0.9748944560383298
vn -0.05387598909170429 -0.17830200122587103 -0.9824997578413136
vn 0.05628300907175211 -0.26860699422447704 -0.961604131409345
vn 0.03026000014737503 -0.17129500079793938 0.9847549721086535
vn -0.012803008823667347 -0.22229908355814235 0.9748944560383298
vn 0.05628300907175211 -0.26860699422447704 -0.961604131409345
vn -0.9052543617772012 0.10727500850297145 0.41110413891621134
vn 0.991748632668801 0.062113985531553985 -0.11214500613468951
vn 0.806522007596627 0.060667998775821394 -0.5880830257598354
vn -0.9052543617772012 0.10727500850297145 0.41110413891621134
vn -0.9855976040201823 0.1681688809557863 0.017792988162600776
vn 0.991748632668801 0.062113985531553985 -0.11214500613468951
vn -0.04433700291035191 0.2162620086108322 -0.9753281364774298
vn -0.08774299873547035 0.673039969249201 0.7343829831674629
vn 0.0379250020584336 0.12152900065976144 0.9918630934849364
vn -0.04433700291035191 0.2162620086108322 -0.9753281364774298
vn -0.27102708725747404 0.3999012099222744 -0.8755702943084755
vn -0.08774299873547035 0.673039969249201 0.7343829831674629
vn -0.4986620745524906 -0.079890006398285 -0.8631070167022674
vn 0.7375780145767491 -0.07045700036011708 0.6715761189271662
vn 0.5390769359371247 -0.09969099080745635 0.8363359154624826
vn -0.4986620745524906 -0.079890006398285 -0.8631070167022674
vn -0.7919377286282766 -0.050453980781756676 -0.6085137876813969
vn 0.7375780145767491 -0.07045700036011708 0.6715761189271662
vn -0.054630006133182765 -0.2168810757709547 -0.9746682314522833
vn 0.20320899420788363 -0.04886900918619218 0.9779150906976434
vn 0.029581999507312065 -0.08770699829033814 0.9957069788627819
vn -0.054630006133182765 -0.2168810757709547 -0.9746682314522833
vn -0.4611211743393772 -0.04122000689766552 -0.8863792493099272
vn 0.20320899420788363 -0.04886900918619218 0.9779150906976434
vn -0.1850010892391507 -0.009307002783612411 0.9826942437398897
vn -0.18188098493096927 -0.07594999224160609 0.9803830404484976
vn -0.130501996969776 0.07336697531725757 0.9887297485762717
vn -0.1850010892391507 -0.009307002783612411 0.9826942437398897
vn -0.2823371407132286 -0.012534008092811879 0.9592333593109695
vn -0.18188098493096927 -0.07594999224160609 0.9803830404484976
vn -0.09808403759443116 -0.2274291012858701 0.9688423635749397
vn -0.130501996969776 0.07336697531725757 0.9887297485762717
vn -0.043208007315697114 -0.21034307720406942 0.9766723391066882
vn -0.09808403759443116 -0.2274291012858701 0.9688423635749397
vn -0.1850010892391507 -0.009307002783612411 0.9826942437398897
vn -0.130501996969776 0.07336697531725757 0.9887297485762717
vn -0.11306498900647563 0.20032198819041624 0.9731841600172109
vn -0.01123800004691498 0.19568108974726853 0.9806031911381213
vn -0.18188098493096927 -0.07594999224160609 0.9803830404484976
vn -0.2823371407132286 -0.012534008092811879 0.9592333593109695
vn -0.11306498900647563 0.20032198819041624 0.9731841600172109
vn -0.18188098493096927 -0.07594999224160609 0.9803830404484976
vn -0.5609218836592282 -0.0708929791812224 0.824827755313189
vn -0.2823371407132286 -0.012534008092811879 0.9592333593109695
vn -0.1850010892391507 -0.009307002783612411 0.9826942437398897
vn -0.5609218836592282 -0.0708929791812224 0.824827755313189
vn -0.628501053818755 0.040987994111787315 0.7767280152584988
vn -0.2823371407132286 -0.012534008092811879 0.9592333593109695
vn -0.7758231711147268 -0.06241001895261231 0.627856191094604
vn -0.628501053818755 0.040987994111787315 0.7767280152584988
vn -0.5609218836592282 -0.0708929791812224 0.824827755313189
vn -0.7758231711147268 -0.06241001895261231 0.627856191094604
vn -0.9052543617772012 0.10727500850297145 0.41110413891621134
vn -0.628501053818755 0.040987994111787315 0.7767280152584988
vn -0.9052543617772012 0.10727500850297145 0.41110413891621134
vn -0.7758231711147268 -0.06241001895261231 0.627856191094604
vn -0.9884283499536742 -0.14844008320353663 0.031224008493209443
vn -0.9855976040201823 0.1681688809557863 0.017792988162600776
vn -0.9052543617772012 0.10727500850297145 0.41110413891621134
vn -0.9884283499536742 -0.14844008320353663 0.031224008493209443
vn -0.9855976040201823 0.1681688809557863 0.017792988162600776
vn -0.9884283499536742 -0.14844008320353663 0.031224008493209443
vn -0.999093795655827 -0.04255699098906658 0.0006999999923287158
vn -0.9865475837977601 0.16346789805283585 -0.001452999996296485
vn -0.9855976040201823 0.1681688809557863 0.017792988162600776
vn -0.999093795655827 -0.04255699098906658 0.0006999999923287158
vn -0.999093795655827 -0.04255699098906658 0.0006999999923287158
vn -0.7919377286282766 -0.050453980781756676 -0.6085137876813969
vn -0.9139479117977067 0.11811799167908907 -0.3882619664122534
vn -0.9865475837977601 0.16346789805283585 -0.001452999996296485
vn -0.999093795655827 -0.04255699098906658 0.0006999999923287158
vn -0.9139479117977067 0.11811799167908907 -0.3882619664122534
vn -0.5966769233576902 0.07138799576896394 -0.799299945697791
vn -0.7919377286282766 -0.050453980781756676 -0.6085137876813969
vn -0.4986620745524906 -0.079890006398285 -0.8631070167022674
vn -0.5966769233576902 0.07138799576896394 -0.799299945697791
vn -0.9139479117977067 0.11811799167908907 -0.3882619664122534
vn -0.7919377286282766 -0.050453980781756676 -0.6085137876813969
vn -0.4986620745524906 -0.079890006398285 -0.8631070167022674
vn -0.405675845136067 0.0719389690334486 -0.9111815918945808
vn -0.4611211743393772 -0.04122000689766552 -0.8863792493099272
vn -0.5966769233576902 0.07138799576896394 -0.799299945697791
vn -0.4986620745524906 -0.079890006398285 -0.8631070167022674
vn -0.4611211743393772 -0.04122000689766552 -0.8863792493099272
vn -0.08718097843488734 0.2305009037578747 -0.9691588158634984
vn -0.4611211743393772 -0.04122000689766552 -0.8863792493099272
vn -0.054630006133182765 -0.2168810757709547 -0.9746682314522833
vn -0.08718097843488734 0.2305009037578747 -0.9691588158634984
vn -0.5966769233576902 0.07138799576896394 -0.799299945697791
vn -0.4611211743393772 -0.04122000689766552 -0.8863792493099272
vn -0.405675845136067 0.0719389690334486 -0.9111815918945808
vn -0.12230289811066793 -0.24813689461126134 -0.9609735077755326
vn -0.04433700291035191 0.2162620086108322 -0.9753281364774298
vn -0.405675845136067 0.0719389690334486 -0.9111815918945808
vn -0.4986620745524906 -0.079890006398285 -0.8631070167022674
vn -0.12230289811066793 -0.24813689461126134 -0.9609735077755326
vn 0.03076401707229492 -0.015309008683632679 -0.9994094303671043
vn 0.3425699032142658 0.008637997714542154 -0.9394526312737924
vn 0.22552999831584586 0.008949001310777182 -0.9741951217467651
vn -0.06453801083969625 0.05877100495555404 -0.9961831227908698
vn 0.03076401707229492 -0.015309008683632679 -0.9994094303671043
vn 0.22552999831584586 0.008949001310777182 -0.9741951217467651
vn -0.06453801083969625 0.05877100495555404 -0.9961831227908698
vn 0.22552999831584586 0.008949001310777182 -0.9741951217467651
vn 0.24204798156132717 -0.10663299401058227 -0.9643869447532076
vn 0.21274496252725075 -0.26805506905563187 -0.9396201684046905
vn -0.06453801083969625 0.05877100495555404 -0.9961831227908698
vn 0.24204798156132717 -0.10663299401058227 -0.9643869447532076
vn 0.03076401707229492 -0.015309008683632679 -0.9994094303671043
vn 0.2715430634604967 0.11712898850210776 -0.9552722987394546
vn 0.3425699032142658 0.008637997714542154 -0.9394526312737924
vn 0.03076401707229492 -0.015309008683632679 -0.9994094303671043
vn 0.19771508219504752 0.2564060708112253 -0.9461314248685297
vn 0.2715430634604967 0.11712898850210776 -0.9552722987394546
vn 0.3425699032142658 0.008637997714542154 -0.9394526312737924
vn 0.6094110751893037 0.0359460088756596 -0.7920391567861578
vn 0.5505858888076665 -0.030972987207490976 -0.8342037239843255
vn 0.22552999831584586 0.008949001310777182 -0.9741951217467651
vn 0.3425699032142658 0.008637997714542154 -0.9394526312737924
vn 0.5505858888076665 -0.030972987207490976 -0.8342037239843255
vn 0.6094110751893037 0.0359460088756596 -0.7920391567861578
vn 0.806522007596627 0.060667998775821394 -0.5880830257598354
vn 0.7169784021306427 -0.054119030490021695 -0.6949914398156356
vn 0.5505858888076665 -0.030972987207490976 -0.8342037239843255
vn 0.6094110751893037 0.0359460088756596 -0.7920391567861578
vn 0.7169784021306427 -0.054119030490021695 -0.6949914398156356
vn 0.9597920222887073 -0.12332499828229714 -0.25217101092239963
vn 0.806522007596627 0.060667998775821394 -0.5880830257598354
vn 0.991748632668801 0.062113985531553985 -0.11214500613468951
vn 0.9597920222887073 -0.12332499828229714 -0.25217101092239963
vn 0.7169784021306427 -0.054119030490021695 -0.6949914398156356
vn 0.806522007596627 0.060667998775821394 -0.5880830257598354
vn 0.9796718761968586 -0.14087900241730061 0.14281499104377368
vn 0.991748632668801 0.062113985531553985 -0.11214500613468951
vn 0.9722926934823188 0.1897299864223973 0.13656299078833412
vn 0.9796718761968586 -0.14087900241730061 0.14281499104377368
vn 0.9597920222887073 -0.12332499828229714 -0.25217101092239963
vn 0.991748632668801 0.062113985531553985 -0.11214500613468951
vn 0.8304940818622221 0.05881100723393992 0.5539141137576783
vn 0.9796718761968586 -0.14087900241730061 0.14281499104377368
vn 0.9722926934823188 0.1897299864223973 0.13656299078833412
vn 0.8304940818622221 0.05881100723393992 0.5539141137576783
vn 0.7375780145767491 -0.07045700036011708 0.6715761189271662
vn 0.9796718761968586 -0.14087900241730061 0.14281499104377368
vn 0.7375780145767491 -0.07045700036011708 0.6715761189271662
vn 0.8304940818622221 0.05881100723393992 0.5539141137576783
vn 0.6053149946341649 0.06278698528495082 0.7935058611944014
vn 0.5390769359371247 -0.09969099080745635 0.8363359154624826
vn 0.7375780145767491 -0.07045700036011708 0.6715761189271662
vn 0.6053149946341649 0.06278698528495082 0.7935058611944014
vn 0.20320899420788363 -0.04886900918619218 0.9779150906976434
vn 0.5390769359371247 -0.09969099080745635 0.8363359154624826
vn 0.6053149946341649 0.06278698528495082 0.7935058611944014
vn 0.20320899420788363 -0.04886900918619218 0.9779150906976434
vn -0.11962699100689111 0.10838799208379651 0.9868847076506354
vn 0.5390769359371247 -0.09969099080745635 0.8363359154624826
vn 0.20320899420788363 -0.04886900918619218 0.9779150906976434
vn 0.6053149946341649 0.06278698528495082 0.7935058611944014
vn 0.22546206226151078 0.17701706782571944 0.9580353940117095
vn 0.029581999507312065 -0.08770699829033814 0.9957069788627819
vn 0.20320899420788363 -0.04886900918619218 0.9779150906976434
vn 0.22546206226151078 0.17701706782571944 0.9580353940117095
vn 0.22966098901148743 -0.17002699251724168 0.9583040498410759
vn 0.5390769359371247 -0.09969099080745635 0.8363359154624826
vn -0.11962699100689111 0.10838799208379651 0.9868847076506354
vn 0.0379250020584336 0.12152900065976144 0.9918630934849364
vn 0.22966098901148743 -0.17002699251724168 0.9583040498410759
vn -0.11962699100689111 0.10838799208379651 0.9868847076506354
f 1/1/1 2/2/2 3/3/3
f 4/4/4 5/5/5 6/6/6
f 7/7/7 8/8/8 9/9/9
f 10/10/10 11/11/11 12/12/12
f 13/13/13 14/14/14 15/15/15
f 16/16/16 17/17/17 18/18/18
f 19/19/19 20/20/20 21/21/21
f 22/22/22 23/23/23 24/24/24
f 25/25/25 26/26/26 27/27/27
f 28/28/28 29/29/29 30/30/30
f 31/31/31 32/32/32 33/33/33
f 34/34/34 35/35/35 36/36/36
f 37/37/37 38/38/38 39/39/39
f 40/40/40 41/41/41 42/42/42
f 43/43/43 44/44/44 45/45/45
f 46/46/46 47/47/47 48/48/48
f 49/49/49 50/50/50 51/51/51
f 52/52/52 53/53/53 54/54/54
f 55/55/55 56/56/56 57/57/57
f 58/58/58 59/59/59 60/60/60
f 61/61/61 62/62/62 63/63/63
f 64/64/64 65/65/65 66/66/66
f 67/67/67 68/68/68 69/69/69
f 70/70/70 71/71/71 72/72/72
f 73/73/73 74/74/74 75/75/75
f 76/76/76 77/77/77 78/78/78
f 79/79/79 80/80/80 81/81/81
f 82/82/82 83/83/83 84/84/84
f 85/85/85 86/86/86 87/87/87
f 88/88/88 89/89/89 90/90/90
f 91/91/91 92/92/92 93/93/93
f 94/94/94 95/95/95 96/96/96
f 97/97/97 98/98/98 99/99/99
f 100/100/100 101/101/101 102/102/102
f 103/103/103 104/104/104 105/105/105
f 106/106/106 107/107/107 108/108/108
f 109/109/109 110/110/110 111/111/111
f 112/112/112 113/113/113 114/114/114
f 115/115/115 116/116/116 117/117/117
f 118/118/118 119/119/119 120/120/120
f 121/121/121 122/122/122 123/123/123
f 124/124/124 125/125/125 126/126/126
f 127/127/127 128/128/128 129/129/129
f 130/130/130 131/131/131 132/132/132
f 133/133/133 134/134/134 135/135/135
f 136/136/136 137/137/137 138/138/138
f 139/139/139 140/140/140 141/141/141
f 142/142/142 143/143/143 144/144/144
f 145/145/145 146/146/146 147/147/147
f 148/148/148 149/149/149 150/150/150
f 151/151/151 152/152/152 153/153/153
f 154/154/154 155/155/155 156/156/156
f 157/157/157 158/158/158 159/159/159
f 160/160/160 161/161/161 162/162/162
f 163/163/163 164/164/164 165/165/165
f 166/166/166 167/167/167 168/168/168
f 169/169/169 170/170/170 171/171/171
f 172/172/172 173/173/173 174/174/174
f 175/175/175 176/176/176 177/177/177
f 178/178/178 179/179/179 180/180/180
f 181/181/181 182/182/182 183/183/183
f 184/184/184 185/185/185 186/186/186
f 187/187/187 188/188/188 189/189/189
f 190/190/190 191/191/191 192/192/192
f 193/193/193 194/194/194 195/195/195
f 196/196/196 197/197/197 198/198/198
f 199/199/199 200/200/200 201/201/201
f 202/202/202 203/203/203 204/204/204
f 205/205/205 206/206/206 207/207/207
f 208/208/208 209/209/209 210/210/210
f 211/211/211 212/212/212 213/213/213
f 214/214/214 215/215/215 216/216/216
f 217/217/217 218/218/218 219/219/219
f 220/220/220 221/221/221 222/222/222
f 223/223/223 224/224/224 225/225/225
f 226/226/226 227/227/227 228/228/228
f 229/229/229 230/230/230 231/231/231
f 232/232/232 233/233/233 234/234/234
f 235/235/235 236/236/236 237/237/237
f 238/238/238 239/239/239 240/240/240
f 241/241/241 242/242/242 243/243/243
f 244/244/244 245/245/245 246/246/246
f 247/247/247 248/248/248 249/249/249
f 250/250/250 251/251/251 252/252/252
f 253/253/253 254/254/254 255/255/255
f 256/256/256 257/257/257 258/258/258
f 259/259/259 260/260/260 261/261/261
f 262/262/262 263/263/263 264/264/264
f 265/265/265 266/266/266 267/267/267
f 268/268/268 269/269/269 270/270/270
f 271/271/271 272/272/272 273/273/273
f 274/274/274 275/275/275 276/276/276
f 277/277/277 278/278/278 279/279/279
f 280/280/280 281/281/281 282/282/282
f 283/283/283 284/284/284 285/285/285
f 286/286/286 287/287/287 288/288/288
f 289/289/289 290/290/290 291/291/291
f 292/292/292 293/293/293 294/294/294
f 295/295/295 296/296/296 297/297/297
f 298/298/298 299/299/299 300/300/300
f 301/301/301 302/302/302 303/303/303
f 304/304/304 305/305/305 306/306/306
f 307/307/307 308/308/308 309/309/309
f 310/310/310 311/311/311 312/312/312
f 313/313/313 314/314/314 315/315/315
f 316/316/316 317/317/317 318/318/318
f 319/319/319 320/320/320 321/321/321
f 322/322/322 323/323/323 324/324/324
f 325/325/325 326/326/326 327/327/327
f 328/328/328 329/329/329 330/330/330
f 331/331/331 332/332/332 333/333/333
f 334/334/334 335/335/335 336/336/336
f 337/337/337 338/338/338 339/339/339
f 340/340/340 341/341/341 342/342/342
f 343/343/343 344/344/344 345/345/345
f 346/346/346 347/347/347 348/348/348
f 349/349/349 350/350/350 351/351/351
f 352/352/352 353/353/353 354/354/354
f 355/355/355 356/356/356 357/357/357
f 358/358/358 359/359/359 360/360/360
f 361/361/361 362/362/362 363/363/363
f 364/364/364 365/365/365 366/366/366
f 367/367/367 368/368/368 369/369/369
f 370/370/370 371/371/371 372/372/372
f 373/373/373 374/374/374 375/375/375
f 376/376/376 377/377/377 378/378/378
f 379/379/379 380/380/380 381/381/381
f 382/382/382 383/383/383 384/384/384
f 385/385/385 386/386/386 387/387/387
f 388/388/388 389/389/389 390/390/390
f 391/391/391 392/392/392 393/393/393
f 394/394/394 395/395/395 396/396/396
f 397/397/397 398/398/398 399/399/399
f 400/400/400 401/401/401 402/402/402
f 403/403/403 404/404/404 405/405/405
f 406/406/406 407/407/407 408/408/408
f 409/409/409 410/410/410 411/411/411
f 412/412/412 413/413/413 414/414/414
f 415/415/415 416/416/416 417/417/417
f 418/418/418 419/419/419 420/420/420
f 421/421/421 422/422/422 423/423/423
f 424/424/424 425/425/425 426/426/426
f 427/427/427 428/428/428 429/429/429
f 430/430/430 431/431/431 432/432/432
f 433/433/433 434/434/434 435/435/435
f 436/436/436 437/437/437 438/438/438
f 439/439/439 440/440/440 441/441/441
f 442/442/442 443/443/443 444/444/444
f 445/445/445 446/446/446 447/447/447
f 448/448/448 449/449/449 450/450/450
f 451/451/451 452/452/452 453/453/453
f 454/454/454 455/455/455 456/456/456
f 457/457/457 458/458/458 459/459/459
f 460/460/460 461/461/461 462/462/462
f 463/463/463 464/464/464 465/465/465
f 466/466/466 467/467/467 468/468/468
f 469/469/469 470/470/470 471/471/471
f 472/472/472 473/473/473 474/474/474
f 475/475/475 476/476/476 477/477/477
f 478/478/478 479/479/479 480/480/480
f 481/481/481 482/482/482 483/483/483
f 484/484/484 485/485/485 486/486/486
f 487/487/487 488/488/488 489/489/489
f 490/490/490 491/491/491 492/492/492
f 493/493/493 494/494/494 495/495/495
f 496/496/496 497/497/497 498/498/498
f 499/499/499 500/500/500 501/501/501
f 502/502/502 503/503/503 504/504/504
f 505/505/505 506/506/506 507/507/507
f 508/508/508 509/509/509 510/510/510
f 511/511/511 512/512/512 513/513/513
f 514/514/514 515/515/515 516/516/516
f 517/517/517 518/518/518 519/519/519
f 520/520/520 521/521/521 522/522/522
f 523/523/523 524/524/524 525/525/525
f 526/526/526 527/527/527 528/528/528
f 529/529/529 530/530/530 531/531/531
f 532/532/532 533/533/533 534/534/534
f 535/535/535 536/536/536 537/537/537
f 538/538/538 539/539/539 540/540/540
f 541/541/541 542/542/542 543/543/543
f 544/544/544 545/545/545 546/546/546
f 547/547/547 548/548/548 549/549/549
f 550/550/550 551/551/551 552/552/552
f 553/553/553 554/554/554 555/555/555
f 556/556/556 557/557/557 558/558/558
f 559/559/559 560/560/560 561/561/561
f 562/562/562 563/563/563 564/564/564
f 565/565/565 566/566/566 567/567/567
f 568/568/568 569/569/569 570/570/570
f 571/571/571 572/572/572 573/573/573
f 574/574/574 575/575/575 576/576/576
f 577/577/577 578/578/578 579/579/579
f 580/580/580 581/581/581 582/582/582
f 583/583/583 584/584/584 585/585/585
f 586/586/586 587/587/587 588/588/588
f 589/589/589 590/590/590 591/591/591
f 592/592/592 593/593/593 594/594/594
f 595/595/595 596/596/596 597/597/597
f 598/598/598 599/599/599 600/600/600
f 601/601/601 602/602/602 603/603/603
f 604/604/604 605/605/605 606/606/606
f 607/607/607 608/608/608 609/609/609
f 610/610/610 611/611/611 612/612/612
f 613/613/613 614/614/614 615/615/615
f 616/616/616 617/617/617 618/618/618
f 619/619/619 620/620/620 621/621/621
f 622/622/622 623/623/623 624/624/624
f 625/625/625 626/626/626 627/627/627
f 628/628/628 629/629/629 630/630/630
f 631/631/631 632/632/632 633/633/633
f 634/634/634 635/635/635 636/636/636
f 637/637/637 638/638/638 639/639/639
f 640/640/640 641/641/641 642/642/642
f 643/643/643 644/644/644 645/645/645
f 646/646/646 647/647/647 648/648/648
f 649/649/649 650/650/650 651/651/651
f 652/652/652 653/653/653 654/654/654
f 655/655/655 656/656/656 657/657/657
f 658/658/658 659/659/659 660/660/660
f 661/661/661 662/662/662 663/663/663
f 664/664/664 665/665/665 666/666/666
f 667/667/667 668/668/668 669/669/669
f 670/670/670 671/671/671 672/672/672
f 673/673/673 674/674/674 675/675/675
f 676/676/676 677/677/677 678/678/678
f 679/679/679 680/680/680 681/681/681
f 682/682/682 683/683/683 684/684/684
f 685/685/685 686/686/686 687/687/687
f 688/688/688 689/689/689 690/690/690
f 691/691/691 692/692/692 693/693/693
f 694/694/694 695/695/695 696/696/696
f 697/697/697 698/698/698 699/699/699
f 700/700/700 701/701/701 702/702/702
f 703/703/703 704/704/704 705/705/705
f 706/706/706 707/707/707 708/708/708
f 709/709/709 710/710/710 711/711/711
f 712/712/712 713/713/713 714/714/714
f 715/715/715 716/716/716 717/717/717
f 718/718/718 719/719/719 720/720/720
f 721/721/721 722/722/722 723/723/723
f 724/724/724 725/725/725 726/726/726
f 727/727/727 728/728/728 729/729/729
f 730/730/730 731/731/731 732/732/732
f 733/733/733 734/734/734 735/735/735
f 736/736/736 737/737/737 738/738/738
f 739/739/739 740/740/740 741/741/741
f 742/742/742 743/743/743 744/744/744
f 745/745/745 746/746/746 747/747/747
f 748/748/748 749/749/749 750/750/750
f 751/751/751 752/752/752 753/753/753
f 754/754/754 755/755/755 756/756/756
f 757/757/757 758/758/758 759/759/759
f 760/760/760 761/761/761 762/762/762
f 763/763/763 764/764/764 765/765/765
f 766/766/766 767/767/767 768/768/768
f 769/769/769 770/770/770 771/771/771
f 772/772/772 773/773/773 774/774/774
f 775/775/775 776/776/776 777/777/777
f 778/778/778 779/779/779 780/780/780
f 781/781/781 782/782/782 783/783/783
f 784/784/784 785/785/785 786/786/786
f 787/787/787 788/788/788 789/789/789
f 790/790/790 791/791/791 792/792/792
f 793/793/793 794/794/794 795/795/795
f 796/796/796 797/797/797 798/798/798
f 799/799/799 800/800/800 801/801/801
f 802/802/802 803/803/803 804/804/804
f 805/805/805 806/806/806 807/807/807
f 808/808/808 809/809/809 810/810/810
f 811/811/811 812/812/812 813/813/813
f 814/814/814 815/815/815 816/816/816
f 817/817/817 818/818/818 819/819/819
f 820/820/820 821/821/821 822/822/822
f 823/823/823 824/824/824 825/825/825
f 826/826/826 827/827/827 828/828/828
f 829/829/829 830/830/830 831/831/831
f 832/832/832 833/833/833 834/834/834
f 835/835/835 836/836/836 837/837/837
f 838/838/838 839/839/839 840/840/840
f 841/841/841 842/842/842 843/843/843
f 844/844/844 845/845/845 846/846/846
f 847/847/847 848/848/848 849/849/849
f 850/850/850 851/851/851 852/852/852
f 853/853/853 854/854/854 855/855/855
f 856/856/856 857/857/857 858/858/858
f 859/859/859 860/860/860 861/861/861
f 862/862/862 863/863/863 864/864/864
f 865/865/865 866/866/866 867/867/867
f 868/868/868 869/869/869 870/870/870
f 871/871/871 872/872/872 873/873/873
f 874/874/874 875/875/875 876/876/876
f 877/877/877 878/878/878 879/879/879
f 880/880/880 881/881/881 882/882/882
f 883/883/883 884/884/884 885/885/885
f 886/886/886 887/887/887 888/888/888
f 889/889/889 890/890/890 891/891/891
f 892/892/892 893/893/893 894/894/894
f 895/895/895 896/896/896 897/897/897
f 898/898/898 899/899/899 900/900/900
f 901/901/901 902/902/902 903/903/903
f 904/904/904 905/905/905 906/906/906
f 907/907/907 908/908/908 909/909/909
f 910/910/910 911/911/911 912/912/912
f 913/913/913 914/914/914 915/915/915
f 916/916/916 917/917/917 918/918/918
f 919/919/919 920/920/920 921/921/921
f 922/922/922 923/923/923 924/924/924
f 925/925/925 926/926/926 927/927/927
f 928/928/928 929/929/929 930/930/930
f 931/931/931 932/932/932 933/933/933
f 934/934/934 935/935/935 936/936/936
f 937/937/937 938/938/938 939/939/939
f 940/940/940 941/941/941 942/942/942
f 943/943/943 944/944/944 945/945/945
f 946/946/946 947/947/947 948/948/948
f 949/949/949 950/950/950 951/951/951
f 952/952/952 953/953/953 954/954/954
f 955/955/955 956/956/956 957/957/957
f 958/958/958 959/959/959 960/960/960
f 961/961/961 962/962/962 963/963/963
f 964/964/964 965/965/965 966/966/966
f 967/967/967 968/968/968 969/969/969
f 970/970/970 971/971/971 972/972/972
f 973/973/973 974/974/974 975/975/975
f 976/976/976 977/977/977 978/978/978
f 979/979/979 980/980/980 981/981/981
f 982/982/982 983/983/983 984/984/984
f 985/985/985 986/986/986 987/987/987
f 988/988/988 989/989/989 990/990/990
f 991/991/991 992/992/992 993/993/993
f 994/994/994 995/995/995 996/996/996
f 997/997/997 998/998/998 999/999/999
f 1000/1000/1000 1001/1001/1001 1002/1002/1002
f 1003/1003/1003 1004/1004/1004 1005/1005/1005
f 1006/1006/1006 1007/1007/1007 1008/1008/1008
f 1009/1009/1009 1010/1010/1010 1011/1011/1011
f 1012/1012/1012 1013/1013/1013 1014/1014/1014
f 1015/1015/1015 1016/1016/1016 1017/1017/1017
f 1018/1018/1018 1019/1019/1019 1020/1020/1020
f 1021/1021/1021 1022/1022/1022 1023/1023/1023
f 1024/1024/1024 1025/1025/1025 1026/1026/1026
f 1027/1027/1027 1028/1028/1028 1029/1029/1029
f 1030/1030/1030 1031/1031/1031 1032/1032/1032
f 1033/1033/1033 1034/1034/1034 1035/1035/1035
f 1036/1036/1036 1037/1037/1037 1038/1038/1038
f 1039/1039/1039 1040/1040/1040 1041/1041/1041
f 1042/1042/1042 1043/1043/1043 1044/1044/1044
f 1045/1045/1045 1046/1046/1046 1047/1047/1047
f 1048/1048/1048 1049/1049/1049 1050/1050/1050
f 1051/1051/1051 1052/1052/1052 1053/1053/1053
f 1054/1054/1054 1055/1055/1055 1056/1056/1056
f 1057/1057/1057 1058/1058/1058 1059/1059/1059
f 1060/1060/1060 1061/1061/1061 1062/1062/1062
f 1063/1063/1063 1064/1064/1064 1065/1065/1065
f 1066/1066/1066 1067/1067/1067 1068/1068/1068
f 1069/1069/1069 1070/1070/1070 1071/1071/1071
f 1072/1072/1072 1073/1073/1073 1074/1074/1074
f 1075/1075/1075 1076/1076/1076 1077/1077/1077
f 1078/1078/1078 1079/1079/1079 1080/1080/1080
f 1081/1081/1081 1082/1082/1082 1083/1083/1083
f 1084/1084/1084 1085/1085/1085 1086/1086/1086
f 1087/1087/1087 1088/1088/1088 1089/1089/1089
f 1090/1090/1090 1091/1091/1091 1092/1092/1092
f 1093/1093/1093 1094/1094/1094 1095/1095/1095
f 1096/1096/1096 1097/1097/1097 1098/1098/1098
f 1099/1099/1099 1100/1100/1100 1101/1101/1101
f 1102/1102/1102 1103/1103/1103 1104/1104/1104
f 1105/1105/1105 1106/1106/1106 1107/1107/1107
f 1108/1108/1108 1109/1109/1109 1110/1110/1110
f 1111/1111/1111 1112/1112/1112 1113/1113/1113
f 1114/1114/1114 1115/1115/1115 1116/1116/1116
f 1117/1117/1117 1118/1118/1118 1119/1119/1119
f 1120/1120/1120 1121/1121/1121 1122/1122/1122
f 1123/1123/1123 1124/1124/1124 1125/1125/1125
f 1126/1126/1126 1127/1127/1127 1128/1128/1128
f 1129/1129/1129 1130/1130/1130 1131/1131/1131
f 1132/1132/1132 1133/1133/1133 1134/1134/1134
f 1135/1135/1135 1136/1136/1136 1137/1137/1137
f 1138/1138/1138 1139/1139/1139 1140/1140/1140
f 1141/1141/1141 1142/1142/1142 1143/1143/1143
f 1144/1144/1144 1145/1145/1145 1146/1146/1146
f 1147/1147/1147 1148/1148/1148 1149/1149/1149
f 1150/1150/1150 1151/1151/1151 1152/1152/1152
f 1153/1153/1153 1154/1154/1154 1155/1155/1155
f 1156/1156/1156 1157/1157/1157 1158/1158/1158
f 1159/1159/1159 1160/1160/1160 1161/1161/1161
f 1162/1162/1162 1163/1163/1163 1164/1164/1164
f 1165/1165/1165 1166/1166/1166 1167/1167/1167
f 1168/1168/1168 1169/1169/1169 1170/1170/1170
f 1171/1171/1171 1172/1172/1172 1173/1173/1173
f 1174/1174/1174 1175/1175/1175 1176/1176/1176
f 1177/1177/1177 1178/1178/1178 1179/1179/1179
f 1180/1180/1180 1181/1181/1181 1182/1182/1182
f 1183/1183/1183 1184/1184/1184 1185/1185/1185
f 1186/1186/1186 1187/1187/1187 1188/1188/1188
f 1189/1189/1189 1190/1190/1190 1191/1191/1191
f 1192/1192/1192 1193/1193/1193 1194/1194/1194
f 1195/1195/1195 1196/1196/1196 1197/1197/1197
f 1198/1198/1198 1199/1199/1199 1200/1200/1200
f 1201/1201/1201 1202/1202/1202 1203/1203/1203
f 1204/1204/1204 1205/1205/1205 1206/1206/1206
f 1207/1207/1207 1208/1208/1208 1209/1209/1209
f 1210/1210/1210 1211/1211/1211 1212/1212/1212
f 1213/1213/1213 1214/1214/1214 1215/1215/1215
f 1216/1216/1216 1217/1217/1217 1218/1218/1218
f 1219/1219/1219 1220/1220/1220 1221/1221/1221
f 1222/1222/1222 1223/1223/1223 1224/1224/1224
f 1225/1225/1225 1226/1226/1226 1227/1227/1227
f 1228/1228/1228 1229/1229/1229 1230/1230/1230
f 1231/1231/1231 1232/1232/1232 1233/1233/1233
f 1234/1234/1234 1235/1235/1235 1236/1236/1236
f 1237/1237/1237 1238/1238/1238 1239/1239/1239
f 1240/1240/1240 1241/1241/1241 1242/1242/1242
f 1243/1243/1243 1244/1244/1244 1245/1245/1245
f 1246/1246/1246 1247/1247/1247 1248/1248/1248
f 1249/1249/1249 1250/1250/1250 1251/1251/1251
f 1252/1252/1252 1253/1253/1253 1254/1254/1254
f 1255/1255/1255 1256/1256/1256 1257/1257/1257
f 1258/1258/1258 1259/1259/1259 1260/1260/1260
f 1261/1261/1261 1262/1262/1262 1263/1263/1263
f 1264/1264/1264 1265/1265/1265 1266/1266/1266
f 1267/1267/1267 1268/1268/1268 1269/1269/1269
f 1270/1270/1270 1271/1271/1271 1272/1272/1272
f 1273/1273/1273 1274/1274/1274 1275/1275/1275
f 1276/1276/1276 1277/1277/1277 1278/1278/1278
f 1279/1279/1279 1280/1280/1280 1281/1281/1281
f 1282/1282/1282 1283/1283/1283 1284/1284/1284
f 1285/1285/1285 1286/1286/1286 1287/1287/1287
f 1288/1288/1288 1289/1289/1289 1290/1290/1290
f 1291/1291/1291 1292/1292/1292 1293/1293/1293
f 1294/1294/1294 1295/1295/1295 1296/1296/1296
f 1297/1297/1297 1298/1298/1298 1299/1299/1299
f 1300/1300/1300 1301/1301/1301 1302/1302/1302
f 1303/1303/1303 1304/1304/1304 1305/1305/1305
f 1306/1306/1306 1307/1307/1307 1308/1308/1308
f 1309/1309/1309 1310/1310/1310 1311/1311/1311
f 1312/1312/1312 1313/1313/1313 1314/1314/1314
f 1315/1315/1315 1316/1316/1316 1317/1317/1317
f 1318/1318/1318 1319/1319/1319 1320/1320/1320
f 1321/1321/1321 1322/1322/1322 1323/1323/1323
f 1324/1324/1324 1325/1325/1325 1326/1326/1326
f 1327/1327/1327 1328/1328/1328 1329/1329/1329
f 1330/1330/1330 1331/1331/1331 1332/1332/1332
f 1333/1333/1333 1334/1334/1334 1335/1335/1335
f 1336/1336/1336 1337/1337/1337 1338/1338/1338
f 1339/1339/1339 1340/1340/1340 1341/1341/1341
f 1342/1342/1342 1343/1343/1343 1344/1344/1344
f 1345/1345/1345 1346/1346/1346 1347/1347/1347
f 1348/1348/1348 1349/1349/1349 1350/1350/1350
f 1351/1351/1351 1352/1352/1352 1353/1353/1353
f 1354/1354/1354 1355/1355/1355 1356/1356/1356
f 1357/1357/1357 1358/1358/1358 1359/1359/1359
f 1360/1360/1360 1361/1361/1361 1362/1362/1362
f 1363/1363/1363 1364/1364/1364 1365/1365/1365
f 1366/1366/1366 1367/1367/1367 1368/1368/1368
f 1369/1369/1369 1370/1370/1370 1371/1371/1371
f 1372/1372/1372 1373/1373/1373 1374/1374/1374
f 1375/1375/1375 1376/1376/1376 1377/1377/1377
f 1378/1378/1378 1379/1379/1379 1380/1380/1380
f 1381/1381/1381 1382/1382/1382 1383/1383/1383
f 1384/1384/1384 1385/1385/1385 1386/1386/1386
f 1387/1387/1387 1388/1388/1388 1389/1389/1389
f 1390/1390/1390 1391/1391/1391 1392/1392/1392
f 1393/1393/1393 1394/1394/1394 1395/1395/1395
f 1396/1396/1396 1397/1397/1397 1398/1398/1398
f 1399/1399/1399 1400/1400/1400 1401/1401/1401
f 1402/1402/1402 1403/1403/1403 1404/1404/1404
f 1405/1405/1405 1406/1406/1406 1407/1407/1407
f 1408/1408/1408 1409/1409/1409 1410/1410/1410
f 1411/1411/1411 1412/1412/1412 1413/1413/1413
f 1414/1414/1414 1415/1415/1415 1416/1416/1416
f 1417/1417/1417 1418/1418/1418 1419/1419/1419
f 1420/1420/1420 1421/1421/1421 1422/1422/1422
f 1423/1423/1423 1424/1424/1424 1425/1425/1425
f 1426/1426/1426 1427/1427/1427 1428/1428/1428
f 1429/1429/1429 1430/1430/1430 1431/1431/1431
f 1432/1432/1432 1433/1433/1433 1434/1434/1434
f 1435/1435/1435 1436/1436/1436 1437/1437/1437
f 1438/1438/1438 1439/1439/1439 1440/1440/1440
f 1441/1441/1441 1442/1442/1442 1443/1443/1443
f 1444/1444/1444 1445/1445/1445 1446/1446/1446
f 1447/1447/1447 1448/1448/1448 1449/1449/1449
f 1450/1450/1450 1451/1451/1451 1452/1452/1452
f 1453/1453/1453 1454/1454/1454 1455/1455/1455
f 1456/1456/1456 1457/1457/1457 1458/1458/1458
f 1459/1459/1459 1460/1460/1460 1461/1461/1461
f 1462/1462/1462 1463/1463/1463 1464/1464/1464
f 1465/1465/1465 1466/1466/1466 1467/1467/1467
f 1468/1468/1468 1469/1469/1469 1470/1470/1470
f 1471/1471/1471 1472/1472/1472 1473/1473/1473
f 1474/1474/1474 1475/1475/1475 1476/1476/1476
f 1477/1477/1477 1478/1478/1478 1479/1479/1479
f 1480/1480/1480 1481/1481/1481 1482/1482/1482
f 1483/1483/1483 1484/1484/1484 1485/1485/1485
f 1486/1486/1486 1487/1487/1487 1488/1488/1488
f 1489/1489/1489 1490/1490/1490 1491/1491/1491
f 1492/1492/1492 1493/1493/1493 1494/1494/1494
f 1495/1495/1495 1496/1496/1496 1497/1497/1497
f 1498/1498/1498 1499/1499/1499 1500/1500/1500
f 1501/1501/1501 1502/1502/1502 1503/1503/1503
f 1504/1504/1504 1505/1505/1505 1506/1506/1506
f 1507/1507/1507 1508/1508/1508 1509/1509/1509
f 1510/1510/1510 1511/1511/1511 1512/1512/1512
f 1513/1513/1513 1514/1514/1514 1515/1515/1515
f 1516/1516/1516 1517/1517/1517 1518/1518/1518
f 1519/1519/1519 1520/1520/1520 1521/1521/1521
f 1522/1522/1522 1523/1523/1523 1524/1524/1524
f 1525/1525/1525 1526/1526/1526 1527/1527/1527
f 1528/1528/1528 1529/1529/1529 1530/1530/1530
f 1531/1531/1531 1532/1532/1532 1533/1533/1533
f 1534/1534/1534 1535/1535/1535 1536/1536/1536
f 1537/1537/1537 1538/1538/1538 1539/1539/1539
f 1540/1540/1540 1541/1541/1541 1542/1542/1542
f 1543/1543/1543 1544/1544/1544 1545/1545/1545
f 1546/1546/1546 1547/1547/1547 1548/1548/1548
f 1549/1549/1549 1550/1550/1550 1551/1551/1551
f 1552/1552/1552 1553/1553/1553 1554/1554/1554
f 1555/1555/1555 1556/1556/1556 1557/1557/1557
f 1558/1558/1558 1559/1559/1559 1560/1560/1560
f 1561/1561/1561 1562/1562/1562 1563/1563/1563
f 1564/1564/1564 1565/1565/1565 1566/1566/1566
f 1567/1567/1567 1568/1568/1568 1569/1569/1569
f 1570/1570/1570 1571/1571/1571 1572/1572/1572
f 1573/1573/1573 1574/1574/1574 1575/1575/1575
f 1576/1576/1576 1577/1577/1577 1578/1578/1578
f 1579/1579/1579 1580/1580/1580 1581/1581/1581
f 1582/1582/1582 1583/1583/1583 1584/1584/1584
f 1585/1585/1585 1586/1586/1586 1587/1587/1587
f 1588/1588/1588 1589/1589/1589 1590/1590/1590
f 1591/1591/1591 1592/1592/1592 1593/1593/1593
f 1594/1594/1594 1595/1595/1595 1596/1596/1596
f 1597/1597/1597 1598/1598/1598 1599/1599/1599
f 1600/1600/1600 1601/1601/1601 1602/1602/1602
f 1603/1603/1603 1604/1604/1604 1605/1605/1605
f 1606/1606/1606 1607/1607/1607 1608/1608/1608
f 1609/1609/1609 1610/1610/1610 1611/1611/1611
f 1612/1612/1612 1613/1613/1613 1614/1614/1614
f 1615/1615/1615 1616/1616/1616 1617/1617/1617
f 1618/1618/1618 1619/1619/1619 1620/1620/1620
f 1621/1621/1621 1622/1622/1622 1623/1623/1623
f 1624/1624/1624 1625/1625/1625 1626/1626/1626
f 1627/1627/1627 1628/1628/1628 1629/1629/1629
f 1630/1630/1630 1631/1631/1631 1632/1632/1632
f 1633/1633/1633 1634/1634/1634 1635/1635/1635
f 1636/1636/1636 1637/1637/1637 1638/1638/1638
f 1639/1639/1639 1640/1640/1640 1641/1641/1641
f 1642/1642/1642 1643/1643/1643 1644/1644/1644
f 1645/1645/1645 1646/1646/1646 1647/1647/1647
f 1648/1648/1648 1649/1649/1649 1650/1650/1650
f 1651/1651/1651 1652/1652/1652 1653/1653/1653
f 1654/1654/1654 1655/1655/1655 1656/1656/1656
f 1657/1657/1657 1658/1658/1658 1659/1659/1659
f 1660/1660/1660 1661/1661/1661 1662/1662/1662
f 1663/1663/1663 1664/1664/1664 1665/1665/1665
f 1666/1666/1666 1667/1667/1667 1668/1668/1668
f 1669/1669/1669 1670/1670/1670 1671/1671/1671
f 1672/1672/1672 1673/1673/1673 1674/1674/1674
f 1675/1675/1675 1676/1676/1676 1677/1677/1677
f 1678/1678/1678 1679/1679/1679 1680/1680/1680
f 1681/1681/1681 1682/1682/1682 1683/1683/1683
f 1684/1684/1684 1685/1685/1685 1686/1686/1686
f 1687/1687/1687 1688/1688/1688 1689/1689/1689
f 1690/1690/1690 1691/1691/1691 1692/1692/1692
f 1693/1693/1693 1694/1694/1694 1695/1695/1695
f 1696/1696/1696 1697/1697/1697 1698/1698/1698
f 1699/1699/1699 1700/1700/1700 1701/1701/1701
f 1702/1702/1702 1703/1703/1703 1704/1704/1704
f 1705/1705/1705 1706/1706/1706 1707/1707/1707
f 1708/1708/1708 1709/1709/1709 1710/1710/1710
f 1711/1711/1711 1712/1712/1712 1713/1713/1713
f 1714/1714/1714 1715/1715/1715 1716/1716/1716
f 1717/1717/1717 1718/1718/1718 1719/1719/1719
f 1720/1720/1720 1721/1721/1721 1722/1722/1722
f 1723/1723/1723 1724/1724/1724 1725/1725/1725
f 1726/1726/1726 1727/1727/1727 1728/1728/1728
f 1729/1729/1729 1730/1730/1730 1731/1731/1731
f 1732/1732/1732 1733/1733/1733 1734/1734/1734
f 1735/1735/1735 1736/1736/1736 1737/1737/1737
f 1738/1738/1738 1739/1739/1739 1740/1740/1740
f 1741/1741/1741 1742/1742/1742 1743/1743/1743
f 1744/1744/1744 1745/1745/1745 1746/1746/1746
f 1747/1747/1747 1748/1748/1748 1749/1749/1749
f 1750/1750/1750 1751/1751/1751 1752/1752/1752
f 1753/1753/1753 1754/1754/1754 1755/1755/1755
f 1756/1756/1756 1757/1757/1757 1758/1758/1758
f 1759/1759/1759 1760/1760/1760 1761/1761/1761
f 1762/1762/1762 1763/1763/1763 1764/1764/1764
f 1765/1765/1765 1766/1766/1766 1767/1767/1767
f 1768/1768/1768 1769/1769/1769 1770/1770/1770
f 1771/1771/1771 1772/1772/1772 1773/1773/1773
f 1774/1774/1774 1775/1775/1775 1776/1776/1776
f 1777/1777/1777 1778/1778/1778 1779/1779/1779
f 1780/1780/1780 1781/1781/1781 1782/1782/1782
f 1783/1783/1783 1784/1784/1784 1785/1785/1785
f 1786/1786/1786 1787/1787/1787 1788/1788/1788
f 1789/1789/1789 1790/1790/1790 1791/1791/1791
f 1792/1792/1792 1793/1793/1793 1794/1794/1794
f 1795/1795/1795 1796/1796/1796 1797/1797/1797
f 1798/1798/1798 1799/1799/1799 1800/1800/1800
f 1801/1801/1801 1802/1802/1802 1803/1803/1803
f 1804/1804/1804 1805/1805/1805 1806/1806/1806
f 1807/1807/1807 1808/1808/1808 1809/1809/1809
f 1810/1810/1810 1811/1811/1811 1812/1812/1812
f 1813/1813/1813 1814/1814/1814 1815/1815/1815
f 1816/1816/1816 1817/1817/1817 1818/1818/1818
f 1819/1819/1819 1820/1820/1820 1821/1821/1821
f 1822/1822/1822 1823/1823/1823 1824/1824/1824
f 1825/1825/1825 1826/1826/1826 1827/1827/1827
f 1828/1828/1828 1829/1829/1829 1830/1830/1830
f 1831/1831/1831 1832/1832/1832 1833/1833/1833
f 1834/1834/1834 1835/1835/1835 1836/1836/1836
f 1837/1837/1837 1838/1838/1838 1839/1839/1839
f 1840/1840/1840 1841/1841/1841 1842/1842/1842
f 1843/1843/1843 1844/1844/1844 1845/1845/1845
f 1846/1846/1846 1847/1847/1847 1848/1848/1848
f 1849/1849/1849 1850/1850/1850 1851/1851/1851
f 1852/1852/1852 1853/1853/1853 1854/1854/1854
f 1855/1855/1855 1856/1856/1856 1857/1857/1857
f 1858/1858/1858 1859/1859/1859 1860/1860/1860
f 1861/1861/1861 1862/1862/1862 1863/1863/1863
f 1864/1864/1864 1865/1865/1865 1866/1866/1866
f 1867/1867/1867 1868/1868/1868 1869/1869/1869
f 1870/1870/1870 1871/1871/1871 1872/1872/1872
f 1873/1873/1873 1874/1874/1874 1875/1875/1875
f 1876/1876/1876 1877/1877/1877 1878/1878/1878
f 1879/1879/1879 1880/1880/1880 1881/1881/1881
f 1882/1882/1882 1883/1883/1883 1884/1884/1884
f 1885/1885/1885 1886/1886/1886 1887/1887/1887
f 1888/1888/1888 1889/1889/1889 1890/1890/1890
